2236
933
5105
4314
-3539
2535
-5099
-9348
4613
-2372
1637
-385
-7108
1664
3963
-3505
5343
7078
-5977
1606
1192
5021
-3494
-5665
-5377
-1047
185
-6058
-2388
5057
-2307
-1887
208
1079
-5300
-6163
747
946
608
-1200
-2068
3024
-5477
341
3755
-3699
8776
-8543
0
5843
9073
-4121
3089
-345
1988
-7445
1254
-135
4906
3509
-2581
-812
-659
-290
4712
-405
1533
924
0
-736
-788
4387
213
0
-18
-455
3022
944
-8224
537
6195
4364
-2915
5374
-3140
3125
-1864
-2298
-2704
-2364
6758
1554
-2601
912
4637
3856
-5451
-5110
373
-8351
3915
-787
-5379
-2601
1290
1288
1264
-1180
-843
2438
-4027
-1173
-5737
-2041
0
4816
-6274
2391
-5885
-12
-2975
3411
3539
5202
-1234
741
-5355
1781
-5149
1919
-1663
5988
-5836
2304
5345
-1290
-460
-978
-792
-6911
2504
7695
5062
-1540
3092
3198
1992
-4740
-6065
2534
-6252
-1190
-504
-380
3671
-1532
-1364
4819
-5199
6806
-5787
7079
-3953
-5471
-6112
6257
-1180
6719
-2307
-605
-970
-628
-3117
-1190
-3386
3649
20
-1367
-2629
3970
-3124
3287
-2505
3812
1630
-2439
-8848
-877
25
4020
1705
2314
987
1765
-4741
2932
-1105
-1173
1679
4633
-5187
7372
4501
6232
375
5354
3391
-339
-3231
-8386
985
2020
-3786
-2743
-4624
2539
609
1530
-5592
-3676
-694
-8296
2878
1372
-83
-3857
-2866
4289
-3834
5150
-1418
6557
2336
113
-5160
405
-784
896
-921
-545
4423
3586
-2301
7690
1319
2755
5670
-3091
488
-6288
-5829
1568
1981
-1354
-3265
-7405
4083
7160
-8602
6950
3136
8063
2627
2304
2065
1131
1317
2218
258
-875
5762
6690
-933
-4479
506
-6289
-3617
-4308
-5361
-3121
-2829
2580
7078
6152
-2654
-4571
-2161
-3249
213
-5734
-684
3477
642
-5015
-4045
-556
-3493
1322
-246
1912
5735
1293
3076
-339
2062
1716
-2875
6498
-2533
1816
4536
-3743
-2825
-3255
-725
4927
3294
175
2023
-389
4811
7761
-3851
1819
416
0
3867
-3814
6213
-8746
-1445
4259
4108
-35
3381
-6745
908
-6121
1503
-1355
7383
-460
85
-1627
6371
-3583
2273
-5586
-960
-5785
-178
5045
5882
-2735
2111
1506
824
463
-4240
1933
4468
7402
-7544
3122
1506
2823
835
-666
2416
-2220
4141
1353
-4543
-2671
-1897
-1383
1299
5784
-5418
2155
2021
1358
-7490
-4345
8866
-2855
1300
3741
-4841
3510
1246
6452
651
-2926
-6105
-5069
-7037
-2379
1295
4855
-417
86
-4860
3190
-6022
2978
-31
1705
3917
396
2226
3370
-9123
-717
3040
6038
-383
3164
-2787
5857
4221
-190
-1157
-6213
-3089
2213
4198
326
3973
1124
-5728
-2611
4864
2152
-2193
699
-643
3021
-1982
-1620
-4375
4850
-581
-2847
3158
3423
1494
-1366
-905
-21
-2492
-3361
-4825
2529
4190
-1171
2187
-5352
8192
-156
1789
8716
5389
3233
743
-2466
1358
6266
-5328
-664
9129
6351
7377
4332
2377
6042
3557
-3306
5886
1590
-6815
-465
3777
5422
265
-6488
-1782
644
-3547
6497
-4495
235
-6917
2699
-2354
-949
4144
4030
5175
5807
564
-2696
-2067
73
5722
6346
-2127
-281
3599
1820
-6791
5653
-2763
-3456
-427
-4724
-7715
1973
602
6138
-1284
6234
3788
2219
-7019
8147
-707
7686
2749
-141
323
8235
-1810
-725
2402
-3467
-136
-6131
-1683
-125
-3069
50
-456
-550
6768
4513
-3163
5228
7378
4391
1492
-5007
-2453
-1021
-2261
3965
1865
-90
-5797
-5910
-6037
-65
-1531
3214
7011
8388
-2230
-3973
5452
6613
2215
7794
-4913
5559
1398
2548
-5009
2290
-136
3097
970
-4690
-272
2430
-3644
2154
-1046
1617
-750
-5725
-4563
-3240
-1234
4447
-8767
644
2662
89
5754
-2642
5889
-1055
1720
1369
793
-5221
-3208
3081
-3944
-1296
2522
-1437
-4629
8015
889
1419
994
2627
-4781
-7200
1676
4068
-6745
-6568
-653
1692
5073
1749
6059
-3246
-3183
697
6365
2838
-1556
-668
-565
4249
1060
-565
5437
-267
5636
4536
-712
-5263
-2099
2894
-7571
-5612
-329
-948
5451
-5718
-3423
0
-1823
611
3532
-1298
-519
4698
-949
-8569
-3190
-2822
-5472
1143
7582
-4687
-1920
-8765
-5781
422
-5717
2298
-2372
-6786
1353
3856
1620
6092
1145
-2618
5851
3864
-4490
3003
7946
473
8052
1402
6720
1600
959
-3326
-1592
-4360
-3980
-4319
-132
-219
-6569
-618
6900
1250
-5829
-1869
-1902
-561
-1453
817
-1307
-1389
-4420
3094
-3207
-9837
-2734
1208
-5096
-3102
-7602
3320
7574
-3549
-900
-150
3879
-840
1646
5665
8230
-3094
7035
7731
5227
-7962
-7544
1589
2735
3557
628
-6285
-7246
6007
-875
422
-215
-1383
-8194
-1616
2563
-2046
-2354
5224
143
-5847
-7074
-991
-138
-4611
-4180
3879
-475
-6891
601
2801
2474
-2753
-2988
2879
6402
672
-6887
-5566
2649
175
-2172
5738
-3418
-307
-1966
3750
0
-3489
-8490
-1058
-8569
2884
-4232
-1802
1674
5628
109
-2079
148
4963
-8504
-3479
1663
130
2940
3214
2613
-2551
3352
-4273
7229
-7094
4102
3498
-2652
6458
-1236
6033
6414
1121
-392
49
-336
-3208
1927
0
1120
6824
-3140
-3289
1281
4896
3772
2370
-3625
5637
-892
-990
-4509
3078
-1357
3013
1052
6035
-2263
3005
3461
169
-5196
-2435
-5092
-135
-2915
-927
-1961
1389
-9468
-7074
239
1192
2767
-404
-9239
-1803
-7511
-6739
-2064
-6443
5437
-1104
-4956
1542
-918
174
2425
2356
5630
-2057
432
1971
3857
-2037
-519
4299
-6416
1528
-6245
-779
-6947
3416
5781
-5189
3488
3469
-269
-5099
-1313
4747
-4711
2708
-1456
-2332
6497
4855
1979
-55
5384
3564
-3581
628
1219
-4459
2365
2468
5385
764
7052
-2145
-1673
-1532
3350
2114
-6179
-7088
-182
-4219
6877
322
-5502
-2917
-1033
1535
-2999
611
-3846
5628
-4444
2761
-1642
-3247
-4257
-4782
-8674
-3066
5493
3905
-764
2848
-2975
-7937
-5518
878
-5259
-4001
2907
7851
1091
2833
-42
-5692
3703
6241
-659
137
-1437
1856
1497
-3943
-4523
-6003
-314
-8241
5106
5621
-3533
5136
2177
407
-2033
2987
-2750
7548
1425
6567
-1536
-782
4840
-1828
764
-9272
-2534
-3467
-1467
3211
647
-3767
-1287
7048
6123
0
726
2418
5691
863
5057
-4126
8178
-909
-3907
-5816
-3751
374
-6924
-6371
1266
-3224
-2644
2719
67
1153
4379
8832
4695
4925
6573
-3455
-7812
1218
1373
1629
7079
1256
2131
-3023
-102
940
7052
-759
750
-374
-6462
4722
318
5422
-4624
1790
-4359
-7540
-6950
-3301
8442
-2538
6373
-4468
-3864
-594
-7540
867
-2506
3632
5011
-2435
2029
94
1600
-1959
-6273
4891
7578
5400
2976
-782
-424
-5934
510
661
4670
614
-2350
-4389
-135
-1562
2681
-3368
-5415
-3926
4479
386
374
-7380
7709
-4007
-3780
6811
-1267
2746
6038
-3414
1634
-3515
-233
-177
-2846
1291
-4452
-597
9235
4197
-408
-1713
67
2397
1778
8110
-5016
-6229
-3940
1673
-8753
905
7973
-4695
1023
0
981
-1281
-1553
-5075
-1824
-12
7531
-2931
6091
2189
802
-8378
2745
3831
1086
1727
-5794
-5466
-2538
2508
-2368
-960
-1400
938
-3773
-5475
2199
-5033
6950
-4437
-3129
238
1750
-2976
-3143
4884
6557
-4007
-7088
1599
5366
3494
-458
3438
8019
7052
2570
-6778
5886
-5683
941
-545
-1142
-3025
-4246
2418
-4137
4816
3766
-3853
537
332
6023
-3007
-366
-7406
0
-1997
-1466
-412
4686
3604
5851
-1928
8053
-1693
-6179
-2014
-3076
-2739
-6288
2574
-5432
2015
503
864
2878
2511
7458
-3502
3959
208
4396
-4723
2701
-2243
-6438
2146
-3304
-67
-3408
-868
4864
103
2258
-2172
-1068
7055
-638
1159
6418
1762
-8176
2467
1293
-2558
1624
-1314
1530
5882
-3517
-2699
-687
3094
663
-3945
-3099
3624
499
-5438
-9307
2072
-3377
-6950
-2662
1984
-3454
-1290
3032
-483
2629
-6896
-5304
1847
-385
4886
5112
6723
-3281
-8462
7709
-3231
5212
-830
591
6056
2086
-1024
224
1751
-1138
8178
-5126
-1662
3579
834
-5671
-56
-2463
7407
637
-3796
-1973
-645
-5382
4019
7778
4922
3171
2830
-4347
-1054
-1629
3092
2382
8684
665
-1092
-1828
4763
-2098
-5379
1112
-6679
1612
-3064
131
-3733
-4696
-1207
858
-3157
5466
-8780
508
-5547
-171
4067
-406
1614
-5959
7857
-173
3879
6697
3078
-2434
-1782
-4984
-5311
1478
-3454
3727
-3767
-2859
-3689
-508
-2571
1004
5563
3225
-5130
-814
-3099
1258
-6261
2221
591
3329
-3319
-5054
415
6109
-1695
-4564
5370
5882
3101
0
704
2562
0
234
-6655
-6294
-4208
-168
315
-1306
-6042
-4534
-1390
-3944
-2864
-2935
676
-7931
-4489
1349
-8458
-1827
-7681
496
1758
869
-3094
-5016
5669
7159
3776
1955
1983
4452
7851
1205
-175
-4878
-3682
2690
4195
931
-2689
-3769
-5609
-5692
4048
-4375
-6294
6138
-1388
-4402
5042
2602
-1177
-3722
4681
3946
-414
2356
6338
97
5945
-1895
6014
4434
687
335
102
2191
-5857
8661
1776
-4612
660
-888
-945
-3827
165
-782
2165
3862
8249
393
-3005
-365
-184
-7636
-704
-3008
-6864
-2350
-666
4545
975
-2279
463
2111
-3117
-1090
-7010
6506
6885
-66
-9239
-2790
-3061
-1691
8571
-1217
5220
-5803
-332
3106
-1453
6737
3750
-3322
1052
4834
2336
-3825
1100
-945
4031
1121
-957
1497
-7
4978
1103
1837
-6535
-4520
-1747
-1135
-1279
-5591
-3187
-4444
-1287
7402
-4559
-2243
2918
-2386
-4097
636
622
-1491
-597
-3539
1269
-185
-5700
8661
2275
5068
-839
521
585
-5282
3583
-2546
-6459
-2196
-5287
-5081
8675
-5445
4396
-5126
-921
-2682
668
-3993
5276
2343
4532
-705
-5505
-2670
2558
-5820
4513
-929
181
-4817
6187
-16
3237
-976
-5012
3576
-5252
-3394
-565
7259
-3564
3547
-4031
227
113
4225
877
-3582
-556
-4250
4675
-8730
-8204
7571
6418
-4614
-1562
-3140
3138
2999
1728
1005
3361
-2751
1358
557
-3473
-4925
-269
0
-1670
6750
308
5260
4608
-8204
-2707
3276
5585
3936
3220
-1196
-1810
3117
-3844
2582
2635
4834
-5310
-2191
-6122
4435
-6372
-3941
3134
1313
331
-7202
203
7669
-1233
4629
7011
4818
5537
-4136
6316
7743
-61
1020
-632
-5165
-3369
653
2107
2906
2577
-7865
-7085
3048
8147
411
2601
811
-5875
451
-5642
8334
-6252
-1225
7377
-3072
-1062
-784
-1434
720
1063
-761
-5829
-1392
-697
-7775
-1369
-2115
-318
-14
1258
3653
6979
-5055
-1678
2262
6823
-2517
3779
5578
0
1923
1191
-2562
-684
2582
-4012
-6071
-5187
-3745
3122
3526
-4645
-6357
6956
-3827
2837
1796
4362
7351
-6468
-3221
7663
-4942
-6163
-8183
572
-717
5332
-502
3766
3990
-837
-6523
2817
3223
4862
-640
-3900
-316
-2926
5685
-3117
-7094
600
2728
0
-2571
2120
-116
4858
-3215
-4633
-404
-3144
1151
2730
-1582
-5292
-2155
3764
-4421
1130
-4492
4069
2805
4049
-1144
4135
3758
5898
-2008
4123
-3290
2232
-1091
1260
-4828
-6005
-5654
-483
-372
2662
5986
-495
6950
7892
-1896
2211
-2609
-5205
2093
1504
2729
3287
-5191
4654
-8266
0
1284
7941
-2033
-6426
119
-136
-656
-3501
-1277
5964
7574
-2195
-7381
-828
-5978
4587
6993
-7896
-3027
-3999
-1481
-2611
9079
-5509
-5050
3438
-1439
3510
182
2695
-2185
-2652
4036
-277
1369
-1443
8799
-5386
-2288
5665
-1296
-1327
-2544
-5055
-5366
1716
-2602
-557
-4508
2465
4655
-5552
-6019
1086
-3005
2377
-3066
-9178
-2358
-1938
-2390
8404
-3226
2292
-2167
1820
-5690
3820
-6103
-2197
-3289
-7507
2817
-2530
-2662
6769
-6745
580
4763
-4736
318
1397
-4368
2212
-250
2325
782
-2668
1810
937
-4136
-7718
6634
7011
-2618
8634
2226
-4984
-562
3287
-486
2182
425
-4096
1686
-5196
-8133
-5056
-4226
-3495
-2232
-1717
5585
432
-3183
7006
-5465
3063
-37
2605
-1907
-253
1056
2811
-9239
-936
-4440
-161
-5196
-3423
-909
-3141
-4250
1112
-5862
2979
-1804
-1616
7040
-3100
-97
-1701
5787
-5534
8362
1305
2656
-48
-1809
-713
1273
-5442
1717
-879
-1605
-4894
-1028
-1353
-3335
922
3858
6706
-3615
-6739
678
-4157
-608
-4348
5485
1406
7587
7496
1960
-1560
-298
5339
-3137
-2362
3481
4438
4129
-2385
1787
-910
6928
2583
637
3664
-5194
5878
3226
2373
-1724
8274
-1491
-6481
6957
-1842
776
3219
-1443
-2286
1049
-1032
-6222
2649
3564
-499
-201
395
5133
3330
-3791
6138
-4504
-45
-3131
-4334
-206
-3890
492
-2161
-5624
4186
-160
-1627
-2973
-2226
-591
-714
4288
-403
-5308
-1860
2171
-151
-2109
496
2277
-9285
56
7095
-1886
5600
-1560
-7079
-762
-3350
2847
-4435
1782
1570
-3288
962
-1822
-842
-3550
3586
-4944
-3312
97
935
2018
-3514
-2194
-4164
-7118
-1131
4950
-3310
4788
-4563
1844
-5825
4290
0
-1867
-1936
253
-136
3505
5568
6001
8628
-6800
8508
-3687
343
3005
-2667
6200
2312
939
2908
6843
2821
-675
-2463
-6497
6198
3445
3382
-98
-1672
-2358
-1662
-6317
-7253
2015
-3227
-1284
359
6310
6132
1883
-5828
8661
88
-2601
509
2100
-1158
-274
-7559
-1527
-5427
-781
3951
-4813
-4374
4716
-2863
4036
1818
-4296
-983
4637
-1928
-83
4049
4565
-8765
6724
-1331
1475
3478
3071
-4868
5266
-5612
185
5658
-1490
6173
2399
-422
5614
976
-5205
-7056
384
665
-5737
694
5049
-1112
213
4840
-1496
-695
5857
302
1673
-6996
-5980
-7784
-5924
2236
490
-1489
-1353
7035
1170
-5343
8230
2312
1616
0
9295
-5382
2188
-4105
-1963
-3072
2511
-868
3437
4853
-94
4136
2068
-1438
1022
8290
-4962
5357
-306
-6545
826
1212
-8078
-675
-1283
4784
1630
-1098
-87
8587
-2251
0
5491
2886
5057
6246
-191
8461
-5762
782
5987
-7514
27
7551
4019
-1753
2730
-2627
3870
3351
4238
-4457
1164
6040
784
-4301
-5510
4264
2248
6038
7863
-529
1945
-2904
-424
-3953
-2995
-2851
-3389
1243
4211
1973
421
-4642
4464
6145
1209
-7949
1927
-2128
-5470
3232
6166
2763
-1281
-35
-3432
909
-2297
-1252
4882
-2634
0
0
-4538
-2301
4360
2118
3031
995
-2844
-7406
1302
-4460
-1064
5498
6211
4494
-5205
968
-5297
-3993
-7414
-9199
1992
1623
-3467
-9097
-2392
9242
1476
-8796
-2068
-2155
-2070
-2442
3382
2121
0
1982
-81
5068
-517
-1777
4920
-944
4314
3492
1810
-305
3695
-3032
-1959
2298
-5269
1279
165
8805
3189
151
-1683
-2145
2758
2356
-199
-8724
-1565
4194
-1029
-3794
8364
7578
-1660
5465
-4530
-1933
-426
954
-331
-3864
-1816
-5564
7992
0
-1693
7201
4103
-40
-3311
1015
-576
5628
-1827
-971
-4682
-4148
-6740
-3793
-8288
-3466
-744
-43
1684
-3925
9084
-1496
2412
-2532
-1041
506
1534
3120
-3605
7593
-1743
4107
4802
1426
2669
-31
1814
653
7970
-802
-6665
8776
-761
873
1215
-1632
5536
-4645
3429
-460
1610
-3319
591
3339
-7421
-6406
4108
2774
-2906
-43
497
1891
3226
6363
-2243
-7646
7372
6942
-4360
0
6838
-475
4461
5209
1599
-2942
3223
-3174
7402
-4911
-3317
2016
-666
182
-1434
-6205
9819
-1524
-5949
4182
-230
2686
-1068
7319
-3096
140
2889
-5887
-4126
7084
-1225
-3479
337
-2653
4835
2308
-2145
-6730
2613
1686
7377
-3445
3361
-1425
6278
3131
383
5377
-1846
4058
1151
-1364
-1981
-5981
5578
-971
-4752
5792
1449
657
878
468
-4364
3202
1849
-3601
-2369
5254
-2138
1900
1462
-1965
-1595
-714
0
-1876
-2855
-2975
1668
-2164
-3853
6561
7642
2971
-4016
-685
-6828
1507
3700
7609
-4005
3132
2549
2299
-912
6764
7045
-723
8360
-2983
4941
-3358
7491
-7183
4369
-591
-3029
-925
-1745
-5164
-2447
846
-5382
-3637
3991
-4661
1371
2529
565
-7439
-4834
-6102
3002
4019
-76
5474
4708
3449
5140
1157
-2023
887
1367
-2335
-8088
-2714
-6524
5013
-2562
276
-4653
-3214
1722
1689
-4831
-1412
-688
3449
4687
-6415
-8103
-8236
314
-9053
-3467
-4741
-1285
1707
-500
-1476
2419
769
-482
6021
7078
-2948
3903
-5100
-5309
2905
8176
2452
-745
-2087
-2901
1252
1988
8993
1955
4332
6459
1155
3348
5939
-2199
3546
3592
-5127
2838
-5439
-6347
1395
3321
-3416
-6836
3150
-3827
6892
-949
-1144
-3392
-832
-2368
8055
-144
-706
14
-6997
2816
-278
3309
7766
-2241
-2629
2075
-945
-5988
-4923
1162
383
522
-822
-3309
-5310
-1957
-883
-143
-2825
-1207
-752
5675
6198
-2934
-775
4428
6465
-1532
-887
2021
-4284
910
-2994
3935
-973
5210
-860
4339
1373
-424
3062
-3827
-2199
6143
-573
-3282
-7502
-4644
2940
-4378
371
-9578
-2744
-1276
5584
-583
-1235
3695
1441
-365
963
4511
3492
2629
4180
5150
3436
1517
8809
1485
-3356
6536
-524
-4524
925
1894
-234
2426
5340
528
2797
3225
-6953
5517
-1672
6471
2793
1289
-785
-4089
4798
-5317
-1447
3473
5250
2398
3223
7464
-5069
1330
5698
-1981
3504
-4355
0
-2072
6900
-921
-3073
-1966
-2185
-480
2225
-3965
-3446
5306
7294
-1568
-1236
2076
8026
-4873
-2397
4858
484
-1234
5478
-2201
-666
-3895
-6546
-8299
-400
-2972
1795
-3988
6179
3128
2876
-8758
-857
-6451
-680
-1339
1264
-4520
-7184
318
-5972
6166
-5218
6768
881
-820
1072
8375
869
-2232
-4053
2353
5400
914
2055
-2260
-3279
-3860
-8767
-4296
0
422
2123
-2670
10
-285
6211
1548
3890
4169
726
417
-4073
-4590
-868
-6605
-2544
1636
8863
-4516
-6655
3903
167
-1318
1412
4679
-1345
-4780
-4974
-2506
2228
-695
-1662
833
-6532
2248
2605
-9091
4561
-2898
-3663
-2912
-4413
-1296
629
-3255
1959
-3827
-1632
9275
-5609
-1722
-5470
4697
1693
-6302
-8776
1612
-8342
1895
-5854
542
-2176
1818
-4119
7700
-1876
-2312
1920
-3792
-1678
-5284
-1656
2735
-561
-1311
-1491
-541
-6800
-494
2012
-7582
373
-2194
-5726
3259
749
-5610
5786
1948
-2417
7840
-5422
1485
6757
2354
1039
1530
4111
-1491
2841
-6332
477
4356
4192
-6792
891
660
-16
3074
-5741
2275
1097
50
1984
3423
2785
9310
7772
3444
-6487
1198
-881
-5264
6176
4344
3146
-4378
-209
-4625
2480
438
-6142
-4027
1624
1017
148
2986
-1558
-2991
-6994
-3639
5650
409
5675
-4523
7778
-1198
3108
8713
585
3262
-2824
106
-143
-5795
3314
7364
1261
4554
-3263
1753
3273
-2467
-885
-6102
1460
-3616
3978
-3433
-6904
1482
1310
2385
-734
-3308
5428
2075
4273
-380
-4148
3747
-494
-7095
6911
6687
1266
5807
5891
3125
1123
-3172
4884
-3125
-3319
6915
2247
-508
-1152
795
2494
4046
-3655
1482
7784
-3460
-177
2755
1550
-652
-4380
2712
5965
5747
1569
-3646
-1499
2971
5465
1648
-4266
-1334
-732
-3547
4173
-3171
235
-2792
1149
1037
3604
-4257
386
-1799
9184
3363
-4608
6576
-390
1997
184
-1276
5557
-1277
1163
704
846
-2315
836
6055
1939
-7837
4125
7811
1791
-6871
3865
4446
339
2251
1291
-691
-1468
-2231
-4252
3220
7282
-655
-7107
2005
-707
-7770
6733
-6727
353
1393
5084
1610
-5196
893
-1623
-1898
1094
2597
1629
-7857
6506
5079
1705
891
0
958
-2727
517
-7546
-2131
6868
-1820
-571
4186
3300
4443
4906
-3537
2168
-1883
-3376
2614
753
4525
1788
27
-3126
-2995
4047
7448
-3134
1393
-1577
-3766
2559
607
1322
-8210
-1154
2741
1458
-6700
2745
163
-6492
8227
-3847
-6938
6701
1334
-2183
1705
-3454
808
-4491
-8335
5360
2002
-1101
6303
3848
-946
1494
3583
5947
2714
-2033
1741
-4295
-1316
4617
6190
-3250
2999
8750
5807
-7016
5293
-2021
-2796
381
748
-7606
7939
1864
-3096
4364
-1632
679
3214
817
6448
2916
-697
6274
-2174
1827
-5757
-3320
-868
-547
-6579
-3421
-3187
-2562
-1514
-2883
-795
-8236
3889
-665
1037
2062
2767
5882
-4355
1536
1825
-7617
251
2463
-4323
2856
1466
6784
8147
-165
6735
-198
-3945
2539
6466
9281
792
-389
1516
2302
-5555
3324
1446
-4526
3835
520
4709
-1811
5265
2734
3372
3841
-5816
1431
1293
-418
-1856
1413
1484
-2074
6092
3562
-89
-5153
-7729
-3597
-1089
3917
2246
1239
-6876
-7546
1516
34
-4611
755
-1984
-1467
-1234
-126
-3229
1984
3829
3894
1762
-3090
-4470
1425
3638
-7716
4547
-6938
-7204
-6182
2385
6097
1975
-4881
-5610
3904
-1505
-1296
-2491
4960
7774
512
4265
-3124
2117
6634
4170
-2100
-6770
-2496
5454
0
4036
-6874
-2621
5709
-1242
6755
5584
6939
-3368
-5222
-374
2234
1296
-92
1331
-893
5683
-9285
937
6124
1621
-2585
-6953
-1605
2958
-5053
-1825
-7716
-2371
-4351
-6385
2068
2250
8227
2515
297
1132
4266
3617
6449
2655
4942
2888
8736
-3649
2926
4158
2856
13
4398
173
-5196
4271
1645
-2987
223
-1910
747
113
7710
4786
768
415
-1797
4564
4036
3190
6020
-1603
1682
5013
3489
3181
-2659
103
4464
-1807
5289
-1368
8019
-2903
4712
-937
974
-4527
-5882
-1841
-3213
-2425
-2396
2111
-1194
-3999
-372
4202
-2879
5301
-3787
4371
-8
4194
2168
-8802
-1630
2021
-1701
-2913
9689
2985
6153
6540
720
7421
-1531
72
-3237
5398
1301
6390
-2418
-7187
-5084
313
-3150
-3969
-2125
6115
-5959
-32
873
-3641
-4699
5804
3864
-6826
-9129
-2545
7290
4186
-6101
0
2201
-5644
-6199
2592
-3079
345
1932
-2652
3103
2248
-1190
6001
-5748
8538
8019
2417
6092
-7579
6399
5867
-4436
-5756
1001
2391
-5749
-4293
4203
-1313
7062
3509
-3372
1696
-3887
-5644
3473
-4791
2430
-5727
-332
5122
-2490
1029
-324
-4551
-6570
1540
-2145
3222
741
788
-5958
3512
-422
1403
-8443
4449
-7369
-3310
-2980
-2537
2112
4075
1741
-1955
-3743
-227
4949
37
8409
6438
7621
3953
-3768
-7949
6957
4597
6719
-1187
1007
3110
-4274
3185
-5516
-1524
-6199
3223
-3076
957
1743
1413
5512
-2029
-2412
-525
-5134
489
-8829
644
3227
5980
-1070
-565
3758
1521
-3177
-869
3927
3265
4867
876
-2033
-5596
-3897
4568
-1785
5709
-3499
-5208
1092
-2263
-4765
-3007
-1169
-609
-1087
4359
-661
4451
-6804
2508
-411
1360
-4761
3436
-4587
-832
-3827
269
6620
1599
1277
3830
-5738
-3403
3286
1579
-4280
-1581
-6957
7299
1031
2066
-1693
-2787
9370
2604
2165
-3437
-724
-985
-981
2262
3162
-5793
-5359
3387
-752
2807
-5604
-2984
-5884
675
2036
1751
1238
284
-3896
2380
790
2253
165
540
7719
5148
1769
-6344
-3346
9819
-5388
-636
5279
4105
-4520
-1815
-2325
-1932
3220
5349
-4671
7952
0
3040
7079
5477
6211
2785
2745
284
900
-2164
-1463
-5232
-1506
6308
3870
1158
-1988
7578
564
3446
410
-6319
-263
2244
-4521
-4671
-1977
-5171
-1719
1403
4862
-4852
-1304
-6580
-5098
2543
-573
-2460
-1432
-206
523
6017
-2132
-5153
-647
-2741
5269
965
-995
-224
540
-9848
3031
-1393
-3339
1938
-1217
1579
3595
-4367
4960
2885
165
4992
2628
-464
0
4454
-1399
-76
-5046
1579
2523
6194
813
2455
6214
6597
-380
-556
6875
2732
-1811
7084
-1749
6396
-2122
4227
-4104
1455
-626
-4082
-1965
1600
-529
967
545
-103
1355
1200
722
-3530
586
-2451
2505
2774
-617
1562
-253
-6830
886
-1403
234
-465
-2579
-653
-5803
-8372
1765
3640
-5145
82
-3116
-1296
-2458
2964
-704
6608
4408
-1820
-141
-122
-1945
-7900
-2498
36
-5660
-262
2614
-1085
1483
-3227
-4655
2956
4173
-8121
3820
-1777
1806
-4416
-1008
-1508
7255
3067
-153
-5297
-493
-4278
-2835
882
-5496
-1041
1649
3382
5588
-1418
513
-4547
-2154
7092
2175
-1940
-5222
-6299
3544
-5219
-3893
6291
-782
2538
-2161
4512
-1824
313
4408
-7393
259
2613
4541
279
4178
-2601
570
3116
-2534
512
-4
-4180
-8183
889
-4457
944
8270
-6594
4041
-976
-7269
1769
4369
1769
1637
4833
6234
250
3489
3549
1762
3546
621
-7120
8828
4035
-812
6026
1959
-570
-511
-828
3947
-4508
7941
-7459
6304
-1619
-1699
-6355
1643
-3585
-1094
2465
5466
3203
3946
-752
-1670
-2161
-498
5304
-4538
2513
6668
-4174
-4020
-5740
3189
3044
-1846
-7572
-6342
-419
-1412
-8631
6545
-2587
-5863
-9764
-1235
5006
-498
427
-4914
-5436
-3384
-3426
688
6497
-2116
-6441
-4472
4221
5310
422
4584
-4792
0
3869
1051
5229
901
3232
-1008
1599
4019
3445
-6676
4221
2232
-528
8339
3075
-1433
4832
6140
-3796
3754
4021
5038
-438
7327
-3077
-3278
-1634
6880
5730
2353
-6322
1758
-4018
9248
5074
-7722
-1249
-4457
1767
1832
-2051
1529
1065
-404
4554
2544
2307
-2296
-216
-1618
10
-1967
-5240
3350
1743
-2855
5802
3452
9815
-3454
6411
-6954
-2371
-1981
2163
5017
-345
7774
-27
-904
7446
-6021
1873
5342
1829
-5560
4226
899
-654
2597
-5023
1048
1617
3973
2932
576
-1063
-5362
-3204
3813
-910
-8850
2745
2907
-3194
-1632
-2730
7394
-1058
1487
-5505
2449
3840
-5959
-3792
-3121
927
2647
676
2661
-2730
-538
-2885
-6573
-5410
-3433
2737
-6509
-1351
-5615
-1536
-965
1811
-4364
884
-1296
2229
1500
-3857
-1432
3080
393
3689
3327
1546
4853
-8520
1242
-2465
3069
4138
232
-3927
-8738
876
-3644
4238
1100
-2888
4832
-4076
-6167
-617
3801
-513
-5307
-423
-4067
3055
-1544
-1962
1789
0
539
5493
3004
-1952
-3507
-2648
1962
2592
-712
0
-1678
-2884
2366
292
3685
-1316
-6939
854
-7395
-2037
2513
2215
404
2165
-1489
59
-3369
-2135
-2695
-3611
4387
4049
5428
45
-66
2307
2686
3102
5614
-6054
5728
3836
-658
2298
-321
-1657
2200
0
4146
-4164
-3367
6343
-1171
-4948
6115
685
3717
0
-1069
-3072
-393
2073
-276
6186
-3179
2016
8533
1560
6365
-676
-2607
-4472
-2758
-1162
-6396
-252
-8904
7308
-5962
8239
284
-119
-5623
-3139
-3482
-6224
-2354
-178
1824
-3639
1214
4310
7903
6754
3059
-30
4018
7011
687
3441
1925
4107
1908
467
-2058
841
-5782
2075
1093
2635
6013
-6034
-2164
26
5706
438
7966
5666
3200
951
-1604
1849
7190
1755
1839
-664
4111
-2368
-3634
0
-2277
-3866
-4536
-5095
-6652
1188
3091
-5958
4513
3954
2717
4094
-5359
-3228
-1836
-7960
-4289
-1557
-4001
8127
-3369
-2699
-5584
-6398
2613
-1595
-2325
-2593
2143
778
-1516
1019
4356
5487
-1693
-4851
7800
-9523
-4247
-631
1352
7646
241
-499
3779
-5186
6011
2308
1992
395
2488
-1782
3111
6927
1395
-1418
-2184
50
-6527
2446
-1410
-4787
2932
3113
2267
2792
6757
-8935
-1054
1456
-3128
-961
665
-4528
-5094
-463
7091
4963
-5252
1883
2901
1645
1200
-4070
8199
-960
-2926
-3488
-868
5369
-1775
7784
-2742
583
3924
-5334
1889
1456
986
999
1112
-6817
-740
-1825
-6729
2729
-2114
-2641
-5619
-2709
2196
5303
-2835
4884
1425
8752
578
-2169
2795
0
-3311
-7493
1205
6340
6255
2550
4285
1014
-1746
3958
-4822
93
-5141
184
1431
1701
-1201
3460
5134
182
-37
3776
3616
-1668
6124
-3351
5398
-2655
-4776
-8298
2939
-2338
2161
-5468
103
1120
-1247
1006
990
490
-2953
-163
4140
-982
-3377
-1735
2841
-136
-6442
-566
-2435
2363
1117
-3857
4353
-4194
3904
908
3512
3077
-1592
-1403
1209
-2727
-3335
-262
-4367
-2445
-498
181
7565
-499
1973
-246
-1617
4424
4314
-1058
2307
-1720
4531
-2463
1032
8871
9235
-3754
637
25
967
-515
3489
-5716
-2989
3477
824
565
-3170
-4065
7291
4515
-68
6329
4802
301
-2416
-2795
-569
4173
-4309
-3510
1062
4359
-1041
7549
8700
3754
4186
5517
2885
5154
4656
2293
88
-143
1301
1167
-435
-3931
3868
-4876
-5130
-2491
-6018
1856
-3727
-1199
2171
1791
-4624
-6664
2034
-6552
-2763
5166
6004
-2683
-3871
-3922
-6320
-605
-2147
-1821
-3061
-5311
8447
786
-328
5287
-3460
6923
181
-985
108
2718
3202
-3389
-4179
5085
6931
-4157
-3699
2452
7827
-5835
250
-2109
3284
5227
-1741
1678
5200
-1445
-1212
-3725
1071
5262
-917
-2155
223
-2485
4967
2612
1849
-9725
-863
90
1301
35
7356
-1280
6384
-1640
-4219
-4525
-7085
-671
1614
-8569
2833
-1579
3234
3679
-4164
3877
-6631
2429
-1008
-988
2764
-1198
346
7391
-2226
-2577
2377
-1557
2020
-3896
5449
1020
710
-6625
2534
-191
-2634
-1564
1006
-2532
7592
1600
-4151
3577
-1996
-2974
-3633
368
-3082
-2154
617
4161
-1298
-2159
1187
-1944
6843
1860
-6972
6972
2245
-2211
-298
6092
-7831
1180
-1959
11
-7414
5379
7900
-3448
6833
-4422
-115
-3107
-1683
3257
-2562
1214
5928
3164
-2444
-1500
-643
1881
4687
-5753
-6971
-1066
2805
4098
3728
-6159
248
-5626
-1420
837
4356
-417
-1389
7482
-3089
-305
778
-3368
-2665
3523
-318
-90
-1733
4909
-1902
7216
3801
-3778
4010
4011
-3763
4132
-2244
-917
3508
770
-6325
804
-6712
1018
4751
3625
1714
-4010
247
-861
130
3859
-1574
-2846
270
-228
-1670
3495
647
-2846
-5269
3836
-2852
-9178
-514
-6174
1973
-615
-1916
-4291
3466
271
7530
1590
-138
-4699
5423
1987
3865
-219
-2325
-2359
-355
-932
-5379
-2588
940
2508
113
-6225
3367
348
-325
-2543
1808
2654
3511
5227
-3042
4168
2165
1665
667
5732
-3851
-3606
1686
-6748
1940
-2444
3386
-5353
1592
-888
1040
-2768
-2799
-1186
5112
-1699
1684
-1694
1624
1609
-2692
-883
-3190
6577
-2240
1039
3864
4265
-5013
-279
-2849
1537
-1132
1415
875
-4585
-7741
3219
-105
337
3156
-418
1473
3766
-3785
1138
2572
4098
-4381
-4085
5585
4021
-68
-2651
-865
-2161
-5042
-5103
1818
-6702
4198
3147
-3005
2229
-3900
-4347
2706
3257
-5705
621
-3102
-6229
985
-6370
5117
4931
-178
-6030
-2390
505
1449
2547
-98
-5829
-6302
4510
-4152
788
-6762
-7770
-7835
2354
7308
5096
-2518
-672
3107
-2354
-5556
-3386
5349
-1565
-27
1879
-2870
-2960
2439
-424
-3032
-1466
3522
-2635
-1583
-206
693
1535
-2658
-1029
119
1952
7086
74
1811
-4433
2127
-8887
-1112
5313
308
-6370
343
2952
-111
3268
737
-7222
865
2168
-9249
-2493
-3048
-2682
-1928
-7303
-5693
1676
3051
3875
-2322
4041
3779
5157
4378
-3184
-1229
-638
-2962
-379
3311
965
2074
-3124
543
-4096
-2140
704
502
-5109
-357
2313
1492
1524
-392
-999
691
-136
1791
1335
-4046
-1577
59
1911
267
69
-2153
3917
-3047
-2052
6777
-988
-6142
-1304
490
-3097
-1297
5939
6042
858
-6674
802
-5382
-2948
556
4843
-9228
6438
2223
-2791
4387
7364
-4347
0
939
-1693
-2697
-6216
-294
-4326
-714
2808
5368
-1508
-6553
995
-5359
-761
2534
-1680
-1199
-2216
-5394
-1881
3341
3496
-7086
-6142
1223
0
5161
4650
5829
-1717
-1011
1880
3825
4850
-1811
1070
3507
-1613
-6508
-2460
-3661
375
-6679
-966
4866
-317
-2424
2102
4223
-2273
-784
-7061
-954
-2789
-3534
2054
3204
-5348
284
-8079
808
-7162
-5219
-5566
-8666
-925
6836
-5260
6092
6419
-8333
-551
3109
4481
2245
4537
-6
484
-3875
-5406
1261
-2113
2123
130
1300
6610
-5761
2507
5741
-1890
632
817
-1063
6239
6249
-2413
3579
-1113
-5021
1970
-5971
-3470
4
883
4266
5199
-3943
5268
5377
5722
-6285
-4411
839
-1977
-761
693
3875
3497
-4113
-57
-2008
6042
-2542
-632
-4579
4141
9470
-1309
5197
892
544
-3646
4246
-2289
-426
-2375
-2510
3729
5100
-6092
-2111
-4754
-3343
-6482
922
-5120
-2184
-4178
-3120
-3679
0
6239
3300
-2268
6979
786
-7655
4650
1781
-2629
1066
1559
2801
-2368
-4886
-1671
2938
-1935
-2551
-4604
-2119
0
3218
577
3349
1582
4105
2157
3139
2299
755
-1305
-2744
-1848
7500
5960
2639
3353
999
3612
7868
428
-3645
-2744
-2237
7571
-1578
4069
-3033
-630
3801
-6304
0
-1327
-1546
1303
-3474
5889
-374
-2011
-951
-1932
-1276
6475
-5187
-3253
-6167
-6438
-1491
-7026
-2571
-1684
758
1278
-1999
606
3223
-1077
-696
-2475
6036
0
-7591
-6103
-1567
4799
8832
-8506
578
4927
8972
-1313
6918
-7502
-1933
1698
2281
-7333
-5065
-3900
-679
-4356
6729
-4675
8212
3486
-4764
2615
864
-2079
-90
0
4581
3187
-7560
8448
6559
-1290
-595
6758
1988
722
797
-2710
911
179
-6349
1462
-4681
3811
5199
894
1272
-4786
-5119
762
976
2732
836
4584
-1977
2084
634
7383
-7749
6989
469
-1638
5170
-2403
5188
-929
-470
-1964
-8227
2250
4034
3662
0
-365
-3860
-2724
820
-1148
-2220
2332
6042
1673
-860
6454
-6006
0
-2541
8341
-4573
-6036
-3063
1384
6419
2397
-3727
-2081
-2253
2176
-4123
-3157
-6302
782
2144
-254
-1536
-364
-686
8364
-943
6016
-1953
95
-5100
2418
-1522
2565
-2596
1020
5021
9403
-3228
72
1863
3543
-7793
2251
-6429
-7179
-2312
555
-2325
705
1417
-268
-942
4882
764
1390
-4579
7078
3754
2421
-64
2801
-960
2995
-2181
-6943
8735
4679
7472
-1942
4287
2639
4013
-884
2273
2568
6804
-2610
-3309
8178
-1775
1402
5643
361
-3903
6252
-1509
-5572
410
682
7127
-1356
1081
-332
4330
2439
-7196
-2034
7425
2910
-1615
3498
-5435
-3627
1828
6447
3663
1889
-3394
9429
1865
-710
1715
-2288
2952
1338
3398
-199
3445
-2192
381
-1841
-3873
-649
484
-7605
-4454
-590
2391
-2181
-495
4786
1978
-1652
-3913
6146
-2458
-7397
1830
5886
-3617
2271
165
-106
1965
-7900
4716
145
-6365
-820
-4226
-917
-681
-18
-4029
7189
-2273
-2230
-1225
-9758
-2001
-7378
-883
-3673
-618
2682
-7445
-3219
3300
940
4318
0
-7683
505
417
-2541
7565
-1715
53
-1244
2852
-7131
-1378
-721
1297
4221
4099
-2187
-2483
-6939
-5339
-2159
-4164
-1870
782
3824
-1014
-6044
611
-6947
-2761
8258
2582
-5058
6591
-8674
-2871
1684
-4582
1844
-4138
-1880
4761
3755
-6314
-8363
-6754
-3898
-3647
-4128
-1169
-1725
-8555
4299
1231
44
173
-5041
-2199
3739
-3053
-3470
885
-1683
-2183
-4329
-3747
3489
1881
232
-197
-1184
3215
2416
-4723
179
4535
-7638
-6786
-5135
-1105
-2342
630
611
-1212
34
7038
-7403
4010
-6190
-842
936
2155
-6654
-790
1691
1533
-3302
-550
1193
-5942
894
5377
-1098
-2171
-366
-362
-1418
-2210
-5842
-117
-1515
-5377
-666
-199
2866
-2571
-1761
743
-4770
3468
-1319
2605
-1151
-171
-7073
523
-2644
-5243
-273
1493
-318
3509
-871
-867
-296
-1582
2452
-1235
-2505
-807
2504
-8897
263
1026
5009
-1118
-6436
-598
515
4136
-4019
4712
0
-2273
495
-6832
-3683
-3628
-2845
-707
-5477
4784
3199
-2888
1983
2869
-5692
-1761
-1860
-3796
-1267
-3974
-760
3513
-4052
-6547
-2394
-4073
4916
4782
-412
-6245
-978
-1717
-2312
74
-3543
782
-221
5428
7299
-1177
-2107
3189
2621
-2517
3438
-762
-3085
-5756
-468
-2580
4363
6341
-240
347
2312
-3096
-6102
8201
3497
4019
-1072
1328
9619
-4520
1752
421
4696
-3799
-1032
3528
6469
-7588
2374
-5560
-1117
-7966
3329
4259
4107
-1565
804
2279
-4478
4930
-2548
5259
7023
1940
5643
230
-6124
3296
6557
0
1643
8751
5591
2577
-4160
-6381
4067
-3076
3392
2469
3866
-5979
62
-262
2409
-1316
0
5835
-2121
-5350
867
-2985
-3216
-9283
-4436
-4555
-5952
-2905
-4468
689
-5654
-8949
-1490
2179
142
-1624
-422
249
744
-3029
135
-954
3026
9134
-2291
5527
-2024
-658
3594
-4374
6256
-3854
211
-6677
-1665
-3818
5258
-4542
3101
-6988
841
4123
2828
2317
590
5974
4378
-8520
7136
-2618
-1390
665
6798
-2830
2649
959
4949
-3224
-5144
-1113
4002
-1534
-6315
-4759
8910
-5853
8475
-2304
4882
3820
-4591
-1922
235
7117
-8288
2410
-3110
486
1581
72
-1727
-3310
3481
-8053
-227
-3899
-4869
-4935
3759
8117
-72
-1701
-5087
3954
-3274
-528
114
7666
-7127
2906
611
-230
-2833
-8713
7317
-2325
-191
-971
-1007
3763
4182
-7260
-2588
1014
-1620
229
-43
471
-26
-401
-3671
4818
-757
-113
-5702
-4925
913
3072
-4079
6885
990
5682
9214
-4849
4278
-6662
7125
-5958
-5989
4136
1669
-4850
1160
5538
-2727
-595
-6441
-7187
-4085
-1532
3653
1827
-4923
-1503
-1234
2308
5061
3255
6567
-7894
4930
-6125
2121
-3102
-5227
5122
-5034
-1063
-3862
3394
2829
5040
-5537
7299
1065
-5167
7557
-6030
184
2315
4990
-2695
-938
-211
2638
3500
1189
6607
425
3578
1682
7215
3739
9844
-814
-1431
-1142
612
4198
4782
2190
2804
1254
885
2928
1505
5514
1237
892
4770
-499
-2159
1610
1305
-3579
-7795
-2551
-1748
-3741
-4915
0
3470
-219
3177
-1250
5266
6447
8736
4042
-1112
0
6447
-4807
-5366
6989
-1874
-9582
-3335
3080
-793
4819
-5051
-4076
3803
5636
3393
5347
5547
2473
-171
-3017
4098
511
-6010
-3522
-2593
-3886
5335
4836
808
1707
873
2777
4812
833
-5581
-1264
1828
-1058
5600
59
-421
5247
-1606
-5829
-2171
-8048
5366
-7360
-3846
-1356
-5611
-5775
-6112
7696
-887
3587
5332
-5530
-5959
-6730
-777
-4803
936
4625
3867
2298
-5756
-7778
8198
1471
-417
-3320
4011
6373
-3076
-4808
974
4226
-1920
554
6505
-9068
7558
-1883
-6553
-4664
2497
-6433
7718
864
3598
958
2604
6447
-1266
119
8302
-4173
-1778
-1208
-825
-4122
3015
5379
7377
6644
-1293
4047
-3377
-2623
1927
4468
2748
1839
1818
-793
3361
-4319
-2168
-4881
-4969
-4909
1981
-2873
-3573
5578
2835
-1621
5980
-8776
-3880
6719
6056
-1653
-1790
3953
-2642
-3690
355
3928
4668
-1719
2593
8571
-4041
2894
-7079
-4518
1443
1922
1645
-3090
-3319
-4821
1339
2992
2893
2042
-3368
3545
5982
-2176
-74
2863
1071
-4666
-6562
-2240
-5740
1475
2835
-6537
-5936
-3069
3219
3977
8109
-4694
1057
-4256
-1062
-6455
2256
6011
-3047
6658
-2987
71
-2490
575
-561
2258
5155
-845
-5487
-3611
7718
5649
-2805
937
-2232
6396
4452
-484
-230
-302
-2286
875
4429
-6159
-2291
364
7293
343
6200
2575
520
3341
9245
3488
-3261
-5642
-6201
4985
-3672
2581
6514
-5872
-3399
0
-2063
-1327
-790
7061
424
8174
-431
1339
1837
3919
-748
-2458
1047
5677
5658
-7602
4888
-8871
634
6036
-2675
6798
2480
5289
665
5258
1301
-71
-4444
-2457
-2029
2678
4200
1679
942
-1256
-440
-3969
-3170
1072
-747
-5150
-1412
-2001
-2593
251
-1524
7835
5351
2932
-4430
4971
431
-591
8419
-997
-1511
3475
-1154
-6130
-2716
1290
-4512
885
-1016
-6120
12
-411
1956
-1038
-468
-515
-1622
-206
6452
1071
2295
5928
-5038
-2754
-6637
7377
8176
8046
-508
3476
3237
1137
-251
-411
1707
-4670
-4834
497
-1560
1331
-750
-5681
5262
-2413
1589
-3163
-664
3696
2621
-1623
1645
-8138
-907
361
6092
4684
-2338
-6800
-3386
-986
4389
-1246
-528
-7212
-3275
-7132
1995
2105
2125
4878
6459
-742
-3860
-5102
5781
4651
699
911
3453
7793
1384
-6004
-5224
4125
5062
-1153
3642
5293
-4119
-5334
661
-3846
2575
1988
3176
-2995
-3005
4832
1606
4417
-3237
1676
-3599
6461
5822
6170
203
-2329
1380
-513
14
29
-4925
-1537
-1435
4446
2051
3916
7002
-6453
1330
2380
741
5487
4266
-6049
-7618
801
1011
4527
-3108
671
1302
-3711
4532
-2763
3907
8487
-1322
-391
-2357
-5571
2317
2986
-2093
-529
-5532
7573
-2855
505
-500
-40
2831
7619
5524
-3304
2954
-5648
-1501
-7029
3108
7191
2354
3356
-5462
6955
1493
-1799
2381
4184
-1640
-989
-4284
1218
-64
5930
-408
-2533
6349
6959
-4832
8907
-1268
-209
8993
3102
-5343
-389
-469
-2614
1102
3254
-2041
-7044
-1159
-1629
-476
8442
1555
232
-201
374
2816
-3889
-2678
1536
2161
397
319
-502
1058
-929
-2425
-6590
-1640
-5794
4370
-1583
-1504
-284
1506
-6802
-178
7086
-4674
1360
3152
-3634
4257
4264
-800
-415
-4132
-3007
-3495
4763
393
2859
-5348
-96
-5471
5109
1958
4115
-3615
952
-748
-2611
-3856
-1390
-298
-4449
922
-116
-2970
-178
4577
8170
2340
3203
-2487
-457
873
1698
-4841
3158
-3171
-3174
-2637
-3702
-4942
1196
-1434
8442
6134
8249
6434
1471
3950
1318
-230
0
-161
-6850
148
-546
-5560
-8260
-1543
3821
-4624
-2888
5421
2577
1446
-6070
61
1553
1652
1515
1676
-1695
-6679
358
-2395
4942
-219
2091
-4832
-6414
-4155
-4404
3813
568
5293
-2100
2126
-3026
1081
-2697
7617
5658
-823
-4306
-9582
3605
-1994
2145
1067
-3199
-1176
3720
-1675
5988
-4250
-4392
-54
1422
804
-1296
-7183
-2651
4897
-6145
-4399
-3823
-7113
-517
6340
1970
8211
2051
2967
2623
1589
1536
-3398
-3120
409
-363
1454
4227
7238
1497
503
-4062
2529
-1193
-7970
-2851
-5263
759
-7655
-3733
951
-545
2885
-2570
-4065
476
-3925
-177
-1141
6052
1217
1920
6651
-983
-9322
-692
-1910
163
-2816
1740
-98
1545
91
2032
5469
8752
3704
303
1358
1969
-3202
-3074
-1850
-3530
-5615
-7722
-1582
-5959
-12
-2626
-1836
-1699
-763
2568
-638
-3007
8877
1493
3469
-7247
-4993
-77
2493
-5436
-7154
2677
-3497
-1925
2166
1691
-6361
3505
8734
1208
12
6386
13
-3585
2615
1281
1221
-5009
-4076
-1351
808
3755
3003
-2406
-4740
1214
3381
5591
-1104
-1103
-2681
3323
-504
5227
5857
2664
-3482
2196
-978
-865
3714
0
404
3650
2071
-534
-7962
-2862
-1797
-2641
1803
4146
-4347
-2538
2777
-8814
-4648
-570
-5382
8058
-2031
-5001
-4581
-463
5810
5851
4149
-3105
3886
-4741
-5756
-6601
-3549
-4824
3650
-3626
2039
1557
-2093
-233
1232
-8324
4222
-250
-5302
6757
-2388
3580
-2868
-32
1606
-2655
995
-1133
4476
-3562
-4736
7296
499
1919
9248
-33
5776
3549
-2753
-1287
3328
-1583
-6199
697
1619
584
-5673
4480
-3915
1470
-5964
-1707
2047
446
-317
3372
4648
-2742
4408
4502
187
-978
6505
6338
2591
3915
0
-3761
-4781
908
-5369
1303
-1429
-278
-6616
3081
-411
2612
-3282
1787
-1524
-467
1753
-5466
267
0
-138
894
342
-4349
-3120
-4231
609
-6600
7811
-1809
-2736
-508
-3871
-5761
4316
-2266
-2526
2069
-7511
6420
-1063
-4866
-2811
4764
279
-7855
-2801
-5058
-2587
5516
-5511
0
327
-1237
-1421
6497
-1391
-4550
-7120
-6492
-386
-3053
-3649
-1653
7377
-4255
4257
-2233
-2655
5100
0
-4726
8438
1345
-2714
4073
-1543
-685
9578
-2924
2271
-4155
-4649
3202
-7162
9299
503
-727
5093
1835
942
5350
1840
-7544
-1553
2248
894
1891
4034
-4894
144
8959
-4835
1006
3376
3850
2856
-4608
-6807
2216
5522
442
-2562
3253
-5724
2661
-6274
-3671
731
3088
-4186
7229
-3523
1260
-1008
1980
-412
-1608
-4153
6503
2931
-2522
-2469
1679
1551
-5882
-4788
3361
-3630
-1117
2974
4985
1415
-3940
-932
3732
-2030
4408
-1543
3852
-4176
4298
7593
-6601
-4429
11
1883
-4950
5988
476
4769
565
4033
2605
3255
2884
-1675
4876
3865
-7290
234
6871
-1778
4418
-6054
7281
-1994
5235
-3608
4697
1001
-595
930
-670
5584
-1837
2163
-5272
6291
3899
6001
2501
-1759
5710
-1555
-1399
5143
9763
173
-8341
-6869
-726
-504
3850
4146
3636
580
488
-577
-6727
-2409
4074
-1582
-3394
1393
1608
-2658
911
-1905
5929
1543
1513
-6385
-3849
-958
-965
-6103
6923
1598
2253
4038
4011
-1431
5099
2749
-40
3810
-6804
-1230
-5352
-1142
182
6489
-2210
-1984
-1858
-3923
5867
-2135
-659
276
2523
5313
3888
-1489
-534
-1074
-1024
-1284
-80
-1821
1393
6706
2966
-4472
3331
-5300
7368
145
-1511
2695
1024
670
926
3322
3685
-1531
5444
692
5487
4733
-608
7203
-9043
-469
-1719
2322
-134
2247
979
5887
7265
-2822
7976
3212
-4192
-7220
4919
8395
-6442
962
-598
1927
144
-5252
-3727
4740
-4048
6489
2730
-2373
7846
-678
4768
-7818
7182
4816
8766
-3489
2761
-1298
967
-2504
5474
1832
6644
-455
-6720
-6436
8203
-246
-4501
1493
-223
548
-2664
-1536
4228
5130
6757
-1003
-3051
48
-6161
6996
-5537
-630
7660
-1237
-4128
-4807
1335
6250
-177
-5940
3749
6063
-3923
1879
-752
1611
-3530
-3003
5936
-1806
-867
4293
-9578
33
-6216
3298
419
1895
-699
879
6585
6651
2054
-3776
-6957
1201
4733
-2526
-4760
1069
940
-3614
-4400
-3733
2055
3539
5974
-8140
-6506
5125
3014
2708
-4909
3257
676
4169
-4625
1454
527
-1740
-2644
1579
1409
-2126
-6608
-3493
-610
-8246
-2834
6683
-4652
-4256
5079
-2574
-2064
-4183
2360
608
-36
908
6503
1319
-3077
1059
4566
4269
2112
-2348
-759
3604
9195
-1593
-3392
-2724
-1837
-4681
-1127
4679
-178
-2379
-4181
776
1583
2483
718
-5581
1590
2654
-3411
-7120
2439
-1445
-6179
-1039
1956
-391
-1250
-3663
6375
-3325
435
-3679
-6022
4385
-2862
1844
204
5704
-5845
5075
-2858
4081
7416
3978
-659
-1353
1548
1616
-6626
6945
-4944
2257
-4219
2564
1729
965
-5666
-973
-2893
6852
4108
-2328
3865
-7246
2027
3879
5106
-67
6388
1563
748
-3969
-3076
-3423
351
-1911
1093
-5534
-4925
-2067
2200
2635
-5612
-265
1660
4438
-6481
6197
-2839
-5171
-7602
-4717
-3839
3248
-1844
2937
-2145
7413
2373
-1907
1069
-170
-3929
1551
6682
-1227
-488
4669
-3601
6410
-1160
1959
-2989
6495
-3281
2457
-1054
1677
-1010
-1276
-5265
-3871
-3655
1599
-6294
-1848
-8223
5606
-861
1059
804
-4984
73
-5642
3549
-5333
3419
6752
-2161
-4998
423
-3481
5986
4008
-4151
3785
1544
2242
-2694
0
-8645
6568
3030
-723
173
4338
-5547
-3971
6577
4449
-3336
2573
3311
-2072
9
273
-298
-3283
6213
18
6557
-1748
-5734
-4178
4270
4716
731
-3692
332
-6852
-6702
6858
1087
5646
497
5768
4141
249
-3554
5279
9245
6033
3080
4608
-2246
5543
3640
1312
14
875
0
6950
-326
2793
-6586
7952
-1062
2345
-2545
-2489
-1390
-4465
-8724
1228
-5836
3588
2911
-3655
1249
-1632
2939
-651
5792
6923
1881
-2046
2408
-658
3869
-313
3921
3640
-2822
5585
-1399
3642
-1353
2740
9068
-4505
-90
-1208
-2571
2540
3728
4754
2991
-2390
5193
-7156
-4776
7578
-2259
1059
4193
3618
-1825
-85
3507
-1981
-1964
1511
-2140
7075
-1529
-7214
-4411
-1652
0
-1657
1047
-2172
985
-1491
-3304
-605
1279
-2568
-29
-2672
2191
-7039
-1187
250
-2427
3776
-6187
5054
6753
3411
84
6564
-3796
9295
1476
1861
9043
-5572
-580
-4339
833
-6049
-45
7243
-262
-263
711
544
-1858
1064
1146
-4153
-1067
3169
-3597
-3347
-268
1294
-2297
959
6877
-2659
-2551
-2413
-7220
689
-37
1548
2999
-2077
-726
1424
-2105
3495
4663
360
2320
-89
115
1643
7216
-3801
4024
1108
-1883
-933
5258
-7902
-669
-2341
1642
2297
-2344
6981
-1621
883
-4919
213
2619
1807
683
-2032
-519
-313
6796
-1777
-4181
4927
-2140
4909
7218
1300
-3893
3531
-8887
1349
-1775
-5008
-8288
-2032
3092
-3549
4282
2271
994
5600
-3814
3864
-5610
-1875
-906
5135
2005
1676
-5879
1425
1150
3361
-6731
1879
4816
6035
4838
2687
3188
5205
-1899
-3126
2134
-3814
1537
7866
-4155
8424
5481
6044
3086
2653
4075
2722
565
6625
659
-1069
-8802
-4951
543
-3076
2548
2894
6751
2860
2866
-2068
-1727
4121
4737
3021
-44
-7074
250
281
-7460
503
-4745
-1367
-2870
11
-6156
-2989
4715
-6057
-1504
2099
-836
-869
-5477
1895
1794
-525
107
2612
-2559
508
5170
3580
-285
5414
-4918
4799
162
-4347
-3760
-6058
-617
-2396
-7522
1393
-5186
331
-5359
1290
4257
5096
-7090
5382
1704
34
2890
-2032
-326
-7406
4919
-1169
4102
3080
554
586
145
7483
-2948
1282
-1388
-4188
-492
-3776
503
1594
-6911
1567
-2594
-4145
-2727
-1525
-2362
836
250
3096
995
-155
2302
3287
2888
4891
-3015
437
3652
-7814
-3883
6375
-4409
-3278
1290
-3622
1818
2550
-2249
5886
-764
2410
-1529
591
958
-3936
-1017
-7016
-1207
1594
1811
2760
-2388
4927
3959
3695
-5116
-3681
5098
2251
-918
-772
-1344
-7664
-665
1333
-2150
-1785
-463
3042
1733
6891
2228
1599
7894
3798
6365
519
-2115
2369
-1560
-860
-3795
5882
6777
-1244
5437
3867
432
-5105
-2373
-8857
3239
-1853
-936
-1934
-723
3558
-2230
4343
-1008
5129
-3689
2135
8518
6923
4834
3823
-248
-4036
1428
-3009
-1504
1831
-608
-7132
2604
-1783
-155
426
4979
863
4892
-561
5370
2189
-1252
885
7925
1903
-3884
-1841
-183
-4740
-317
155
837
-5064
2963
-3561
5143
-5786
-3911
-3873
-2756
-2539
2135
3338
-1312
-2569
-1148
-4409
731
-2602
2911
600
1456
-5043
-8057
-160
-2177
179
2622
-179
-5158
-1014
4802
1668
1248
1288
1692
921
3746
-1557
3947
-199
-3539
5775
-1657
2333
-3718
-7228
3793
-1509
-2884
1568
1718
-405
-6112
-996
1579
-1293
1007
809
3437
-4841
154
2374
-5516
-7294
8448
5053
-4810
2720
4289
-3245
-1409
602
4156
-8300
33
2955
-3308
2552
-355
-4441
7632
-2244
-5727
2548
337
3990
-3699
-6739
-4164
223
0
-4574
-989
-274
6000
3352
-748
5472
528
-1390
5444
2868
3021
565
-3768
-4925
937
5428
-1991
674
1317
-3706
3519
-6939
-569
-276
1322
-2301
-5606
224
-423
-4208
-3641
-2802
-1147
-1632
1052
3963
243
-32
-949
-1881
-4518
-2695
562
-2467
894
-920
4129
4385
-1287
-2762
3219
5417
-4961
-3834
-5772
6612
-3352
-1169
5379
-6207
3510
-1295
2975
-2739
20
4613
2890
1134
4014
-4174
3032
9811
1919
-1968
513
-8863
-689
6023
-1159
-7966
-6135
-1936
-1029
1776
4699
1632
-1412
-1037
-2897
3728
3198
5647
-3185
-985
8375
7011
1394
4330
187
-1181
2354
-2562
-7081
4630
-1915
-5998
-3835
-480
1776
-3619
-1068
-1944
1241
-2064
-264
3150
6720
-6453
4561
2239
9370
-130
565
-881
-4482
-2815
0
-2633
4527
6596
7291
3211
-2015
-3105
-4341
-1283
3754
5008
-5393
1288
-5110
6200
-4809
1257
-3304
8543
4012
-4038
-1524
-4425
-9264
2931
-2134
4512
1944
1499
3732
2457
-5625
2457
3541
-5001
4987
1535
-31
1929
-2851
0
3803
437
2795
-4221
-8887
-9088
1047
-1473
6730
646
-1350
3078
-2542
-1549
3589
-3457
4186
1649
-1293
-3363
5769
-3857
1069
6625
-1759
-1580
-5560
1579
777
-1860
-4585
1591
5483
-5298
-4005
-4381
-6111
-810
-764
1659
-612
1425
604
-1895
-6553
-1294
2589
5775
4881
-6252
4838
933
2582
-4581
808
224
2091
1852
-7777
736
4359
-5065
-2189
786
-5355
-3702
6497
1562
3276
911
4661
-4683
3036
4786
3158
-4792
-3386
6591
-480
2215
1828
1964
-2851
-1833
-4559
7574
-3665
-262
-4367
0
5543
259
-279
-3428
-3982
-562
8640
-2150
-9391
1448
5965
3195
-5369
-2617
2465
8732
-2977
7271
3770
-840
5559
3935
-2698
1284
450
2496
-1420
4680
5791
2635
-4555
-1556
-1445
2828
2032
-1582
1042
35
-1355
-3886
1316
-1833
-1760
2431
4289
-4670
3976
1913
-5958
-2373
1273
5115
61
3886
-7361
4990
-4513
-3289
-2337
-2497
-4765
-2607
1208
1062
516
4620
-2682
3708
-1208
22
4205
-4104
3033
1200
684
245
163
2438
-1457
1719
3983
428
5050
1456
3586
-5687
-1716
-3851
-3226
1887
-1276
3453
-6323
4221
3353
-1386
-5853
377
2075
-4413
2847
1337
2639
3254
-6365
-3862
1408
520
1503
5306
1563
-3455
6103
-236
3931
3508
349
-489
1515
4023
-3460
1858
1072
5503
-2243
6955
8483
-537
-2146
-2784
-5367
-2964
2176
-435
705
-4226
1264
-4180
-62
1482
-4730
3015
4246
7236
4906
-9365
3766
-643
-1053
8743
2685
-9687
927
2841
-7151
2163
-339
2956
2901
1307
1321
3350
-9242
7500
-2642
-1505
-3506
-3873
-3824
-8737
-6225
989
-5545
-5981
2031
3550
6245
-3564
-4587
-5440
4854
-4478
-2203
9207
-3904
3110
-6730
867
1947
678
-2060
3877
1239
-1010
3350
-1932
5109
-3943
-5015
-936
-877
7899
1710
2179
2206
-817
3372
-1941
2167
-5977
-160
1193
1469
-1161
-352
4794
-3127
1505
450
2020
-4246
-1307
2868
-3618
-5602
1177
-5563
-1146
-2603
-1702
-4037
-9348
795
2212
3178
1942
7446
1945
5213
2599
-2860
-5441
892
-432
1201
1190
0
2216
-2650
3879
-4179
761
847
922
-723
-534
1645
-3155
-90
-1828
-2503
5843
-1164
-1296
-323
6329
2857
-53
1619
-1301
4031
-3055
1731
503
4308
4725
1258
-2033
1677
301
56
-1296
-108
4818
1331
3926
2075
8865
-900
928
-2183
-3980
3232
-2948
941
752
-2100
-615
-4743
1379
6908
1676
1623
3741
0
-6672
1881
1758
-4103
-2230
3203
8265
-1960
4299
-5535
-3368
-30
-3663
-4454
-8171
-8990
2074
488
-5191
377
-3306
-153
3363
-1534
1350
4629
7630
-535
-2294
-507
-5101
659
-4172
841
-5737
-856
-3613
-457
497
-933
-5625
953
3529
-5818
509
6523
2120
-2037
2066
3728
-2843
-3044
1144
182
5330
1711
-3886
6418
3541
-6746
-3926
-8900
-4416
-138
1633
-619
-4209
968
16
4014
691
-4853
2785
3034
6214
654
1554
7871
8467
3113
-6600
-1247
-1403
-5782
-4041
-2682
-5110
-1466
1283
4150
626
-2524
-6432
-1666
7255
3051
3202
-3819
-3687
-1678
-2110
-4402
1339
-5000
5202
1264
-424
776
3232
-3717
3063
6567
-4360
2783
490
26
-151
4173
4362
4911
-4367
-4563
-996
1995
2460
-409
954
7281
2953
-286
-1299
-3418
-4224
1887
4279
-5039
1547
-670
-2100
5306
5822
-255
1367
-3634
6140
6585
-2154
2430
2580
-1603
152
5818
-3592
-6274
847
-1670
-7267
-3390
-2002
-1047
1890
-4999
-314
1431
-1252
5261
0
-3884
3237
4125
1852
4535
-1492
4547
2638
-5461
-823
-339
1198
-90
-282
6434
-1098
-2730
-332
-2494
-1555
8578
-3141
10
1620
2828
-5105
1263
2527
-4010
-6186
113
3013
576
-815
-3120
2728
5327
-468
-7298
2346
-1466
-1067
-1980
-1547
4240
-2037
3230
-1297
-3038
-275
2819
157
6180
-4253
-6746
2148
3617
-156
-4875
-1248
4418
1315
-7548
-6058
-3115
-1150
-5348
1470
-9239
1955
1232
171
-1608
-1020
-4645
-886
459
4399
468
-850
1745
1343
-4278
689
3900
3829
1502
2199
-3667
-6720
1970
-9391
-2359
2256
-3412
1306
-299
-6492
1762
-159
-3017
792
-3099
-2635
-792
2885
-4096
7168
-842
-1712
-149
2312
2671
1299
-892
-5626
5706
-511
-2484
5400
3232
3279
-5261
-3472
1256
2196
-6419
1483
2570
-2008
9578
5099
3896
304
3728
-2040
-3654
-1203
1345
-6509
3107
0
-2934
-6010
3798
-1825
-1798
-4664
-3124
2905
1042
-3057
3807
-384
602
-1662
-358
-1097
-3568
-491
-4756
-1675
4613
-7288
-2352
-5849
3931
2637
5110
-4071
-4092
1665
-5962
1915
1828
483
-6191
2978
4738
-2855
-84
-365
5725
1829
-3857
-33
-1623
4081
737
-7627
-5115
3066
-2681
1523
5568
337
-4370
-1287
-2787
8752
-327
6001
1929
-3066
1346
-561
1017
6701
2513
1472
-217
1910
-1351
-3236
-6323
486
9238
-2984
2121
144
7006
-7964
3181
792
565
421
-490
3756
762
4764
-2522
-2045
-4423
3556
-1289
1634
-2100
85
1393
-45
806
4455
-2743
4686
-7597
-747
8518
-5560
504
1970
-1923
1331
2452
-6049
4535
-837
5332
3174
-3077
-2081
-7649
2483
-700
2799
-3114
-3000
-620
-42
1206
616
-528
3792
35
-3634
-3318
-16
-409
4558
6367
-3336
-3768
-2956
2709
-4508
6179
-5627
-1721
6064
1758
8294
-3250
-1516
-1312
3855
-2208
0
4547
476
-630
5098
1120
-5576
-6551
-781
4019
-7649
-2096
3885
-3078
-245
-618
5298
-3204
-2882
-850
-5555
-3926
-971
474
-3565
5445
4166
3796
256
8727
2869
1005
-1999
1122
1925
-1112
1393
8428
-798
2496
-6745
-4654
1769
6419
1199
-1238
4425
6332
-4260
-2606
1783
-420
3126
-1298
1445
-2300
-1709
-1654
3106
1302
-5224
5697
6014
1769
1932
-7603
1283
-3424
4081
1833
2224
-1028
-2247
-3437
-997
4512
-2131
490
-5140
-3105
-5304
-3497
-151
1640
-5375
381
5508
7951
4883
324
3880
2419
-2069
-3434
6918
8397
-2354
2752
-1403
-3436
1047
3381
-408
-8140
196
-6830
5713
-2562
-1453
122
-1057
-3544
-4166
3686
-3176
-3140
-1349
-5319
-8032
-5858
-1171
-4147
-1719
655
-820
-5579
2977
-971
-2188
3259
4331
929
-5880
-1372
-6370
-7841
-7618
-1919
-300
4282
-4579
-188
8743
784
1448
4332
1156
9066
1359
-2249
5020
5444
792
2885
-1137
5626
-3560
4494
-1729
7602
-4215
-1103
1881
6682
-4360
-1719
2031
4360
3071
2811
-814
551
-5269
2893
5133
365
683
959
1160
-1171
-1399
2718
8614
5477
1526
853
5055
-6554
-171
-405
1548
-1047
-5110
3055
-1027
5896
2629
6042
3108
731
5266
-3094
50
0
5846
1422
-3743
5749
-5615
1524
-960
6230
-7110
1421
-60
8581
-8858
-3449
4271
2051
285
349
-6325
5851
1791
4120
3495
1510
-925
4019
-3488
3550
2416
-2901
-2577
2534
109
220
-2592
-227
-566
-5071
387
-4309
1941
4103
1268
-3502
9335
-558
4468
-1797
-2373
-6831
4389
4197
6040
-4421
7871
-1000
-7538
-2648
-15
7609
-4040
-1882
-5556
5276
-4781
5522
-7615
2512
-3141
4197
-4782
-2773
-8935
-2132
-3170
-1607
-3254
1721
687
162
-4004
2883
-3107
5744
3469
4614
5647
-306
2980
815
2701
-1758
5513
-7966
-584
4299
524
-5348
3209
-514
-3864
-1090
676
-1997
4385
-1726
-43
1625
-1094
-4075
4519
3722
-2972
-7037
1780
-3175
6327
5924
-8737
-1032
-2221
-5854
-3007
9129
0
-1096
3209
-3627
5321
-1880
-954
-1461
-2097
3189
3704
667
-6792
-381
693
4168
8055
4166
9233
-8611
-4685
-3976
-1043
-4422
-466
-5167
3947
1606
-8230
-3818
148
4033
2568
1371
1914
-863
-5056
591
7709
-6142
-8296
-1171
7531
-2995
6349
-1765
-7964
-4021
2121
178
516
-2967
428
-822
-493
-2833
4472
5538
521
2602
-1986
424
313
-3680
-7332
-2015
8374
1676
-3216
5513
-2969
-3358
-2235
2416
2292
-4666
5175
-6863
-3567
1411
729
1762
-1745
5495
1014
-1715
-1097
-4513
1599
4630
1682
-4786
2015
1913
-740
-5140
-5052
4197
-2778
-1578
-263
1810
-2294
-8443
-2268
-8863
1251
1413
6069
-102
6537
973
-9816
-4506
-6802
-6005
-1675
-1343
-2618
-3466
-7019
-98
3292
2727
4574
9252
-5328
238
-8028
-5001
-4158
-2336
-6314
3684
4339
-1274
2307
1072
-4741
1193
-802
523
3249
1764
-2681
-5191
-2263
2878
4144
-1197
4878
-5206
7084
-5831
-3982
-2608
5276
-6263
-4684
-6224
-1116
-7312
1393
-3211
-4601
556
229
-4247
1913
4378
-3897
3573
-2164
1697
3731
-3358
604
-3727
-2904
3395
208
-2809
8670
1072
6769
1560
6979
1912
-1030
-3980
1550
7216
-2609
-2598
3429
-5581
-2296
9619
-4180
-7120
-490
-2362
3411
-2412
4565
-2923
-1268
-3991
-5680
-5610
1900
-7783
-7778
3694
957
248
-2851
-1090
-2824
4799
-3219
-1061
-5458
3855
1992
-116
-386
-7646
6843
-5980
1005
5415
-7646
4285
-1735
4736
-6186
-8174
5982
4953
-1074
3731
-8260
-3893
-4515
5781
345
-1159
-3228
-3300
638
-4842
5445
-519
-6520
-3204
-3239
3022
-3446
-1933
3329
-2927
6187
7099
1741
930
-4348
6343
990
-1053
3933
831
6841
1643
2023
-5382
2036
-3017
-1880
5068
741
4036
-1978
1530
7784
-69
-2674
7115
2509
-185
2785
1707
3012
2647
5305
-1112
2514
-5639
-435
-6018
-1903
4381
-5530
-3718
5568
-8627
-4242
999
-4579
-6156
-5333
6195
2831
3126
7026
-2806
5474
944
5456
-2232
-2395
3313
2621
1397
-7380
2381
-6591
-5497
-1561
4015
3966
4850
-8030
-2302
-2447
1588
-32
-1525
550
4987
5020
4343
777
6806
-345
-6531
-2671
269
908
1130
268
-2265
3116
-1349
908
1982
1953
-2977
-4147
7168
2821
-6058
7545
3321
-5205
1512
5420
2755
5469
-8569
4036
1062
777
2056
-3358
-3586
-405
3926
1711
6291
-3928
5955
-3539
-145
-997
-3372
0
-1613
105
82
-6065
-1215
3574
-1128
-4614
2279
-3192
-6972
987
-3743
1807
-1898
4758
2148
6576
2347
-3626
4996
2633
6304
1277
-415
-6589
5268
-4533
682
8377
-5740
1873
6026
-4786
577
5313
-1888
-1420
-1186
-1424
-22
248
2240
-6828
-3695
-177
2031
-7775
-580
-5414
1257
-1129
1894
-4273
804
3429
-938
1455
2928
3403
3190
-110
1362
733
-2100
-3114
1457
1800
-2230
2470
-6819
-229
-2993
-2751
37
756
-6006
1047
-1018
4153
6123
599
-2533
-9193
3860
244
-2203
-4381
-3066
1929
-6019
2366
1862
-7079
-111
3704
-2459
-6445
16
-2956
-1803
-5331
-337
3543
-6659
1521
-2082
-225
7415
324
1640
-3168
-6679
-29
-1420
4721
-786
4221
-2817
-5092
5270
-3179
4942
-689
-4542
-6107
374
-4521
-8746
-945
702
6124
752
1794
5504
1664
-6249
-545
-4219
-2578
6332
-5055
1611
6115
-5427
-8199
-666
655
332
-714
2563
1850
4954
2767
-2708
-933
373
-4046
-87
223
3610
1111
-5054
2351
-4786
1944
-846
-2728
6844
1409
-4822
-4495
-6341
537
337
-4804
271
4999
2622
-2588
9259
-1481
3543
4160
-1856
4966
2161
-18
-6349
227
-371
-485
-6049
3746
-1050
-5511
-6545
6203
3324
4036
2712
-4729
7963
1475
-4449
1722
-564
-6744
-7985
-2868
537
-2446
-5680
2102
679
5066
782
-3160
4611
-326
6233
-1295
1434
-8101
6108
-5008
-883
-1896
-3268
-2249
-196
-1864
729
652
5033
1157
-5144
-3247
-1950
1033
3366
-1673
-2648
3112
4845
1889
3490
2583
5961
2811
-1431
-186
994
-3675
4455
6518
496
644
-127
4186
654
992
-1940
-4020
4300
1472
3800
294
555
-230
-1874
-405
-314
-2243
7593
6367
-106
2931
-4018
1763
3868
5033
-4068
4468
-7406
516
162
4555
-7855
3897
6214
-7729
-4224
721
690
679
8334
5156
-2287
4334
5406
-371
3634
4197
434
1420
8178
640
5769
5198
3037
2031
3843
-424
2680
1020
1820
5445
4242
-2543
3048
-9328
671
9277
1424
-5012
-2044
4075
2716
-7810
-274
5172
2320
-814
-7618
4149
9243
2709
-4861
4202
-661
-6076
-3816
1558
-600
-3371
-2829
233
-2800
-4630
8234
3005
4405
-7956
-1794
1983
-1543
267
-2171
-1592
-2259
-3415
-6360
1568
3377
-6167
8289
-4411
-171
4930
5800
3401
5020
959
-1965
-4399
4798
1500
-2601
3089
-3461
-360
-2160
-2211
-2623
1464
-3534
-4130
-2119
5069
4191
-35
4686
51
3508
6301
319
3148
-1316
2293
-3750
1469
-6662
-6524
1814
2954
-1157
4727
1787
-9299
-1649
-5119
3341
-1945
249
2785
-1529
-881
2104
0
4194
3632
4376
-1616
2772
48
811
-279
5197
-1820
-5734
-2081
3034
4531
1960
4437
-4516
-3479
4337
5365
1802
2892
2186
-8324
-2759
2167
446
7826
-2296
-169
-1715
5262
1697
-4152
-1741
-4555
-4132
-6352
-966
-5680
-4426
7690
503
8349
1765
5566
3899
355
80
5882
-1444
-8
1980
1018
-8041
-1466
-920
5227
-594
1762
2787
-4099
2993
-1525
-2871
-2614
3163
-2623
3088
3234
5495
6915
14
-2711
-4089
3135
-4681
2488
-1155
3442
817
1346
2185
6489
3132
-920
-2907
525
-6754
5505
3978
-1366
3966
-5269
-3537
-4326
4850
-2372
-1491
94
2993
-1082
785
-3043
-2192
-5350
-522
6577
-3801
-423
205
7319
-3044
-3169
-3394
7273
-1860
541
-7970
2215
207
561
-2722
1787
-4096
4632
-8407
1845
-2135
5643
-4305
2613
-636
-2265
-1434
-6579
-1395
-4524
-564
-3037
-519
-186
4697
-56
4737
-3862
2430
7073
2950
-3025
-6589
6880
8273
5704
-791
0
571
-2863
1006
-192
1095
4930
3483
2175
4180
2215
-3909
-5877
-2763
2495
-1597
-5289
595
1925
-6118
412
7638
-4173
2179
-3224
6161
-1530
9238
6688
5370
-1688
2067
2163
5368
4180
2434
-910
6475
-782
-2780
320
-7079
2050
5197
-358
-1005
-3071
1482
-3873
-2121
-4575
3324
-2724
-1283
-3306
-4032
6165
1611
-724
7605
-2265
4875
-2570
1209
-1610
4359
-7540
7774
-3933
-1193
-9572
-4850
-1642
6744
8606
873
4109
3089
-3929
4533
-8296
-1199
-7360
1091
8671
-1210
-363
-5155
3016
-7002
2016
-4825
2007
6866
-7597
-2150
4547
5412
3550
-3953
-7421
7593
2087
3877
-2359
-1440
-940
-6508
-2457
-3495
0
-5391
820
-4914
-1754
3894
8459
3403
6915
-3359
2940
4558
-5511
-3445
1908
-4454
-5628
2029
-4479
-5073
-814
-4153
-6580
1781
338
196
7812
-1514
3013
-647
1051
-4099
1483
-7783
1927
1075
4107
-24
5738
-316
2219
-798
2599
7614
-2270
-3131
-4073
817
-1466
-5629
-2100
-1248
-5488
-1505
2075
4510
974
7628
-3456
-1301
2085
-1016
2650
2451
-6163
-985
3223
-7962
6419
4142
-4526
-580
-1334
-3897
-2008
4618
680
6907
-1848
-3481
6239
5800
-1160
-264
-932
-1277
2592
-246
6197
-5847
9340
-4571
7243
5683
8947
-490
-2435
-385
-1489
3717
2474
-3371
6207
-6322
-1144
1219
-8555
-4781
3178
-2418
5197
-1268
1275
980
-1549
-5979
5800
-2259
3287
-4411
-2331
2159
-925
5614
7593
2837
5350
-1371
2385
-1672
-2306
2030
7551
3078
4008
412
2378
2293
7293
3394
-386
6596
-390
-4362
-1749
959
-54
-1390
4992
-6101
-3428
-4934
-299
-6065
1939
-1349
1277
-1219
-2576
-1563
-2178
-3220
1639
-2901
1027
8716
5097
235
1791
-1651
-5272
-1284
1522
-2783
2490
1443
-4680
-897
1522
2849
44
-610
2356
-1189
5184
1310
-1299
-5063
1414
7747
1973
6123
2068
793
3695
641
2539
2476
331
-1063
-605
2135
-7000
3036
2852
-440
-2115
-1481
213
-5979
2649
5106
-5173
2954
-5263
2706
2184
-2663
-46
2621
2117
5084
-3899
-510
-358
-103
-1055
5313
-3275
436
-6665
-6753
4930
-6076
-734
1355
-1064
3558
-809
-625
-7285
3560
2551
2086
436
-5282
-779
-454
-7369
-2304
-2888
-514
3341
6549
5144
-2682
1278
-2821
-4360
-1609
-4923
1616
6620
-7237
67
-1247
-2306
-566
-7019
641
-2197
1570
6236
-136
2223
6777
-1648
141
4467
-1777
3897
2011
6578
5776
1619
-2991
-722
1852
3207
2309
-1278
-118
1568
-1083
-6315
1751
7189
5077
428
-461
-3884
-6578
-5095
-1989
-340
-5092
3190
5727
-1701
-5098
-1002
-514
364
-6204
-2223
2212
4976
-4723
2491
-6553
-8298
988
814
-5415
-2313
-3899
86
8428
254
-2367
1270
3732
2439
-3283
-4491
-2926
-423
-7401
-7789
235
3693
2523
5128
-3828
-79
-3583
-275
-4151
5112
789
-1505
-4941
-3551
-917
4617
1454
-3047
2633
-3504
-2873
-3590
3211
-550
-3671
2693
3075
5261
2509
5471
1871
663
-2493
-438
1302
-914
-490
6466
579
-431
2869
-6437
3129
-5298
-2644
7506
6198
7686
5650
3892
697
-3830
2605
6578
-5849
-2394
-891
3364
-826
454
4271
3348
5504
361
-3759
2510
-4021
-2131
-6950
-2569
1048
-3817
-330
1101
728
5175
-6950
1746
-2167
6191
1520
-460
-6341
-1330
3718
-7791
2012
-8750
-219
3850
-2662
-3644
-6370
-7507
-1115
1039
4149
6806
-960
-1630
3063
-1327
-1125
1750
1740
1881
6495
1246
-1568
398
-3933
-2586
2640
0
3188
-948
1720
0
-3880
-7388
-2671
-517
-2040
3851
-664
3183
-5602
7690
5400
243
-1960
-2629
-3343
1588
2144
3300
6775
-1429
4265
-587
5619
-355
-4518
5736
-4440
1053
4687
-1445
833
-2725
-3399
4768
-4296
-1445
4740
-8868
-4727
952
4725
7761
-7413
1334
4246
-985
4547
-1443
-7264
2066
-2901
-2433
-3240
833
2474
-3973
6086
5455
-7040
2121
-3524
2121
914
-571
-407
3992
-2210
-933
390
5276
961
268
689
1892
-1205
-3099
1444
6647
-7000
-3077
-4489
3326
1693
519
3900
-3091
-3207
941
6459
3326
2614
4945
430
-8730
5514
6335
-7197
-1943
-7005
-6910
6374
4580
-1286
3225
1231
-4761
4476
2448
-861
4878
-517
-1957
203
5763
-3724
886
1828
995
2650
4844
-1717
2480
7144
-1040
-1151
2975
5155
-1169
-2577
689
3241
-580
1287
-3946
6597
14
-5128
-6532
6057
-4341
3163
-3578
-5379
1862
-606
-398
9277
-429
-6162
2661
-3874
-1941
1200
7817
3779
-3696
-1504
-810
-2886
-1467
-5343
5254
3403
4470
5583
5967
1684
1702
-3428
222
8661
8192
-1678
-1601
-3874
-103
-7479
2370
-1906
-2927
-6131
-2594
-3990
-6744
5870
2186
8377
-5290
-7333
-2480
3121
1345
6504
5526
6084
-178
3102
-2775
-4944
-1129
-6044
3598
5150
3314
-1597
-2289
-3320
837
-2559
4292
6699
1591
381
4088
4559
-1508
-348
-7132
5530
-1040
-1333
7385
-573
185
-1184
6444
0
-3449
-2014
6981
-686
56
-659
2194
4330
-517
5057
5409
2308
-5427
-314
815
-4188
-719
3792
3246
-4332
-1555
-3958
-2934
2186
4832
-1350
-1356
-4048
-603
-69
2995
-1455
-2324
2753
5018
3326
841
-175
-2439
4063
-3016
-6261
2214
3547
2015
-3461
-6212
-3457
-6887
1406
-4065
-4183
4818
2394
2175
-1934
-4644
-7997
-1615
5139
-427
1910
-1549
3650
7293
5568
6841
4725
2393
-6763
-548
188
-400
2156
2293
-164
-230
-672
3754
6751
-9331
404
2621
-1219
3532
1033
5866
-2626
2199
-2467
2873
-933
616
-5280
7159
-8627
-4341
-4128
7918
-4976
3270
1416
2829
5437
-4517
3075
1638
-6652
1499
-4283
4193
-2167
6103
-5709
5904
967
104
436
-4882
1117
2166
-879
1787
-1262
-6506
5363
1033
1967
1935
2932
-2216
-244
-5730
-3390
-3750
-3436
3088
-803
1521
-4681
395
-4152
-2692
-7214
-3431
-4755
-6365
-1295
-3900
-7079
-4413
41
-6746
-9232
409
1399
-4582
7092
2931
5749
788
-6653
1547
-706
-3210
1694
-2148
945
1185
-3792
-1346
-2608
2250
5988
1346
941
-5328
-89
4395
-1000
3211
-4835
-4084
-4088
-3282
-2710
-422
-630
-2873
-1358
192
-1719
3119
-800
3889
213
-85
-6943
-3482
511
8043
3468
-4618
-1087
-606
-1637
1060
-3656
-6118
-2285
-1491
523
6092
2477
4288
-5173
749
-3424
4823
-3439
4020
-874
-4388
-4780
3442
-2802
-7162
-3571
3039
-2211
-2696
-1526
-888
-3226
920
2716
4740
941
-268
1578
5447
-5518
-294
3983
6868
7345
2769
5109
-4659
-3775
-664
1393
8338
0
450
-615
3223
-2266
1900
1377
3372
-1716
-5828
-1026
3360
-5862
-6487
-3827
-4611
2549
-3699
-2479
493
-6103
1476
5976
4004
661
-3437
-1570
3269
7540
876
-498
3489
-3585
885
6036
-328
1092
-1841
-3379
277
1837
2821
-189
-1086
4426
0
634
-360
5597
473
5823
-5090
1720
-752
-5619
-5398
-4463
-681
-7016
-8724
-2554
-3690
-261
-1548
-2151
-1828
-4852
-119
-4754
3766
-4679
1995
2663
2801
-3958
-3231
9815
-708
8318
-2584
5803
-3942
-510
-6131
4081
1048
-6167
-540
-2313
-8300
-898
-4360
1015
-3439
2755
2912
3573
-4549
3604
-2015
-660
-2100
-1785
4765
-810
2745
5520
9051
3865
8123
148
-1695
2248
-5680
2950
-3474
3033
-4807
661
8539
313
238
4683
1520
-4145
4698
-2606
1251
-2713
86
-8226
-5087
74
-1656
-4266
-1715
-2463
1205
2215
-761
2121
3027
4798
-6306
-3857
-937
6711
3169
3167
-4044
-3313
-764
1840
3551
2196
0
-4485
3508
4897
9252
-1091
2434
-5087
1876
6667
-1693
-3371
-3971
-4474
9059
7842
6964
-2433
2380
8240
0
-1197
347
1535
3441
8265
5287
1167
5632
2111
-2855
6152
-3595
6758
2813
6505
1636
-2835
-62
-1290
-1841
-4728
3077
-780
-3466
7205
-668
-2571
9096
-1406
-185
-3657
3576
-6322
914
3829
1688
2941
938
69
3183
-4155
2749
4645
-2699
-1361
3125
4381
428
122
1673
5706
3339
-6905
5098
1176
338
5691
-294
-5165
233
1464
-7583
1199
-2253
313
2988
-2644
-7284
-7867
-4559
-6142
-4254
-4731
1954
-1759
-3224
-7773
-717
-2761
390
-499
5516
-3066
-245
2199
1384
2554
-2390
-3054
2639
-249
6161
6434
4950
1281
-6527
905
6475
-660
4021
-83
-6013
-6370
833
1444
-6144
615
-4788
56
4290
-2606
-4541
-2909
-3178
-2997
4799
-2715
6265
-2240
-6753
7774
-4123
7960
1940
-4482
-5509
4552
-418
3877
-1367
-7678
625
1948
1604
1437
-678
-3002
-2635
3218
-2158
-5637
4290
-982
-514
-2368
2021
5810
-3002
1123
3481
550
-2362
-7970
1847
-484
-4052
7946
1930
85
1582
2229
3048
1920
5323
-1816
4169
718
831
2066
203
4919
-2347
4830
-52
1276
2126
157
1844
-4881
-2907
1769
-2923
3756
-4145
-4416
258
569
2659
-1543
34
-5863
-2953
3051
-3847
-1208
-3733
2354
-2155
-5092
-1935
1841
-3003
6181
1698
3113
-2100
3599
6927
4580
5868
4841
-3074
4976
9243
-4269
914
912
-1944
-5243
-5274
-3312
2335
-3616
-11
270
7025
7609
6951
-3515
1263
-1789
4564
-565
1146
3928
576
-4197
-1882
0
2048
-452
3089
2494
3566
5704
6904
-3087
2368
615
5210
2124
-1709
-449
-958
6547
4344
-5165
-1105
4157
-4348
4075
58
6170
-2901
-1438
-3883
541
6084
-1695
-2099
-1547
-4690
-8028
4784
2695
-4538
1844
3907
5109
-1880
-1055
6363
4301
-6590
5762
2354
-1399
-1860
3762
2621
-9228
1065
-3833
591
528
-891
1782
7190
-7460
1412
2199
-3521
5665
2294
3103
6512
261
-2127
539
-5422
-3309
-2434
-427
-3075
1455
2908
4888
-2168
6142
94
-8032
-4752
1460
0
-5610
5652
-1154
2632
-514
-696
6387
-2221
911
108
-3946
-311
4825
-286
-6442
-6873
1881
4268
-2343
489
-5329
3103
3544
-5490
2365
3689
-3239
-2514
-7005
-2870
676
-6353
-1605
4869
2354
5157
-800
-521
-124
3524
2032
4513
3766
-1938
973
-249
-2178
-4993
4547
-1225
719
-6928
502
4883
-761
4653
-1902
-4878
-757
7744
1693
4838
-3170
1656
-1297
-168
7574
5038
-7288
1955
-947
2494
-316
-7265
6419
3126
1394
-2279
-90
-1529
722
-989
-1874
-4133
488
1165
-9719
2150
-608
-4617
-2347
1278
4224
4135
-9630
4749
1184
-2420
-3540
1852
644
1311
-17
1569
1639
2317
-3525
3892
2502
9852
476
1179
1301
-2135
3040
6999
6610
2289
4399
3460
-7
-345
-1464
584
5516
-1269
7808
908
4697
1300
1591
-6110
-1042
5539
4745
-2940
3441
-1935
2104
-1364
-1027
2613
-4056
2984
3509
3352
-2862
427
-2212
2472
3029
4657
-3761
1781
4371
122
-6135
3588
5938
1791
3880
4760
4585
1923
-3619
5077
-3399
-4216
3101
-6367
874
-991
-2897
-8266
-6932
-4004
3086
-4397
-353
-965
-1654
-1997
3024
1443
7558
-7636
-6605
7562
-1583
3445
-2413
3541
2858
330
3517
-1642
6311
-4356
5986
-3909
6592
1337
1599
2173
-122
885
-7353
-2406
2196
-394
2931
-2107
116
3625
770
4985
3766
-1977
-4696
5505
3502
1042
-119
1067
2351
2275
-2564
5262
-1966
1233
-4137
-1037
2628
7527
-178
2348
6658
-608
4575
-1977
400
1958
521
-3222
203
1194
-17
4841
-5543
-3553
1579
-6817
5722
3326
4194
-5785
1304
-2230
7330
-5162
-2302
-2400
953
1782
5276
802
1111
-5910
1616
1632
-96
4282
9525
-9211
32
-6554
519
3509
-3825
3233
-2750
2244
-1725
6800
103
-2659
1370
1358
5989
7171
5279
6635
-942
4532
4011
1357
-7396
-3631
-1216
-3261
-1193
2995
-1279
7185
-1690
-5536
-836
-2658
2592
729
948
-7218
-4174
983
7528
793
689
7514
682
820
-6430
332
-5891
1456
-4448
-2716
4300
2068
-1103
-2892
476
5258
-2033
6375
-1014
-1259
-524
-2999
1177
1302
8049
5535
1293
4927
7946
-6968
-2439
4008
-5033
-4138
-1561
1394
-6778
2787
-6706
-189
-4704
6606
5254
-7360
-624
2993
8124
5361
6458
-2273
8053
-3421
2234
-780
1551
749
-4869
-4690
-7396
-5309
-1445
6303
-9468
5445
-1180
-2372
-1802
-3489
-3986
-4559
2681
-4325
48
0
-722
-1147
-2936
922
1440
-2228
-1134
922
-2379
-679
2433
-1945
621
-299
1965
-3223
-1118
-6204
1416
-2877
-5205
2495
6304
-4549
-554
-3487
-4088
-617
1321
0
8262
5343
-3383
4685
2820
4221
-3117
-2378
1889
-5432
-3429
-8192
6174
8085
-4112
-3710
-6482
3932
8081
2351
3460
-466
-1576
-4266
-2994
-6786
-2270
-3445
-8266
-2594
-3499
-3473
-546
-2228
2165
-1860
-6290
-394
-5738
2717
6577
1846
4067
-4538
7553
-3479
503
-672
847
2393
879
0
6583
5368
4033
-1396
3387
3822
2885
-318
3381
-151
29
6981
8594
1067
8535
-5656
-2948
6219
-1841
-4089
6076
-5200
-3912
-3287
1588
806
994
-3507
2648
-6347
-8331
-8118
3128
7129
-8387
-581
-2151
-1514
184
-3064
3734
-5027
-5507
8232
7863
1993
-8737
1981
6610
259
2290
-1069
-581
-1997
-5633
-6506
5135
-3376
-2467
1853
-1389
3233
-206
-3269
3112
-2903
-475
-5402
-2500
-8260
-817
-299
3188
1037
-1675
-954
4890
-2822
-2849
-1346
1303
7999
-3247
-4764
2720
3695
-7655
-311
-3311
-2710
4002
-2126
2159
-678
95
-244
-2294
-949
-1827
-4741
5967
1990
1331
-713
4545
-5376
3812
6497
-2145
-1695
-633
-3194
7308
-1519
4020
-52
-5010
-314
-125
-1799
8565
3994
2208
6540
3269
4517
-1678
-8
8671
-7609
-5187
2269
-3871
284
-4347
-4439
1225
6864
-5287
268
-928
8735
1453
95
728
-7204
828
-4085
2256
4385
-5461
902
5810
7218
-971
1273
1297
-5382
1706
4288
-1816
2708
4425
4378
817
-627
-1949
1290
-3912
-4208
2819
2159
517
4169
5667
203
-698
-309
1879
-3844
-2390
3823
1927
-1269
-1961
-6924
-2313
-5875
-719
-3744
3823
3207
433
-3922
1795
133
-967
2341
-4917
7299
-3379
-4280
-3416
-4266
3439
2256
5271
-43
-5232
-2230
3356
4081
1599
1642
7446
3189
-1063
-9305
780
50
3063
-5767
-2741
-3537
-1841
3263
-657
-2510
2950
4617
-76
-1678
6041
-4180
506
387
1428
2071
2043
-2119
0
3928
-2532
3549
1039
223
8972
5762
2637
-306
3005
959
3010
-5470
1441
-2321
6720
-3269
-985
3596
691
-3827
-7359
2522
-3995
-664
-1737
5754
6682
1711
5727
2949
1001
3433
2708
-1645
-5671
3553
-2678
-3275
7082
-389
7120
-4113
2336
-3130
-136
-3358
2353
282
4278
-5852
1756
-4743
-6161
-1085
-3832
-5058
967
-2050
910
-3087
-8554
-6022
-933
2920
-1443
-5668
-7784
-2730
341
849
2565
4560
-5254
9253
-4151
1548
8494
-6163
451
-6108
5800
1791
-802
704
-6436
1806
-2415
-1301
-3187
8246
-826
-1006
-4435
5057
-3808
-307
-1490
-233
1751
-7387
3102
-1984
-1429
-2805
-6839
-5437
-6652
3393
7666
-1608
-3481
7086
2363
3067
880
-1483
2790
-4415
-1623
6374
-178
3174
4745
-5611
1786
-863
-8526
7817
6796
-2192
-1017
-7353
1282
-8046
-2298
-2115
4037
8863
5400
1041
5270
1720
5543
-3921
-4289
-822
-6120
2539
7826
6642
5837
3292
1248
-5585
-657
6952
-1403
-914
-1098
5366
2312
3775
-5776
6137
-1810
935
-580
-1276
2536
3304
-857
888
-3325
1707
-1022
1835
2648
2601
3926
-951
40
0
-16
418
3319
6016
1097
1494
-125
3521
2653
-3067
4405
5490
5347
1500
2259
-3029
-1852
3750
6811
3026
2766
-840
2318
4611
-6107
-1980
-2236
-700
-3824
2383
-1331
1793
749
1313
-6445
3005
782
-2350
259
3573
3466
5391
-1418
657
4200
5004
-1381
-6119
1456
-4065
1533
-3611
-3680
-3627
-3312
-2743
-265
2885
-1670
-4703
-2364
-9272
3118
-4045
-1346
1187
-4277
-579
3508
2224
1800
5370
5287
-5977
4557
-868
3132
1178
1959
2885
-2611
3755
-1533
3512
-3796
1944
-9291
-1015
1476
4230
-4654
-3639
1600
329
2599
764
-953
3677
6597
-2993
2296
8263
-2564
-6767
6044
497
5202
4704
-5651
5022
0
1356
-83
8533
0
-91
423
-2857
4222
4540
1828
-4571
1885
-9137
-946
-712
-6
762
9157
9343
-4014
-5213
2567
1668
-7749
-910
7364
3540
730
-2857
-3172
-389
-7008
3394
3292
2529
-2346
0
393
5842
-177
4224
7264
4169
-2631
600
-8490
-3290
-620
-7681
7483
831
-7502
-2348
4101
-4003
6338
-2241
2001
2507
-875
-2290
-1061
347
2044
6092
3867
-5275
4266
4878
-3560
4070
1306
6086
-6727
7565
-3425
-3265
6956
-3161
-777
1069
2413
-1295
-3649
2366
-2088
3324
3671
1629
319
269
5306
-643
234
3544
-8300
412
-556
-1538
-7312
-3383
234
-750
3338
2708
-579
6703
3642
-1073
-2458
-4400
966
-2792
-1689
1620
1520
-6828
3875
2640
5340
-1749
-8748
-3944
1782
-3335
4941
-906
5234
572
8194
2039
7863
-877
2121
1927
5809
1740
471
-1312
-6679
822
4570
-2368
-5702
-2939
7449
-1557
6375
7055
-6495
1296
3668
-5786
-4075
6397
-7617
6750
6683
-3899
848
1796
6252
581
1453
-3475
-925
2762
-895
-3802
-486
6059
-1293
6376
1832
7547
-3757
113
-2467
3238
-9322
-2606
-5135
-2161
4685
-5616
-2637
-466
2355
-2689
1466
7391
345
-1853
-1553
6323
-1546
2219
2436
5384
1339
8257
-1319
-1061
-2267
6137
5414
8409
-881
3118
1022
-5531
0
-7778
3391
666
-8904
7894
-3067
8192
4157
-1291
661
2535
-1018
3168
-2235
5923
-695
-4530
-2816
2937
2358
-4704
1786
-5563
36
-2610
-810
-5742
-4359
-1141
4925
-7859
-843
-2634
-5504
-2056
-2730
962
955
-2322
-929
-6994
-2611
6981
4531
5683
-1640
-35
2916
2370
-4804
2488
-326
-4709
6715
-3145
-2214
8194
3252
1978
1735
8064
8494
2463
2895
11
-5163
-1928
-2977
-2973
2413
1895
-7228
-4221
5451
-2250
-7121
2556
-9063
-82
-1785
-2973
-1671
4695
-3606
-2576
-1536
1118
-4883
-125
7621
-7560
-5444
1071
1032
353
379
2614
-8282
2496
-1966
3925
195
-4196
-3175
-3761
2332
-1441
1791
-1199
3318
-4875
-3053
1440
-752
-4823
-1445
-3586
-2060
-2006
-674
-2151
1504
-1414
-6092
6993
153
4637
-6179
473
2801
-4524
1049
-7285
1377
905
-1798
-1437
-4392
1519
6186
613
3823
8799
2523
3500
158
9251
6796
4080
8289
-291
-1608
-3095
-121
-3954
4686
541
-1014
3209
591
-3421
-4860
174
-2803
-2208
-1836
1484
-1252
-2866
-1003
-1874
-6564
1503
2453
2628
-3544
2363
-38
-418
-5631
8644
766
-1364
6384
-5725
2027
743
-1388
1268
5209
-5100
-8707
5543
3088
1566
1322
2866
-5776
2956
-335
-1455
2382
-525
-1802
-3544
731
-435
-7513
-7393
962
3738
9667
4136
412
-883
-427
-7511
6146
-4761
-3576
1873
-8666
-4005
-3336
-4899
6683
-9239
4280
732
2851
7415
4786
5744
-2662
-4169
1149
-3588
5246
-211
-2116
-3194
-371
-7966
-580
5614
3810
-5105
-1883
-6336
6020
-2296
-9805
-4733
-3377
-1901
-4890
1805
203
5540
1338
3189
1767
-5339
5055
-1252
-3895
-178
-7770
1070
-2764
-1713
-3597
2514
8154
5376
-1918
-890
67
-6158
-5267
398
6792
-435
3088
100
4748
876
-4686
-12
-5782
-2697
-4189
-1567
-4421
-7673
-55
-515
5766
5779
-1289
-2538
-2435
3495
-1030
4878
959
3047
-3751
-2648
-3154
89
1198
-6225
721
-4261
-2325
-3528
-1187
-499
804
1847
-2604
4843
2653
4358
-7295
-656
7904
4124
2873
-8576
-6102
-5263
5067
8375
7687
8388
-4132
-500
-1953
2036
-2187
-1024
-6142
-4003
-600
-2903
1914
2633
7055
-2164
2232
-7806
-7705
1853
683
-3991
6203
5786
-1295
1121
-159
1379
-2314
-4257
-6242
-4945
413
3843
1042
-2510
-7907
3644
22
-4327
4893
2480
-580
-35
5898
-323
-1673
-1534
-957
0
-2226
5985
415
-2587
-4438
-6119
-3287
2121
3466
781
2274
-2725
-1342
4020
-1058
-4007
-4145
9340
1238
-1688
6257
-1546
4723
1781
1473
0
7514
484
-2271
-2273
913
-1284
4073
2493
2602
3779
691
-2203
-375
-157
3175
-1209
-2485
5745
5809
-3234
-6552
-3561
-8007
865
1149
97
-752
-4464
-3980
2400
-486
841
-3339
144
2169
4971
-4509
-1816
915
2573
2848
-285
3972
-386
-8224
4843
-4917
-5728
-2623
2841
-43
3277
-2129
209
-141
7797
663
-860
2448
-1953
6644
-2648
-1911
-917
3077
6665
-1895
-2960
897
-423
-3846
4900
881
6450
6836
-383
-145
517
-344
1789
1913
7396
3449
4288
1358
55
-2975
-635
-560
-1445
1943
1810
3536
-5217
-5524
-4306
270
5886
-6996
-5491
5747
-1401
4864
-2168
7963
4387
542
-4234
3630
-1215
-96
940
-6727
3116
3131
-8531
3604
-7220
-800
-3310
-4422
1018
-6377
-6120
3904
2142
-618
3548
8278
5493
5937
-7579
3596
-8955
1959
908
-2161
-7118
105
-1010
-53
188
3867
-708
-1207
1818
4841
-1530
451
-4526
-581
1426
-2191
3506
1257
2308
6666
-2254
-3685
-3457
7966
1302
7968
-467
2717
-159
1276
-7706
560
-3355
-2588
-1644
-386
-1462
-8028
-7986
-839
-3385
617
-3751
4733
4632
-508
565
4503
4088
-6762
108
-4172
-7345
-522
-2037
-4949
-5728
-329
-3857
-1753
1791
3317
497
-553
-4332
-1014
-1749
2797
-4411
-5325
-1351
3158
-667
-2471
-2379
2459
-664
1399
-8848
-6197
-2936
751
-1885
-4726
-2424
1014
-3321
-5854
7642
2151
-3983
-1715
393
5370
-2592
-2655
-1061
-920
4253
-556
1334
-1054
-1264
634
-921
2899
-3288
3684
-1447
-8187
9396
-5050
-4038
313
6062
-2321
1137
-9247
3169
3595
-224
10
-1141
959
-4188
8176
-1999
5489
570
4580
811
0
-2397
-2267
6723
-6702
1065
-7545
2559
-1181
1764
2730
3903
-705
3203
864
434
-7793
-4791
1789
-245
7136
2461
4051
-5325
-1432
-5893
1960
3532
6715
-3823
-1596
502
3292
2667
3588
-787
1194
3459
6509
2486
6032
-1237
-5348
-1057
-7603
4282
4798
2248
-75
-1514
6088
-2609
3695
-3953
-3817
-972
5328
-3973
-9523
4470
2831
24
2976
3763
-2187
1203
4153
-4733
7340
-328
1991
3292
561
2206
-7460
-3641
-4567
6266
-4791
-3118
-7056
2661
1251
-3369
-5828
5013
3526
-6651
6719
-3821
-61
5147
3695
2112
-4919
8447
119
-1753
-8233
-3157
2223
-2960
576
-6706
-3426
-303
130
-7285
4754
2374
1301
7386
1988
6728
-3111
-984
520
-1418
-1791
-3033
6843
264
-2041
-4445
48
9233
2011
-5154
4328
4316
-7557
-3818
7724
2980
-4178
-561
995
2367
-3617
-1290
948
3189
944
-4132
1194
1835
-1481
2005
3830
-6507
-4505
-7384
-610
136
2253
-6351
5474
330
-5087
119
523
4293
203
465
-6536
-2064
-514
4170
5713
5886
-2738
1670
-7168
-6140
-1186
-4664
-5206
2701
3370
-1778
-4516
-2175
1560
2681
-3449
-1649
-6101
-1057
-935
-1457
-2541
-1164
-8631
-3631
893
-5015
357
-121
4343
1599
3387
3650
-330
-6673
-1363
-8829
-4435
-966
3363
-809
-4160
-2161
-7605
423
7663
5166
-191
-2150
470
-1753
-3487
-1344
681
8362
-5042
7099
-150
2242
6256
1835
795
-3016
2095
3135
3954
6720
-1455
-5173
-5860
-1807
3460
3180
5238
-9166
-2727
-1412
4547
5075
4150
1822
-3521
-4717
1296
-1030
3360
-2802
2035
-1780
8360
-7026
-5062
3267
5363
6758
523
-2730
1783
-1632
-8226
2971
-4131
2822
-5285
-1536
2614
-5596
-2522
7019
358
510
2966
-6322
-4585
-900
2307
-1180
-6600
-3214
-6652
2991
-2145
5709
-1376
27
5006
-1581
-27
3112
502
0
-634
-5572
2065
-569
5973
-2682
3281
-7072
808
-3143
3530
2065
-4828
2163
-1692
-4633
-3634
-294
-5862
-1815
-318
-4132
-5470
-2608
-4611
-340
-1632
25
428
4015
-3314
-3646
5738
7078
-4036
2633
3279
2039
2493
-5366
3533
6572
-3088
-7544
-5038
-4932
-3103
-4684
-875
3268
-823
1480
1075
-2551
1589
1499
702
-2385
7791
-3539
5290
-1063
3632
-1914
2119
7216
-4296
4067
-63
-141
-5231
886
196
1319
-2874
7574
490
-230
-4137
1160
-1043
1290
5144
4200
-830
5060
-3769
-5240
-1367
3382
3188
3113
-1675
5517
926
-3639
-2119
-2126
-1564
-1698
6044
-6417
-3539
5227
-4585
4651
511
5013
-1820
0
4737
6891
-893
-379
1887
-6186
-6075
3058
3625
-566
8341
3976
2168
3285
-1064
-4807
-2241
-821
-259
-6019
-3757
-325
-470
3193
3587
7299
8364
4316
-6727
3617
-8152
1476
-736
-4570
4363
1501
184
0
576
5023
-61
2448
1562
418
7345
-386
-6131
-2111
-5962
1098
3919
-7445
2001
-4269
8367
-1236
6059
1849
-3085
-4473
-6664
-3300
3851
2523
4603
8841
-3094
1700
873
-6230
4576
-1207
1922
6169
1455
4696
1794
-3662
-8041
2979
151
6046
67
3814
-4238
1623
-2312
2599
7900
2005
4699
8123
6456
-33
3895
-1825
-4379
-566
-6481
5504
4080
-2445
62
4592
-3273
2214
-7036
-6442
-3907
1720
1831
-2185
-1937
-2801
4148
1542
833
5158
5011
-8287
-4786
881
1063
1700
-2976
302
1903
-2328
-1017
1015
-2647
1384
536
-1915
-9322
-4415
-3496
4464
3731
-9322
5892
6000
659
2730
2329
-6978
-4138
0
-2656
3835
-3499
-5980
1205
-7896
-1769
381
1782
6783
-1675
2110
-3952
-386
-3487
-4312
-7010
6461
-4890
-1200
-1057
1082
-1565
2219
-1509
689
267
-354
-4463
-1361
-791
2841
3382
3709
638
-2052
-864
5074
364
239
-3350
-1554
6187
2906
48
5748
5667
-624
0
6067
5669
2906
-1453
1955
-4119
308
2416
4149
-760
-5959
-852
-3759
-688
-1574
-665
2093
297
-2324
-3630
-3931
978
-3479
3876
1291
2348
3190
8414
3358
2370
-347
-372
-1669
-2727
-1063
4166
-3194
908
1565
-1713
4436
-3628
6907
2952
-2434
1762
2003
4299
-1392
-2750
697
184
-2184
6015
-3832
-710
1366
-3360
319
-1546
3267
-954
1806
419
93
-2224
1970
8841
-360
-970
-499
-4192
490
-6580
-1576
7500
2639
-4791
1237
6841
6
-5406
1570
4035
-6461
1894
-2581
2162
-6720
4987
4794
-1063
5313
-6957
-3307
2535
-2998
1014
-2500
4197
439
3769
-2028
4680
-6235
4395
-7734
3692
4611
-6570
2621
-4038
-2898
1706
5550
-1281
3604
4439
-3566
-2935
-831
1248
5727
2797
-8099
-8776
-4948
7774
661
3754
-2021
-816
6918
-7445
-6030
2086
-1828
2979
-1073
2649
-1066
-3791
-4976
3080
3926
-984
-1391
5961
2867
-56
5450
-430
315
-2827
2373
6166
747
1582
2157
-6307
-4894
-2129
2759
3797
-1735
1990
-3859
6374
4575
723
-2823
479
8226
-1220
1700
1528
-2918
3996
-584
-3515
-2537
-771
6682
6231
-1129
-7081
3139
2869
4308
7192
804
1825
-7693
6130
6304
2767
603
-632
-684
468
-533
8338
2743
-6626
-4305
-4925
4838
2568
-4639
4845
-929
-3202
4415
-4745
3870
108
5273
-1514
-7613
-5737
-3597
7382
-429
-2877
7602
-4106
-2018
8240
5064
-1859
-4515
4996
-2469
-3774
-4
-2113
2704
-371
2607
3752
-3204
5614
-3507
-2880
-594
3107
7787
-9153
-291
849
-5556
-1567
-656
6302
2241
4019
3411
4552
2843
3128
6917
-2033
5472
6429
3338
2702
2876
-3231
-1106
-879
8633
1444
2478
6475
525
1610
5985
3578
-793
-4360
1112
966
-3537
1178
402
-1186
5704
3229
-4130
4897
-2510
-2646
-4005
-748
-1688
2515
676
-2722
4442
-3695
1782
-84
2976
-1035
-1880
-1063
1983
7421
3618
-6729
7567
-366
4423
-3444
6144
3211
1838
3604
5189
6431
-3449
6559
-2696
3741
2063
-4235
-6372
-158
3233
-3656
7525
-546
-1834
4036
1322
6784
-4285
2759
-6570
2945
-9053
-2726
-7298
-4541
-314
-1077
-5860
-5972
-4189
871
-3886
-3179
-3105
9
4423
-2702
-2135
-486
-3231
-5305
2341
6208
1246
-2815
-3079
-1330
4967
661
-8120
-2247
2774
693
6361
-2217
-5081
-62
-1292
1781
5124
4733
1601
723
-475
804
-664
-2806
636
3763
-4810
1721
-2160
-2463
4827
-6718
-332
601
8671
-973
699
-4784
0
-693
527
3865
-7496
6821
2637
-7010
2750
-836
-11
2737
-3089
489
-5376
-316
-83
-9687
-6290
2695
-800
-3633
699
-2591
-4433
-2748
2290
-826
3494
-499
2405
4670
7116
-458
-7040
-2357
2372
-6049
4265
6769
1810
4184
-6317
3088
70
-4221
-3428
-681
3002
4693
3136
-7314
-6524
-3021
4584
496
855
1537
5385
-2875
1336
3158
1810
-782
-2451
3935
112
1035
-6349
-97
1174
-2123
-5045
4185
-3771
2232
7219
-3893
-3817
203
-6098
-1239
2765
-6081
2258
7565
-3776
1389
928
9287
-2380
-5749
-3042
-273
-1275
197
-7039
-2377
-246
-1342
1472
-7542
-2714
5937
2529
-34
837
480
9207
1138
-5481
-2302
1227
-4547
4136
-7716
-1781
-4750
-2046
2387
5514
4350
-2309
-5269
1720
-4142
-2890
-71
-323
-5728
5437
-3681
4575
-5618
-4739
-532
4293
-1734
-860
2016
-4235
4094
-2587
-965
6620
2567
-2
955
-6336
-2148
-1403
-6030
-6905
-3479
2807
-2762
-8912
-7312
-1030
2535
5202
-3156
5938
-2180
-1831
5128
1448
3811
1482
4186
-1695
4704
-89
-3912
-353
-3553
-3926
6143
37
6947
-2224
-656
-335
2544
-1638
6211
2728
239
-1474
2546
7800
5454
-1196
-8323
-4252
-3445
1121
-6083
-7766
-2824
444
2066
4002
-3618
-370
3261
-3191
-1032
1568
-3495
2582
4765
-237
-2644
1285
-1833
1745
-6546
-6729
-997
899
250
2997
3466
4035
-3703
4627
-4932
2744
197
888
-246
3907
-2613
1200
1585
-138
-2592
-5142
377
-814
5278
-8434
3899
-5780
2967
3936
152
-2885
-7187
4424
-6441
677
-5308
-2254
55
4786
5778
-937
-4142
-2985
5597
8227
1962
-885
7857
3488
-2558
-1355
4931
-4720
3180
-1112
113
-4477
-6650
3206
3897
-1599
5685
7496
-1749
3797
-1633
1469
-4112
758
-1715
817
-3946
-2491
-6425
1485
1705
-3547
522
-1378
-98
-1245
2075
-2262
-5394
-1764
-2217
-5374
-3192
382
-2972
428
-3472
-1532
-2799
8716
573
6266
-6732
-4604
1111
-7214
-2379
5234
-1410
0
4089
3650
177
2232
-5438
-7005
-4431
-3336
2549
2570
1891
-7915
2539
-1538
3317
-5444
-2495
-8447
4656
-1313
4240
3499
386
-6744
-5644
4145
-7970
-1367
8760
-3497
-1885
2491
3203
-5088
2867
-1457
6682
2016
-5372
-2467
-1532
4101
8834
-2820
4109
-332
-196
4963
-886
-6142
3003
-1841
-4033
-1903
4547
-7265
4754
4758
2472
-9239
3797
-1966
1294
2196
-1783
-6344
3830
4542
-5981
2070
-6
336
632
-4010
-1654
-3193
516
-4555
1600
39
1879
4323
-514
-5573
-3892
6831
-5151
-6042
-4545
-4015
2557
-6515
1409
4519
6892
3478
-456
-355
6037
-3247
-4614
6349
4794
-3228
2132
3813
5323
5136
3147
1228
1203
-4581
2340
-784
502
4845
1273
3188
-1828
-486
-2236
-3739
-1799
-4536
-1084
2187
3640
6203
4597
-3896
-1249
-3703
2161
471
-2229
-199
3895
3715
-7513
-3668
6437
-3198
0
1454
6755
-6924
-1713
-2542
-3796
2987
1168
172
-2480
-900
-4511
-1331
4715
-958
978
-8590
1038
6600
4639
5202
4192
3526
-826
4111
-4559
6644
-6382
2213
-4546
3312
3318
-2825
200
2928
-4253
9267
-423
1168
-418
-1431
328
-9120
-643
-5522
3686
120
-5192
-3394
-3342
-868
4359
-5069
1316
283
-2622
5234
1828
3584
6509
-1806
-245
2345
-1259
5158
-740
4211
-1171
-2056
-1727
630
-3886
-4607
-2317
5382
-1026
-6493
3549
1844
-4379
-1777
-3699
-213
6897
-3481
-7000
1183
-1526
2988
-6496
2596
4502
-1239
1071
601
-1398
-5612
4576
-2212
2177
2950
-3544
-1405
-366
-4937
6581
2579
4343
513
2186
5300
1444
2848
188
-3328
-5854
-1049
-2147
-230
3574
-2753
-4508
-3860
-1650
9622
-3724
-5943
974
-953
1228
5301
3905
-2660
-2530
2512
-2635
-3207
45
3086
2507
-1808
195
-315
3800
-1672
3850
6537
513
-116
-67
8064
-2313
-1169
382
-2294
-111
-1081
-1634
2370
5747
-6631
-5845
2600
1446
-1252
-4726
-844
-4071
-8631
5020
-1298
-1769
7908
2901
421
-836
-9816
-390
4123
-3130
-1349
-318
5170
2785
5955
0
0
-3895
1705
-1318
-2012
119
-2264
-1636
-3794
1394
-130
-2103
-2813
4173
-960
55
-1642
7281
-2702
-5839
5372
5049
265
-2536
6964
999
-7579
-1786
-5784
-1886
-4426
-3992
5592
7787
-2194
4830
-5222
-2511
-1916
-2855
-130
1865
1927
5031
5495
0
-6314
2483
-1822
1920
-1351
-2288
-2594
-832
2541
18
-2498
4574
381
3478
-2090
2040
-4275
-4935
1067
1290
-260
6891
4464
2777
-651
-3819
-6946
551
-4430
-2916
3324
-3245
1177
5777
8861
7271
653
6544
-2681
1310
4758
-4704
3715
-2418
652
493
-5158
-1825
2001
-6140
4694
7696
-5047
-440
1254
-2624
2985
-82
5512
6170
2257
-3573
4098
-4093
2849
1161
1894
1150
1210
-701
-7981
4725
5227
1825
905
-2433
1254
951
-5602
1633
4589
2313
-360
-8032
5846
-4189
0
-2601
-4990
817
-1840
3911
4227
6393
1778
4743
-5055
7483
-4141
889
1266
-978
-1765
4740
-1944
1290
-1716
-2774
1612
5697
7821
7812
5360
-283
-2451
-6325
-3187
-3077
-4147
4230
802
4963
4408
-3585
8038
1266
689
-3288
-936
-1962
-2619
-11
-5781
517
-224
-229
7372
3268
-3648
0
1149
3798
9005
-3725
-1846
-1673
-2597
-2772
-1334
-3154
3195
-4629
-9166
-1907
-5364
365
-1009
-5692
-1557
-3245
-4862
-3631
3005
-2476
-4788
2463
-6043
2187
5332
5400
-818
-5385
1301
-2023
1280
-7212
4776
2034
-2644
-2259
-989
1611
-1547
-224
621
521
-800
2686
5044
3957
5077
-2221
-1207
1162
3022
-1074
-1547
-2595
-842
-1281
-6471
1716
-3197
5357
-3067
44
-858
5743
-230
-4055
-5056
-6241
9235
-3573
-7732
761
-1366
-1754
-5596
-3037
-2428
2140
7045
-2056
5122
-6532
3684
2675
-33
979
-2727
-4379
-4881
8304
-4577
788
-2221
115
-2463
-2335
418
-2293
4166
1591
-2212
-6852
-504
-3226
-960
-6229
4427
1084
5057
-1972
-3807
6057
-4825
7721
-1722
3914
6231
2215
450
5014
-958
3732
6399
-2157
9285
1213
-182
3126
468
-1025
-2531
1333
-6141
3439
2343
-1969
-5360
-3899
1830
-6496
-145
-4251
-3768
-1821
-988
999
-655
-657
249
-5757
3234
5800
-199
-8
-4649
-316
-3105
1914
349
6578
-2517
539
4385
-61
2596
-2231
1982
-4837
-1764
-6104
1260
4867
-5674
0
-923
891
-2164
7178
8274
-2288
-4073
-2064
-1101
-1510
9275
3391
-1826
1557
-616
-6070
2054
-3228
1735
1731
2536
7078
4089
9702
0
-2307
3131
2265
-2604
-7085
27
-2058
3878
7846
-2081
-1864
-1281
-4745
8199
-6083
-2977
8539
-3733
2027
6239
-3971
-4088
-810
1940
1514
7787
-4410
4769
-6662
-206
-1443
1791
1889
89
-4659
-3611
4017
-191
2290
1637
-1153
720
1543
-2145
4254
-2209
-3408
-4250
5647
4073
-1542
-384
6688
-9365
932
-3471
4341
1716
-5763
4240
-5666
-4441
1285
-2670
-5136
3940
2984
2320
-4101
2496
-3466
4938
-2505
-987
1356
-1039
7171
-2010
-1313
-2192
5568
8406
-1180
258
0
-3721
-1293
3416
-647
-1352
2051
-1340
-1468
607
5861
7607
-1173
3168
-1390
1370
-1835
4770
4409
1901
7793
7201
-7550
6115
-3999
-1314
-5738
-2950
5144
-7166
-1294
454
4142
2912
-4951
7797
-5196
1896
1723
-2037
790
-2518
-849
-514
-3849
1466
-2427
7827
6825
-197
3785
5866
2702
1263
-764
-7946
386
3132
1638
1601
-8713
5444
5401
9763
-1586
-1522
-415
1833
-9239
2439
-6307
-2544
4069
-689
-6770
1484
1606
6476
1957
-2038
3569
-679
497
-636
-3069
903
6573
-3868
2150
-659
-5875
2086
2247
-3508
-6877
677
-1835
213
6644
-3545
4687
2109
-8378
-5971
-261
-3663
-1864
3705
6740
-6830
-1029
-3098
603
1424
2308
-2851
-5857
3241
9344
4938
-6108
-8575
-2521
2545
805
4284
5436
2151
3770
1715
5322
-3464
-5333
-3679
3949
3317
182
-246
2691
-4179
-5205
3268
758
-7009
7243
-2911
8395
1504
-3372
-3124
-4213
3287
1148
707
479
-3207
1420
1575
-637
4930
-3809
3259
4908
-4055
260
-1509
-942
3523
-3809
-966
1974
3191
470
2536
55
1513
2219
-1798
-3582
-1536
-1144
808
-1376
0
-944
565
421
4300
1699
1000
-4415
3419
-5725
8629
3339
-2167
5128
1560
181
928
-3082
-4489
-2570
-224
-2882
1344
4782
-2230
-3122
-6191
-144
3732
6115
-828
-1738
6043
2476
-2107
-1903
570
1606
-2284
3972
-4400
-4261
897
-1008
-5438
2879
-6062
1884
6169
-2895
-2297
-8897
0
-2936
3435
1493
539
3040
-3131
3066
2214
8565
-36
4833
-8764
-8686
1254
-1348
-7002
1714
-5033
-2626
-6590
8179
2678
-717
8027
-7627
3766
1747
-1928
283
9129
-816
11
-5631
568
-4191
-3687
4685
-2594
-1531
-1171
-6443
-2100
616
972
-415
-827
454
-3394
3132
-5298
-3613
-6259
6524
-139
2614
3233
-2668
-3468
-3282
-1827
-569
-5360
-5821
2507
-1058
1786
4067
4819
-1683
-5118
528
-987
-1699
-509
-6429
-3679
597
-622
2740
-7729
3774
1592
3878
3497
7448
-814
1165
-268
-2562
-7327
-2265
5879
-1530
1160
-2654
1030
1457
-5086
476
-3421
5395
-6442
289
-4250
1318
-1146
-2847
4159
-884
-488
-5545
286
-1745
-7617
-6003
-6307
4816
-2476
-2506
2560
-230
-3865
5300
4184
2399
-5604
2961
-5300
-4666
-3871
-485
-2727
3541
-5096
-7088
259
-2138
-3309
3610
-7233
-4712
1015
6207
-4449
-7683
-1344
1389
328
2248
4251
2356
3604
4229
2616
-6352
6026
-893
1317
-5646
-1200
-7380
-1849
-2302
1211
564
2849
-1374
908
1956
3161
-1721
412
-6201
-4504
-2585
-5875
-1695
5033
-4846
-4506
-3550
-6894
2526
-1451
7530
-2037
-1562
-199
5096
-2587
7033
-1337
-2363
-3774
-6786
-1558
3349
-5153
3091
-4362
7966
-2963
-937
-1447
1205
-3423
-6131
4694
-3481
-4197
-4409
-1487
-4623
486
2452
-9250
3031
-4029
-370
-439
-7413
1784
3765
-1481
-290
4081
4517
-1481
3652
284
7084
5175
4902
2426
6335
-1853
-936
14
2667
1283
-388
1188
2439
-31
-4840
-102
5377
6768
-3932
3628
-1259
4014
-673
-5977
-130
2426
-3707
-1665
-2412
1594
-1478
3073
-2361
-6215
2017
-2097
894
1052
-2757
2318
-2898
2653
3973
-653
-7247
1975
-2792
-5731
-1169
-2634
6553
8231
6667
-22
-3696
1806
140
2347
-370
-7088
1153
-5731
5487
1258
3863
-3433
1193
-3418
-6076
-3927
-7956
0
1933
-4620
-641
-277
265
5812
-4814
1844
665
-1108
2002
6811
-3943
-5931
3976
-2858
-3131
-772
2374
-3611
7079
-3542
-4145
476
1037
-6661
-1909
2758
4070
-2756
5791
-4376
-3889
-5718
1630
-1907
-940
-2114
6055
3948
-1327
-49
-6683
3375
5972
-7907
-2967
8729
4247
-225
-8041
-6493
-7793
-8737
513
719
-4441
-5190
-3827
-2286
-1663
8752
1860
-1955
-1851
5250
-7812
-5171
-2307
3241
1783
-1516
1258
6731
1318
1640
-435
-624
2288
49
2132
4124
-2413
-3660
1806
4316
2628
4449
-1425
7602
4060
-3011
-4296
753
-3631
1791
5994
5626
4530
-6414
-2194
-1062
-2331
-5269
-6819
1544
-143
2077
-669
368
-3074
1428
1728
1077
5055
2392
-7783
6340
5340
8863
-976
4253
4296
1398
-867
-1736
-6213
-4549
1471
-7981
2980
1837
5796
4816
2354
-1665
7355
1894
1103
-723
-6672
3543
919
-2908
-906
-2036
-339
2298
-7010
-3175
1606
105
8518
2587
-6506
1547
4973
-6141
-2629
1844
3641
1370
1193
475
4421
-3909
1790
6719
2843
-3921
2391
423
-5350
-3168
-7543
474
5889
4577
8565
-3210
-2451
-4101
36
642
4736
-3917
-646
-8233
1457
951
7864
-6506
5451
-1522
4433
-4645
3604
-8161
-425
4919
-1853
5143
1032
-7414
3398
1123
-4555
4425
-309
3776
-4677
-584
-6492
2759
-3449
-4537
-2219
-5699
6350
283
-3960
6152
3946
-121
-850
5093
2734
-1289
-2039
1122
-1516
-65
-6825
-6179
-7369
-1082
-2834
4249
7063
-4151
145
2580
1921
1981
3488
-4443
-8053
-6753
-5153
-1280
-1075
-3194
8756
4259
2451
-2246
-7380
3424
-1638
-7036
1457
-3187
-1560
-7496
1731
985
-8016
-5551
-5234
3048
6058
-4733
-5095
2317
4418
-8363
-278
-4683
3611
4452
3521
1681
2448
-1506
-4338
4265
-2809
3460
-5626
2236
-3404
37
2705
1692
3100
1524
-4976
1979
-3127
-3259
4971
3100
-7818
1185
-6197
2451
-2594
158
-676
1791
-5468
-3095
683
-417
-36
-3808
-1065
-6237
-317
-2403
-6167
5858
-3227
-1220
-6602
-4633
1674
-1513
2397
5802
3492
-3837
-2584
-2871
-1304
1437
-777
-1017
2878
-6553
-874
-369
-4691
-4085
2197
-608
-265
4292
3154
-573
-2463
-2655
1929
368
-1980
6228
-110
7742
-5587
-6004
573
1394
-867
1800
510
-3637
4359
3509
55
975
-4003
-4794
-191
4956
-1058
-2619
3014
4949
-2229
571
-666
-4204
-6699
3188
320
577
-3585
2112
-7736
-2244
-7557
1787
-1262
-4463
9103
-1571
5317
-5610
208
-2286
3824
-4579
2937
6524
774
1566
647
3246
691
3895
-1223
4710
4381
2612
-3509
-495
-3499
-4345
-168
7293
-1252
-1969
1948
3865
3340
2105
6250
101
-4723
1925
457
-1252
5624
-1675
-4535
-7460
2132
-3806
8130
2948
-1526
-2325
1506
1290
1545
5706
403
4500
-239
4791
-374
-634
-2727
-2070
536
-7056
-6523
824
-345
-97
-6107
-3276
-565
-670
-2498
1614
-1366
5802
1059
-954
8321
6004
919
891
-3207
-1513
1925
4396
-7964
-742
697
-6546
1475
-5385
-2276
-8756
608
6022
1502
-7555
-151
-4779
3806
1496
7273
-404
5615
-2562
-318
-3544
5287
-1249
-3043
5515
2046
-237
-2554
-6996
-360
999
9362
-8655
6844
470
640
-4659
-3695
3482
2859
-210
-1764
6109
1091
291
-421
-34
113
-1907
8556
-4472
-6204
328
3702
7894
551
-2797
-5009
8904
-1506
-2306
-4791
-7121
2613
-573
-7360
6866
4004
2308
194
6947
-4714
966
1700
-284
-1997
4972
3752
7039
5493
2705
3824
-2763
-4691
2124
0
6984
-3289
-961
-2642
-2898
572
-1881
7496
-6097
-4898
-5797
5105
428
3365
886
3534
-7463
-1907
-7551
-3255
3267
5568
36
-6135
4564
-6346
-2197
-679
1087
2105
-4320
1496
5852
2704
-44
3101
2091
2729
6134
-1171
435
937
-8504
6959
2232
-262
5490
-1941
-5962
320
-4724
3946
8289
675
557
2420
5827
235
2012
1287
-5369
540
3766
173
-2994
-1689
4424
-6718
-1857
-5290
3892
-1690
1588
3284
-117
-7063
-4745
-4952
-3055
671
-347
-3537
-4924
6531
165
-1128
2367
-3614
-4971
-2166
-258
120
-235
-459
576
3544
-2063
-1240
-1290
-998
-3791
1963
-2762
2127
2878
-6496
73
1423
1440
-640
4775
-6390
4922
-1354
-5250
-4508
811
-6700
6508
927
3225
2255
4273
1838
-656
-8949
-4472
5204
7238
-6725
-2745
-1855
7871
-3394
693
-1679
5357
2258
7598
1623
-614
6824
-4795
3850
6429
-1901
7552
-6421
4552
-6612
4289
1602
-5322
1509
-959
-2751
562
2197
-5828
2901
6056
4535
-4986
-5187
3031
232
-1238
1719
-362
-3213
4487
1752
-4911
2476
-6413
2548
-1209
-2649
37
5490
-4122
-1175
-564
7646
1219
4987
2594
3470
-3896
-597
-580
-2097
-6128
-888
-1196
-326
-3258
-3457
8494
3950
196
3101
5001
-4684
-2217
-5056
-1694
-2043
-1177
-6298
-6065
-1690
3911
-8242
-6739
3111
-885
4146
1062
-660
93
-2306
-4488
2685
776
1159
-5059
6899
4681
1493
2665
-2918
-2348
-3780
-2949
2991
-608
4727
-105
-414
4891
972
2121
-5438
-5394
3849
2132
-3739
4210
6731
-5648
2876
2546
-1735
386
4580
-3942
-5534
-816
-225
-2815
927
-960
1011
2199
2322
5588
-4543
704
1233
-460
-3861
-4409
-1352
814
-877
-1724
-3505
-9630
-6651
-4031
-4045
3134
-8666
260
2378
5709
5056
577
-8209
-1132
6547
-4792
3857
-4159
1100
817
-1108
4247
2151
-6098
1565
-2790
-5012
-1662
-4695
-330
-625
4504
-2906
3755
2297
-2934
581
5143
-587
-4917
8108
-6876
1695
-1213
-769
-5872
-4908
-589
2924
-878
968
-1264
-7650
2410
-5756
2455
6606
4192
-1116
-6319
-2021
-949
-3860
352
2831
6162
2766
1437
2859
-6601
-4053
-991
3020
-7759
-3168
-4402
4767
5524
-1771
180
576
-2183
492
533
-1785
-468
1254
1506
-1331
-1208
-1996
-290
-2309
8855
257
-1872
2993
1522
3813
3120
-1507
-6044
-2161
-2845
-3372
-783
-4342
-1836
6894
-3946
-9747
-4029
-7288
1599
813
-1020
3777
8670
-5043
1160
2127
6318
3808
692
-332
664
302
1431
654
0
-3436
7601
1616
-4764
2582
-4454
427
-3739
-955
4802
-486
0
720
-4618
-7655
423
6181
-7652
-1611
3009
272
3378
-1493
-1472
-1255
-3915
-661
7878
-5014
-9797
-3237
-6372
-1620
-62
326
-2983
274
-2145
2290
-3743
-3432
-6696
-1017
-2211
-8537
8273
4314
-1386
776
7975
791
-2088
-3131
-2554
-569
-6753
4566
-3428
4495
-3515
-1720
-2598
110
1736
913
372
-2161
548
-5525
-5026
9043
-949
6220
-7766
5656
3131
113
3080
-1438
2758
-890
-4474
-3101
-6994
-4698
-64
3635
761
-4196
-4036
-1846
5363
-3626
-1456
3298
-1156
1619
332
-587
5368
-2114
-2024
-4101
-917
318
-4188
-2379
-522
-1405
967
2294
-1595
-1070
2874
2029
2590
-3096
-2358
-1957
2885
4614
-1258
-6527
6733
4896
3345
3629
6451
3532
-2072
3813
1004
4819
930
1727
3592
-490
3248
2910
130
2140
-782
1493
4080
1137
-1938
-3544
1802
-4121
4140
-8265
-3988
-1827
-8331
-517
3604
-5364
5271
-2631
-2115
1168
-6230
4487
-2926
-4441
-1768
1550
-1610
-1695
-399
-2773
7117
345
1685
3642
-9348
-4783
-4260
-2199
-9753
2293
5336
-2061
-727
-571
-89
4704
-1633
2649
-188
3026
-3139
3620
3634
-2361
-835
-1296
-4604
567
3691
1425
-1755
-3763
-2293
-1432
-1940
4193
1566
375
-1986
-2024
815
8809
-501
-1934
-1059
4310
-1587
1367
-4010
-6198
2269
-2688
-1196
2850
-1736
2495
-6086
-532
2067
6736
2558
-5018
1413
3140
-2164
-3900
-2002
4079
4670
-2226
-2025
1740
-498
1067
1530
-32
3650
-1575
6730
4721
5706
6466
637
-2725
3138
-2373
-1583
5706
-6696
4269
-5780
1853
1569
-7276
9068
-3755
4838
6784
3884
-1154
-3368
6891
-1864
-634
2659
-7540
6458
-2212
1762
1943
-5877
6333
-5067
182
-2009
4123
2623
-4208
-8176
-631
5102
-786
-4131
915
-2684
-5252
-2754
-3932
-1936
6368
1537
4193
1619
4997
-3126
8780
4799
720
-831
8349
2804
5540
2888
-3555
-135
-7716
3295
6581
-2183
-8079
2150
-758
1394
313
-4683
-1225
781
908
-1820
-3143
-6119
-1605
3304
-4899
-869
-5476
3836
4709
-5274
-399
-1215
-2836
-1994
-3976
-5352
3869
-5419
4449
-3873
5534
-5196
-6984
267
-712
2591
-1138
2271
2613
-4254
5145
4788
-3875
4527
-2172
-1826
-3635
-4113
-6314
-2107
2318
-7480
2873
2306
-4435
6451
-42
-4676
-6013
-1714
-3860
496
5052
-4180
-1878
4262
-1707
4828
-938
3587
4362
-2251
102
-6573
-4001
945
2678
-935
-1792
-238
-795
-289
-473
-3038
213
3469
1982
-6828
2511
-1944
-1421
1208
6893
-2209
4356
6711
9285
4393
-2183
-2764
2531
2238
318
-7786
3319
1185
792
3944
2297
-3595
2367
-4999
-3912
1904
159
-2681
2941
1109
5147
-3423
289
-5222
-7200
-3309
2418
-5435
-1353
-5650
1404
-192
69
-2164
-7591
8972
-484
6583
-4894
12
4344
2117
-2021
2767
-1491
7567
-2871
8809
3535
-770
4314
-1597
-6229
-1216
2539
-2266
252
-303
6330
3748
6318
-4376
1878
-4220
-2244
-2907
-3038
205
-3851
6668
1840
967
-1680
-770
-4679
521
-519
-1101
-5259
1484
948
-4284
-1789
-88
-2729
-5096
8401
2873
2552
3403
2720
-4726
5634
205
1004
6458
-2924
-3787
-2822
-1760
-6369
1581
3808
1426
667
7317
-5033
1923
8038
2222
-9791
2102
-1425
-3375
-7605
5489
-4147
-1038
-676
3118
-7808
1248
6421
4418
-5273
2775
2882
-3792
2681
-5149
-3827
-4271
-338
4828
-4422
-2068
417
-1199
1448
-2626
7794
-6362
2039
-2303
4113
6610
1263
1513
3788
-1227
-461
285
5706
6038
-638
959
-1625
-4340
-2296
-1911
7073
4830
-9232
782
-94
-1234
-7314
3973
2313
-1352
-5107
-4550
-7251
-5197
-4082
-3811
565
3728
2551
-1904
2048
-989
1065
-5308
2942
4558
4459
1294
4144
2885
-3631
-5298
-1204
4051
-7127
4592
565
-2458
-1565
961
0
5328
47
4192
-2260
454
-4281
3444
-6062
-6052
3435
7120
-3542
5974
-4537
1305
-4654
1783
-3471
438
5135
613
12
1413
4060
5727
-5591
-1445
5683
5614
192
-2072
-6046
-1125
1903
-2468
5749
-8
634
-434
6659
1988
4427
2274
-235
252
534
2179
1004
-5479
-9088
6917
3977
4793
-4241
2035
-5680
2028
5305
-319
3865
-1088
-8823
-2499
-659
-3693
-5609
2510
-219
-2613
3031
179
4693
1018
7394
-4130
-3553
1047
-2609
687
5009
-8871
-7388
5775
1237
-4404
1956
2488
2417
-337
277
0
-4153
-4926
-2361
3983
3482
4509
-4429
-1943
-1486
-1447
-1521
142
-736
0
-1916
4459
-1851
-3657
-2648
2299
2050
7281
-5555
-2853
2774
5548
-646
-3533
-4209
-1801
1568
-3402
-2336
8556
6338
-4723
-3428
232
2011
4610
2733
1736
2808
-2551
-7598
-757
-2770
-2989
-8299
-3279
-6059
-5447
-4675
-1736
-1977
-3473
2835
2316
6256
3212
-5537
2534
822
-2256
11
-7854
-2522
6699
4468
5332
-3387
-3120
2766
-3460
328
-538
4922
6374
3295
2594
-4413
7952
-1238
-1627
-3264
-3827
-7678
4843
19
-7511
-3628
2693
-1440
-1169
3967
-4463
-1047
-6778
-1657
3506
4123
-52
5974
-620
4188
-3958
-6931
-74
5117
1378
-2696
-1856
3651
2290
109
2359
-457
-4105
2265
3651
8039
120
-6616
-1186
-6996
-945
793
5013
3631
53
-4599
3664
4257
2392
-5229
-830
5351
2589
-3514
3499
6100
1814
-458
-822
-927
4611
3082
912
1379
-2342
-6333
-973
3622
-470
-6086
-5563
4446
-506
-109
-5069
-3528
5227
-463
776
-6107
-6034
-5958
-6832
-7251
-2672
5477
488
1572
966
7690
1018
-1157
6981
-1033
-515
720
6040
2000
-2184
-694
3449
-178
6984
-5368
1967
-4681
-670
3519
602
-6561
-1391
-5479
-1690
-5437
1188
-4412
5747
6447
-3038
-4962
3779
1101
5202
5685
675
1307
1722
-1917
4476
-4687
6893
-1418
-3199
1920
-2664
2285
-2563
731
-1500
-5359
1782
-469
-5327
-1694
-1094
-3454
-8398
4664
4838
-2634
5591
804
-2011
-1184
158
1776
3267
-5920
234
591
-1649
5658
888
-605
6561
-227
-1984
-4526
-4155
8871
-4808
-1876
2181
-4329
-5191
-5490
-4818
-1628
4136
0
6119
-6406
4454
6153
3078
-7085
5537
-9837
667
1853
-3057
1193
-5043
-616
3174
-862
3803
5055
7900
3867
1913
573
-1855
5570
-4946
6165
1138
-339
5625
-566
1512
-175
4976
-6088
204
2774
-2648
3825
-7061
759
-563
-2534
6162
-4424
-103
-7036
877
-8758
-22
6274
-9064
-6792
4806
2877
2706
3570
-7806
-3895
-4295
-611
4165
495
-3446
6108
279
-6163
-3072
1446
2180
808
-2447
817
-3499
-816
-2499
1678
1985
5823
2474
-2629
1692
1539
2048
2740
-344
-643
-6442
5331
2027
-4004
119
-4925
-2716
3350
-1281
-1903
1827
3103
-268
-2093
585
3356
-1109
-3775
1621
1782
2068
-9816
-5406
-1006
-3918
4147
9634
-3980
816
2426
-2342
651
-3507
-3586
62
3416
-4360
6485
-5147
-3860
3042
2105
-3805
-2211
-5545
2928
1287
-114
-570
6340
5421
-74
-517
-3160
8907
-1944
3618
-881
6899
-3068
-5738
6210
-4457
-2829
-5052
922
-3969
1560
-1907
-992
265
-5366
-6378
-732
3469
3220
5402
-7184
637
260
-7630
1164
-1047
-2169
-5142
-3662
2250
3005
-4319
2101
4080
-2923
-6504
3373
5167
-7770
0
-7204
-2838
6531
-5386
4455
4365
-1309
-228
-4308
4020
-4281
-1249
1782
-1084
3412
6211
-2563
-1233
-8724
-1118
6798
-2302
-324
-4284
-6568
-6318
-2480
2766
-3265
486
-1895
-278
5327
8355
-1559
-3448
2126
493
2762
951
14
-1367
-4413
-399
4697
-1063
-7251
-1200
-1533
-7037
-4191
715
-503
-5444
-151
-1727
4811
1015
-1923
1664
2373
-1858
-1936
-828
-2413
3137
4200
-1765
-2243
1858
435
-2611
-4283
-4426
-439
2762
-698
-3408
4927
-1000
95
-2039
-3405
419
-2180
-3703
-2247
1912
1697
5004
-2544
-2828
5306
-3494
-5041
2808
-1906
-975
-8753
-3289
1581
-7001
319
-5142
-1597
1746
-6802
-1313
-4123
6004
-2901
-1125
-5676
-1869
5736
-6925
3096
3651
-7818
6667
1175
2604
2091
-5965
-1920
-5160
-3288
-6201
-4198
-1748
-2226
-9183
-4113
629
7467
-2648
7078
-9348
3543
-6260
747
4788
-4883
879
-5322
5268
-6554
-3113
-5596
-689
2275
-650
3604
-671
1909
3273
-62
2225
-7618
2034
-1366
2612
362
-7850
-987
1069
8716
571
755
-2239
5115
-5579
-3711
-5041
382
5739
875
-2296
-545
-740
4764
0
616
3412
-3338
-5995
4596
-6945
3947
2597
2787
-2624
7006
-1804
4811
-1858
3409
-818
-3360
-4909
-6314
4771
-114
-999
3131
7827
3241
1837
3353
-2283
3783
-4277
-246
1193
4341
-3005
-1298
-7094
4072
36
4272
6387
-53
-7970
-1510
-6705
1286
-1895
-7384
2876
7888
4083
-1000
-1986
-3106
-1056
-1014
-4869
4709
-3017
1506
-3198
1049
3673
4963
364
-1259
335
2752
985
4927
3002
-7415
3875
252
-2357
-573
728
3103
-3206
2444
697
828
27
-3791
113
4055
1968
7236
-2498
-3749
-3240
55
-2875
4267
3966
537
4329
-1555
2693
-3224
-637
-2974
2801
-4963
2197
-815
201
2159
1321
1560
-3211
8211
-3289
-2569
5422
-2619
44
-4010
-8796
4592
-1495
-925
2717
-446
2664
4363
847
-1782
1425
-530
-4526
-624
-3445
-3464
-7179
3506
-5962
490
-3129
6583
1888
5981
-4528
3154
4670
-796
7372
-1933
6001
-7303
-1857
615
2316
2903
2439
1856
-1053
1526
320
-1473
-5300
-3582
-8041
3138
-1915
-3319
-598
-867
-772
833
352
5268
-3944
-3273
-4138
7742
-1192
-3960
-3216
6367
4911
6214
1358
-5726
3409
-2870
-1398
-1064
-4670
-1725
-782
-2413
9244
-6504
-3499
-1707
-1238
-8313
1209
-4267
-2610
7780
1568
-1283
611
-6597
2343
-1506
-1753
1592
-7492
-6333
8019
-3201
5857
-6360
-3088
876
1205
-646
6302
50
5050
-942
-2161
4648
-2820
330
7377
1970
-1960
-1583
-5046
-2787
1592
113
-4402
-226
-1721
5202
-748
-1063
-115
-3547
2382
-2618
-1190
-812
-2207
-1530
-88
1859
2327
3274
-909
-3163
-4158
495
5540
-8314
97
-3199
-4061
3763
-3173
-1606
2942
-1227
1724
3316
-6260
-747
5293
6491
-643
1042
-4760
-8172
939
3432
3328
5591
-1874
-322
-3751
-2578
317
8327
1313
3701
-8224
-1548
7543
-769
5524
2430
4182
-3757
-1921
-1345
1380
-3358
-4031
-4737
-314
-551
-4435
3653
-4067
4036
4979
4747
4058
-5607
922
-8260
902
2613
-2944
-2995
-6570
-5045
48
-4203
3778
-3358
888
2785
-2790
4338
-4850
0
-3853
731
8234
5796
-4409
-3834
-6314
4228
-2389
2411
4079
-92
-7716
223
1815
7811
-4745
814
-2760
-2517
-9137
1296
911
-4739
1560
-3991
-2532
3227
5959
2171
241
1505
-1552
-6112
-3861
565
1296
-2727
-1673
2401
-1685
-6049
-5862
-494
-1693
-2293
-14
1793
-2302
2689
4747
967
5277
-2739
-235
253
4158
-1949
-5782
-2664
-3599
3073
-4629
-2686
0
6197
6386
-3868
6123
269
750
-4433
2169
-9239
-147
1444
268
-2743
-1344
2190
-6887
4835
-881
-2977
2497
2491
-783
1082
-1368
6103
41
-182
3926
-736
-4053
-3743
-3799
-3495
2257
-2716
5685
1588
-2176
6764
1741
3585
-9423
5129
3811
-4199
5083
0
-6905
-2252
-5213
-1348
239
3460
-5767
-8028
-2135
6821
-1277
3977
-4472
-6230
1623
2184
1920
955
-3767
6365
1097
5100
-796
1560
7084
2161
-2745
1290
-9285
-453
-318
-4862
313
-2456
2472
2182
-4010
-379
2808
-5731
-754
2486
-5127
962
-2107
-440
-6306
-1481
-1853
3964
497
-3857
1682
-3928
374
-5035
650
-98
3518
300
-2497
-3023
-1695
1251
-144
3260
-2259
-8266
-3921
3615
6279
-3587
1496
-5041
-3887
-1265
-2736
1251
5837
4378
6097
1800
-1312
5035
-3827
-1011
2980
-4141
6583
4856
-4180
1290
4101
181
-504
862
1835
3202
110
-1950
-1131
-4520
2199
4841
165
-6887
-7090
4612
2637
-1749
-3509
7784
-1290
-7327
5835
1787
1933
22
5851
-3468
5357
7932
463
4102
8083
262
3373
2181
4693
3812
-3641
2613
-2710
1065
3396
5317
4414
-3619
-382
6551
2787
-1306
-2012
-466
345
-440
-2879
368
-2313
4997
1165
-1398
1150
-5110
793
-4625
-540
-2243
-5384
-2988
4381
-5772
-564
691
-5224
874
-566
6768
2029
6679
-1213
-1671
-6534
1852
-7756
-3949
3189
175
-1120
160
2476
5947
421
6875
-206
4073
-2857
2601
16
-816
4788
2619
1460
4267
100
-2308
497
-3665
-3409
-4696
1840
3948
-1547
48
-3585
894
1241
-6655
3911
1352
-3350
6105
-8695
-3194
-1941
-4304
3508
4680
-5136
-2081
5065
6647
-4919
-4220
-765
-1556
-3576
-4014
-2110
-1018
1970
7152
-9671
-2497
1871
-1990
-5039
249
-6692
2759
-6167
5347
-2789
1631
-6034
-6770
-1090
4712
2613
-6299
-3501
4516
2000
623
5049
-5737
-9004
5092
-2263
4163
-5058
5164
-2412
-885
4339
-1278
5540
-2362
-2065
2838
2814
-5742
-3647
-4349
-2984
1741
4011
3438
5685
-5958
3970
-3055
842
4844
-6500
4378
1919
-1180
647
7233
-5328
-2364
-3792
-3470
-5343
-4285
2400
-1560
5470
-5875
333
3765
5304
8558
-680
4492
5323
4527
-2136
122
2958
-3144
-925
3521
4930
-3786
2076
5704
1219
-5438
4976
6310
388
-5196
1740
5098
-1393
-1369
-6699
5102
-4678
-3661
6065
113
5085
-384
-5422
-4260
-9687
2196
-159
-2695
1698
-3878
-435
-1447
-1025
435
3721
324
-5206
3810
-139
3579
1160
1678
2858
607
5730
1781
-3818
-4385
-3537
44
-2662
-531
2549
-2359
-4712
-6507
-4261
3293
2685
8144
-1098
3292
-9742
6419
-4446
1660
-833
-6175
6606
2455
-3499
-717
-318
5270
-298
-7447
3883
3225
-1371
-4487
-2653
-8718
-3503
6979
-2668
1483
-5062
-6299
-2877
-8246
-2789
-1996
7355
-942
375
-2411
2495
2051
6447
-3530
6191
1070
3688
664
8756
2546
4770
-1346
-6118
-82
-7452
1890
-1318
-504
3417
-5459
-6770
-1338
1433
8743
110
1556
-1391
1637
5788
-6508
5366
-3314
-2843
4004
8192
1974
-5781
-6264
-2542
2501
836
-1941
2156
-3727
-3725
4910
-4097
-5895
-4495
-455
-4517
1443
7540
-6570
-7196
-1629
-4622
-5757
6419
-3201
7137
3940
709
-3944
683
-988
2660
-2325
-3566
2716
140
-706
896
3080
222
3821
-4690
4473
3088
-3585
1888
941
-1740
3545
-2627
-973
-2453
-347
-3589
1818
-1619
-4145
2392
4558
911
3074
3412
-2855
4194
3945
5685
-9572
-7606
6143
-6918
806
-1798
-3495
2837
-1396
2185
2864
-6243
3106
-2085
630
-881
-4296
2385
4083
1886
-2724
-1673
-1876
-3615
-2183
1036
609
-268
-5535
7326
2430
628
7250
3727
-1632
-871
5285
-267
1359
-2756
5385
-3407
1628
-7061
-6225
3178
-9805
1455
4651
-785
3508
2591
-4355
-452
-2505
-449
8861
4979
-5119
-7777
-3265
-3760
1242
3468
6610
-6406
1579
-4
6078
-1237
1922
-1654
-9082
3016
-6492
-4169
-5648
-3155
-1974
-640
1134
-493
-121
3109
-1606
-254
-422
-4385
596
3367
6737
8077
852
6642
-1880
1310
-101
-6793
-1053
-3899
2954
7814
4101
-7026
-215
-1486
-4571
-4240
-6049
7932
8064
3281
4584
3277
-3140
182
-4528
-1096
2933
-198
-7359
2241
-4664
1283
5067
1521
-1698
-50
-8849
2298
5827
2343
-2390
-8196
5062
3188
-7958
-742
-5650
-7808
2592
-3226
-8188
-4402
9184
-2729
-3289
8571
2440
3180
1231
-3310
7619
2682
4285
5515
-2626
4913
-753
6758
-723
1694
5187
3319
3169
-4633
899
2161
-1460
-4366
251
-501
1592
7579
-2644
1686
-1297
-6186
1689
-6705
3231
4354
-3846
1494
-7183
3879
-1020
-6832
3899
-4160
4768
603
4455
6108
-1715
1448
3955
1044
-1513
538
-1352
2251
-417
-3320
-916
5508
1927
-3204
7368
3796
-499
-2297
1653
6396
-6370
585
-4400
-482
5323
233
-4579
-1799
4125
-6026
-1819
-2739
4816
-1909
-5194
1041
545
-7546
-447
331
-2868
977
-2696
-1058
513
1270
-3927
4197
6418
1683
4081
-2702
-4540
-5397
9043
1156
-6320
-1982
4222
6050
2219
-2342
-5828
3372
-1092
-122
-4861
-875
-1737
4557
-6608
-4033
3905
-562
-934
2250
-1450
-4437
7065
1643
939
-2290
-4598
2031
-2429
-7445
-7315
-8990
-5102
-2487
6020
-2028
6989
-6695
2213
-3752
5697
-5464
2182
5666
3517
1736
4253
4903
7265
-5522
1710
-7284
-3814
-1390
-5109
-2977
5818
-4909
-840
3789
1864
9800
3632
3306
3741
-2593
2047
-2716
-3639
6450
-645
-893
-3495
7338
-3128
3381
-3850
-2309
-2761
3545
-7
142
-747
1478
3100
6230
-4998
2486
1633
1669
6754
-757
1264
-1178
1431
-191
-1706
0
2291
-3857
-2710
-2835
-934
-3064
-1701
-2145
188
-3926
-6328
-1675
1852
-322
-1659
-3586
-6762
5099
-2176
-282
-2313
-6369
-5956
1859
1425
-1906
-533
-4781
-4073
-936
2666
-968
2313
5693
-2633
-4822
4007
6540
-881
4663
3548
-1070
-117
-5018
-2348
-4128
1470
-2672
1060
4590
878
1840
-2121
-240
-6678
-712
1776
6497
1017
2196
1782
-550
-6677
4186
-2730
2714
1818
-2265
-1695
-951
6211
-966
6136
-2807
-9129
492
-2801
1524
-5471
617
-2197
1990
3635
4138
6414
7402
-4329
-4555
-4804
-2221
3225
-534
-1264
-4019
6100
-7652
-5491
-2580
-7767
5974
3884
-1599
-1284
-6580
-5445
4257
384
-4413
-6751
-6605
533
-2825
4405
6379
-475
-7369
-504
4418
-2243
-4153
-4137
6989
6715
-3466
4140
-6386
-937
-918
-3528
1314
-732
7147
-6663
-3657
-3808
4927
3131
-2991
3878
-4649
1506
214
656
-1453
-7237
-3155
2837
-2367
-403
-5981
-2066
-5275
3599
3132
-569
6438
4323
2043
4299
6251
-2649
3660
7540
3609
2179
-5203
-1180
-9337
3500
7294
-4190
3029
1357
605
-1795
8587
-740
-955
-1057
-6931
5679
-4682
263
3984
5652
-6597
3110
-684
3684
-1514
-1334
1047
-6740
-5816
187
-3467
-4559
5148
-3832
-5389
-1017
-7638
-1098
-5995
6956
-4439
3287
3711
-5438
2511
-5201
1228
-8048
-2855
-5247
8424
5685
-7487
-4252
-6791
-1605
1665
-2086
-8017
-6481
1659
1120
-1319
-6767
-1546
-937
-7958
-3889
-6459
-1285
-3857
1011
3077
-748
-5435
-1366
2931
-2068
-4765
2564
-5566
-655
-5207
-2254
-2870
4464
-2586
204
6706
-2184
-3801
5105
-491
-7947
751
5685
99
562
763
-2642
-5704
3351
5843
4828
3421
6581
2213
2879
-2100
2558
4561
-3507
-4235
4601
-182
-5437
-4425
-657
-307
3652
640
6506
353
-945
3347
3537
5840
7798
2428
-1215
4547
2866
2171
-371
3189
6035
7976
-918
0
2216
-7741
-1564
6690
2241
-1113
4557
-266
-2302
5876
-2957
-2369
-417
8289
-98
3225
5692
4125
119
4918
-8565
-7509
1790
-3844
-2489
-1529
3167
-4530
3094
240
-3312
-4745
-2150
4400
6086
-7609
2259
-5370
7477
-2021
-845
5898
-4005
1069
-2216
513
-5047
-2648
-4712
-2571
3814
7941
-8730
1664
12
-5406
4120
-6191
987
2157
4685
-263
-3543
5258
6344
4736
2418
5315
1967
7317
-6075
-4523
6549
-1044
-5585
-8016
-4497
5982
154
-4041
646
2933
-6156
-2023
-1701
-7049
-3828
2883
-4990
7646
-1059
304
1044
-1447
-2792
2838
-322
-2050
223
820
223
-9053
-2898
3210
8397
6777
2047
-7551
3441
-1898
-2969
1123
-2164
305
-8414
1530
-2614
-6307
5710
-2210
-1807
805
0
-2600
-156
4561
-4372
2811
44
-4862
2926
-1483
-3581
-5145
6411
3756
-3748
-6804
-2874
8001
7377
-6451
651
-3105
-5073
1250
-1432
-119
-6793
-6638
-2114
0
-3069
-684
-1442
-3949
566
-1511
1455
1017
1941
-1799
-1926
5896
-2948
-6237
5328
-3216
-7816
-1435
-4191
-6105
825
1688
704
-1860
828
-2309
4833
2575
-5566
885
2201
-2429
4450
623
5959
-1827
-172
-1905
-3941
5741
-5066
-1899
2212
-632
-3231
1132
-3229
7778
3715
1711
-1737
542
396
3638
2764
-4085
-940
-691
-2210
1151
-8266
-1175
3796
3012
1453
-836
6512
143
-1219
4356
-1731
-3239
584
-6030
7363
-1416
2451
4228
4891
262
-6515
962
-3289
5279
1378
-4564
223
2147
241
776
-7579
3121
-3446
4533
1975
-13
-2967
-8578
2895
889
-6051
4687
-964
1221
-4653
8752
3870
-2636
2196
617
8110
4533
-4792
-1882
-6436
-236
-2168
-76
-4787
1927
364
6953
4199
-1237
-3944
-1841
-2243
3877
-262
-5010
1859
-1701
-6
-5952
4838
6161
59
-1556
-6430
-3462
-1264
3704
0
-73
4107
-2202
1041
-2870
7000
-1326
145
3579
-633
1402
-3466
6091
-2447
-5153
-1313
-4942
-2328
101
-200
1393
5195
-1981
1505
1288
1637
3202
737
2013
3024
4843
-5192
9322
-4517
5095
-3277
2338
-1014
-470
-7576
3940
376
-2334
4221
-7739
1803
-1075
1866
-3418
-4073
4884
-7754
3535
-877
-1437
-971
2281
-965
4396
5741
954
241
-3118
1168
6132
-4180
-420
1219
689
-3730
-1069
6332
4579
-7500
710
1041
-2301
-1996
3523
3521
-3564
-184
93
3161
4511
135
-697
-4924
3936
-3679
-1389
-1036
-3559
3130
5809
-1695
5766
-267
7573
-3048
671
922
-1325
3338
729
-3741
-5098
-4001
-1311
-4379
-3710
-657
3596
5365
2966
-655
-3663
1900
367
5356
7822
7742
2837
2854
-3694
1075
2476
-2962
-423
-2542
-5053
-4814
4166
-821
2735
-3501
2562
-4878
-3083
-2493
-9250
-1266
5713
3476
-2987
-6177
1910
4166
-3183
-1042
7182
5965
-7915
-2758
6981
-1028
-877
-2892
-1753
-6712
-401
-3360
3366
2601
-8226
630
-3940
2883
-874
-5140
-5018
4682
6987
4999
5092
-1723
-6939
432
4430
3611
-2010
-6371
-6728
79
-3177
3568
-1792
-1847
3872
-2098
-2067
3658
-330
-3495
2612
4527
6129
2718
-948
-8407
1957
-2746
-1753
2286
2101
6419
-927
-380
4941
-2111
-681
4330
3317
6065
-1148
349
1115
6701
2675
-4054
6134
1212
-2551
-1687
3549
313
-1405
-4029
2822
253
-8089
5535
4423
1948
4151
-5577
-5013
-5280
-6832
-5449
-3900
-5615
3775
-5737
505
-1631
-3754
-1476
5876
3423
-5164
-2789
-3392
1782
-2538
1537
386
6345
-498
1056
3856
1237
-3264
-1670
-5720
-5705
-111
-545
-232
1634
-3323
2426
2548
2405
3696
-1540
6124
2488
-1853
-3183
-3544
-5439
-5626
-2746
3191
-3799
-3974
-3369
3878
5126
-3100
-1669
1756
-5339
894
-4714
-2210
4361
-2107
4120
3181
1396
-5427
-6030
-1501
-146
7506
-4138
806
-1761
3875
-4554
1033
1504
2829
2046
1200
-6322
-1455
3792
-6381
393
-916
-4524
-7544
-1857
1109
-4275
-8483
-2531
-4439
6332
1583
3449
-4016
4864
-1481
-2415
2226
-2626
4408
6665
3102
6880
-2803
-4508
-262
-8011
1724
-3120
267
-109
-4008
-5935
876
2162
-1015
213
148
1223
3241
-3921
-1457
-5196
6291
-6175
-3190
927
397
-697
3277
2130
3597
-6978
2021
3014
7963
1641
8491
3403
-5441
-2344
8055
-90
-4505
962
5768
-7756
-6336
-3818
3025
-3179
325
1380
-9129
-378
-770
25
0
-3941
4625
-215
1720
1720
-400
8077
3521
297
-383
-6746
3800
5097
-576
291
5574
-305
1515
-2758
-1644
424
36
5177
4355
-3846
2931
-5792
-1711
6086
8170
-389
7061
51
4008
-6394
-4633
687
6868
6230
0
-4842
-2824
-2808
5456
-6110
9370
-1547
-2313
-2317
2829
5739
4269
-1617
-6980
-3945
-3287
-4644
-972
2869
-3029
4836
-1672
6295
-2061
-6597
-3314
3903
-2517
-3972
-5116
-5007
4587
1802
2260
815
3234
1473
-8152
-4411
-2695
475
1070
-3831
-4923
6241
-2213
-4861
-5616
-2011
946
-5537
4363
-1785
-1350
-2670
-1586
593
-2629
7619
2795
-16
0
-3269
302
-151
1310
1006
-3369
2502
71
-8770
-4982
-4862
8863
-4108
-2332
-254
383
3491
-4508
5948
2206
2895
-2710
55
1871
-564
-3609
5109
-5513
-125
-1276
1544
3911
4506
5339
-9277
1121
1393
758
-240
-6271
2894
-3340
617
241
-2562
1684
-2623
-5402
-971
-5604
-2789
-54
-8767
-4067
-126
-2521
1316
7860
2605
8801
4156
-269
1183
-3989
-5355
-2140
3636
-4823
-2143
1045
2762
-4575
-835
4141
4613
-511
-4260
948
2534
8565
-4347
4911
-1180
-1593
234
4922
-4219
2511
-2514
6179
4850
-3896
-8351
-5943
-739
-6978
2154
6110
-591
2817
-1301
-4274
272
1338
1933
7666
4197
3478
-8829
5293
-1319
-580
-4073
-6460
8401
-4756
-1017
2693
-1861
-3194
7078
-138
-5979
3220
-8611
1899
-1026
-7615
5159
4667
-9671
-4554
-5891
2995
3557
-5268
5923
-7447
31
3411
3218
1539
407
-2544
280
946
-4437
6651
519
-6692
-3433
-5538
4932
-1978
-2704
3189
-5535
-6
-3434
7294
4123
6763
-456
1948
-3072
3715
5210
-3194
1849
4867
-7664
722
-1510
4613
2622
-4824
102
1161
6504
7458
-686
3950
6278
-2115
2730
1740
1474
626
4737
-5660
1816
571
4932
1258
4269
-8713
-1390
5550
6518
5235
-2871
-2999
-2406
-5379
-1057
-1063
-4764
-3915
3973
-6828
-3733
7765
4640
-637
-1746
884
4200
5707
-4056
-3530
2629
465
-5786
-1178
-2598
-3774
-3395
88
-1697
5727
2746
407
1345
7742
-3126
7543
3668
424
-21
-1611
-6570
5331
-2565
2787
259
-424
-958
2762
3678
-4606
176
-4337
-3939
3812
3377
1289
6165
1948
4034
-901
-9272
-587
5313
-1362
3195
-3316
-664
3732
3081
1664
3033
6055
550
-8724
-6198
-2611
-7855
3320
1272
-2829
376
4856
832
3700
-3543
4251
-1403
-903
0
5938
6808
287
-5596
-7290
-6482
-4923
3270
2218
2133
5254
4028
-4073
-900
-1109
2753
712
1184
4627
2985
-3540
-3216
3706
-396
864
1496
-1616
-995
549
-2348
-1009
-1777
9157
1431
5885
1955
2023
-960
-1284
-1053
-8367
-1741
4231
-2273
-1547
-4121
5541
-2710
-1847
-3649
1670
-3350
5375
-4925
7035
6547
-6911
269
3373
4911
-2126
-5369
-2409
7091
9710
4497
3892
-1251
-1522
-6891
483
271
-6815
3967
4486
-4814
-2193
332
-5334
1395
-4113
7742
2421
-3115
2699
-2435
2964
-1825
2599
7264
-388
-2087
6626
-7392
4471
-1861
4954
5304
-2998
-2962
-6124
875
-4429
1583
-1476
-2328
241
2497
-1284
554
2950
502
-2399
2493
1435
-2114
5360
4356
7973
-3637
-3880
2879
2937
-1946
6777
-2526
1717
2241
5898
1031
-533
3197
3021
184
48
5095
8839
-220
2463
676
-71
-1878
-2177
-604
-3727
-6782
2039
6559
2734
1769
-2238
6476
-5107
-3928
-27
2992
-375
-3761
4854
1887
11
-3943
627
3535
5085
-188
1040
-1086
-6878
877
6711
4318
-286
2102
6301
2149
-7739
1155
410
-409
-7942
3215
2075
-3762
753
4047
-4073
-5702
-4500
1441
-693
6645
4799
-1191
-2473
-5265
-3999
3630
-1297
-6509
-4557
-1419
2144
-842
1598
2341
-9572
1248
-1789
3631
5810
6217
1769
897
-3473
3495
-8222
-1798
-6451
5952
3119
-1662
-3988
5513
1872
48
7638
-695
-3114
1000
7410
-1400
-3171
2684
-34
248
-8724
-453
-4202
37
7317
1778
-3679
1007
-233
-1663
6054
-3215
6023
-3016
-3760
-2506
7565
4653
-3954
-4835
-1276
-4794
-1097
1634
-4041
-3211
-171
5483
-1245
831
-2342
1940
6387
-4563
-3287
-6980
-7058
-6099
-3626
-2463
689
3930
-3925
-8520
-3636
-6186
9050
-9285
3348
2582
9356
1446
-7522
1767
-1632
3549
1527
-6088
-8724
-4951
5481
0
-4540
1975
-556
-3755
-7069
-51
-1261
422
-4411
455
2758
-915
-4260
-3976
-7578
8743
885
554
1682
-43
3063
3130
-2259
-1490
-3745
-6721
663
4186
-5422
2659
3181
122
-419
5277
-960
654
-914
3823
-5131
4788
-3350
4766
-3634
-6728
-2930
2252
-5016
-6980
4382
4349
1782
-2678
1621
5080
1485
-7009
-1222
2387
-710
-7374
-3530
2242
465
5965
-1434
-7715
2649
1834
1018
-2289
-402
632
-4776
4823
1720
-2730
-6968
-4153
-546
-4860
2918
5653
-414
1044
-5442
1186
-8222
1964
5204
1351
-1681
5837
-265
-111
-6078
3801
-1252
-396
5332
-3747
-2065
-2899
-5989
-5854
5959
3341
-1100
-7655
-3703
-4661
3218
7099
-6053
3267
-5552
4749
-6578
-931
4878
-132
1681
5194
4845
825
1703
3438
1011
3232
-985
-680
5543
-8138
-6317
-1385
-1695
-2653
622
-4386
1975
6354
-404
871
-85
-4255
1266
3394
-7814
3867
-8680
7559
-1187
4027
1327
605
4149
-4163
4512
1795
1871
3131
2102
-2696
-4224
7110
-1266
-6601
-120
-4791
654
1233
-2195
1036
1970
-4472
-2934
-6772
-5432
-7463
5516
-2977
-38
-1274
158
-784
-4216
3533
1798
2397
1311
3287
-3767
2274
-5348
27
2281
3040
-1874
-3193
302
2746
3131
2325
2048
-1076
782
1892
503
-3741
-2966
-144
5822
3478
-228
7772
6886
-2584
4069
4433
5887
718
-1997
-4194
-5007
-1944
673
-8172
4451
-5389
5313
-524
5304
5647
2129
-777
0
3531
-6382
-5449
4257
-5853
273
-8266
-353
-1327
5678
4362
3382
4930
982
-5887
6124
-514
3385
4398
4356
-5413
-6688
-1534
-3466
-3897
1835
-3428
2847
6092
6013
-1814
8633
-2392
1121
6503
5117
1591
682
4386
-1710
-2093
-5606
1390
-6162
4584
-2183
-97
962
3136
-67
8675
-5063
2582
7761
-5292
1754
2869
629
-151
3573
-3992
5882
-3863
6365
-1891
-1237
-6355
951
3055
-106
4826
3482
5067
2355
-3634
-5366
-3129
2238
-3909
-1567
1493
-6723
-3290
-4794
-2233
5436
-9285
-3372
945
1516
-3805
-1587
-5046
270
-1713
-1419
4349
6577
-2057
-307
3010
-2126
3834
-2038
2546
-8713
1464
-8857
-3064
-5012
-546
-254
-1181
-6526
-1583
-6097
-5726
3088
313
1408
884
3914
7258
-1227
-2044
-1794
268
-3616
-6590
420
-223
-3211
-151
-221
7091
2816
5293
-2555
-777
-1674
-6393
276
-1932
-7947
3758
-6289
8526
-7051
5787
-3274
-5389
-3245
-5862
-3901
2791
-789
2224
2472
2852
-8227
-8266
-4252
-376
4982
0
560
6777
-3454
-585
-1926
240
4341
-3994
-863
1808
-6224
3249
-3827
1093
-5665
-2097
4953
7621
3432
-5674
-476
-5810
505
-6460
-3616
1781
666
-3191
-1986
2962
8239
-2847
-695
-4545
7160
-3792
1272
643
-2619
-3115
7063
4158
-4976
1059
-658
-6621
-2950
-2037
-1313
6499
-3082
5547
-4334
1266
533
-551
4547
-1668
2207
-328
2436
1560
2928
1226
165
-1473
1915
3426
3230
-1220
2200
-3123
2247
3746
-2225
-3105
-1176
-1461
2344
-3595
-5066
3301
2662
-220
407
-4408
-2467
5413
-5749
7306
-7320
-1305
-1204
3178
-3255
-4606
-4444
967
5776
-868
-6700
2744
-2324
-282
6250
2694
3224
-3025
-253
2660
2914
-412
-784
2939
4703
3148
-6663
99
-2316
4168
1151
-3717
5800
841
2000
-2343
-1737
-1499
2248
-6193
783
5224
-88
2621
-7546
1676
-1822
1288
2652
1122
1794
952
3163
-1836
-4495
2257
-2538
2269
-5306
5321
-3140
-7528
-178
-5287
-2158
5628
647
-461
883
4497
2531
-3689
804
1018
2947
-5158
6531
-2809
-1808
-5356
960
91
-2219
0
-420
-248
1425
-6765
1957
4663
3284
755
539
-2644
-7854
-663
-2877
417
-3346
1181
6767
1630
-3690
-4505
3118
8194
-1804
4608
-2548
-3699
-3631
8124
-5306
-6621
-91
-1353
562
-4675
-1104
-7594
6603
-2411
330
-7333
833
-3611
9058
5133
8542
-1160
1692
-3989
-5177
-1409
-1880
-2918
4918
-886
2947
3415
-1157
2998
573
5973
5471
-423
1886
-2606
-8537
-932
-46
-2388
576
-597
5105
-439
6743
-8987
-877
-6504
3881
6454
-6770
1451
6194
5049
1934
-861
293
3429
-2370
433
599
-2409
1449
-2766
0
-597
-3090
-971
-1447
994
341
-6314
-2314
-6534
-7546
-4641
2468
2507
-1594
4290
-2176
-2713
71
-858
1358
3904
-5298
-2799
438
-7079
-3077
-144
-3688
-4029
1503
-2499
4690
368
5565
2214
-1032
4425
5735
9233
-1688
-1186
984
3050
-3197
2228
-1685
1542
316
661
-4555
-1294
-1066
-497
-2593
3622
-2365
-1537
1948
-5572
5279
-5967
8606
4184
1227
297
7812
-4893
837
-4368
-4261
508
258
4536
-659
-4138
517
2920
1000
-37
7013
4197
6230
-3727
-658
-292
-6046
-1525
-286
4407
1473
-1634
2744
5471
6767
-1132
991
5632
3770
2493
-2427
-864
-2183
-3321
-4321
4675
-5144
-182
-1911
2523
29
2681
-540
3191
-4208
4625
6304
-7111
131
-896
7092
-4276
5044
-215
2945
6576
6252
-2541
6466
2899
-7268
3883
2859
3378
817
-420
3230
-982
8270
2167
-1587
1484
-8188
-3405
-7741
-5378
-909
650
3432
1600
-7380
-7557
1426
-4152
-454
-5247
-4381
-2538
394
-524
6323
-2510
-504
-5462
-982
3449
-4944
3886
1252
-1191
4799
-3216
3135
-1823
4727
2236
6294
5660
-3220
4193
4811
1746
-5753
4142
-3034
-4721
-116
4471
-2145
6481
93
6300
1982
-4454
5001
-3489
896
3968
9656
51
2182
-2542
-1540
6600
4648
-2884
-3865
3136
-8765
1878
-1119
-2458
788
3954
2359
2412
4498
-3617
2345
5480
985
-566
-3849
1138
-1689
-5734
-7865
-8335
7925
-1175
-2090
4350
-2244
5136
2860
1700
7173
341
6136
345
2612
3300
2071
446
828
-3311
-5055
-900
7337
-2295
2883
-1343
611
284
-4776
3329
1357
-8765
-314
1148
142
3258
-5264
2027
-2205
3259
-1190
-292
3992
-5169
-1435
-2121
-2065
3429
2734
789
-3312
-2814
-3730
-6314
256
-5481
6184
-5234
-2397
-493
5100
1767
-55
-864
-3130
-5369
5861
-5626
200
1781
2886
3471
-4765
884
90
-6237
5539
5483
8861
6511
-5102
9050
-478
3851
7787
2419
-883
3267
6134
-2226
-4160
-2199
-403
-4622
-1567
-3512
4388
-5535
-8104
-2457
6234
2880
1484
4645
626
-406
-9056
3206
572
2758
-4765
-977
788
-5160
813
5382
2196
-8686
976
6145
-3170
471
-953
-8260
-2915
2381
2401
1984
-1491
1046
4913
3947
3213
1367
-6451
-3127
-7264
-4897
1679
-4832
1051
-1790
6731
-5785
1358
-2586
3537
881
3320
3065
-553
3703
-224
6899
-3077
-5995
-4086
-663
338
-1514
-6249
-2056
2290
2190
6798
4168
5053
771
2417
-1063
-722
1241
1553
-7337
4476
4442
4131
-1457
1297
-5726
1148
-1344
-772
-335
-6407
-7691
-968
-3181
-8748
633
1133
6214
-8368
5262
4537
165
5557
2669
-3421
3903
3177
-4463
2563
3259
-5044
-1328
1002
3188
7571
4931
4252
-125
1327
-6076
717
5514
-4355
-3805
-2871
4687
880
1550
544
657
2622
2226
2534
3356
-898
6438
-2593
-3045
-1626
5512
-3087
4318
-200
3094
3326
-1944
5548
888
1241
2777
-2602
4361
2378
7912
5113
-4178
-459
-91
3032
4891
704
-252
-740
1609
-6323
-3687
-1930
-1008
213
-3586
5972
-4276
-8171
-170
6129
4507
-2618
7637
2942
4878
-219
-1968
-3076
6402
-3835
-1977
-8825
-408
6726
-5043
-5439
588
2548
1678
-6492
-5565
-1989
1186
5860
1693
1472
-1515
6503
-56
-3515
7565
-6534
5476
2470
-3505
5745
2906
5559
48
-5902
1149
-6552
2496
928
705
-4164
-7072
-6209
-499
-453
8239
5197
-947
2207
2278
-997
4782
3629
-2670
-7553
-4001
4718
-5750
1590
-3255
-1237
-2212
-317
5102
4875
2409
-2587
0
5065
3426
2034
-4435
5810
-1002
3097
-4071
-6473
222
4967
2363
2616
-5080
2031
1851
3852
-1030
2193
5054
-3290
642
-339
-5142
-6404
-1974
951
-1284
2182
-1529
7787
2085
6831
203
2733
7543
2664
873
-2446
-742
-4559
6687
1039
5827
876
-2459
-1668
7377
3411
-5547
674
3444
1807
347
-2067
-1519
873
1349
-4259
3254
3796
2348
1300
2169
1183
-530
-6398
2552
-1355
2592
-3211
-369
4830
-4441
8614
-3504
-3815
-75
-1802
-6246
444
2031
-4266
699
-494
2246
-3325
-5622
731
-2811
-4685
-1005
7368
939
1927
4310
-1706
-4999
-6294
-1108
-2070
3469
-2358
-7822
-3101
-6706
562
-6404
7124
-988
3748
-168
-1181
6561
-7896
2908
-8802
-1096
2482
-2334
-4410
6461
-5231
-1616
-3938
4076
-1928
-595
-712
1193
1042
822
-1906
0
4500
901
1871
428
409
-2354
-5661
-2176
4338
-2507
8327
-6754
0
-922
4782
8666
-884
5784
788
5528
-2580
1367
3226
2656
-1690
92
-306
-2426
-6352
1698
3892
8190
2682
3546
2653
1130
3824
-1032
-9193
-2857
1895
1970
2084
-1557
-6059
-1499
-6659
5115
1158
-3268
5517
-561
7160
-8271
5879
8671
-2750
3126
-3680
-2864
-1843
4737
-6034
-5633
2501
-5213
1940
-2143
-4545
-3804
-4804
2469
-3504
-5012
-1695
886
3138
-3703
8339
5077
5543
0
-2273
-1616
523
172
-6353
-1346
4532
5226
-1103
-1848
-1353
5615
2119
-8556
6549
-3816
2587
999
-473
-3751
1440
-532
4876
-1214
-6753
5377
1523
-6451
6367
-3078
-205
-7202
-6021
-291
3893
2559
-8204
4069
5650
-1874
214
3277
-1118
-2289
3629
-8335
7491
-3001
-5626
844
-268
-4946
4680
-4449
3409
3966
5327
-5725
-3839
6166
-1455
-311
4811
-1257
-216
1985
-1104
4332
7083
2409
-2760
-1842
-1864
2259
-1197
-1054
-6873
-4435
-796
1184
-740
-18
-625
-5564
-875
-3866
-9285
6200
-6601
-6509
-1352
2196
894
1042
-932
-916
3094
7368
-6816
6222
-8190
-5043
-1838
-1542
-3141
3109
7557
0
-6579
-5064
-7113
3970
402
-5309
2667
3726
-3174
-2002
897
0
-3017
2391
-475
-3320
-1903
-1298
5305
7001
-4392
-491
6
7460
-1419
-2286
-2427
-6131
130
1753
-2196
602
-5267
-6019
-842
6297
2947
1059
7351
-1834
4273
-3351
6115
-5039
6194
-6997
1693
-4226
957
-440
-3000
4158
-7814
-2467
-5298
6143
-4240
-3627
-4536
1372
-7841
1393
3800
-1547
8401
1294
4259
1815
1408
265
-2033
6701
-6141
-1738
8289
-4824
-3043
1071
1462
359
39
5967
-5879
4835
7176
-5612
-1312
536
-1424
-2310
-5063
234
676
1282
-3155
-7716
1309
-426
-4681
-1043
-3792
4687
31
3875
-1422
-2231
1310
7407
680
-6193
7461
496
-4380
7878
1730
-2619
5490
-1850
-2192
-6049
-5988
7878
3237
3138
8192
-1445
4224
-3395
12
-1112
4031
6631
-5215
-2284
938
3890
3091
6489
14
-9543
-356
-2606
1007
-991
3709
5579
4225
4668
-923
-5585
3485
1410
-1104
-1191
863
-7
3916
1534
-2915
-2774
-4274
-2111
1719
3650
4329
1160
-245
-9791
5045
-772
-3253
-5397
1484
-2256
-2972
-8057
-6564
3550
3927
958
-3815
1867
-1633
271
-5376
-4440
2505
-4413
-4429
-1520
-7393
-1820
-2800
2496
1527
2397
-1501
5140
-4148
1298
3578
484
-1127
249
-4410
-6026
1581
-4617
-4197
-6047
-293
-3787
2977
4608
1559
-2375
7026
5636
5675
852
-1443
1004
4310
-242
4431
1529
-461
2840
-3960
8700
186
-4061
5218
-4654
6448
-1473
8628
-4803
-514
160
1042
-1192
-7818
-4659
-809
-4680
-1725
2872
897
4614
-8686
-5650
-6163
5579
-3371
1885
4748
-4969
-109
154
-7661
-804
-2230
2523
4614
-291
-3742
1163
-6673
4267
-2465
-5795
1303
696
5093
-514
4716
-1969
-473
-921
-3157
4576
5643
1066
-3717
-7002
3894
-4604
2791
-3460
1866
1187
1283
-1524
-2822
-4756
-5810
488
-3864
7531
-2350
5575
-5150
-2114
1187
-3323
811
-2184
1462
-1045
-4098
0
-482
-1672
1260
3947
865
-3224
5522
3489
-4794
3022
3470
5371
460
-573
4561
2928
-2911
-1697
-2542
562
9667
5296
78
-274
2180
8700
-4424
-3183
-2580
4107
-3126
2271
-3583
-145
741
-1647
-5654
3219
-1086
-3304
1702
3973
-6746
-894
3257
-531
-672
368
-4101
-2627
-537
903
451
-7964
5980
5106
-2049
2039
-3207
-504
8972
3048
908
-236
-6004
1439
-5542
1238
4858
2278
6752
1762
-3873
1026
-3722
4211
-1848
-2454
9237
-7119
265
1894
-663
-3345
1954
-562
-5392
3298
-231
8273
-5552
1954
-4215
933
-3564
-6487
-3588
317
-7
-197
450
7500
5483
5843
-1972
1161
-3837
-6556
-2871
0
-6264
831
6388
-1353
-5250
-1177
3134
-6874
637
-2975
2386
-5313
3741
539
3449
1747
1184
1939
3550
2212
-8069
-973
7602
-4291
-879
5597
-2792
2405
4391
779
525
-4820
1654
-3319
-94
-2224
-4675
-2064
3403
1988
-938
985
-503
6217
6740
-4109
-1586
-842
0
3394
7322
916
-3134
-5154
-5227
2225
-4837
-6492
-5160
-4178
5205
-4173
-330
-6104
3184
5960
-3787
2993
436
3246
-3286
0
8784
883
-7210
7250
1923
1922
213
144
6603
4648
-610
-1874
-598
-2402
-752
873
-4287
-7850
-3343
1244
-6650
4230
630
6399
-3742
2661
-6552
1508
1144
1504
1092
-3179
-1010
-6640
1878
-3283
-2060
-8017
2015
-664
4107
4482
3750
967
143
5925
1765
-2043
-4221
7953
-5295
989
-1587
7003
234
5739
510
-5625
2558
5039
-3387
382
4199
-1834
-6102
-5259
1994
-823
-1658
1015
-8288
-1891
1811
8442
1233
2661
-3739
-4505
4683
1371
968
-4580
2767
3490
-4527
-4711
1554
-69
-2283
4323
1307
-1852
-479
-1454
-4276
-5127
-4104
1093
-7570
22
-1676
-2852
940
2013
5665
2918
2656
1138
-1429
-628
3218
4160
-361
-4998
-2100
-73
4754
-1033
-3117
5180
6035
-3044
873
-5535
-2266
2075
801
-810
-8655
3546
-209
496
4786
0
937
2918
-1932
-8278
-7276
-4711
3117
-5842
2591
523
-3023
-8281
641
-2634
6376
-1633
3032
-1290
2808
6115
-2197
1435
-2604
-671
6419
2698
1389
-6944
3126
7527
-503
-3087
-1467
471
-6104
2639
-1164
4464
2181
-2606
-275
-7786
3232
2801
-1507
-2470
2483
-6819
2332
4469
1537
7250
-6590
-2040
-685
1985
3147
1079
-4649
-2584
2265
4697
-2012
-2043
-1192
0
-46
4200
6931
78
-7493
3233
-4550
-5977
-3479
-1400
-68
-2497
6897
-3216
-1214
-4818
1355
6349
5113
1735
-2403
-4073
6631
3071
3704
-4917
-1418
-1968
7182
2567
-787
-7049
6429
4949
-4687
4919
2755
-3568
817
4648
-2727
1857
-3897
1501
-6602
-1678
2782
-8052
3424
1219
844
6338
-2024
-656
3016
-3141
403
2066
-4712
-8313
4017
1249
-1492
-4518
-4712
1064
-4945
-3854
623
-2622
-1907
-914
-8581
2347
0
6561
1795
-7055
-874
-1527
5683
6843
1186
1699
-378
2659
59
1548
-5775
1706
220
8805
2988
-358
5447
-748
4334
-1257
-2156
-4813
491
5738
2885
-1460
-1146
-6893
2708
-8023
-6950
-5552
2134
-155
1072
-2060
1589
2318
-1352
-566
3881
-488
-5186
4157
-71
5775
-1915
-7040
-3796
-330
2632
-3252
-5705
-2354
-3864
3509
3210
338
-2758
4117
1839
3756
5444
2258
-1219
-4934
1069
-4659
3197
-293
-175
-7315
-1631
-155
710
-1663
-5705
-7837
8448
3518
6447
3419
2710
-1277
-859
5722
313
-809
-3649
915
-6341
3702
4323
1408
272
2831
7301
-2876
4340
6448
-1529
-2584
1864
-5205
2360
-2447
-2538
-1841
5056
5449
-3890
-5343
-5535
-3381
-2849
-3763
-1811
3100
2885
3583
1448
-2413
-3105
-3259
2197
235
141
-1046
2847
-6224
3625
-1313
2708
-1284
2013
-5111
3860
-1730
5764
-1217
-4138
-4193
-1869
-4924
5159
-2031
-3407
-1057
3732
769
5823
3468
-7554
-5854
-8103
-401
4864
2672
2238
2000
-5174
-3991
4415
3001
-8188
-3745
7878
1338
4727
-1098
4494
-551
-6037
4753
-3404
9131
-6306
-8758
844
1767
-4139
162
165
-3491
2678
-4560
-6429
5430
4296
294
-608
4415
750
-4601
-849
-4169
1239
-777
-3214
-3582
-1561
-1338
867
-452
-5164
646
-6565
-7812
-285
-3009
-3183
392
-7440
-8686
113
-6885
-3084
7139
3232
-191
5611
-1816
-1445
541
-4879
-1207
4144
4098
-999
258
4046
-8458
7559
-294
-5015
-68
2142
-4538
-5196
7469
172
349
7126
1019
5342
2833
2995
135
3660
1338
-2033
1077
4432
-2947
-935
7162
2591
-4754
-4881
-7970
1143
3429
2408
-7445
5987
-547
-1841
-2606
-9129
3834
-110
-377
4930
-3427
-1657
-4489
-5816
3615
1840
7445
1797
-4703
-1220
-6429
4710
2034
8518
-2663
1579
-1006
4613
-2610
5317
2514
-273
8002
2185
-3213
-4944
-6049
6950
-4289
0
3586
3876
901
-2463
-1907
6495
5768
-1745
-651
-4251
-1277
-2183
2838
-9725
-5417
-3021
6146
-1288
-2225
-2161
5390
2499
-4164
-1824
-27
-3501
-2976
-4564
-1115
5324
1933
1560
-2244
930
-4723
-6852
1178
3232
3756
6549
4094
-5111
4334
-1353
2638
-3143
-6705
-1617
2142
7918
1823
892
-6440
-954
-116
-7372
1238
-2346
-2155
-1650
-2379
-7037
6307
6111
-4473
3441
-3649
2095
632
-3258
-246
3029
-500
463
-3627
-804
-4563
-1586
119
2402
-3460
-7276
0
3915
-431
8809
-3864
-6684
-4837
-7359
-6749
-8669
3622
5057
7058
541
3512
-3955
-4086
1814
-22
149
-91
-4172
3867
0
748
-875
3293
-3172
-1261
4330
2750
-3291
1269
-1187
-3892
-4001
-517
1640
-2244
-2115
5868
-3115
-960
941
-1526
-2267
1470
-1005
719
2409
7378
-2164
7891
1091
2548
930
-7110
-9354
502
489
-461
3512
4689
337
-2444
1048
1520
-412
6008
849
-4743
13
865
409
-3487
-1279
-5267
-4883
961
5722
2262
7398
4361
-6443
-1324
-7591
-5938
1837
-1644
908
2988
4608
871
7033
2457
-1603
1830
5185
-4323
4170
1780
-1673
45
-1389
-1312
-3548
6984
3109
5827
-1880
2715
-4986
196
-17
-4467
-328
2439
2536
3175
-5362
-3090
1573
-1063
3642
-5048
-1734
3220
-3943
-4153
-2585
2232
-1754
1663
7445
3468
-884
1985
5951
-382
-7831
3682
2331
-4745
1948
2783
-1431
-1499
-7546
687
6951
-2949
-2675
0
5786
1567
-1685
-743
-465
-470
5606
-5087
5885
-2908
3409
376
4224
1562
2514
-5009
6340
-6187
-3660
6699
1856
-2238
-3024
2259
-9643
421
687
-5243
-513
785
-55
3386
1620
-2357
-2024
451
1199
1927
-5063
943
-4500
1523
1856
-2809
5756
4967
-2729
4524
-3702
-4268
-818
-3224
-1957
5463
-1412
1538
3685
6174
-4216
13
-4728
1244
-7051
1491
-998
-685
2991
-3460
2237
3183
647
3381
-870
-156
-7904
2650
-4121
-2654
4150
1006
3477
2537
5269
1997
-3320
-4845
6642
-307
2993
-8485
3592
-3617
4698
2879
-1685
201
-3717
1659
6271
3366
5268
-633
3052
-3132
2855
-750
-482
821
1445
5060
-3072
640
-4786
-1651
-2049
776
-2517
3248
-6695
469
863
2660
-3727
5596
-7576
5704
-1878
-1928
-1274
-661
-2800
3173
1562
6997
-3875
-2277
-5854
-1314
0
-4462
4631
-6908
3109
-968
-121
2554
203
3753
7377
6329
-4782
3630
-294
6297
-4020
-3029
-366
-2742
-9153
-2505
3181
-5317
205
3577
2467
-151
-2220
-5127
-2347
3059
999
2131
1193
2483
-1440
1272
693
6036
5622
-2372
-4122
8947
-6191
-3904
5351
-6426
-4238
-8172
-3664
4897
-1483
-1215
-1186
1808
-5846
2039
6136
4036
6036
-815
-2263
-3208
-820
-3482
8397
-6504
-7294
7033
4108
-1478
-4341
790
2065
858
-4505
2380
831
-2553
5606
-1437
-313
-4745
-2993
797
-6121
4269
213
-7755
-5691
-2116
1923
-2325
684
2161
-3001
-469
-5191
-6825
7110
-2493
-1809
4505
4130
7946
8511
-6445
-883
778
4284
2546
-2838
3390
4249
1313
-757
5777
4733
2028
-1802
-1088
-2884
5268
3812
-3644
-2422
396
-7881
3508
-324
4014
-1361
-1907
-71
-1495
163
-4160
4925
3223
2514
-2795
-7
-528
-8543
-2299
-5144
-3085
2329
3215
-241
-5386
4504
-5469
575
0
-4350
-3460
-4986
-1715
-4623
829
-201
-2099
7345
3386
-2060
555
-3231
303
-2008
6291
7182
-1186
367
-1204
2358
-3662
-666
-50
2718
4446
-2327
3899
-3105
-1903
-681
8123
-2914
-3599
-5610
300
-5845
-234
3883
-788
1401
249
173
2318
106
1691
-1061
-182
3864
774
3328
3129
-3440
-5616
5400
2808
2161
4379
999
3032
-3912
-8
-650
-5027
-7001
-4346
4145
-1653
-3129
2253
9242
-5050
1849
-2208
-5573
-3912
-1986
-3279
-5151
1279
8912
-4104
2462
-2801
-2614
294
-3926
-254
-5862
1645
9214
5332
2012
2838
-3474
7444
1017
-740
912
2035
-2100
-4309
1653
14
-3973
1328
1053
5289
-836
1634
2552
4109
-2938
-3768
1219
5784
-3539
721
-4623
5049
-2181
3198
4537
3596
-7493
-399
3185
-5264
3261
-267
6256
-729
-3895
-1063
4363
-1272
-7747
3320
-2213
-251
2220
3024
-2170
1697
4566
1582
-4999
-7075
3014
-5240
8828
-4312
-2498
-4379
2320
-3786
2531
1589
6720
-9097
-5477
-3776
609
2858
579
-2314
5741
5495
-2507
-905
-2933
4469
1991
-2184
-1914
6016
-2815
1157
-5470
1485
943
-5555
-868
1063
-5205
2872
5368
-3460
-5359
511
-6249
27
1500
600
-2077
-5640
-4488
-3616
496
-1513
320
2005
-1579
958
-944
627
-7759
1291
1844
4470
8349
-810
-5933
-1058
2879
-144
6706
5507
-1680
-3298
4087
-3929
-4823
2858
4350
-4278
7788
2159
1272
6091
377
-2809
-859
759
3190
770
-8336
6583
-3159
3128
-76
2700
436
-3489
-8294
3117
-452
5444
-1668
-337
-8857
-2244
-4359
371
592
2011
4473
2876
5239
-5854
-1398
1724
4458
4049
151
-7379
-5196
416
1631
2835
0
-22
-7352
5369
-742
-424
-843
-4063
5229
-2849
-2390
-1701
4505
1245
-3893
-2926
-2805
-1834
-879
-2157
1317
2675
-2108
-4360
-2454
-7812
2893
196
-1112
4855
1367
-3199
4252
3770
-3216
-3904
76
-1025
408
687
-1087
3881
-8232
-2704
4280
-5359
-2435
2716
-1298
-3029
-2114
-2443
3006
-5300
9763
-1967
2204
-314
-2243
-4582
2872
3474
-1398
2131
-5372
3436
-443
4611
7556
2056
-6179
5855
544
-5882
-2118
2346
-1340
1586
3864
1831
308
-1714
-7637
654
1782
-4780
2647
5485
-7672
2297
-2378
-3742
4185
-583
6300
-2644
-5696
-7773
7871
-3077
-3332
9340
-810
2527
4601
5254
6899
1782
6733
-3637
-543
1072
4492
-6010
1482
-1692
5543
5115
-3644
1837
569
4524
-4991
-2232
-2131
-2422
6577
1599
-1289
-197
-83
6743
-3865
1331
-8592
-4360
-5194
-1823
-4464
-2616
2966
954
5144
2872
3473
-3763
-2185
-2289
1358
1172
4125
7216
-765
3226
7477
-3213
-3009
1360
3030
1306
7238
1611
-8051
1337
-1227
3747
0
3812
-1565
-5013
-1944
188
2213
2787
1355
1890
5534
-1748
-5793
-3835
-1988
-861
-7136
-3722
-1928
3482
-5995
-67
1007
2502
-114
-2592
4620
3259
3242
2582
4676
-1481
476
-6163
-4894
1991
3993
5728
3646
-3657
-6103
-3134
0
-1809
2211
3688
3339
2750
-8351
1918
-499
-2469
4823
908
3382
6647
2418
-6014
5948
371
279
6197
-8645
2792
-7322
-2850
367
-3742
130
-7307
-33
-723
-5096
1300
432
35
1516
-9193
8374
6307
-511
7286
776
4949
1393
3530
-5939
432
-7286
1528
-4495
-2001
6014
2463
-6679
-2251
22
-1803
7605
7040
-1568
914
-1467
-7090
4786
-2573
2175
5205
1540
-5935
-3144
-5232
-74
-6749
4296
1664
-4306
-5451
2447
-1311
-5459
1718
570
-1833
689
-2703
5266
2855
-2394
1201
-109
5543
-1695
5377
819
-4005
-3499
-132
-2165
-2433
2293
4186
1393
-6677
4721
-3323
-5512
2975
271
2161
5496
-5304
7559
6512
8535
-4557
-3261
-1948
1242
-1928
5896
2225
-1133
-3017
285
4430
774
25
3604
336
-3921
-1496
5293
-7037
2154
-2500
-5349
8336
-4512
305
-3827
0
-8241
-2168
5987
2228
1314
1157
-5162
-44
-4296
-25
945
-1290
3259
-2141
3367
6557
-1348
3153
1211
720
-5459
503
-2678
4639
-1390
1982
-4567
5795
4509
-2040
538
-5269
-4385
-3654
1547
683
1198
1551
1134
4601
2545
3570
2882
259
-9183
-1335
4648
3718
762
-1266
4020
6166
-2210
-2817
-132
4228
-5322
7780
-128
3925
-7835
-5317
3586
1290
1683
6592
-990
888
2196
2362
4323
-1318
232
-1529
-2653
2091
3963
3495
-5248
-5962
-2212
231
-5081
3737
3423
-617
-5846
608
-826
2010
-404
-4145
0
786
-514
-5289
-2235
-3061
464
-1775
323
1844
7584
-237
3949
-2707
-4169
-3766
2955
-914
-3043
-5294
319
1067
-1444
6497
3352
-102
3154
-1857
8077
591
7308
-595
2931
5923
-607
-5937
-2066
3756
6583
-563
-2533
722
-2650
-639
-4528
1014
-7513
-199
-1516
-734
-4031
-4682
3872
-1338
1955
5133
-2171
-4010
3033
-6490
-782
2451
7313
6771
-4323
-933
-4178
5047
-1008
1647
2228
2876
791
-5916
7584
-4088
-3722
3498
3820
-5443
-3768
5019
709
-4346
1912
5307
6143
-1120
-6730
-881
-1452
3270
6783
2592
820
8743
2912
-1246
4704
-1865
-3814
780
6165
3817
-605
2221
-80
-1613
681
-679
3936
-3815
-2815
4389
3526
-5445
3685
7184
-3592
-235
2319
-5583
1795
-1852
-2734
1288
5624
-4294
1297
131
85
-192
2107
1763
-3130
0
7293
5313
-5110
5339
1307
-1403
-6152
8713
128
1031
-4944
9429
-1333
5390
-3221
937
4901
-4910
-178
-209
-3511
2167
785
-608
-2164
-9848
424
-5317
-6102
-3581
-1777
2309
-4029
-1032
173
-5267
5766
-1809
1466
6053
-4415
2232
-5397
3422
-1546
1915
7918
5369
-1920
-1755
-4557
2502
-7857
-485
2635
-6601
-5656
-6251
987
1355
-1924
150
1940
-3725
4945
-118
5617
1219
4416
2637
2314
4500
260
-6453
4043
1980
-1246
8194
-2873
2084
-7379
2341
-4661
434
101
665
-5035
1544
-6112
-3590
-309
2513
3138
-449
2385
-3679
-1256
-561
654
-741
-1689
2116
184
-4649
2104
-1275
7291
5842
-1327
-1547
-989
329
5735
6140
-7285
-2637
-6500
-4422
-4031
976
-6131
6997
-6846
2873
4088
3732
-5240
-1378
3722
3295
1101
3107
8912
4221
8571
-4971
6533
-862
-4701
5351
3442
-6939
-877
2978
4908
-2485
5988
-7655
-914
2156
1794
-935
-3206
81
-2743
562
-4266
3685
-2477
2194
3651
-4137
5858
3024
-4041
-1571
1180
-860
2342
335
-277
3588
1362
719
1184
-6791
-1777
0
4856
2562
-5015
-556
3746
3905
91
-7960
-3089
-1928
-2243
0
3446
-9285
-2708
-605
2510
-861
2829
-1335
1446
2592
5328
9
-1216
-1346
5064
-251
4260
7368
7578
110
-1013
-6098
7973
311
5790
3497
809
4721
3734
3382
-4733
1182
-490
1619
-7509
-893
3439
2445
2879
16
3695
3474
2639
3495
-336
-7200
-4084
-7960
5339
-1723
-3861
-5958
-3755
0
5568
-3649
5382
5621
-5190
-3044
9763
521
-5972
-1850
4747
1925
473
2895
258
2049
7045
1070
-1641
4828
5242
-493
-1230
31
1935
3237
-4712
5855
2054
5572
5170
-501
-1562
4051
1540
-929
-3725
3994
996
-2649
-1333
-2286
2614
1623
-3635
394
1455
6137
-2551
-2218
-7831
3869
-5795
-1677
-7479
5945
6660
-6432
804
6499
8346
1520
-1362
6886
3904
-2233
-7435
-4374
1589
-9725
2426
7258
2226
-3969
3363
7238
4411
829
-1128
-1208
55
4011
2401
6008
4830
3951
3489
-9396
3
4918
-2939
3508
8378
-8485
-6718
-945
-4326
165
1895
306
-1364
-2713
0
-3487
-917
1006
6499
2650
3988
-2109
-457
2559
662
-2928
-2279
6
-2618
-7894
-4781
1064
3432
1502
-2904
-4508
-6652
-3846
-4169
7827
3968
6559
552
-2692
-2145
3932
564
5736
768
-1519
5693
1609
2847
7455
7567
646
6429
-2627
-1911
1941
4036
383
-676
1969
-4468
-888
6927
-5767
421
6892
8491
914
-3711
1384
-1955
-1525
-8089
5188
1187
-697
-5616
-3699
-2871
1995
-3981
-7000
-328
5725
6436
-2672
1067
1691
822
3685
-2975
875
-172
3992
-1284
-818
279
8581
-458
-2035
3148
1613
2889
-2934
8877
2785
1616
-230
-4588
-2498
6312
471
2402
3532
-1317
-9791
7126
7788
2021
5202
3508
-6996
-3289
-2141
-2479
-5183
-1493
-3455
2928
-5828
-4832
792
-6698
5766
1793
394
3244
-6840
2677
6503
-2210
-5087
-1296
3163
-307
-1887
-4280
-6314
1191
-5773
-619
-3265
-893
-5264
-2824
7548
-3245
2702
-7
-2917
4566
-2045
-215
-37
2161
-8176
1248
-6869
2621
62
2439
3356
-3129
-3021
6264
-1736
-3786
-3851
702
-485
-1153
1611
-5140
3750
7084
-3579
3033
3913
-7361
7301
4266
-2100
-6201
-2998
5073
1927
-1581
1108
9043
-244
915
-3034
1543
-1548
-2546
-4730
4588
4476
-1000
-7949
-1256
-248
-862
-6260
5574
-4949
5854
-7246
6014
1199
205
3429
-5143
-7655
-1308
1720
3935
1015
5095
-7056
-3402
-3129
4794
1072
-8655
1024
-1701
-3221
-3096
1567
0
-1241
-3854
7356
5004
-130
-5366
2075
-2516
-3911
-1861
-6804
-6372
-5631
-4126
3642
7001
3582
5787
1753
-6684
2054
-7705
4683
1034
-684
-5178
7455
-1085
-2555
-1841
2219
6103
1137
3164
-960
-1905
-1910
2392
1608
756
4200
1431
1664
-800
1894
-4818
-3620
-1949
1592
1992
2289
-1577
-4718
-3369
1393
-1049
1145
3888
4819
-3307
-476
5960
-2214
-1676
-5490
-5300
-3321
930
-1977
-7500
-5885
7506
5083
93
502
4381
-4837
-2314
-5925
-2538
0
-2161
1924
-3172
1347
-4520
-1095
4786
3101
-5631
671
1101
3869
56
207
7301
-144
-7314
1605
-4983
7295
3449
1940
5472
259
7780
4799
-771
-8590
5696
-1159
-519
2271
-502
-3725
5014
4667
676
-1876
-278
7013
-531
5851
8871
-5389
4782
-2061
-4444
-426
4192
4566
0
-3505
-44
-2161
-2480
5420
-2637
-7649
2298
-873
-5533
-3469
-2879
3077
-2791
-3114
-467
408
5619
-3459
3403
-1044
-8190
1245
-3117
-1474
-2072
3650
-1148
4853
3545
0
2087
3936
-3098
9103
-1534
4416
-3890
3330
-4787
-3515
3796
1443
-4837
-5772
3092
-960
4908
-4015
2730
5477
2665
-2483
6329
-3175
3177
9073
-4101
1919
-3767
-1501
-360
-3346
-3456
7472
7124
5180
2736
645
-2978
1123
-2230
2956
549
3496
676
5660
-2548
0
-390
-5998
-291
-3114
3835
7079
6638
2777
-1701
5516
-5364
-2851
5898
4154
-5287
34
-7383
-4113
4289
-1547
490
-2429
1866
4041
-1249
4457
5469
-2247
-6726
-5410
-6753
949
-5765
-6352
-9725
4140
-1969
-2313
428
-4367
-3768
885
-1981
-5870
-1219
5677
624
6850
8
5557
1052
3550
1426
-1149
-3117
-433
-4827
-1201
-485
5124
-1028
-7970
-238
7610
-1083
1846
-5609
-3154
564
484
-1997
1588
-257
2185
621
-7562
1512
4072
0
281
2374
-3795
2120
698
-5665
-6322
3731
-4009
8055
6972
7440
-7118
4268
-4883
-2212
285
4019
-626
130
-5015
2878
551
-1327
2360
-2623
-4392
31
-1549
595
-324
-714
-2536
4769
7075
-2569
450
2448
948
-2521
-9201
-643
-5942
3588
400
-6322
2953
-2458
985
463
-562
-3928
-4764
6184
-1207
1794
5213
-8324
6001
-4604
1001
-3722
-1785
-464
2558
-619
3578
2840
-6042
1939
-521
5530
6908
-869
-2395
776
689
822
-1351
1269
-330
2597
1134
6559
-2221
5428
-5772
-1753
-884
1643
-6460
-6990
-6804
7296
-6568
1409
8190
4068
-5580
99
7308
8273
-680
-645
-936
-479
2633
-2395
205
-825
-1158
-3923
3135
-1753
4461
2290
1867
-993
-607
-5987
-3087
-8099
1911
-485
-2726
0
4745
1199
-6141
-3174
3512
74
-3120
-8713
-6422
4505
-5699
1296
-1583
2646
-2224
3703
-7344
4121
-822
3557
4320
4415
-1391
3094
4698
-4242
5289
-1891
3356
1883
-2846
4454
-3775
-4973
7932
-5803
-920
-90
1735
1242
-41
1427
-2853
-3043
-6122
8178
1995
2495
7125
2268
5042
4972
768
-1996
3183
-17
-4675
-71
-4506
6557
608
-1266
3980
3044
-6445
1654
-631
-2697
4409
1073
-113
-98
-4437
-2551
5204
1474
-2933
3749
-7566
1727
-32
-4182
-1208
-31
-2138
2382
6514
5167
-1227
-1313
-2463
364
306
-6304
-6726
-3300
-716
-2345
-8354
-4696
1456
1302
1682
1700
238
2433
-1128
4492
-8395
-6508
-6487
-740
3005
5143
-197
792
-2413
6044
317
4618
-1340
-5568
6504
3875
-1867
8085
-4101
-2964
6134
-1279
948
0
-1759
2418
-1430
-2882
-2822
-4959
-5285
-7714
-3070
-4392
3016
-6782
-3509
-240
-8436
-282
1888
2961
1927
1317
358
-660
7458
1446
-1801
1399
1616
1709
-1782
-1186
-330
-7036
-3699
-4690
581
2648
-2015
3546
7103
-3326
-3177
-4732
1478
-3774
-2194
-5671
1781
719
4187
6778
1756
-129
-1662
-907
-2163
4618
1209
1047
-5846
-2642
-6448
-5820
-3390
472
-4850
2063
6399
2795
-6553
-1642
-3403
-1698
3126
-5349
1566
852
7548
227
-2662
2613
-177
3907
3445
3460
5339
876
-3998
-5555
4435
2031
7743
2125
-3207
-670
575
7916
-5854
-9719
-5096
3588
1046
-4541
-6496
-363
-2378
2110
2378
1873
-2906
1463
-72
-2412
3766
-5536
-5468
-5621
-1944
8057
-1209
928
-2277
-6461
-2905
3709
-8176
1487
2171
440
2629
2911
2630
-3893
-4073
5018
3313
1527
-4899
3994
6907
4794
2570
-660
-7621
3959
-6597
5896
-5628
4685
5727
6447
-3439
3932
-964
-2325
3509
4146
1185
-1890
-8017
5784
1476
-2452
-5298
3138
-4506
-701
4264
2472
1637
-904
-1568
517
-446
-3001
-3304
-467
5136
-6163
7026
-2231
-5718
2081
-4284
-66
-3346
5472
2077
-6394
6137
-585
-3925
428
966
5692
2592
3519
6918
-3689
1192
1072
539
7743
2808
1298
4816
5669
-3246
-1514
-2114
-6504
1789
-3553
1191
249
-3071
-3871
-178
-2010
-798
8691
-5579
748
-9654
957
1542
2028
7780
-3255
-3763
-5655
-2371
2799
-9004
-789
-7131
3260
4222
1752
-3160
921
-1675
1895
-6362
3331
493
1636
6040
-540
-1504
-2985
-7946
5827
3331
-4240
4358
-2799
1976
886
-7264
-628
747
0
-3808
7137
4580
3106
4796
671
37
2681
-2133
-1859
-5178
-4246
-6947
964
1123
936
-1296
-3095
3632
-3338
-3931
-264
-1085
6891
5151
-3446
-3371
-1760
4681
973
-5988
-1089
-619
3395
-6285
6961
3419
1566
3429
-5220
7642
-2397
-5872
-6174
-401
-7511
-268
-2558
-2934
-2119
-4745
313
3351
-2774
967
4062
-1981
4318
-4255
585
6011
2507
-4123
8124
3492
-1501
255
-1239
-5496
-2644
-1313
3754
5342
-1074
2567
644
5704
2848
-5640
-5183
3353
8290
1059
2639
2154
-399
-3208
592
3316
-5096
-5394
383
-3890
-1847
-3725
377
374
346
-2644
-3115
-2000
8861
3468
-5263
-3859
6013
-1534
-1761
9059
-1810
1339
3024
-1706
1352
-4918
-2271
-2339
-1180
4470
5112
1838
5077
-3440
5852
-1662
2983
2499
3431
-1716
-5782
3949
-8022
-2304
-2696
-390
-4754
1488
-8722
3326
6100
3770
-1097
3134
-4963
-2297
2013
4014
7104
597
2661
1537
-7260
8299
-244
-2496
2847
-4627
3382
437
4590
-2551
3636
-3089
-7543
7117
-2750
1322
7991
6503
3876
-2975
2416
2956
2860
4987
4645
721
1579
-3342
-6367
2655
684
-313
3086
-5477
637
-904
-4709
1038
4695
5986
6843
9051
-2448
5792
31
-9687
-6828
2245
-2829
2031
-1967
-3099
-1617
-5174
2956
-322
-8955
-1772
-378
0
4949
-5212
496
-2685
-7113
-411
2851
2234
-27
217
6266
-2217
6951
-5513
-5879
-1343
4979
3829
1444
-7822
-5205
-3688
-2579
-7253
-1508
-6341
4115
-8256
-585
2675
-1003
1321
2605
-6216
-4216
1102
-7120
-5343
294
6220
-8658
-3234
2213
-385
-4633
-545
-3418
-982
-5625
-2010
-4472
1079
3395
-193
-5142
1722
-824
7003
-6668
-2633
-4183
-1651
1913
-1244
-4794
568
-1146
-1294
-1943
510
5049
-3418
-1957
-3145
3596
5301
-995
-1476
503
1506
-2241
3171
1631
-73
-4171
-446
-1554
2966
-6070
-5761
-1066
-1276
-8051
1219
-3828
-2253
-2975
3976
-2202
1367
5170
-2458
-6322
-5628
-1736
-605
-411
4918
3163
-3961
-664
-1107
-5958
-3727
668
-5756
-4055
-8518
-2262
-1996
179
-2936
-4359
-663
446
4721
-2070
966
-1274
450
-4479
-4841
9195
-1329
-2825
-6340
6862
-1437
-6159
762
-480
-2456
2277
503
-570
-2465
-4488
2631
2659
-1112
2551
584
-3679
-1481
5988
-4653
2661
-2768
-5513
-569
-4781
335
5776
-3573
2341
-761
4461
2506
-562
2801
3945
761
-369
4348
1077
-4321
-3958
-399
1777
-4121
6860
2472
6841
638
2036
1297
-7441
-4338
-1543
1058
-6400
-232
4428
5324
4811
1509
6465
3898
4982
6217
-314
-4614
5577
-7492
-1822
1399
4867
-4732
-2587
-453
-3017
-2964
6067
-4435
-921
1694
-3871
2850
3105
1168
1440
-7164
-780
-6754
503
2801
1228
1303
451
-581
-2492
-5382
3013
1532
4585
1345
-1134
2194
1924
999
234
-1103
-6996
-697
-3322
1643
-2045
-2270
-2317
9195
-5794
-4718
-6682
-2024
-1518
-1755
-8447
3673
2093
-82
-3466
3789
3082
-787
-1758
3491
-359
-1910
-4376
-5126
-2521
5328
-1970
-2014
5879
144
3449
4850
4625
1054
-72
-1549
5191
-3363
-4691
5451
-7360
2964
-2203
571
3511
-4085
-3901
2100
-4590
4504
6862
-593
-3157
-832
-6498
-2502
-3585
-5218
-1401
-532
-5023
-1568
-5392
-3463
-2803
1190
-6826
122
3652
737
1757
2735
520
-102
-4219
-6191
-106
0
-2158
423
1527
489
-7784
-4660
-7411
1736
-4946
1762
-9239
5089
-6887
-411
5611
-4366
-1753
2285
-3314
-678
-2378
9403
-2596
-3076
-171
6634
-262
6356
-1305
-466
-1117
8024
3534
3512
4106
1279
1067
-4508
-6398
-5334
-2598
-1530
1192
-8565
-2505
-5397
-2558
-608
1956
-2411
3949
-2397
-2681
3652
2346
-5205
-947
-9396
4727
-3540
4863
-8530
-2347
-3949
-679
-5250
1174
-881
1547
-2501
2629
9622
-1880
3629
337
-2008
-4648
8263
-1212
6953
4878
2619
-4164
5799
3634
-1875
-1284
-391
953
-2317
6731
-5379
-571
3232
976
-8230
4443
7383
-4082
9254
-3430
-3408
3040
-90
5226
-279
4472
254
-6037
-5958
-8602
-6698
406
-7747
-836
1472
-1611
-4411
1312
-2390
6821
-537
4476
-8592
-3017
6149
1740
516
972
1676
7551
-2888
3341
-4128
4180
819
-267
-5576
-6177
1223
-3250
380
-5067
2909
8226
2372
-3353
-3564
1046
1286
-3234
2058
1856
3904
1305
647
-1597
776
4449
0
-314
6132
269
-1197
-5483
1610
2196
-4061
-8266
2394
-689
-3617
-595
241
7425
-4105
-1701
866
611
5843
948
9195
-5219
-1707
1629
-443
-4481
565
-5516
-182
422
2214
966
1655
-2778
-2608
815
4867
-3387
-973
-2851
7423
864
7973
8972
2167
2496
-5422
5077
-4923
-7538
-1011
-1564
-7151
-5418
-7789
-2517
4521
-6662
5187
-696
-2517
-6793
3832
-518
-785
-1716
-292
-3178
-2126
-2626
-360
-4327
-2159
-1331
8356
-339
1019
-1338
-3351
5747
-3452
-4728
5402
3544
-7034
2300
973
3526
0
2373
-1169
3356
-2288
73
7264
-3446
465
4299
4530
4349
-4675
1601
1495
-1904
-3237
3234
-1628
689
-1350
2029
3462
4230
-6552
1087
-1098
4698
1155
-4567
-6535
-36
-1418
1244
1187
-2177
-6244
-3515
1589
1213
338
1041
4693
681
7557
5703
3074
-376
-9137
-2348
5489
-4277
616
3509
-3687
5495
6899
4950
-199
-1458
5621
6730
1502
-593
4838
1816
-2014
3703
1935
3212
-983
-362
7095
-753
3082
-339
6410
5351
84
3468
1592
-3572
3117
-7267
1899
1997
2177
8257
-2033
-1518
4149
-4648
1408
1791
1266
-3290
2807
5450
-982
1394
-159
-1096
825
6203
-628
665
5687
-4924
1428
883
5317
-6726
4492
-1605
864
584
3338
-3449
4630
-5555
2145
-830
-4787
-2241
2557
1610
2976
-5862
-5247
-5000
1992
-3105
858
4909
-3512
-3510
6497
2306
5630
1154
421
12
-2570
6418
-4890
2856
8265
-3479
-2514
817
-3114
604
-2306
2387
-4411
3147
7525
0
3174
280
990
-1008
-4269
442
-809
-6115
9702
1506
7298
3423
5432
-6304
5369
-1192
1483
-966
-245
6800
-5110
-1596
-111
-7074
531
4287
-800
-3082
1856
5079
1213
-8357
-1821
3051
20
-224
-7926
-1573
-3787
-7315
-7775
6959
473
3026
-3114
533
-3090
0
144
1753
-4180
-3699
944
2669
3575
-1554
-6638
-5208
-9053
-2116
-6708
-8738
3135
5752
-633
-1246
2068
-3625
-2018
-1313
6434
-158
-3314
-617
-62
-566
5810
-5696
-3005
463
3703
-3148
-2658
7556
-885
-2254
-1367
-5439
2251
484
1900
-1907
9050
3122
-3827
-2725
5493
-4820
4878
-2982
9852
-2344
-2115
-4462
-5704
-1997
4293
252
-4633
-4575
863
-7016
5115
1307
4080
-21
6244
-345
-5910
331
-2675
4363
-1252
2955
6048
-5055
693
4703
2917
-508
-3398
1300
2420
4823
895
5624
-2824
-2161
-1531
4737
-4842
-5297
-840
-5424
8318
1276
-6831
429
6
-729
141
-3032
-8829
2544
62
-5248
-3743
-4536
0
1269
450
-138
4279
7646
1624
-1948
5837
1927
1133
-2187
4883
3164
1579
4109
5946
6606
-6018
901
-7265
5483
-1885
6880
1658
-6342
-3097
-7559
-2990
-868
1240
283
1254
3857
-1491
-705
4942
-3641
1815
3766
1756
-476
8174
2639
-4754
-7772
21
3429
6108
2157
-826
-1439
1694
1586
2636
2198
-4075
-1530
6332
-1282
6612
-88
-1754
7095
2356
-2070
-1615
1201
5584
6752
-2505
-7016
-1438
-3137
-6415
348
-1902
6198
1024
7361
3996
4512
-5702
2535
-2476
792
-3205
-2619
3242
-432
-6370
730
-171
-4133
-2405
-3267
1260
-2790
4276
-869
-1976
4435
-4780
-1920
4036
865
4070
-4198
-4563
1321
6899
-1984
2548
2078
-3053
483
1912
-3140
673
4731
1682
-4527
1592
-2678
1472
-5837
7827
-5496
1494
5202
3005
8212
-5616
6017
8433
4220
-4601
1562
743
-1963
-992
4287
2859
-1625
-708
1456
-8138
91
2017
-4666
5258
-4284
2194
-7992
-5229
-4103
-2662
460
5014
3288
1322
-849
-1233
-5579
5092
88
-410
-4647
1568
1707
6310
-6053
609
-4032
-2451
1847
3676
-7073
616
-1888
5445
5878
3040
-4068
-399
7482
-2791
2511
3227
5970
2563
788
4151
-6102
-7546
699
8
1992
6949
3806
-3646
2511
7638
-439
2977
7178
14
-3685
1856
822
-7540
4579
-4540
5763
4906
-1450
1123
-9572
-2822
-1410
-5234
-210
3558
1920
-5160
837
2019
-3817
122
-905
-5123
-1534
3905
-3797
-101
-6167
2142
-1163
1846
8644
-1699
-2547
6576
6373
-143
128
-5860
-701
-5156
-1581
-3817
-2385
-4152
1844
494
-4478
-5343
-5378
2443
-2036
90
7558
-6046
4695
-200
-446
-917
-408
4220
7215
-5221
5498
3112
-2557
-1930
-1173
-4164
1042
-4089
-4283
-6167
1807
709
-291
-3690
-537
3347
-7141
1611
3120
-7111
407
-4934
1904
1290
-1676
2667
-64
1555
-1520
954
-1173
2131
-5196
-6925
-1626
5008
-3506
-3034
606
634
-2087
4190
70
-1693
-2217
-2406
2621
-1974
0
150
2374
2862
-3724
-3322
-4422
4862
-1675
-1462
5371
1710
-5126
2226
4732
-1338
-3461
-1272
607
-684
4036
-923
-1907
-4374
-6507
4088
-5633
-5951
1956
-2207
-6370
-1806
-545
2952
1595
-5882
-1672
-211
-9615
-1565
-1381
59
3590
-1445
-2934
3257
5238
-1759
3127
-2038
-81
-5469
-3261
4836
-284
-1737
-190
4681
-2773
182
-3727
5105
-3884
-1405
-7
-8196
-3550
3919
-2066
2885
-2061
-2857
-2167
-281
104
-2072
5859
5098
-5012
-8286
4503
-2568
-3676
5667
558
3269
6577
-4128
5577
6733
-4649
-784
-6024
-879
165
5660
825
962
-1595
663
6326
1291
-5952
1824
3277
-3323
3650
2112
377
0
-5422
-955
2685
-1777
-7722
22
-3597
2594
-5063
4185
-4293
1022
1363
8161
-7333
2577
-3547
-4649
551
7317
688
-2443
707
-6980
675
-1677
569
-1227
1443
-1014
-712
1663
-5432
1186
-3102
5840
3851
-3981
421
-7964
-1592
-811
-1577
6719
-1576
-2056
-4507
581
7817
1159
1939
-3884
-3631
-3995
5197
7299
-3844
1431
-6242
-3122
-850
-4737
-543
-1431
-2190
-1187
-1678
-1301
-4454
508
5266
490
-4896
-1948
-12
697
5228
-6396
1676
-8247
2275
5437
-4462
-498
673
2232
-7073
93
4775
-6225
2654
-1447
-3160
5699
703
1238
-313
577
1693
-697
-5650
-3749
-134
1769
-3358
-755
-46
-3944
-3017
-687
2966
3653
861
3509
1498
5644
2199
-5046
3792
-859
2970
-6459
4732
-113
-578
-1876
4901
1287
-870
3125
7013
1592
-7274
1837
-8964
-1136
363
-5847
8487
3660
-4974
-192
-2762
-3524
-2396
2636
-8556
-3482
882
-1651
-1376
-3830
-1550
1400
1637
4697
-1782
3316
1585
-1194
-32
4718
-8239
-3258
3821
2275
-6708
-7184
-2764
-7487
1551
-4515
8751
4240
-1330
6136
-900
-2171
-1822
-5555
2717
-5313
-4875
1762
1625
-5876
2354
-2506
-3724
1521
-4190
2250
-884
2104
-1816
678
-2349
-1269
6666
-6376
2579
2279
-2654
-5560
-5347
6198
3177
-878
7614
-1326
-3091
-5397
-6452
-2823
-4633
4721
-1065
-1339
8558
-1132
1130
527
-3489
-753
-540
-5987
1498
5796
6397
671
2068
-2289
4492
1601
-6404
-614
-5167
3544
-3350
7407
1985
-2385
-169
-1133
1314
2715
286
2354
3403
7821
-4016
-3421
2932
-4530
-2866
-1924
357
7299
-3237
-4235
1293
2255
-3972
2425
573
4035
6029
-3578
2907
-4240
-1530
1017
-8569
-8802
137
-9816
-1277
-8753
-2068
2594
-3134
-1980
3841
-6994
3507
2027
1029
-2303
-111
4554
2831
7637
-4105
2502
-4709
-5053
-7072
-5564
5360
2109
2313
3401
-5887
-8863
-3140
-2022
-1095
-5687
1568
-355
-5014
-5644
-4360
-4220
-4791
804
-1878
1876
-1761
0
7189
4429
-464
2859
4625
7811
-8800
6310
-1468
1187
5046
-6139
-3089
1676
1648
-2934
-1815
3189
-328
6668
-1490
5777
2493
-4007
6735
-24
-7578
3508
-4911
6667
5867
-4887
-2948
-1184
1901
-672
1394
-369
163
-8949
-1157
-3096
-4404
-1694
4203
-998
-3634
-2266
5269
-3346
-2032
782
3650
-1081
687
922
471
-2442
4008
-6594
-1306
-1115
2177
3965
-1366
-7026
1360
4836
-3787
-3893
1251
1705
-3042
3328
-1298
-8490
7423
2650
-3390
-2906
-6679
351
-3408
-5781
-3605
-144
-1895
-619
1643
1002
3610
-2770
863
-8739
1123
-476
2489
7040
564
-1516
-2285
-566
1447
2939
-2087
537
3890
-6235
5368
-18
4794
2941
-3255
-4495
1514
5366
-3286
-12
4596
-3231
-7079
1228
3482
-7073
-2753
-2767
2760
-5665
1612
-323
-1699
-279
5622
6213
6001
820
-3174
974
-1037
7083
-3900
-3801
7264
-160
-4157
-604
6503
7338
-12
-2233
-1920
1984
653
2185
6875
5315
-4155
3044
-3348
4656
-6167
5955
2582
1642
5784
-3637
2190
5752
-4740
-3635
234
-5174
-4113
7319
-4547
3323
-6378
-2451
368
-246
-5440
2397
-3615
2545
-4250
-4029
1599
-179
-407
5898
1888
-264
8267
-5942
-4807
-6148
-2300
3532
3567
4396
1414
2386
4156
523
5536
-5785
-1434
8594
-1736
4671
59
4525
-3992
-4401
-5654
7592
-345
1838
2000
3840
2055
-6175
2199
-7214
-1836
-3347
271
5400
-5422
-267
-2834
-1352
8760
2646
-5655
-2348
-1874
-6655
2069
-2511
-8057
-2880
1466
5157
1543
179
5040
2159
-664
1516
-2588
3564
-740
4473
-2644
5608
9147
673
3161
3728
4320
-2460
-675
-4088
5359
-2716
-8190
-3890
-1461
1982
-373
-3592
6341
1271
182
5493
-551
-2426
967
5441
2463
1756
-5417
-6115
-5131
-2983
7638
4856
437
-982
3438
2829
-5477
-2587
-2764
-3101
-6791
-3663
-1627
3864
61
-5516
-269
-4967
3137
264
10
8629
-2426
1930
679
-1904
-5706
2107
640
13
-7985
-4649
-4296
420
8117
0
-1355
-3126
258
2917
5577
7281
-5394
6029
989
-3322
-3735
-1101
-2917
3540
-2976
-6018
2543
-2413
5697
5039
-273
-5328
-8411
4105
-6567
-1134
-7570
1042
1042
-5650
1515
6454
-2655
-3193
6040
2797
-1134
952
5851
3460
-2043
2860
-861
-1234
2920
-3637
7906
0
551
1146
144
-5409
100
2639
-5480
-4961
2351
3034
4161
1988
-7239
-2400
5685
6999
49
1182
-5102
-3430
-2329
-736
2409
6610
-423
-2418
590
6231
4470
-4019
59
3466
6638
-815
-6708
4693
-1026
5981
-3628
-9582
3811
-1132
-4053
7162
-2764
-2592
2649
-3406
-3724
-1026
3597
7774
-5761
5981
-1804
7579
205
-85
9259
1934
-22
1888
2967
-948
-107
1252
1492
5166
690
7402
-8078
59
5898
-2465
-2988
411
-3082
-6653
-1234
-109
486
25
528
-2674
-2022
229
-5424
-2787
-3178
1198
-4828
-1101
7378
-6556
-8627
586
1363
6987
-8271
-5095
1548
-5126
1892
-2943
3881
3618
1975
3550
-6370
5402
4428
3722
-1477
1217
3178
2531
-6433
-810
-822
-1003
1791
-3418
3732
7185
4089
-476
0
-2492
-1441
5650
2733
-2711
-3629
2841
1692
1426
1670
227
-6088
6049
-1717
1645
-317
-2774
4494
-1052
2488
-1629
-360
1705
-1978
899
8799
3549
0
1232
450
-2773
6345
8085
-8849
2706
-1037
-4277
-4294
6612
2155
-6340
-1281
8459
-3445
-4497
1301
-5232
371
2293
4360
785
2412
165
-985
-3288
5851
-2522
2465
-6318
-8737
6234
0
174
-3430
-6140
-5477
-157
4190
1200
-977
-7285
8863
3069
1256
-3870
5220
-4444
7552
3039
2439
1727
3284
-3717
1934
2187
463
1033
-2217
-1418
-4029
3176
625
-4397
7286
115
149
-4606
-3936
-7079
-4582
-8052
3361
-199
4561
-2621
926
1273
-1883
-820
7638
-6261
-5194
-5656
6811
-3857
3045
-2778
2570
4575
837
4452
-1995
-4
-5756
342
-1715
-3455
-1859
-3818
6697
-1477
5470
1689
3086
731
-3662
-1491
6020
-2028
-4276
0
420
-3585
7968
1321
2161
-122
-5021
5508
2111
-2838
3030
-6708
4231
-3255
-5199
4666
2166
3519
267
-307
7309
2034
2147
-5555
-444
-1683
-2439
-4155
-4770
-2829
3692
2763
-6341
-685
7393
1554
786
-7767
2335
-3846
1019
2814
5242
-1452
-3334
-2105
-4180
-4
-5997
4393
-5756
6567
-4607
10
-970
-5324
-1079
5092
-1104
-4524
-3289
1092
-3452
-605
8240
-429
-1725
1741
-1943
-6294
2196
-6213
-4419
-513
-61
-7379
-690
319
73
1773
8756
-4128
2589
-1144
4627
-4633
1321
6124
-3597
-523
3476
-156
2361
8039
4527
9619
4449
3521
3071
-1760
-3290
1409
3900
4185
-4121
-8242
-380
-4166
3147
-1290
-4148
2677
-4552
-192
-382
884
762
-7673
-29
-1755
9059
-400
702
6855
2580
-1186
-8531
-290
-9153
-4527
1616
-5353
4334
-5015
1568
-1407
568
2032
6499
-3243
-5468
-1445
-3094
-1632
1983
-5688
4927
465
2192
-1127
-5207
2874
-299
1289
720
1691
-1290
2567
-376
2351
-4367
-3369
-345
-1971
4522
-5572
5495
-1973
-4056
6559
0
8017
-8748
-7759
3524
-7594
-3814
-6139
-4002
-1944
3763
-3964
-4779
-3960
4085
-227
-1788
-1768
-2341
-6700
6363
273
-7251
-1981
5012
-7696
-5438
-2506
2441
-6939
-4428
-4877
-7037
-2930
-5612
-1304
5616
-1454
-9232
-340
-3743
-2223
2676
2497
4191
944
-431
-1798
3106
5632
-4818
1678
-3002
5474
5024
-5046
-3377
-6830
1410
-1062
-2483
61
-985
-18
-627
3431
-3015
6390
-4138
4230
-1405
5976
1639
2678
-1013
4387
-424
-5366
4680
-1821
2259
-5761
-8645
4270
-3273
-90
7810
1863
4149
-812
-810
6893
4579
525
-3472
-4325
3446
-3289
8052
-624
6067
-66
726
-2715
2452
710
-2373
633
2171
-492
-2233
-1698
-1186
2941
9084
-7559
-3156
-1431
-3460
-5714
2848
1700
-522
-1504
-4940
3763
-7871
-6718
496
2534
-6727
2504
-5639
-2014
5879
-3929
593
-2329
9287
3482
946
5796
-7947
-1809
3060
-1920
-5547
2629
104
-5572
-5875
-5189
-4563
-108
5464
-5086
-942
-1920
5332
-254
-3243
-722
-3860
3173
1982
-1098
883
8871
-12
-2069
-2484
-2070
359
-2388
-1190
5748
5586
5586
3340
2248
4289
-4692
-3689
-761
-7784
1735
273
4348
3788
4566
-6957
-1919
545
-5749
-7131
-7594
-5545
-3864
-2380
774
6153
3928
-2324
0
-7544
-2507
-8176
5224
3219
-1281
-3439
3133
6055
4449
335
-1118
-1003
1289
3790
3496
7891
4149
2237
-832
-204
-5655
1494
-7414
656
6451
-8089
7272
-5054
-4714
4630
1067
-321
2298
2529
-1974
-606
4136
4875
1609
5559
-6130
3013
1676
-464
1845
5374
-2194
4229
1807
7810
635
82
1402
2268
2262
283
2200
16
-6210
-1869
6035
2708
-221
3016
-2324
5368
-7560
2017
157
6860
2850
4850
-1745
3666
2564
1919
-3279
4402
1338
-1437
974
4454
7205
6198
4647
1145
1237
5374
-4784
2114
-55
-2194
-1227
-7579
-5576
4867
-6438
-2739
4135
4881
4036
2557
1524
3774
5503
-3032
1160
-6471
-1225
6132
-2029
1475
21
528
-1753
-206
2256
-2073
-3887
6413
-5146
5340
5480
-997
2611
3250
-3302
4559
4396
6254
-2675
5538
-5818
5099
5374
2016
-1290
-2962
424
8211
747
-1519
-3831
-5654
6998
-3310
-5009
4257
7136
6485
1042
-1513
3541
-4082
2469
296
2579
-3036
-4261
-405
1644
2971
2879
-5872
1559
2020
-5305
2185
-8814
8141
3978
3779
6061
3202
-5572
-7736
-2390
1151
4834
1358
8174
-6201
-1493
-4644
1097
3892
-2594
-7120
476
-5784
-314
6000
7402
4405
-178
-7521
5784
-6911
-5136
47
-1214
-6085
-1544
-763
-3900
-4464
2952
2293
-2821
-661
-5854
-3530
-4509
-37
248
6023
3946
7772
-6328
-3002
2472
5197
2604
-3762
-5243
1710
4684
2354
-2325
-4015
1823
-6773
2148
7019
-4133
2386
-2392
-3535
9238
2808
103
4011
-4523
317
-3919
2540
-3921
-6022
-3536
3599
2890
2648
844
-4347
3699
-2507
1964
154
5850
-118
-3597
-6245
-1403
565
3476
-184
2861
1496
3138
1352
2168
-1583
1573
905
3300
-82
-3586
331
3005
6993
2712
-4375
-7786
-1367
-1821
-385
-1833
6514
-219
-3663
-6994
-2555
-1280
-9123
1161
59
1250
-922
-178
509
1810
-5240
5869
-2006
2443
253
-1716
237
-5069
-1148
3926
-4204
-656
1859
5965
672
2013
-6251
4193
3825
7812
-2760
5223
410
5608
-1592
-3508
-5289
2234
4386
6170
-3679
1219
-5926
2121
-4661
-1261
-887
2665
1992
7296
-7175
-2596
2164
3549
4766
-8940
2034
-845
611
5380
253
1474
-9340
3644
4076
-392
1426
-908
1004
4013
9096
916
286
-2652
5769
-2027
-5585
-3506
4127
-4181
400
1024
-3479
-1134
1922
3595
-5203
-3539
-3290
-5194
-1736
-6085
3357
-1997
3651
2354
-6341
-455
533
3071
-5408
-4152
-1312
7011
1278
-2853
8919
-5674
-7455
-7324
3478
363
-5337
-4364
-470
5858
2767
4811
-933
-5317
-768
2221
661
885
-3253
1357
0
3864
0
599
3137
-1986
-265
-2425
6441
1877
-5624
-1148
244
6504
-2212
3376
1913
2849
6097
-5347
1830
-2067
2649
4850
5329
-7379
4929
2411
1905
-923
3932
-2711
-405
-5483
809
129
-1462
-5010
-7214
1331
-897
3850
-2490
-4309
469
4639
8742
-3021
-2813
-1582
-3722
198
7498
-7894
2336
-274
5769
1125
595
2356
-5269
-143
-872
1709
2386
5898
-3998
-6404
7857
-4607
-5602
1360
-6081
5204
-432
5709
2262
-12
-109
2206
-6070
4867
-1020
1463
-900
665
600
3202
2177
329
2817
3138
-1836
-7445
-5361
-424
2380
867
7410
-763
6360
3595
-4001
-261
1317
2797
4094
-2489
-4833
3460
-3016
-2797
3892
-1690
-233
-1920
2021
95
-5250
-4960
-2882
-490
352
-827
-1301
-4197
2325
-2490
-6314
427
-5269
2336
4695
-6086
-339
3865
-2307
973
1496
4719
3822
1467
-780
-21
-5217
2207
2092
-1635
2144
-6871
-914
6757
-1530
-23
4451
1477
-918
-3340
3640
6103
-1955
-4334
5930
-399
6086
-8857
-5602
-3583
-605
-5153
4354
-787
-5530
555
1408
-3528
-2542
6340
-2812
4227
1248
2776
2753
643
1756
-1308
-5773
-1463
5519
510
1255
-991
-19
658
5237
5485
5223
1791
-5782
-1530
2605
-5309
-1014
4323
-50
-3899
-172
-1941
575
1568
6942
828
1964
-6086
730
-6727
-1057
-3471
220
-2014
-6013
6875
-1233
2682
-3359
-4013
-906
50
-2420
-2266
3132
-2549
-5895
-1464
-3227
4144
3650
-5195
-6673
6109
-2057
-3174
207
4132
-2563
4280
-6536
-3206
6557
6069
894
96
4525
289
-179
-6395
6783
2841
2987
3610
1439
640
-3358
-2497
-3436
-2199
-4723
-8286
2012
-4608
-2159
1550
4769
7356
108
4379
272
-4306
-2956
3006
835
-5737
-2253
1622
1256
-5432
8147
8252
-1008
-2574
6194
5296
-6807
-2141
-7546
-2753
8855
3917
1087
9
5157
-1529
5065
2161
-3128
-2639
3075
-5217
-8230
5366
-6727
3615
3449
3653
0
6320
-6316
7678
-6105
-2008
-7947
3329
-4121
625
5669
-3259
-6076
-119
6198
1210
1357
-1616
-3549
-3246
4210
1318
3412
4786
2894
-2609
-2325
-1056
-2029
4273
-5835
1521
5045
3265
-3201
-2150
-675
-772
7695
-2867
1162
-3791
3983
2755
6023
-4536
-3159
-1581
-222
-6852
-701
7446
-3322
-6763
-1086
5886
-2368
-597
5630
284
2785
5279
-415
-31
-3038
-8069
4312
1700
-5757
-3665
7860
-4023
-3940
8176
4362
1757
3138
3890
3080
-4038
5175
7976
2761
5779
1998
-7783
3077
-2045
2469
383
5099
-6504
-2683
-4378
0
85
-1059
-4944
3381
-7156
-3232
-4145
4177
-2846
-4220
-1777
292
-5586
324
5262
-8483
5540
4565
-4066
-2338
-3254
-647
-2261
-5146
465
197
-1592
1941
1064
1788
821
5370
7086
-3034
-952
-3479
-3100
1776
-3111
-3515
4775
-2158
-3828
-2558
-3304
-768
73
4132
-6700
-1803
-875
-2971
-3523
1970
-1843
-7591
-1651
-4901
-2544
2527
-2081
-3505
3403
-1519
-1447
-570
-6718
7326
-2303
1645
-5145
-2611
6044
4168
822
-1290
-1042
7010
1312
-4625
4177
2439
-1011
-1317
-2936
3232
607
4242
-3456
8211
-684
-521
-8590
5491
2255
1721
-2870
1154
-958
-3308
3769
3653
3437
540
-3639
1027
-322
-7147
-195
-4942
-2335
5444
-1765
4467
1157
-11
-4862
-488
1046
-4724
5985
2570
-1727
-3851
-2212
2470
8740
-1658
-3664
4786
3429
-254
-2655
-1875
-2576
2007
-5648
47
504
994
1082
1892
1022
4796
2735
-1920
-3853
2341
-2183
2604
-1957
-229
-9239
296
2001
-5837
-2682
731
1470
-1245
3279
-5525
4129
-640
2496
-5604
-546
927
109
776
5882
-3160
5073
5026
1157
-4309
-514
55
1400
2392
2521
2717
-2364
-2984
-3637
76
-482
-7460
-1753
2886
978
3478
-2633
-5305
-7337
-169
3708
353
-1281
-4761
-1675
3604
1633
-3466
1245
1493
-8621
1293
6900
9309
5055
6578
5163
-2217
-1414
2171
4919
572
-1304
-1710
2792
2212
-1918
3731
-1706
-5698
1091
-2838
2976
5098
-417
-7896
4950
-3168
2759
-2358
-6589
-3204
-5232
2717
-4512
-2051
1902
130
-2197
-5309
4369
3391
238
-305
-3392
-6685
7562
3857
-1505
627
7646
-5221
-1333
-2760
-1663
-455
-2895
914
-1756
4566
1058
8203
971
-5536
-7406
4072
5660
-2598
-1616
-2856
-4103
-324
6234
-254
2199
3075
394
-689
-1496
-2652
-1615
-210
2440
4278
386
2080
241
-3177
-7772
-3856
7525
-2517
0
2212
6311
2163
1763
5221
-5009
2704
377
1495
-335
1586
142
-4057
2169
5557
-1701
4761
-1957
6731
5073
-1768
-5100
6573
-4942
-3994
-5817
-3253
-4372
6823
5487
5547
-1181
-1467
2189
6523
-8443
0
4338
-2380
4653
-5818
3357
-3703
4107
8633
5480
-679
-5651
-6353
6279
-3432
3412
1616
-1269
-7805
-5959
6647
-7568
-125
-5210
-3310
-3761
2119
5536
2735
1017
-816
49
-4105
3963
-7183
-2081
2950
4358
0
1468
-314
4448
-2738
3588
7236
-2678
-6034
-5338
-1312
-7044
2911
-2815
2005
-2873
7552
3578
-1801
-3128
1936
6469
-3827
-291
1573
6105
1623
2355
2938
5968
7457
-6819
-6440
-99
3886
-4750
3523
-6054
-5221
1952
-6018
3653
-8152
1384
4816
4395
602
1676
0
-8839
-3099
-3311
-982
9214
1833
-1148
2941
577
1676
3834
2767
-4021
-3126
2140
-2147
-6029
8240
-7036
-6251
-3633
1034
1970
4049
3967
7093
-8210
2659
3868
-1520
-422
2932
-3336
-4944
416
5534
6236
5857
-2197
-1099
1454
5180
-1759
-5427
1065
-2911
4632
-1713
-1213
4601
5766
1102
-4226
8252
1342
-5381
-3474
5685
-3637
-1706
532
-5767
-3889
-3515
6993
4108
-2240
-3110
-1565
-7086
-9468
1911
-7379
-1670
-2871
-1501
-4108
-2388
1351
0
6987
2063
1228
1282
6007
3728
4769
1356
-4005
284
6897
-4128
615
973
6791
1849
3285
-2034
3441
2074
-1706
-22
7810
-3472
-3544
3395
2661
-1314
5959
-326
433
-3703
-6506
-279
0
-937
-4649
2354
-3095
2469
-7246
2763
2472
-5343
-3368
3126
-363
-8483
-2956
281
-5196
-4
4258
5197
-4359
-4246
8684
7446
-2344
-3733
249
-5611
-5893
6728
2121
-3961
5401
-637
-1580
-1443
-2345
-3630
-7734
-327
-3627
5376
-5607
7543
3523
584
-5059
3130
-8226
0
5736
3284
-593
1322
-2132
2639
-2644
2469
942
4740
53
-5111
3143
-1948
4198
-1207
1063
-3481
-918
0
-2942
0
-2806
-2915
2582
1146
-6926
2964
5752
4277
4819
9285
1416
2116
433
9129
8077
-2465
-54
-506
-2288
131
-4149
2194
-116
3706
-2328
6429
-4551
627
1097
291
-1089
-2646
-4919
-4415
97
-1096
73
-2145
-439
-2932
-1073
1167
91
3324
3199
-1223
-6492
3106
4200
-2665
611
-2190
-1296
407
5704
-3933
-593
-3445
-4284
-2179
7027
-330
1019
-1366
-6712
575
2857
158
737
962
1782
-6442
4784
865
-761
-5034
718
-6519
7658
-1534
3211
-1880
-5164
1740
-1225
250
-7239
-1520
9344
-560
-4863
-4133
27
3549
4864
852
-1530
2875
1973
-2641
425
-923
290
4387
-1695
-8190
-8354
-2750
-868
12
5105
-6708
584
-7197
1731
8671
-4679
-4013
-4078
1279
6561
-1891
4622
-1252
2271
4379
8713
-3463
0
7598
-1865
-3711
-3319
7079
760
8494
5115
-2264
-587
-3909
305
3415
7602
5503
9242
3963
-2337
-998
-4057
0
7226
0
-2104
-345
622
2258
488
-3074
2675
-4629
2841
5069
-602
265
-4224
4504
-837
2041
3081
-3226
-5502
-6106
900
-2546
-8490
-8504
3590
-3105
1103
-6266
6555
3868
2196
3074
2612
1298
4334
-3286
6103
3116
-190
-608
-812
7168
565
1496
-2395
-2212
-4607
6034
-2714
-3796
-5967
-3054
-9088
750
-3463
-858
-3489
-1522
-826
-1522
-394
-3501
-1950
1141
3206
5204
307
2691
-7337
1361
-2399
-9710
768
-5734
4971
-2648
-4491
1740
1684
4103
3836
2239
6418
-1671
1861
-551
-3278
2378
-606
1599
-3493
-2658
-1454
394
2988
1895
-1015
635
9243
815
6367
1911
-3154
4177
6215
-1004
586
-3725
417
-3695
7156
-933
705
3770
2167
3540
1791
795
-2834
-2065
0
-3859
-4360
-595
5481
2604
-840
-1608
-1611
-7000
1190
-2708
1070
564
5980
272
1025
4618
-1878
-2157
-136
-1676
-5015
-4172
-5306
-3469
3534
-2493
6195
1808
-2623
758
-7956
9131
2696
264
-5389
8052
3040
6078
5128
-2977
142
-4437
6497
999
2201
4011
-4281
3421
1150
-6931
1730
5020
-1149
4443
7765
6839
2273
8518
-5877
-2869
5095
2928
5894
3126
2448
7686
-1245
-510
-7630
-6047
2353
-665
3150
1837
5721
4409
2928
-6187
7574
1852
-105
-784
34
-6688
-1988
596
-4802
-4395
3178
-7075
-2699
-4919
875
-262
-267
-1876
4745
-3141
4918
7082
-583
5391
6040
-1439
7593
675
-2558
-2633
1815
-551
-5313
2313
7810
-3639
-8335
4161
-1540
4042
-2815
0
184
-594
2076
4890
3215
-229
-1928
-2413
9634
1467
5079
-1622
7039
747
-178
1004
3060
7313
4695
-6498
-700
3573
4721
3077
-2333
-4524
1613
5889
8846
1656
5322
-910
-2250
4811
4675
6036
5493
6129
4028
8367
2199
-5047
3150
-1264
9441
3265
-7364
-5287
-3268
550
916
-8152
-4822
-2278
-2093
-5446
-2350
-2915
1861
-2381
-827
-4973
-2406
-465
-5435
4891
-5857
143
3106
2523
-1783
-1265
2308
2007
3612
2837
1698
2912
492
-1601
-8473
3706
-291
6866
2452
-3654
-161
0
1092
-2477
-1794
2937
-2070
474
3215
-2728
3479
-1348
-4372
2308
1955
-3093
-3864
6165
3232
-8681
2744
4019
8742
4686
468
-765
-4817
1162
-2653
243
2941
2923
6375
-2164
-1199
-3505
-276
-5849
1456
5130
-1133
-765
2890
-8611
3267
3402
2775
-145
-390
5155
1421
-4946
1496
-2730
-6673
158
-1782
5768
-3995
503
4527
1293
1374
-5772
2883
8083
622
4373
1193
-817
-2685
7695
3036
634
-817
5557
7229
-7882
6498
2299
6241
531
4089
3232
1102
5400
-1876
-884
821
404
3421
5463
-5997
6130
-2938
-3386
-1017
-5518
1302
4265
-4049
3059
3424
-3565
3765
577
275
1437
3051
-5568
-220
4589
-3112
-2897
7319
1044
3928
-3304
-2343
-3710
-292
-363
-2460
5377
-5422
-3886
-5427
-1086
986
-5015
-7079
4893
3326
8558
-1008
6103
1163
-6804
-497
3177
2256
-1186
3915
-5978
-196
1914
-8288
2288
1449
-6422
-4437
2212
-2740
2482
-3717
4997
5147
-2477
-1441
3715
3624
5804
-1173
-872
8054
1357
-1253
1250
86
-3568
-7345
-3445
-633
2116
-1850
-3172
549
6942
-985
-3495
3495
5374
603
-5480
-1985
6341
-5200
-3939
-1177
6750
-3722
1424
413
-1882
-3074
3473
1835
7900
1668
2710
6750
-3871
1530
-2237
393
-3579
-2980
828
1719
2538
-9277
6345
8257
774
-1181
2252
-411
3437
-6918
3181
-877
-4732
1611
-3277
1767
-7072
227
-4780
6184
0
-5931
2566
-1391
6185
637
-624
6159
-943
-4010
3052
2469
2890
-6872
-154
1914
-6862
-4296
-3102
4149
-5854
-1431
-1693
2936
3890
68
-6831
-534
1373
6740
-862
6809
-6
-5622
5331
1797
-5624
-3794
-2161
2886
-3854
-1076
3867
967
609
2191
5606
-3350
4280
5738
-1027
-1286
-1052
2579
938
1315
3435
-2846
5226
320
376
1941
4238
-1478
-1207
6945
-2271
-1537
885
-989
756
-4346
127
3817
-3479
1178
-423
-262
4144
-6677
-666
2199
675
743
1526
-5959
-2623
-43
-5731
-1200
-2187
-111
25
-826
6516
699
3080
3706
6836
-8120
451
2308
3651
-3537
-3493
4637
2267
1442
-362
658
747
-2132
339
2273
2435
-784
-2904
2021
-278
7900
-3889
-6997
-8490
811
1740
8267
-6554
4350
4027
-2397
2470
4689
6855
-1352
1445
223
-4833
-330
-2263
-289
1322
-4846
6230
-4105
-5081
-589
-1984
1112
711
-1885
5001
-4827
908
-3191
-5436
-2300
1915
-495
1669
4017
157
55
1519
2340
2514
1565
2909
-7445
661
-2882
-3048
7966
-5119
2476
-77
-1916
1053
-3002
7553
-4808
4614
-5016
5266
-1161
1475
-3363
4443
-701
-2168
-12
-3544
1767
873
-762
1285
-8802
5306
4625
374
-4132
7072
2908
-5750
-2460
4611
2569
-1561
381
3905
-562
-3064
-4712
403
4163
3750
1502
-2532
-4346
2274
-2803
-2598
2868
0
1071
-1284
901
3229
7264
-1372
-2132
-4618
4637
-192
1611
2256
428
-5065
8367
4699
-4070
2554
6666
-2157
0
-967
-239
616
2888
1254
-2825
-1196
-9758
-90
-5268
-945
5562
1924
936
-4536
-2265
3287
-6037
-3002
-604
-2484
836
-5698
751
6231
791
-2044
1103
-1555
325
1568
1969
-3508
523
1392
5869
1350
3996
-942
-2879
-1120
-1811
157
2248
-148
-4508
3766
2854
585
-1473
5336
-1803
-374
5762
-6602
2494
-8850
1895
-296
-3470
-925
5026
2980
-661
-2657
6932
3609
4867
0
-4155
5390
-1473
-6110
7761
5491
-3308
8196
-5136
1238
3597
4540
5396
-173
-5370
3376
6320
-3760
-1842
-605
-661
-112
4428
1727
-4923
5524
-4284
-897
3259
-4481
3370
3349
3704
-914
1900
2499
2078
2537
-168
-4608
-1165
213
5904
-4683
-3883
3482
6928
1357
3411
-4919
2761
-3702
-5007
-6859
-4345
-24
1949
2185
2309
4063
2443
-2064
-8904
-6245
-845
-1936
2027
-3027
7265
-7372
5238
-1874
-550
1599
-1963
-6049
-887
-1982
-796
5809
9656
5988
-3873
4906
-4649
-1876
184
2332
2075
-8990
-6367
-3748
527
0
2058
3763
4421
-3568
-1248
-4683
-3075
6642
3214
-4433
-1746
-69
570
-622
-3689
954
6354
3727
3270
-8518
-2446
2393
-6484
7384
7744
-2122
3429
-5537
3879
-4100
-4279
862
-1390
-5566
-3085
-4459
3513
9281
-380
7319
4535
-647
1137
896
2361
-9699
7772
-2555
5351
-2855
689
3541
-1467
-2704
-6386
-1890
1219
820
929
-2467
-3406
7540
1918
-4380
-1308
-2212
152
8374
4046
-3859
2121
-5095
-9249
3027
5619
-2648
-318
1047
1611
1049
4570
-3338
4791
-5451
9340
-198
-1281
13
-1396
699
-499
3766
676
1495
-1970
-1116
1047
-1836
-2934
-3177
-3939
-636
5728
-5107
-6092
1472
3584
-3812
4252
-4524
-2027
-2976
1956
-7960
-1111
1352
-499
905
-8342
-1445
8294
2592
2636
-2689
5588
-2576
1350
-2815
-143
4270
-685
4906
-5690
-5298
3949
-4219
-4737
509
1092
-825
-5817
1970
-1331
-4196
3239
-306
257
-6135
-4046
250
-3743
676
1225
6924
7851
1137
-1169
-3796
-4505
4503
591
-1400
591
999
-1582
4950
6059
-5034
783
-3234
-1582
-1756
-6046
-3022
285
-3679
-2689
-2689
-1113
672
2978
2675
-7175
-2653
-1068
-4750
-925
-1259
-2924
502
2587
-2729
39
979
-3427
-286
1998
-145
-842
5157
-1799
-2658
-316
-914
3324
1420
6203
-3322
1988
-2760
-5302
213
2940
177
2254
3512
474
-4506
-515
-2362
-1528
3392
271
-5248
6885
-4309
-3135
-5255
-3649
-1026
1366
-3000
2131
-4504
-7941
2744
-1915
5045
8580
1322
879
-1753
2613
-1028
-2857
1979
243
3587
-3993
6086
2715
-1264
1673
-393
1232
-1735
-1945
-3999
5619
-8374
2502
-873
-1949
-634
962
-1547
-5482
-5144
-7418
-2385
3468
-895
-2584
-5981
-8443
4144
2866
4149
-5220
3933
344
4191
497
3840
2928
-7513
-2392
2342
-8955
-3757
2265
-6131
1998
-2243
3352
7587
4906
-2412
-587
-136
5285
-6215
-869
-6205
6997
-1847
-538
-7397
2021
613
-5092
5698
-47
3928
-4416
5828
-1120
1925
-3487
-3876
7780
-761
3419
-103
-3096
-1330
1237
3526
532
1408
-3082
-3247
-4329
-2187
-935
-1726
801
-2884
7557
-269
-2835
-178
-7808
503
3725
2300
45
6061
365
-1834
968
4527
3376
-1642
-3436
-5824
3798
-2696
-5435
788
2314
2656
-2459
318
-2267
7386
628
6743
4085
4786
470
8809
-1175
-4814
-5190
-7579
-7463
-1923
4482
5157
4558
3720
-771
-3588
-4698
19
-3504
-3054
-5787
283
-3295
-3834
2696
4194
2993
-7164
-2934
-3863
6720
-6314
-4833
-1246
-1847
2162
469
3824
-1035
4068
1683
-245
-2826
-1365
4400
1206
2194
-3827
5537
5293
-1938
-6237
-6222
0
6523
-3172
1684
-1755
-5102
-2727
-2079
1743
-2958
-7159
1829
4494
-1715
5048
-2023
-2991
-1932
-1950
2669
579
-4121
-2354
2800
-1777
731
1579
1279
5547
2118
7793
-679
-4504
-2243
411
-3334
815
1948
-679
1856
1151
2293
424
-659
-5218
8057
-4526
676
-1194
-2773
5572
2044
3618
5096
283
3327
-2415
676
7686
-3187
-1597
-2709
9396
-1014
3356
-3898
188
-4894
4878
-2875
-364
-1596
-1916
4488
6022
3319
3500
-4089
8052
5704
3452
-1422
2238
8760
-1924
5271
3080
2220
-2412
2941
-7490
6234
-4468
5377
-121
-4402
-1146
-992
0
-2023
2319
-1978
-7397
-141
1052
1975
6418
4856
-617
1669
2297
269
1653
-4729
2244
3076
-636
4489
548
-2998
6665
-3751
-3394
2083
286
2031
-5716
4074
6363
-3386
-2154
980
-5352
6125
6139
3811
-144
2645
2382
5327
5049
1978
-6545
-1141
-6179
-2439
2353
-4386
3106
-1526
-4500
-1457
5643
4578
5235
-5297
7079
-603
2114
1011
5896
-627
-862
-3118
-689
-4379
8192
-29
1894
1040
5591
-5205
3214
1978
3886
1529
406
-2517
-863
-2826
4137
848
1446
6430
1186
2359
1506
2192
2635
3796
-971
4035
1948
2715
2219
-2998
-2014
-4837
-3875
1995
473
-7036
4180
-6289
2451
-3655
-479
1335
9578
-4121
-645
-4698
-6911
497
2577
2559
-223
2168
760
-1965
0
-143
7666
2076
-609
549
11
-3655
-3870
-5058
-3071
8234
-1652
-6685
-1567
-3129
-1595
3850
1293
2816
-3433
4671
-3899
-3084
4210
2684
3217
-6013
2191
-3808
0
-1337
2237
-1129
-1670
1117
1631
-348
-2742
4721
1677
1148
-7564
-6769
386
-5102
-886
-71
1506
3029
-550
-5731
-7546
6294
-2082
2938
-4267
1070
-1558
8178
-4520
-2229
1258
1498
5514
-2428
3381
2519
-6723
0
1786
2200
-3663
-1104
3587
-1101
9760
-1099
-3873
1676
-141
2551
-7312
91
6252
-5716
3040
-342
-7078
0
637
-6594
-309
-3426
-8230
-1669
-2795
-1564
-1191
1994
3792
-1850
-3446
-6322
6197
-2871
7831
7425
-8631
511
-4925
-2551
0
-2975
-1652
-7538
-1327
4081
-5126
6386
3578
4076
-1082
3027
2665
-2459
-4602
3321
-3099
-1274
806
-3304
3541
-3953
5539
-2390
-5001
-1498
-4647
-3698
-2648
-6433
-5163
2580
2269
-6946
-2581
3075
681
380
-638
721
-669
-3295
1107
-192
4088
1719
3900
-8133
3350
5279
-2568
8027
-8724
-5046
-7770
-8669
1967
-6060
-826
4996
-798
3804
3825
1264
-3466
2234
3499
1052
327
142
-431
-3387
1600
-2713
-264
1753
4893
2734
376
-3932
-1050
6977
-890
-2064
-2651
5736
-5958
5787
2323
1861
4556
-353
-1910
-1266
-1856
8155
368
6413
-517
-5458
-9272
2811
1209
987
-7806
-2313
-2380
1708
-4038
-5716
3734
-1171
-4555
-630
6724
-9291
-125
2091
-266
2248
7206
-4579
-3945
-3751
-420
-132
2409
852
1581
-7550
-6770
1697
5898
2239
3988
303
6758
846
2091
-1057
-2188
2182
-3382
4452
-5378
-2956
-4359
-4881
1446
-2293
3412
-3114
-4145
7690
-7214
-1493
-3257
880
3766
-998
3395
870
-871
3146
2019
-5320
-3468
-435
4908
2196
-2500
5929
-3448
1890
2151
4472
268
-3422
539
-6668
-7016
-6246
0
-2380
-1386
-6092
9068
-3332
3244
-3250
-5119
-771
-3170
-4949
2426
-71
-5406
-3814
1894
-5038
3096
-6083
-6828
5924
1303
986
8855
-624
-82
-2603
4330
5733
-171
-5372
4522
8349
2293
-3897
6984
-5424
1929
1328
1420
4197
-261
-72
-2446
7124
7386
-3946
5371
3002
3431
-4601
8671
-5211
8799
-6057
-6287
0
-5959
3062
-875
-5553
-6341
-6791
-5055
3766
4472
527
503
-6872
-5418
4727
2448
748
-3118
91
-4233
-2476
4089
-2033
6067
-2870
-2066
7527
-5205
6670
-5073
3390
6855
2066
-127
-1924
-1150
3878
7326
-890
4267
-2703
-3999
-4356
-1296
4386
2605
-6471
-9272
-2040
3541
-3913
3715
1653
-1353
-4261
-315
-2354
1947
-3295
-4078
-7611
2297
4545
-6490
8019
3132
-695
5516
-1014
6979
2038
-1445
-5119
-2336
-3175
-3759
-1698
-3606
6841
881
-514
-4296
5620
640
-5997
-852
-1713
-5220
730
-594
-7379
-1756
-3725
-8323
1108
-1036
4523
1160
5385
-114
5055
-3779
-3201
-2024
2413
6603
901
1899
6173
105
-459
-1840
-612
813
-3017
-4627
2712
437
1399
-7345
-1396
-6652
-5876
-4329
383
-470
-6993
1103
-2008
8723
4727
723
-1657
2568
4070
-1129
320
-1391
-724
-5038
-1969
6866
-3572
-5352
-6751
-1439
-3725
-3386
-623
6200
4170
-1397
7203
3138
4829
-6677
292
-4255
-7312
5732
-8041
-3124
-5818
8342
6161
-3925
-6579
6356
-3255
-7463
409
6981
-4045
-3099
-485
2882
-3617
6004
-491
-4557
493
8109
-4956
-4633
6728
2976
4513
-6145
9343
-1583
-268
-2185
2032
-2172
287
3507
4416
6044
7052
2873
-3077
-2090
4793
-4645
1218
-1250
5306
0
-6049
5843
1337
2215
5340
-3239
1160
-5853
-4375
-178
2498
-1934
5039
5575
-4850
-3725
0
3877
-2882
-5535
1351
-2439
3905
-685
-1850
1073
-628
6142
145
-873
-1240
-2533
1600
-2022
-6018
-9277
-3886
230
-1434
-1216
-1318
2877
2562
-5259
913
-3790
4264
-2639
-1735
4521
-5102
3495
4231
882
6285
-6344
-3949
6014
-1049
-261
3265
-2751
-2738
-561
-3854
-672
-198
99
1140
-1339
1363
-3631
-8537
-2795
1306
-4326
0
5350
7630
4452
-1474
6250
-4520
76
3501
8085
-1745
4030
3509
-370
1914
-2644
-7380
-1156
3357
-1204
493
-2630
-8395
4807
7407
-1346
1988
-4283
-7736
2254
789
8174
5017
-4131
1160
1988
8227
-4435
3020
316
1729
-5339
-4005
6877
675
-14
-2098
-2107
4459
-1616
-1450
1654
112
1302
-7265
-9039
-2363
-2254
-1933
-32
374
440
1760
-6186
4547
-5513
-6754
4631
3840
-5107
4385
5697
-1558
6607
4921
1823
3063
283
-7406
971
-6336
4127
1692
-1043
-3992
-1828
-559
-1097
-7553
-5171
-2522
8110
-470
-7298
2640
4126
8742
1019
-1030
-4520
4409
-1676
1288
704
213
-5935
3317
-273
4154
-7396
541
-1988
-947
4953
1446
-7941
1992
-1924
-437
-5801
4945
-2795
-3126
2892
8633
-13
7058
196
3026
2767
-4925
6545
5650
2367
-2301
4398
-67
6423
6942
-4347
5065
1071
76
7023
6134
-4913
6645
1193
5055
-5510
2286
5350
-4834
660
931
5268
-6019
5628
-2006
-8171
-1065
-3425
-6971
6184
-1011
83
-2009
7841
4794
-3628
-4683
-7627
205
2529
-970
1252
-3032
1714
-2557
656
7787
-1783
4111
1794
2502
5727
-8887
-2209
-67
-2568
-6684
-2269
-141
2429
3488
1198
-679
7551
-448
-284
-6459
2165
404
-1676
5660
640
-6070
5205
-1780
-2909
-1657
-2093
-1802
-6487
3202
-4512
7218
592
-1237
1252
381
527
-1028
-5240
-4105
3517
-64
5217
816
-9129
-6802
4761
1621
-1637
-4180
-575
4184
4310
-859
4835
-1900
4661
2377
-4783
5049
8240
2028
3211
-127
1927
3470
-6225
5704
2621
5327
-5222
-488
2425
-318
-4153
731
-7650
313
9581
720
2003
-3854
3865
-492
-3254
1707
6033
2906
-6125
-6419
-4242
1533
3610
4099
497
-2991
4035
240
-4825
4400
1600
-1434
-5126
-2850
1568
646
2762
-669
-6135
5115
-1290
394
3432
-2024
-3390
5050
-3716
-2281
1787
149
-7120
-54
-1902
-6323
5568
-864
7129
-1838
4080
-2994
391
-3799
-933
-378
-6727
-616
6056
-4573
2572
-6018
6626
1254
6811
-8051
3495
-1200
3947
375
-4791
282
-1426
-3433
2888
2650
124
-4488
-112
-6076
3881
1674
3210
1346
-1803
-8436
-3871
4355
272
-2995
3339
-3859
-5409
-8576
6048
-5835
-7732
544
2312
3872
9579
-5309
1434
-2564
-2797
-6714
-12
6266
-5571
3747
-4936
3246
2702
-1835
-5435
8057
-3599
-584
4203
-127
2511
5357
1696
3489
-292
2140
-8121
2225
2248
2157
-8823
-1207
4287
-406
5470
-3999
748
272
1275
3226
748
55
-1499
1881
187
4472
-1433
1659
-4408
-4520
152
6860
-2565
3997
-2491
-1880
999
-830
1533
-2110
3255
-7560
-83
472
-597
1208
-742
5858
-1205
2351
-2862
-6906
720
1377
3286
684
2714
-522
-1735
762
5448
3835
2306
-817
2226
3123
4945
3986
2715
630
-2774
-9091
3766
561
-4276
-4139
-5087
2263
-537
-4010
-2573
-5610
1914
-630
166
-1597
-2857
-443
1969
-1746
6374
-5852
5145
7444
4108
-3205
1661
3913
286
-5325
1044
2468
-5280
-2222
-839
2120
-2974
-781
2621
1979
2596
4328
-2501
-322
401
376
-1629
5278
-3287
-883
-2385
-3124
968
1454
5340
2121
2829
8232
-399
1290
2513
-2119
5363
-7327
-742
4687
-5891
-306
-6342
-42
-499
-1399
3615
-570
4484
-849
3140
-3722
-883
1127
-4004
1447
4111
7866
2056
188
-2245
3862
-311
-6167
-4729
-651
-619
2161
879
-3440
-1638
4540
-2541
-879
7810
2325
-4005
-5016
3935
2522
1656
1286
2496
3587
8700
-4332
723
1629
992
-2511
3898
-4760
-3105
-296
-3541
2746
2034
6014
7607
-5369
2397
-2372
-4186
-3553
-1340
-1568
-6191
747
-3427
2190
6592
-1197
4721
3097
-2203
5128
-2100
3320
-8224
9281
-4326
-7981
-4523
-4402
-5543
5792
5769
-3202
6647
5075
-1414
-741
-1522
3850
-6859
-4644
5939
-230
3348
5189
-2429
1903
-1042
-3588
-3694
2502
6498
-5309
6537
-4426
792
-2907
-5742
-3751
1703
7192
3750
2911
-4246
-1848
2748
7778
-1237
-779
-6414
416
3879
3537
-1909
-4121
-1969
1182
-4001
-5015
-567
2831
423
-861
-6393
-2115
384
2306
-3521
5448
-1133
630
3232
-5943
214
3030
1350
-6830
173
6231
-4411
-3786
6109
2238
-392
-235
758
4850
-5352
-4941
-4575
-6537
-1146
-4346
-7376
-1985
-5939
-1000
6393
1011
-1928
-5016
7076
3570
5293
-253
0
1521
-922
896
-6492
-4495
2457
-82
6667
6265
3588
-6287
1968
1705
4253
-3247
-4215
3497
3988
-6414
-7754
2340
717
2016
-2787
930
4062
45
7396
-5763
1927
-493
-6108
7216
6004
-3432
-5240
-2648
2613
0
3789
761
5199
-2924
-3155
-2757
1972
-5102
-241
360
3295
-3966
-6786
-3657
-3944
3667
-1597
3263
2391
449
-1191
-3406
4918
2307
1567
925
-6677
92
-5368
2285
-1171
1488
-810
8179
4517
3807
-2927
2895
-1047
-5726
-191
-3702
-3302
-6021
-5872
9344
-3094
-5853
-125
5522
-4402
-412
7309
5522
-1108
1246
-2558
-2388
3134
-5772
-920
266
7378
-1435
840
-6677
-3781
-2509
1357
2901
-1159
5069
3903
145
1631
-1539
-782
-5626
-1885
-1204
-4121
6250
-1437
-38
2419
-765
-1308
235
-4788
2476
99
5617
8178
3926
-817
1179
1005
1791
349
-1063
-1823
-380
-2368
2448
-3335
-6745
-1250
-7268
3268
3558
-6429
7423
2885
1449
-3606
-4430
1714
4486
-4015
-6404
-1746
-3281
4564
-182
-985
3012
-3697
-115
3611
2293
-4517
1041
675
853
3080
-1045
145
2262
22
-3303
4570
-639
2814
-6506
6988
4464
-90
815
-1374
8801
925
4909
2169
-1295
6236
4137
-8341
7951
-7254
4675
-2192
-3066
-3805
-2684
5068
9551
3590
-584
-128
-1487
1667
-898
-4527
-7072
2639
-1559
-7158
7952
3126
-4754
-4697
-4917
1404
3088
423
632
-3001
770
1818
-7415
368
9800
-3743
-5956
-3107
4049
-1653
-4554
-1351
-4902
-5316
-5254
-54
-2287
-8351
-1392
5706
6783
-3101
-2754
-6419
-2108
-3887
-4145
-4338
-598
5796
6016
-1405
-1755
1037
-1491
-594
-3761
3886
238
5293
-6106
-1911
-8048
-6767
3113
1037
2248
-5854
-6499
-2293
2306
-5051
-6370
-5822
5444
4603
-2534
-6021
6736
4146
-7349
-997
2315
2650
4922
-2873
-3213
9207
3489
130
-2403
2860
5713
-5516
-5879
44
-869
9287
-6442
-281
3851
-121
617
3524
-3622
6207
900
1707
-3922
7250
-2975
-1352
2760
3311
995
774
-1806
4414
-1955
-3174
2494
4963
0
-6198
-8802
2906
72
1030
-2809
4154
-1547
-171
7975
-4756
9344
-4950
4611
3396
7446
519
606
4312
-7078
-4782
2465
-893
508
5650
3116
1778
2867
1250
659
-5597
-1460
-1671
-4862
3682
-6939
2047
4695
1238
-6122
37
-5782
4737
2621
-874
1556
-4096
-2511
-4730
1141
7011
228
-4049
-7962
352
1025
964
4223
8841
2394
-3269
1293
-2514
2522
2186
-957
50
2499
293
3015
-3796
-1439
-4429
-4188
-4065
-4448
1894
-1599
-9778
2545
-7480
142
637
1208
-988
-755
-3265
-2308
5706
4888
-2311
3109
1867
-606
-3983
5012
930
4878
-1645
-6209
-2809
-3126
-3461
-3560
2963
-3569
-272
2597
3311
-6591
-823
3709
-1028
3010
2381
3535
-7994
-3655
2121
-8526
581
723
8734
-6455
2052
-788
-7554
1879
3126
743
-5821
459
-857
-1554
-1054
-4246
-2762
-7772
1589
910
2566
1940
2649
-400
-6290
-3960
-6207
-2825
2864
2118
7450
3156
331
-6432
6950
1660
-1534
297
-5552
3006
-4516
3907
5428
541
1022
2662
-1275
1065
-2945
1041
572
-975
-6186
1059
4
0
-3620
-8
-278
-515
2735
3831
-4221
-2316
-380
3964
1684
5069
2819
-1068
-1161
-1299
2196
4468
-5472
-7885
2438
-2856
802
-386
0
-8935
3020
5604
-6753
-800
1032
-4326
270
1699
630
5242
5351
-1586
1168
4791
-118
-6711
2689
6050
7299
2952
999
-7831
937
-5763
-2484
1601
2993
-2571
-3803
-2229
-2476
-4681
1939
4566
-8331
2564
-891
-2984
6668
1184
-151
3945
699
1463
-713
2439
3685
-5958
-3749
-1463
-360
4620
314
6086
-646
-4730
-4242
4273
-5260
-5141
-372
-4145
6124
-9239
-2145
-1425
5450
485
-3668
-6244
4222
817
6843
2191
-5958
-6034
755
-2136
-7900
-8242
4055
-219
2015
6244
4938
-3641
-3389
8002
-727
-1504
-3069
-2627
9343
-435
5033
-2479
4388
639
3133
-2211
-3561
-483
-3479
4750
8801
-3725
4366
5389
-7454
-6191
3213
-3208
-3089
2083
2638
-1445
1157
2568
675
1754
-964
-5006
-2739
937
5600
-6229
-6304
801
5985
1679
5098
3212
-3343
1065
-1669
-3779
-5008
-5324
5024
-1433
4340
3126
-1809
4273
1935
5019
5330
2163
683
-5734
234
-915
-588
783
-1266
3908
-5109
-1307
7857
-2258
-6186
2021
-5971
-3231
-2403
2545
7413
-1887
144
-1683
-2217
-3187
-5254
-6087
-1098
4836
-2969
1427
3190
6165
-5188
1456
8019
2268
2593
-7019
2220
-6161
3257
-6244
451
4384
2319
-5015
-3726
149
-2696
-1400
-764
-6637
4790
7966
-8733
-2897
283
563
148
-6032
6728
6033
9059
-13
316
2649
8388
5795
-3661
-3042
-4431
-4781
-914
4867
4581
2928
-3505
4503
5195
-6128
-8230
-6108
2974
-3611
-6452
9244
1633
1360
-1461
-3912
3097
1119
-3961
-1799
-5045
2062
-6190
-19
-1631
-3609
-2125
1449
-2270
-1605
-5579
-5205
5986
4547
-883
-7079
-1265
3089
3634
-4076
4369
4447
919
2950
4193
-9063
2809
5986
0
5683
3978
3895
-6341
7377
-6870
6996
608
2344
1887
-3154
-679
-2196
-1319
-5892
-1057
7075
3631
1456
721
-4984
-5956
5660
-3120
-589
-2537
-553
-2534
-4670
-5662
943
3700
-2517
3722
2819
-6493
2104
271
3685
2069
3750
-3493
-1821
1460
3521
-3561
-4172
1705
2268
-3234
-7379
-1410
-4380
-2369
6606
-196
9062
-5485
119
-7469
3822
-6419
758
-2825
-7705
1523
-1235
-3944
-3427
-4866
197
-5056
373
-3121
343
2978
-1874
-4351
3592
110
4449
-366
4547
768
3867
4079
1078
4556
2179
1708
1791
-4808
472
5588
-385
3707
-1353
-685
737
5641
564
3779
3992
1258
-1047
755
-3144
1154
-4462
-3548
-2365
-4234
4260
2511
-4355
3549
-4312
-3495
-18
3002
4260
130
7496
8723
492
793
-8302
0
-1669
8736
5699
2528
-670
-2342
2120
-4252
-2829
1840
-2030
3191
-960
1662
-3201
-5253
-5353
-3805
-5802
-6042
2684
-553
-54
-446
3758
-2147
-5142
-1331
3476
2801
-1452
786
-1695
-9797
0
-1053
-412
-4
-2835
-2609
-4046
-9305
-7816
-933
180
-2885
-7210
-4128
1302
6645
-7132
-2115
4349
2569
-489
-910
1249
-818
4284
1995
1002
-3090
3164
7272
5103
-2251
-4557
-4015
-245
-5854
-5518
-4781
2614
7975
-953
-2495
-2812
-3986
4839
3244
4617
-96
905
5052
-3291
2544
4878
544
-1265
-4550
5365
-3202
-2120
2104
-2863
5547
-1501
3592
-1158
-6192
-936
-5619
3560
5274
-3617
-2210
718
-1046
7264
-886
5234
6429
5600
394
415
-2155
751
576
-4066
7794
-6433
1813
3477
-2034
2298
-1723
-1281
-7189
2810
-749
8910
2510
5493
-6840
219
430
-3549
-8247
-4606
-5240
2852
-684
3272
1282
8671
4950
6304
-3316
2931
6411
7496
-1608
2601
-1498
231
3732
7472
152
-3067
6836
2693
-4737
-1825
1956
1295
-740
-56
-97
-348
-4171
-1582
-3606
360
-3589
-3918
-223
-3247
1371
-3175
813
1698
3524
8299
-4781
3340
-5394
1960
5579
8662
-1662
3382
-353
-3747
-1133
4299
-8104
5069
-1793
1811
2733
-7352
2822
-1136
7508
-7315
2879
-3288
-1474
2664
331
-4199
1193
-1324
-4914
1378
1778
6023
1035
2594
7800
-2070
1222
-156
2168
2223
-1809
-8367
-3046
-4495
-656
729
-1864
2892
-1743
1617
-4153
3109
-5187
1022
2543
241
2226
1185
-374
-6323
-5073
-1621
-9654
-3953
6290
1198
2385
-925
6001
9051
-661
2262
-490
-5995
-2143
2032
-836
3255
2294
-3517
8467
3622
-1040
5315
2583
3147
539
-5931
6040
-1344
-1557
-4666
5117
497
-1386
1611
523
2704
2179
-5364
-802
-2224
2190
3877
-138
-6490
283
-3717
1161
416
5650
8046
3754
7578
646
3106
2281
-7641
-4277
5540
1722
3917
7144
85
-1675
-2392
-1638
-3199
6340
2612
438
-3283
4107
882
-8285
3737
1915
-45
3507
3759
-6679
-758
-6210
-5386
197
-9340
1689
1300
2038
122
-145
-5046
-5008
-933
-6482
-2210
7538
232
7071
4159
222
-2922
-4723
-4018
1530
-5277
-2772
1424
-3893
-2244
2694
948
-2753
3295
-323
8432
7561
-2475
-406
-6699
-106
-1142
-6357
-2607
-1494
-2056
3128
5955
-6021
1355
-98
335
-2803
1535
-1698
721
7593
5342
1780
4108
1500
-3590
-1852
-890
-1894
1364
1837
-1814
-5718
-4709
8252
6806
-7151
-594
-4005
408
2273
-973
-978
1881
-2756
-2161
1097
6017
3629
-2505
-6285
-5786
-1911
-1204
-1186
-2241
-4641
3377
-3941
-6740
3067
-5391
-277
6255
-3477
-4733
-1344
4076
-4745
4334
-2787
4249
-1363
1053
-5564
-5087
-6360
-7907
-1530
341
5868
285
4197
-3932
2031
5644
-2571
2769
908
-1513
5009
6297
2639
8535
-601
-2289
931
-1420
-1281
2069
6567
896
-8
-6376
3474
6129
-3560
-4339
-1429
-881
3954
4836
-7008
-3332
841
2062
3213
4566
6924
1730
2613
2879
-4015
45
2129
1020
4121
-3912
-3214
-2811
-134
-189
4418
-2500
6537
3509
-5414
-1540
6091
897
2199
1783
3468
-479
1150
4525
-695
6374
-5449
1427
4013
-2761
-4481
-4141
-2585
-3264
81
2572
433
-5646
4683
-7896
8910
1536
-2636
4750
-4824
1270
1922
4186
433
4446
-2976
2842
4165
-3586
4371
-863
-6323
-2652
-1938
-7788
2118
5449
-1513
240
-5339
-144
-3108
-2546
4149
-3007
-1054
-2999
2629
1676
2710
3489
785
-656
7530
-646
-851
1803
542
1829
4482
4650
2894
-498
-6819
6124
4543
-1930
-4813
-4190
3810
-2434
3138
1686
-3477
-94
-3949
5202
-2803
893
1302
2051
-3286
-1876
-631
2102
-714
1506
-2395
-3547
3339
5665
3863
3088
2907
-1652
3106
1705
6947
-8172
6631
8356
-1164
1384
-2884
-4530
-4213
-4376
4223
1476
2629
2293
-1662
-887
-223
-7396
4681
942
-1551
-2098
1468
-1112
2639
-4862
-1276
-3069
3549
-634
-6939
492
3905
-3017
6418
-2277
5861
3801
1170
2020
-1220
-1713
-3427
5606
-429
-399
5613
-5196
2322
-765
4760
1835
-7269
-2862
-4495
1099
0
2366
-2174
-4075
3570
1093
0
-5110
2956
-4543
7378
-5308
-5167
-3675
6459
-5522
1581
-2347
-937
1215
-4581
-1290
-6422
885
-2644
1079
-3767
-2428
-2066
1629
5195
-7008
4798
-2686
-4425
-2210
701
2848
-384
7136
4311
7999
4116
5258
3725
2358
3148
-4091
406
-4376
-4694
1051
-4477
6318
-8041
-1867
1359
-8351
222
7308
-5098
2257
0
-3974
-4180
3754
3161
4743
93
2538
4409
-1431
1554
5435
-2533
-3912
-2877
-3757
6165
1258
-2009
2256
1563
-1009
300
-3560
-5033
-1651
-5298
4838
711
1714
-4295
-2203
-817
-6874
-404
8686
-3944
-777
6841
1611
-4698
-3654
-701
1221
2099
4240
5368
1200
-987
-6770
7573
-1781
-2415
-2345
-5391
3150
-4360
-3567
3188
2629
-1135
2036
82
-4226
-2032
4272
-1298
8640
-5081
-1676
-6307
-5372
-1595
4956
2356
-802
2917
-8718
-2564
-1546
-954
-3479
3308
-1235
959
-4410
-186
-736
-2580
-6609
2734
-6361
2338
-3140
184
5343
-513
723
5372
-6142
-7871
-7249
-8802
-2306
-4806
2221
-5623
2269
633
3595
6017
-1186
3508
-9791
693
1684
1502
1322
-1361
2400
2180
1719
-782
5504
-5324
-1353
-1279
4794
2580
-1120
4590
3812
-4607
728
3340
-5328
6146
3300
-1972
-347
992
0
-3548
-7947
1832
1432
-1316
-1746
-1387
1480
-971
-7808
4278
-1556
2901
-2547
-2460
4220
-7295
-1349
-6003
-7072
5546
7793
4252
1059
476
-7012
2511
4041
4079
3513
-4174
-6693
5940
952
272
6897
-6580
6418
-2886
-7931
113
3495
5704
5423
-1425
-2579
3954
-3763
1795
5021
-6322
1878
1091
-3857
-2342
2118
-1405
-273
1044
1668
-4687
-7865
2167
-3727
3576
-537
-5472
-4452
2850
5586
4654
5624
145
-2926
-5248
6411
-594
-2190
383
-7
885
151
-4181
-2689
4334
24
-2027
-1883
-22
-5215
-5036
5406
759
-316
376
1883
-5671
5198
6957
4875
6461
-141
-1041
833
762
252
-2313
-6693
1985
-2458
1756
223
-909
-3804
-2948
-4526
-5613
-3554
2932
3835
-3425
-4225
-904
-3383
2327
4113
3432
2766
7127
4811
0
-4501
3128
-1611
3808
7136
-1498
484
1284
393
-7132
4162
-2412
5613
2637
-2066
-2159
-4524
1140
-7931
-3328
-1953
-1609
683
-5422
4141
1426
-3817
-977
-448
-6492
-2797
-4863
-999
-1943
83
-2799
-6622
4683
-469
-445
2906
3757
6432
2258
5161
3004
5284
-3013
-4571
-291
-3953
3089
-1848
8736
1949
-9063
115
5382
-553
-5095
-2194
4862
4847
8907
-9053
-2310
1137
4074
-296
85
198
2056
-12
351
-7380
-3053
3531
4481
-67
-4112
4919
3537
6845
-4457
3650
-2797
2687
7912
520
354
152
2467
-892
-1925
520
-4585
-4402
1521
-2029
1617
7162
1877
-5579
-1555
8723
-6175
5415
4523
5430
251
4878
-4555
-8887
683
-3192
-4375
4354
-369
-3572
-488
-3815
4532
6459
1721
2465
-8707
-2814
0
1990
6918
2681
-2189
-3095
1180
-1299
-3220
1120
4296
99
0
4537
764
504
-798
2577
1846
-3134
3859
1753
-3767
-2195
-1788
0
4519
5520
939
2452
6456
2621
5588
-4841
6344
422
398
7986
3402
1290
-190
3180
3178
-7151
-2236
973
6585
6644
5743
-4359
-5943
1762
-2397
1735
-4756
-469
-682
-402
2471
-3583
-364
-5933
0
2682
-6601
-2509
-3255
-1562
-3457
5242
-7555
-2341
3468
-313
-219
1867
-5368
748
1717
-2570
-1403
-759
-1159
-392
1985
-666
-2236
-3030
1950
-2879
-4441
8019
-299
-3436
3048
-241
-563
-246
-660
3298
-2332
-7949
3106
-3854
384
7871
-389
-1331
-3854
-335
-6390
3713
0
6434
-5305
-34
1585
-422
-1045
3214
-3069
1077
-4101
2455
-5488
-2585
5608
-5486
5090
-1827
5923
5220
-3884
-6638
3635
2262
242
2876
847
2069
2581
-6120
999
942
7799
-7793
-2427
-4304
-1457
-2974
2034
2173
-1016
-2725
-1422
-3944
-6659
1054
1695
-3187
621
3894
-5618
-3723
2074
1163
1698
5851
2635
-1963
-4440
2444
2507
5658
-5564
5568
7800
-1632
8231
-758
-36
2550
-5854
-1025
-5156
-2207
-802
228
3429
2306
4954
4551
-2296
-639
5505
1690
-19
2917
-414
1819
-2221
-5110
6259
-2909
-40
-3234
-96
-7063
-1561
-7513
-285
-82
3105
-798
-746
-3849
-1832
2659
1071
-1546
3777
4811
-583
2665
265
-3898
-906
8863
-304
3841
-4528
6447
-3307
-1996
3209
3867
-6950
-2835
-5803
119
-7061
-1284
-2600
-1567
-7066
-5628
-2454
6665
2804
-2266
6203
5080
-2526
1178
-1372
-3958
2083
2435
205
766
-2778
-291
-7511
-3177
4078
-573
3432
1935
2032
-1249
661
6023
2710
5986
1771
1371
9050
-2805
-2316
-4959
2206
3005
-2539
2894
376
2700
1250
343
-5717
-3528
4272
811
6056
-5596
-693
3394
-4516
1719
-406
2084
-3839
3885
1745
-6500
3642
3423
8022
4098
-2066
6308
766
-2507
185
-2487
-5459
-2100
4927
7327
1769
-3310
-4279
-3112
626
4063
-2033
4585
5265
6250
-3279
1357
3728
-5471
-1422
3456
477
6858
-1536
4455
-6328
5311
-4426
-2422
7932
-992
3350
-415
2075
-1532
-1592
-220
-366
-1544
-6243
1802
7479
1815
1237
-3204
-3313
-8341
-850
1787
-2283
-430
-159
-3647
-423
183
-5155
1460
-433
-1295
4495
-2243
822
-4327
-175
5931
4854
-2006
-792
5936
5791
-2613
8212
-5324
1434
-8017
-914
-440
-2105
282
1620
-3406
4371
0
2196
-327
819
1683
-8373
2110
1872
-8681
-2594
3258
428
4911
-1810
3748
4290
-2210
-2370
-2971
-3106
-3323
786
-5875
2539
-1570
2392
-9153
7788
-1134
1393
5739
-6594
355
7654
1935
-1499
-74
3319
-533
-279
3599
-3499
-3027
873
1448
1927
861
9066
2785
4296
-2194
-2480
4353
6048
-2015
-947
-1880
-946
-1986
-6058
2306
1563
-609
-4107
1345
4007
2656
-3250
-490
1480
1412
-7020
6447
2515
-5462
1698
6208
-7296
-2220
-2058
-1917
2159
2420
-5879
-3319
1885
-2815
1305
-108
-4348
1590
2667
-7094
-17
-947
2961
6561
-2024
5857
1165
-5045
-1534
-3747
-2067
-6547
-8398
-777
5617
5981
-4402
-3398
-3582
1097
-3531
2151
472
-4190
-6152
-976
4087
-6260
8487
-2611
1776
942
2602
-120
-5171
2120
-1561
2343
3734
-4409
4307
1289
2880
-2461
-714
-138
-2727
1330
2199
3046
-710
741
-3489
1327
3924
8075
-2126
-485
5940
-5673
318
-6298
-216
1289
-2762
5248
6567
-5978
3233
-5875
2295
6497
901
6335
784
2043
-342
-18
-1069
885
4892
3419
-2196
-423
-7228
-3865
-6314
5246
438
-9753
235
711
4299
1091
-17
-6685
373
1297
4405
2058
3888
-8949
1722
-2728
454
-6225
-3256
-38
2315
6501
2073
-7638
-2829
-8
1776
908
5197
1725
8232
-5769
-2303
-3909
7407
1316
615
-1785
718
8349
5011
-4773
-6437
-1431
1567
5400
1947
-1173
-1778
-1037
-9064
4753
-1932
-1506
5612
-5167
1039
39
-5802
-3215
4523
-4949
1932
3573
1099
-29
1414
405
1701
2226
-725
-8198
4238
5145
2406
2212
1551
-8592
768
-3108
-189
-885
4621
1435
-764
1144
-3560
2467
3314
-5688
-960
5049
-5445
-2611
-1227
-2597
-1401
-3548
1573
4891
-2495
8716
-1286
-1928
-5393
-844
632
5614
656
5303
1357
-14
6751
5349
7449
4655
2906
-456
-7072
78
777
-2838
-610
-144
5778
533
3640
-7661
5660
729
-1598
3426
1264
7680
-4765
5542
-1097
91
2888
537
-3250
-3675
-17
-6159
-5705
4259
2507
1270
2007
1685
-6506
-156
-2171
-790
1364
1674
-1186
3234
-3326
964
-914
373
-1894
3796
-8724
4540
-4082
-4061
-3761
3601
2308
-2220
-2081
832
7646
-2208
-3095
1929
776
1551
1176
1736
1071
-5442
1790
-1070
-4871
5209
-262
5366
-5322
-4678
661
5327
-2044
-4189
-4037
2418
-3965
1244
-8192
3550
-569
6693
-5095
-2644
-3128
5145
60
-1799
1014
2765
503
-4559
4732
-3298
1237
3138
6320
4378
758
6571
8089
-1587
6466
5258
-5720
8225
-2064
3312
1395
-5432
-955
2496
-6404
-1033
-6508
-6928
135
-3254
-2458
2034
5385
3639
-2011
-8504
4113
3062
3635
-2711
-4
-2940
-2035
2714
5313
4945
6069
-8739
-299
2728
-541
-1644
0
3468
5670
4439
-2135
3497
-1076
8780
-5934
3548
1853
-2316
-3328
-627
948
5625
-716
4610
873
-5822
-1403
2345
-5738
-8666
3267
2953
9819
-2681
1158
2335
6360
-3537
2306
-933
-716
-6108
2180
-4723
4657
1483
2590
-1383
-3131
-5338
4370
-1245
0
-4541
8053
7654
-299
-90
-5977
222
-2065
-4420
-5686
2529
-4208
6886
4990
-5438
1679
-5197
-1680
-883
-7264
-1886
1211
1935
-2635
4047
2409
-2194
3304
-176
280
-2087
3086
-4555
-2972
-4194
4127
3072
3218
2847
2885
6714
-4440
9619
4449
-2480
2718
-3827
-2148
1310
8142
-2425
-1837
-4347
2534
1093
-1282
630
4833
-2946
-798
2054
5664
4838
-426
-422
-3595
1162
222
-518
1120
-2822
4249
6730
3452
-3832
1402
5022
4246
1111
-3069
8211
4636
1160
6900
-1280
4613
243
-2692
-2537
4149
-522
-5846
27
3116
-807
-7559
4913
3203
5197
-881
-5324
1604
-1874
3550
-6679
4465
4949
-1896
1768
3902
0
4982
5480
-236
2759
-4199
-6569
-2439
315
3129
-184
2633
7686
-557
-1617
-500
962
1591
2194
-54
-1680
-6207
-1721
3478
2058
-3007
-753
275
1138
-3597
-8171
3004
6187
2853
4362
-2947
1741
-2087
-1917
-381
-5160
2355
-39
-239
304
1686
785
-1707
4862
-4659
7548
-6782
5090
-588
1492
6203
-5835
585
-559
3642
2186
-5153
304
4654
1349
2268
-7970
-2199
-2536
-2008
-3544
-1252
-4255
-1963
1032
1667
938
-1736
-870
-97
-6304
8841
9352
4575
4279
-3309
4435
-3659
-3016
74
7903
1091
-7009
2023
-4932
-2764
-3287
7113
-1496
-4512
4230
5250
4256
-617
-2100
5248
1198
-7211
5660
-973
-6333
8262
-4348
641
-3481
1647
1090
-7029
1801
-634
-1220
3391
-3474
3857
6092
5685
-976
-1930
285
3582
-3074
-2371
3069
764
3015
-182
-1568
-2015
-1952
3541
-4285
6771
-189
1927
1337
2472
2822
762
2258
2317
-1798
1463
-5739
338
682
4827
-2681
-5026
6008
4699
-1941
-1192
-3761
683
6304
3755
5422
1428
2712
1063
2985
1820
-3776
3561
1939
8026
-3827
6839
-4901
401
-1814
-7528
3162
-5853
4007
-1098
-3752
2856
718
3390
-604
667
-4105
433
-678
-9247
5270
2689
2636
4109
4545
1927
-5284
-3710
-1815
2604
-2368
-6086
-3254
5238
6109
1741
-3693
8716
3797
1714
-6565
-3110
-1565
-4364
2125
5738
-5044
1952
-2538
-5680
-4274
4350
-1333
-3929
2583
-912
-309
-1249
7006
5595
-2743
966
-5997
1788
1393
-4062
-5943
1434
8533
876
-1575
4918
-3302
-4524
-470
2849
-639
-6609
4113
100
-388
-1768
8959
1524
-4280
4448
5180
-1309
-6840
-759
-546
-7835
-2525
-6014
-4781
-971
2877
-6504
1553
-6049
4738
7825
-4728
6086
-4435
-9264
-4517
0
4522
2248
1331
-3386
948
3071
-1505
789
232
-3857
-4898
7038
3478
-4463
-3378
-1371
3016
1839
-1207
-3254
2311
-5096
1371
1941
4200
1312
1137
2938
1751
-551
2241
2032
1717
1640
537
4108
607
-3102
4680
5823
-2760
6338
6092
-6167
0
-2490
-624
-3103
4330
2098
1346
3764
5842
-4850
-4608
-1065
1948
-2675
650
1384
-4041
-983
-1277
-9053
-5299
-7775
-1924
4654
-67
5514
2662
-3377
585
-989
-3819
-5107
-3069
2237
4180
3867
5254
4330
6036
596
-5441
-9321
831
8108
3077
7860
-537
-1832
1725
3244
-2093
2552
-3595
1155
1463
4311
705
-2467
8442
-2518
2318
-6251
-6142
-27
-5612
4512
1784
-1496
-1568
-4056
-7233
-8250
-33
-6893
-246
6152
-7445
363
-3009
6461
2916
-191
-2856
6777
1892
2765
-3974
1653
7383
-4758
-1445
5634
2461
-8048
4378
6064
6432
-586
-2534
8211
-1361
-5324
-5895
5444
4596
3193
4446
-937
25
3848
-5136
5413
-3792
-2736
3477
1862
7545
-6562
-4142
-4917
-3805
5498
397
-1953
2621
3542
1278
-1441
-5524
-126
1507
3633
4532
93
-5099
-5626
-4296
-26
939
-8266
116
1981
-874
1926
-897
-2875
3817
-5154
-6349
-5837
-3687
5382
-3775
-1720
7301
1540
5776
4581
5095
-4607
8318
1810
897
-5541
-1197
7485
3865
565
-4633
2502
-8176
7147
4584
-5103
3531
521
-840
1157
2242
-6021
-1649
8290
9886
-4723
848
-7992
6161
3187
-1653
-2787
24
-5041
-2708
-2893
-396
-2389
-7521
-2483
2536
-5167
1249
548
5167
-97
-2594
-476
2507
654
86
7742
-8236
-4869
6365
-5050
2602
-5854
786
8841
1273
-3637
-2898
3689
-4429
-7841
894
3074
2914
-3076
1237
3109
-1811
416
-4701
3107
6363
-4518
398
-3584
-2930
-4269
-796
-3974
1557
-6128
-164
-5222
3812
-2396
1246
-6224
964
-1605
-961
1451
-1724
6573
1321
-5583
-521
4148
3106
-307
-1437
2730
6699
5989
-5167
-241
4450
-1242
2559
3426
5539
5510
-540
1588
4416
-5081
-2111
-1642
-1473
5904
392
3082
-885
5428
8453
297
5234
-1532
1669
3229
-2160
-7536
7455
682
-7568
-1070
548
-2185
-1538
-1199
7250
3218
-2399
605
-875
-492
-7307
-3631
8321
-2463
94
-1222
2496
-7887
-849
2873
-2524
-6205
-7200
6330
-4137
3488
-299
-6968
-1676
5316
-8266
2935
-7214
-5126
-6148
1297
-3781
2515
-3724
-1653
-3719
-1174
-7527
-802
2341
-53
4282
2976
4106
-9272
-2610
-2027
-1120
284
2177
3123
1434
-2762
1876
-2622
-1949
-3269
3706
61
3254
-546
4838
-1487
-5468
688
-7492
2971
661
-9247
-1978
1157
428
3107
3306
5889
4425
4262
-6453
4976
3135
923
5112
5765
-5640
1988
2400
6011
2298
-989
863
-4029
-2324
2952
-679
1535
8155
-4173
-2895
2068
5882
2241
0
6386
-3124
-1461
-1959
-2194
-2899
-6804
3639
3006
-900
-1262
1892
3356
-6885
-3134
1156
-5012
2392
6578
-2037
6750
2869
-1307
5928
62
2293
-1683
4007
6057
-4563
-2009
5437
273
2877
-336
3911
-2976
-2778
3089
-630
8594
4737
4655
4786
2307
-3658
-4066
596
2165
2717
-597
5896
1762
-1180
-7072
-1151
-1445
-1308
7319
-4982
7005
-439
1519
4323
-699
1344
828
-6608
-120
-971
-1699
480
-814
-6213
5876
-4121
3903
-6459
-1090
7617
5977
-2814
-1604
7144
-5174
1925
-1283
-2826
1493
3183
-874
-259
-7894
1163
5330
184
6304
368
421
5229
1449
6165
-2110
-6678
-4274
6758
6317
-5893
240
-2873
2619
5986
-1194
2762
2765
3512
1331
-3043
1075
-3202
-1353
5900
-3667
-3021
-4246
-1393
-3973
5289
8257
2531
3944
-1768
-2062
-1570
-7268
1847
-2473
342
0
5470
69
3220
-2648
3195
-6437
-2023
-3134
-765
1102
-2463
-5444
-3866
-16
5299
5134
-3779
-6145
-1623
4818
8027
4971
-1828
-998
-7284
-5261
5823
-2576
1587
-459
-8017
3990
7078
4881
4505
699
-1880
1254
-449
1047
-83
-995
2583
2835
3107
6036
4835
-1746
-917
-4712
-356
-2353
5892
-2866
-5602
5548
7120
5474
-5066
6295
-697
-3047
5327
1643
5678
-2923
4749
-1225
-236
1888
382
-4385
1991
2347
-7741
-4608
-2521
-5726
1514
-955
-2426
-793
-2813
-4644
3229
-3456
3904
2166
-4520
-1785
-8
-6112
-1855
-1634
-1816
-7324
-1648
-546
-1087
-3460
-2799
5472
-2675
-1338
180
1527
4379
-1524
7582
2672
-2099
-3482
-2259
-4497
980
-3900
-338
4922
-3763
2347
6117
4011
-3418
-4472
3688
5391
-807
-2692
327
1331
-6506
-7353
6893
-849
-1981
220
-8655
876
4113
-4284
5588
2737
-7120
2013
-513
260
-3814
5823
2181
-2707
-585
1539
5514
2924
4630
-2722
-3634
2443
-2864
5947
2661
5675
2799
220
-6668
2127
-80
8147
-3844
2547
-3431
1992
2116
-1676
7104
5219
3594
283
235
-2677
1037
-2873
-2285
-2757
1925
4632
284
923
-6665
-7646
479
0
-1390
438
-2458
-2273
615
-4883
5057
-1850
1426
1022
3769
8360
2954
-925
1302
8916
5
-5887
4504
-282
-5012
957
-3122
-2470
5556
-1148
-4691
-1125
2391
-2998
-5134
-9275
2937
-33
1568
2253
-53
1781
6755
1560
1494
2570
-4761
-8436
6747
2226
109
7808
157
3821
-1367
5860
-3220
5080
-3828
-1807
831
-968
5489
-3288
12
1622
-5160
2166
-4015
-3791
-2087
-2463
-1266
-5482
-1852
-8028
2433
-798
7496
-7522
-3229
-2068
-1543
-7097
-7822
-4830
-6835
-5134
1117
-3785
-3204
1442
-268
-1077
7250
846
5504
4399
1955
2859
1771
991
5769
-465
-676
-3619
4211
-598
3373
-4653
-3931
2351
213
-3017
2607
1547
-1888
-1197
1402
-5817
-1663
4891
-1236
-3309
-3699
388
6044
-1833
-2300
1232
-1234
-1054
521
-4723
4113
-415
-205
689
9253
604
-5410
2121
3481
-353
-1961
-4823
-610
613
-6835
-1999
1727
-3234
-1499
-4660
720
-1619
3653
6706
1762
3367
-5292
-3204
-6994
1219
4670
-1408
-3467
-1719
-6212
-616
2175
-5230
2040
-7253
1014
-1847
-2775
4764
-1577
4288
750
-4220
5268
-9247
-5418
5734
-342
1328
-4261
2621
1575
-2157
-273
8245
833
7238
-4172
-1159
-165
-4259
1791
4687
422
3237
-4180
797
2810
2631
-5586
-425
0
-1756
-424
5170
-3358
128
56
5699
687
5776
6561
6036
-3505
4405
4426
-4932
675
5163
-1875
-3023
-3377
-6554
-777
3900
6026
2453
7900
27
1646
-3244
1125
5382
-901
-2488
-1525
5510
1551
-3003
-5662
2016
-2778
-3226
-405
520
1108
-6532
4551
2894
-3760
-1574
2036
-1198
869
1798
-3226
8834
741
3048
-3613
-843
-8242
4680
4893
-2864
-4174
645
-6317
-890
-750
3027
-6259
1878
2142
8801
-3076
-1898
2295
-1316
3662
-6506
-298
2529
-8194
4138
-6873
2440
7812
-7637
3518
-5891
-4347
-356
-3462
1707
-2763
-2240
4631
5850
2892
-2312
941
3020
-4566
573
-3368
-3031
6418
2227
2226
687
1568
-8089
-5190
-727
-2562
-3187
4909
-2725
-1592
-1481
-5253
-659
2074
4150
8539
3798
129
-1886
3491
-1466
2461
1537
8736
-4005
-3128
-4250
-2695
-2221
339
-3940
-5298
-4487
-4399
-4266
-1028
-418
2091
-890
-3761
-8434
-91
-5577
2318
-1746
1467
596
5311
-501
95
-3351
1010
-4183
1337
3821
-4002
-6504
2732
2558
3940
-1936
-8699
-647
-5136
5361
4207
1682
1703
8262
-3489
1336
4782
-3628
3884
5133
-64
1848
-2041
3131
58
-4825
-5162
1776
7963
4947
-5096
2233
4666
-3769
-3251
-4163
8178
1673
7999
689
1453
1000
-2789
-6271
5145
-6027
-3887
3
-1672
4229
4337
7055
-6030
-5328
-3534
344
-2936
2448
4949
2594
6107
-53
-3968
213
899
-7480
-4479
-7601
4732
3051
-713
8414
-3168
245
-885
-1534
3165
-6518
2568
-2109
-4759
5939
-9082
5269
2759
3572
2191
-2406
-173
-859
-463
4240
1111
2860
-1765
-2729
-5366
3508
2051
-3759
-2123
5696
4701
-1500
-2112
6456
5866
-4741
1617
-2537
7695
-2738
-7083
3012
1536
3190
6032
387
2360
-4362
-3900
-264
-3600
-136
-1741
-4851
-1984
2180
6568
2233
-6895
4262
6036
-7812
1445
1280
2397
-4518
2590
8684
908
5858
-581
71
-3887
805
3548
6129
-6950
4652
-2790
-1683
-2516
1316
-6891
2116
-3452
1976
-3457
-3286
3947
-1772
-2208
-1747
2722
793
2591
4654
1722
1911
6540
1431
5886
-7664
6387
2568
5187
4878
1610
57
-2681
-2018
4663
-3586
2877
4449
-177
-1158
4775
2493
2635
782
-4783
-2845
1818
8764
-3285
1707
4461
-729
7230
4938
-282
1993
1914
-2616
-1012
-6815
-3886
-1390
2100
2890
5437
-1207
5515
-6518
4495
-4355
3460
-3040
7520
6322
7291
4721
313
5304
5268
-64
-5140
-3488
-2580
1295
-727
4767
-1977
7299
3223
-4851
-3170
8571
-1174
-2809
3801
8533
-273
5023
-2336
-517
-2317
-499
831
-2313
-7907
4347
-1112
790
2039
-739
291
2872
1516
5227
326
-3237
1287
769
-8660
7075
3320
-2255
7842
6064
551
857
-5389
755
1969
-2864
2133
2947
-3105
7562
704
-6695
2908
1321
-3860
-6333
-2761
-4422
265
-4413
2126
-1244
-2489
-3255
3071
3112
-4680
-3240
-2562
-1832
-72
7027
-1064
-3851
0
-2596
4267
5520
-2765
4041
995
-1828
-868
5187
1474
2227
-4269
-1536
2382
2952
1015
5585
-6163
-1774
-893
-7079
1764
3415
247
-6102
1208
-5333
-4518
-2827
-122
-2507
-434
964
2247
-1291
6123
-4388
-5252
-3685
6880
1685
-2203
977
2669
826
4369
3401
-957
1342
6511
-7678
-6182
-499
8299
-7447
-2934
-3592
-2932
7026
-3572
3267
3198
-13
1413
-1716
-946
1012
-6552
-550
4788
753
484
5032
192
2190
3746
550
-2316
4113
7642
3592
-6201
-5265
-6112
-1701
1624
2613
2901
-1223
-3793
4356
-5959
2163
5113
7091
5065
-1177
-4109
4102
900
-2838
-1543
-2912
4492
-4750
-3865
256
-631
-6049
3489
-4482
-2407
-2974
2721
-2224
-1577
4442
-1665
-5887
-3369
-6729
-1632
2121
-7634
6586
1606
1963
1530
2819
-3662
1155
-2647
38
2911
3917
-2096
-6271
-2994
-1731
-3562
-3038
-818
-1957
-56
3688
-1353
-5345
-2926
-988
-399
4423
4413
4002
-788
62
464
-879
7340
6111
532
2591
-3124
1568
-2884
479
2342
85
3453
2511
-4436
2665
-2400
1892
-106
-2191
-4881
782
1980
-353
-4079
5147
4348
2650
2048
8147
-332
-8348
7722
-2879
-7285
3749
-1261
-2825
1741
-4092
3117
4653
780
-7200
-4457
4473
-2646
2680
-5470
1555
6824
-5171
1947
-1642
-4197
-1154
4142
78
-974
5646
-498
4689
6508
-1235
2971
1683
-942
994
-8300
7690
-2652
602
1500
2883
3444
2177
-165
-4579
-3601
5316
1614
4334
-2313
3540
2861
528
-581
848
-5503
239
-2652
2819
4292
-7344
2680
3215
3131
82
-744
1688
-1984
2219
1470
-7079
-3107
2782
675
9157
-4703
-6436
-984
-1690
6401
1954
-2306
1665
6411
-4507
4011
6043
4611
3348
4545
1621
2381
20
5200
-6249
-459
2599
6000
3709
-121
-4153
-1331
-981
-6059
-440
7788
-1361
-211
346
-2626
-3495
5014
2161
249
1112
2620
3468
-6198
8661
-826
-4652
-605
9689
4992
-7062
-2829
837
-3359
6581
4149
-2463
-1981
-3808
988
-4786
-2744
-217
-4349
5763
2712
881
-6749
4922
627
3980
2605
-782
-3828
-7550
-7931
-1753
-1237
-6545
-1713
-225
-1383
0
0
-2888
1512
-1169
-1181
-74
2463
621
-284
2685
1209
4611
-5041
-1098
-1500
-3427
-2963
-1548
4990
-2243
-4076
5445
4107
-3427
1687
-1905
-3063
1168
0
4547
1960
-5730
1631
-2724
5631
-562
5065
3978
-4375
7084
8538
1303
-30
-3553
439
-3661
-5424
-5543
569
-1040
-560
-1065
-3621
-7314
3685
-3197
2999
2465
-9699
-5692
2804
-4690
-1393
-1671
-3921
-1305
3878
-749
-127
6466
2758
-1298
-31
-5702
-2001
2674
749
545
503
1740
3133
-2879
-6830
-3325
5197
-1594
3492
7250
6886
-3301
-7970
676
7115
-8271
4007
-8748
-2465
-787
987
201
6184
4359
-4107
565
569
-3607
-1508
-3007
465
-4809
-4005
-2890
3391
4139
-1780
-3277
-2233
-7684
-8233
1473
920
-9247
274
0
8154
252
4044
588
-1746
1264
-499
1409
-4639
-7509
-8669
-6139
-5959
-722
-9687
-5792
7216
-3183
-4881
1654
-3904
1649
7378
-3980
657
2262
7326
1920
5738
636
-3369
-2853
-3472
-1669
2452
5707
1494
4437
151
144
-4563
-2507
-7896
7467
-4145
-3270
-3980
5699
266
-1104
-3282
2401
-6049
7055
3714
381
-4872
1331
5139
386
-1768
1454
3045
-5297
-528
-5348
-18
5722
3803
-2302
-8761
2196
-7588
2932
8511
6514
-1823
-3751
-1783
2964
4431
-2050
4406
-3724
-6346
1802
-209
5606
2826
-4108
-7550
393
-4137
7162
4884
227
-550
4882
-3495
7063
-2254
-5853
831
-5565
-1173
-2803
-31
-4727
-3221
264
-4769
4532
7602
-1978
-8057
-6187
-671
-1582
787
-1921
820
1138
-570
1585
-1169
9252
-7560
2421
-2217
2173
-826
4369
2338
327
-935
-5882
2746
-4082
6631
437
0
-5660
7660
1643
5983
-5427
5301
3287
4434
-5200
-933
764
-5208
3395
3232
1155
2341
1559
8580
5147
-66
-1977
3220
-7397
-5364
942
-2716
-1466
-4193
6432
455
5780
-1520
-5978
-1216
1353
4858
-4949
2569
-1248
6340
-942
-6911
-5065
-1234
-6711
-3890
6666
3808
-224
-2240
1118
4036
-4649
6668
1037
4798
-3177
5526
-2332
-2534
-1920
577
2970
2539
328
-800
2949
-4226
-674
-1920
-1903
541
2548
638
7548
-1988
-3689
3875
0
1810
-6672
7602
-6361
-6259
3957
2510
-384
-2794
-2866
1251
-67
-1867
21
-1087
731
1530
-1445
-1777
-1217
9853
2674
-3360
-89
4151
1813
-525
-8271
83
-6046
3860
-3703
-7545
-2693
-1064
-2268
988
-1169
4229
-4991
-1605
5276
-4516
981
-26
3533
-1064
-6145
-119
-3853
412
-256
3726
-1950
-5007
-6698
-2341
-4279
3931
-2010
-3918
-5211
3776
-634
6311
4901
-2316
-6120
2332
3779
-3682
-139
3030
-3668
-3157
823
3507
1187
5777
1520
3230
5784
3717
-2138
-2352
7394
3298
4017
4920
-3804
780
-983
2509
3766
-111
831
-2860
1189
1289
6862
-3692
583
31
5316
-6504
6345
-1027
-2266
2303
-605
1903
3318
22
6254
-1835
220
-411
875
3320
-8224
-3318
-17
5866
1122
700
-1624
1920
-3489
-6740
848
-831
-4714
-3617
-3657
-1103
7724
-2388
-17
-219
3978
1552
-1025
8871
-1294
-1204
-363
-5504
-2829
320
-4250
-1069
-1516
-6049
1954
51
4640
4903
1063
1948
2793
3725
3063
-4053
4547
-3291
1297
-6536
1637
948
1379
2649
2226
-3202
-2400
-6426
1720
1352
-3399
-3716
404
6410
-2494
2548
-3587
3195
-5033
-906
-5098
3664
4819
3439
-1520
-2217
2306
-7970
-449
-4031
353
-1756
1589
-6259
1665
769
-2113
-1581
1468
-581
44
-6850
-3398
4565
-3571
-2570
2351
-1966
-1930
8871
-1825
7156
-8351
-4046
1054
437
4069
5155
-4791
-1526
-4520
-6718
1034
-5551
2447
2976
-1099
1683
4698
-2544
-7268
-1788
3066
-2617
-6
-5432
-515
1445
-2569
-5016
-1880
-1987
4290
1493
7414
1548
785
3584
-5224
1204
896
4384
3010
-3171
863
-3132
3206
2569
689
5818
-5486
3212
5858
1192
6655
1352
1707
6989
-6728
3864
-1608
5026
-7488
8240
-2093
-1689
-1629
-7168
4417
8146
5769
-5609
7393
1005
-6546
-3489
1445
3376
-134
3151
3396
3772
-1481
-550
-1
1534
1674
-5650
5209
1654
-3099
7911
-7865
5508
-1632
-2395
-7120
-2100
-822
-3725
2027
-3733
1325
-1151
1919
1776
-3017
-5007
56
517
5649
4850
4976
7294
-3001
1583
1862
0
-4608
-3064
1402
-6859
-880
-8069
-335
-1680
-4750
-3311
5268
6349
-6207
981
1689
454
-4079
-862
-1061
2547
569
-2285
-2018
2821
1463
-4875
2753
4655
1464
-680
-3858
-917
-1933
1392
-5611
8784
3709
4796
-7635
-2517
-2217
-8407
989
-5207
-3625
1298
1847
-2641
-1357
7617
-2967
6915
-241
753
3221
2247
822
1748
1943
9673
857
3117
283
-1513
-8955
6115
8401
5350
5557
-8699
-5295
7553
144
-1810
-1689
879
-594
1206
-1812
-4618
-3021
-5677
-1045
-1715
-6786
1494
-712
-6485
3352
-685
5317
-2596
-562
-4835
-664
-652
1411
1334
1717
-415
857
-815
1044
5894
-1398
-1799
1887
-888
-3622
719
3894
1007
-1551
-1633
-6346
0
-508
1699
5316
-858
-2277
2596
1097
5535
-6957
7421
-418
930
679
-1953
-6346
-2193
-3634
5967
2811
2482
0
3919
-2143
-377
-3363
-2008
7033
-2179
-4082
-664
-1137
5430
-1291
-4012
3320
2741
2596
-245
5733
9619
678
-2358
-804
2613
-3631
-4951
0
-5537
-5051
3074
-634
-2426
7236
6592
-3644
-8724
4504
3411
-4709
-4639
-5206
-5374
-2608
-2011
-2372
203
3372
416
-479
5396
1496
-2799
-254
-4776
-6968
6979
6714
1838
2028
4776
-7211
-4159
2241
4111
-6570
-4235
337
-6591
-848
-3886
1454
-1405
2819
219
-589
2869
-4914
-2192
-4005
4633
3129
-7882
8178
-199
4019
5854
609
1019
5329
-3628
-1441
-996
-4186
5299
3228
4120
-5052
-1008
-5208
-7814
-6492
-2361
-4022
-6688
4786
2335
-4743
-9053
-1316
-674
2392
-4155
524
1600
1776
-215
-2890
3372
4416
1948
4062
-2212
1508
-2172
-218
-3107
5647
-769
3871
-5552
1052
-5666
-8849
-3651
-910
291
-6044
3206
2003
-2957
5359
-1409
-2586
-5327
140
-2196
-1707
390
-122
8144
-516
3431
8375
-4601
-4518
-1016
-622
586
-1052
344
183
-2081
-1312
-6087
-6148
-5696
1633
-9239
-6739
3986
6165
-3547
-5111
2564
4782
-6451
-3003
444
423
3326
182
-4760
5054
74
-4385
-5480
1998
1046
2101
6161
4332
4357
285
6211
-1964
6419
-4413
-424
937
105
-2229
7780
-5579
-1777
3203
-1582
-1886
343
-606
1077
-1516
-2107
2830
-1684
-417
-1837
-3744
5420
2063
355
-1683
-7119
-2686
1890
-3593
627
-5951
-1883
8404
-2677
-4219
3652
2400
4020
-1616
-3489
1104
-3111
-2183
5613
-6509
-5220
-8427
4685
-5720
3511
-84
8633
8893
-1487
517
-3444
-236
-764
-676
6036
4470
-2056
-2866
696
-2684
-266
6345
1441
1117
1547
-2072
5354
4151
-906
705
2163
3110
2669
-268
-2126
-2672
3983
4532
-6224
5311
-3539
6894
-56
-423
-4347
-1153
1380
-3753
-4462
-8351
3080
-8266
-1683
-1398
-1028
748
1625
-7618
2263
-4604
-8013
1334
6004
-2545
5938
2290
5166
0
1277
67
2114
-5535
6885
-7778
-4250
5818
375
-5254
-1037
8039
-1277
2288
4577
-3809
1933
2522
-1785
3339
-4068
-2131
-6796
629
1000
3101
4579
-1478
2894
133
-345
-4234
3709
-522
7450
4280
-2365
-1905
2794
1272
-3105
5924
-1586
-4554
3492
-97
-2196
565
2252
-1334
-7306
4330
40
-2240
4614
-691
-8480
4060
2318
4177
782
1409
8871
2224
4416
-5439
3423
2621
122
-6953
8760
-3206
1548
2931
4699
1531
-4334
-228
2721
-1741
4442
5974
-4360
-6839
-6415
676
4932
8662
-8619
-7522
6989
-2789
-4741
6307
1534
2604
6626
1706
10
-4901
-5656
-560
3580
1138
-6911
2368
-522
-6912
4611
7378
-2194
922
3546
-4191
-5586
795
-2874
-1657
230
2112
-5053
196
-4852
-3416
-2231
4097
3699
-4092
-6939
2035
-3955
-615
-3165
-3982
8404
1484
2058
1306
-500
-5197
-1099
-7739
2970
3051
6503
2426
-2176
7039
-4698
8571
-3805
-7200
3474
-1397
3106
-5753
2168
809
-5254
5351
-2884
6810
480
4353
5369
-1515
157
-5333
4877
-3721
3391
-6802
-8660
5368
2312
-3511
-2364
815
-2507
-849
3868
3747
1241
5062
2741
-5154
2621
-4053
5983
-2806
-678
-1920
958
2000
-5126
-3651
-390
-360
3639
-1150
-991
7073
-7528
640
2852
3222
-6104
-586
-1192
4497
1553
1852
-3069
8117
-3027
543
-7555
-3600
-5207
3249
6951
-370
2759
-3358
8341
4740
2885
6751
7041
3775
-4765
-3177
-1695
3094
2582
-7312
-4571
4612
-1804
-1994
-6725
1970
885
1540
8043
6203
2400
-5572
1047
37
-2183
-3988
-85
-29
1810
-3523
-3105
-1049
7918
611
4773
-3689
-3974
3539
-932
-7037
-2024
4287
-4776
-8048
-393
722
-6263
-2221
-2118
3766
-2299
-390
4630
-3792
-2802
2772
-6370
-7162
1658
-2072
614
697
-3385
2649
5886
-1708
-6042
-1441
-1021
-1099
-2874
2277
6195
-232
-4620
-2411
-1701
-3161
-3253
1103
-1690
6747
-954
-631
892
5234
-824
-4049
2649
1991
4836
3650
1425
1973
9066
-125
-6852
1610
3106
0
-7452
-7655
76
4449
3416
-5810
-6222
-984
5519
1042
-7496
99
3664
7891
-2798
2134
4838
-3082
2761
3014
3702
-2774
1823
-1070
6660
347
2121
-825
6303
4617
9243
-386
3206
1248
-1132
-1708
-1040
-3303
2594
-3642
-2339
-3427
3728
4080
4504
1803
8285
-831
-661
-2738
2132
3905
-4922
5402
4058
31
3666
-4059
-3399
1372
4430
-7540
3632
1065
-925
2519
-3909
6078
5136
3932
2681
-5646
517
3685
4190
1444
-6852
-4508
384
5985
-222
5636
-1530
1069
-1437
-6049
-88
2983
3272
3130
689
-2611
-252
-3495
2023
-3611
5445
-1827
3798
-1429
-3077
-3803
2699
0
1006
-1653
-5464
6735
-1493
249
7774
1407
-1944
-1373
-2898
4927
-1064
-2739
-927
477
1132
-3953
3792
-1928
3996
5218
1620
4332
2229
-1920
3766
-2993
88
-7493
-5656
-7572
2246
-292
2015
-489
-2936
5869
496
1092
510
-1731
-8802
1621
-2857
-293
1097
2179
3461
-299
3137
-1595
-5940
463
5451
2186
1193
1900
-5556
-2505
-6429
-1785
-771
-4703
5064
-4804
2793
2265
-1768
-3960
1426
-2950
-3066
-1208
-2307
3109
-6852
4288
5356
1830
2745
5013
-2623
2829
-2085
-2584
3478
1559
6011
-6006
-1265
-5879
-3995
-4781
-3319
-246
1794
-1823
3294
7125
537
7416
8571
0
2472
-8504
-2068
2956
3508
3720
5191
-2197
-132
652
6001
-5775
1455
-3289
-1874
2123
-3665
-89
1746
-4661
-249
1177
-245
5592
-6406
1920
-783
-4142
-1697
62
-4735
-3131
-5039
-1333
1219
1470
-6859
-8718
-5765
-4871
-1312
6037
-5767
3101
1034
-2984
-9340
1105
-3649
4793
-7641
973
2160
-2498
460
1282
1260
4625
-799
1113
3629
924
6231
-346
6935
747
1782
-2479
-2975
8606
-1320
1492
2840
-920
-1594
1888
808
0
435
5858
-13
5520
0
3221
1154
6438
-5167
-6553
-61
9058
324
5045
4147
642
8257
322
-5734
2581
5180
-712
2102
3992
-654
-1454
2
2086
-1875
-1513
-6487
-3254
-1511
-1744
-4289
-5302
-6802
-3675
778
-3463
-5967
2248
1889
-2659
-4993
-5366
-3350
2547
1681
1654
-6135
5527
-742
3950
5350
6981
-2681
-3336
-7507
4703
1728
2820
-2404
-2979
6715
1440
-7822
428
933
-1583
264
3968
-3656
3219
-7722
1565
-4219
1638
-2847
-4443
2196
-832
1885
-637
-2562
-179
-6372
-947
4897
-3545
-1585
1014
-4174
-5756
-1792
-1393
2416
-885
-4334
-5101
1416
5012
-3809
-960
-793
-7545
-1749
-6383
-5547
-3170
3545
818
-233
4381
-8230
-2727
-2155
2327
2847
1853
-676
622
2653
5019
2623
211
9244
-1467
2947
-4521
6576
188
1648
944
-4145
3750
-1112
-2629
2052
-54
1823
6207
-2596
5420
3598
3080
-481
5105
3644
-1859
-7072
-1467
6203
8774
284
2906
1066
2338
-3361
2285
-1418
1440
-962
-782
2229
-823
2529
-2662
-3763
-1192
-2829
4510
-1837
2416
5369
-706
-1755
-3533
-466
-2064
5143
6411
-5846
2500
1568
-63
1325
1446
-2439
8558
5829
-4901
-3260
-3439
-1014
-1888
337
3544
-1095
-5016
6397
3096
-3135
7423
-1444
1932
-71
3032
5209
-6224
-1715
4439
512
-5640
570
-3194
-4401
-2422
-1604
-1352
1477
-3008
1644
-4893
-6
-5348
-787
811
-2753
1137
-1870
3485
99
-161
5634
-660
-5849
-1556
2451
-1606
-4460
667
5276
2805
953
-2611
-7583
-750
244
435
4181
-2278
7743
3293
-6159
416
-4555
-961
4675
4157
-5141
516
-67
-3194
4979
4396
-3986
-5846
4543
-43
-1683
57
-3893
1932
2791
2288
-3256
-9764
4028
393
959
-658
-1400
-7383
114
6800
7540
-2716
2238
4769
-2851
-3931
363
-883
-4557
2495
6040
0
1783
-3866
-5644
-5290
-6727
-3809
1295
-6010
5013
-4322
0
-1177
-3699
-4813
-2161
-7681
473
-1777
-1041
-4617
-261
3295
1933
231
4231
-4322
2469
-605
-2493
-2860
-1629
-6424
-3523
496
-7212
1469
8846
852
5014
1706
-6273
7842
4731
4587
-2103
711
-566
-8849
2397
2755
911
6800
5538
-1749
2926
-695
-1835
3579
-661
-2445
4156
3801
4504
4157
-5107
3875
-2172
-5782
821
3391
1014
-305
-56
-3742
-1338
0
2650
1553
1421
-1726
-1161
-4869
-4781
-5058
-330
-7885
-5102
2303
-2210
-4365
-2348
2058
-597
-6322
-2724
2004
2843
-874
-3262
764
2701
1994
2420
486
-4158
1266
-1064
-671
-4016
3296
1921
-1039
1652
1859
-360
-6911
1991
6723
-501
-1248
-4101
-2975
-5445
-4457
1446
-589
-869
-4071
2624
4695
3317
-3070
-2997
-9239
3963
2489
-1290
6875
1272
1212
-684
3350
-4781
4612
1815
2820
-5201
4561
3138
3072
-1809
-151
3468
-4684
-4328
2564
2452
-9342
-1579
2649
7070
-5577
1044
-2120
-9039
-8148
-404
4231
-4142
410
-80
1480
7123
-5738
-7258
-3689
1832
5412
-5988
-8336
1914
-7074
3652
586
-399
-8016
-2259
3949
2564
503
1482
521
1790
-6816
2428
-3540
390
8533
-1398
-1724
3813
-1192
-4760
1269
-1227
6252
3566
-7513
3531
556
-833
-4696
-3590
729
-890
1361
7063
3925
6699
1399
-6340
5650
-3536
130
-5043
-2471
-1647
-9264
-2874
-1785
6049
-1285
-8384
-2160
940
-2619
397
-3422
1568
-1918
-979
5128
4439
-1034
-488
110
1020
-3679
2858
4747
6910
-1651
1674
-7816
-659
1476
-2509
-3641
2125
7079
4223
-216
-2518
-2049
2175
5466
-864
-1899
343
-4367
1569
-2888
3211
-4256
1716
-4853
-249
7498
5916
4257
1020
3917
3177
-1434
-1451
-4756
2633
-3661
3222
-480
-463
8861
3967
-56
-3227
-2171
-5259
4027
-719
6219
1973
-5784
-2036
-2630
1751
1004
1336
3097
-5099
505
-8226
878
4253
3524
2248
-2813
-7383
2873
198
12
-3105
-3105
-1496
9581
-1583
-6437
-1289
-107
1269
1077
1428
3842
-5345
-5237
-8103
5389
3489
666
4973
-1329
7506
4533
5332
85
-321
4353
1127
1796
4581
-2425
9289
8556
1645
-7073
-6487
-3414
4161
3651
-1346
5600
6187
-850
-2
2226
351
-3617
1733
-800
1156
-4468
-2813
930
-5926
6733
3051
6897
-1142
-4495
-5309
-5642
-1169
6023
1017
4953
580
4784
854
3269
709
-1466
6013
2953
-2699
1478
-5178
6447
-4808
982
-1898
3253
-3946
4812
-4495
821
875
3161
78
711
82
-8904
205
1079
1729
-537
-4347
2917
13
-2678
327
-1291
2400
3304
-1237
-3387
832
2831
-2983
-3530
-8907
4467
1730
-2692
-1699
1046
-3572
2958
-697
77
4405
-6978
6026
-1579
-1169
-1941
-1491
-627
-7369
-3860
2966
3461
-1098
7091
-4549
2436
5181
4406
644
1589
-1068
-4991
-5123
1295
-2345
5885
2302
-2056
-2558
-3578
4417
267
3666
-1264
-5099
-2216
-2863
4299
203
7319
249
595
7494
6701
-3096
-5385
-972
857
3734
6245
4246
3384
6583
-517
-4321
6108
2191
-3860
-3035
-9299
-1966
-447
-725
-269
-3309
-6440
4308
-1450
-1101
5692
-3844
-1335
2075
1700
2767
-5468
3958
397
-6782
1441
6333
-3965
-3064
828
-4720
0
-561
-890
-3733
1117
4249
8117
-617
410
1047
-25
3441
-460
5429
7052
5495
503
-577
-611
831
-4472
675
145
1723
-4823
908
7394
-5356
3950
-7415
-5051
-2499
1614
-1454
4669
-4089
5351
-3679
4721
318
-1508
1674
2639
-1888
5112
-3192
495
5045
-2230
9299
-2413
-3639
-2037
-402
1542
-2458
-3081
5693
-4740
1568
5134
-1867
-814
4074
6038
-783
1313
-2447
-4396
-186
2914
4902
-2378
3382
3316
1475
-7415
-650
5857
-6594
2939
-6780
5044
3578
-4580
1041
-3471
-1097
468
-8836
5170
3944
7271
-624
-5096
2660
3776
371
6379
0
-1491
3372
-7074
2312
-840
-4701
-7693
2932
53
-5285
4697
-2184
2459
-5229
1514
-4425
770
-5650
7543
2047
-3245
-1098
1891
2708
2592
-1395
-1033
-678
-4372
-2868
5983
0
-2498
-8724
-4437
-239
-2164
6000
-3034
-4474
7821
-5573
-6535
7264
3473
205
-2014
499
-3021
-4783
-6353
-3955
4637
-954
-3035
1478
-2975
3385
-2892
-1941
3387
927
2320
1705
-261
-3009
-7415
-1015
1014
4160
2242
3825
9254
2712
5641
-7635
5562
-1935
1427
509
1233
4017
394
-5891
8278
-97
-1421
-7369
502
1514
-5361
-5748
3464
-678
-3628
5260
785
927
2869
5038
-4691
2548
-4463
349
-4419
502
0
-2454
5124
-1184
1570
-3724
6682
-2660
-2650
-875
-4533
-3743
-4878
-2016
2425
1268
1180
2504
-2871
434
-3656
-3007
999
783
440
422
-6753
-1229
-505
-2369
-4261
-2939
-8748
3314
988
-561
892
-6796
4229
2175
3775
-4454
-8222
-546
5574
-2753
-2892
6087
7124
3125
782
-1522
-2725
584
-3887
1791
-1670
-4364
-9143
3242
1404
878
-1097
-2405
6274
3203
439
151
1765
1879
-2559
-469
-5187
1316
2906
253
-4526
5584
5163
-1979
-6492
9710
4766
-5088
787
3294
20
3676
2313
6092
3612
-6362
-315
1015
1081
-435
3395
1649
1281
-4309
-1252
-1069
2032
-356
4640
-2866
-7151
122
3512
-4009
-145
1930
-7034
-3381
6752
-7415
-7749
5697
-761
5636
-1504
-181
-1275
6959
6087
3585
-4599
6115
416
-4269
-8531
1578
454
-960
1950
-7396
3132
-4027
2762
8
285
-9239
-787
3550
2104
6487
-2306
274
-561
5616
-6481
4158
6755
-490
-3844
1534
4788
-1918
-4607
-3479
-5787
-2338
-4581
-3350
1018
1677
3039
-7493
-619
-4821
18
6534
338
3316
2102
2708
-45
1970
3664
-349
-2259
-173
-6415
-4476
4186
-1333
7330
4758
-268
866
1610
3381
-2287
-800
-7369
-3879
-5765
-476
6065
-7958
-987
2144
-1628
-2188
2847
-3980
-5587
-3097
-1499
2012
-3231
5488
2675
-1928
7265
-2597
-1804
-5378
-990
4954
1586
3970
1781
571
3382
-4145
2984
1070
-2527
-4760
6660
3616
2306
1820
4699
13
-2533
-2591
869
-787
5519
4094
4530
-5633
1426
1892
565
-215
-1358
4341
-1636
-934
-4647
4168
5931
6610
783
-6341
-4422
-5409
4949
748
945
-6030
3604
-4567
176
-3029
1567
3318
-4010
-5828
4878
3329
-1489
2121
-1098
-3856
7677
2741
-1891
4603
6044
4758
5822
693
4897
-150
-3226
1296
-2653
1367
-1778
3048
-1594
-7568
-3824
-6640
-3597
-2873
4019
80
4349
3318
8428
-6984
-3134
22
349
4136
9327
-5128
-3395
-605
5879
-2933
7025
-2761
-2680
-1799
-1272
2980
2297
-3666
-1467
1982
9050
2491
3512
1059
0
2805
-4781
-4284
-1987
3382
3482
3218
294
-6504
2977
-1599
-4934
-4732
-3859
-2344
-4142
-2735
5871
130
-2129
-530
-278
-5487
-91
-3940
-6122
-948
0
-5008
-5007
4834
5555
-6324
-3065
-1422
-8209
3233
5692
-1255
-1945
2709
583
-904
-2778
-5348
-1666
2963
-5123
5568
1345
2809
962
5896
-2172
151
-2071
-693
940
701
1686
-515
-764
606
-685
2621
4663
-3431
4355
4798
-3804
172
-3796
-3421
-8237
6559
3634
-2822
1431
-764
2895
-3245
-6451
-1609
-7502
9131
7055
1020
9763
-1948
-1035
72
-3377
9173
2295
4683
2665
-6651
-3611
-7249
-839
-468
1072
-1984
-1690
-4873
-5479
3178
7399
1037
-2368
3497
-2958
4249
5054
-8
-962
1619
565
-8324
3088
-3481
3747
4211
-1611
8855
2534
3361
1278
1448
-903
-810
-253
-126
-43
-1679
1617
-1556
-5169
-1777
2129
-3939
7702
-168
2744
0
3756
-29
4973
7423
-2492
1193
2565
-1950
2201
6959
894
-6506
-782
5122
-1580
-7364
-4849
5827
5437
-4213
-3792
-3140
1782
-6085
2669
-4761
3532
6087
-6490
6497
2500
8871
-171
5323
-810
1121
852
967
1504
-352
-8133
1921
-4464
2333
-2261
1009
-791
0
167
1048
2947
-55
5376
-858
3074
0
6179
-2339
348
-6748
1504
-3099
-4256
6501
-5126
-6500
-1874
1990
6295
1160
-4134
-901
-4928
-7865
317
-1407
3411
4041
-4305
3825
1819
1005
1786
4202
-5252
4749
-3990
-146
-6052
1853
-7061
8230
4584
-2698
1063
-2117
6651
2637
5859
-1063
-2428
-4232
-2454
-5786
5386
3919
4819
7685
5696
-3496
-1317
-7823
2463
-1144
1065
-3190
2042
-2742
-4835
-1597
-5405
-2789
-3515
-8078
2655
1355
4612
-6500
-1430
748
4515
185
2569
527
-8236
2861
2758
435
468
-2506
1444
6174
-6177
6699
-116
0
3664
1478
-4629
3504
744
5120
3739
-540
-3160
4154
-1594
2359
1339
137
-5536
355
1034
-4570
-1383
1534
2621
5877
4938
-5831
2945
4730
2814
1378
6547
4948
-6718
2313
-113
-3875
1464
7778
420
5202
-930
2502
643
1192
-3481
344
-6652
479
-1902
-4794
3276
-5728
3445
-5343
-1576
-3368
-7487
109
2638
-4615
3997
-8233
-6688
1306
-1478
-1834
-1514
720
-3016
-5769
3431
-3439
8760
-9753
-3941
2212
-873
-8196
7500
-3993
-567
5436
-2223
-2502
-3210
271
-3657
-6495
1190
-6482
-5702
-3528
-7086
1640
1456
-8172
-759
-1245
2608
308
-910
-610
6891
8057
-1193
-1843
-3204
-1514
1158
-1156
-4066
7827
1852
-3908
5050
3432
4150
-163
5202
4732
3040
-3120
4862
1223
3039
-4073
2730
-636
-3697
-244
4704
-1768
-1217
6651
272
-2194
2286
-4520
6254
4408
-4319
5660
-1603
3174
405
1413
-1146
2262
-2115
-5098
1023
-4623
-1821
2878
-4585
1305
-7200
-6481
-389
5985
-3367
465
1179
6613
-2014
-1828
-4312
-1672
-4181
-9201
-6273
-2739
2898
-74
-4306
-393
-1911
1195
-1236
-8490
1505
1283
390
954
3262
-1836
2160
-5797
1786
2529
-2235
5382
7851
2191
7565
3831
1585
-1016
-915
-5792
5057
6747
-109
2047
3881
-4180
1601
719
-7306
-2879
-4250
6531
4120
-446
-373
2908
1885
3935
1988
-2412
-2116
586
-1277
-4199
5573
-1490
7558
-7806
6504
2801
2470
437
141
-10
-1558
378
-3314
-3868
2967
-5377
6432
852
-1354
2032
-1815
-3198
-2447
-5631
-1621
2690
4463
-405
2869
-3286
-1437
-3743
144
3821
-7253
761
3673
2511
1105
1935
1546
1534
2649
-3809
-894
249
8049
4159
-7239
-2350
2798
-4679
-8854
-3457
5857
5291
3973
-3539
-2835
-426
-2670
5868
-1489
-2527
-1583
5624
-1105
1000
-7904
16
-765
5365
3983
2147
3494
2048
-1352
628
-2223
-4941
6140
1052
3848
5189
3689
4916
-4113
-313
2391
4931
-3703
2145
6441
-2456
-5377
3521
-4346
862
-3727
-2505
-7074
-1028
-1440
2568
-1030
394
-5027
-339
2755
-2689
-5165
6977
-6430
-159
-4511
4424
-1613
-5232
-3853
-3675
-933
-2044
2909
2552
2214
-4320
4068
-1029
383
2685
4492
7250
2062
-8313
1743
-3423
-786
6317
415
-1636
-2555
-2390
1296
-3482
5151
7218
804
-1445
7021
6810
-2172
-822
8339
-590
2312
-1515
1071
2280
-3321
-634
6197
5471
6197
6683
6181
-798
-5232
908
-3769
115
-4360
4527
-1516
-3066
-3256
-2750
-2283
196
5794
3583
-4155
-6193
5754
73
-8048
3024
-1563
-3309
-5177
4188
-713
-4506
-3368
0
-9264
203
4396
2507
974
-2232
-3359
7772
355
4013
-2730
676
3505
5858
3330
-1601
4270
-3763
1885
1914
-2412
3482
4764
1007
-2516
-1901
804
2842
2299
-7094
2592
-5280
-307
-4948
3108
-5201
-8395
-2064
-4327
5477
1411
-2218
4316
6693
0
-3643
-5394
2801
-5525
-2525
-1695
-4219
-818
302
-4925
7002
7364
2120
-1556
-279
-6429
-759
-7384
-5998
609
6064
1438
4361
-7794
3415
3003
1592
129
5347
0
-249
-206
-2053
3237
-2061
-336
-1727
-3936
3183
479
-4856
6935
1791
1967
-3126
-4533
-201
-7566
-491
-269
-3157
2559
-250
4683
8346
3185
2840
-6081
-8480
7126
6004
-2394
-385
-3944
875
-2555
2394
-3253
-2880
-927
7780
89
30
-1009
-3860
-3792
1456
-4837
-6317
-1825
978
-1799
542
6516
-7689
6230
1787
1300
7677
-236
701
-1916
-2741
1418
3877
2034
-1689
-889
-4226
3417
-1680
9581
1905
-3017
1432
3129
1945
-91
-1633
284
-3761
5559
-1149
-3774
-4731
-4940
-1804
-76
-3974
-3643
-2064
7322
2121
3392
-3687
-4291
-5144
-3168
2615
-4437
3164
7617
5385
-4800
-832
-7994
3429
-1225
-2877
-3603
6143
-7051
-2897
1791
7674
6035
-566
-5437
-2205
2977
-2053
-2918
-4653
1633
5163
-82
6553
3699
-108
-1654
4954
-4794
-2575
-559
5349
-4629
-2876
-2390
8539
6057
3239
5886
2236
-2008
-6299
3765
1802
4348
-7630
-72
-764
8846
3100
711
3510
6187
-228
1981
-2439
-3581
1118
6259
-4046
-8246
3699
-7322
-933
3703
3439
4249
-656
4124
1662
-2434
3580
6681
-4090
-3134
-2483
-3569
-1860
-1695
4487
-2744
0
-2814
3758
2945
4406
3507
3916
-113
5790
-5731
279
-279
6682
-4201
7702
6326
-3528
5181
-2935
-6335
2710
-199
9157
5135
-547
-5833
-5352
2042
2831
687
2010
1474
-2882
-3537
-3368
1231
579
-374
-3170
1051
1024
2236
-5504
133
1930
-3096
1327
1279
-5462
1769
-389
390
-4932
1466
-1181
6792
-8236
-3172
-1915
-1112
3386
1527
6586
0
-3601
-4071
5342
4834
766
-5510
3590
1185
6743
4796
1367
4832
-7459
-2792
3509
-7896
2332
2206
1195
-4709
-8336
-2789
3350
1524
4339
-415
5465
5357
2168
-3131
670
3748
-1340
-2628
5268
-1287
-3421
940
-2541
4253
-3592
-4899
1151
-581
-3392
5611
7814
-1788
-198
-1353
-1632
5790
-1841
-3710
2653
6241
3004
2162
-5075
4494
-1778
-1290
3392
7584
-5920
2083
1098
8765
-5343
-3941
368
2882
-4908
-3757
6720
-2514
3100
4273
377
824
326
5524
-1688
14
-84
6036
1047
-2814
6688
1472
-2554
3067
1720
-5660
3668
-954
-6547
3775
621
6266
8048
-2926
6421
-2705
2914
1101
-4883
-8611
-136
-1957
-2847
6023
3164
-2212
1516
-1600
-602
-7214
-8011
2279
-6519
6512
-1127
-5854
1528
833
-1911
7593
-4015
-4631
941
-5552
-669
-6370
-173
-2037
2808
3122
-4527
5535
2238
-1838
-6059
3822
4249
-4412
2140
4897
967
6512
9275
7013
-1775
-4365
476
-3776
243
-2681
-1652
-4596
-3751
-6251
4148
4046
-3472
-5103
3492
2879
3479
-3445
1015
-3941
-456
-2722
-1513
-2663
50
1647
-2969
-1545
3025
3928
1056
561
5637
4098
-4224
76
-1626
-5043
-9747
-291
4356
3220
-148
931
-4982
-661
-3192
953
4505
-2502
-2253
7528
-553
-1339
8339
-2176
-3207
3271
-1749
4503
3048
49
-610
1371
-3568
5870
-1725
8153
-6314
2455
-31
3438
3747
4320
4953
946
1122
4941
697
4561
-4441
584
-9848
80
2214
1180
1911
2019
1789
3073
-5043
2741
-7037
-1079
7793
-4845
-84
-434
6523
-5007
2212
-6163
4513
-8079
-1601
-3239
2948
-1327
-3999
5685
-2853
6011
-2856
0
818
-5352
3663
-3126
2308
1568
-6187
-800
2077
-490
-658
6996
-1267
-624
-6793
-624
20
-1225
4398
6620
-4821
3109
6311
4430
-3524
-299
-2479
-8331
1015
2159
-1724
2120
-6780
1404
-6225
-1129
1367
-982
-4743
1361
1740
-4680
-1116
-6207
-875
2271
-3493
-2601
1939
878
-4560
201
406
201
-8520
2212
-1626
325
6092
-7474
2574
-1116
-5224
-6460
1734
557
7552
-389
4338
469
2511
1533
-7865
2078
-2471
-3444
-656
1426
186
4076
-3207
-7187
-3202
5579
-686
-6870
-4838
4818
-46
1198
4856
-3980
789
-1619
-6945
-858
-5362
3340
-796
-1636
3519
-2112
-6500
3940
2640
-545
1771
-1876
-5586
751
-1468
-52
-868
249
-261
-4188
2323
6307
-742
300
-261
3293
-7966
5539
1047
-1117
-3542
1033
4786
3557
-868
-3001
4391
2650
-8658
4782
-3378
-649
2612
-7079
649
-3795
5213
-5103
-781
-3489
-8767
-5862
5430
1287
355
-2916
930
-3725
-2342
-4479
8558
-5269
2534
4494
-9630
-1063
-1334
-3530
2760
3848
5752
2956
-1772
5444
3551
-7783
-967
1600
-5662
955
-936
-6163
-4660
171
6465
2312
-509
-863
285
-2969
2342
-1063
0
-2791
-4049
197
-2172
1358
489
1982
-1823
-6492
5683
-597
-3358
4129
1455
-1511
-831
-2622
-2995
2399
-6122
2604
2611
-1836
1588
2031
-1432
9819
-423
-5959
2047
1346
424
-2692
3947
-3369
5691
655
-6994
-1787
0
7678
4836
2167
651
-2592
-1708
6703
-4599
-6085
4298
-4806
2863
95
-2792
-5382
-8172
-3944
1183
-1431
-1898
4811
1071
2823
-1161
-2021
-1267
2250
2695
2830
3117
2197
1347
-868
504
-243
2767
5761
-9881
6129
7761
1137
-2792
2248
3610
-3437
1359
-1810
-466
6004
0
5647
-52
-5623
162
6087
3249
-6287
1786
-2235
5276
-1982
-998
6124
-787
3128
-4142
-2662
4547
1279
-875
315
-2405
-670
-4216
-3114
-1681
-3929
2154
436
4637
4709
-1409
3411
1676
4102
2144
3668
2360
2508
-4133
3510
2250
-6629
-529
1531
1059
-5213
3010
-6306
-1495
-9272
113
-1330
3594
5889
4525
423
446
-4321
4513
1936
-4875
5228
4816
6451
2085
1411
-1671
-1936
5970
-2562
1718
-3727
-5893
-5246
-2057
-933
-6828
-7738
5158
477
-4016
5898
-9068
7552
4816
395
-7087
-1276
-3021
-9082
-2555
3908
9102
-3462
-3029
1497
4492
5498
-1531
5305
-2525
62
1439
-1192
4289
6254
-4022
83
5988
1077
5133
-1378
-1279
2166
-3892
-5424
2219
660
687
1331
-3673
3737
4545
4864
3573
-8780
-1241
1991
1998
122
2176
-7212
-5409
-5595
303
1254
2938
-824
5704
5293
-5949
-466
5276
-2396
6866
-476
-1116
-288
-8480
-1853
-1467
-727
-4715
-1252
1302
7372
137
7082
0
-634
-4546
3825
3634
764
1237
5822
-968
3376
-514
1619
3213
3709
-3363
5143
6277
-2985
-573
-5386
-5716
2069
954
-5490
4169
-2422
130
7043
7110
220
7416
2763
9147
-334
4395
-1004
2021
-1986
-206
-7476
814
8433
-1222
7514
-2435
-2029
-5726
-2344
18
-2008
4608
5133
1814
-2724
-4524
2801
-2574
106
-5642
-904
1932
-146
-3191
504
4999
5102
-3515
755
-7956
4614
-6285
3867
-5938
-2209
-537
6796
-354
-77
2549
-5927
3092
-5360
1360
113
-1301
2189
-8230
2313
-2980
-1960
1849
-6413
-6060
6939
1212
-832
-6997
-4740
-1839
2015
-3362
1184
-1199
2410
3946
-7044
-2399
-261
682
-3125
5578
-2153
2340
-3995
-3036
6000
1938
2073
9103
-1858
-2897
-3053
-558
-2046
976
4438
4683
-6179
5595
-531
705
929
97
4838
2988
-6346
-3980
-19
3835
3112
5538
-4630
-4073
-515
-2143
-2336
3596
-670
-3592
4257
-6816
5823
2510
-1389
831
-2381
-5229
-1149
7540
4135
-1054
-4948
1757
-1481
-90
-4441
-2621
-5753
-2217
1456
-710
-3007
2286
381
-2926
-82
-948
-564
-1098
-4046
2829
-7696
1915
2173
2121
2081
-864
3311
423
2263
-4715
-1134
1540
3117
-5043
-2623
0
-6341
5006
-657
4464
-1017
2298
3117
-144
-458
-5882
-6452
-3524
1544
-4136
979
3432
5451
-5803
-1233
5254
-3515
795
-1681
1720
1438
1198
-1054
-4293
-6046
1357
5061
69
-1169
3340
-2585
701
2106
-5219
-3053
5102
4262
7630
3860
7840
1466
144
-1289
2638
-503
-2342
1172
3474
-4009
781
-1455
-1778
9058
141
-862
-689
2221
749
-8
3850
-5761
-5868
-4823
-869
862
3345
4494
3203
7425
3316
5798
-1350
-2675
-2093
5937
162
5163
-971
2070
1238
-3735
1795
1362
24
-1747
8123
-1351
2214
3507
-6996
-2761
-7455
1487
2458
569
-2286
-6078
22
-4264
-1841
1633
837
-3611
-2662
-1856
50
89
-6333
5852
-3988
-1875
3951
-1190
201
3722
1901
1395
1194
-4179
-1515
590
-497
-1462
962
-5050
9343
-2278
894
2011
-6460
4850
4650
1048
-1838
7614
-53
5409
-4411
7026
637
-1617
5828
1200
-7571
85
2233
8305
4683
-4949
358
5970
2010
6831
-951
-4280
3429
-6718
506
4261
-908
-4040
-1791
900
-3900
-3102
7637
542
-4266
-6130
6862
4476
5441
2677
-890
968
1347
2885
-4973
1112
4701
3432
6755
-2110
446
-3042
1425
5428
3071
-1857
-5240
-5359
6533
2000
-2505
1497
1808
-4280
2810
-2098
1407
2021
5047
-9239
-4649
-7411
304
-386
2102
5493
-2644
3380
-5934
-2756
1182
423
-3431
-2060
-316
537
4218
3673
-1802
8230
411
2725
1894
-5793
-371
3367
542
4838
-5366
-2208
-7693
-5092
6294
-2609
3411
-4452
-248
-3889
-4962
-5782
5074
-3269
539
1776
3904
-835
8077
4391
-5741
1079
-360
1384
1566
-252
-1816
-6135
-4426
-6950
747
-2413
3771
4906
4592
7079
-3289
-3358
-2680
-4215
-3424
3711
-3662
-3760
-3794
-6453
-1627
-1978
6222
1070
-848
3547
-1910
-1783
-6142
-2177
884
-4256
709
-2497
2095
-2046
1689
4670
-4762
-2659
279
2054
-2447
200
-10
-5556
4827
1446
3864
-5817
8756
6441
-2984
-1699
-3293
472
5792
-1061
-2072
-4886
4536
585
-4329
-3697
-6590
-5352
-261
-7441
3544
-1543
2083
-4614
5299
-2930
-3539
6755
1736
-14
5234
-2190
1837
-1520
4527
-2699
1662
-8857
-3481
-650
2441
-4038
546
3709
-1522
-843
7271
-7078
1107
-4807
696
-9082
1990
239
1079
-2826
-2192
6791
87
-1586
595
-4732
5670
-2342
-211
-1616
831
3531
-1791
-3427
1482
-3026
5339
-4029
3106
-415
1218
5329
1551
-5673
-5465
5693
842
496
4185
-1685
3860
-893
-7295
7355
-4132
4896
-330
5299
3889
2596
6300
425
-3515
5790
-1447
-2760
4149
-2797
428
-1711
1050
-2629
-53
-6807
4901
2296
6016
1279
-1978
2637
1464
-1809
-4250
5163
-5536
-394
2511
234
1063
2661
2098
-6918
271
-3261
-2208
865
-254
1435
4878
-546
747
7780
-1216
-3890
4221
6606
2398
880
1682
108
-1565
-2233
-463
3914
4221
4094
4701
3802
-199
-1669
-3792
-4765
-8386
819
-3444
3425
-3201
-3009
-3023
1967
-170
5936
-9239
-875
596
1280
2112
-4911
-5524
-8724
1060
-6344
-4696
-4982
1971
-4590
-3671
96
2355
3237
179
-4833
4036
1165
-996
4850
86
1788
-6
-2259
-2
422
-8458
7900
34
1484
-1662
5194
1250
-4571
2905
1257
1526
723
-2973
1758
-1546
6752
7565
-185
4407
-4831
-1301
1621
-4846
7593
3907
1466
1213
-2375
8491
-3126
-1587
2196
-3017
0
-8141
-3382
2458
2639
96
3134
5166
-404
-1642
-3157
938
539
-1052
-3493
6868
-4817
-927
-5043
-1982
1000
4323
1694
4712
1186
2114
6144
-4250
1000
2274
-3460
4790
3476
-4164
2682
-4057
-2489
3464
-2176
3692
1758
912
968
4358
5019
-7352
2863
-6524
-663
2999
185
245
1209
4559
-903
-107
1000
-1171
3652
1955
-1679
7296
-6
966
2701
-1820
-5066
634
4428
7754
4015
-3501
-2337
-1344
844
667
-3986
-2708
-7039
8263
-4240
-5207
637
8246
5147
621
-6047
2680
-3399
5692
-2667
2401
1516
-1406
1010
5156
1168
1185
-2111
-964
-6245
-832
4680
7808
-9201
185
-1042
1111
-4400
-3240
-1491
5723
1914
4554
2326
1794
1602
1560
-3505
808
-9068
-2827
3197
908
-3463
5013
2860
402
2162
3152
3308
-3899
-4409
5017
5535
5965
2248
-1596
4381
4028
-5767
-5842
-1395
-3118
2135
7680
2175
-204
-1416
-738
6506
-3768
2369
5368
-1118
-543
-1237
6690
-3005
0
636
8085
-1335
-2696
-1088
-897
4816
1457
-3107
3067
-4441
5543
5299
8442
-4075
1063
1542
-5394
6724
2625
6204
-3721
1611
3138
-6022
-1248
5300
-893
5316
2106
-2990
-1252
69
-4088
-3627
0
-7572
-4105
9243
2474
908
1939
-1972
-250
-1475
-2699
326
-508
-6442
-2965
2941
1425
6993
-594
561
-3487
9689
8043
-576
-7716
640
1568
-2133
-503
-4951
6029
1915
9441
3137
-2217
-1237
640
-635
83
857
4348
-4010
-1378
3348
-6152
-2757
-2792
-3347
5165
2052
-1587
-5126
5262
-1034
788
891
2036
5340
4407
6270
-4360
5498
-3793
4875
-1142
-1840
5304
-1257
-2244
6320
1213
-4808
-2199
-4460
-2025
-8987
-5368
-754
1402
4330
4233
-7479
4701
3138
5738
-3962
1199
2379
6251
2795
-4431
-3123
-1981
5465
1124
-3428
2563
-5536
-3559
-2357
-3304
2106
1609
1205
-987
-2980
-1026
-8373
-2649
-2131
-1146
4794
2937
-2070
343
-661
-480
-4534
2100
3241
1521
-1648
7888
-960
6103
-2011
4058
5168
-679
-3064
7265
-734
0
4398
-8839
-1173
-3839
-1175
1198
-1042
5945
-4934
-1928
2629
-1032
5556
-4231
960
5217
-1401
-3176
750
7811
-6216
-3407
769
386
-3627
496
6211
-1086
4245
-6378
-2154
2545
7740
-199
5442
7669
-3372
674
-4015
2801
6100
1551
7892
-3654
-4440
-7507
-2061
-3568
3978
3903
2819
-4717
-7383
245
-5487
3747
-3628
6461
3863
-2618
-3671
4782
6161
-1840
-6065
5517
-4653
9267
-714
9051
490
93
-2244
-7388
6558
876
5299
628
1201
407
2080
-486
-306
-9091
-67
-2521
3319
5628
8258
5449
752
-2334
-340
3728
-7156
-5512
7660
5050
3144
2954
-9837
5887
2163
-4264
-3971
-2662
-4924
-4500
1740
4686
-1852
4816
-4585
3543
7663
6420
1175
6688
759
6420
2196
-5287
6203
7402
8432
-2796
-965
-1707
4522
265
-814
4533
2465
-761
4687
-1281
-2595
-5971
2003
3892
8178
133
3557
4262
3764
-524
5562
-5056
-8863
-5785
1151
-6261
940
3063
-8480
-1882
-6277
7999
-3224
-2209
5967
4793
4901
-4684
4760
335
-4537
-1237
5495
-3191
-845
-3021
-9654
-156
-9211
-2183
-1159
-707
-949
-1468
-6640
2177
-1153
3750
401
4698
-745
-816
-4089
-6225
3706
5198
-8733
753
-499
-3035
749
2431
-3827
-8627
-6142
-4899
-6271
-810
-4044
-2033
-1177
-4560
5559
-6131
1563
4976
3704
-1840
-5704
-353
6910
-825
2238
-3314
4796
5707
1750
6330
4877
-3402
-2517
1791
-6462
-717
9090
-6315
-3134
3349
6384
3269
-2369
1109
-6054
4662
-5200
5415
3350
6810
56
-4328
-1301
-1505
-1936
3718
-8367
274
-3676
1301
-5413
1641
-1445
-3625
-206
4191
-463
-6819
4875
-3751
-1529
-584
-931
-3123
1743
-3938
-5891
-3952
-5054
-56
-2473
4249
1306
-4685
-371
-357
-3928
1682
-8621
-285
-1257
2402
327
-537
-2354
419
-8198
-2492
386
-3057
3797
49
-3399
1526
-1414
-5287
-5979
-1312
7791
3147
-2316
-7789
5928
7797
1859
1599
2540
-420
-2435
-8373
768
2300
6868
1716
-3469
-631
820
2470
-2899
-1924
873
747
319
-6640
6999
2273
-2120
1102
3911
943
1621
5193
5368
-4332
-3239
1553
227
1248
609
4042
-1774
3163
-7233
2548
2601
-2825
3177
4041
-684
359
7421
3034
-5537
-1416
887
4476
-6320
198
1158
-5196
-3314
185
-1649
-4232
7003
2895
-6573
2142
4202
-1798
-77
335
1252
6796
4968
-1670
-4130
376
4766
3486
4973
-2947
-7380
3959
-5419
-1520
3223
1773
-1264
-2548
-1297
3203
6338
116
2822
7765
4559
4527
-2544
234
1934
-2390
3500
-4906
1546
-852
2820
-1052
382
-1619
-3928
-7597
-5472
-707
3163
-2532
6507
1263
9147
-482
1250
-250
-2203
-3023
0
-2250
-4180
-7404
-6248
-2448
1378
-2790
-382
4030
-5010
-7907
-816
7518
-2370
6784
-5086
-3502
-241
2905
-6672
6170
5697
-4718
4753
-2610
3696
7649
3224
-2484
-8848
-3021
-987
-1685
-1061
6058
-1690
-6994
-491
7899
-4894
2901
4655
593
-566
2580
6349
-7118
2612
-269
749
-3486
3213
1205
2347
2126
-4327
2685
8026
-631
791
1722
-1880
249
-6490
-4252
-8016
-3213
-3351
-148
-6103
-4752
-2116
380
-1615
6432
-1490
-1028
888
8302
-2697
-664
4927
-2264
-938
-588
1765
2725
-1025
4568
3260
1676
-6141
1500
-7562
1209
-6314
3568
271
53
4270
7423
-5891
3233
2029
-3549
1105
-884
-6685
5795
1783
1697
-2975
-3325
-1094
486
3231
1270
1794
284
6908
-1966
-2750
-5801
-3216
-2564
1780
412
-489
-6266
6245
-4537
2149
522
-798
3824
1053
-2115
2853
-909
683
2420
-1144
1283
-3276
-1073
-2221
-231
9285
3883
2211
2123
-8576
-2987
5732
546
4070
-7452
4903
677
1796
2112
-3105
-2588
-3792
3811
5357
4033
-338
3686
4690
177
-5767
-5196
-168
6129
6173
764
-3660
3927
-1453
-2241
908
-2049
-1278
-4397
-2926
-94
-4881
7991
5055
-999
-2760
867
1049
-7036
-7337
2356
2225
-1346
-6750
6055
3188
6393
36
3933
-4145
-2637
-649
4011
5713
5287
537
3233
7552
5591
-8695
4596
2554
977
-4449
-2433
-370
544
7157
4535
2290
5122
2509
-7835
2570
748
-1882
5031
875
-5656
-6046
499
2502
-2710
4918
3445
-4690
1247
6340
1513
-417
-1801
211
825
-1663
5791
-1984
-8192
2785
-237
3377
-971
-7322
-3227
-578
-294
-2672
-6065
-383
6200
-2107
1338
1468
4828
2622
-530
3041
1069
4769
1685
-9239
-7777
-2000
842
1428
-5992
2259
185
1847
3473
-2873
1694
-1072
-4780
-1567
5578
-4536
-4073
5960
4447
-2610
5530
-459
-3175
1995
1148
567
171
1840
1677
0
165
-4709
7364
-3661
-6573
1404
6414
1037
-173
-2210
4695
-6407
-305
227
-1991
2695
-666
-2226
-5730
1000
5763
-3641
-4013
4218
1791
-3359
3569
3132
3495
6033
-1014
6021
-2294
-432
-2697
510
-460
-1006
999
-4850
-3946
-2571
3183
3212
-1717
-160
1424
-4260
7019
-983
1464
-3489
5148
-4551
2594
-1670
-6640
4072
4288
-3470
1293
-2559
4284
-1626
7846
-4824
-1118
576
-869
-382
2443
-2934
5952
-2513
-3335
1507
1529
-1672
5727
2234
-4924
2055
1048
124
5363
-1406
-3505
-1260
-106
5452
3468
-3311
-1684
-5799
6831
3363
-3187
3709
-178
1887
2299
-8411
-7072
-569
-4698
7642
5456
-4119
642
-1920
-5854
-268
-3578
2799
2120
-1800
4200
-5665
3361
-2578
748
2893
1505
8784
4277
-6191
-464
5794
-4176
-8800
4455
1685
3246
3478
3373
5898
-8260
-5704
-1683
2859
-5006
-1680
-3790
1631
1960
6900
-4850
-2119
-2008
-4909
-4366
120
-7246
-814
-4973
4798
-200
820
-2079
-1193
5852
-6294
939
-538
1198
-5014
1738
2317
-3277
6880
3318
-1144
-427
4459
5386
-672
-439
-241
-4627
3298
3877
4036
3195
-1290
-6655
-2309
-625
4893
-3675
-3375
-3358
649
1041
2698
1879
-632
3382
511
1473
-5962
-82
3100
-8850
-3531
5328
7821
-6746
-6944
2890
-1301
-859
-9091
-3043
407
6586
4323
-4183
4269
1305
-4806
1477
7182
-1768
4611
-717
-1481
3470
2182
-2463
-2849
-3753
4878
-765
8912
-2738
1357
7744
-3320
4754
-4068
183
8742
846
247
-8504
958
-1157
-5268
3881
-89
9763
-4309
609
2018
-2545
-3191
2574
6557
4666
-412
3468
4198
5869
4211
3946
-5543
-954
-5253
-2814
2166
-332
6613
1837
6868
3433
-4462
-4967
-3213
68
6747
-764
2116
-2212
4825
-2710
440
2883
-708
1077
3097
4316
6402
-5556
-5210
1625
4067
7935
4903
5752
49
3986
-7404
1556
-125
1014
5536
2860
537
-1281
-4944
1297
-5943
-1716
1611
-4922
-2343
-2285
3692
-1952
656
-5252
-459
612
-2516
2318
-2918
-2157
1048
-1252
2066
-129
2917
8027
2762
-1688
-2088
788
-4022
4891
-3661
1367
9689
-4246
-2298
-4490
8278
2647
-2942
-597
-945
-1822
2629
5536
-1420
-4010
1020
3089
-1553
468
4886
252
-1004
4614
3755
7787
-2126
-265
-2517
5155
3384
-5095
-4433
4107
6236
-997
1496
5136
-1979
7986
-345
-954
-5369
-2989
-1349
2251
-4524
693
-2313
5069
-279
-3404
3477
4272
847
4651
5061
1591
343
411
-88
-4061
-2928
1256
3508
2140
3314
6607
-3068
5307
-1609
1513
-1982
-265
-8120
-3177
6892
2615
-3204
-1495
-4544
-4910
1914
468
-3769
-5461
3692
1414
-2325
2522
-168
0
2639
4149
5480
-3509
722
4875
2449
-224
-3771
510
-3216
646
1205
-6109
3753
-906
2297
0
-5476
-938
-1977
4527
-8565
-4518
5535
-996
8374
1784
-3620
-3222
-399
6557
-7005
1542
-1331
7618
-5000
3080
345
-345
-960
-6244
5242
-469
4066
4925
3647
6367
2069
-6437
-6988
-3066
-7602
1411
-1312
-236
3063
-6118
8784
-713
181
6959
7533
3594
-3530
2863
2133
-3504
932
-4433
-6490
3692
-5200
-302
-2171
-7044
-1727
836
-3408
1682
-6754
-5397
-5743
-1526
-3379
-127
-3870
-1271
412
858
-3051
4238
3300
8533
-2570
5414
-842
1015
-7778
1592
3474
4066
1932
1874
2143
6052
1485
566
4103
-1100
6557
955
1560
5062
-8713
213
-2407
7786
-6106
-776
764
-8569
-4918
202
600
-3031
3263
6108
-5468
2167
2068
4604
-475
-1688
-1424
4919
-3213
5595
1543
499
2385
-3886
6908
3903
-3007
-1677
-132
5762
-4538
-4693
-3818
2459
5216
2451
2118
-3819
-2629
-5140
1925
-2623
5011
5017
-1690
-7168
847
1312
-1038
-4062
750
6892
-2126
4833
-997
3110
2551
-2209
-1138
-2430
-126
-1874
6107
0
-7557
1505
-7522
0
3852
4125
-2882
-7747
2800
4740
-1458
-2854
391
840
-2372
-7582
-2220
-5007
1791
3870
1065
-4740
5579
-6119
-1142
-3874
1660
-3472
269
4442
158
2292
-3824
8832
1637
2169
-2236
-6112
-8411
-3069
2500
-4226
320
7607
-1473
-2650
7757
6450
-3095
-6484
4690
-2238
697
8176
-8230
2317
-2228
2665
178
2099
4330
-5940
-6086
-1189
-1312
4515
-1724
-5208
-3287
3728
-2278
1018
1187
6350
7797
2391
-4128
5709
-265
-4215
-2745
6264
-6266
1065
-1149
7415
3034
-5627
9058
785
1251
1293
-1887
-1600
1034
2791
5539
2852
2333
-5391
5846
4264
-3387
940
3348
5843
-2653
-5119
3229
2237
-1462
-6554
-2465
3047
-5215
1685
-859
9403
3363
113
5973
-4203
-8030
4956
2908
2497
4892
3936
-6075
2582
3553
1377
-4760
474
747
324
19
3219
-5297
-4169
874
-3386
2162
-6665
-7034
-750
2257
-2231
1346
-624
-4563
-1063
-1312
626
-1235
-1546
1407
1740
-5247
-5573
7013
6384
1443
-1342
-6545
-5359
1764
-2066
4539
-6830
5429
-4791
674
7385
2665
35
-7579
741
-396
-8294
-1290
-7265
-1621
-6083
5129
-3460
-177
-1853
-4704
1137
-6578
3702
-3378
8356
6456
7587
-2422
6923
4097
-3090
1796
1337
-4608
4229
-364
4037
-1333
-907
1250
3738
4121
-1184
2098
-2636
-6744
-2392
573
-2825
1264
8508
8852
392
7185
864
-719
-1885
2452
-7397
-4819
1740
-228
3616
-79
2219
1222
-3325
-1529
103
4967
6449
4512
-7069
6668
-1424
-2309
1585
-6553
1557
1466
-3035
4223
668
1793
-3236
-4756
-5556
2281
5017
450
-2738
-254
2186
-3488
-879
336
-4756
-7094
-1553
2232
-2879
-2388
3936
1565
37
-6179
780
-3699
7201
-3412
-1169
-4468
413
196
-3372
6957
5226
-6176
4357
814
-7823
5586
188
-7521
1536
0
2563
1905
4227
5354
1849
4210
-4607
-3698
-9239
5449
-4413
-7095
-71
31
-2273
-3170
34
6678
301
4953
6758
5369
-263
6683
2999
1682
-1240
-2727
-5835
-4444
-1276
5106
-637
2674
7709
1469
5599
6908
-1930
-569
3896
-3175
-4986
-1185
5109
-1284
1017
-2205
0
2704
-4250
4719
-6551
-3427
-5043
-3487
-4417
5706
1293
3106
4611
-590
503
282
-2225
881
-697
3790
-1777
-251
5557
-3543
4560
-2576
-380
-630
1723
4111
5400
-4071
-6545
-6944
1395
5135
-4462
3165
1602
2810
-6142
2621
1184
-4033
198
2382
2034
-5001
-5510
-4063
-182
1063
-4820
192
-1551
5543
-1057
1047
-3067
1477
1407
-97
9058
9396
6531
2931
-1838
-2341
-4296
-2555
4266
-1959
-4807
4425
-1116
1180
-624
-5052
-3395
-723
924
5547
1456
-1253
-1154
5370
4165
-3005
5304
-3724
9068
-1902
-7056
1446
1325
406
1679
61
-3654
-7121
2759
-389
1740
1371
3975
2597
1902
-5035
-971
-2067
7052
-3953
1711
-7413
3131
1118
-4166
-7741
808
3646
-6307
8240
-1237
-7132
-4694
-9102
-4439
1468
-6026
-1447
4365
5274
271
-4113
1791
-1575
4014
94
3470
1019
7265
7718
1337
-7261
432
1526
-2823
-1791
-2325
5649
2995
-2977
-198
-2155
502
-2395
1351
1093
2950
-4974
-537
2169
3540
-4505
-4385
-3578
-1281
-1276
542
-7353
6838
4344
-6725
4527
2596
-5084
3587
5154
-3222
-851
2166
-2888
-2536
-3403
-1917
-2618
2268
546
1729
-2870
1668
3042
-311
-2579
-5816
4101
1204
-5147
99
4427
2226
-2889
2637
1328
3311
-4076
-3260
-408
1480
1021
-7087
-5080
-5010
-6520
5261
-5591
1399
6108
1547
1637
1694
-6734
-2246
1112
1885
5631
30
-624
4823
400
7213
3206
6230
-3117
556
2157
2514
1128
1063
-609
2978
-6729
-7121
-948
0
-1676
5390
4254
-809
-8434
5471
1968
-6500
2140
49
915
6109
1252
1717
-4834
-860
-3016
2385
7045
-1125
-2416
5422
4147
-7493
2003
349
-4126
5069
-2161
-5298
-6124
-6
4519
-8256
-2953
-1856
-4608
-2554
-5247
-2672
-1492
-802
-871
-6443
5481
-1304
2621
-6437
-1705
-2819
1681
-4675
-5100
4246
-879
-362
-8483
2999
-1076
-867
602
-3544
1000
3869
-1627
1542
5191
-4449
-481
8174
-5069
-132
2579
-3523
-1190
1820
5527
-6167
703
6499
-1203
4431
-2724
1791
-1386
-3593
1811
798
-3846
1283
194
-6251
-1444
3324
-2862
2044
2275
8736
6199
-1606
-869
11
567
-4053
1601
-1605
-1984
78
-6508
358
5945
5145
-6994
-4824
-1445
-3664
-6726
2199
-374
-2722
-4835
-4340
2398
-6125
-2295
-1844
-159
3857
-236
2017
6220
1711
-1435
-8120
-3942
-734
3032
748
5596
-1234
-96
-4540
521
-2932
6755
2639
6418
-1154
-745
-241
2171
3704
-6259
-1562
-1366
5429
-237
5218
-1063
3429
1592
-2853
-6891
-1399
-881
3255
-5756
3820
2639
-5098
-151
-6314
3885
761
4041
-3587
-6931
2157
-4815
-3528
-4526
94
3237
886
-4071
2721
-3431
1444
6576
1947
1361
-4969
-33
-2289
2665
-5302
-2359
2144
-186
5398
-3321
-16
2227
-4487
1558
1471
141
-1291
-589
599
-2306
670
4158
-224
-865
2849
6137
-3117
7086
7216
715
1586
-1919
2393
-1065
-9211
2801
-4061
1143
1763
-1973
-3377
1438
-3033
619
-2537
4558
7382
-3106
-5090
4177
-253
450
-1157
4282
1512
-2189
-4233
-2171
-1553
1519
-3121
-3081
-1727
-954
5625
-5680
8019
7079
-5458
435
-7320
368
-1580
-3477
1762
1366
-3307
4695
-466
809
144
-2459
5103
-3254
-3702
4867
2582
-3968
-327
-1499
-4454
7906
471
3883
-1658
-3928
-3634
393
-4982
2966
-4131
8057
-8357
-4145
5861
-3703
6730
848
5677
227
-446
-2984
409
-6051
-5891
-2975
-2930
5541
1947
1402
5480
4007
4293
1901
-4076
-1192
3556
3088
-4015
343
1357
-4559
3294
3449
-3778
7041
-1850
-4046
-1804
-595
1535
-6590
-4465
1806
-4649
2482
-192
405
2346
4076
3320
5122
1304
-643
6752
9344
2722
-973
1408
7458
2774
-5053
-2389
-4029
-6288
-1099
0
-5343
4115
-9129
4719
1218
-7683
3479
1815
-1187
1509
-4788
-264
5858
2085
2633
995
3140
2582
-5126
-2899
4215
-7414
3659
-3282
2175
-3479
-26
-2354
-4091
-7557
4701
4454
-7406
-2945
-1577
2452
373
-2359
-2238
3532
-2668
5293
-8041
1645
4308
755
196
-1577
2895
5766
5764
-423
-5095
-4306
-197
-4005
-2043
1278
8388
2621
-4590
2759
-5212
3209
3692
567
16
-2842
-4426
-2836
5706
5001
485
-4834
-3926
2480
5937
-2577
4629
-4631
-4659
2413
182
-3866
-307
-1567
4973
-4164
3919
2767
2612
-6400
-898
-761
-4430
-1037
5540
-5367
-6376
1454
-113
-1234
-3236
-8247
-2041
8743
1004
-2179
4966
3949
-8839
2986
6682
-3023
-6413
637
5389
-6198
2649
-8260
-8048
-2306
2301
-4604
-1316
1760
-1115
285
7223
-4198
-538
-3496
-1596
-3287
-5156
2388
896
-1634
3271
570
-5602
-3197
-2233
539
1460
1000
-5627
-5631
-1367
-7349
1500
4135
3147
-553
-4507
4041
-431
-2879
1187
1858
-6531
-4062
4882
3634
1684
3788
-5780
-3274
-4023
-184
-3702
1560
-1082
-2044
-6400
93
-2337
6706
3051
-7588
-7411
2977
6512
240
1221
4723
-1196
-2046
-3688
6755
2599
-4806
5012
2452
609
1345
-4472
2229
2313
-3103
2594
1988
2868
3715
-2439
-2993
-1189
-9468
2040
4063
-3583
-1160
3783
-5959
-7019
5390
-5096
-179
-3432
-2009
4925
2482
7157
1174
-4741
4041
343
-3348
-5200
-1421
4838
-1064
3732
-1074
-2825
-2008
1938
883
7821
-800
979
-7447
0
-440
-5705
-3901
-2975
-6085
8265
523
-1069
-6925
4069
1600
-3105
4695
-534
3798
-1719
8392
663
4264
-4341
713
2386
-2705
2790
-2940
-2843
-6186
-2898
2856
-724
-1400
-2127
2885
3703
-992
-226
6136
-5087
-3809
4221
-2538
-71
-8036
1645
3208
-688
-5186
-1530
-3245
229
-3316
-1064
-1874
4238
-4554
-1957
3445
-2121
-4255
-985
-1907
1431
-798
4415
5209
1317
2545
-7359
-759
-4422
3946
-3382
9195
-2725
112
-7981
318
-3689
-2477
3347
1331
-847
-1791
-2917
155
-2370
4784
9370
-1013
-2456
1874
2558
6743
-4145
-498
-1112
6200
1830
-3605
-1046
-468
3454
-2580
755
-904
-4576
-2212
4504
5792
-4057
597
3109
-1506
-5787
-2347
1528
-589
-748
1815
4107
7754
1978
-150
7496
-7306
-4285
1653
-4760
-135
3320
-5902
413
-5547
-5553
-5126
2066
-2609
6441
-6237
267
-7079
-986
-3190
3890
-3861
-5509
-4932
7795
-3143
-1227
-861
7052
-1284
-1557
4651
4103
-1768
-7997
-1673
-1185
-1279
1252
8127
705
-3199
-4145
6608
-3543
-1400
-7083
5369
0
-1240
7780
-1555
1606
-1874
4492
-2899
1557
3460
-3992
-1599
-2843
9853
49
-4348
4704
2860
-3544
-6019
-2633
-266
8508
-9053
-7816
4455
-3508
-227
-2944
2215
3793
-435
-585
-3559
8338
-380
1601
1271
2242
-3287
-330
-2963
-5445
-4505
-1780
-2140
2215
1318
5001
-183
2693
8107
7630
1409
-6980
3620
3598
-7345
3946
-6931
1176
2158
3549
-6252
5368
7888
241
50
-5642
-2433
-4745
-3633
-3634
-3960
-3690
-7734
2600
2297
-405
-5700
3232
1392
9322
-2407
-3503
-248
4656
1146
3131
-1173
5822
7966
3635
-5348
-1189
-3474
-4071
-193
3604
-3033
1012
-900
1439
-5780
3489
1823
5336
-1616
3869
375
-4010
-6748
-3989
-6125
469
-4692
203
3811
-2313
-4663
-1513
-4691
-881
-5512
2955
1578
-2174
2243
5357
-4547
-390
-2759
7040
5262
-2250
-3595
-82
-8531
-7063
-49
2166
-1105
3917
-5264
-4346
-4727
-565
8240
887
-4543
2199
2935
-1458
179
2356
-4420
-1442
8231
5585
-1917
3796
-7786
-2259
2758
6388
1339
-2283
-2936
-2901
-1736
-710
776
3297
4561
-3611
2614
1557
185
-6770
5795
-3221
-5538
2605
-215
674
7309
3535
-7603
-4385
5237
-1151
-2123
-1807
-3108
3437
-7997
4252
4472
1771
6419
-3070
-8072
-4910
-1878
-4430
758
-3403
-4015
-5792
5268
-1557
2833
-3489
4298
3852
813
3255
-2292
2124
2273
-4041
-1845
2111
-3336
2031
-4148
885
1707
7573
2860
7765
1470
-4579
4629
-594
3346
5428
7355
-887
-1571
-754
285
-2693
9731
-879
-2762
-4112
1877
7421
6583
-8367
-1938
2545
-1408
-471
-1986
-2458
6052
4723
4365
-2087
-3102
1673
5435
783
3330
382
374
1764
5134
-3199
-3168
1582
2416
-1098
-4773
-1067
5150
-2564
-7554
3138
1711
4186
-5361
1124
-393
3526
-6429
1912
-1290
-5787
1530
-5536
2194
4125
-105
4163
2250
488
-1252
-6954
-7290
1803
-3005
-109
-1986
1796
4428
-2345
-2993
-3945
-1112
-1445
2452
-2314
3326
-669
9253
-2001
-5782
3200
3030
2549
-1193
6139
-3873
804
2661
289
-3342
-3268
1933
4676
-5716
-4606
-4145
-388
7356
-5846
-1296
-8776
-3023
2730
-3936
1280
2299
-3253
-2428
-1318
3198
-2796
-2489
2605
915
-1782
4266
5904
-3917
5305
181
1978
1522
1803
6259
62
-8230
1524
8019
3507
-2859
-5422
1048
-2601
5332
4896
8556
8395
480
-3945
-1749
-9758
5505
786
6013
3748
2262
-5610
-1565
7218
6335
-7380
-499
-54
516
-6076
-3699
3546
-3368
901
-83
460
-7480
-3479
-8836
-1621
-4944
-3064
-688
-2928
-6006
6514
-1724
3058
3241
-2803
-317
50
5136
791
-6029
-1810
1241
863
-7981
3274
1684
-6568
-1296
-6156
-486
-5164
-1061
-4808
344
-2476
-498
3865
1717
-7108
1639
1548
-3353
5437
-1312
-625
3526
-5130
1198
-5398
-606
2947
1231
3864
-1496
4920
-2135
-2392
-2459
-6163
-5349
1047
-5254
-3066
-5702
-1457
2656
-4819
1631
-6361
-8012
-2697
-1783
7709
-5254
-6988
-2212
-2825
-1298
-5146
3261
-3320
-1266
3775
-6734
416
996
1426
-2517
3977
8123
6277
3632
8155
3077
1005
-299
-2604
516
468
-3543
-447
-3711
-5186
-938
6290
-7078
-399
-2753
5946
-915
1894
-2271
-6586
-1441
-840
-1171
721
-3312
1509
941
-269
-3993
-1787
8542
3478
-5240
-498
-268
71
-989
687
-2373
4471
5013
-6346
-3335
-2283
-1393
-4370
-1636
6362
3807
4102
1814
5691
-1595
7303
-2768
-7734
877
497
3316
6056
2758
1157
-2164
-3452
7286
-1292
3897
5938
-470
8052
-6199
-3874
3549
-2413
2782
5733
-2024
-4518
-6176
6304
1092
1694
-386
4087
-3255
-8990
539
-1256
-1090
1600
-1162
353
-7150
-7857
2004
-6338
-1434
7602
-399
-4534
-8728
-693
-1996
5204
5763
-146
4020
2118
-2209
-4552
9340
5829
1631
-2515
-2526
-4559
2428
-1886
3864
1982
5597
2968
-2497
2336
-7562
-4164
-2451
2094
5493
1179
-1440
-4501
-4866
4864
-2061
3797
4838
-3260
-3648
-468
1120
-3219
-3922
-3950
-1811
6230
-2898
-4724
3080
-2727
-4555
1668
3510
-2693
-5361
272
7414
3273
-4013
4747
205
-7445
3766
-3042
640
-666
4004
5508
-7601
-3871
5840
-6079
420
2638
-6083
1411
2797
1134
4583
502
-6051
0
5032
-4044
-2958
-3444
-5240
537
337
912
-2516
5227
-4016
5706
-532
-5167
2559
1703
6115
-3043
-188
4925
-3135
-6452
3188
-7226
-5686
-2011
794
8491
2831
-90
-6152
-4488
2666
5472
-3399
3509
7226
2238
3557
-7019
4439
-1867
-4138
-3699
7306
-6819
6013
4015
-2949
-6022
2977
2879
-4202
-1467
337
1367
-196
2964
-109
-128
-6433
4942
3316
1579
-239
-5978
-4940
1881
942
2002
2917
2293
-5761
-5714
3545
6577
975
-2748
-3551
-389
-5956
-2975
1223
-1579
-1679
4012
-9797
7103
2859
-1152
-2976
-1965
3051
0
2248
1640
-3071
6845
1018
-6840
-2570
-1676
-4105
4838
1448
-6910
2101
4843
-6406
-782
955
2478
2819
1832
-694
5414
-6340
3258
2314
819
2054
4287
-3425
659
1717
3485
-1055
6743
888
-1785
2320
-431
5936
2605
-8149
4108
0
0
-1616
4417
1629
1223
-1424
5109
-1960
-2219
-2396
-746
4312
3618
1853
-1860
-9283
2236
-136
-7793
-5776
-249
-712
-591
1865
5612
2664
-3457
595
-470
8240
-272
4149
293
2557
1932
265
-1907
-234
2327
3505
1395
-5147
-2652
-73
-5553
198
4388
893
-6640
1477
5017
823
-5773
-258
-2298
-3634
-3436
4398
-3487
-2957
-6601
-5355
-434
119
6843
-2239
-3817
4796
-5554
-4696
1727
2221
5889
-1066
6743
-1047
3766
-7630
8539
4141
-1495
396
-5379
2537
-1509
76
-2279
-5992
0
4438
4740
5810
-5518
5396
6607
3605
1384
149
4919
1118
6354
-3895
8673
-1494
4464
1060
-5047
-138
-370
1879
3367
3111
1241
421
-365
4338
-951
-378
8123
-3814
-7413
-1013
-3132
-35
-7496
-5053
-2348
1724
1517
-2588
7384
-1515
-2857
4360
3252
-1077
6421
-4840
-1447
-905
1838
3507
763
6052
-190
-3090
6230
-2606
-6519
-2683
-6120
1814
-2571
1000
1762
-767
7642
-840
1454
1175
-2725
-3512
6035
-1311
-3226
359
693
1960
-5256
6792
-5098
-5852
-360
3900
4267
-299
6499
-1281
-2916
-4089
709
1927
-5143
-558
3311
-6579
3010
1877
-2345
8085
7485
4457
-567
369
-4366
4113
683
-2729
1158
521
-1429
-4633
-2825
-3439
7070
2177
4799
222
867
3133
4278
5210
442
-5748
-1154
4147
3762
4074
-877
3426
-6700
-1409
-2261
517
1684
-1725
-3157
2121
1973
-99
-716
-1816
-2994
2116
6087
-812
3326
113
-1454
7368
1677
4507
-3958
-771
6784
-3901
1782
-4029
6738
-1025
-1334
2772
1418
1875
4651
2255
-1171
-507
-1013
-1489
942
-1034
6092
-5468
940
-5329
2646
-2576
704
-2235
8339
-535
-16
0
4963
5099
2156
804
1943
-1673
3257
1717
3860
2926
-2301
-3790
2800
3615
-2704
1092
5476
2539
-1192
-4281
-4876
-4256
-2546
1260
4450
-2998
1844
-1692
-585
9084
4102
-6594
-2153
-307
1692
2333
3508
5611
3864
-2459
432
-2231
-2154
3903
-6453
415
-2167
4825
74
5777
521
3128
-1405
1811
2988
5768
513
9344
-1304
894
6900
-4659
1231
-4029
-4764
4257
541
-76
7482
-3661
131
-2406
-2826
8339
-3107
-3578
1122
3497
3312
-1257
-5349
-7787
5343
-105
383
-4240
1493
-7083
1076
-2850
-2009
-8940
4111
-631
3356
3498
6540
3507
2755
527
-4670
-2586
-5761
3231
1396
-1545
5197
-1383
1634
1496
3676
-2611
701
2232
2362
1811
990
1720
1032
4611
-5403
-2468
1722
4197
538
4597
6197
-4536
3939
-4128
-1562
-2009
2765
-143
-2826
3101
6702
-8187
2564
-2797
0
-1693
6852
6417
-3767
-3112
3253
-6314
-4902
-5171
-2081
-1020
7026
3870
4731
9267
6304
-2869
3144
1805
-2164
-3132
7831
5328
-6564
2161
196
-6347
-8120
-1815
-5439
-1928
-5543
6936
1503
885
-7759
-8079
2491
-3742
4913
-4602
3341
-6018
1895
-1660
817
1512
-2172
-4861
2319
-871
-6506
-5324
408
-5008
-9157
-966
-8088
-3002
1621
4561
-2675
-5221
-5437
-6130
3164
-3289
-6029
3221
-1935
1553
-4642
1248
-1248
-937
-1225
-666
6670
-5508
-1315
-6498
-454
1767
-584
4487
-5197
-844
-3661
4194
4696
-4347
2109
2367
-6754
89
-4166
1228
-5673
1497
-3725
675
3515
-6377
1592
8052
5697
-910
3636
-4277
408
2674
-4057
-1225
-2071
884
-6049
-1046
502
1698
6035
-996
576
994
103
1633
673
-5604
165
4331
-999
-6406
-659
-5681
3277
-65
3133
3338
-7729
-545
-1778
-1295
-83
-32
374
-1613
-960
203
5733
-740
4287
-7513
5450
2932
4938
-4512
248
3286
-6083
-3017
-4142
-1432
-6110
-7778
-5772
-3125
6660
1371
-6321
561
-6558
-277
1676
1269
-8666
3851
-1986
5202
-2763
-8761
1786
3317
5795
174
281
3524
-3744
3452
9084
1339
5516
25
2848
-1691
706
1621
2675
1053
-3753
3589
368
8961
-4512
454
154
-2505
-1112
-2016
6396
2295
7226
-8120
-872
-807
2430
4618
2928
-5728
-1483
1017
1599
-7247
-4437
-759
575
-5007
9147
3441
1305
-3689
4574
6022
2953
-3411
-8761
5836
-2809
3429
-6225
-8800
585
-1408
-1344
-2683
-3064
-1823
8713
8750
1239
-317
-380
-4181
-4426
-2707
6125
3953
743
4732
2256
2032
-2442
-3394
-2619
2563
250
-3428
103
-5043
497
-1604
-6988
2190
-2051
4816
-4582
-3536
768
-5784
364
-53
-1544
-2517
-5355
-1398
2895
-8230
-2324
-5876
-581
-4975
966
-3042
1943
-4771
6014
364
-5333
-7949
-6198
-2158
5386
4051
-1161
335
-2158
-5921
9244
1695
5857
-5464
-7767
1642
-4709
81
-4511
1653
3224
-1469
-313
2605
-3857
4264
-1177
8801
-827
2191
1919
1852
-4085
-5435
-7208
-6590
3522
-2652
-1047
3386
-3731
-319
4334
1333
-5720
-90
-1828
5706
1440
-6336
-2110
820
-9034
-5446
-459
3983
1720
6606
-4439
3382
-6333
4823
2640
539
-730
-3124
1384
4177
-5375
6344
-1258
671
-4661
-1842
5704
1542
4109
2908
7827
6145
1612
-7384
-1025
-6394
8866
2421
5514
-1730
3189
5738
-1843
4192
7946
-1150
-1522
-4878
-3423
-6688
-1672
873
790
-2246
-4764
-3542
2452
-3290
-3360
2055
-2593
-3817
2259
-3999
-1634
-8331
-6406
6836
-2293
8662
-1316
4793
-196
-6699
-3817
1520
-1297
-1225
-3191
2333
-171
1647
-3376
1569
2104
999
3694
-2626
1483
-6421
-630
-1296
5519
3108
-1828
3620
1023
-5693
8961
622
-4201
-8520
-3880
3756
-1342
2616
4027
7630
3234
3041
-281
-3828
-2161
3180
1933
8392
-6120
4353
3076
3094
-2056
-6739
1221
275
1485
-168
5317
608
-5036
-4216
5113
7742
-1046
-7488
-1689
3432
798
846
-1247
-2506
-5418
-3803
-164
-154
1791
3852
622
4587
49
-5700
-2385
-1481
410
1101
-2522
4701
-3017
2236
-7208
3985
-1390
7952
3896
2335
3769
-1783
-6135
1592
263
1827
-3505
1100
698
-1904
1815
136
5059
-2827
-4160
3509
4443
-9881
-1587
-1881
2068
-476
-2794
1957
-4454
-3415
2624
942
2748
6304
-2467
-978
3382
-5366
1205
395
234
-3288
2550
-2268
2232
2681
-857
-456
-6953
7216
-1396
-2115
-2493
1065
2121
8257
-37
-5959
6146
948
-4882
1933
2551
-2727
2035
-444
-201
1305
-6209
6388
-410
1970
-183
876
-5128
3128
2828
7399
252
4695
-55
5823
-4894
3277
-1180
1858
5466
-3808
-97
3567
9046
3876
-5737
8433
-4088
6092
2378
-1157
3027
-3424
-3145
-1385
-1816
-2212
-1169
-2011
-634
-6979
3025
2452
2614
4608
9551
-2427
-3868
1456
5194
-8823
4490
-2209
-2465
339
-3796
345
0
61
5379
7578
6252
1441
1708
4855
-3562
-1409
3249
2075
-4868
-6128
1915
-386
2434
-473
1643
2562
-871
-3256
4045
-1756
2247
1416
1399
-290
-645
2482
6170
5843
-6070
0
4058
2497
-1027
5738
3830
2564
-3043
1554
9084
-8285
1119
1856
1560
-669
3318
-4379
250
-4145
-1392
4276
-1061
2850
-120
5650
818
2637
2740
-6586
5390
-1418
-2806
-2243
297
-2562
-2957
49
-2610
-2734
2614
1464
-1669
383
181
-4246
-3889
6272
-4675
-984
-140
-2109
1998
27
-890
1090
6165
5400
-3796
-4320
665
-3003
-540
5258
6572
-2652
-1210
5778
4221
6023
0
5761
5442
-148
7026
-470
-4289
3888
-906
0
4135
1360
-1229
-1823
3059
-53
-1516
-3245
152
4930
-3671
-81
4443
-764
5069
3013
-64
-2551
-666
3773
-1778
2084
-2702
-4986
0
0
-1145
620
6758
2794
2938
-2739
1154
-2611
8085
-2557
2185
7055
1198
-4466
-3474
6161
5398
6659
1047
938
-5882
7946
-4148
-727
-2342
1630
-1672
5271
793
9243
-1391
-1453
3640
-787
-2990
-1689
-4698
-8695
1886
-1416
1582
6458
3933
-663
962
-1860
-2983
6105
3699
1788
4938
50
837
-8504
-4188
4564
637
-5367
5156
-624
-2146
-4567
-3024
3232
-2335
165
388
5781
6678
-2751
599
-881
-7074
4169
-4511
-459
3011
2681
-3711
-515
-2184
1852
2452
1621
1634
-5379
2969
-988
-424
5490
-973
2623
-2477
692
3777
2558
0
-415
2551
-6894
-4670
-1256
-2621
2833
-881
-3502
-5472
-6253
1138
3973
601
1526
-5190
-4520
-427
-2312
-1422
3748
-306
228
-4804
6023
-3072
5092
4121
4418
-2564
-2576
-1324
3686
-3489
-7320
-3263
-3065
-5205
1608
155
-1632
6220
4518
2063
-71
6682
5173
2807
2023
2536
3633
-2915
-1276
-630
-3801
3189
-2260
-3269
3126
-4085
-5355
4329
-1960
-5220
2875
3372
-3096
-3864
-138
4265
2260
-5502
-2183
3241
5896
-3788
-8387
848
386
177
-1090
-2957
-143
692
-7285
8000
4169
-8174
-6676
48
3411
5367
-1859
505
1057
-4704
499
-3402
-4066
6603
2793
-5734
-2177
-1294
-4147
2377
-7359
1793
8524
-1434
-399
3864
-2532
-9291
-3488
5170
-1334
-4649
2957
7871
-725
-1834
2323
-3899
2908
393
9058
-3346
-5150
-1304
1258
-1367
-2036
6234
6374
-40
7091
-1138
-2826
1247
109
-412
1731
2011
-6419
876
-2608
9214
737
102
-1916
820
-4113
-2120
-6600
995
-4269
2601
-2901
-4993
154
6312
4574
2413
-2826
1193
864
-2344
-2926
-5331
-2033
3495
1155
-3834
2945
-1327
-4123
4667
-2016
2
505
-9687
3641
1684
3474
-4402
-5931
1367
-4062
-1877
2555
-2417
-1816
-1266
-4692
-1197
-5300
5851
-5592
2785
3181
1910
-3644
-175
2458
-6353
6769
2236
2765
4657
-988
2821
-1509
2196
-8351
-1994
-3412
1440
5728
-658
34
-98
1771
-3067
-2402
-4741
-1679
7827
6109
4834
-2344
2216
6441
-6847
1268
4068
-1236
-6487
158
3755
2274
3904
-1503
3088
-4998
409
3276
2237
-4061
1894
-577
3027
-8176
1526
-2856
3326
-1125
3301
1979
6868
-2533
2038
3468
-1725
6213
3292
2706
-818
1059
6065
1122
967
-2468
2377
-2295
-5967
3531
689
-5333
-8829
5550
3701
911
-9307
4613
1125
-1761
4099
-5676
5595
4510
-3335
-2914
720
4019
6362
-1587
1968
1589
5744
-5268
7970
-800
-4496
-2107
1250
-3514
2313
8356
1148
-5926
1730
3626
1625
-4607
951
2861
-6174
5664
1970
-3170
660
1077
1357
213
-4982
-608
6688
6303
1679
-7855
5191
8107
-5069
-4141
2602
-370
4109
1567
8000
-384
3316
1380
1967
-7372
-5349
1948
682
-1344
-2334
-4559
-2343
6134
-1455
6428
-3969
-1576
5595
2290
-8078
7267
-307
-726
3190
-2403
3156
-263
5900
5539
-2778
-4653
7093
1185
-626
-5284
6959
4428
3747
5224
4347
-3216
4365
-4075
-2551
-3095
-4188
-5253
-7634
1413
2701
-6416
-3177
-5449
-1312
-1013
-7210
-4893
7963
-2758
1160
80
-14
2540
-1398
973
-6590
-5190
2470
-7560
-3487
3444
-3076
-2467
-2111
1225
4418
4008
4147
3279
-3536
-2765
1101
-1960
-5094
0
3584
521
6523
7602
-725
-3958
3579
-1157
-2956
7991
-8451
873
-2427
-196
6977
3030
-6953
1444
5228
3456
-1669
-925
1558
-315
6561
-4881
551
-1171
-708
2221
1443
4388
1497
-2380
-965
-5424
3769
-1315
4949
3963
5412
-2562
3856
243
-6796
-399
2879
1830
1319
7002
-2906
2682
7695
1472
-3005
6115
-455
7127
-2521
-4925
9207
1448
-6452
4083
5892
3219
5194
3115
9634
3112
-3661
7013
723
-1201
3294
-968
-2890
4414
-3518
-1944
6190
269
-4399
2365
-7445
-6332
-9572
-807
-4737
-4831
-2199
-2501
5777
31
2256
-1869
194
-1460
-779
2465
-6452
492
2907
4262
-7507
2286
-5247
946
-4808
-4057
1535
4575
837
3006
5023
-6996
0
1247
3218
-903
-3926
-3220
2850
6591
-1037
4400
400
-1434
3529
-1046
3209
-2174
3960
-6912
1654
-2554
-2658
3948
-2606
-3303
634
-1324
2654
-6370
422
-4808
8475
-403
905
-2451
3568
637
-4528
-659
2173
204
3348
444
-3593
3429
-3521
7399
-606
3411
-973
-1498
1998
1449
2948
6454
6105
-261
-6159
-5988
-4813
3449
2506
1706
6124
3188
-2574
5376
-8140
-3986
85
0
3148
3544
-4879
2405
12
948
-2710
7322
-5065
2823
-2797
1559
-1529
-2110
-4849
-6679
4270
274
352
-1853
2980
-4388
5122
-5560
3688
6668
-3211
5765
6850
-2577
-2502
3126
5514
2613
3267
5526
3773
-3406
1696
-4515
-4114
7279
4323
-3949
2385
2306
-7383
-7210
-2430
4650
2296
-4073
-5699
3526
-178
-6729
-837
-654
3429
2048
1586
4744
-2947
-2123
-2406
-1630
-279
-606
-2231
-302
-2826
2255
-2866
4903
1194
-6553
3702
-1174
2767
-8048
3203
84
4449
0
-573
-3250
2908
-2268
5763
4514
4967
2954
130
-4946
-81
-2348
-7553
5829
3508
-7214
2574
4293
-5285
3843
4566
380
-1611
-4395
4652
-930
6086
-7781
-3129
-4872
1834
3932
2791
-6243
-2302
-2048
508
5112
-476
-1133
3106
940
-2660
-3679
-5464
-3942
1741
-1771
7638
-7421
2297
3075
6023
4123
2671
2555
-1010
-7931
751
-5436
503
-3379
9088
88
-4281
8907
3089
5660
-538
-5488
-1440
4830
3293
967
-225
4927
-1112
1862
-2710
-9242
-8133
7780
7774
-2604
-4329
-7214
1070
-6482
-812
922
-1523
5522
182
-3747
657
3725
1983
-9293
4698
-2259
4028
-1988
-1028
4798
-1229
-307
84
940
-4188
6949
1040
3029
-1431
-8033
71
-2618
-384
5262
5490
4576
2031
7800
-6442
-83
4760
-155
2340
627
-2610
6836
726
-480
776
9356
0
-1911
661
1586
-386
4055
6935
7567
0
-352
-3281
-7931
-3485
641
4015
-400
-2516
-4435
3495
820
-1640
-98
1310
4011
8459
-637
9068
5585
-237
-6504
-1491
-172
2835
-6745
-5128
-342
-2598
210
3352
911
-3711
-7507
4338
-2347
-2015
-4173
0
-2409
113
3033
-3715
3113
208
3338
4004
8996
-1630
570
-1063
2050
1550
-1063
-2766
4632
704
-1248
-697
-4123
2757
-6553
-5317
6130
2911
3720
3633
8246
-4220
-4794
5054
541
0
-1296
-2670
697
-5377
-1615
5624
3808
-4015
-8041
815
-2518
-3572
-5982
-639
-3120
6197
8336
572
-404
1112
646
-3873
-1515
-5320
-7156
-179
-1537
2178
-9143
4653
2274
2557
1358
-357
-2123
-859
189
-2978
60
-810
-1180
-777
1583
516
3706
-6748
-4437
-7
-6259
9088
-3064
2221
3978
-5236
7282
-7334
-672
-638
2041
-3954
5003
2872
1191
-2738
-1577
6681
876
3115
-2463
-3216
2847
-3023
-2551
-5156
5097
-2459
-569
2100
8580
1346
-949
-2862
-5048
4103
5786
-4417
-7994
91
-938
4285
-4138
5422
-7463
-1833
2080
-1606
7607
624
1007
-2610
-768
-1437
-1264
-5110
-2619
1283
3131
-9129
1700
-3398
-6831
2589
1634
3811
6052
896
-7554
-1795
-4614
-3990
2543
-1
2937
-3796
-3258
782
-3901
5706
-2644
6511
-3025
892
-5059
1956
3316
-6997
3927
1993
-2266
-3213
2292
6471
-7655
5343
-4182
-6500
3131
-4925
-4821
4107
8190
2196
7078
7871
-8172
5465
637
1403
1883
-6573
-4320
4155
-3886
-3533
-5374
-5801
-2617
316
5535
3162
4480
-2258
2526
1528
-3126
-1256
-426
5159
-6668
-6076
-2187
-1162
1631
743
879
-4543
-1259
2021
-8051
-4255
-771
-304
-468
1718
-2695
9578
-6723
-7016
2386
5660
-1928
6747
2745
626
37
788
-4830
-6725
-1476
6233
-7970
-8007
601
-3846
-1985
-906
-1279
6016
5870
-2783
9281
-569
703
1935
3180
73
2702
-1690
-2874
3528
-2822
-5509
564
-4416
1642
222
5738
6541
-4944
-431
2491
-6142
-5368
-3557
-1178
-7085
2392
2118
-2493
273
-1033
8558
-5398
-6730
5143
-3747
-3576
-1541
1960
357
4575
292
806
3223
-1887
-1969
-6042
-5989
3604
4290
-4032
-2228
3178
-2355
-1537
4415
1674
876
-1897
2351
-2171
-1762
-1339
1560
-2045
1036
-486
-1082
-2842
-5081
4575
-4520
-3434
-4367
-1210
7669
-5664
-5029
-5142
-6215
880
878
-1781
-864
2701
1101
-2115
9050
-769
1804
-5294
-1490
948
-4054
512
-6385
-2873
-3635
1120
2808
1252
705
-5253
3724
-5525
-2947
-2942
-6602
1922
8805
4140
-2259
4215
-7615
-3368
103
-4765
-3199
3532
-1476
1807
-2775
-1160
1606
-2193
3569
5368
-132
5135
-787
-2210
-2962
-23
392
-1161
-2499
-8581
-2161
3031
3949
-2619
-2313
-1084
1339
-1577
-8414
2887
-3461
-4076
-1084
-4932
2356
-6693
-3433
-3207
6365
-7019
1091
-4108
-5356
2246
-4238
-3076
7469
-1719
2624
-1309
-3988
-1642
-5070
1014
-1515
3867
2263
4193
-218
2502
248
-4164
7291
9005
5704
6444
584
1231
-8537
-4555
-938
599
-6569
5563
8341
1414
4285
-2454
1389
1832
1862
-6580
-1885
-2814
-8912
-840
2876
-7887
4421
468
-6230
1631
95
797
-6433
-2180
-1825
-2061
-2161
1120
-3106
3095
-2873
-3269
2808
3800
-141
-5923
1184
-1439
-1249
7508
-7189
1123
5972
801
-430
2295
-469
5195
-1242
2547
7973
-579
-1617
6140
-1407
-4919
-8341
2232
1802
2979
4395
-4147
-2309
698
-6032
2326
4087
4514
-2505
-714
4268
-759
-4764
-1444
-236
-3176
-5534
7799
-1062
1437
-2176
-4625
-4141
5591
-2764
-3625
7394
54
5077
-3355
-3135
-1189
5727
-1030
-44
-7445
4736
-2342
-3211
4681
3330
180
-3319
-1040
2347
-2014
4076
3238
-3486
6850
5578
3754
-973
-2221
2597
2199
-5518
2785
-2796
3927
7846
7058
5683
524
7399
-6158
4028
3284
-2963
-6895
-2077
-2815
577
-3524
5617
-7414
-3131
-5459
-4429
790
-6979
1208
-3626
-1524
-995
-2467
4470
7628
-7445
4835
4218
-466
-6092
2075
-6
318
-4113
-5361
3497
-3466
-1814
-5027
2280
-3774
-5839
3370
4424
2011
6087
-6139
4901
2337
3036
968
2848
-5833
753
1594
50
6821
4494
6910
795
-7120
-218
-4783
2860
-2983
1808
1885
5359
833
933
-105
-8194
2030
1569
1334
-921
-1560
-6092
-3936
1041
-6042
4830
2698
-3110
-7123
-4145
-4411
1829
-3628
1619
5643
-8287
332
-1279
-8190
5938
-6372
3346
275
-4608
2554
-712
4617
-4737
-918
5626
4418
-7278
-3075
2903
3259
-432
2008
1979
-507
-412
-1349
6245
3664
-7822
4925
-1491
7722
-6481
6046
-6996
250
-42
-3261
925
4961
-1491
-331
2409
7766
-1185
3372
109
672
93
-362
837
5780
-2534
2940
4127
7548
-706
-3555
-843
-4319
-2882
5550
-784
-2362
3765
3766
-6163
6436
1612
235
-196
539
1377
5644
-1522
-7811
-4482
3181
-1833
1791
2704
968
4854
-2312
69
-4411
397
-2627
-5845
-7058
2327
4049
6432
4502
-2076
1417
-7358
-5006
-4696
-2727
9005
-689
3220
-2172
6508
-2977
2977
4574
6833
1908
1730
-649
7477
-1339
6161
-628
-2085
-256
1458
2979
5707
-2562
-565
-2181
-2192
-3621
3727
-636
4425
3568
2185
-1801
-1801
3821
839
7073
-6193
-5378
-1682
3361
5585
-1008
-513
-3879
-2254
-5111
231
-8120
-2948
3286
4149
3509
-4041
5792
-3495
2219
-830
1034
-3194
3350
-657
821
-4071
-5297
3933
1927
6798
3478
-463
-83
3328
3825
-550
-291
-2787
-6718
-4425
5089
5031
-2212
1356
6279
8154
5565
1992
6032
2860
-471
-145
-4004
8723
5496
0
3823
2192
-3359
-6731
14
-1261
-1801
-2975
6777
-1451
-1701
6311
-4340
4703
2351
-800
438
-1302
1736
-2358
-4833
4559
4927
23
1524
6481
4506
737
5898
1725
4139
837
-1608
2666
-3261
2970
3396
-4088
2633
-1301
3139
-114
3935
-2298
367
-652
3532
3792
4326
6351
403
-5788
-3291
2557
-2471
2878
175
3384
2228
-445
-7072
0
-5035
5823
-317
2036
-2584
-5304
3899
-5107
2355
4828
7472
875
-5364
3875
9441
-3572
-390
149
-5779
2446
-290
1915
-4015
-4345
-2279
-2709
2629
-8555
-4188
-3369
3356
-4838
1533
-2116
-5958
-4574
-2470
-2538
3562
0
2063
-4046
-5107
-1285
332
-1307
188
959
-496
5840
-5737
-1055
3684
-3332
3507
5678
-4389
4339
8577
-5835
109
-8423
417
-680
-6490
5385
1582
4942
2801
-3204
2665
2317
4651
-2849
611
1600
2333
-2303
-139
-2420
-2932
0
1469
-5734
6699
-7320
8146
93
-5052
2554
195
-4547
3004
5102
-5931
5262
3993
0
930
3792
303
-2056
114
-3239
3265
-3743
-4536
-2115
-2298
127
-2451
-370
-1116
102
-4956
-1258
748
-914
-5415
-225
873
4161
-6125
2649
-4261
5402
4921
1353
-5364
-229
4464
4509
5096
6061
1599
-143
1069
-1294
4613
0
916
9245
-5444
9396
2918
-524
1427
-761
1546
282
-654
1915
4280
3254
4193
-2796
5304
3878
6821
2469
6067
-2100
-6396
-1988
-9239
-1025
-2912
-1473
1599
4518
5788
0
2131
2936
-7052
8270
4601
-171
-677
864
26
7099
347
6040
510
-1068
-4860
-3589
-5997
3211
1167
5706
-9837
-779
-5393
7425
3872
-6498
-3814
-7784
4703
687
308
6693
-3076
3071
1719
2753
-4714
-1068
3081
-4515
7184
-2422
-7200
-3096
1753
2958
5005
5451
-3181
-3616
318
752
-1038
-2980
8538
-747
3765
502
-5513
980
5057
1915
5886
2885
4568
-2637
684
-7079
-505
-2208
189
-2445
-2778
4829
-2644
-7691
-2602
-1011
-8041
-5275
-1491
-1066
2577
-198
-2111
8459
-3008
8232
-2883
1167
1645
6506
5857
4379
-1478
241
-6060
-760
1002
-5287
4927
-1193
-43
1159
1852
-12
-1104
-3857
2307
621
1776
808
-1425
-3038
-6990
-3850
-5217
1998
3394
6246
-1009
271
-2754
85
1228
-3886
5371
3824
-1957
-1361
8675
39
35
-2570
4287
-6083
-7061
-897
7825
-4780
875
4652
6050
911
2887
-9064
3255
-645
-328
-1632
-336
223
-1567
4558
2568
-192
1347
-5424
2708
1818
-490
5266
-62
-1777
8780
8274
1744
-8863
-4010
644
2551
-1268
-4684
5728
8581
-2551
4920
-789
-4730
-6057
5803
1263
-4828
-7228
-3868
-2613
-3583
-1617
-643
3549
-889
-6954
4231
6693
6585
2808
-234
2185
-1699
-3309
-3992
-4076
122
4429
2778
-1536
-1651
2496
-2483
6658
-6679
3178
-591
4215
960
3077
3325
-2962
5441
-172
4101
-2518
-2948
-1400
460
-3461
-1442
-1434
-1928
2826
6402
1106
-3124
-547
-3721
-6621
-1587
1771
283
-1022
-690
56
3373
3005
-2355
3387
-3517
-5183
-3175
-725
2016
2627
-2439
1269
-5940
-5891
6109
4326
-1238
-2395
6561
1416
7973
-6400
1271
-598
4017
3878
493
-5551
8048
-894
2701
-645
-546
-2039
-1175
4428
4867
2142
1091
3996
2223
4470
3798
223
-4284
1060
-3126
-3105
-5609
-7445
5313
1791
-1605
-6010
-6859
-1838
25
-3425
2132
3946
3609
469
135
2206
3573
3102
3840
3732
-5248
4284
5515
265
-5349
4178
2961
-1042
-6481
-2071
48
-386
-4376
3223
606
8558
4277
-246
5472
402
3959
1122
-2565
4613
1199
790
-3774
5967
-5289
-1190
5173
4418
-1916
6033
-2581
200
-1207
2557
-1477
5733
0
-4277
-1666
1446
-6361
1804
5136
958
2741
136
-3273
-2183
3755
-4003
1985
3596
6388
-4250
-1113
-4433
-3679
371
-7578
198
-595
8904
7574
869
1731
-1642
2978
1568
4532
6124
-4491
2815
-2018
184
-4698
-7818
-4392
-156
-6504
-4254
-1509
-4642
458
-8728
-189
-2662
-18
1396
-1605
6249
1847
1716
-7598
-1874
-1663
-725
347
783
3229
933
-723
-4190
-3054
0
3125
608
3509
-1333
3865
4105
-6905
6199
-7488
3817
882
4312
1092
-5518
-3383
5092
-661
7552
3976
4547
-831
-562
-9400
-5047
-3494
4290
-2378
-1312
1014
284
2712
744
1982
7296
-4745
3211
-2126
-3194
-1373
4881
-3126
-8247
-2879
1219
-1403
-2603
-3710
3625
-581
6731
-964
5141
996
4168
2377
1185
61
4085
-5039
-971
6341
-1920
6950
2613
1307
1311
-1701
-369
-3590
4604
1548
1155
7083
3185
205
1750
-1092
-7418
5948
3234
-3768
-4571
-17
1232
5504
862
2169
-4147
2987
1404
-3723
-3767
-6299
-9053
-348
343
-6193
4074
3190
93
-752
-5573
3431
-6994
-5305
1649
-4956
-3804
371
1991
-1483
2347
-2256
-5915
1463
-5378
-1154
-5627
-4879
-608
2831
-3559
-318
338
-2468
-3174
3218
454
7326
3180
-4367
5202
-2226
575
442
1654
-8746
882
6236
-4162
313
-7012
-2430
3682
-3943
-1134
7206
-6968
1199
-4559
1198
850
-547
962
381
1251
6139
4443
3907
4094
6503
2120
-3181
401
6197
-2146
3873
-87
-7235
-5058
-2223
-8949
915
3466
1017
3189
5966
4107
-1155
-4033
-6679
-7559
-2339
-1213
642
-2561
-1890
8750
-4568
-5977
-5064
4712
-4059
204
-2580
-3727
-2702
-1108
3024
-3477
6534
-4010
483
-1972
4556
-181
2306
-934
4947
2294
-3593
-4269
-6442
184
-932
4145
-1259
-314
1019
6245
4346
-102
6839
1560
-620
-178
1321
1448
-5085
-5041
-5075
4432
2695
-1151
1678
-6754
3329
1254
-1966
-1601
-6144
-5860
-1000
-531
-4735
-3616
-1716
3288
2212
665
2232
962
-3437
1782
3294
-7655
-8171
6166
140
689
-2250
5294
3125
6401
-3240
-7036
-1838
-5046
-1296
616
-5449
-4841
-19
-7168
61
-1973
-4825
1460
-7546
-3860
-3626
4832
-448
-53
7299
-253
-4041
-4472
6123
-2497
1484
6892
-5348
1600
2034
2497
325
371
2104
-291
0
1835
-7472
2582
-1534
-4838
4334
-2801
-5359
-2433
-4540
3940
912
282
-3709
-4866
-2635
1834
3548
1442
2852
2686
-2122
2034
5147
-3077
-813
-1625
4833
-3035
-1097
-5254
4249
3542
-2901
-1514
4908
1619
-6601
-1482
3067
2523
-4776
326
7721
-4587
-6088
-2708
-89
5102
4266
5293
-3506
658
4967
3253
-3023
6740
3537
4967
8653
3510
-765
-372
-4649
8241
5301
-6159
421
2794
7573
3970
-4521
-2904
-3399
-4893
338
35
3360
1130
-4107
-486
-4213
-7837
-3418
-9654
304
2645
-2903
672
-1197
-6003
8274
632
2220
6620
-4368
5630
-925
-1098
1970
9322
-1549
5272
-83
3015
1402
671
4727
-5439
-5699
506
-2596
-770
557
-973
-3974
2322
3788
267
255
4330
-5487
3319
-4126
240
-6646
-2212
-3880
-1282
6265
-219
1090
2558
-4162
1047
3867
-3641
5354
-823
1687
4592
-1295
3678
5624
-399
2385
7190
-2480
-5767
938
-2044
-3467
-545
-2385
-1693
-2963
3387
3125
273
-307
4949
4527
-4065
6833
6461
-1697
4751
2215
-2555
-3278
3959
-3228
8432
3080
-5051
-5051
4246
-531
-8949
-1928
-3751
2859
1892
-4511
-8050
-4942
-3204
6800
541
-4105
1002
1569
1767
2086
-5339
-996
-3932
-2093
3295
-198
565
-4998
-7378
-2768
5437
-2568
4629
-7002
-2035
1800
6841
-566
-1311
-1290
-2650
-1550
1496
-7540
-1595
-125
2254
1176
-3268
-149
2051
-1407
7001
-389
-1755
-4679
-1151
-2074
-4580
-626
349
-3007
-1835
-6395
3726
1032
-4279
3876
6586
-519
349
-3161
-5320
5422
-83
4558
-6840
-2413
7331
2908
4330
-827
1943
-4216
-3857
5273
-5522
-9778
-3338
-5063
5980
-4950
2151
-2652
-5196
-262
-2586
-7885
-904
853
4442
-3827
1720
1743
1399
-491
-999
-1636
-5043
-1878
2194
1150
-6602
-1546
-656
3177
-2033
525
-2237
-6753
-2739
6740
-2862
-4345
-5797
643
200
-1386
962
-7770
1305
-3015
3117
-2312
8670
4284
-7413
3883
6367
4903
2102
6241
628
4421
-1451
-5563
-454
-3335
-2222
4148
-948
-1936
-2483
-1924
-2549
3045
-2158
-5160
2076
4976
-253
1079
6894
-2154
7326
-6323
-5412
2571
3779
-92
-5545
-771
-4735
-6702
3968
4611
1067
-138
1371
-7113
-3226
-995
4768
-3614
3842
1268
-5554
1613
-3382
1200
4280
-7946
-2476
-3865
4903
7538
0
1921
1881
-7881
283
-4860
7573
5332
-2685
55
5762
-4385
1840
-3335
6241
3608
-5934
-5633
-3467
1015
-6103
-4056
2219
-7805
8147
-365
2471
4081
-1282
-3015
-2644
-5042
-6081
-2099
-1636
-149
-5044
-1903
-3817
5115
-7265
-3903
4799
1198
25
3717
-415
-9307
-3889
-7369
-6770
3864
985
-5762
4770
-1177
-2210
-2070
1005
7123
1411
-6462
-3742
-50
1223
7329
-1098
685
-1010
-2532
-2485
-192
3296
-1725
-5572
37
-3034
364
-3421
357
3925
-580
-2312
5395
2639
2563
4405
-4869
-4528
3150
5994
2975
2337
-2434
-2096
-4849
-5734
3014
-501
-8709
-5007
-2023
2795
6035
4950
7425
-6079
-3958
-7056
2689
-5496
1254
-2175
3702
7063
-2506
-8561
-1765
5810
6362
-917
-5261
-4974
-4817
3488
-7770
2234
4509
1668
4436
-366
882
6660
5115
-3432
-6567
2320
3903
2653
584
3706
1345
-6570
5615
203
-974
-4703
-132
474
2758
974
1024
5964
-1727
-620
2582
3323
-1420
3915
-5875
-6554
-5409
-1467
-6241
-1977
8318
3366
-314
7383
-791
2502
3329
-8645
718
2118
-4224
2091
1735
-7019
5056
5166
6217
8048
-1860
-2192
-2024
-392
3081
-466
7115
-3699
-5224
855
-2909
-7672
3731
-753
-3005
-458
-1158
-4499
-5879
3094
-1997
4967
-6135
-7867
-1425
-1907
332
-1640
-1116
9073
493
-2027
-4560
-201
-232
-7753
96
-1713
3255
-4769
-3309
-1948
4264
6213
-1673
61
6432
-4123
-1314
-2926
190
-3193
5042
2332
3549
-2263
938
-1992
-3214
-3804
4956
6731
1610
3084
5898
-348
4103
1565
-2938
-6237
-1499
-4082
-2622
4913
4949
2248
2755
4835
-1113
-7074
-2714
-1030
-4862
-1815
3297
4194
4575
2848
6598
4371
-261
-3710
142
0
-817
-5096
-5939
-1670
2587
-1495
-4252
8262
3140
0
4004
3490
865
9622
-1977
4207
-4246
-2015
1560
780
-42
2281
6737
-6980
1912
-3768
2418
-67
2534
6947
-1557
1254
-1346
1586
8750
-2724
2035
-386
525
-4467
-34
-5788
-1582
-37
611
1885
-3517
5535
152
854
-8187
9689
506
-5863
-7681
794
3646
-3958
2833
-7320
-8250
-1841
3468
666
-3346
-1274
-4555
-4614
-5019
3599
-6950
2378
0
-5405
1619
-2588
-1963
2179
-2390
1517
130
1086
268
3951
-6629
3156
-8796
-3130
0
4845
9102
4875
5579
1360
5989
3166
1408
-5972
-6323
-3131
-3703
-5640
-4783
4667
-2021
-5923
-1492
-3804
-2665
-2433
-5743
2412
3464
4737
5732
2663
-4732
7558
-2806
1600
-1422
-6699
1610
-1201
1316
-5769
780
-483
1429
-2023
-630
2653
-4225
-2348
-680
-1045
-7947
-752
2755
527
-156
3684
5197
5329
-1941
-454
6134
-390
2665
0
-7514
-4438
-4089
512
6518
5803
4381
-4825
-5513
-8041
2600
3728
5260
-904
2993
300
2472
-545
-1028
53
-4123
-2228
1783
-5497
4194
2029
572
7866
232
-27
-1261
814
4384
-8011
4798
-6895
-8713
-3486
4826
-2659
-6877
2829
1143
-561
3967
-463
271
6379
-2592
-4776
-3165
-3462
2933
-4436
5170
-3580
2365
-4526
108
-285
56
-241
5535
539
-6753
-459
231
4287
6625
-3834
3212
4159
-7005
-6163
-1280
-6460
-3129
5306
-877
5936
-2848
2815
224
-299
575
7558
98
-6271
-7562
-8387
4806
3128
-935
4782
-8148
-940
-97
3255
-4341
-670
-7397
990
-1490
-4698
-701
4074
1214
-2283
474
-3216
4271
2979
-610
-6029
85
-6765
-564
1123
-3322
-2665
7026
-3323
1548
-579
-2616
-2293
2580
6228
8234
-1702
-757
-4520
342
-3853
-1199
-6519
590
-2509
-8277
3117
-97
37
-5437
397
1361
2701
-745
646
5130
1534
3429
5986
1372
-656
1673
-3415
3474
6703
-5359
2323
4839
-2739
3558
612
-4721
165
293
-3893
9441
-729
-907
-168
-3797
-311
-4683
1137
-2534
-493
-3778
3706
573
3945
-1532
-5882
7744
-3106
-467
-1701
-1635
4260
-3128
-3796
-1527
1188
-6911
-5902
-637
2226
3905
1622
-4607
4391
-571
1807
5952
2028
2164
1217
4507
3754
-1509
-405
1041
-2203
-4881
521
-865
8194
7086
-2041
4685
3702
-8443
-5205
7685
-971
1060
5343
5017
1948
4754
660
-1605
-5683
-5979
-2829
-5375
4146
5113
-5240
403
4085
3631
-3308
-1550
4365
-6499
5054
-3426
456
-6216
3804
5867
-6706
-7228
6264
-2229
-1383
5332
400
120
-5081
2032
-4335
-4754
7168
1707
-2056
-3247
2587
-2517
-4171
8227
3860
-282
-3724
-4967
-4828
3553
4326
258
5677
2335
3184
5766
-917
-5564
-1777
3429
-3001
-4727
6465
-225
-6440
1370
5220
-1849
-2184
3468
2908
3756
302
-7364
5843
408
-4260
3835
-4101
6893
-5105
788
405
7840
-5160
2434
-5259
6756
-65
2092
2306
5972
1507
1620
-414
6256
-2954
-1294
-1005
-3752
-1165
-6692
1198
2594
-2636
-340
2687
0
8039
-3075
801
403
-3392
-4103
4922
-9229
-4166
1991
1810
-2296
6620
1771
7309
-1355
-4003
6256
-3008
2102
477
-5352
-4155
6279
8367
4732
-525
-5809
3622
-1004
289
-3769
-1144
-4457
3550
-4914
-4242
-832
-619
-6744
2144
667
1446
8265
-7120
-4487
-4936
-5317
2963
7685
-7
-5595
2979
-424
5510
-1886
-1281
2639
1609
2265
-5495
-271
5209
2278
-510
1919
-5726
-1578
7516
1426
3622
-5345
1686
905
6798
428
5332
251
8732
3684
1093
-826
-9764
5981
-4674
31
5226
3449
-685
2329
442
-1951
-45
-2348
3445
-3220
-982
1661
-2843
-6520
-2506
2808
2032
-3135
6524
-8171
-1746
-3113
5387
839
-3871
25
8614
568
-6378
2848
-2882
-5940
-278
7754
2449
-2506
671
3870
-5394
2367
3281
173
701
459
-3033
-1665
-1783
-667
4154
5415
-1403
-2943
-1388
5583
-1595
-5243
4332
656
2036
5457
5796
-3208
-184
-2070
-2021
2702
660
-5164
-7288
2336
-5956
1423
-5403
5995
-3488
2554
1245
-6985
756
570
-401
3608
-7550
-1197
-7237
4850
-1905
-9071
2411
-2827
1820
-3933
-665
-807
-6859
-3327
3084
5191
-1499
-6904
-183
-2021
1867
-3257
-4761
-330
-1621
3686
1830
-3830
6762
-353
-7904
3237
-600
2193
1497
404
-4941
-1490
3183
6326
-2435
-2672
1551
-322
-4890
2968
2698
-7689
2229
-2209
1782
3209
2666
366
5527
-5518
-5437
-2504
1734
1960
166
5376
609
2160
3868
-2668
-4501
696
4159
3714
3482
1458
1309
1710
-2237
3982
-4439
513
2582
1861
-1833
1280
7416
-2243
9090
1413
-3539
-4216
-400
3524
223
-6631
-457
6824
7407
5047
-7185
-4
-8351
-345
4371
4242
-5191
3040
-6796
-651
2241
3850
2263
-1780
-1780
0
-1307
-2713
5763
3144
-1431
-1313
-2999
-565
-2024
-4164
1250
2387
7238
7908
-3005
8578
-7040
5937
-2525
-1040
-4082
528
1705
6365
1004
-6564
2685
-2802
-1215
-5378
-1828
-671
4498
-4186
-3898
6900
2722
2372
6891
-269
-4951
-3646
-3187
-4837
-3375
4379
5776
3121
-5083
-1801
2883
665
-1503
3468
5945
2120
-4922
6374
-3886
878
-2866
3154
-4690
-2178
2792
3226
-634
-753
-9229
-543
-199
2243
-5665
8877
3947
-2297
2386
-2775
368
584
2993
2075
3461
1191
-798
-8765
6119
-2754
-4733
184
-3892
3128
9581
3395
-5322
1679
-5447
-3941
6651
3788
3545
-2342
-1582
-4022
1973
2263
2453
-7062
7355
-84
-630
2792
-5046
-900
2805
-5403
2201
5727
5444
1270
-3099
-1827
-1969
1887
-3883
-1312
550
-4644
2160
-372
-3107
-2459
4811
-1440
-4079
-684
2665
-291
1125
3550
11
-7902
-1807
-4033
2755
4773
-4733
4786
642
-4858
1172
-3206
19
-489
-689
7632
-5828
5577
-1945
5803
-4851
1654
573
-1961
2629
-4253
1352
2162
-6209
-932
-1108
1716
-4460
2515
-1567
-4850
2275
-4334
5400
-3945
-4894
-106
674
-1699
-1334
7144
2830
818
3840
-3320
110
-2678
0
-3792
2621
-840
-6246
1472
-3237
6414
3122
-2644
-1546
-6058
1903
1538
-3075
489
-5297
7549
5563
-2839
1179
-5942
804
-352
-580
-8230
-2658
3758
4788
3029
182
2429
-8627
-1848
-5879
-2380
914
-5012
56
6081
-1656
5466
463
-8862
3118
2219
-742
-4492
-6696
1120
8401
4516
1521
-2980
5356
490
1698
2637
-5696
-3433
7290
-2767
69
-625
-1230
-1289
4509
-3187
-466
8414
-5282
152
1286
-4189
7846
4346
-1748
915
4034
4330
-6536
6518
1619
3509
-1525
1320
6137
-6573
5678
525
-6131
-2429
-1858
-38
2044
-268
7602
-4846
2736
-2847
-3974
3664
2629
-2698
5205
5306
-3408
-6939
5936
-6862
-4806
-1707
-2354
-3053
-1296
-4521
663
-199
-716
1850
-4596
1828
8057
316
-1697
-2714
-4296
-9572
-230
2077
8673
1200
1791
-4755
2636
2769
5843
282
6311
6491
-3132
7791
-1631
3161
-3540
5053
-582
36
571
-6605
343
5326
-3792
-3201
-9053
-5221
-6773
54
-6832
-1227
901
9134
4310
6230
1067
297
-2984
5849
5557
-9068
-2088
1143
0
-2892
-4818
-2870
-4429
1352
-6765
-2585
-6878
3001
-6504
-3030
-3335
-7358
-1397
1213
-1745
6871
1024
4909
-4791
-4386
1754
2831
-3955
-2787
-1678
3203
1473
-1004
6059
-6553
-4401
4318
-2867
1960
4901
561
1637
4903
-2270
-8443
6245
-206
141
3005
-2892
1991
-324
2835
3441
-4385
-4641
-4709
2646
1423
4018
-3932
-800
-5971
2241
520
2038
-710
-2229
-3854
1291
1780
-24
1002
1682
4580
7953
2813
3005
-3703
-200
4253
-2742
1158
2964
-3665
-2029
3268
-6436
620
-3132
-8050
-6400
-1941
-4881
-2476
2718
992
-2502
3905
7198
1791
-1690
-2397
-4465
1920
391
4011
-2683
-446
6638
2227
2539
-4925
-6230
-6120
5013
-484
-3302
1846
4733
-5442
-1855
4906
-4142
412
-2716
2191
1017
-5518
3189
-3077
0
-4536
3291
-1194
-695
7584
6561
-6535
-2073
418
-1312
-2093
-669
-6536
-6413
-1731
1120
-3408
-4781
-1476
-5854
1375
-3261
3585
6133
831
2636
-2905
-415
3776
1852
1307
2562
5450
-2836
-2497
2316
2780
-3609
6756
-1018
-676
6932
-6393
6669
5219
4732
4252
8339
-6318
-4711
3097
-4465
-761
1396
32
4197
2504
-1587
231
3699
-521
4566
2070
-7789
-5573
-1089
-1963
-6651
-465
-938
6244
-5763
-2617
-74
-5721
4101
1083
815
-8666
8321
4428
2119
720
2967
863
2027
2548
1375
1307
1714
2848
4140
-3129
-595
1582
-1027
-845
3129
608
-3360
-5653
3225
551
3449
3808
1070
-3554
-4802
2539
4950
-1576
-2724
7414
-3134
6032
649
6485
6711
2429
-1662
-1841
-253
80
3876
1913
3893
-5394
2568
-928
885
2950
3754
-7960
5
145
-3473
4329
2007
-695
-239
-3699
2385
5035
-140
-286
4845
-2772
-828
675
-9272
655
-937
-7284
-6730
2318
4670
-2143
-5294
-241
1151
2238
2547
-2045
-2496
4146
7330
-7964
-6832
-4682
2318
48
135
1769
-4419
7103
2190
537
-3846
6180
6050
551
-6179
5923
-6128
-5786
-4235
1610
-6524
5277
4790
3089
2769
5558
-5015
-466
-8242
3077
-5085
3801
5195
822
-2976
3792
-3101
6092
1463
-175
4799
-5703
2567
3150
2528
-2171
-2477
-2442
-9247
4136
2980
2665
1782
-905
-7294
6323
6076
5514
4766
4123
3461
954
-4530
7953
6441
-1610
-1181
-2136
-4246
-960
-4794
-1817
-3445
476
-5748
-1743
-4161
3309
-9337
-2268
-2619
-1496
2463
-1434
3875
1804
-1058
3569
3171
5150
-661
9124
-4975
-1753
5422
-996
-4415
-4871
0
-3807
9066
-1389
-6662
-3051
-6862
-3214
-2830
-5703
6644
1101
1446
-3403
6419
-4915
2469
-6509
7617
-688
-2212
-626
1146
-2286
-6531
1262
1418
5437
-2444
-4771
921
416
-1385
-184
2949
-3277
197
5986
-2566
3401
1399
2182
165
6924
-2164
1371
-5810
1157
-3300
2686
5025
-1467
-4291
-5361
4162
609
8686
-7583
-2348
-273
-671
0
966
-1760
-1914
8996
-5979
4058
584
-4312
2985
2636
2700
-2271
-8104
2849
7601
-594
-658
2931
7458
-3095
6533
5277
5052
-612
-5071
565
5157
-1840
-4235
3080
-790
-6084
5843
7423
6561
1298
-353
1956
-90
-1197
-954
-5103
8346
573
7079
-2815
-5464
-2624
-6059
-2125
-1161
3284
4264
3125
-818
-2368
3381
-1564
-6236
-1103
2196
-1673
2159
-2679
-997
7317
-2100
-3486
7040
-3262
3437
4150
3824
-5543
2392
-624
1720
-269
-183
6693
-197
-1694
-655
-2125
609
-562
-410
-3171
3395
9207
-1000
2602
-1963
3852
-5243
-1940
297
1065
-7887
-5240
3392
-1907
493
1722
-1543
6220
-388
3270
-4694
1568
-9053
-1942
9046
-3918
-3054
2932
-9247
-2346
2242
-1045
-2406
2428
6107
5728
1019
2298
-1886
6798
-4010
86
4137
4028
-3394
297
4893
2062
4911
0
616
-5130
1927
-884
-7960
-6052
8571
-2879
4107
-175
-582
506
-7078
-3064
5572
-835
1834
-6590
6666
1592
-1880
-307
756
-6053
5624
-8149
2849
-1277
1103
-1769
-1668
3396
-7418
-859
249
3164
8192
5763
-6481
994
-1454
-5668
5691
4268
-2126
2938
3904
-4781
-7786
279
2215
1710
0
1520
-3616
1984
438
114
-2829
-1276
806
-269
1020
6852
886
-2072
-3409
503
282
-4122
1067
3721
313
8571
6758
-2232
2928
1913
4745
1915
474
-810
8577
-7597
8299
608
3831
8424
-1342
2515
2234
-425
1158
-3342
555
-546
-281
-7548
-1727
-4313
343
-2409
1967
-4890
-1116
3217
1251
942
2069
9214
1449
5457
-1253
-1898
-3452
3864
3644
-3141
833
-2243
6356
1440
-5446
4251
-515
-1363
-2849
1454
4942
6304
468
198
-6453
-4180
1952
-850
-5763
-8210
1853
605
2149
748
6900
-637
2351
166
4249
4982
3013
2051
-4675
-4052
3074
-2126
3411
6703
-2743
4923
-4999
905
-1403
-144
2013
3676
3461
3116
5420
4177
232
6831
3570
-3286
1861
198
1318
-3214
-4579
7894
7171
4203
-2006
-3915
162
-475
4141
-6416
663
2916
1678
-1396
-4571
4289
-3237
-3663
-2974
-1236
1903
5647
-1918
2398
-5046
2351
-3649
3988
572
-1467
465
-3145
-8224
1463
5020
-1806
4294
-1161
833
-887
5807
3950
3167
-3318
8723
6198
5197
-523
-6370
6250
-5828
-3114
-6488
2685
-9063
-2185
-2803
-7550
4887
3802
-3177
620
863
1972
-3733
5704
3352
-3194
1637
-5537
-6317
9245
-1672
506
-2884
-4808
-3264
7407
-1174
1351
-560
-3371
4811
551
-160
5616
-789
2993
7413
1063
1181
-3637
2354
8055
1137
8064
-4575
5752
628
4169
-2753
-7874
4405
-538
875
5646
-3386
7206
-4335
-1298
4072
3950
2377
-670
451
-6508
7185
-9239
1586
319
-2688
2551
-1640
-6852
1144
-5480
2110
-2307
1482
-6772
-3131
-1177
1198
1861
-2826
-1675
1797
1157
-2246
791
-7210
-8230
-602
-6453
9648
3833
190
-6121
939
-874
681
-1033
1044
1560
5843
-98
-5978
2171
-1437
2290
1532
-1715
1217
-3125
-1928
-4696
5224
-3281
-1353
2207
4963
-1131
1431
888
4197
3073
1631
-143
1494
7506
8267
-4325
-6383
1133
1456
1802
2695
-4652
4085
5113
308
-5972
1840
-622
-5891
5787
-3194
5660
-2918
616
5823
5490
8235
-2783
-5263
-4138
-1706
6984
-7364
6503
-867
3386
5384
5329
-2845
1995
-3421
3285
-1666
-3846
-3190
-466
-2056
-3412
-6142
4347
2358
-1694
-1455
-9687
2980
5025
3308
2592
-4818
-2751
1434
4532
-2273
1254
-186
293
-3895
966
-1008
-3733
3376
363
-714
-2061
-2918
94
-408
-2713
3317
476
5465
-910
0
-4355
-3790
2178
-75
219
5053
-3521
3995
-408
-2195
1488
-3131
2269
6143
-325
1932
5649
6007
3241
213
-3871
-515
-2695
-2633
-2023
155
6384
2246
-4067
-2007
-4031
-1662
6885
-651
2430
5178
5049
-2023
0
-1021
-1128
-4312
4098
1079
2879
4413
-1425
3351
6984
-370
-1367
-1108
-3521
4137
1808
-1277
-2244
614
5384
3558
-3437
8538
2293
-5781
-2194
-56
-2129
4442
-5424
-4571
2123
-643
2314
-905
-366
-5218
939
4166
1082
2386
113
-4388
1814
3108
-1334
509
-390
612
4449
4535
-117
-7583
1138
-1568
4441
-2460
-1346
-2882
2250
915
-4255
732
1552
6513
-1466
-1520
-5591
-2064
-553
-4467
-3206
-3471
-1467
-1085
-7392
1015
-6835
562
7445
-4758
2829
0
3673
7040
3211
-473
-1
-5998
251
4266
-3120
-6504
6180
-4764
5606
-2505
-858
-6535
4353
-1621
0
-4914
-7251
5449
4547
1844
251
-460
-200
8809
7306
8019
-580
-88
4913
1935
-1957
-4759
5858
3924
1684
-603
3127
617
8360
4754
-36
7340
90
-4506
-2023
5988
7835
-5306
-1186
2596
-5444
657
-1207
394
-309
-8443
-881
1331
3811
-1605
1693
-111
1151
-991
2306
1242
-5610
-8569
-8695
897
363
4133
-378
-4204
-3953
-5116
-2226
2860
4318
5539
2470
2835
6144
247
-1717
3429
-8912
-4462
-412
-937
2801
3304
764
7013
-5803
3801
-2025
-2412
2131
3269
-870
8015
-2866
-1934
2515
3913
4081
2419
-4430
-6692
-1339
3543
-625
3997
-4216
-5531
-2271
-3897
-3175
-1049
-5922
-5376
3788
-2159
-7276
1370
-3929
6257
4773
1846
-3535
2882
433
1980
-9068
-2480
1444
4387
2382
-3208
7747
4292
-589
-3125
-2576
1436
1591
-183
2515
1092
3403
7452
-3929
3508
-2497
-664
4240
-2926
-3593
1735
8095
2899
-8148
-1916
4169
-1216
2957
-4193
1180
-6030
318
-384
249
-2559
-1586
6062
2124
-1699
5391
-678
2046
1250
2075
7761
-5422
4418
-4626
2133
-3053
806
-960
-4131
1106
7446
-2409
2701
-4037
5812
-3808
5305
1579
5859
962
-6885
-5564
513
-3917
-976
-5983
-6018
-1886
-4255
2787
6428
6008
-4355
6561
-1169
-5368
-5348
4227
3166
-643
-458
4330
3246
818
324
7216
-4970
-1777
951
-1443
-2985
1924
1041
-191
6043
1184
1669
-9178
-4278
6634
5854
-3725
1535
4960
6021
-4400
1895
855
6891
1168
5491
-3501
7565
7939
-4526
-3619
1305
-393
-4041
-3350
-892
-4068
-7772
7055
2221
1179
6512
2470
-1108
3210
3288
8321
2639
-3897
5209
644
1428
0
5578
-810
2650
-2503
6026
2507
-8237
3798
-5178
8054
-177
-989
-3568
2430
-1288
-1760
-1149
-8331
-7029
-357
3550
-783
2813
5510
4527
1600
-4237
-6796
-637
2428
425
-1621
-651
1118
-937
-1264
4588
6169
-2568
-4079
-4810
-403
4811
-2395
8015
844
-1297
-6578
-5497
-953
-6333
-623
-5102
-4807
3096
3422
-3761
-1013
24
-4295
-4171
-4773
3860
4256
-3368
-6553
-181
4558
-633
-8057
-6835
-3868
-3862
-2991
3122
-2586
1802
-5996
-5761
-2995
-4337
5445
4584
-2470
1791
-695
-1490
-2703
1806
902
-3285
6023
-4765
2529
548
1291
523
-229
-6436
-1872
-1092
1011
565
3963
-2316
8494
-6791
-4327
-332
-1197
2242
729
-1552
-4517
4770
4177
-7040
6059
1464
-6710
-883
-4219
-323
-1616
-1016
-1529
279
-4148
-8250
7309
2745
-2069
267
-1297
5100
422
1426
-4786
503
3777
-996
-2637
422
2880
3876
0
-996
-2155
-3601
-1295
5115
-2809
391
1214
-4831
5436
-5585
-2021
6875
723
3598
-5935
2627
30
3218
1209
1032
1919
1839
0
4584
5597
-2727
1162
1705
7500
-1104
-3327
1769
-3495
-2853
-2347
2769
3968
-4413
-3827
3105
-106
8686
4069
67
1599
-5334
-6445
173
1208
-5931
2412
-2027
-1399
-6241
-192
-5273
7547
-2115
7573
3171
-5477
-2140
9058
-89
2601
2119
1753
5351
-6119
1164
-1349
-5437
-714
-7562
-4423
338
-200
2304
591
4535
-3479
679
7562
-1616
-1054
4418
4948
-928
-4837
-2467
-5252
3904
3766
1159
-4215
-515
7558
1668
-3909
2837
7250
1222
-5475
-8592
-4315
433
-4183
6330
1020
709
235
-9643
4790
-1674
-6445
5157
-2244
7550
816
-8230
3088
6146
-5853
-1642
2938
5049
2304
-4584
-1680
1939
-4250
-953
-4924
-2849
-3077
-6361
2211
954
-2898
-9742
-347
6523
3732
4590
3323
1798
-9242
-2293
4289
6340
-1810
900
2833
4532
-3033
3005
6557
-4385
3644
3459
4650
412
7286
5869
3709
-7307
702
3033
-605
-144
-2428
7825
2658
-727
-1046
2823
460
-5413
-1011
-9097
-2347
1307
-1387
5194
4897
-1087
2180
1393
-5140
4698
831
5205
-1785
1258
-4984
393
-4686
6266
4076
-8839
-891
3866
737
2824
-2125
6545
-2761
-1973
7774
474
1316
-1955
671
-5767
-2229
5205
4656
3753
6507
-6729
3798
3878
-5803
213
1684
3988
250
-2879
-3797
-5462
7860
6068
-2816
-97
-625
-365
-5543
-3390
7350
-2814
-186
5965
409
959
-2711
-3814
2999
-1567
-1005
7658
-4590
-4188
375
9058
-2209
6320
-4256
-3102
-1245
-1057
-5382
4055
4405
3483
-7823
-6081
-2277
-550
-3093
2835
-7857
0
5379
-1298
5369
-1125
1448
2393
3865
-2618
948
5173
1795
4079
1504
-7374
7084
2605
4360
9090
-8141
5293
-1332
1338
-2916
1103
6058
3270
-5081
1629
-3473
469
-1066
7992
-1707
-4334
8232
3636
-5507
5894
-2064
-802
-8739
-6103
-1878
-4501
1460
-377
-5633
2905
-420
9084
1269
3393
4608
-3525
-5959
-389
6367
6150
-5311
3677
-419
-7755
6791
4396
6880
1024
5390
-4334
3292
-7681
3864
-410
1358
6411
-3261
-1920
5377
7798
-3008
63
2216
-3866
-2413
3262
2633
866
3573
4971
3063
2446
-3811
2453
-534
-5026
8514
-2731
-7831
2814
1818
-2999
-1482
7906
1051
2941
-6251
-695
-6800
-3853
0
1903
-2725
2425
-988
-7559
2343
1693
-1024
-6796
-3528
5777
4036
-9053
-5748
-7239
-6825
-4276
7724
-3562
-2226
-49
262
30
-4466
5465
242
8015
7528
3917
136
130
-2112
502
-1453
-4374
-8048
6855
-3922
7747
-3336
-1338
-3029
5472
1767
-6535
-5111
7695
-586
1073
-1092
-1709
554
-5802
-3224
6020
4971
1837
2829
-1213
446
0
3102
497
7271
-6138
-6266
-917
-5192
1867
-4320
7259
5777
-1264
-1410
-67
-1117
1273
-3350
-732
-960
317
5351
-1753
-2822
-5345
-3489
1673
-1582
4777
-245
-1125
-2115
-2463
2599
6044
6000
1395
-2451
-5008
2755
1053
4841
0
8907
-4226
4683
-6361
1983
-9199
-3386
-1043
-538
-1028
455
-4346
-233
2506
4192
-656
-265
451
3549
2183
376
-2467
6109
-3649
-3418
5147
-345
3755
-2236
-71
-3873
2883
-910
113
1569
4406
4695
373
-5876
611
973
7171
-316
-1007
6979
-1578
2971
112
2400
684
4165
3178
815
1480
4461
2289
4063
2228
550
5530
4378
-906
-724
-6108
3598
1979
2847
1724
-3017
3644
-3486
-4740
2610
-6119
4067
-4759
-1451
-3107
-6504
1642
-2243
5472
-5001
3089
7402
-227
51
-5564
1881
-4645
-2143
6056
-715
-3553
5064
-3718
-1603
628
-5146
-3965
3720
923
-714
6078
-3027
1790
6187
-6032
4489
1629
1472
7709
1685
-2243
2734
-3611
-8078
3342
-7805
8834
8299
-370
-4703
-660
4155
-2744
-5207
7396
-1499
-5269
-4401
-4151
3360
5938
3358
4694
-3539
5194
-2744
-3087
-4465
-9468
-4148
76
-4732
0
-2893
-972
864
-1783
59
818
7189
5466
-7597
92
2681
-3448
-1934
-925
6875
-1579
6207
-1063
6190
4509
4537
-8
-7476
-3835
-128
418
1408
1573
3171
4085
-6835
-840
-871
-2609
155
-4142
5205
5216
8865
-4495
-3505
5017
1889
1736
4182
1198
2565
5156
0
8108
6559
3584
1443
3235
5483
2647
-849
4737
-3286
-2991
-2973
2075
-2542
-8050
-2297
-5671
-2174
-5882
-7570
-3887
-3205
-1374
2621
-4256
2817
8893
-1920
6892
1047
2408
-1984
-8011
5508
-822
-5618
-780
-1701
-5355
-7226
769
1505
1063
-486
-2972
-1249
3949
-4596
-6748
-2167
-826
-3807
-1264
-4171
642
513
2034
972
948
-1540
2497
822
-5642
5823
3927
-1472
-6677
376
2720
-2407
-666
3394
-111
-470
3067
-4132
-903
2171
-5136
-868
2381
722
-5459
-3232
-2851
-2105
-1576
-1534
-2128
-789
-757
7446
6735
3939
3113
-173
7171
5732
-6445
-2763
2354
-151
5189
3488
2439
3454
608
-2539
-6167
764
-1768
-842
468
549
-5738
-3697
5879
468
-573
-1297
395
-3776
4184
2077
-5386
2074
4416
5787
8147
4578
3996
4471
1110
-3515
-3378
7646
4163
2767
648
-3495
3067
-2334
-3273
1183
-631
2182
-1754
-2024
-1936
3868
2387
400
4608
2526
-764
-6904
4011
1788
2534
-198
9287
-4627
-3890
-5432
-6727
5961
435
7646
2785
0
3116
-9432
-3085
3917
-5860
5400
-3819
-1793
-579
-5720
0
-5690
3528
709
3213
-4687
-2802
2582
2611
-5720
-3479
1656
-316
-9322
5134
6166
7649
-3100
-864
-5757
7587
1389
-98
6660
-6739
-5633
3963
1533
-3231
-947
-864
6367
6567
-868
958
-5130
-8192
9014
3574
1333
-5234
5542
-6985
-6926
-6118
-96
-1257
4398
692
1890
5559
6777
4072
-2741
3660
5113
-2029
-9523
2112
1828
-5447
1884
2279
933
-5136
477
-4690
6977
1684
2299
1472
-8121
-5892
5266
-7001
1187
-788
3034
-4523
460
-2484
913
-1987
-1117
1676
1363
-1309
4786
130
8212
5898
1402
-6241
6200
-1926
-5305
256
2503
-6872
5900
-2167
2436
1037
-2763
2914
1685
-2191
7124
1371
-1454
-2877
4913
7340
754
6660
-4887
-5880
1954
-761
-1193
-2192
-2619
-859
-8196
7677
-5134
-9299
5042
2392
-2506
2744
-4604
2822
3793
-1196
-9153
8342
900
-2594
-1608
-3369
4136
4838
-881
1838
4450
-1041
-8627
2704
4191
4856
-1541
1218
-1190
1022
0
3596
4973
561
-4530
-3449
6796
-2780
-4421
347
-1977
-3440
-6304
3700
-972
1042
1831
3964
1521
2467
324
-8331
-3844
0
2693
-3633
1669
-1098
-1349
7355
-6038
-5333
-1938
-2194
1780
523
7264
4048
1507
3279
-3335
1408
-6139
888
-591
-1160
6142
-3466
1920
-6145
-4041
2245
-1408
-2697
7364
-7540
-918
7690
5304
-1247
261
5483
3823
-867
-851
4897
-5532
2335
7761
-2696
-2714
-4250
-6886
92
-6242
-1623
1903
-6942
5791
-4975
-4559
-4256
0
-9881
3852
-1063
4430
960
-2253
-328
-2532
1301
-6349
3746
568
194
-2341
-4105
5805
1781
5900
2685
-7120
2950
-6135
-5098
6338
5969
942
-4096
3382
488
53
-4655
6660
5568
-4281
3732
-236
-5716
-4417
-4296
-4813
8766
-3616
-326
-2249
-3611
0
-89
2869
-5971
2720
-2225
374
-4334
345
-4677
76
-6314
7062
2297
-4567
1579
-470
-3901
-710
1119
2269
1121
11
1533
-2627
-1546
-1723
-5702
2441
2824
-722
-565
805
-2334
-2898
-342
4732
-1594
-569
-1024
5254
2335
8467
2621
3807
7516
-2553
-3620
6833
-3884
468
-1396
-4269
-4435
651
-2760
4229
5685
-3703
3135
3238
-4472
-4255
-3889
-3066
6251
4011
-2081
5706
-125
3197
4707
768
-619
5385
-5140
1453
503
1677
-4516
-381
3478
2047
5530
-6570
4425
3631
-1371
-237
-2185
-4998
2886
-656
-867
-508
-3007
1924
4429
-5935
-2229
4707
4561
4901
-2313
-1950
-4547
-3258
-971
-245
-7670
3091
5202
16
-6938
2212
-3194
1751
-1777
7696
-9643
-1475
6576
-5372
902
-871
4326
-732
5878
1901
-6835
-888
7399
7743
7506
-2505
-7514
2486
-860
-1038
-1529
5965
-3703
4423
3820
4133
-3121
281
1592
3619
4631
7724
3173
-2145
-9275
5488
-4754
3996
-3227
-4313
-2477
-4780
196
4210
2197
-3105
14
5876
-634
3183
-2270
-4431
-114
-1219
-2452
-3899
-8247
-4786
-97
538
2741
613
0
-7661
4299
-172
3254
-5446
4257
-4238
-2767
2861
332
-993
3776
-6984
1389
1312
5013
-1351
-1489
384
4111
5563
-742
6894
-386
4388
-5107
-76
0
8755
2568
-6728
2567
-3320
4805
-5200
-2243
5754
-3267
3578
8265
283
1352
3367
-3339
4429
1458
-545
8571
-7638
2730
6091
544
-3489
1788
-1279
-2707
1146
-1358
-839
483
5400
-3216
-660
-7364
-240
-4429
1064
3202
-1520
1316
-810
7173
4220
49
1786
1875
2314
-3868
-4941
4767
-4433
349
-33
-1481
544
3219
1703
3692
-357
-6109
-4528
-4181
2954
-6394
-8048
1349
-1620
-2205
-650
-1007
-22
-3615
2582
3792
-1466
-403
-2475
-4726
-3857
4371
2841
-3101
-3958
804
-884
-1997
332
3286
-6946
9096
8784
3252
896
1938
-5782
5224
-2009
-1635
5382
5202
0
-6531
8751
-4292
1519
-4159
1832
-9662
430
921
-1560
4155
-4085
2227
-4559
-1516
524
-514
252
-4633
-500
3954
5058
-3895
3682
1448
-4452
-1090
-1101
5376
-5664
3635
-2210
-2675
3798
6214
-4018
-2223
2179
3963
-6770
396
2450
3966
673
-1755
-6645
4486
-1987
-712
-1495
3685
3878
-9710
374
2111
-4472
3642
2311
-6586
-1447
1993
2850
-8299
-6817
1550
1852
6341
-1825
-1025
2084
1015
6768
4611
-3679
4231
-151
-2746
4011
1041
3445
7800
-6621
3817
-7747
2555
-1508
-6939
2486
874
-1699
-4067
1047
-3163
-8750
2075
-6131
1640
2945
2139
2093
-3482
3926
5229
6367
-5962
-507
-4378
659
6501
-7
-4362
4407
-2240
2016
4879
-2056
-1050
-550
-6608
-401
5799
-2358
-4441
-459
5465
-457
-4649
-125
2354
-6677
4721
-281
-1725
343
368
-2191
-7380
935
-4679
-3128
-2521
-5391
-2695
4341
-8149
1000
372
-8666
3928
285
7975
2402
5480
3521
3604
3817
259
-3609
2551
3308
6432
2693
4424
-752
1912
964
872
-5602
6952
-5014
4192
-1902
6304
900
3150
532
-3860
21
-1115
-1676
-4664
-5339
5699
-9397
3329
376
2038
2563
5985
2298
-4678
5835
-2558
477
-276
4200
-317
2440
-858
6503
2819
6885
1965
-2332
2522
-7900
-6750
-2710
4229
2849
6384
-431
-5857
-1281
-1887
-3685
-6104
1272
2262
-3889
-795
-3157
6144
4099
8487
-390
-3213
3673
2463
1186
-2995
2991
300
-6633
4697
-5060
-6661
1586
3029
2471
-44
-3033
7125
3860
-2839
-2535
2605
209
-4982
-6005
-3472
-4846
914
-843
3260
2344
-8400
-2378
5600
-2
-2973
-2348
2363
-5267
3360
1456
2837
-937
4099
2385
-6212
-1632
9811
-3551
203
3821
8912
-1759
1024
3074
2995
3300
-8733
-7445
2100
1888
-4518
3650
-7859
-3748
-816
-469
-4419
927
2621
-7571
-2610
-4762
-3512
309
-950
-3141
4020
1106
184
-5933
6170
3903
-1287
-5989
2106
90
-905
8461
2753
-3495
-398
2555
6044
-1434
-42
-3170
-7187
-3392
-1445
-3040
-3194
915
2180
-3969
8805
-7767
-1244
-2609
4354
-5476
-2609
6984
4775
-1331
0
1612
1955
2534
-3835
-7121
-466
-4259
1819
-1097
836
-1544
3189
-2500
6764
-879
-1074
2808
-5160
376
-3567
1112
3259
1643
259
1975
7078
-561
2861
-3665
-2024
1878
240
405
-2191
4902
-143
1643
1316
6125
-2115
-5164
6747
3209
-3102
-4752
422
-2730
-1353
8483
-6049
2541
6367
5693
4182
-6955
4331
-117
878
-8250
-615
-6443
-1516
-377
-3627
-5610
-264
-1088
-4266
-319
-5267
9015
6165
1685
2050
2859
-4664
-2359
1940
-8016
257
3907
-3946
2534
5058
-1641
1380
720
866
-2930
1657
1793
-2009
-1215
-318
3595
-4411
-3722
3181
908
8518
-6873
-6492
-1850
-1005
-314
-5427
2693
6041
-4703
4136
-4123
2493
-2607
1883
2974
1614
-1969
1908
3864
-1579
3832
521
-424
971
-1419
122
-6663
3101
-1563
-5196
-92
-4831
1529
-7445
543
1280
6344
5707
-6537
638
7467
-4549
-5876
265
3381
-3850
-1160
-7380
3631
-4516
-8104
-4911
-2291
48
9014
-734
-2443
-1042
3293
476
-4039
-3927
-1189
2028
-2230
-860
6891
-797
7827
2687
3820
-2409
8356
4024
-3163
5713
-988
9068
-4487
-2427
5175
261
4395
2728
-5686
-2637
-1159
-517
4043
-1896
-265
-2681
213
693
1660
2499
2218
-920
-3562
-3726
-494
519
-3144
3990
-5775
-8611
-3063
-2814
6279
64
-1033
6756
-3471
-2850
-7814
6752
-2979
-9400
-4504
83
400
4438
-1185
1409
-2618
3237
-1947
1425
490
-3489
172
-3625
2225
5599
-2698
2661
-7345
-5555
-2999
-749
-4663
2356
-7183
-1090
4761
1749
6951
-4079
-3582
1493
-2125
6900
-402
-1445
3231
0
-1266
4155
-4440
-922
-1865
74
8360
5493
1924
-5338
-2763
-3969
-3864
-2790
7216
7023
-6406
-7388
268
1920
57
-966
2714
-5201
-3952
676
2999
3039
-1301
-3174
-3312
7211
2161
-561
2004
-1328
-1194
-5036
886
3026
-2544
-5858
-3126
-2112
-5835
-1097
-1097
-1339
-921
-8709
1051
5722
3695
-1932
7092
1835
1407
347
-288
-3226
5853
-5095
-5613
-2693
-1281
557
4501
3441
-4691
-1886
4604
-4878
-689
2298
-29
-1043
-38
-2725
1229
-497
-2110
-752
-3288
5809
5432
3269
-5949
5197
4517
910
1973
2222
1431
-917
3184
1412
-3548
5120
752
1540
689
173
1963
-5568
2627
2894
2861
6631
3903
-1635
-3326
-6891
-2251
-6818
-4534
7386
9656
-1837
-1791
4864
5592
3856
-2707
-2838
3063
5805
-3372
3320
883
1099
50
-1606
5109
-4730
4900
-4887
-810
7742
-2533
546
-858
2206
-3312
-4016
3091
-877
4949
6514
4120
223
5293
-951
3396
-6361
-4923
4472
967
-3286
-2722
-573
-1047
987
3281
719
444
3311
4630
6489
-3207
2090
-3468
2221
-775
422
-6224
701
-4422
198
6199
-4233
-5059
365
-685
5054
2199
195
-274
5543
-5530
6855
-7705
788
-517
4230
1852
-4098
7092
-6578
2194
-221
-4381
7267
-7874
383
3304
1069
5508
2540
1021
5376
8019
3946
273
7090
5314
-177
-3542
985
7062
-779
640
-5424
-1054
6531
834
-5541
-3634
-1465
-5692
-649
5197
-1319
2948
-1047
687
-1678
376
-2535
4136
7423
2637
-1504
-1084
-7278
2579
-2440
2975
3620
2964
-4426
-5510
4177
-6356
-1331
4545
-4879
-423
-3368
-7854
-669
-98
496
-8825
-160
3802
2718
2063
-145
9287
1984
4603
-2505
4221
-7314
-4066
-1272
-5565
4655
1199
-783
841
-1199
-4791
581
-5155
405
1278
-1388
-7121
3164
2918
1020
-3628
7116
-6947
-1562
244
-1208
5608
1598
6841
-2295
2319
-982
3495
2348
983
-8140
3540
-4991
-7915
2482
1493
659
-3383
-184
-2171
1610
-5110
3126
836
169
6497
-4675
3010
-3873
5331
-1132
8578
-4786
-4188
-2606
-5512
-2270
833
4190
7841
-3776
7602
-7274
1516
-6437
-727
3963
-4472
6338
-4358
-476
4323
-4273
1763
3095
2592
2348
-871
9173
2798
-292
4398
3020
-1680
-3043
-589
-1296
-415
-1334
5115
-3921
-2497
488
-1029
-2906
1165
-6101
2275
-54
2029
2907
-5058
-2038
-1928
-2862
-2499
5363
-1338
-1141
-2425
260
-1315
5747
-5254
-83
45
-4906
-7361
-1010
-1816
-510
9396
-5136
-5854
1208
2548
505
2430
8289
2546
-4131
1850
5277
681
3134
5053
-2081
1788
-2081
6023
3223
1998
-1180
205
5541
-4041
3629
5543
-1441
-3580
-2677
-4097
-5650
1733
-4817
578
-4566
-3637
4155
177
467
2494
2852
-2756
-8372
4503
-5483
-2889
-3528
-9299
2894
2482
-4053
-2565
4360
-6054
-5267
6327
-3418
-8724
-1250
-5532
3273
-4348
1464
1107
1223
-2379
-258
3900
-4182
-1132
-6492
-1169
-3231
-579
-1439
-7121
-463
-3873
2123
16
2926
-3622
-2781
2119
2894
7857
2513
-2911
4775
-2923
2859
-1802
-603
8027
-3912
-294
6295
67
-340
20
6303
3688
4987
-5391
-1383
3749
2477
-4038
363
-3943
1208
7975
2639
4816
-5784
2448
-1651
-206
-7649
-4862
-4765
-4149
-2288
-3899
1852
-7754
2823
1446
2314
-3775
-3193
7363
-8718
-869
5656
3180
-2953
-573
887
-4937
-2971
677
-2884
8764
-5665
1227
2961
6666
-8645
0
1751
-6415
4296
-3976
-1335
348
1829
1562
-1494
-6990
-2331
-3889
2764
1986
-2249
4716
-1957
-2193
3489
2511
3870
1103
-1223
-2716
-5290
4856
-1944
-1855
-5737
-3066
1976
962
-1365
-256
2183
-4084
-686
6743
-4869
7116
3509
8828
2890
1524
-4126
5307
2635
1241
-1200
7079
-3795
6852
-1090
-3135
-6650
4695
2938
-2612
-6332
-326
2928
0
1684
-6252
3092
-1622
4008
172
2649
4184
-1327
-7055
2463
-9725
7126
9214
-2509
-2221
-3318
2599
7559
-4105
4836
7383
-2516
-2562
-6110
1781
-5888
9648
-3510
9578
6401
572
-7113
-398
3021
-3617
7780
2819
2721
-2411
2801
1852
1289
-345
-7016
-394
-1293
0
-2122
-2183
-7985
-4894
-4950
-7522
-2619
119
-5102
-7079
-2295
4452
6023
9242
-6145
8362
7356
3917
-339
-1526
-5391
1118
6266
1053
-4100
5952
4211
-4449
1679
3495
4564
3226
2718
8130
-1951
-2757
2307
4369
3111
1079
-1825
-4625
6185
3800
-9232
-8190
-3389
-602
2916
-1853
-7411
5148
4786
6428
6942
885
-6622
10
4891
-4999
249
7548
-2115
-859
3339
-5403
-2327
2762
-2008
-6225
-4649
-298
8820
4068
1168
1765
2627
-3499
-4388
-3326
-7037
4925
-1034
0
-3629
-1159
-1774
-3433
-3898
-2276
-747
-545
-747
2058
2546
-7613
-6230
1237
-5653
780
-810
-2688
328
422
6665
4985
3598
3237
-7655
3134
2422
1356
6318
-8324
4224
0
6255
83
1885
-4097
-113
-1996
7660
-2205
3935
761
5623
-4620
-8761
4147
1788
8432
77
5685
-5951
-5153
93
-4715
-3679
-1948
3628
764
1446
-4974
2511
933
-9699
-7689
8015
-1175
6868
-600
1707
-807
1838
-1237
-632
-754
-4618
-8294
-5389
234
113
2833
3798
4719
2190
2833
0
-96
-3559
-2126
-3549
-4005
3474
8201
516
-8351
5437
9281
3180
2613
-8964
3663
-5375
4116
-120
0
3495
-5680
2650
1015
-2653
-1819
1187
305
-1902
3825
-1420
665
3005
1349
-4445
-1596
-7268
2548
728
-2926
2226
4004
4825
1790
395
2968
-5936
5478
6055
3863
-2857
-2870
-2439
2682
1888
6596
8684
-7970
-6508
-2302
885
-2823
-5781
-77
131
4682
-586
-1096
3604
-2551
689
5653
-1040
1910
-149
6052
4073
-2370
1393
-155
-7772
465
-8907
-1368
557
-762
-6261
2945
4265
5068
-210
-2778
-4863
-3812
6361
5781
-6698
4349
-6052
6549
2169
959
-5879
5105
-3673
3121
-3572
866
-4704
-575
349
4671
-2551
837
2281
-892
-4001
4042
-1353
2166
-6835
-3486
4452
6466
40
-396
4408
-2888
5102
4897
-7791
-1271
8356
-4430
-1052
-1299
-2998
512
2435
22
1114
0
2186
-2679
-6506
-5895
-500
-5087
3537
-3409
291
2374
6860
2684
-1972
1168
4249
6043
-3319
881
4359
4629
3097
-1115
930
4186
1397
-2154
3718
704
-5210
-3454
1408
-4487
-5857
4985
5092
1537
820
-1271
1122
915
-5771
503
5047
2462
2809
-1177
-3034
732
-4699
-6298
-1556
-896
7006
-5552
-2671
-2435
2894
-3283
-934
-1021
-226
3633
343
-6673
-5524
-1504
4055
-2792
-3072
-1249
-37
-2562
5357
3014
3994
6724
-1006
-4534
-7652
1711
-6835
-3703
4249
8179
8075
7904
-30
2477
-3741
-4547
-4351
568
0
-6058
4630
-2209
-4919
-3017
6038
-1412
-1345
-6506
-3021
7469
2568
-496
7514
2232
3755
-404
-6740
297
3695
-6553
184
-7597
107
2710
7718
4863
8861
2926
0
1367
-264
-2371
-1858
7124
14
4339
-145
3549
-1536
-1383
3067
5745
2318
-1454
-2368
5163
2493
2491
-8148
1842
520
8375
2596
828
-2180
3154
4090
-6862
4704
-7306
-3440
1769
-1159
136
1077
-3634
1269
-326
1400
352
-7621
-3505
-6862
817
1629
2296
4878
-7767
6992
173
4108
-345
992
5113
-4759
-1942
-6526
455
-2052
103
-2325
-5264
2116
4613
-6191
-1156
-3179
-3001
3207
6361
-1042
-5146
-1959
4434
-3219
4816
1980
-2884
-661
6651
-3467
2014
2309
-4910
2529
-236
-4362
1452
4834
-215
4166
2770
-1115
1979
-248
2659
6475
1182
-6320
8594
3424
-1420
-5043
-5849
5044
7932
-2637
886
2035
2380
6880
4938
-6858
-4537
2269
555
403
-661
6693
3432
3747
-4925
375
-3113
-3767
-4019
-2619
4839
-2843
-968
5115
1570
-67
-4341
3195
1797
-5324
6769
-3846
3128
-5449
7864
5351
-5299
9408
6310
-3154
888
2604
-1880
-4756
-609
-4326
-6762
-408
2744
8232
4090
4482
2237
-6877
-1791
3027
7048
-2425
-3929
8388
5048
-2597
2149
426
3262
946
-1238
255
-8188
-6993
-970
74
3800
-168
-826
1915
704
-5177
1439
8
3691
3287
1815
-327
-1451
3543
-2076
-5756
4252
-912
3235
2494
9253
-31
2031
-4146
-7603
-439
-2298
4786
-2855
-4305
-5254
-138
1020
-3968
-6872
-9239
4191
2513
1924
5495
-4944
-1735
-7058
1193
4257
8364
1537
5379
-1011
497
790
-3028
2941
3914
-5781
3737
8877
-553
-7294
6523
486
2240
-7320
-5538
-6492
-4098
-2814
3255
7168
8614
2340
-6416
-5531
3608
9755
1578
5213
-2716
6625
-7544
6993
4888
-221
722
3350
1922
331
38
1443
-2337
3324
1034
7825
-3989
-2664
-8302
4301
-1902
366
-2404
-6832
6687
3517
-4186
1160
8147
51
1982
-2440
-690
-4466
-1858
-1609
1252
-4837
-8737
-403
-3743
3356
1244
497
1582
4107
-3802
-380
4008
2205
2924
-5996
8052
5507
-4764
-4814
2241
-4993
-4709
-759
-4690
-2039
-5027
-3999
-1453
1035
-483
-4530
6536
-8174
2433
1873
-7617
4247
2448
1425
-9791
267
2997
1032
1914
-1414
-1276
249
5398
3510
4036
3778
748
-2031
505
6735
3279
-4280
-3228
-868
2654
-122
6561
7083
2295
3203
3629
-5817
1054
-651
107
222
5508
-3818
-825
1879
3919
5832
-3687
-5654
-5875
5852
-2563
6491
-2369
1706
4399
3470
157
-4274
-3693
-230
-2694
-4043
-6535
-3785
-2218
1562
-595
2529
196
-6460
996
454
2704
2744
-3226
3461
-1144
-7850
1091
-2184
1894
-5782
-643
2852
-5058
-6107
8508
7259
2859
4101
-1736
1992
747
-1577
723
187
2070
-1241
5706
-4944
5321
1420
-2795
-1506
-4817
1357
-4505
2686
4356
-6912
-770
213
-7705
3957
-7831
-3868
-3533
-329
3077
1339
-2044
8010
-1828
2819
-7808
-3424
-1574
1421
1282
661
-2375
-1420
-2547
5747
0
1130
-4467
-2774
3178
3154
-6925
1557
3627
575
3043
6166
905
88
570
-3144
-109
-3258
5777
-2151
-5891
5775
-9342
941
5706
2036
-1509
-483
-2652
-4287
-6985
-3615
468
-2021
-2066
165
4288
-327
971
4589
-1808
-860
1790
6836
1896
-1774
2709
557
-243
7286
-5234
3255
-2594
6989
4089
-2842
-2618
-6497
-876
4379
1494
1762
-1545
-1503
2422
-1542
-9283
165
1935
1554
-6481
2121
-1816
-3499
-3890
-7290
1864
4494
-3213
-3523
-9391
-1492
-1398
-3619
-967
-273
9852
534
2071
-5786
5946
-4765
6910
241
-4983
-3879
2229
-2097
-3424
2140
-697
208
-3862
-1115
306
-6652
-175
-1513
2306
5617
637
-7095
1746
-4626
1246
5858
-3606
-4399
4982
2005
-3201
6638
584
-1059
4904
1455
-3870
1057
-4741
611
-3199
-2809
3203
-5926
-2465
4938
2744
-1675
2186
-3286
2552
4670
-1858
-4289
-2740
386
505
6586
282
438
849
8866
-3265
8199
6008
638
-4608
-56
-3644
4786
331
1155
-9742
-4579
-1881
-2882
-4831
-5496
-463
-6361
1469
3122
1505
349
-6079
8947
-111
-396
432
6634
4470
-932
8046
-4438
48
-6065
-7818
-1683
1184
3211
-246
659
-1992
-2230
-3107
6756
6317
4592
1734
2236
1107
1406
1343
5436
-698
6256
-1061
-56
1099
3394
449
3426
-6019
-1008
4308
-226
6277
-1467
-1063
-2176
-656
440
3686
-8513
660
1384
6363
-2161
4117
2474
1100
2159
1802
2977
-128
-4359
-4604
-3665
-3174
-2028
3042
-4142
-1800
-5388
-488
2665
-3819
-1925
403
3650
-2302
-5140
7660
-2143
992
-7384
863
1014
5431
-2492
-3675
3442
2161
2368
-4139
1838
-9699
8801
-1919
-3737
8587
-6492
6437
1232
4476
6250
-4765
5966
-4073
815
-4671
-2433
7496
-3064
5550
-4579
-453
3689
613
6388
-1820
-4433
-923
-2270
-8709
-33
-7655
5857
9310
6561
-1920
-4622
-6049
-9837
2422
-1307
4442
-824
1587
-2216
-5186
3873
-879
752
-6904
1913
3233
-1581
-6038
-3044
-3395
54
4793
4768
-517
7078
3903
-2739
4559
252
3164
1786
-5662
-4787
229
2950
-4765
-4676
5706
2894
200
-1241
4184
6014
-647
-1105
3995
-4276
-3269
5868
-5977
1246
-2471
-4690
3709
-3853
-4429
-127
2023
-4505
-232
-7369
-4999
908
-542
-561
-2559
392
-2276
896
-2216
674
-5345
-2967
-2077
-2734
3189
4159
521
5198
1899
-1657
7754
2502
1562
-4145
-7372
420
5140
0
-2342
-577
352
1819
2317
664
416
4657
-6730
-209
2813
24
-2521
-3608
-2860
673
1394
-2854
3279
-807
-2328
2521
-954
-2533
2721
-4193
-5136
622
-1554
2092
-2041
-4914
3449
-3639
-3172
1494
-5590
-5171
5023
-3495
4148
-8
-3681
4856
2291
6471
-7947
1679
8247
4136
-4902
4527
1184
60
-2499
-6325
-1334
376
489
-647
-637
394
-1594
-6058
3237
-5750
4287
-252
6666
2346
-1775
-6679
-1312
512
-1209
-884
-4819
-256
6497
-9178
-1101
2854
3982
3293
2882
7079
-7566
-1798
-624
-2855
1762
-1205
6858
-4326
3842
6545
4449
5614
-6722
1845
2183
2932
-1454
0
1153
8321
-4078
-459
-1082
976
-3508
5354
6557
4017
1141
-3873
7099
3036
4911
-7072
5234
-2381
-370
4683
-4491
-1637
6572
-1180
-6836
-2565
9245
3494
-1707
2196
-2760
-1346
1122
1384
4332
-5806
3536
6726
8644
53
-4599
-1011
-5127
3037
2934
-7551
-2924
-760
-71
-3222
5677
3468
699
-6896
343
-3183
7518
-654
493
-3936
4039
-4601
-1959
-7816
-7284
-1668
-5853
-1434
-3671
7201
8309
-3844
5555
-670
-3517
-6980
-5833
-7885
3919
2859
-3184
-4800
-4145
-577
2527
3820
-2577
5040
1417
-4377
371
-4089
2841
2640
-1429
-3933
711
4192
-7251
-3631
-7981
-2728
-2288
-519
6945
-881
1399
4950
-6567
5385
-2800
-1438
-3925
-1613
-1810
9058
-2502
-2711
4547
1256
493
-5055
6583
-6107
1912
-2686
3473
-71
4094
8192
-3477
-4113
-9102
-7543
-4897
3776
122
4847
-1363
731
-2758
7851
-449
-4251
5080
-7493
-5234
2539
-9331
-8285
2192
821
3521
3217
-421
222
-786
7363
5722
-8543
3246
4051
5382
4472
5221
7827
-4585
2425
241
-1907
3154
-750
690
3002
-2856
3575
-156
-274
-435
3706
-1227
-525
-311
0
-6051
6419
4423
-3033
2312
-6672
1819
-1524
-1642
4299
3894
940
-3751
-6695
-4472
-3216
-6349
-3873
1522
-4007
6124
364
-5706
477
1153
-2043
1947
3950
-3792
2559
-6414
-8592
-446
-2001
6166
-491
5398
-7218
2370
-90
978
4967
-5194
3394
8234
-2397
1440
3036
-3307
-8204
2275
-3124
572
-1467
-7775
4500
1537
2066
-6976
0
-830
-5311
6088
-1948
-2842
2343
-2373
-4182
-5196
0
1092
-5252
-2876
-3846
4613
276
5401
1409
-179
1232
-2727
2135
1550
4519
-7411
1512
-42
7394
-3808
5798
-5748
5311
-2730
-1690
-5439
-3722
-4017
151
-524
1275
2402
4338
-4438
7506
-1116
-144
-4563
-2390
7953
5099
-5573
-2681
173
4464
-6314
2490
-339
4347
-3034
-1607
-1025
-5320
-4512
2508
-479
-3495
-4445
5437
-786
804
3168
-113
-322
-3618
6764
3544
295
-1076
1478
-2644
80
-3823
5189
150
5503
2308
1924
-2985
5562
4613
-2141
1491
6008
-2165
2142
-4487
-8103
1380
-3434
0
7866
837
3747
-2839
-3144
-411
1866
1922
1805
232
-1134
5623
4862
-4012
-5727
-2678
4446
-279
2408
-4359
4968
7731
-8756
5748
2941
2381
-6317
6872
6084
4682
353
3451
4252
3747
3946
-7650
-1316
-2154
1941
73
-2057
-1556
6910
-6021
4356
5004
470
8628
-332
5276
-5254
1924
-2787
3498
-1568
3382
2410
-3968
578
-4332
6693
-5952
1024
375
2551
-7415
2119
3682
2205
8203
-1155
-5095
-3501
809
-2787
-1064
-102
291
-263
3338
2811
-5487
33
2435
4117
2767
2932
-942
5463
3864
-6847
-1039
-1222
262
-1600
1020
10
3367
-6631
5472
-3943
-144
-789
2825
4074
-3260
-2027
-1345
-1407
2411
637
179
5163
8614
69
3380
-4642
-4332
6041
-1799
-4274
-4877
456
1273
5049
-1671
-7646
-5674
3478
-3181
-611
1835
-457
7558
6743
5145
-2602
-3998
2447
542
-541
-6161
7382
3551
-5933
-5816
-7012
-5602
2042
-3860
-6175
935
6497
3797
709
1738
-1074
-4697
3195
2182
713
5982
3030
-4584
-4325
2225
-3124
1449
-5772
-5660
-5127
409
2289
-3143
-4711
-4496
-4444
-5797
-4909
-3322
976
-4133
-7588
7226
-1716
-1996
4200
-2413
7023
8670
-217
-717
-5724
-925
7571
0
-8314
-2385
2337
1193
2816
-3319
-7789
-5119
-9166
-6672
-2637
1614
4882
-266
7786
353
5974
264
2008
3734
1201
3222
2952
-7699
-3408
1059
-2892
-2509
4765
771
2477
6740
-4817
-6365
1038
12
-1877
6804
-5047
-2140
7793
-7411
4821
1355
7415
-2439
-2677
-1419
-4312
7587
-2803
-8854
-195
-3921
4745
-953
3911
5265
-3426
-2499
5487
-1760
158
5100
-9071
4076
-6087
-8288
5249
9287
-2068
-3007
502
3449
5485
577
-5370
-4067
3281
1581
-7553
-4180
362
-8192
1297
2574
2316
-5596
-8072
7786
5647
7582
1530
-1074
5568
-2315
6559
2118
0
3097
-656
-661
3356
30
2239
-5646
5227
3329
-6668
-3229
-2158
1277
422
3311
-3991
5756
8864
4482
-7062
-5541
-810
-347
2216
1272
-4279
302
-3336
1661
582
-954
-493
901
3195
-2507
1351
-4809
4853
3134
5503
-4216
5637
-2855
706
-3837
1544
8543
2101
-2221
-2273
4786
-72
2694
-1542
-1088
-3262
2979
-830
4906
-1850
-3226
-1236
4464
-965
-2526
3356
1535
-2895
2028
3453
-3884
5077
-745
272
-1536
-4277
6115
1301
-459
9619
4218
8375
-4292
1636
4492
837
-7841
-793
2508
7658
7642
2476
144
3911
6806
-8230
-4013
1968
3470
833
3150
544
571
1072
-5620
-605
-705
359
-3611
-269
-1565
-420
8338
-3566
-2289
7147
3917
3470
-2011
-455
-1085
-4787
3286
3234
-3096
-2194
-5102
-6187
3474
-2670
2189
-2689
-1930
-943
-661
1497
-547
-3406
550
1117
-1252
-1503
3135
-4783
6204
7842
6866
-3561
-725
0
-3007
3588
555
-6885
-8078
-2125
1438
-1237
1384
3069
981
3706
6578
-2084
1553
1905
6768
-2367
-2688
-3991
-2796
-7139
5385
-482
665
-89
-2628
1279
3644
3171
5168
4669
-5607
1205
6184
471
3879
6062
6279
5095
3257
-3281
2042
203
6365
153
-6661
1034
-3941
272
6495
6013
-1150
3899
3860
-6700
-426
-3343
-7
-3187
3021
1296
-5445
-5949
-4019
2306
623
-875
-5503
-3899
-6044
-1290
2594
7991
-2943
-4073
-6699
-6852
-5512
1630
-2442
2654
-4604
2685
479
-3437
6136
237
-1362
-1874
8483
945
4264
300
7385
2340
900
-5192
569
-2738
769
-2021
-2667
3213
-228
-1675
4891
-3106
-957
-2307
0
-869
3097
1472
-6696
-67
-672
4611
-4973
4794
2554
1540
-3283
1333
-4441
2379
1940
3970
-2058
5148
8263
2051
-1405
2867
6092
-5375
1889
-6376
-8
5147
1709
-6370
1762
-6381
2636
2984
2671
-4084
-5096
-1041
195
-2161
-643
-4327
-3403
-6225
4470
744
7421
-4559
6981
-1125
4116
327
1879
47
21
265
477
6107
-3817
4585
819
-6192
-2062
4330
2077
-3289
8406
-4221
-6546
4843
-8242
-4235
-220
-943
-4385
1921
1674
3067
0
800
3156
3032
705
6007
-294
358
-6142
-7379
-5229
-5637
-1987
503
-3440
-317
-1603
-1045
962
-4341
-457
7500
7167
9578
1852
-2371
-3091
-1047
5904
4488
-3091
2678
-130
7392
3184
8374
3185
-1501
-3657
-3830
-8363
-9643
3338
6251
-515
-3131
5637
-5552
-2311
-3134
-239
2852
-4175
8666
5019
5804
1969
-6872
4798
-2905
4906
-1659
614
-32
828
1568
-1460
-1406
1506
-3290
6897
-1617
-4036
1784
-4732
-8904
3010
5451
5766
-2673
-8427
2827
6719
3508
2226
3425
6091
355
1867
2034
-2825
-3775
-954
213
-7822
-1513
-830
3779
-622
-5191
5277
1238
6418
-1237
-6191
1118
-6187
995
-6749
1853
303
-1242
-818
-4569
-4463
3927
-3423
-2562
-814
1070
5371
-6236
-1281
502
-1158
-3835
1161
5202
4264
937
-7181
-999
-1187
6246
-6085
-4962
-3288
909
7788
6740
4405
1875
-4169
-5680
-8669
3228
404
1968
-1003
1616
-593
-5305
4782
6111
4008
3003
-2901
4999
-5382
4583
-1409
1536
2741
5234
480
-826
1920
5329
946
2059
3564
6124
-5683
1339
2029
7772
2928
3153
3077
-3981
2918
-1785
-9805
2999
-495
2075
2462
7363
-3099
3509
-658
1966
3689
-5543
-782
-2008
-2251
-2620
1000
1062
-3124
-150
-3945
-2415
9352
-2634
4744
5936
763
-839
-3372
-6323
328
4149
-957
-3171
7540
5066
2712
-1932
5
8494
-2183
-4164
910
6501
747
1684
611
249
2411
-3132
-4043
3933
3958
3871
1890
3174
2916
-2302
-1783
656
-529
-3082
-2672
262
-2216
1605
-7981
-4569
-1295
-1496
-2619
0
2314
4063
4373
-5612
229
-124
-2866
-6526
747
2161
1241
280
-1668
-3426
-1458
-7739
-7
2010
-3941
-861
2963
-2302
-3120
-1506
-1256
-4726
1956
-53
4997
4663
-3398
2118
1900
2308
-3878
6349
-910
-2499
-6216
-2279
177
3755
-1108
-8722
-6407
1475
7951
-1806
2920
-2571
-6353
-2311
-3619
8299
-6462
3121
-439
-5310
84
2771
-7857
-1666
4157
1692
922
3340
1451
-1737
-1249
-122
-1290
-7480
-268
9344
-8887
-1783
2861
-3499
3059
9062
-831
1138
3659
8278
-5490
-1192
-3421
-1383
-5442
473
-901
-877
-2918
-1237
2811
-6396
-317
-154
2653
-8336
-2100
50
-6555
6304
-2131
1020
-6445
2629
4062
6658
7765
-8007
-2611
-44
981
-1951
-4007
1660
-3290
-2787
-2171
-5208
3728
-4110
1599
-2603
5428
2232
-6304
999
-562
3363
406
3528
-7536
4151
-83
-3015
2949
-6840
-1573
-1408
-1460
-9725
-8190
-656
6343
-1629
3003
1510
7216
5543
-2515
1042
-4626
-5964
5377
4224
5986
608
-5196
-2510
6344
-2378
3748
-5573
-2724
683
5444
-2994
3491
-6115
-4178
-376
-3466
-3286
119
0
1241
4017
957
2810
477
5159
1104
2640
-7609
2548
1072
-6535
-2435
6290
4921
-8112
2333
-1066
-8386
6266
6022
3039
2854
6340
-8373
4504
-2868
1710
-7260
-8048
-2953
45
-2161
-8172
-2145
-7027
-4675
-4690
442
2695
527
-7514
-4465
3946
-736
4109
-6436
886
-3614
-156
-2210
3557
249
3650
-1386
-7012
-1164
-4890
2772
1195
-1073
-1495
-7088
-415
4888
1149
-1555
7469
-2534
1343
2256
2722
3259
-1063
-1769
-6021
5761
-6317
1602
-7435
7450
-6307
1760
0
2069
879
2221
-2551
2674
634
-5090
602
876
0
1182
6984
-9166
-515
-3065
4043
4144
-2045
793
894
820
-6850
1408
-4428
1673
-176
723
-1392
182
1606
4147
-353
-6021
4140
558
2184
1002
-3477
-1348
6839
-2449
18
14
3166
4221
-2716
502
648
7167
-12
1413
-3873
-6490
-4055
-6156
-7560
-3655
1395
-1723
-429
-1013
-8530
-6748
-666
3813
832
-5042
-1504
-9816
-800
2118
6190
-1018
-5979
3728
-119
-4923
-6113
3398
-223
-1674
-3508
3542
-1695
8026
2268
1653
588
1728
4863
747
-314
5012
-7749
713
-4508
1428
2327
837
-453
-5692
-4573
-814
-3287
5766
7669
3935
-2350
4689
3176
1558
-2644
-3111
-5592
-877
-1000
4278
5557
-2328
-3179
-457
2469
5951
-996
2214
1183
-1120
-2853
1446
8543
-1200
-3321
-912
2343
896
-822
-68
-5058
3950
2932
-2760
1988
459
-313
-4345
782
-2534
2704
-3488
-1707
8161
-2066
-1383
-71
-5997
-469
-301
-1658
1925
-1906
-2538
-8713
-3521
1178
3544
-7151
6613
-2117
6139
1269
-1368
3762
0
-6113
-3721
-1897
802
565
-7069
928
-3789
-1946
-3649
-3468
-631
-1522
-5208
8239
-983
-1838
2102
-1412
-4334
-268
2257
-3320
5685
999
4449
6523
-3405
-1312
-615
-2501
6246
-1928
879
-1592
3907
3562
-3368
-24
-5052
4036
-2325
-2613
-2980
454
-6398
-2543
1377
2767
1257
2931
2198
1773
-115
-2609
4270
-124
5752
-3275
-3702
1959
3689
-4054
-466
-2688
-6739
6076
-2235
-6085
-3270
-1725
3843
5273
-228
6107
-3695
-958
-128
1255
1636
-1562
2333
-8997
1699
196
5776
-3533
665
456
-2809
-5938
-5962
85
2081
-2993
3013
99
-313
-3382
2436
-30
2685
4689
-4151
1352
7905
6011
2386
-573
5343
-7681
1867
4765
406
4265
-1538
6518
1895
-3543
-3416
-468
-5164
-2760
2298
3080
-8155
2911
4441
-265
-2736
2343
2917
-6745
1420
7642
68
692
2306
-1546
1604
5783
1948
8299
-881
-2539
3825
4231
1888
3638
2190
2135
-2046
-3504
5139
3226
-3472
4650
-2306
4285
-1935
-9747
3991
-2911
-2592
-2984
6735
1714
-424
-4292
-6264
711
2213
-3130
-9725
874
4388
5008
-1359
6133
2508
-782
2872
-1227
2748
-4644
-971
728
3458
3475
7946
5614
704
5997
-4576
896
-4607
1294
1514
2629
-7075
-5618
-289
-7994
-1280
-5962
-2613
-236
-228
-1041
-3338
-4645
1681
-1253
-514
-631
1242
-3569
1902
-5065
-1111
-1878
2931
-7579
-7770
-798
4007
-2559
-3566
6825
3831
3546
-1282
7784
-4641
-2476
8543
-2743
-3619
7500
2753
-3467
-3247
-2145
3644
5234
-3609
1823
-2409
1911
1454
-2873
7290
-2916
4271
-706
-1634
-5786
-883
5787
2704
-1483
-5988
-5972
2879
8912
4449
-4182
-5671
-7560
-222
9622
0
3375
5234
7618
-2364
5342
460
37
-1148
5204
4668
-3029
-910
4153
1643
165
302
-1324
-2052
-2460
-227
3014
4337
-283
1881
-4108
213
-2630
-1327
-457
-868
3663
-3150
-125
-306
-3276
-7120
-4876
-6537
-3231
-3649
1042
-4360
-870
-1856
-6896
-43
-2672
-119
-3155
4107
-8443
4547
-3666
1899
-4536
1724
-6858
-3523
-5854
4396
678
1182
-4256
5343
-743
3641
1411
-1606
5069
-1840
5224
-3069
8002
-4754
-2670
-2381
5258
-390
-937
5493
3107
5062
-1208
-2546
-23
-1068
-538
1745
-313
503
2861
1982
4704
-6424
-54
-6407
-1454
-241
-2196
3089
5213
-5741
4730
300
-50
-1333
-8342
-1945
3684
-322
-2945
-4936
4978
-5477
-1536
-3130
4738
394
1310
-4675
-5287
4681
-6138
5057
-5690
-696
-3927
6540
1879
2368
-2111
1887
-2011
-2949
4927
-4341
233
1378
-3590
-6252
1355
3749
-4183
-7120
-7372
3399
-1076
3737
-414
3640
5204
-6349
5697
7355
3800
-1969
3842
0
-1181
1677
-2975
2065
1570
-5716
442
-780
4954
-1424
1881
-584
2831
0
-1052
2347
-576
-1017
-80
-9247
-432
-3174
6900
6977
-3858
1918
-4409
4085
7272
511
5752
816
3024
3936
4107
0
-5205
-1701
-2658
-4786
49
1103
2817
1120
-2154
-514
5040
5829
596
-7074
-7264
-896
3570
-3140
5422
4492
8780
2223
893
919
-1567
3875
-4122
-4893
856
2370
7899
-1968
-1915
913
-6252
-36
832
-2555
1800
4017
-7455
-8323
-1782
-5595
-5367
4514
-8658
2049
-3911
5449
1590
-1679
1077
-5247
5234
1225
5733
747
-3298
1781
-3233
8233
4611
415
3098
2866
2604
5613
-5804
-3619
8508
2225
1261
-2503
-4729
-2692
-5065
-6553
2995
-4204
-1059
6435
-4204
1290
-4922
-5164
-1242
2048
-2659
-6495
3685
-3346
3817
2155
1735
1533
3800
3749
3779
-1600
1279
3483
-1006
722
2760
-7993
4699
-739
1705
7185
-4506
-1199
9710
-2033
3549
3500
5400
9090
1250
-4444
1125
1758
-861
-3489
-6396
3052
27
-3394
-2570
-5333
-1365
7086
6430
-951
656
0
3995
-4538
9811
-1914
7113
5379
-2756
-742
2753
3130
-4890
4186
-4520
3084
2461
-885
2345
-2211
3431
-1628
2821
939
-2571
-5915
-3819
4740
1727
-1197
-3507
7137
2192
-7294
-199
937
-1579
1485
-2306
-2252
2547
4764
3899
0
-2855
-4641
-2754
599
-812
6557
-749
-390
6927
-1675
9059
6057
-5837
5113
1749
3470
-2802
3778
-3515
-5942
3470
-2308
7551
-6113
-3090
-1679
1048
-7937
4923
-566
3879
-6601
-4951
2313
3069
4276
4721
-8863
-1346
743
1482
-2518
2910
4566
-7650
-4010
6875
3190
222
1731
3013
-5571
542
-3661
2885
4293
-5555
1233
2529
-3394
6824
272
-2911
-4254
-6971
4115
1278
1670
-3585
-1155
4278
7610
924
490
1024
4338
305
-1496
4431
-545
-323
-4661
-3409
-4656
528
-4003
-7597
0
-3522
-422
-1070
5212
1444
-3473
-3656
-1276
2541
1034
-3550
960
-2050
985
-4928
-8198
-6979
-1154
2701
2563
6758
3482
-2293
5170
-2388
-284
6367
-4479
549
8755
1474
4540
-3488
-783
-1583
-5939
-4754
1888
1558
-218
-5511
14
1590
-5702
-1586
1955
-684
4252
-654
-2967
6959
1636
-5607
-2907
2635
5969
6706
-6452
-4618
-594
-7107
-936
5247
-2845
2750
7450
-9239
1562
6961
1130
1158
1133
2734
3181
7296
4908
-1901
2904
8409
-6568
-197
4075
-490
908
463
-540
185
103
2536
-1334
-5485
8063
3741
4614
3024
-1350
-8627
317
-6163
-4873
616
-6436
-3567
-198
4613
3242
-1492
2020
-1582
4522
-9333
-2624
600
4223
581
-1803
5624
-6994
3497
-3557
5261
2846
-4894
867
1472
3147
-1409
4557
-1671
-6972
2665
1780
4276
-2116
-2155
908
7765
-3473
-2710
-1266
-126
-8848
-3539
650
-609
675
-2220
-3295
4763
-4764
-4633
2508
929
-1920
2566
1735
58
7788
4472
-4428
1793
-1277
1263
-3804
-3581
-3792
-3998
-6484
6332
-5781
-201
-3679
817
-1028
4645
608
-1943
-2709
2393
-1159
-1014
3798
6753
-5610
-3495
2954
1505
-1999
-4376
1395
7147
4402
1523
476
-8645
2956
-97
874
-1895
-4010
4525
359
-3999
2928
8241
-1419
-964
4547
0
2880
-1511
-189
2131
1081
4821
564
-389
-235
-771
-1727
7506
-4152
1832
2229
4464
-1049
-8281
-363
-3834
1790
-8250
4259
-6382
-2577
-1296
3432
-968
-3743
5496
-6492
2241
-2850
-616
4987
-1963
-4334
-2298
3495
7272
-371
-4807
-982
8364
5341
1022
7952
-4013
-3926
-4794
-7034
1646
-1544
-3562
0
2182
-6953
-4131
1083
-871
7079
8232
1649
7892
-2286
1447
-3258
4139
-1266
-1299
-666
-2938
1371
-3656
223
3323
-150
3272
2196
3595
-5854
2067
-1405
4881
5197
-3986
5777
-2687
927
-3327
5898
-5680
-2855
-820
-1298
570
2511
-777
-867
145
528
3191
1228
2343
5722
-4213
-6167
-9250
-7353
-2587
-2827
3528
-191
3470
-4183
-8400
-2115
5794
2119
6845
2686
1848
894
1134
-2655
-1568
4693
5777
9356
-5375
3927
-5626
1232
753
-1543
-1972
-1194
908
5321
-830
6448
2674
3074
756
302
705
6900
1994
5775
-227
-6321
-2044
-7364
34
1426
-1097
-7601
-8770
2012
-5761
671
2403
4765
187
-2072
-1777
-2238
-1147
423
-3254
5327
1628
2918
3314
-4279
-918
3747
-3559
1122
2667
-5958
1242
7878
-8011
637
-3077
-2368
1410
-5149
1351
-1898
-1811
-6414
-5107
-281
-3663
2196
2563
5974
6892
154
-5979
2199
-1511
1209
-244
-1791
5704
-1886
2933
-1616
4360
-1194
-3814
905
7250
5923
5048
3771
6693
2903
1890
3850
-790
-7760
3080
364
3075
1193
-431
2206
-5650
3395
-1225
1441
6295
6450
-2388
-1014
2059
2986
4721
-5397
-5472
-6042
-498
-6988
5168
-938
2413
4704
-6438
-2873
-960
-4724
-2324
-3087
2906
99
4682
-6912
-3742
-3392
2727
-7655
-666
585
7518
-559
6690
-466
1193
2262
5044
-1381
2040
3737
-6481
1548
1695
1743
-113
-236
4811
-6118
-4704
2133
120
1685
268
-769
3190
3327
3158
1273
-2145
-2524
-2545
-2505
2534
-5211
-1097
-1173
-3211
5035
-5180
-1840
8375
-2915
-3093
-2780
-8904
-2975
428
-2862
967
-4528
-5726
4900
3725
-3683
-3616
-8354
0
1781
-3359
-2674
-1153
3546
3765
-3300
-5888
-725
3482
-483
2382
-4005
5493
-4376
-658
4941
-1281
-996
4854
4272
1456
4023
2317
1852
-4004
4721
-5615
-5205
-254
6900
9322
-6682
49
-953
5464
-4633
864
-7548
1647
6634
-3003
1933
565
-9287
6029
3620
-945
3992
6311
7099
-6974
-262
1858
-1992
4292
3864
4265
-1219
0
3747
-3067
6683
5763
1133
533
1283
-4381
4379
2069
4722
-412
2719
1447
-858
-6260
-3580
7013
-4741
2570
-1736
-5640
-4832
-4277
3387
-674
-398
8433
-1666
-5496
-443
1342
-2531
-8046
2743
-457
-6390
5067
-7865
5444
1753
3112
-977
-1960
1730
-3473
-5462
4651
-1558
3857
-5610
5163
-2217
-1559
-3616
-2463
-1979
-1458
4891
301
-4675
1395
6904
4429
7093
6191
-1496
9207
-5190
2636
523
131
2449
554
-639
2621
5982
-392
3629
-1887
386
-3696
5565
-4098
914
5781
3131
8670
-433
2941
-2073
3811
-1363
-2024
6323
4145
-763
2920
-5196
-656
-537
5961
-6288
-378
-3470
1810
-2009
-3851
2857
1214
586
-1457
3573
5617
2314
-3072
3016
-2999
-2229
-5051
2212
3152
-5650
-4520
-2829
-314
2306
1485
-6436
5756
-377
-5971
6447
0
662
2993
3820
869
1992
-464
-5978
8049
2557
-652
-4786
4158
3110
5306
-1642
-3326
1967
-5368
-292
4715
1676
1941
-788
-2116
-4346
3506
1271
-3070
-5140
-1020
903
-4712
-2650
-2221
9396
3641
-3281
8538
-4446
-2497
1783
-8133
-4246
-8103
-1312
1356
-4850
-943
699
-1832
8511
6065
-5989
444
6634
661
705
-5439
2999
-3583
-2307
7719
-2598
-4614
5075
1054
2954
-1595
157
359
222
-7401
4190
-3371
1299
-379
5038
9763
-1678
-5879
4058
1835
5136
-923
404
50
3519
-6706
-4287
2326
-5522
3214
6982
-2849
-5542
-3750
-7722
-3569
-2220
-1613
-669
-961
-2667
6607
-470
-5863
-3199
1554
3181
-3742
9084
3037
0
6571
-745
2222
1500
-4527
-2245
6792
-8621
-626
-5462
699
604
-2125
2888
-2505
3376
1159
-7611
4953
6042
4793
4877
811
1211
-2740
291
-7016
-4134
-1683
6651
2554
1493
-508
4441
3928
-3017
-566
-7269
-3389
-365
2241
-2916
-3549
4260
-3968
-2505
3812
-888
-499
-2507
-4917
-6010
644
-4894
-983
-4687
-608
-8707
1407
-2850
2370
-571
1721
7023
276
-9068
-1665
-4568
-4041
92
2211
-2435
-3344
4139
822
-7770
5053
-712
-3755
-7246
-2150
660
-5688
4328
-2695
-15
-3267
8571
1623
-4397
-83
-2060
-3724
-1915
2214
-7418
2730
718
6583
-2115
7007
-1362
-1828
-1290
-3619
5270
-6772
-1755
-465
27
-3795
-2070
-836
-63
-3207
-88
-3226
-2698
1302
-2306
7152
-4441
-1737
-2380
-4791
774
6078
192
3134
2511
2934
2548
-2187
1738
5065
-4787
3165
-432
8556
1193
3198
-2192
3524
3286
3132
2422
-1017
2729
-7636
5289
-3925
2848
-8136
460
8203
4450
4963
2015
4075
2361
-7231
-7822
509
-1016
-4961
-2390
-411
-6859
-746
8543
1662
-6053
-2165
-185
1000
-121
3774
6021
-1577
6952
-2208
3678
-156
1758
4866
-5772
648
-84
-4328
-861
3528
-2918
-7040
-4581
-1536
8194
6165
2358
-3227
-3585
-1554
-5284
-8569
1912
-4142
-1299
1037
497
3793
-5730
5372
766
-7307
-7380
3094
-3792
-4416
6401
-9615
-4550
1071
4163
-3000
4856
1982
-809
4421
-1220
4867
3189
-814
-5940
2906
-339
1349
-3606
430
-2100
120
864
2548
-2049
2528
-3929
-2466
505
5769
-3530
-6835
4441
1495
-4454
-362
-3237
-1372
0
271
-3689
1992
-849
-3757
-6498
7837
-7268
-976
-8230
2674
-6988
6728
-2097
5732
-2737
3653
-6122
-1213
-4346
402
-4642
2665
-7502
-151
8388
-3416
2262
-8378
2358
-3611
-3761
-6638
-2672
-2224
-1278
217
-1834
-2999
-415
6900
-745
-3782
3560
-1027
-4388
3167
879
602
-4046
912
-1553
34
2829
88
-6605
-6407
1150
2887
-192
7800
-1651
0
-3921
-4375
-8152
3946
938
-5621
-1654
-8858
-972
-2065
-3953
1087
3034
-7741
3695
-375
259
-982
-5092
1438
-2487
959
8846
2957
-2325
-6322
-1840
-1544
-3163
-5424
-2254
728
3904
3678
-92
2795
-1460
1420
-1222
-1539
3209
253
-3456
-403
-7345
8247
2184
-5625
1243
6753
-1187
-6299
7798
1407
3154
-6832
4087
-7627
-2672
-6243
-719
7206
-4786
6516
667
-5333
3230
0
-740
-2845
-1621
2872
1719
-2928
-6365
963
4240
3585
6338
-1833
455
1925
-3787
-2171
6043
4193
1668
-1827
-98
-1180
-9004
4046
-5126
-5585
-8296
-2882
-5837
-64
-2195
1880
2131
-6120
-6102
569
-2851
1090
-8246
-278
-1524
-2823
5039
-1318
302
7078
2496
2182
6133
-3421
-7061
1482
-1213
5432
-7949
-2232
5224
-666
2708
-1725
-6727
1148
-4328
-5847
1000
-7942
-1711
-270
5343
2766
6577
-5150
5395
-1373
946
-6101
3091
7414
-423
-865
-5232
1819
1357
3152
6690
-1255
5791
-1050
-7907
7587
-5734
1456
-1144
-2916
2546
4835
-1424
7695
-2175
-2128
-4099
1948
5596
2715
122
-2145
6501
-6554
-661
3118
1814
-5801
-36
-6594
-1902
2058
1349
-727
3363
7413
-1447
2050
-4834
-3747
1534
-401
4155
-3657
-6298
6365
438
-353
542
5341
2860
-3863
3843
-18
-657
4198
-4367
6858
-505
-215
755
-1768
0
1468
1902
4503
-3268
-612
-7020
-2168
-2521
-5130
-1473
5109
4645
1258
-1069
1802
7565
-5988
-2388
2785
2431
-317
-3988
-589
-3221
-4334
2914
-624
1436
-4164
-1937
1621
-3234
-566
833
4480
-2949
2260
3634
-1308
-5199
-6115
48
-236
2801
6568
-2134
1164
-2006
-4679
-5525
-1180
-36
-4607
-4759
91
-1809
-586
1720
844
943
3877
-1600
3798
5420
3348
-686
5019
-3426
2274
-1782
-499
-2614
2801
-1351
-1478
2669
-3114
1252
1560
-2798
-1086
4727
-3290
-4417
-2011
5374
1181
-964
2849
4793
2242
3879
4388
999
5013
-8260
4002
-6765
-3067
7137
-3102
2650
1248
-914
5441
-4681
6161
4
4233
3796
2605
517
-511
-120
-636
-2923
1302
1828
-3583
-7816
1363
-9120
1316
3532
91
-9758
-2738
4218
-2558
690
-4834
1209
3650
-4151
-1150
0
-2569
-4078
-1777
1148
-7555
-3481
-5572
-1171
-4385
-3499
-6938
4560
-4557
-1587
-6314
-4781
-221
-3323
-1353
-3372
-2908
5234
-2704
-2189
1705
7382
2860
-3124
3848
-432
-2681
4089
-1184
3329
-7756
2889
5228
-3883
3870
531
1223
1523
5141
-1679
5517
611
-4924
675
-6236
-8386
5974
5200
1499
-3655
-2974
-62
-3611
3995
3889
-3871
1024
73
-5956
2393
-3790
1119
-4487
1319
3137
9408
532
-875
-1617
-6299
-678
5452
1470
-4911
-1567
-476
1438
887
-3174
-5922
4655
6939
-672
-2435
-111
1395
-1103
622
4008
5879
4564
8854
-6131
6450
-9239
-5522
1945
4120
0
4469
374
-1200
-4649
-2750
6191
-622
376
7017
195
-2584
5835
1776
-2192
3976
-1838
2833
-7785
857
-6984
2693
411
-3043
-3378
-5921
-1561
-1268
1667
3959
-5196
6000
87
-163
1312
4011
-4877
418
8356
-1220
-7572
-3279
-3183
-2
-233
-6693
503
406
-2682
1768
-782
-2828
-7805
1086
-2309
-904
-5496
-1481
7007
4190
386
-4916
1273
-3423
-2642
-5252
9214
-7136
-6570
-1832
-2764
2512
-440
-4850
-1118
8912
-587
1157
4037
6469
305
-4625
-2686
-624
4323
1034
-46
-1741
-660
-6103
2448
-3377
-2890
2251
14
-1049
3150
-5154
1903
4517
7391
4931
-1027
-1898
-1560
-5939
-3157
-1953
548
386
1624
-1495
-972
5853
747
-3541
-2253
2238
1001
-1017
-7120
-9643
-2542
-206
3165
397
6877
-6030
5917
3309
-1042
-3969
-499
1612
1982
1670
-2183
2412
7139
3269
-5146
-6729
2583
-1205
-1304
-3649
-5802
-2822
-3061
-7189
3091
-1926
3377
4197
1781
3978
-1988
-4014
5966
1691
3468
-4367
-2353
250
-7810
-958
-2399
-4010
1717
2163
-9039
5503
-6631
2829
-884
4470
-2743
1793
-341
5421
2823
-989
-5240
5384
-2312
4476
4923
-7907
3860
2040
-3067
1065
3367
-3585
-8555
-3319
5226
2295
-3043
-1920
1448
4758
-3229
5273
4331
-7970
2094
1838
5548
-2502
-991
-1177
-5436
7951
-2538
-3578
-1674
-1499
337
815
6597
-3705
-7029
-7816
1205
1137
2104
-3561
877
1740
1715
-4918
1890
3077
2085
-1740
966
-3461
180
1929
-3254
2418
-1059
-27
2527
1629
-627
762
-7582
-658
-2105
6638
50
-6762
3486
-2429
560
762
4224
-1617
-708
-1391
-4541
2036
-3803
1698
-3251
-3854
-2044
5665
962
-1169
-4956
-4247
728
3442
1436
-2772
4850
2036
-9097
6256
4766
2300
1395
7593
1849
4512
-1808
-6946
-2306
4987
229
-2085
-817
-4031
974
-679
-4274
-3154
397
2165
-3321
8085
6499
-875
4371
352
5045
-4089
59
-5046
-938
7364
5697
-4709
3507
1495
4533
-135
7413
-3066
-2480
-1776
-2045
1778
-3649
5110
-3021
-6336
430
1283
-2188
4773
-5835
-1499
6129
-558
3489
2314
-2606
5800
55
-345
-9742
2621
-88
-344
5055
-2145
-44
-1398
-2922
-5644
611
-8419
-1559
1487
8252
-1306
-3531
1297
-4472
-6038
2175
6245
2704
-2699
2953
939
-1999
6186
6706
-1650
870
-534
268
-4518
-6199
7135
-1149
1913
-5876
-2534
-5256
7291
6489
2308
-2558
-439
4089
-584
4663
1355
496
-437
-547
-2455
5368
-3141
1582
-5297
-4505
2247
-7218
4149
113
2912
-515
8558
0
-161
5736
6598
537
5194
4434
-5444
-2972
-6545
2830
2876
-468
187
-325
-8174
-2618
3432
7191
6892
911
-9654
5469
5109
4807
3630
4028
-7904
-184
-1095
1309
3403
-3025
-1914
-1412
4356
1706
1257
-4564
-2696
-1774
-3999
-57
2269
-4545
5823
0
-9578
7467
-7822
3029
-5743
-833
4359
-1876
931
368
-5446
3133
2319
4037
4666
1679
5386
4150
2555
5441
2534
-3661
3797
-264
-8733
-2463
-2634
-1906
2635
2993
-3036
-3399
1568
-8780
-1746
-6186
5300
2452
-6053
638
628
3223
-1307
3622
-1354
-816
1717
1420
-1288
604
3664
-383
-3206
2539
-2473
-1349
1530
-5162
-3439
-341
1949
4252
-3304
-8250
-2325
5840
-1164
2558
-4215
1913
-1145
2666
5732
4452
3006
158
591
2275
-4729
1746
318
3577
-405
-5724
-5310
-5010
-3839
-126
2650
-1
4730
0
3720
-3281
1369
-1419
6234
6161
2499
-5761
-1621
-254
-3675
3249
-3796
-1016
4532
4841
6016
-6204
-1472
-661
5790
267
-3269
-7670
-6527
687
967
-661
-47
6549
601
1685
-175
1060
-2126
-5555
1395
2630
-7066
542
-4557
1956
2140
-5706
-1583
1864
-3226
3489
-6085
-5794
4963
1749
3618
4418
2131
952
-6
5861
-2212
-4712
2187
1063
4285
-784
2029
-825
4878
-2745
-3763
-5968
-4136
-1906
6714
403
6697
-546
-140
665
-562
1162
-557
-1014
844
5669
6307
-3190
3662
-3543
6076
3540
-2672
4695
1022
135
-7806
8828
5145
6418
-3117
-5252
-2650
7968
1250
-4174
-1701
2849
2722
1107
-4021
-4341
2002
-786
-3319
6642
2166
1844
-1911
-1551
1810
5324
7618
2256
-5750
-4152
-8333
839
-4046
-2161
-7440
2197
4901
3776
8057
-3543
4202
-3281
-6863
3842
-1207
6796
-1727
-822
-2126
-2983
-4495
1811
-1804
-752
-631
-1002
-4199
-1447
-7896
-432
268
-2559
-6425
1958
4565
-2730
-5156
-1047
-1907
2541
5018
-7251
-9400
5647
-1943
-1631
-1788
2323
-1301
-4031
6053
-7637
1810
744
-2480
-8451
2343
5390
3700
7055
5377
4429
-4155
-985
-2681
6508
228
1303
-5538
-524
-12
948
1508
2594
951
2262
-1944
-5640
-2457
-4215
-3864
-5207
-191
-5596
1456
1780
-1679
3905
2663
-933
-2751
4670
-754
6956
1862
3800
4107
-2501
8691
-3328
-4797
435
1048
460
-1403
3558
202
-2306
7407
-1043
2924
-7739
7372
-6237
3222
2192
-1678
-2025
6833
-384
2047
1753
-2759
7265
-7490
-1617
7265
4639
4391
-171
2346
1393
-4213
-3303
-1974
1334
2954
8286
3154
-6115
5382
0
-2190
-491
-1778
2792
569
-2289
-344
-3631
7185
5122
2611
-468
36
-2276
-1181
-4970
2359
1923
-3583
-1785
-268
-6663
619
497
-3680
119
-4104
1694
-1276
1698
-1221
-2874
4434
-2962
2267
1109
-2154
2859
-820
-5686
3110
1160
1102
6824
7567
-2009
665
6613
972
-1420
-566
-7249
2018
7677
2095
1467
-1084
-5610
-2635
1072
-3260
232
5228
8231
149
-6804
550
-6570
3928
-2654
-4385
5161
-2221
142
-4745
1610
4561
-3827
8542
-871
782
1195
1594
0
-6662
-3009
-5382
2442
3649
2682
7669
-3509
4897
0
-2328
7147
-48
-439
1004
6852
-3763
1674
-5640
-8738
1776
-2081
4799
7567
-5063
1957
-5058
-1414
3578
-236
-2493
-4070
1720
7794
-7264
-1054
-1531
6310
-4935
4811
-8260
826
-17
3557
-7210
3589
-1759
-656
3831
1026
6959
-1454
2268
5988
826
6332
-3286
1526
-2807
-1148
-3747
1079
3903
1327
-6500
-1313
-8565
-6532
-2126
8153
6798
-1728
-2159
3229
5445
-1840
1137
-9340
616
3252
-1705
1331
6044
1514
6581
285
338
5777
628
1075
8494
-1235
-3635
3599
1967
4249
1706
6092
-257
-1777
6246
766
-2153
3964
3878
4262
1892
-4500
-1233
649
660
-3252
1237
-1640
-1675
2267
4543
-325
-4740
-1011
-8188
-3827
-4876
-7034
3894
-2603
-2577
5004
-7469
-681
2694
-4433
58
-3221
853
-4180
3903
7104
-2367
-5769
-6519
6487
-4027
-2685
-5050
-1511
4853
5481
-2427
-2030
-3941
1007
2550
-3587
343
-2406
4565
1567
8178
-2692
5262
-1887
-3433
2066
-3207
6448
-5936
4527
-6685
-239
2035
-236
-534
3010
-5693
-2929
-2250
-1526
-177
2799
-3207
1787
-1312
130
-2378
-2504
3875
-316
-4415
-1652
4925
-5325
2837
1313
2801
6029
-5333
-7069
-2070
3709
8235
-1989
-2460
2183
-1192
6951
6757
-2670
1122
-2979
-7037
-3406
1874
-2517
4173
-4395
7062
-1547
-1986
844
1606
2221
-701
994
-997
-1941
-5328
-3310
-7072
4788
-6633
3692
-2306
438
10
-3226
4736
-6148
-2343
828
2612
7837
-8900
3729
1536
-5771
2621
5736
-1331
4927
958
2342
6771
-464
-1727
-1895
820
-3440
575
-2056
4192
1505
-4433
0
-1920
2382
2611
-4367
5976
8346
3649
-1509
-3220
-2836
-954
814
-2306
7271
-7388
751
-931
4484
894
-6193
-3270
-1173
-1783
-8658
3817
-3131
1242
1042
-5397
1590
-5272
-3873
-5818
-932
7396
3931
-7072
-1543
-2288
-631
1590
-4007
-3072
-36
-1253
-1248
1803
1560
9702
-4457
-6504
0
881
-3620
-1287
2318
222
-971
6349
-8669
-1098
3350
6553
-2331
2161
2071
-3751
-170
3756
-8836
-1749
-309
-8555
-3035
-6058
408
-1571
1839
-4693
493
878
8052
3877
-7652
333
834
1677
7754
1940
-4326
3732
-3117
4950
7558
2280
-1996
2348
-2541
-30
-5333
-2294
921
-892
6036
741
-9758
4612
3512
4819
0
-2696
-4401
0
1483
-2157
-1565
-2578
-978
7666
-5983
2540
-3509
-3757
-7200
1762
1867
-1856
2300
-3569
-54
-6322
2155
-71
1581
-4134
-4584
1193
-2404
2505
1456
-224
8153
7609
-1013
-1808
-5850
-7333
-279
-686
-4675
-8030
2947
-4745
8141
1426
609
-4481
6459
-6826
2805
-3437
-781
5697
748
234
3173
-3921
5350
0
-1865
-113
7669
6231
1587
-566
1133
-5119
-7187
3011
4579
6136
8053
3100
6775
5764
-161
190
-3003
-538
2596
1317
4163
1536
2605
1861
4037
1935
9344
151
4875
-9004
503
1293
-2072
329
2069
-3323
-5731
-3940
-2839
-2858
-6570
-4644
3652
3424
416
3005
6568
6137
2298
-1521
-1266
-5595
-3474
8246
5791
-2787
6668
-1237
-67
-405
415
-1749
3326
5097
1493
1117
5977
-4201
4259
-5119
-1465
7558
-1033
-4075
-3518
1418
5151
252
-44
5382
3148
-3901
9237
2563
-4304
6508
6950
-1364
-988
-4146
-3481
1335
-4626
-4065
2397
4270
-3437
-5606
6256
1497
-33
-1321
2232
1540
638
-2483
3345
-6192
-7074
-638
1566
-1319
-1090
-8389
-425
-5451
-8592
7129
2419
1652
1460
-206
-1429
5021
-329
4108
5752
-1957
-4037
-1032
2101
527
-6131
-4016
196
-1000
2653
-1376
4919
-363
-2743
-5412
-9082
-8958
3392
4463
4083
-8513
-6994
1100
506
7780
-1776
-6271
-3201
758
5749
-394
7192
3572
-1713
-6924
7605
-5978
-1175
-2293
2777
2332
-489
8339
8360
565
-2150
-485
-5320
941
-3140
-5146
-6287
933
7826
-4313
-2350
-1693
2901
-7970
4398
3975
-2364
2293
5274
-4360
-5047
-884
116
-3528
7218
-1383
8178
497
3509
-109
8404
-45
-927
3885
-4073
8270
1822
2071
-891
2237
2134
828
4150
3013
2411
-4832
-7863
2766
-2278
-1642
-3095
3474
4231
-7636
6485
4876
-5237
4662
-3085
-522
-1307
8805
-4289
-694
2807
3476
-5435
-1589
-4508
2040
3112
3220
1553
6951
1776
-6754
-1920
-1197
-1473
4972
-3445
2885
522
6119
-656
-1557
-3199
468
-6984
-2587
-7566
-1252
4699
696
-3501
2842
-1565
-4917
8670
2275
6197
-9253
-8
372
9165
9344
-1846
533
-444
-4346
4921
-5240
632
-131
1416
-2325
2772
8211
1023
3495
0
1590
1208
5379
-3799
-5120
-713
797
0
4205
-7646
1678
1193
-5437
-201
-4199
8144
-3483
-5039
-7411
-2160
-518
273
-1400
-4148
-1289
229
1847
4048
2346
-2797
-366
-2499
-1815
-825
89
6497
-1203
-2535
163
-3236
-7110
4007
-4764
-584
-410
4927
3663
-4866
326
-5683
-2898
-8627
2540
-2346
-1596
-595
-2797
3188
-5394
4011
4223
4704
6498
3783
-898
-1960
-6520
-519
2232
-4956
-4598
-8367
-2763
-3091
390
-5979
7364
4320
4608
9853
2351
2610
-3255
-6414
407
-4823
-3294
2687
-3818
-788
-1987
7690
-2764
7567
-4098
1361
-2195
-8795
297
952
1674
1806
2333
5930
-2999
1296
-561
3650
4601
95
-7150
-1672
3326
766
-3506
135
2572
6217
-1213
-2507
-7387
3881
-3695
-1339
-1540
-330
-2739
-1690
-463
7219
-3780
3774
2805
3550
-7543
-3482
-4506
3738
-114
-3172
5476
-3874
1146
-3099
-4022
-4675
-9166
3339
-7831
1581
-4279
-2268
-7583
3040
8107
-394
-327
6860
-5699
1676
-4560
0
2200
964
-1425
474
3111
-2161
-5154
-4468
-237
3935
6007
-376
-3471
9165
5097
243
-3144
-4250
6109
4788
-909
8231
-233
-1230
-2056
-5537
1160
1122
-2084
-5852
5738
-3941
3385
-1038
-4463
-5533
-1212
5508
3976
-4869
2426
-2628
-3332
0
2148
-2495
200
-8887
681
-2688
-4105
-750
7846
5534
-2835
915
8459
1047
5058
-318
8178
-2543
-1647
-5361
-2221
1122
-1066
1484
6540
-4121
4090
-4123
7543
-515
-1699
3394
-3069
-6817
-896
-2288
243
964
-1547
-1422
-3631
-2236
-5254
-5388
824
-3925
5466
438
-1945
1077
-5629
-2791
2869
2111
881
-1909
-219
-634
5647
-1689
-5375
14
-7696
1815
5202
1286
-3325
4252
-4797
-2642
-688
7754
4987
-937
-2627
-2594
4524
-2336
-4754
1337
5354
1731
4178
3396
-6144
-3416
1801
5818
-2602
-284
1540
7394
-8756
-1699
-2652
3533
7700
7079
-991
-714
2090
-4871
-5793
2428
1444
-1355
-490
-19
-7887
-9097
1073
5400
1456
3509
5930
867
4011
1020
3968
-1676
-1313
375
318
611
-5895
9622
-6407
5660
2048
-1865
-9285
4657
3543
-1490
814
5928
-3689
-5618
0
4592
-6177
5035
3117
-5875
-648
-1010
5223
-1825
9819
-3237
-1074
432
4343
-1149
6647
608
-1144
-411
-2655
2299
-6700
-518
7835
-9272
-3228
6396
-1685
4764
7258
7452
1005
-5053
30
6061
-1978
-7349
3171
-5300
1610
3339
2042
-4180
-2716
7226
4257
2908
3579
1692
-2511
-810
2680
3413
-5080
-7522
1587
-2611
315
-2619
1975
-6740
-4388
-4319
-4607
966
-5496
4670
2513
5796
1416
-2206
6466
693
6271
-3013
6270
5790
4081
-4817
5100
-3487
-4835
4517
2694
-1432
-980
-2217
981
4811
-1874
2182
-3318
5278
5157
3304
1810
4185
-3224
-606
3836
-2192
-2838
442
-538
-2228
-4517
2635
8743
-2493
2829
871
-1678
-692
7911
8247
7326
2859
1361
-5165
2131
837
6757
1789
-9291
691
208
-6108
541
-1976
4292
1288
5327
11
743
-3735
-43
7669
6880
2378
-861
-6340
1358
5161
-5472
-3944
828
-2870
-7859
3287
2805
103
-1005
8
-120
-3206
-6718
5970
-832
-1207
8227
424
2069
-2559
-4835
9147
-8282
-1207
-5530
-9166
3042
-2722
1280
5712
5535
7126
-1187
7073
-5876
-2473
-3303
7731
1612
-1539
1637
2365
-1744
-8531
2848
828
3202
-8462
6190
2131
2615
4293
-5359
-3414
-5222
4188
1420
-712
8939
-5534
2333
-1403
-2870
3182
4882
-517
6356
112
-9065
-3029
9242
-2327
-3127
-1457
-1210
-2209
-2545
-232
-4132
5957
-1577
7787
-1963
-5926
1969
770
3365
4443
-6906
5528
5258
3653
-1777
4100
-1577
-2800
-1276
-5560
-206
2257
-422
7491
5752
-385
3619
-1148
1582
-9710
352
703
2277
-584
3190
432
-3931
2713
2256
7386
-1846
7139
3012
2536
-1838
7095
8996
7301
-765
5211
1402
-6984
2842
8571
-1977
-2817
2736
467
4130
-2633
-2606
6559
2258
4169
3632
3544
2859
6544
-661
-5854
5435
-2492
-5486
7553
-5610
-5931
-6076
3244
1397
-6877
4987
2156
-2433
-1984
4047
-1000
-3346
316
368
5340
-3925
4285
-2629
4812
-2714
-4914
-4693
-4681
2508
-5535
2336
-4142
-4881
-2658
-972
-2596
-3100
-3115
7556
-2392
6660
25
-7369
-5410
1630
-2439
3899
3166
-5662
-36
-1455
-2495
4725
-6167
609
3363
-2897
6557
948
-1361
517
3197
-3473
-7681
3361
5290
-4134
157
-1221
2058
-5958
-1910
-5036
-3643
-5355
3382
-7406
-3583
-797
-18
53
-7902
-6
-405
416
-2246
-4235
2236
7299
648
-8351
-1782
-1802
1871
-2958
5136
-832
-3258
-117
-8190
-6590
2727
-1530
10
688
1117
-4541
-1469
2329
-2849
-2032
-5008
-1928
4930
31
-4587
3811
-1919
-1583
1277
-3112
8284
-3256
-2874
-9088
2538
-4862
-1611
-1727
-2630
-1287
4396
-8226
-6745
-6302
301
-3752
-5126
-426
-1295
-6527
1945
374
-7254
1793
591
5166
61
-5284
-645
691
-4846
-4511
-2334
8388
7378
5478
-5088
2511
-23
-7036
-3762
4552
7558
-3249
5120
-8363
382
3181
6393
1378
109
-2944
-5328
-761
-5801
541
-1198
-3093
828
-1334
-4661
6302
-6442
-2975
9370
3840
1442
-5231
1463
4533
-554
4240
-3689
5366
3998
-1677
1067
-2699
-7766
-618
-6419
632
-1029
-7072
2682
922
3423
-1018
-676
3608
3592
4344
-3063
4581
785
-2926
3932
3996
-4489
-4100
-1522
-5345
-1988
5778
-964
3270
-5065
292
6833
-7994
-6005
-2063
1909
-1583
-4388
-178
3012
4807
2937
2564
-6225
8750
2592
705
-2172
6904
1480
2144
9797
-2521
1092
-1552
403
3191
-5555
562
-1094
2215
-897
-7415
4087
328
1250
-537
-3124
1077
2445
5157
280
621
-1720
424
1231
-3359
8661
-4620
954
3437
-4659
-2758
-6553
-1741
4490
2534
-3718
-6085
-5322
-4846
-8342
3705
2251
3700
-3578
3016
5889
-7058
1103
4581
-3929
-9331
-4526
-9578
-2232
7079
2430
142
-1900
-6062
-6537
2277
-7788
9134
794
4176
-3334
-3846
1676
-1483
2027
-3964
2483
-5361
2757
-1213
1852
-1151
-5164
3840
1717
7423
-3757
1745
-1856
9235
-459
995
-5440
1254
-3302
939
5382
-3892
4060
-840
-90
-3055
-991
-1266
6753
2681
-7493
5258
5150
-4828
4169
4045
3951
2392
4060
-2331
-2753
-3754
41
-1106
-4152
-101
6356
271
-8724
-2934
7787
-1965
-2281
-1033
5736
-3897
1530
-4845
-1063
290
-877
1739
-3779
-3539
-4788
-1828
-615
-1403
3629
-5596
-5610
-426
6777
5769
3014
-2538
-4675
894
-792
-4040
7718
-4642
3556
-4189
2677
-2327
-7063
2074
-6289
-3597
-2691
-1000
-921
6458
-1208
-6065
-695
5565
-1592
8863
-45
-2225
679
-2283
83
-470
-1586
231
3975
-2551
-4345
6823
338
-3394
1676
-4337
1248
3689
3419
-887
-8578
-1018
1000
-7447
5262
-6580
1171
-63
2222
-1086
5452
197
-251
-2926
-4604
-3098
-7072
7229
222
-3499
1254
925
-5982
-1042
2574
-1264
-6739
949
6906
5168
7831
3259
-3434
-1366
59
-1845
-1902
1920
-1570
-2093
-745
1111
-791
-4158
1375
1069
1885
-6835
3074
7743
1915
148
3792
4254
4038
1572
8230
6213
-681
-904
-1671
3286
-5240
7078
-1028
-8352
762
-5604
-1611
-3566
-2087
-2033
5417
3024
49
2840
1935
-2442
3005
-5547
2236
5487
-6902
-1774
-8148
4081
551
-1918
-5857
-3742
9014
-1642
-4109
-469
3905
-2300
611
2029
-5943
5109
5147
-9543
-3926
-6362
-966
3412
2134
-4426
-1928
0
-1668
-1836
-5271
-3687
-4730
-3553
-2900
2672
4468
-6661
617
5606
1063
5003
6207
-7288
-6176
5220
-4962
3674
3762
-4221
4583
2021
-2879
179
-2390
73
297
5452
5527
2910
3864
5428
-7388
3579
-1455
6547
-3466
952
-200
1859
-656
-3655
4120
1111
435
2735
2243
2868
5087
-412
7184
393
-8057
-525
2940
-3814
7970
3766
4699
-4031
-5958
3139
-4246
-6370
-1668
-1123
-2122
-5053
3202
-463
475
4424
-8506
-2618
-5377
-6640
3720
188
8048
-2627
-7009
-2727
-2032
1621
-2008
-1777
978
4551
-1758
-4235
-1296
2434
-640
1288
-5083
937
798
0
6142
2857
106
-1669
3464
-7496
-2580
-945
-721
-37
-791
-933
-8829
-809
-4347
-2942
7609
-5646
213
-5676
249
-1707
8766
-2097
-506
1472
-375
-4685
9744
7772
-4100
-3064
3002
3684
-4735
-5140
-524
920
6603
1782
-2279
1570
5100
-191
4740
-754
119
-2728
-2011
-4007
0
477
-6320
-1365
5400
-565
5067
815
967
-7440
6868
-2728
-391
-4063
7841
2555
-3873
-6569
-5419
5357
6513
-566
-388
-8387
148
4765
5566
756
-453
-251
2954
4389
903
-5046
-1706
1134
6115
7696
867
-3722
4613
-3228
-2960
6683
338
2993
5380
1070
5891
-1409
-2066
1523
-2168
-1262
179
3984
7116
1601
-2183
-4673
-1969
7026
2058
3996
-1960
-2044
5229
-1000
-3103
-1577
-1806
2472
-1992
7233
3894
3132
5274
2358
6675
-2880
-8246
-1275
2348
3234
-1500
2029
729
-821
6078
4249
6523
-5698
-861
-505
1160
-4092
-3926
4532
-1491
-4681
1877
1051
2015
-7258
-947
-7641
-7566
-2630
-5164
-5933
-2580
-5882
26
6116
2741
3758
-5518
489
-1647
-5623
4629
-2289
-1681
272
-4019
-313
3584
7378
250
938
-4488
2420
-3201
-7298
-1783
-6825
0
-6103
-6406
4079
-2353
2293
-3066
-3761
-5274
-2172
-1676
7579
637
-3263
4075
3664
-6757
3292
-316
3032
4002
8000
595
-281
941
-4496
2901
7091
2382
249
-2538
-4567
-1525
1791
5647
-1391
1301
-6138
2468
-5329
-6749
4492
-2797
2015
-685
2614
-2789
313
-3077
4436
178
-3302
763
2558
1638
-1789
2295
2695
3490
-144
-3228
-1621
-6088
-965
-7655
-2216
9259
-3424
-1665
5780
-1184
4845
-2480
-8724
-1841
3052
-76
4814
1777
5882
-5222
-868
572
3438
-1807
-3133
-1076
2629
130
0
4459
1457
789
4537
1047
1307
-9272
-1856
-358
-4810
-6652
5056
4287
2898
130
6469
-7591
151
6432
3212
-2476
4326
-3114
1211
7384
1633
3609
2473
-971
3164
-1245
6067
8108
-7374
-2787
-3631
2975
5429
-3016
1431
-2368
1176
3204
4566
-1460
-624
2769
-3436
2735
-2056
-2348
-1950
-4212
3522
-335
-2970
435
434
-5971
1572
4333
3034
-56
-826
2095
2335
-3761
-697
5451
4220
-6253
-3543
-9615
2849
-528
-643
-5359
-3069
4515
-1561
-3342
3078
-1184
5612
-875
-2444
-1576
2508
788
6764
-2313
-2614
9322
3086
-8897
2065
8461
5436
-2492
-1171
5516
-143
-1491
-1676
6214
-7500
-8140
-4571
-2574
-3454
-4897
1940
-32
5672
4875
-4107
-954
-2002
-3504
1097
2988
-2704
-8887
-5252
-6953
2830
-4833
-4166
-4004
-2637
-3895
-491
3178
-3213
-3889
-550
728
-2233
-1944
-1516
-5445
-2350
-4274
-2269
4695
-759
-469
-2813
-564
5223
4470
5989
2947
1124
1536
-3096
-9816
5928
2607
616
-390
-484
-957
-7380
1293
-5240
1947
-223
4169
-1999
-1957
3766
-1305
-400
-4633
-309
-7949
189
-1594
-5103
273
-3093
-386
1006
-3982
-71
5332
-3960
-3747
4883
-1087
-4998
1076
-49
-4522
-3878
1524
-1897
-5392
3398
-4611
7756
1695
-3381
-2817
8640
-2439
-5053
7382
0
-5633
5776
2392
-580
-7249
780
-6679
-6767
5444
5565
2257
-1562
439
-2851
-5563
8235
5685
-125
-306
338
3010
1106
4002
4653
9299
1903
-3696
0
3990
3990
1830
-1181
3101
-3742
-2259
-1858
336
1939
6108
418
248
3695
-4818
760
3271
5495
-6711
-2568
-8728
2648
-4850
-4128
5412
-1665
5752
-2090
-2331
826
4543
-2170
-4378
834
5229
-942
3510
-439
-3227
-5660
7099
3316
-5359
-4530
-1816
-3125
-783
-6460
612
-4155
1463
-594
-973
6001
-8171
-584
-5882
-230
5155
6291
-5027
-4100
7666
2938
1519
-1783
-3361
318
7184
-2153
1500
-4348
1691
4901
-6629
0
2508
5818
6506
-4326
5199
2114
2299
3249
8511
3832
-4234
1069
-8285
3113
8628
1965
-2966
4651
-6492
281
4464
1137
1346
-7079
364
-858
4490
-3539
4108
4051
-7360
5664
-2692
-1460
-1902
-44
5886
-4518
-1542
-5477
328
-2577
2312
386
4188
-8395
-76
-460
-2898
-852
2365
-753
2313
1251
792
-8800
5100
-488
-2670
-3972
3867
-5625
-3087
-6906
-228
-3722
717
-2526
-2646
-183
-1099
3119
-8294
2502
2123
-822
516
1000
-9239
5300
-2792
-6626
6295
-4291
-4645
-479
-3795
2572
-5394
-1678
-1088
-6176
-6010
2191
407
-6071
2813
-5621
2766
-7396
4195
-2882
0
2215
-4923
-5338
-4660
1612
-5205
853
706
2199
-583
-4926
2048
-1189
565
-8419
8064
1108
-1526
8993
2233
-4380
-4155
-8780
6266
3468
2522
-6895
-2100
-1264
1611
8910
3494
6420
-1676
3925
-6141
5987
-1412
4389
-2267
2675
2012
3561
2539
3080
-3854
2198
-262
-6802
3864
-2796
-1278
-8518
5849
-9719
3764
785
-1064
7562
302
-4280
-2566
-3170
-5892
7206
490
-1660
2997
-1978
4038
3219
0
-206
-127
1676
6557
2322
3454
-5432
238
7516
811
782
4656
-842
2453
533
-6167
135
1254
1796
37
-5757
-975
0
6326
-3530
-1163
-1468
1992
6150
622
7326
-4701
1720
-7413
-6104
-4606
6697
-389
-4780
1102
-2693
-666
-5792
-1603
9352
154
5889
-5472
-2993
2325
804
-4797
-385
2940
-4446
1473
1899
2928
4554
0
-3743
1446
-2064
302
-1408
-5795
-3660
4565
-4209
-2922
-1836
6670
-1721
3363
-920
-9039
8241
100
7238
1015
6143
88
-3061
3138
-2159
-1740
3558
-2014
-6299
157
383
-2180
5067
-2973
2421
-3247
279
-1010
2295
-3277
7157
-8016
488
2949
-2181
-4155
-384
-856
3111
4159
3117
2849
1885
-2681
-7088
3903
-453
5008
-5602
-2325
6825
8743
4193
-1299
3255
-3524
-1617
-4740
1637
3338
6868
-4870
-1548
-4215
-5119
-556
2241
-2633
-3076
5055
7742
6036
-1148
1554
-4204
-2511
1310
-35
-4850
1901
565
-2514
3966
-1351
-5368
-6019
-2418
-6688
-3514
1272
4799
5483
-5915
5766
2032
2689
2263
6064
-5144
-1625
-6014
-4452
-8795
-2879
-3117
5227
304
-8800
1932
1496
-5329
-6032
2467
4985
-4924
-7284
-6030
-98
268
2613
-2856
4745
-1045
497
2469
2216
-637
-1887
6013
5916
-7087
-3799
1053
-1595
224
-2633
976
5798
6436
-5486
-399
655
-2104
-7337
-5259
-887
-6729
6725
-56
-1313
4113
565
4400
-206
-2185
3715
5562
7821
3985
-1285
-4203
7425
-5122
3076
1600
103
-5212
-176
-1638
3263
3088
8194
8459
8596
-934
2494
1601
-157
3255
5
-2297
-1409
2597
6498
339
-5724
3807
3763
6049
5059
-2573
-2087
-4018
1432
6666
-309
-5060
-870
6069
-1489
864
-5290
6950
490
369
-2396
-4633
-8120
8877
8839
-3588
-6534
665
-6030
-7814
-4326
-2898
135
883
1682
1735
-9725
-2724
-1726
-1509
915
3153
-2699
-5962
5068
-6635
-5110
527
-4034
-6762
503
-6370
-2912
-3187
2001
-246
1398
3073
8514
94
1659
-2385
1471
-9423
6811
-27
8432
-1627
-82
-2546
1883
5106
1231
-83
-7885
-1086
776
5585
-577
-1500
2577
-1169
840
-7359
818
-2153
-57
325
-2631
27
-7865
-7372
-1794
1654
-415
-3941
-2497
1065
7866
1745
2010
-3851
5489
1941
-3276
-750
-233
-3418
621
-6263
-2933
3190
411
-639
-2852
-5044
3574
9886
4701
7243
692
1428
-1032
6062
1091
-1695
-2873
-2606
165
-2993
3574
3250
-2822
-498
-6370
-750
3870
2255
-5219
6811
-4109
285
-356
-8857
-440
-4250
243
94
-1768
-4520
872
-5801
-624
250
-1945
5894
-2161
5103
2147
5069
1305
-6261
-6245
-2998
5790
-7369
-2563
-2744
-904
-947
-1280
2811
663
8467
5850
5018
-4037
4240
5550
4408
-2024
5432
1790
-3706
-931
-6237
2696
-7288
0
-850
-6994
1685
-40
4960
-701
-2767
1664
-6678
-6754
-2307
-3515
-741
1702
-5187
-810
4384
-2646
-945
-106
-465
-8
-1473
195
-3363
7918
45
-5922
3051
-3353
-1560
1569
-3616
6687
4407
2218
-1593
760
6454
2114
-8368
3429
2605
-1692
1973
-2812
2223
565
8226
-2120
-546
-1307
-5973
-2843
-945
-1117
-2030
4581
1005
-8767
-7037
-1054
608
-5487
-2597
1617
-3893
-3923
3494
-1469
3426
-2254
1010
3318
1219
-459
-5032
-3658
665
2847
2596
-6553
-1953
-1536
-3609
5842
-2167
1514
-4448
5624
6955
-2161
1620
-3275
-56
-3132
1059
-6453
6899
1552
8972
3097
591
1594
-7734
-5320
-8069
-4426
-5702
-5081
2099
-3897
4503
2932
-3157
-1381
1510
-3029
-3717
-5065
-5673
-4898
-5398
-738
-508
1411
2267
600
517
-974
-279
5429
3814
-458
6536
4543
-1163
4144
-2268
-7609
-7554
4259
-4533
-3599
-5702
-5775
-5348
8511
-5334
-1066
474
4963
-2236
-1017
-1558
1041
2605
4386
-3481
-4625
3474
7185
1201
-4128
-4559
-189
-1434
167
-3966
-951
-4016
3881
3109
-6448
-3460
3089
748
4141
-1640
-705
4249
-8912
3026
5709
7952
-4478
912
5658
-1574
820
-2128
-5931
-4325
853
-369
922
-1907
-842
499
804
-4780
676
3787
3121
-4237
1529
-7885
-1266
4382
833
-2229
3715
-1825
1558
122
-4552
-1840
-4717
2830
-5275
-5359
-3537
3429
-4312
4123
4434
4559
1920
504
1610
817
1081
8010
1551
3506
-6850
3071
4661
-2247
1982
4601
7301
-4670
-326
5323
-1692
-5884
-7237
1282
-1024
2682
-2276
-836
1790
-5153
222
-1326
2612
-4694
4909
4318
4931
5973
1681
-4151
-4645
-6079
3653
-7634
-113
2906
-39
3209
5202
8230
7410
4748
920
1362
-762
-230
575
-1192
-850
1402
3558
4729
2265
-533
-1335
3429
-305
-758
2289
9782
3381
5060
761
0
4471
6758
-1101
3174
-479
6690
-1349
-877
1441
2867
5457
-5263
1464
4062
2411
5449
1336
-243
976
3395
-7627
-4018
8240
-3743
-3096
-925
212
-3338
2614
1020
3274
6185
7916
1496
-4444
5417
-1191
-9468
2721
2464
4276
-895
4603
-374
832
6203
606
613
-3437
-5633
4223
0
8397
1781
3284
-3568
-7233
3904
-237
-2121
5457
-3544
1051
-3870
3238
-4901
3162
1416
-2165
2993
-2888
5706
-3823
109
5143
-5379
-7332
-4923
-7970
-7439
-795
-1776
1454
5370
1806
-3901
-404
-4601
-25
1911
173
-5359
3561
895
3026
7444
-869
-4567
-3345
-1468
4076
378
-3247
-605
-2634
-5130
-1819
2322
-928
1480
4648
2443
4559
6465
2815
3422
6230
7159
-2293
-2014
339
-981
3590
-1145
-6520
-1609
5732
2714
-3277
3002
-4563
-29
-1277
-4234
-12
4561
-1285
1872
512
2169
-278
599
-2507
6466
6576
-3609
6197
3875
3026
5145
5075
758
-689
-2090
-9064
-6532
1069
2614
3510
873
3131
-5854
2639
3482
-966
7364
-325
-2072
3864
1047
2918
818
2263
-1242
4415
-3044
-5372
1210
2428
-1373
-2150
-2294
1864
2177
2126
1360
504
-2111
7527
9096
5354
2440
1425
-281
2038
4161
2785
-4521
6376
-5887
1894
778
-5925
-6802
-2573
-5730
-251
8702
6290
-5959
-631
6421
5011
-675
4233
3933
2156
-7158
1939
-4487
-742
-6305
856
-1410
-8133
3182
-5749
990
-8857
4425
-4627
-999
-1632
1555
-7364
-1511
-5472
-2164
435
3945
-1097
-8
7973
-6174
5747
250
135
-2212
-366
0
6860
3700
3878
2382
761
-5624
3174
45
-159
2539
675
3495
-7078
-660
-183
-1437
-1181
1425
-2879
-1331
6833
5620
702
320
-5668
-755
-3775
1780
4790
179
897
9344
3043
-8204
1434
-3057
3535
7918
-1208
622
4626
1104
2861
-318
6715
-6767
166
2640
-3111
2377
-1049
-5470
3758
-1672
-1161
670
-7253
-143
1047
1979
-6085
1967
5366
-7962
89
7026
-1007
0
6592
4811
-6081
897
-2969
2260
8142
2476
676
-1066
5351
1781
223
-74
-4862
4085
-1759
6665
2177
-1324
-2598
3468
-4750
-2593
1167
6651
-1774
4963
2010
-6481
3869
885
5380
1524
5073
9744
-7264
1504
-6049
1092
-5058
-8480
-8674
4746
4853
-7831
6140
2873
8494
3441
5014
8780
-491
6697
6115
4330
-1675
1695
465
5390
0
-2453
-2558
-1142
4985
-2659
-6044
1118
6791
4878
-1785
2387
-1901
2614
736
-1583
-4151
1778
1121
9267
2219
-1582
1957
6568
693
894
-1358
-372
5102
-1560
2418
-2465
-7415
-1856
-7344
2895
5713
-4802
-138
-1418
-1657
-4878
4568
-2064
5096
165
-3868
-4065
-6361
-1373
-813
-1945
-62
2765
6513
-1496
-8483
-6622
797
3496
4330
-1576
-807
-5716
2199
-3856
-40
-1917
-3352
-5147
5369
2681
-4145
3024
-6436
-2515
8755
1263
3598
2196
-8526
-3002
2741
5761
930
-2033
-8372
-2843
-6591
3460
-5143
-7811
-5140
-273
-3565
1764
-1525
4270
2244
-566
-3850
-3186
616
-6972
-511
-4962
-3952
-5310
-6749
-414
-4005
2358
-2559
-2677
-1305
-906
3132
1984
5704
2093
-797
-517
-1059
6186
-1264
-626
8662
7363
-1326
-3183
-2188
3178
8538
-4101
6208
-947
584
-5779
149
-595
-2011
4008
1720
960
433
4400
-5992
-1367
-514
2331
-1067
7070
-4309
-25
5205
6376
-3129
5559
1285
2250
-5008
2920
-1477
-4147
-2716
-7384
-5910
-2390
-5287
1417
-2983
-2558
-249
-4226
602
2155
2555
-2087
-8770
2587
-1162
-1558
408
866
-1909
2028
-8857
-3472
-5271
5861
2848
4257
2621
205
-1113
-4608
435
-5229
3080
1162
2513
1935
3109
3330
-6229
-1774
1406
-724
-5793
5097
-41
6231
4790
-2857
4371
5503
-332
3673
-184
81
-4061
2879
3089
5161
-5136
3411
-5802
4037
2332
-1138
3131
7013
-5035
583
-1250
5898
2566
1714
1417
-3418
-1387
1535
1536
155
-8423
1163
3830
2899
-4199
-969
-2730
824
6165
-5726
5113
-4460
-3846
7788
-8296
-5757
-971
-770
4882
3242
-8041
-3105
-7072
5859
-634
-468
6894
3630
5707
-3886
3460
-3525
2325
-2068
-7500
-1920
4513
1551
-5564
4547
3246
2440
-780
4355
3059
-6119
-1235
-236
7642
694
1995
6545
1844
6824
-714
4580
-1907
2214
2233
4369
-2023
8666
358
1257
-2039
-1473
911
3367
-1652
-6651
-2044
-6049
2039
-1847
-5290
5584
1954
-246
-1885
4503
-2999
951
1079
4580
4338
-3760
844
-1944
-2232
-3072
4662
633
-4435
-664
2555
3125
-3077
-2906
1955
-603
1766
4610
-1653
-2993
-1963
-2874
-246
203
4101
-5356
-1175
157
4681
2076
8203
5624
3286
667
736
-4808
736
2534
-2743
1998
-311
-4915
4270
3148
2837
2513
1579
-5801
-1811
-233
-7636
1581
-5007
-499
5490
2564
-9725
2458
6769
-4882
848
-7088
-3234
4388
466
-6493
4438
304
1325
1487
-3087
5422
-3752
-136
2463
-675
355
-772
-1915
3678
-3980
-4417
-2936
-323
3056
-5015
4675
-226
-7787
-4764
556
-530
3005
2835
6485
4055
3978
-8737
-1184
671
-651
634
1848
-5271
1807
3686
-2288
7952
-332
-1690
553
-1161
1219
-775
-3955
6335
3237
173
-2644
1771
-961
-2157
-138
-5385
-3499
-257
-1841
704
1660
4169
468
-5594
5548
4913
-464
-3792
-171
4515
4648
-4488
5109
-465
-3531
-1789
6115
6230
-6594
-230
-594
-2725
-868
-1594
-1960
-4732
-949
1507
-901
1346
2848
-860
-9166
2895
6752
5377
6264
1568
1842
-3290
2599
2338
-4159
-5338
-897
-525
-1070
3764
8996
3707
2863
-1587
-7784
5736
-8556
-7359
-2050
5234
-2150
6198
4249
1722
-4579
-2614
811
-6049
1741
-9239
252
2547
-2369
-1688
-4542
-5052
-1011
-2917
-8032
731
6939
5704
-4073
-1251
2749
8769
-2427
-2987
-3731
-5111
3107
-4360
1740
-3239
2161
3339
6401
0
5855
5541
44
-2907
-4166
1256
-1567
3259
-2559
-5731
-182
-998
3878
2730
-5243
-3897
479
-2266
6456
-9630
3823
1911
-4973
2677
2687
-150
-1049
-4301
-4103
417
4072
-864
-1328
4836
6108
1689
-1518
-6111
-32
-407
-3165
-4360
1617
-545
-344
5260
203
-2048
8671
3771
-1737
6052
-90
320
-1834
-4364
602
-1046
94
4400
3992
-2348
4740
-206
-3351
7296
2316
-2521
1673
3893
2811
-3542
-2911
455
-1294
480
-1676
1830
2329
-7705
1290
-1264
-858
6165
4055
-1187
-4869
834
1306
-7029
-2158
-2239
3949
-2642
-498
-1635
2075
468
4381
-1489
-3699
2933
-3199
7026
-5862
1767
-2185
-6601
-9053
-2908
-7509
-1608
1448
3793
-5292
-4219
-4096
3720
967
6603
-6037
3069
422
-3245
6053
-5041
-1281
-6804
6610
-6871
-1907
1108
4421
590
611
-3921
50
540
1789
-5343
1992
1209
1140
2120
397
2753
1067
-5427
-361
8000
-704
3625
-2838
-4576
1736
1612
6057
-783
1849
-314
-915
5406
6507
4075
1881
-2670
-1200
-875
-2629
3660
-1142
-4041
1208
7951
5168
1589
2055
-2618
68
1791
1721
-1852
927
-3253
3653
-2546
1203
549
-5572
814
-2229
3223
-1054
-6531
8085
6768
-7231
400
1231
2413
-5741
-5862
-1662
-8897
7123
6989
1331
1790
-5447
6757
-8023
-2293
1762
3102
4825
-338
-8296
-638
1790
4249
-3503
-2862
5898
-8713
5709
-1469
1448
5496
5969
-136
656
-88
4853
2931
892
-7793
3629
-189
-1504
-4764
2075
-879
-4166
925
2039
-6010
-84
-922
-4608
1177
232
-352
1610
-2662
8776
4782
-2862
636
4184
-825
-1880
-638
1604
-5042
3108
3329
6256
3173
1331
2135
4369
1460
-4476
-7848
174
-515
-6561
-7591
-109
-1921
1503
-3426
-7601
7592
403
3277
711
-2548
-5734
-6653
1171
6302
-1963
1894
1059
2639
-619
4363
-812
-1706
-90
133
1106
755
-7562
1530
1833
-3224
885
-1178
3916
-5446
1894
2886
455
-2932
4428
-693
-1841
8634
3127
1118
-2263
-2642
1516
948
-5394
-2500
1269
8089
-6500
-5518
-3145
53
131
3625
-1640
6791
3652
6371
-1434
-3290
-3361
-1013
1544
6162
815
-2864
4301
7301
-3750
-702
-1783
-917
-8172
-1473
-3682
1828
1357
1851
-1308
-1629
4584
3955
-8171
4389
3678
-3320
2905
-1783
-1794
-2178
4681
5260
815
-1186
-1090
2675
5105
1484
5619
-2336
-937
2056
-5818
1446
734
769
-6314
-445
528
-2644
-5998
-4103
-3790
-4430
-1734
-6893
6701
-1859
-3675
3924
-3580
-551
143
-4293
-1131
-790
-2716
-1455
2486
-3895
-1799
3540
2087
5534
8336
3866
-6406
-6459
4113
-1834
-1980
1507
-6321
1520
-9045
-4771
7295
-2795
1254
3673
489
-97
-189
-2439
-6229
74
-4523
3992
675
8356
3206
-1184
3441
-4296
-1986
-2390
-2010
-4659
2150
173
3366
2908
-4701
-2484
-2603
-1907
-6413
-5705
2171
-2851
-2183
-454
2477
1317
761
5234
2552
142
5276
4636
-3559
-3815
1864
3002
-2649
1775
-2122
249
8432
7976
-4670
-6336
5057
-1519
-964
6768
-3077
726
-1295
2545
1586
2637
1590
2571
1619
3949
-701
-1544
8606
6014
2256
-2336
-788
-1163
4252
-4277
2622
-3645
-2350
1972
-3747
-4925
-9778
1667
-865
1516
-8011
5322
-1464
-3312
-671
584
7953
6257
3478
-3245
8064
513
1896
2621
1914
-145
4360
4455
-2259
-1383
1612
-5705
-3106
7774
-5591
2444
-2975
-1441
5527
-1509
-1399
1053
-4508
648
687
897
2971
3237
3137
-1374
4354
1059
6134
-1611
4194
167
8194
1040
-143
4178
-8209
2744
-2576
1052
7250
6907
-5096
-4555
8289
-5971
6404
198
622
885
223
5041
6915
-914
697
-2826
595
131
3864
1534
1441
1782
5660
-366
-1785
99
3647
-3942
-3320
5430
-1064
-3421
-1063
-3582
6001
1426
2629
2232
8252
-2068
6084
-4180
-3671
-2271
64
131
6278
-2855
-4052
284
2183
130
-2164
-1900
-4433
-191
-5256
-3170
-969
995
-422
-6445
-1823
-514
2039
3254
905
-3261
-876
6375
-2288
1428
2013
3820
4492
-4723
4681
-5092
8606
-6925
-2916
-3803
-8554
1740
-4
-5496
379
-2585
-1860
4019
6351
-2243
5046
623
-4185
1598
-528
5177
-5186
474
2528
-1771
3275
-439
1157
766
8634
-6637
-2435
-3043
3449
-210
3176
3024
-4413
2675
-515
-3866
8341
9352
3431
-7638
-4760
-5284
-1017
74
-4226
3628
-2622
-5852
-2983
1646
3031
483
160
9335
1205
2068
3722
-4402
-1068
-7036
948
-2154
-6413
-371
5477
-5586
537
444
-2500
1021
-2655
-6263
3689
-3204
-6201
3976
3084
1317
-5958
3470
-6427
-1980
5178
-4109
-4122
4753
5200
416
2948
-906
3605
2685
-5444
-4588
-1807
3047
4043
-6019
4693
326
1693
-5654
7229
1331
2722
-1551
-2284
-3847
-7113
-1219
6312
7774
4072
1339
1688
7082
-1536
-2188
-4188
1794
-56
6625
-5379
2937
1176
-5216
-3761
7966
1748
-1132
-3437
-6754
-3749
0
8863
-4771
-1554
1103
-2611
3033
2975
-4544
3756
2936
-5748
6942
297
219
-3223
-5128
-3819
3685
-5470
530
614
2706
223
-2816
6645
-1096
-3606
3033
-8389
-2226
1636
-172
1319
2947
-3909
1493
9238
-5069
-3029
4916
-1131
6498
9275
1106
-697
-121
5049
-3472
-5047
-357
-228
5351
-1456
-485
4264
-5761
1244
-3125
-4862
-1314
3877
1002
5827
3300
-2780
995
2021
2105
-90
-5875
5437
-1376
-1421
0
-3846
957
5539
-1014
-812
-2975
6791
5653
-3124
435
-2483
-1491
-5156
-147
2166
-3078
81
7496
-1119
-1575
-6139
-3168
-6360
-1391
-5196
-4690
797
-5959
-1636
82
3376
-268
-3779
4693
-661
729
4545
1174
-68
5157
1189
7071
-6360
4875
2687
-4898
-5285
-234
-3302
5398
1261
-4088
-3627
-1791
1695
-2395
4181
7827
1974
-2535
4007
-2033
2783
-189
-784
-389
2941
4332
-3938
33
388
-8555
-933
5444
-1837
-1266
2879
-8140
-200
5173
-3470
-3992
-8121
-2497
-1030
-2443
3392
2550
-3990
946
-71
-5447
661
-2236
-2498
2753
7308
7011
-2830
-2546
-281
-7251
-2868
374
6687
5246
5147
-2588
2248
-4303
6136
2792
4348
-2390
-3672
-2187
-3471
704
2766
6015
-6413
-4571
-2311
-327
960
-3160
-2593
4075
4766
7110
-17
-697
1689
-453
-922
-8331
1904
1644
3588
-4942
2098
3478
6891
4282
2682
-53
-3389
-314
-6370
-90
-5261
3363
-1083
-5884
1957
-3832
4532
-3523
1765
6455
6977
2011
-3221
-6054
2509
4786
-1129
2185
-4535
-1944
-6287
8947
2794
-8764
-3564
961
-2180
1299
5188
-6443
-4902
-1133
2527
6041
-8121
3190
911
5038
2447
3037
-1013
7687
-455
-5319
-4326
1686
5747
-2668
-4495
5050
-1543
959
3963
1765
-6044
2298
-4866
2438
-2406
85
2984
-262
730
1446
-3430
6290
638
-5487
-2824
8755
-1106
-879
45
-7051
1560
-6602
319
7026
5377
-2604
-782
352
2135
4695
-1680
4270
4072
-1355
-455
1927
-3940
-877
-1881
-129
4290
3728
-1279
1128
-3279
862
-6754
630
-1068
681
-3912
2320
2701
3824
-1204
69
-5627
-2760
11
-612
8017
9051
-4794
6626
5559
250
-3207
1830
2971
0
2325
-2068
-7741
6220
5097
-3126
4938
7821
-4781
-3157
5738
3566
1497
129
7602
115
6892
37
-6878
-1064
-3587
-3474
5272
2551
2159
862
-997
-1020
5840
-5536
5858
-2483
5332
544
2490
-4096
432
-4340
-4107
3485
-3743
-5234
9214
-1944
-2972
-4409
831
-5959
-7915
5102
-3773
-5325
-5533
5
1606
4834
-2710
-3055
3199
1233
1881
-2763
-3665
1443
-4791
-3087
-7900
-879
958
8176
1563
-2644
543
4100
-1532
-3999
423
-2161
-7151
-9742
5986
1019
3267
-1802
5401
2150
4257
565
-3350
2320
2213
6213
-114
528
-360
5592
5503
8871
-7009
-198
5367
7126
3667
-101
-1197
543
4950
3983
5624
-4724
-6010
3779
2750
4681
4699
4330
6951
-3637
-2126
-3226
697
2735
3664
-3023
4440
-1171
6723
7675
1006
-9129
4192
394
4547
1834
-925
7355
-1651
9811
3322
5237
-825
-3084
5430
3176
-5490
-2740
-3595
-626
-4952
3272
-6253
-1353
-2551
-2457
3917
7663
-5552
5052
1544
-1529
177
4650
-5432
3481
-3317
4400
-3477
-7036
-3473
-4850
952
2185
-6453
-3871
1796
-867
1695
6945
-422
-7766
5332
-5252
1676
4116
-2334
-3105
-1709
-4005
3992
313
967
-1299
-1277
-68
607
-8722
6504
-3603
1426
-1616
0
-1429
3190
941
2704
2735
-800
7201
-1890
924
-862
6234
9343
-347
-1200
-106
-418
1402
-2558
-1205
2241
-516
5538
-7770
-5552
-5034
-3945
-1324
-4265
-1668
3957
5200
-2693
-4294
1172
-1886
-1632
-9572
-2722
-4137
3125
-5782
2257
-1173
337
1914
1791
1924
-6862
-514
-2629
4181
7130
685
4990
-2642
-1132
-524
6176
-4457
2329
-4754
3209
-972
-3288
-3344
-1194
-410
2275
-398
6450
4576
-4419
697
-2809
4150
3238
-2839
-3320
6540
5237
-2557
3492
-5449
1231
-5879
7385
3234
-2062
-6556
-7019
6508
-3231
1048
-3121
-4718
-1371
-2581
3074
-6186
-40
2078
7719
-3089
-1592
-1077
-2465
1020
5732
2169
2661
1952
-4389
2695
-2109
-7907
-2388
-5322
-1129
-772
19
-4571
2701
-1685
-1896
4949
-958
-2373
2308
3294
-2277
5857
4768
4089
1252
4285
-846
2531
7551
2032
8117
687
1256
1523
6583
-1311
-2976
-5853
-3427
-4338
-1850
-483
-2033
4788
6376
-6668
-1046
-608
5775
3642
290
-318
-34
2864
-5163
565
-4754
4158
2021
-427
-5304
5876
2654
-6116
-3425
4471
988
-6263
19
2522
-6481
-2175
7747
8939
-2032
39
5957
3704
8178
-6753
1069
4330
-5671
8723
-3321
-4435
205
3541
-6565
3131
-464
-5382
1295
5062
1644
-4287
-2606
3249
-2254
852
5704
-859
-7931
-3426
5736
1280
3342
524
1743
5058
-4926
4334
656
-4944
2067
-810
-2631
-6044
2869
-608
-5497
3109
1437
1513
5894
2443
-3170
-3572
3412
-8302
6511
-3508
4875
-2429
4087
-6746
-7560
-5853
5069
-2726
-4179
3137
-2396
2971
-7706
-708
1914
-3121
-285
1440
-71
964
2571
-1974
4996
-4824
-3005
4424
-2633
1495
-263
903
-1033
-6839
2969
1513
-1725
-2823
6559
7530
1485
3381
7271
-1562
1018
-1495
-1683
1888
622
1038
-3015
5871
-8007
-2070
-6022
-5221
2203
-1522
1830
-2850
-4641
-1673
-6896
-6344
4371
3895
-2344
-4402
-4128
-6723
-7202
-1222
-846
1233
-3221
-2249
-6299
-4807
-1884
2074
-6406
-4296
6651
-1631
-782
1505
-4585
-3622
-3223
-97
1609
4477
1568
3549
-712
-830
-5287
-3160
4434
642
-3386
-6163
-2741
2693
307
2047
-5382
-2614
-5490
-7012
1942
528
-9791
-5857
-5302
3899
-937
-2884
3860
2629
1891
2442
-3168
-1395
2675
-1186
5067
-4119
-2390
-734
4468
2746
-5698
6143
7223
-1216
5004
2704
19
8543
-814
3659
4273
4293
4806
119
3324
-4139
3391
5102
7372
-2879
-7582
1920
229
2032
-1008
-143
1894
192
2086
1912
4299
-1885
2476
-1857
4847
5227
5237
-4460
-1755
130
-770
3347
5647
1220
1370
-936
-4462
-4527
4123
-2601
-608
97
1645
-22
-942
-2976
-1454
-1603
920
2043
284
239
78
-7772
3674
-3095
-5187
5667
-215
-3715
-4986
-3652
-4347
570
-2524
-3156
3415
-2608
665
-213
-4863
0
1014
2774
876
-634
6256
468
-897
1150
646
-314
5205
-4923
4348
5738
4545
-6462
-491
-1325
-4433
-7637
914
2914
4683
814
-156
-2128
-3111
-8022
-399
957
3431
5391
4353
5109
2116
5683
3693
-643
3651
-3793
5158
2701
-3285
-2203
6598
-3610
3274
-4152
-1066
1579
-8756
-4517
1841
7552
-102
-1476
620
-2492
-879
951
565
7290
-7414
-2851
1021
1402
-5406
-6727
-127
-488
320
817
8085
112
-3132
4651
3567
4008
-553
-2883
200
3033
-3268
-256
-3319
182
940
-9848
1256
1832
2440
2728
-4430
-6972
5752
-2185
5769
-5240
-192
4245
-695
3123
-2278
-3816
-6578
-4148
-1974
-1707
2319
1885
4940
4725
3485
-2689
3504
3813
7795
-2797
1250
7545
2392
2971
6864
3345
3492
4830
-1425
519
-5980
25
6844
-3583
1456
5788
1496
3721
576
2066
2691
-2166
-299
5591
1497
-949
-5705
-2544
2288
330
-1424
-1936
-1276
-2901
165
-4574
778
-370
-4761
-4032
0
4194
-2621
-412
5224
-4365
2476
2908
-5483
-4
-4016
-1118
3519
-229
-3722
-2371
3898
-7597
36
4956
-3724
-9572
4287
2970
-2728
4431
4036
-995
-1196
1000
1393
-4826
-850
783
-1454
-2105
4338
103
2116
-1358
-6230
115
-8389
-1388
8239
-875
3550
-917
5931
-3479
-3649
-4489
282
4157
1748
3177
-3005
6256
-3809
1937
-7655
-1068
2605
-2858
-656
-5190
4098
-4003
2777
8299
6833
6146
-5178
3253
3150
3857
3657
428
2234
-511
-423
-3170
-3021
7061
5599
1464
-2084
5707
1254
3399
2700
5741
-1286
-1610
-3336
1606
1512
-2347
-6030
7992
-6980
6021
1329
-4319
4330
-6807
2418
-3804
-1580
793
-26
2850
-4508
-3857
-4808
900
-117
-5676
-1561
6613
5020
7740
-6097
7219
3338
788
5004
3893
-1002
-2722
-1429
3946
1908
684
1569
-4273
-2633
-7361
6771
723
-2888
-5260
-2333
-708
-6601
-3785
-3875
-2641
6230
-1513
1556
913
-4364
1509
276
-3148
-656
2461
5413
-247
4041
-938
-3718
4308
-178
-4585
549
-5069
524
-169
-4974
-798
-1458
2430
-7806
2993
-233
719
-1058
-1759
2482
6083
-1099
-706
1852
-5065
-995
1176
-47
2477
3309
2465
-3525
-1622
6208
-5501
2947
315
-327
-6102
-1123
2695
4393
-3454
5047
4816
3329
3176
-1542
6561
-3637
-937
-4844
792
925
1351
1015
-4237
-2558
-1116
-3455
-723
-3114
5615
-657
-3421
5788
-3047
4751
-3745
-2429
2035
3798
-6120
4662
718
6791
2647
-6519
-1227
948
3808
2168
460
2353
-4625
239
2800
1807
-2345
2216
-1141
-5477
-1464
2564
4138
-1963
4117
-845
-2710
-1932
4527
-1076
-2985
6711
140
-7183
-9423
1805
4611
-6726
2421
1943
456
4972
6431
1611
2920
269
-997
-884
-966
867
-4739
3277
2980
6458
2309
-3687
-534
-2138
-5377
1246
-5063
364
-1312
-7469
7724
-4293
-3548
7126
2771
6984
432
8832
1000
1935
-917
7565
4270
-3560
6335
-3129
-3505
1377
7617
-290
-1234
-3405
-502
3391
-2220
396
-3325
2831
4743
-378
-6324
3279
-6336
2227
787
3279
2514
3632
-6676
-2277
-2176
-949
-1219
-1549
-1192
4298
-2778
-7447
-1768
3907
3754
4618
-1403
-2220
1441
-6386
3195
-3183
1980
-1583
-2216
4561
-3135
892
-664
2828
5430
-3323
3526
412
-3530
2552
319
-4191
294
1379
689
336
-3941
5885
-4
-4359
3870
6516
3178
2938
-1408
-6398
4416
6452
-5055
-637
-1362
6363
1502
-2884
1148
-5749
-138
-728
-3144
-6054
-3702
-1674
-5629
-4899
-960
3528
-1286
3214
-4016
-7360
-5038
8571
4877
-1284
1990
5049
4265
-1294
755
508
-3446
-4622
6603
-2070
1568
-4462
-6190
-1132
908
-1044
-607
-4724
2474
-5437
1572
2983
-4132
3631
-5973
8483
3483
5172
4963
533
-4061
1978
3077
-4068
5898
822
-2084
7894
-1836
-1916
-88
-6367
-8246
638
-3609
-3227
3367
-4031
1601
5150
128
440
6666
-6461
3632
6585
-3497
0
-3889
3651
1232
6290
-2251
-7655
3088
1964
694
-1586
-106
8019
-5470
7464
-499
584
7968
2966
4158
12
-3725
-2176
-3692
4428
2495
1352
3622
-6924
-6224
1026
-1200
3380
-1938
-1916
-3565
-6859
-3926
-1225
5224
876
-247
-6911
2645
3185
962
258
744
-12
-1280
-272
3075
-710
-4386
-2675
-714
-5290
-2780
3478
1833
-5677
863
2144
418
948
-1173
0
-6816
8972
-2770
-4923
-1876
-5720
-5775
-9275
-4380
-132
-6306
-3533
-3717
-5916
2308
516
-2789
863
-5615
-3711
-279
-294
2293
4426
-4376
-5339
-4289
648
-2112
697
6625
-1420
-3515
-938
2483
1913
7825
-1315
-5585
2605
-6791
-2514
541
177
-836
2830
2036
6635
590
-2012
4276
-5545
1601
-2551
-653
-2368
-5949
6577
-4326
4245
2436
4124
-7527
-7747
5377
-3725
-667
-2409
-3501
-4188
-4293
-2798
11
1226
5490
1006
2548
671
3367
1787
2175
-301
886
-2018
388
3476
-653
3222
2029
2548
3232
-4463
687
1606
-488
2351
2894
-2347
659
3074
3221
-3482
-6918
-6858
1160
-2622
8447
3080
-770
4829
1322
1189
-2154
-8266
-2658
4190
606
200
-1399
4818
-5475
398
5099
2559
3424
2295
7423
-2662
-6252
4452
2051
375
1015
-5215
6274
-2792
-4881
428
2397
-3960
-6944
7173
-2364
3862
-6564
-4438
-3261
-905
-4999
-743
7812
431
520
303
-3818
-747
-493
5327
-1116
-2209
869
5542
-2900
-4831
-160
-5327
-6437
3393
2262
6894
-7591
2593
-2963
-7681
-3676
-4581
2338
3218
-5016
5641
-3582
-5187
274
2650
-2845
2592
1506
4745
4922
-5962
-787
-2473
1526
895
-1276
-5060
3025
5444
-3219
6011
-4969
6015
-2633
4036
-483
-7670
5363
-1473
-4828
4976
4611
7565
-8434
1043
5112
3209
3584
3609
-3683
3505
381
4906
908
-7696
-4460
2963
-1192
2604
2180
866
-192
-5098
-1620
-7445
2937
-1666
1955
3509
1272
4693
4252
-4457
2062
-3754
3113
-2262
-7294
1667
6578
-2790
-2288
-670
2034
1848
-2756
-4100
-1792
0
-2539
4356
9470
-3133
8127
-1367
2640
-3980
-4855
837
1568
-2652
-339
-4737
-3625
699
5896
8077
-7747
-1245
-252
6754
-7202
2248
2123
441
3758
3429
-2855
-1068
-1325
-8022
8543
-2578
-1103
-6249
2545
2732
-5639
-6120
90
1345
-5055
1159
-1403
-3322
2649
-5518
3950
-4781
3188
8764
-576
-4285
-8686
-5015
-2754
3033
-2505
8539
1718
-4113
2430
7558
-1619
-3148
320
4137
3622
5540
-2070
56
-3044
5860
-940
-1626
2710
2961
-470
4233
-2650
2659
2161
0
-3431
-1909
-3837
1491
2307
2901
3281
4655
-2653
9096
-38
657
-6520
-3439
-5988
3466
-18
-5437
7093
5513
-7755
-1457
494
-1920
8024
-593
-289
-5471
-8230
6323
6332
-889
2710
-566
342
-2354
1988
-1191
-6054
2515
-6328
460
-1425
-3384
303
1619
-5536
820
4884
-4926
-2607
-6321
6272
1752
1997
-2378
6886
1619
4428
2765
-153
4287
6379
-2041
-894
-5691
-2670
841
2380
-2493
687
-3325
-399
-7544
-97
2507
-4010
3036
3048
-5606
3975
-3479
1674
-3724
-5978
-2648
-1304
8388
974
-3304
6578
1704
-6193
-2463
-2882
64
3071
4811
3806
-3061
-1522
-3619
-5980
8673
3653
-8036
6914
1957
5136
-3503
122
3601
-4139
-377
0
-5958
3226
3016
184
2999
231
-264
-4971
-2390
-6820
1350
-4247
-90
1570
4511
1432
-9348
3829
-175
1157
-2058
3342
2232
3927
865
387
1297
1706
6762
-44
3632
180
3478
5704
953
4806
364
-1008
-198
-3940
2712
-5378
3438
-1343
-1332
-2254
-6750
-4031
-2097
-5213
4878
-1429
3361
1831
-2555
249
-2060
-4683
-1142
-6668
-1007
2003
-3087
4909
-1158
8661
7048
5385
-215
3642
1851
875
1557
3441
6955
-4760
-5876
-681
-2286
6720
2299
-6437
-946
786
2206
-6029
7104
-2993
-330
1646
1420
-4444
2504
1209
-6895
-3126
-3809
-710
-2601
1709
2250
1090
1393
-985
0
-1013
1347
2144
-2527
-997
407
-529
3176
-2672
8571
-2350
3728
7617
8633
-3016
-620
-2151
4530
-2300
8144
-1072
3899
-2342
5148
7878
3013
3439
-6471
-3260
671
5964
7457
1796
5843
4442
-7882
5766
2107
-1335
3855
-6442
-6030
3928
7065
-3085
-3197
-1547
-3105
-5232
6008
-4781
-1688
-2451
1160
-6836
2501
-4408
4449
-116
1881
-2399
2687
-2783
3549
585
-7016
-3887
5342
5543
4463
-1920
93
2710
4690
1309
-3649
2913
-5466
8024
4017
-27
1052
513
2370
-658
2469
-948
-1581
1039
1007
5583
-4837
-199
-164
-6142
-5307
-2618
4540
1076
2274
1022
4799
-4579
-2338
-7734
-5389
892
2222
2674
-443
6064
393
-5041
7766
-37
1198
1716
1523
1331
379
2311
-5252
-1765
5113
-2027
-1669
-2972
-3717
-285
488
-1711
-2103
2265
258
4257
-2714
-710
5026
1164
-318
-5978
-5009
-630
1550
-423
4509
0
4823
2704
2878
451
1776
6758
3706
-4666
1161
856
-1368
3870
561
-1018
160
4556
2898
-4279
5861
1969
3899
-3246
569
-7251
-1886
-978
-227
-2071
1592
-2165
899
-31
-5201
-4437
-3940
7812
-994
517
-6626
293
1746
-3593
1402
-5374
-8569
665
2710
1795
-5432
2105
-6370
-6497
-1219
-2753
-5761
6872
-2916
128
-3087
-5740
1810
5743
1523
1150
3135
-655
-2926
-136
-610
-1555
4229
2129
5053
892
-5208
1528
1592
-5788
-1727
-610
-1269
2549
-7074
-5978
3625
7144
-7231
4579
3214
-2848
-2976
-764
-1759
-4142
-8480
-4020
-3199
1336
-3614
4901
-42
-6421
5988
-6629
-247
4929
2636
-138
-2580
4574
-1367
1568
-4830
3546
1796
-5465
-5850
-2903
5986
6387
2706
3077
-1852
-4296
2207
-3044
4037
-3717
5995
-5481
-2509
-3148
-72
3014
-2656
266
-431
-4986
-4313
5608
258
-2797
-1421
-8411
-7349
-1212
1111
-6590
-5865
-7900
4378
-6213
5142
-3344
-1847
3783
-1131
-1977
2582
-1107
-4388
-2090
7742
4047
3020
-1208
2867
-6508
4661
4124
-5772
-3043
-8033
2478
-3675
398
-3773
-4743
3592
307
2232
-1220
2765
776
6316
-684
5937
-583
-2343
2319
1483
250
-4520
3028
-5102
-8260
-4032
-7094
3426
6994
4161
-2559
3211
-1322
-5748
4359
4035
-9063
1967
5936
-2418
4424
-5863
-317
3128
3869
-1999
5377
-4492
3869
142
1789
1440
-2739
-2871
4211
5361
3550
315
699
4418
4581
119
-2465
8179
666
1122
2730
4308
-1139
8820
4287
6110
-1445
-1802
-4134
-4676
1079
5112
-4271
-4
-6421
1902
2908
-5618
-3327
-7132
2889
431
-1658
3546
6259
1119
-1473
-5084
5871
-3491
-3857
4574
6719
930
-4844
2239
5163
523
-2460
6035
-4146
-1582
2695
768
-618
-6210
-1010
3490
-4171
-3667
3132
5168
-7447
-491
-4153
-1880
-1432
1903
698
-2873
4525
-3833
-5435
9275
-197
1600
-3402
-55
5951
6577
-698
-215
3121
2785
882
1604
8017
7110
1023
1362
-6601
832
-3681
3642
-2452
-1032
-252
3118
182
-1740
0
-7859
-1988
-518
2021
-4685
-2037
-7670
-1827
-1429
-2849
1022
3126
-1141
-8871
7322
7216
-5490
-1672
1764
1070
-748
3754
1156
-3192
831
-4052
489
-2834
9800
-8072
1530
-1874
-7962
435
-4128
1690
4076
-640
665
537
-6765
-2072
24
4509
-2154
56
-454
796
1919
-1986
-5417
-3835
5158
-3038
3339
-1886
6491
5799
822
-4691
-3913
1706
-597
-1595
-1101
5130
-313
3631
4567
2798
-3566
5725
-4545
-6315
709
2233
4430
632
888
2251
4608
-3884
1320
-14
-8255
3172
2182
1210
1679
3635
3161
-3267
-318
2783
-3224
4242
1120
-2322
8784
-5001
1665
7649
9403
5641
-4770
-1453
7916
-192
4897
4470
-2399
2819
-500
465
3122
-4023
4798
4877
1079
6008
4439
3491
850
-4305
3865
5289
-4607
-5001
-4974
3263
-1617
609
8026
-660
673
-4834
3102
2682
-5850
5234
5435
785
-80
375
863
4927
2308
1746
3101
5038
5784
8871
130
-4066
-2871
4011
5809
11
999
3755
-1835
-4274
-4849
5106
3992
4148
163
-1469
-2534
-1978
-3666
-380
-4001
3491
3500
621
-1047
-2164
3109
5585
-2024
-1599
3139
3226
8684
-4691
3432
-3796
-917
-1936
6811
6908
-2385
-7261
-1754
2918
684
7868
-5706
-7397
6329
8362
-874
3641
-4123
6509
-321
7130
3499
-634
8262
-867
-5596
4511
6608
4626
-464
-1431
-99
-4342
5035
-178
-3245
532
-1321
-2580
6438
-524
1034
1151
-2081
4721
6434
-53
-2285
-1891
-2115
6040
2262
1794
-1335
-2311
948
4028
-4752
-1706
5670
105
2838
2012
-3726
-3316
-90
-3479
-229
-3910
8360
3810
4464
-4360
1733
-2115
-987
5733
4648
-3387
-534
6610
-6362
1985
-1073
3178
-262
-415
-2131
-1722
1710
6450
521
4036
-370
-2390
4343
6900
-3547
5474
698
5023
-2576
-2443
-322
-5865
1699
4028
909
1736
762
-2662
1005
508
6161
682
1861
195
1625
3510
2166
7407
2226
2947
-3908
-5801
-3376
1488
-307
-6830
474
-4448
4323
-3309
-1636
4464
-6773
-2301
-1806
692
896
-7246
-2002
4399
-8485
-6097
1579
-5553
5274
1974
9797
3592
-3043
-4365
-2548
-8271
-936
1978
-2871
-3129
5791
1619
-5110
-6994
-1088
235
-109
-3403
2842
6187
7561
2240
1138
5190
-5334
1375
1591
5846
1642
-2368
3510
2833
-390
151
-1366
-1403
2767
2027
-3585
1132
-6739
-318
3905
-3208
-3782
-1056
5823
1700
3272
-4970
-4828
6259
-7189
5234
5314
197
-3213
-5782
-479
-2839
2939
5001
6497
401
-2738
-417
990
7095
7710
-2506
-47
-1699
2223
-6990
3176
7163
-923
6345
-4573
3268
4882
-71
386
-761
-3256
2031
-7447
7863
-7196
-2395
3255
-914
-150
-1027
-6509
-510
1617
54
-6098
-6338
5293
3531
-138
-1977
-7012
-4136
-7119
-2325
5125
-40
-6659
-3665
-7097
-3553
1219
273
2913
5796
2952
-7970
-4357
4799
-2100
-2730
824
-2699
1575
-6333
753
1322
4126
3610
-664
-3512
5351
-1725
1078
2977
-1597
-8120
5781
3927
2582
-1025
2582
-4284
-2506
4120
616
818
-6535
-2217
-942
-3931
7372
-752
-1651
5606
-4499
2221
2031
1073
2501
2649
-1840
-779
3492
1865
-3699
2490
1409
233
-3208
-1213
831
848
-5218
-278
1590
8147
-6128
-2209
6013
6340
1582
-5739
-3117
-3922
0
-4949
2621
-5931
3473
-669
0
2766
-1090
-3816
2681
-2273
-2168
655
-3368
2277
-3368
-274
-5043
7906
-835
497
634
1526
-4730
1627
-3069
1683
5161
-4582
3267
-345
-1494
-4246
-1521
2250
1448
7652
-298
2066
2568
551
-5008
-5345
-6793
3032
6367
6608
1500
6683
8734
-6847
4476
-3024
405
-3346
5148
0
4168
-3658
1246
-1515
3521
2299
-1399
1446
203
-7638
-1957
5695
6000
403
-5836
-3471
-2993
1240
4192
-3423
5133
4667
-663
4400
4334
-1008
-5556
-4625
277
2926
964
-2974
1270
-3100
3504
2930
8671
-685
-648
-5013
4539
-4577
-912
656
-215
-4327
-2511
-1164
5382
4817
-984
-2306
-3759
4043
1950
4449
-4922
7609
2262
8234
1782
-7061
4379
1746
4540
-2046
4163
-1619
-696
804
34
1209
1118
0
-6445
-98
-918
882
-1949
3051
71
3928
1496
-8069
-2354
4066
-1439
-6235
-4347
-2936
5318
-5958
-4038
4557
1289
1463
5413
-8443
-30
-4886
-4696
6207
2197
-1307
3252
3396
2368
3692
-4555
-173
-2928
-2562
-4181
8854
-3945
3852
2977
5019
6092
6219
-3739
-571
304
1519
-169
-3427
-5702
1643
-5334
-1875
-2232
-875
-175
6241
-3585
-2129
-116
1204
-2624
4583
675
2823
-2349
-1710
1374
-1534
2262
1426
1751
4030
-3031
1830
4764
-4073
-1035
3080
-4105
-388
1097
-4807
1297
6596
-917
-1702
-5725
-740
-400
-5604
2029
-1252
-2317
6379
-1911
4765
562
-2225
-6500
5619
-184
-1435
-159
-5933
1044
-2147
281
-1511
3947
6737
-2751
-1852
173
-4326
-2969
-258
6068
5266
704
3135
3384
1487
-7741
7963
545
302
-1550
1440
-35
-127
4617
2937
-6216
3162
-2143
-127
938
1201
-2349
-1173
7386
4704
-1852
-4016
-2123
1700
925
-3355
-2011
3047
4777
-5319
4458
6518
3137
4142
-1424
1048
-1107
9103
-4164
-4883
-2228
1982
3572
1911
-524
7243
-2435
6850
5622
-1174
640
8341
-4948
5961
-2236
-4560
1493
-399
6751
6885
-3220
7952
4074
7766
-2072
-1971
1123
-2273
4080
49
2710
-2190
2938
4513
-7029
-2762
-1940
-5195
2326
4864
3033
-3637
5691
-759
62
-2388
-5595
-3125
-966
-1788
-908
-1264
4338
9588
177
-73
-267
130
-1641
-1825
-2949
-3001
-3239
-3601
6266
-6120
374
576
1484
1547
-6307
4023
-537
5317
3948
5079
322
1358
1721
-6663
6733
1039
962
8265
6346
4650
4464
-4649
381
2209
5563
-3150
3101
3439
-5547
-5799
-1681
7614
2701
-1546
3322
1071
5951
731
497
-1144
4193
-864
2511
-6815
1948
-6314
-2541
2248
-2621
4339
-1296
-5974
-5927
-3452
-660
2316
675
-2783
-6442
-4374
570
-3261
-6706
317
-4614
3689
3020
-1679
3936
-1486
-4810
1351
-960
-3763
6775
5003
3258
-2871
1403
3363
5493
-6645
-1917
4030
-1342
3203
-6931
-5063
9195
-7788
1610
6451
-3512
-1112
582
1310
8461
-1695
-6674
-1743
-2087
3889
-2212
4543
-810
2687
4960
-6294
2833
3080
-1721
3506
3105
-88
675
2782
-102
-1362
-5888
-562
1734
5384
-5379
-2969
-724
-5310
562
-6553
-3754
-3983
-3332
2157
232
1679
1544
178
3696
-749
-1950
-5016
-4869
-6602
5057
-2893
1146
-8351
4665
-1852
-4320
449
2187
5038
6512
3121
-6725
1612
640
4013
4004
5191
4913
-748
-4961
-5687
-3968
2075
2720
2051
-840
-2775
5538
0
1079
1911
2049
4662
154
-812
1125
-3528
3236
86
-1292
1362
-2693
1394
3669
63
-5092
-858
-1461
6551
-1002
-3298
-409
-2924
-2748
-4287
5583
-615
5823
2336
8038
0
831
2515
-860
-324
-4189
-184
-2953
2250
1820
5293
1464
-4690
-1152
2945
-5482
1091
1959
-5797
-3310
-1801
-658
623
-2943
-1633
-2551
194
8961
-1490
-2650
-6772
3185
1601
-4481
1258
0
1058
-1262
469
1042
-1839
503
-71
-3224
1839
-704
-1791
-5339
3669
-1458
-2039
1240
944
-5053
3801
-1281
-7683
1425
2259
5596
-888
-1587
4137
6731
7724
-5375
-5050
-2930
-3103
1309
-406
4200
5470
7552
7506
-2823
542
698
-764
-2729
-3120
942
6207
6711
2188
4468
-4776
-3137
3101
380
-5385
-2495
6823
6092
-1133
659
-1707
-6481
-3044
-5012
1000
7771
1925
2564
-2077
7686
2346
2661
1803
-5046
629
5191
6152
-1910
7001
923
5351
-688
-3549
-1518
-1429
-612
6246
1113
4850
1884
1881
766
-8286
-2656
1932
-5000
3856
3244
-1477
3046
4011
416
-869
-6142
8963
-2125
2370
90
5435
-5618
2400
6892
-6323
140
5665
-6294
-8730
1866
1039
-1568
2688
1679
-3368
2333
-2577
-3198
4695
-3940
0
-2255
-3773
-6338
6906
5704
-7673
-5597
7306
-1227
-3808
-1991
-5788
848
-6507
-5372
-231
376
1602
4927
6312
2403
1556
-1388
195
915
5083
-617
-3795
4503
1313
4581
-5259
-5055
-2435
1676
1850
5441
-399
-4347
3561
-2237
2613
-1277
6964
4318
-4166
8671
3248
888
7356
-1903
396
-2533
2604
2599
-7678
2813
513
-6087
1915
-6144
-6442
-3399
962
-4067
-3336
5685
-952
-4422
-8
-7447
-5644
5219
-3089
1046
3277
7654
8055
-3219
-732
-4781
8580
-8242
3659
2879
4782
-1403
7724
1321
-517
9201
1296
-3675
-5122
2918
5783
3996
6514
3849
-90
-5427
7007
2930
3967
-7044
-5195
-3090
4699
6989
-2884
2947
-1197
1754
-504
-1216
940
4683
-1629
-3743
3005
-2303
3382
-2762
100
-1128
-5646
-437
-181
-404
1640
-6163
-8112
720
1253
-3220
-3830
9073
-566
6862
-6207
-385
-669
-5782
-2930
-1362
-2217
808
-2634
4613
4575
3108
-740
3255
-7784
-2148
4547
953
1594
554
159
-800
2767
-8298
873
-4776
8713
1346
-219
-5949
-5618
6387
5685
2914
-6481
894
1707
1342
-6677
-1289
0
-3545
7038
-5359
1449
0
-1311
-3601
-210
-2269
832
1270
-7970
-2400
-3543
4940
2550
2386
-5673
4081
-6010
1403
-7554
5224
-6677
-2730
-2727
-6443
-3960
1327
2173
-2171
220
-1586
1528
1693
1399
-281
3284
3616
-3371
-7445
152
2374
173
5216
-471
2144
9579
-196
-6725
-5186
1065
2636
4169
0
-4862
-6043
3777
-2178
4457
-4057
4922
4148
459
-1881
-5408
-2677
4011
6871
-4274
-4027
-7487
3549
-2926
3345
2215
6203
-5253
-272
4391
-5422
3960
-1683
2032
333
-1920
-53
-2120
5170
-3659
-2036
-1560
-632
2495
2976
-7816
-3268
-1611
-2205
5224
4631
3109
4350
820
3685
1145
-792
-1259
-7559
-168
2740
7147
-746
1123
-3122
-1116
7163
-4157
-4704
-3346
5624
-6668
7826
-669
5436
1515
1533
2066
-1098
3748
3556
-5522
-349
4228
6194
-2208
-3282
-4335
-4639
-672
-1054
7857
2744
1771
4011
2446
2589
7999
2728
2068
4574
-6654
-876
897
213
2221
2690
-935
4710
-2195
-7159
1694
-845
-5196
-3505
1769
-5784
7027
3486
-2622
723
5562
-2510
731
2850
8302
-1611
3964
-7269
1087
419
-5126
1547
541
-1812
-6546
3225
6109
-3965
-917
-2064
2755
4338
-637
22
2175
1811
-6162
968
-1968
6701
1311
-3125
-4253
-6176
-4733
-3421
2808
-2270
-8372
-2107
1256
338
-997
5033
5307
-4645
-5779
-1828
789
-4152
1075
1297
376
-6273
989
3692
-8148
-2262
1861
-1852
-4945
3524
-594
-2309
-2797
-9076
-1440
2766
-2031
5316
-6229
-6113
3116
-1434
-1978
5604
4249
-674
4347
-3009
0
-2522
2637
-486
-4571
-8955
-1220
8142
-4906
9058
-748
-2899
922
-4315
5298
130
-175
-2999
-1004
-1585
-3437
622
6733
-336
752
-3868
992
5323
-2558
3574
6402
3570
7975
192
3499
9648
3203
3095
6838
-405
7562
6376
1497
-5305
3385
0
894
5800
3058
960
-2068
3237
-7393
2661
-168
-2650
7866
-326
7654
1700
-4827
-8480
-3857
-6877
-2624
-4122
-4831
-1833
-3114
6899
-1296
2169
960
6668
2275
3507
566
-1024
2121
4126
-5174
-3661
-5665
2236
-1707
2894
-478
-2072
1740
-4439
1200
-5987
6466
-4794
1466
-77
5040
-4091
-479
1679
45
3344
921
-6252
520
-2570
3319
1377
1115
4181
-420
-4935
5630
-3070
-5902
2220
4270
-515
1087
2051
-5073
388
822
2823
-2866
-2254
2627
946
-3912
7516
4197
6701
2633
8723
1120
-2180
-2135
436
-3174
798
-3378
8265
-370
8227
1367
-2975
-1458
31
2613
-455
3048
-678
4777
469
73
5080
89
-4511
-772
8063
-8857
516
-3307
-3818
3190
-8447
6932
4129
-4952
-1040
-3648
-2475
-1504
-1774
-6460
-1678
-5959
1600
-4576
-1755
1633
105
6993
-2277
-2465
7485
625
-2049
5967
-2634
6387
-1106
-5488
-2175
-2068
3058
-2608
56
6332
2550
-6
3812
1283
6052
5451
4337
1795
-6601
6214
-4388
6508
-7766
-33
5113
7878
-1173
2568
1952
2077
6166
5239
-7158
-2001
-1101
2015
1328
-2860
-2884
-974
-4195
8252
3066
-817
6165
-1391
1791
404
4041
-3504
3519
-4468
-1917
69
404
3746
-6590
2065
-2660
7675
602
-6370
-2926
-946
-9615
2014
-1264
504
-5915
-2176
6450
3788
-4250
4292
-4145
886
2356
-1017
8192
-3216
-316
-1290
-1025
-556
-4971
-6163
-8271
-3912
-3895
691
1417
3486
-2370
3210
-4376
2144
2886
485
2372
4648
-1301
-3449
-3426
6049
-6459
475
1322
-7276
1506
2392
-3227
5188
-3258
-288
-624
-2746
7952
6061
3638
-5978
177
-1785
-2183
6603
3953
5617
2012
939
3005
4559
-4188
-998
-6453
51
-3660
-9129
-2219
-3482
994
165
4459
1923
-1368
8428
-3679
5836
2226
409
675
5756
-5530
-2857
2444
-8724
-2056
-4479
-2192
-3726
1540
450
-4740
2465
9277
5326
-465
1682
1491
6638
2540
2569
-664
0
4068
1651
3026
791
-3026
4148
7614
-237
3755
-4017
3550
2534
14
1060
1567
8414
5611
1929
4561
4150
615
-678
-1831
-1864
4257
3521
-1649
345
4072
5822
4657
-2928
6419
-5254
-3135
-910
6228
-4085
-2033
1677
374
2472
1050
6187
5542
-3523
3032
894
-3141
-1445
-2294
-761
-2855
3583
-4971
2569
3914
-423
4927
-1107
5022
-7010
-8569
1156
341
8629
2183
4999
543
1758
573
-1410
-8770
4396
3460
1575
1039
-425
-4126
1769
2860
-675
878
4527
14
6603
2303
-1845
379
2549
-5858
-2446
-4061
1054
4035
86
-2671
3663
4184
503
-1856
-2964
-5965
5142
99
-6382
2301
3367
4381
532
561
723
-4849
2503
723
6367
2059
1686
3884
-1335
-2145
-2844
-2155
5129
1198
-2160
-7364
2917
-1640
-7885
-4831
-1439
-3698
1291
-2189
-97
1497
1676
346
1892
6374
-4073
-736
-3743
3973
4184
-2699
-569
-8
-3525
4830
-914
-2753
2409
585
-2903
3367
-1928
-2480
2422
9673
6988
-5572
-2975
-4470
-3423
-1692
3652
198
-278
731
-6590
-1053
484
1071
6681
-6160
4655
4449
7198
2543
3877
2630
-6663
-156
-8543
4947
2306
6647
3323
4565
-2300
-5482
-6520
-8227
5431
-603
4333
-4226
1718
5488
-967
4732
2480
2677
-7285
-833
3319
-190
1611
-1235
1219
394
-3609
-3157
-5052
-1478
-2087
4836
5343
7794
-3507
-2710
-3227
6868
3993
173
3109
2980
0
-2799
-4057
879
5646
1937
4299
-4465
-1216
-776
1335
-8526
-6556
1299
-683
7425
5465
-1069
2605
2104
-4012
2365
2690
-5942
4631
185
-3543
-2399
4467
-2924
2879
-1677
4770
5810
64
1610
458
-4012
-835
4249
5562
3148
1845
-3950
-1185
-783
-4675
-1147
-307
2221
-461
95
-5264
435
-2601
-6198
-1852
922
-3607
-7285
2579
1361
7003
1039
1894
-3479
6984
-1068
-76
-654
78
6757
815
484
-6215
296
-2513
7090
2320
-4145
9267
127
-3636
-5775
565
-4573
-4566
5722
1075
-1918
1838
2439
1036
-4057
0
2568
-2395
7899
-1947
-3502
-1671
6900
4608
-463
-1782
-6912
-967
-3275
-3661
-6578
-389
273
602
-122
-6314
-3634
-6141
-1925
1191
2966
-1819
-1725
-6718
1885
516
9362
-8904
3382
-933
3836
-4145
-6791
-1507
-6895
0
620
-1553
305
-3286
-2999
6942
6914
421
-221
-12
-1920
471
154
345
1297
3468
1297
-1445
-7579
-257
2993
-4681
770
2735
-3304
-1944
-4678
404
-5413
1625
5656
-5724
2649
1582
-3755
-6712
-6646
-2195
6232
-5256
-292
-6597
3765
1460
766
-7332
-1152
-5140
-5047
-3884
1009
-7557
-5688
1317
-1295
-3680
-7947
-761
-2879
-3016
-1194
-7823
6951
2659
-6578
-5110
-92
5704
7508
-1086
1533
8010
2120
-8802
-6204
5205
-1351
1587
-1410
-54
213
1808
4513
258
-4491
4504
-3593
-6010
1042
3884
1899
519
4581
1932
-918
-1699
-2550
992
56
2275
1103
-1921
1782
2028
69
-4136
9362
-1241
5843
2051
-4890
4589
-3003
1952
-6840
20
-5535
97
252
-8602
-90
88
-3886
-7074
-4449
6111
2040
-3909
1877
-3470
13
-1229
-4944
-365
-6244
5736
1353
1913
3005
-7278
1431
-3693
-1542
4918
4622
780
6993
4614
941
-3521
5727
-4723
-4413
3950
-7384
905
392
2575
629
3669
-1090
-5446
639
-4845
575
-4648
8809
5800
-2281
-5083
-2890
3086
-1777
-433
1385
-1144
-2458
7415
-772
-3703
-8738
3432
6982
3996
-2631
7831
426
2829
-5297
2131
7364
761
1427
3978
-2622
2356
477
-2140
5006
-4866
-2539
-2659
-4727
513
-5046
7402
678
2370
-4122
197
2178
5391
-5949
-5297
-6828
4764
-5435
-239
-7039
-73
6185
-209
-2006
3138
1834
-5377
-4132
4311
930
6115
1857
-5650
8225
1887
-2597
284
1179
-6968
700
4597
2306
-5442
227
-182
-5532
-1636
-1029
1610
-4355
-7239
-2764
1788
4434
1822
-3128
2312
-3089
328
1834
-1598
-1828
-6404
-3578
-391
3831
-658
721
-3884
782
4155
-2598
5478
-2783
-5224
-5219
-4833
2219
3469
2574
1149
-5118
-1890
1811
-2033
-257
-196
-1072
-4902
-6152
6026
-1587
-6943
-5980
2571
-4429
-5749
1530
6699
940
2223
-5445
211
1568
6701
3092
5557
7973
130
7045
-1715
-2460
4224
2200
505
8395
-1991
-982
2926
-1064
241
-5151
-135
-3774
-1765
-2469
-5477
-5572
1637
2072
2596
1448
2245
-6076
-3814
2719
3339
-5001
-5105
-2713
3996
-5053
-3757
1598
-8099
-4109
-2863
1624
-3290
5617
3779
3546
1621
-781
3677
-3586
0
-2976
1957
3948
3749
-2674
-3601
7026
-2730
1545
3030
-2522
-36
-2918
-4224
-6679
9299
-1608
4722
1138
-4073
-9064
8019
2191
1454
1559
-1302
3878
-960
1285
-1687
-7254
-246
-704
-224
2348
3513
0
367
776
-3858
-4762
-4647
3808
8606
263
-1506
5306
4925
3163
6576
-6333
-2970
4996
6088
7494
-1037
0
-1722
-5680
-5046
-84
-531
1894
5493
-3404
-1219
590
-2882
3822
-3775
-5206
2262
-1000
0
-1999
-1355
-658
8713
-1724
3658
-5979
910
-145
2732
-9523
1421
-4620
1771
-551
4622
393
5936
3394
-7251
-1298
5274
-7184
-109
4081
-1386
-1403
4185
437
-4109
1000
1729
7192
-1074
-3216
-1858
1035
-3936
-1156
-5095
0
2386
-3747
2758
1237
-3208
-3234
-4327
2051
-4500
-5893
-1466
2135
-40
1399
-3508
-57
-3779
181
8939
4576
1890
12
-5199
4311
2801
-185
432
-2293
-2181
-6104
2730
-884
93
-6251
5342
-1645
1823
5818
-951
1212
7625
-823
5566
-2439
-5375
-5196
1239
-1477
-770
284
6465
-6751
-6546
763
3438
1693
7449
5274
-782
-4982
-1385
-905
-2209
4127
2462
-679
3228
3356
4109
-4438
804
3792
1167
-2775
1454
-6197
3260
7271
-7784
2391
172
-2710
2408
675
-1850
4424
83
-5767
-762
-3129
-1678
-8176
-3655
2980
-964
2076
6143
-3346
1796
2571
-4327
2502
5516
-5956
2999
-410
-4696
2621
4492
-5131
1355
-5992
1839
-168
7840
-1441
-3832
-5442
-4787
-2446
-5748
4687
891
1485
-2888
2319
7797
5750
-7208
34
2488
6533
1317
0
4271
1004
-5572
7052
-1287
-5477
-150
-4914
2741
6791
-2934
-6
-2757
-1280
2582
-1325
-7767
6335
-4217
3071
-2480
671
1819
-4523
-541
878
2341
1367
4049
4786
211
-954
770
743
-855
7219
2120
-321
-1189
-2975
1719
2388
-4861
-7985
-3307
496
3973
-5660
1674
887
-586
-4644
-2221
-2945
-6957
1229
-1706
-3214
1568
6720
-3432
-1542
-7009
-2683
1757
5197
-7056
3693
-7546
2840
1041
-6079
2537
-2672
-1192
5096
-119
5568
5436
-669
490
-7435
-1592
-511
-396
-6336
-5382
6053
-4574
785
3686
0
-5831
-6224
1832
2381
-6651
8993
3737
348
-4334
5493
-3336
2998
7219
-8274
4832
-1186
6668
-2601
332
-1984
-5776
-8863
2700
-2181
0
-6065
1860
-4079
-949
4891
716
-4825
-1104
1157
6578
-144
7584
-2115
4270
6142
-864
968
-6568
4265
-2364
-3853
7479
7061
2182
1253
9238
3778
423
-4641
1059
1444
1716
1925
8201
2717
880
4838
-3671
9088
393
1302
1393
-6492
-4495
2601
1500
1614
-4828
-872
2682
-3009
-2240
273
3738
-1520
3377
593
450
3358
-5427
1913
4823
1087
-6054
-3444
-434
-9097
6545
-3293
630
1072
-4133
-925
-4063
-2869
-893
3589
3328
-966
-110
4355
2794
3810
260
-1261
5653
3411
-2545
7903
328
1333
-2539
1222
-5322
1144
4252
1730
429
4340
245
373
5644
-311
1771
-4923
2804
-2104
-2579
1006
1601
-2948
-3381
6924
6308
2417
-2627
5258
3135
-1349
-3665
632
-6207
4398
1289
-4818
-1525
-4472
-5090
1533
-985
2572
544
3801
5299
2757
4076
-874
6303
8828
-2203
7189
-3754
-2648
-1339
-1755
7226
-6532
1349
-4858
781
-335
-6452
-660
-3000
2559
6557
-3298
3217
3058
-1437
-5910
-2965
8274
4017
7402
-8260
5579
-2254
-3084
-4845
0
1527
3584
-229
-4500
-2974
4490
1219
-3117
-3464
3904
8742
-7646
-2566
0
-3611
-7641
1064
-114
2985
-2244
-3592
-2399
-1352
-6569
3356
5555
6239
-2475
5669
1065
-8907
2730
-927
1307
3133
4685
2336
7467
1791
-1619
364
-7566
-3118
-3066
5535
2046
-4607
788
3509
5200
-5979
-5436
7123
661
2439
-2264
2196
5678
-1440
-1494
1831
-5177
-5286
1757
-3064
4979
-1345
-411
-938
-4348
7450
-2644
5195
-1701
-6894
-109
584
477
-5298
2823
-2188
7250
717
-5717
3798
-4821
1497
2286
5929
-6807
-6106
-761
-4745
-4571
616
911
-3157
1010
-2729
-3743
2993
1159
-7388
5332
4891
1879
-72
-2823
-1886
4249
406
-3174
-2420
2652
2752
6578
-5427
-3100
3669
-1671
675
2507
-6419
1705
3015
4645
-1858
113
2486
5056
-997
-2289
1913
5538
1592
-1410
2049
6568
-1303
2888
4014
7383
1828
7048
-6010
3963
-5205
2256
-7268
2979
-1849
-1286
766
5134
-1495
6013
3153
1723
-871
-8746
5112
-6176
-9287
6291
-6850
-499
4389
5079
-1068
1998
2833
2682
6512
831
-586
5478
2979
-1897
-814
-2226
-2024
-3844
611
4428
3022
2613
-1383
2171
5323
-7349
-978
4145
-6378
-6753
1715
-3154
-117
-2146
-1253
6956
7780
-2313
4494
-7036
1994
-5196
-2044
-1522
8015
-9791
-1760
6266
3711
-5626
-5036
4668
-6433
-1859
4764
-355
1883
2468
-1617
-1623
693
2528
-1791
-3359
2353
-4696
-3262
-5265
-5852
-3247
-6026
-6852
5130
-2947
4177
-4332
6536
3894
-2044
3747
-4579
-2730
-1896
-636
3328
4094
4194
-2313
4828
3144
-530
-1619
1694
-4226
1067
4452
9259
2028
-3002
-2931
-5394
-4067
6660
3059
6682
-4760
-2559
-6141
-5556
7573
-5761
-3557
-2724
1060
-5539
7157
-5305
-1234
-9468
-3992
-1693
4442
8178
-1352
0
-2442
-4379
1531
-3611
18
-6878
520
1357
2917
149
1678
3367
3830
2106
-8645
-5187
-2285
-1823
7365
2213
-6003
4725
1877
-6535
719
615
5057
1441
681
4532
759
-2569
-2873
2039
-7231
130
162
-1129
1929
5456
-7754
-1465
1203
18
-1098
2098
-6237
7579
4356
0
2107
5050
-824
2662
4194
4819
3936
7216
3884
7078
-2209
3975
1562
-2969
-7359
9201
-60
-2562
711
-5376
-3132
-546
-1823
2955
1934
5052
602
-3730
2409
337
2433
7718
1384
4557
-6662
7259
2755
-7112
3210
-2465
719
5886
2514
-1058
149
-932
6824
-2161
-3455
-1247
3695
-318
135
-5155
-7630
-2637
-271
-3335
-3644
3131
3395
-1069
3048
7313
1818
4525
-637
1287
2567
142
417
1278
0
6755
1914
-4031
-2648
-4132
-304
-2118
3056
-4776
2566
284
1956
-7253
-8036
539
265
4124
2400
167
-1345
1546
9
-4194
-1936
258
-292
5237
-723
-435
1572
4210
938
6804
4884
-2164
48
6518
4076
-6004
-508
-566
1852
-2027
-5480
313
2808
-6586
994
-3495
-2972
-1489
-7472
7621
506
6123
4341
-2079
1940
-1281
-523
-618
-4454
4030
3372
4693
-5480
2161
722
-43
1651
-4894
-1266
3415
3329
368
-569
9287
1859
-2161
131
-248
-3358
2540
-7514
8409
-1429
-2842
-4778
-1640
-3634
3461
-198
2488
-3815
853
506
-5590
6326
-2480
2613
-379
-3340
-2037
4137
405
4099
-2894
-5637
-3288
-996
-6518
2767
3163
-1917
654
2560
-5274
-1261
3040
3252
6436
1516
-915
-3160
2417
2876
4473
-149
1784
2510
-2192
185
-3068
-4240
-3207
1319
7190
-3839
-798
2730
-3099
-2722
1538
-1294
-2163
4750
1484
-3232
-2852
-9293
3549
418
8199
1985
-503
7519
-5250
562
-401
3253
-418
-7716
-2564
-653
1673
342
4540
3927
-4696
3111
-3980
0
3393
3899
-5229
1482
324
-2409
-6817
6635
-1514
-3901
4033
4574
-1997
-2006
5056
-1542
1372
-1991
-4750
2616
0
-3267
5202
-71
867
5886
-5804
3073
-5577
2088
-4525
-4976
2336
-5427
3080
3081
-1507
-1717
2838
2365
5685
-1368
920
-7094
-6051
5200
-5230
4432
-151
-3980
3579
6659
881
-2160
1437
1716
2574
-143
227
5452
4446
-1221
122
-937
5823
-3679
490
3272
3396
-1128
-328
6660
3776
-1141
8245
-972
8002
4145
7025
6015
6456
-7079
-2944
2285
-3089
-4506
-2221
4125
-2444
3695
3865
4328
-2183
2863
-2250
6891
-1716
-2696
-8389
2317
5474
-6085
-6739
729
-1582
622
2675
-3076
-740
6195
-2783
-5424
-4517
-1410
2511
967
-4036
1879
6115
-7132
657
1748
-6994
1815
1885
0
-2180
187
1181
2068
2895
-1002
-269
-8057
1296
-4523
621
2460
-8504
5449
-815
-7502
222
6011
173
-3573
-1637
0
3692
-2223
-2259
-731
-3862
1005
516
-4507
5955
-4132
5734
-4126
3810
864
-796
-2172
-1840
-3267
-3120
5291
-7522
-804
-4131
-643
-5879
1637
-3901
-4711
-2495
-1068
3138
5678
-4325
-1312
-745
1881
9340
-4760
521
-3803
4932
2340
7338
1138
893
3361
5628
1347
5871
8855
-1466
-499
-2252
2640
-4240
-8013
4888
-570
-5355
-2098
-677
-388
922
-4151
2224
6076
-3108
5623
-1932
-6594
-464
-3629
-5140
-1252
34
-3525
-2470
-4260
5200
-7772
5135
-713
-2658
-6099
942
-815
-4173
-76
1185
948
-793
3301
-6988
4972
-1403
3164
968
-967
-1305
-996
-3179
-3990
-626
-3231
-2190
-2845
1723
4596
510
-286
8234
-7522
-3107
1600
1449
-1511
-9654
-6723
-7265
4608
-1181
-1042
3886
-4554
-3143
3938
-5591
1319
-2049
2452
-2578
-261
211
-4105
-1239
573
-1717
7386
-7811
3180
4318
7116
63
5429
3129
992
-1298
-3535
-4159
1764
-7120
2910
-4739
-3470
2548
4331
1945
7298
-6199
3512
-4472
-7904
628
-573
0
1756
570
0
-2588
8828
-1331
5228
914
-9285
-2209
-5230
-5538
-729
-6815
-4731
4509
3512
1095
-1174
205
-5936
3492
6687
4307
-3099
1437
-1851
2029
2066
-3854
-3386
-2608
4603
5487
4211
-1034
984
-4837
-2726
836
2216
-1164
-6782
-4894
2245
8211
1093
-670
-3246
-6285
5444
3732
-647
1413
-164
4240
1994
2478
465
-454
-171
5752
319
3596
-1911
3306
4576
-659
2095
2993
-3290
7364
3237
2286
114
-2040
4656
-750
3312
976
-4216
-1798
-1699
2638
4249
-4018
6092
4266
-3521
-1036
1251
3276
396
2649
7206
-4693
-284
-1834
3220
-2770
-964
1790
-3763
-2477
-1327
-1495
0
1347
-6019
-2243
-1074
5809
-198
4144
1159
2341
4411
-2348
4476
3475
1535
2594
-2897
-6749
3695
-2426
1036
4192
962
3486
-1890
1838
-7949
-4923
5154
-1683
5636
711
420
5983
-716
0
-1816
3765
5616
-6490
-3710
4806
8127
6845
-1184
5313
-1690
-3559
-6471
-688
4047
5299
-149
-7151
5775
-1432
-5160
-3537
4293
5818
-2994
4197
-755
-2497
-7312
1547
4449
-2610
-3044
4853
-1466
2805
5376
-3581
2189
-6754
651
-1022
661
3834
-5261
6687
-4709
1621
-2927
229
250
-3320
7033
1059
5752
4063
5347
-3568
-3011
93
-5655
-510
-2172
3014
-370
8108
-2977
1819
2034
5122
2785
-3003
1711
-1330
2721
-1835
-6679
-6968
4220
-4576
3579
7160
3750
-748
-4138
-3616
-1440
1146
-5837
-1628
900
6117
-6509
8993
8865
-2250
3047
-7775
2708
2686
3022
-3310
995
-1349
9551
6660
-1097
4359
6367
2931
6091
3193
3095
-4250
1288
-3549
5892
-1007
3663
6914
2979
-1171
1554
-2501
1186
5466
3232
8052
4654
-1351
753
-4257
-22
-1481
-3148
3020
1242
1953
4014
-7597
-659
-7156
-420
-861
1619
284
-2500
6764
-4936
7860
2473
5837
5367
-5756
1363
4877
-6708
1841
3938
-3782
-9004
-4828
-1491
7457
-4956
2613
-7312
2175
3112
368
-3644
-6815
4627
-1344
197
5304
-3706
8538
-1855
4999
-2210
4290
-4479
-3549
1881
-2554
4041
-909
-3559
-2675
-1215
8109
3684
3317
1567
1006
3218
-2603
3530
-191
-9091
5588
6758
-4374
-1046
-1500
7780
-8013
5626
-4201
4856
-6945
5660
-5415
-5164
-672
-1035
2980
372
-1853
590
-3464
-3696
-3724
-168
8877
5608
1853
2701
7007
-3539
-209
-6046
-1911
-1173
2269
-6370
4267
-5264
-4986
-3044
-3358
-1409
2947
-6263
4431
-9034
5823
-211
-1645
-2134
5276
-4952
-6125
-1037
-8709
1599
113
826
-3250
-4179
-4246
2954
-330
1338
1755
-3722
-103
3252
7573
-4182
4036
4124
-781
-1713
1913
1833
-1198
-7359
-650
-2977
304
-5019
2543
-5297
2319
-1177
-4641
505
0
-6564
5528
-1440
3074
7264
-1383
-2146
-191
-6772
2538
1288
1011
120
-1353
853
-3287
1512
471
-1777
-3991
823
1316
848
4024
6214
7516
-2203
364
-4649
1321
3309
2032
-489
9702
-1754
-1977
1160
3494
-4152
-4217
3028
-2189
4184
2940
115
4117
-1725
-307
-9849
1524
2177
-5099
-247
-2333
-2730
-7699
-192
-1235
-1298
-1592
1963
4930
959
3441
-2221
4922
3540
-5956
-1038
-2588
-1671
652
1079
-5542
7415
3412
-1399
2783
585
-269
-672
-6216
1067
6545
8286
-562
-4454
-6032
-3515
-6682
989
-1749
-3150
-1669
-2118
-669
6430
1155
-1147
460
-940
-7795
2625
-6179
4811
-8033
-2086
1705
-1594
1122
7255
-1746
1693
3950
-938
198
-8041
833
-340
2529
3531
-1920
-1944
-1332
-1607
1879
6441
3605
-8013
-1451
1301
-3029
1092
7189
3254
1007
-6018
-2014
2501
325
-664
8284
-3751
-6167
-821
3556
1454
1464
3041
-4559
279
-4755
-9239
2869
-3328
6683
-783
6456
-2764
3588
824
6256
-716
8401
0
4509
-782
-804
-4950
-2790
1305
5515
2040
2111
-6994
-3382
-3457
4574
2862
-405
1149
-150
-2447
-860
948
-366
2251
-6289
-8907
3622
-6609
-656
-712
-138
-7546
-8
-8849
4269
4004
1161
-2085
-1151
5451
-1248
-2612
-7403
795
4743
-658
864
1532
-575
-3851
-1135
6310
-4731
-6877
4950
-5073
-2677
3189
900
-8707
2914
-1575
0
2015
-1118
-6062
2612
-2907
-3226
-5047
-3129
-5571
-1320
-3808
-5205
-1768
-4647
7458
-3204
5788
-3958
-6720
-4273
-3672
1044
878
418
-7546
-1907
6015
5158
-248
4543
6499
1070
-3585
-6663
1322
1051
-1220
3241
7778
-8161
450
-8581
1125
-2760
-4401
-1452
6638
1847
6768
-1586
3810
1072
1895
3084
-4976
-390
-1469
1978
2152
-3129
5986
-2544
2034
-2559
-4917
-1594
922
2094
-4033
-8858
837
-4956
-6904
5185
-1747
-3481
-6655
-409
4855
-3925
4758
2663
-2655
2629
181
-2413
-4525
6291
-637
1015
-5665
-2487
-3083
-995
-6322
-2829
-642
2981
-6333
-3127
-7931
-1334
1075
6322
-2596
-3665
1720
2554
-774
8176
-1190
2452
-3054
-1264
6514
5665
-1534
525
2342
5878
7113
5465
-856
0
5769
1325
4299
7567
-2727
-8900
3595
13
1317
-645
2066
-488
3640
2337
-5809
-2314
-2164
3027
493
5481
3461
-1317
-4877
-6497
-8674
4906
-168
-713
-642
-4408
-5547
-6
1393
-4192
-3928
-4740
5136
-1673
2242
-6105
-1790
-2923
0
-3897
1794
5621
6487
1573
-2061
3842
6610
1279
560
3590
-4166
-2859
-1835
7871
-7415
-3044
4611
692
3817
79
-2940
1550
-4197
960
5044
4097
-3887
3050
-5287
2074
1077
6026
6726
-6677
1963
-3884
6972
-7081
-490
-1154
6531
-3028
1196
-1434
198
-3096
-723
2937
4753
-2222
188
2538
2817
2822
905
1023
895
376
1519
-5297
-8753
4198
2563
-165
-2397
5164
-3236
1384
1278
3063
-879
2093
6436
-815
3822
-1959
5336
5055
-6896
4139
-5372
1159
3131
8232
-4002
-2141
4786
8713
3610
-2495
-5391
4194
-385
-6038
4543
-7793
-2636
-3105
4298
-1587
-6638
-300
-6635
254
9370
2243
-3767
-1613
3549
-1911
-4192
2052
-3233
-206
2005
-3925
4913
-446
1284
627
-2855
2117
-2379
-354
4229
-5268
3684
5857
-1905
-4928
-4896
6318
4504
4120
7574
667
1305
-4690
-3002
2800
7761
-394
-268
-4241
5077
-4122
337
-5849
867
-1181
-5547
-313
-1921
1689
4878
-1393
-561
-1216
-1410
-1468
3821
6341
-1162
4689
2531
-2362
-948
2885
839
-3181
-1609
-820
4447
4379
-8378
492
-1037
-1041
839
-3359
-2879
2003
-932
-6561
-3376
5242
3328
-270
-7261
637
-262
392
-4005
-1192
1545
-4367
7259
2462
4131
-3512
-5742
-2105
1358
1526
-7755
8117
2879
-519
4142
2269
983
4583
-4034
-4226
45
6658
-631
-3422
-2853
-1313
-8462
120
6625
4662
-3980
-1933
-2988
2810
5809
2046
1446
3176
-815
6033
-1340
3298
-5637
-5155
-2172
-3428
-160
-1505
2124
-606
3695
4268
-2882
1456
-4076
-1777
8026
-7265
-6710
5769
-5804
-6891
-8335
-6663
519
1201
-6108
6699
1145
6607
5436
-2494
-2571
2544
-1357
-1911
3123
-872
2753
145
2745
3812
-1334
-5406
2906
-3522
-492
-2296
1808
-316
-6032
-845
-1511
7660
-6573
-5726
2069
-3776
-6895
-4463
3088
-4753
2294
4378
6076
4435
-1852
-1034
4639
1100
-1845
6450
-1977
-864
73
4020
1297
416
-1198
300
3770
8349
252
1301
-2396
-2798
1894
2546
-5806
5351
3329
-4508
375
-2390
1539
-5536
3143
-965
7127
-3121
743
-2564
-1672
817
8809
7469
-1783
7592
-2555
3807
-176
-668
-6442
4015
142
2041
6626
-1845
1477
4079
-5738
1403
8571
5200
3492
2350
-1561
0
3951
3915
-46
2559
-4505
1975
3629
6214
5136
3676
1965
3438
3392
977
-1406
-1856
232
-6043
-8199
-7374
-593
-2253
-605
1804
6040
-99
8526
5128
-5858
-6832
-2032
3347
3569
1087
3539
-2806
1020
-40
1791
-1395
-2562
-3508
8239
2320
-723
-1252
-5337
-4570
-788
-3191
-1632
-7636
-4255
1688
-362
-2667
-1476
3164
2189
208
2508
-612
-2219
2510
1885
-2390
374
3188
5075
3399
3395
3551
1079
3237
-3814
3272
-7406
-1789
2258
1231
1313
6497
-2846
-2093
1005
-4402
4581
-4611
-650
3511
-5621
4371
878
-206
-1693
5163
-1544
-1144
1255
-870
-4172
4611
5625
989
1582
-5287
8161
-9193
-5386
7630
-3827
-3445
4823
3471
-1034
4386
1973
-7591
4359
2604
-996
647
-4119
5765
-2682
-2217
7587
-1473
-1412
-790
-1640
2916
1037
-177
689
2539
1705
250
-3454
-190
-2375
-1499
1741
-5327
-6261
5886
6274
-1666
1590
5147
-2724
5697
2511
1908
-2539
1367
2472
-136
-6103
-12
-7320
-5164
-4661
-3112
4381
4884
-2503
-35
-3408
8170
-3904
642
413
5143
441
-5043
4355
-1445
1258
2563
-3561
-3472
-5163
-1697
5313
-3656
-7044
-670
3752
-7016
5172
-6370
2058
-1311
-5877
-1421
5400
-1131
-3767
-2794
667
2102
-2791
-4359
1456
6326
-1990
-1272
599
6007
8077
-597
-5616
7654
-2539
-3177
-1909
-5058
3545
2583
-4575
-3320
6033
7041
-1441
-3174
-764
-1760
-3533
-5248
122
3229
-4575
-4347
1305
-2544
-4463
-3868
5038
8258
978
1980
407
-5579
-7831
-2866
6900
2127
1803
2557
4060
3766
3728
2700
2127
-3641
85
-4065
-6422
3899
-2569
-3231
3459
1336
-36
398
-227
-1409
2862
1357
3892
1111
-1487
7062
-4304
-1851
1282
6338
-8709
475
1503
-3072
4681
-1587
1921
2837
-2534
1032
3074
1313
-2720
5970
-4941
-4813
-1181
2704
410
-2000
-6600
-3518
7327
-83
2121
-4489
-246
995
-2652
1762
-848
-4415
-2191
-6994
-4107
-3730
-4104
1927
-5876
-1151
4090
-4465
-2442
3830
-6659
-454
-840
-3126
4187
1963
-3710
2306
3754
-8868
-684
-1799
-639
4246
-4852
3497
-3436
4825
-6277
-3927
1721
1736
-1154
1148
-3925
-7555
-4835
-6015
3347
294
2066
-87
-470
2121
3076
-369
509
-6161
1444
6110
1470
7273
-1129
5069
-7818
53
-3873
3143
-7384
3211
5356
1093
-2544
5377
2616
-8324
-2310
5985
-2799
-597
-4513
-1434
-573
-7009
0
-6700
-245
-5038
25
-7734
-1634
-5195
-384
517
4442
-3900
-6911
-5423
2774
7573
-199
4101
1431
-1002
-1827
-998
-1362
-6314
1337
-6046
-1994
1880
2215
-4436
-6049
165
-3817
-3427
-3560
-3477
6111
2523
-3716
6583
-3444
1484
-1330
6429
1025
-2105
-2617
-2368
-3290
590
-546
5136
-3002
2615
-1447
-7208
2875
-2629
-3562
-4943
2647
2003
3967
1943
2686
-399
-8050
6444
5432
936
-2772
292
-192
-6120
3397
-6059
6105
-3096
1834
2142
1683
-2259
-6198
475
6862
-2377
705
-2642
1296
2637
-2619
1945
-1103
-6950
611
-2863
1741
6979
-2569
2614
-2821
-2312
5376
4611
-3255
650
5053
7654
-3988
-4139
-8230
-1594
-4362
-606
-904
642
-234
-723
-3172
5112
-3436
341
4431
-6075
-4477
-2192
2290
1643
-2126
2003
-917
-968
1499
-2022
1355
-4066
-2105
5692
-4133
-6201
-828
-8161
-3421
659
-1079
1579
-3007
-7966
-1679
-1289
50
9370
7911
1284
6417
-63
-1888
-2113
4087
1209
1282
3776
1731
2068
-4319
6303
-5538
-5748
-2538
-4135
-2784
-1441
1264
4111
2645
-2803
-5765
-4374
612
-7564
196
6376
-566
-1076
-7307
2893
-3658
-4670
919
-2230
-6139
-4112
3842
-498
8729
3329
-3383
-6555
1428
6458
5887
-6950
4156
7206
305
-1690
-3452
-4508
-2662
1239
-628
-6112
-5470
1399
1795
-5479
-6268
-3436
338
-2428
-2714
-5700
3029
820
9014
-5892
304
-7324
696
5840
-2822
1552
-3077
6797
-8699
-7738
1714
-6273
1193
4033
-3070
-5372
2495
5202
3852
2019
-1249
-3775
5112
-1524
3117
-182
-2562
201
-1609
2842
-748
-5095
-1353
-1356
-2488
-8770
-4520
-626
493
0
6007
2196
-1693
-1911
-45
3478
-3499
-4735
4522
1548
7423
9327
-4049
-3290
3927
-2298
-2711
-830
-3835
-4832
-1856
3138
-2322
5704
-6569
2139
3835
-2644
1665
6877
6113
-5530
-3102
3062
8774
-3213
347
6456
0
9356
5385
7026
-665
-4326
-3775
1102
4961
-6139
-6980
5234
592
-1663
-6043
5074
1879
1823
-5422
-1104
5445
-3439
5044
-1928
-1919
-4443
3162
706
-138
6583
-3895
-2244
-5773
-4194
-7538
-6187
5150
-1666
1715
2721
-5298
1460
1484
97
3627
5444
876
-3723
-5019
-4733
-6477
-2773
-6088
-7646
-3954
-608
2410
-3130
25
4168
-2998
6885
5437
-1693
-6918
1244
2669
5886
5136
-3603
-2311
122
2663
3921
-3336
-4559
1660
-1416
8002
1111
4932
446
4719
5368
-509
3936
7757
3936
-6531
3508
-1218
-8580
8178
2232
-6831
-8255
-723
-201
3794
-2586
-4579
-2489
2699
894
-1875
5193
-1245
509
-1859
-2228
1947
-1235
-1361
-966
-3528
9782
-3359
546
2293
7906
4348
2687
-30
5606
1920
2555
1215
-1573
5936
6375
1895
-3074
-6729
-3889
2078
-4067
-250
1563
6891
-753
-2085
809
1432
-5696
-7079
4825
2605
1338
-6216
188
-3588
3771
-546
4931
643
6979
-4845
-2348
-5555
-326
3005
-3817
988
-246
-7615
5965
-3032
-764
-8569
-6534
794
-2526
-4568
1149
-8800
-1193
-8660
252
1279
1346
5679
-3102
-84
2473
4331
-4097
6358
3759
2971
-1795
-5877
4169
-5525
2656
-2644
-5119
1787
2971
3703
-3361
3468
-895
675
9886
1653
7646
1880
5299
2368
-1869
-571
2298
6130
4063
5667
7396
5857
-2058
76
3770
-4794
-1538
5349
2979
-818
-3013
2978
5188
5464
1668
9267
541
672
-3128
3189
-669
213
-56
-2187
-6578
-3187
-1563
-2184
-3613
-5222
-5290
-5674
-6314
895
7075
1420
8265
-5698
-8226
-4173
-6099
471
1544
2502
-5150
0
-2217
-6546
5898
3576
4253
-5870
-1268
0
6927
927
-372
-7777
-5882
-3821
2647
-2231
-362
-7061
6824
-3689
-2858
2049
4154
1266
-612
-657
-603
2621
1014
3727
2568
-5444
1157
-7136
6725
-3725
-1191
-5036
-2368
377
-6049
-1999
-569
4922
5079
8972
1720
-2350
4230
-6802
-67
1321
-2797
-6119
-2839
808
-1645
0
-6277
-1523
8089
1915
-602
0
-2226
4451
4733
4465
5155
3109
-1249
-98
4833
-7816
-2369
-126
-2195
-2192
2056
-9166
-3966
-8069
-5001
-2093
7223
4973
1306
4830
1891
2010
-1070
-5134
-3001
-2727
-4326
-8940
-5987
-90
1636
-5224
-1890
-3666
-2934
-4089
2355
1355
5234
-4342
-3871
-2359
-5053
4515
-8041
-3124
1595
-8048
4042
3496
-2253
6311
-1221
-1626
322
-1065
-2596
-2181
-4914
1791
251
999
-3044
-1689
-3140
-3090
-4878
8
-2281
3329
1440
-4195
422
-1633
-1032
1143
2144
-3371
-2662
-7786
2219
7425
722
-4618
-2812
4125
4622
-7572
-4285
3997
-1802
-384
3604
2557
-6400
5471
-8631
-2511
-761
597
-3268
4567
-1468
566
7299
-5998
3246
-3213
1420
3040
-6429
4017
3651
-89
-6484
418
-5772
4612
-4368
-4467
2286
1914
-3381
570
-7063
-2888
2168
-1969
-6750
5675
3652
6050
3544
-2183
3766
822
-1090
-2801
0
-4073
-6260
-3499
-1053
-2145
-2224
4155
1059
50
-4534
-1915
8820
866
-3688
-2873
-2730
-685
-1532
-279
-4837
1694
-6732
4194
5791
431
1219
1682
-6382
-5375
-3912
6330
88
909
6706
-3247
538
2825
5566
-2707
-2697
7350
1285
-1283
3156
7378
3052
5102
-6950
-5128
3024
-3995
-83
7787
49
1309
-3035
-3274
-7378
5385
5342
7619
-3518
-1778
48
888
2464
5804
-184
3609
-1526
37
3016
-4138
1497
875
-2163
804
1676
2892
1454
-1846
5017
-2893
1318
-125
-6268
5507
-1810
6736
-1353
-8730
-839
-4823
680
539
-2616
627
-1473
5017
-2306
2317
4908
3055
-1146
-3757
-44
2165
-6
2036
-4703
2847
-332
2791
-4853
-476
7136
-7264
833
1706
-3005
-2683
5065
5395
1322
-6748
1138
-3338
-2273
-528
804
2548
-3609
-3547
3610
3225
2399
5181
3419
-7513
-3177
2255
-1865
-4690
544
2265
-218
5377
-2133
406
-6120
609
785
-5051
2545
1535
871
3504
-265
-2136
9344
3223
2548
-1961
-3053
4807
-1521
406
-5415
2027
-1180
-5810
-738
-1911
5478
224
-4220
-1150
8518
3116
-2635
-1299
1188
-60
1229
6989
-5406
-4559
-2670
-3497
3248
2241
4740
-1511
1573
-4158
1859
-5123
2748
5557
2342
-323
-3199
2126
-2404
-1531
-4284
2472
-5359
2258
-877
5994
-4452
2250
-1443
3985
-1785
5067
6638
-661
4200
-1823
-5160
-2212
-1165
-4788
-3768
1784
1875
-3356
1768
-3137
-1935
-891
2417
3574
3137
-5282
-1181
3492
-545
-952
-5347
985
3320
-3215
-307
-156
-504
513
-3472
3255
2354
1145
1740
-6700
1049
9578
2055
3588
100
-7714
1506
-1197
3695
6757
508
6564
341
1155
-2656
-3289
333
-5053
-2250
1067
-1565
-8531
6917
-3488
4576
-5750
0
3526
-2112
-1662
4867
1796
2732
-953
-5822
2785
5966
-5369
-3459
-738
-3631
1970
4698
-5992
-585
-3746
-2105
3678
-685
398
-4607
-3467
2308
2250
-8003
-1134
-2126
8015
-6335
58
3378
2422
7747
3915
-5782
-3763
8
6844
-3630
-143
878
-4229
1301
2225
2514
-1541
3586
-2306
4079
4109
-1476
-7214
3885
3928
701
-1284
-2727
-4235
-6877
-4571
2513
3328
3526
-891
-5222
2730
-3768
1881
3272
-1408
1177
2135
-1365
339
2941
-1550
6333
2650
3134
-1391
-4460
2032
5832
-6346
-3717
-8940
-3725
1206
863
-5361
4922
-3053
-4192
2248
-553
1331
1846
-3944
-5160
6152
-2300
-4246
665
4537
-7837
-1911
6850
-663
7794
455
-4066
-4876
2572
-2683
-5538
-2429
-1562
5982
-7254
-4412
-7627
2139
5637
-1620
-2458
-3320
1516
730
-3952
-1374
6245
2767
683
-5477
136
-6739
5583
1740
-5956
4727
783
-4776
-895
-3044
-5676
3308
-1070
-2809
-809
-8485
0
4356
-4106
1991
-7568
2275
770
-868
-317
5653
2040
5195
-3830
-1654
8377
-3763
7617
-2570
1686
5685
-1017
-2517
3096
7313
-714
-3043
7091
-5205
-8016
-284
-2851
503
5075
-3282
-4914
-3246
2134
-1690
519
4581
-3537
-1746
-7237
-6796
-2457
-1098
-3619
4428
-2970
1437
4
3461
-3386
-1583
-7061
3689
-561
-1287
-1153
368
-4386
5762
-3113
2017
0
804
1915
-3655
-4967
-7655
-3735
-2312
-2161
-2497
-608
-5206
-6030
2539
153
-2062
-6075
-8796
1766
8239
5660
-1352
-6558
1582
-6369
6644
5089
1824
1660
3831
-6216
3860
-7865
-2433
-1334
1093
6387
5291
-623
-1865
7571
2093
-4092
883
6508
-414
-4745
5284
-5925
-3755
386
-1447
-440
823
1009
1912
-2693
2639
-5352
-936
-2815
-1096
-1207
227
4767
-5699
-1244
-4894
-4182
4014
2426
789
-2209
5540
7702
-5394
-8041
-1594
4732
967
-1242
4966
4220
-5261
5477
-3078
-4736
4330
853
6591
-3407
517
-1307
3671
-7460
3766
390
-3403
-4246
-1881
4482
-1268
1134
-1097
-3309
2196
7167
5384
-7181
-595
3120
2107
-3368
2341
418
-5449
-4240
-624
-5547
4384
-1632
4218
4425
411
7506
729
4144
2448
-4560
-4914
-608
-6336
-2502
5351
-2975
-2613
-131
-14
-2210
7309
133
-2753
-330
509
3476
-3094
-3825
-227
3412
-5884
-6378
2378
1303
-4721
1610
-3834
833
-1635
-1148
5986
1592
-5007
-6125
5796
6438
-195
-2167
-4016
-1653
5219
5046
-237
1014
-7788
-6978
2238
3446
-5027
-1677
-2873
9237
3212
1244
6304
314
-2826
-9719
-2822
-2049
-8032
-498
404
596
315
4292
-388
-4655
8526
-7985
182
4415
-6076
-1420
2885
1674
-4104
565
-1533
-6422
6734
8571
-3805
73
2869
2298
2387
-4086
-7857
-7379
2387
7048
-8046
2225
-949
-561
3820
-6378
-1116
-146
2563
6
6953
-3803
-5432
5047
5516
88
-1024
319
-619
-4066
747
5158
-1276
3905
4545
358
5882
-4385
591
4948
-5134
-4896
6413
-3741
-3423
-3508
-1141
-6552
72
-2145
-4679
-1640
-2850
-1040
675
-6321
-5998
3464
-3131
-7826
-988
-3290
6124
-3457
901
5013
-611
7003
2999
3089
2767
1404
-1701
-1543
-1630
-5862
7073
-7179
1193
1493
-1171
-88
-5612
1296
-5157
5697
5209
1934
4854
-2085
-1177
6868
-4049
3394
1940
6868
3508
-1728
3625
1208
1188
-6893
-2394
1432
2320
5965
4115
6245
520
6706
2681
-4497
4812
4754
-1515
6256
5234
-1721
8424
-6243
1808
4068
-7288
1776
-2621
-7816
-1028
4618
-4033
1798
2254
3727
-7211
-2988
-1685
-6052
2936
-6053
-1104
4268
4922
1810
-807
-1735
-760
-3055
-3352
-6213
991
1484
-968
-4305
-3862
-4591
-2626
-5786
-3791
-341
1063
-2011
5986
-1073
-2077
2439
413
-2738
5147
1908
-1748
-1578
-1238
726
-2192
3198
2052
7250
-31
5356
-976
-3368
2704
6504
3324
-3213
-159
1414
3706
1248
-2982
-1389
-1721
7322
-117
1810
119
-5096
-3968
6044
1767
-5794
4144
149
3951
5343
4578
-2980
-2802
-3107
-7621
-4984
269
29
5582
-2446
-4397
-4274
5691
-6120
-823
-5632
7632
-3347
-4460
-5674
-6616
-4164
-1489
1894
-2273
-9791
5298
-710
3279
3860
5493
1179
-5462
0
1298
-3184
-5822
-337
5234
-749
-4141
1589
2296
3832
-5524
-1692
-8120
1399
5608
-3089
-1697
1437
-2559
-2975
-1316
6783
-699
-3185
9014
564
2599
-5831
-1540
-630
-4380
5670
-3389
-7016
-8458
2029
-4380
-940
4008
802
8916
3806
1700
-3655
-1276
-2390
3473
8265
-13
2393
5804
-3661
1818
4344
720
8203
4197
4332
8805
2399
636
-5047
-2895
6310
-2855
-1852
2854
1019
837
-6078
875
-663
-2035
1245
-2708
-6142
6341
-8739
4811
-580
3392
-5156
-2727
2183
-5221
-7239
5130
-284
942
2591
-4698
3110
865
5524
22
-6101
-4914
4856
5898
1403
-6277
36
-7598
9763
-4232
7383
1331
4381
-887
-710
2811
6431
1575
1182
2354
4441
1347
6033
-67
7416
-1760
-1989
606
-2542
-2888
8002
-2390
1241
-178
8916
-3423
5514
-7463
3316
-2166
-2334
1311
1395
3188
-782
-3766
3473
-945
3625
-970
3746
7095
-2856
-1386
-5700
-4261
56
4911
1991
-330
-2689
2547
3077
6752
-3769
7675
8828
-3671
1019
-1457
817
-938
-1906
2463
-1217
459
3212
4477
-995
-5248
-6299
6365
-6014
-1585
4233
3650
5859
5454
1733
1871
-3844
6435
-3455
1994
-2064
6635
-8061
198
-509
-2140
484
-8761
2767
-41
3233
6058
2380
915
-9365
2983
9253
4103
-1680
-233
5376
-6076
3109
-2145
-618
1668
-5590
-5730
-7588
-3699
-5446
-2651
-1090
-1178
5728
-982
1283
-3043
-2538
2179
719
-5637
1660
-934
-6417
-6944
1952
3664
2182
-2334
-4787
-5740
-2237
5465
584
95
-3779
386
160
2323
646
4500
1719
1253
-1069
-43
4693
-1164
533
5586
1632
-783
5013
-433
2292
-1949
-2268
-5734
-1977
-748
418
2165
-2033
-8753
1154
-5394
-3553
879
-5410
-4582
-6212
-4033
1485
223
-3074
-190
-1098
-3549
5721
4662
-887
-2397
5428
9800
-3945
-4753
-1555
910
-5009
5524
1720
-2654
-4180
1233
-4082
2005
2469
3006
5630
-1560
6667
4168
-3861
4963
351
-4810
7559
4530
4132
-6336
373
3718
630
833
-881
1151
7911
-3716
-1576
-2229
1219
324
-466
1241
4850
-4914
69
-4457
-7189
-3462
-5405
-384
7356
5278
-3237
-8351
-3493
-6885
-2951
1700
-3751
532
-7566
1058
-2397
4220
-2380
136
-640
-3995
1287
384
4535
-1186
6153
2381
2861
1242
-6049
1720
1363
1407
1346
-1575
-2806
-815
-2649
-7550
-4178
2513
-6950
-1641
-1186
283
-4866
-2593
5021
-6739
3442
3766
3248
3382
59
0
1002
2636
-2336
-2253
-596
185
2151
2076
-672
4058
-454
2522
4429
-921
-7372
-3980
6320
479
1205
-3446
-3543
6537
766
4310
-3123
20
3233
8124
-6664
2308
-2683
4400
4823
-84
-2154
-7284
338
400
-7463
8740
2241
-993
6194
165
-5972
6485
-6918
-1252
-1318
-4155
-6225
-1186
-5988
1971
-6498
3903
-7288
3363
6169
-1441
2400
-8724
3091
1915
-1641
6735
2120
8442
0
-2987
-5322
-7284
2409
3903
-423
3268
5961
-858
2121
-1755
-716
8360
-1466
-8282
815
-4797
-2043
4024
1676
3080
-1353
-2158
3903
846
2829
3544
-4813
-4068
-888
8675
8089
141
8294
4855
-1287
1071
-4505
2548
5321
8286
-3534
-7966
-4106
1588
4747
-8940
8514
5622
5041
3357
4999
2461
13
3132
-5863
-4118
-8314
1871
2154
-3089
-1640
1802
1764
1674
-4809
-8046
1428
1289
-4240
-8834
921
1543
2928
-2295
-3980
-3818
6568
2678
-4784
-5927
5483
-4505
-1833
-427
-1577
4186
-3521
2408
-706
-2655
1995
2908
2511
5542
5400
-620
-3429
3343
5377
188
1527
-4993
5765
1290
6701
267
3356
-6167
-3721
991
-1361
-4014
2490
1707
967
-317
-1197
2433
6371
-4781
3907
4468
5060
8640
-1610
-3503
601
-4375
5175
3262
2955
3285
-5824
-1116
-2463
-2344
2420
1420
-4664
5145
-1298
-7562
-405
95
-2125
-500
1283
2579
1151
1862
-1431
-771
3507
-3554
3842
3468
-4010
-1109
-7049
6736
8000
439
-1526
858
2853
-5741
-1362
-2153
-1425
4069
-1460
-1233
-4932
-2713
-1032
-2098
3411
1513
-2860
2817
-4538
-1789
1395
-4054
-3660
3500
-3358
-353
-6745
7696
-7994
5277
-1922
2238
-7228
4653
88
9356
88
237
-1276
-1619
-5893
-3539
-1437
0
1858
-3252
3914
-3214
-1276
-2189
-5937
632
-758
-2053
-1782
-4508
-111
-1400
959
2893
-2713
1986
-3582
565
-1190
-168
-1399
2411
-5442
4976
-831
6115
-2203
-942
4663
3877
-2021
-1578
-6065
-3067
-1563
-3479
-5780
0
5766
2924
1312
-2278
-1568
3976
656
-5968
-8266
-7540
4158
-4923
-143
-3295
717
-8666
3549
-4882
-8061
1688
-7904
-5056
392
3328
-3851
-1171
551
-345
-7247
591
-486
-1131
2213
2121
-498
-4188
-807
1708
-910
-6120
-861
-1666
6044
-5044
3131
1076
-3335
-4824
3864
4884
-4326
-5015
5613
477
-3794
2177
-1694
-4208
-521
5268
1342
-7439
860
3622
2744
3919
-2681
7421
6503
-5773
3678
1214
5697
-332
-224
-890
3732
-1587
1562
8179
1300
-3626
-4752
-3042
-1996
-1690
683
-4781
-5271
4181
2019
-2447
-2903
4246
-4743
1331
1392
410
-6297
-6338
2717
7571
5291
2621
532
-3588
-2879
-6076
3497
-1193
7219
-2252
-2711
6266
-897
3950
7425
-6579
3203
4117
1046
-4132
-2447
2029
2169
-5824
-476
-1524
-7147
-405
-415
5299
2099
-2191
-9687
-5951
3885
-4723
2682
4982
5697
1969
683
-7086
-2021
503
-5876
737
5197
-1689
-473
3824
-1768
1842
-8699
1506
1866
-5432
-1057
-2371
1122
-7179
-1294
-3219
1816
3244
2155
2318
3556
4690
2649
-5602
8026
-3372
7500
-8277
1522
5982
1829
6910
680
5432
490
-7405
-1090
-4520
-29
-3006
-6734
5641
3254
1677
-9719
-660
-840
-6333
-1518
-6847
979
-4235
268
3855
-1828
-1991
2039
4923
-2014
6329
5237
661
-1953
-2435
-9423
7079
1973
1222
2206
548
3329
1134
3474
-2911
1497
-2312
409
3138
2755
1033
-338
-2390
8774
1557
-5059
-3572
-254
-160
2698
1075
2157
-4506
2194
1986
0
1280
4839
-2634
-1057
541
-1782
-1237
3221
-4883
-3625
-8483
-6108
2142
263
-713
-1414
-4756
3276
-5386
-2555
-2233
-1332
-2598
-6071
2950
-3699
655
5558
-6695
-3117
-2555
-1999
2332
-2024
-7094
8257
982
-3909
2534
1776
185
-390
-7773
-4041
4101
-360
3273
-283
-4173
-2254
433
1470
-3605
-2027
-750
5175
-3199
8467
626
-3619
2666
419
804
1318
3486
2474
-1025
6738
-3581
195
-3817
-3993
-4005
3020
-3479
2044
1024
6523
-3503
-5102
-3371
7871
-6264
1979
7058
-5252
-1191
-2277
-6092
-4386
1663
-4436
588
-1785
-2187
4675
-7404
-3428
7744
-2895
-576
5966
2234
-1134
-562
4932
4901
2620
3928
-7540
-330
-1915
-248
-3207
3650
4340
-1582
2849
5476
19
4963
-361
-6421
-2594
5455
-1932
234
-658
-1895
-3895
5866
7337
5752
8686
-7994
5306
-2125
3234
-2268
-90
-101
-4468
-7806
-2158
-1582
2866
2035
-4645
1004
3086
2848
1713
-2418
-959
6165
-3311
-3386
761
6871
6138
-2563
-3703
-619
7216
-1200
1937
-3199
-1834
-4264
3361
-1637
-6163
1631
1693
-7931
2507
-3966
-6895
1803
4656
2147
-1511
-7264
-5581
6217
-1915
844
1352
971
-4188
1994
-5008
-798
-1529
866
-1395
4733
-1316
-1008
-4833
4901
-3462
2674
-3043
-5378
-1063
-6732
-1313
5980
1360
2034
-479
3080
1844
-6131
3065
-1112
5180
887
-1848
2948
-7345
6103
873
1242
990
1394
3785
-6895
1472
5293
-3415
-828
-7863
-4141
-5786
-7072
1282
2811
1566
-46
1246
1075
-25
2467
564
-1775
-7522
0
-1928
-3371
2971
1063
5636
-7285
834
-2882
-5543
-6569
-2041
-2743
1992
-1454
-4495
1849
4184
1416
-5263
-1408
-1284
3313
7460
-5922
-1891
-1297
3232
2116
2883
-5537
2304
2293
4768
2682
8539
-4679
6058
8258
406
4376
-890
-2032
-3261
2229
6606
-9423
2631
3137
2322
7013
-5516
403
-1525
-7251
3518
-4027
3460
-2293
-466
-2066
-4274
1113
3903
476
-3886
-3884
1087
-389
-1372
-907
-4020
3779
-4148
-4563
-3236
1543
-3269
-90
1819
-5530
3509
1904
3732
1853
-4256
-8611
1393
1920
-1828
-1624
2333
-182
-5788
-1516
6714
-6018
-2969
3468
-2958
5543
-3908
4294
2290
-18
-2400
3107
4856
-5394
2766
-4096
-1356
3523
-1815
2551
5284
-6652
-2510
3381
-1544
-6902
1810
-3432
-5693
2531
383
-2087
1749
3033
-764
-6887
-360
-30
8863
-1836
-5243
1198
107
3460
-1017
-256
1663
231
985
5187
-1216
-1072
-724
7192
-1331
611
3010
4350
-5852
-679
-6086
3657
-3886
364
-2730
6450
-107
-1985
2294
-370
-2290
-2558
866
1637
6129
4617
-5171
4704
31
-1053
1962
2730
-670
-5180
3311
2295
1399
8355
8740
539
3367
1911
3284
2728
-183
3529
-553
1976
5660
2219
4725
-4579
-5200
-63
2087
2399
25
-558
3510
1705
1052
3138
2774
2874
3953
-1510
-3681
584
-2926
-4546
-7306
-3250
-4481
-75
-3559
-923
32
982
-2341
-6677
661
3394
6711
1911
1290
3195
697
-1988
2665
1631
-2515
-3912
-590
3537
444
966
-4182
-2753
6735
1379
-580
1791
790
-2306
-6524
-3521
5357
2841
-849
-386
-4516
-609
0
-5015
2728
-2829
-2413
-2744
277
5474
-1324
-5876
5075
2601
940
1194
-985
2114
-6826
964
6404
2135
999
1927
-3901
-2
-6099
-67
4008
-6519
2032
222
2512
2791
-2301
384
3372
-1960
6291
2680
-673
-8348
-4159
-377
1562
-4682
1940
4338
8225
5916
91
1017
2444
-5926
-2404
1521
1401
-5126
-1216
-1716
-3892
2968
980
4378
-1948
2039
-1321
-1442
2831
0
-465
3116
-2238
1682
-1989
2855
2346
2964
4533
1692
2448
-209
2374
-1050
9141
-1953
-5687
-961
4978
245
841
-102
-6835
2906
2457
-2395
-4416
-7345
2082
-1068
2463
5277
-2936
-2403
1617
0
5404
5866
4428
-159
-3473
-298
3125
2997
-6341
1624
5951
158
4028
-1010
5210
6036
930
3754
435
2571
3402
-2192
3172
2003
-281
4090
-6864
8341
-5787
-9239
285
-2373
-2452
-1809
-7136
-6997
5959
1968
1971
-787
-5992
-4367
1282
64
-2606
1063
-4780
-2402
-4898
4786
-1579
-933
-666
-1534
430
-5008
3512
1015
534
-158
-4472
1048
-9400
-5165
2393
-7369
3113
-6871
-5167
1706
5019
2164
-6852
1158
-922
-424
4862
-5353
-435
-3944
6086
3913
1193
-3537
3704
-2652
-1486
-6198
1894
3876
4011
3488
3040
0
2720
-1606
-2180
-3774
1362
3488
3128
-5757
3259
-3017
878
3238
-4037
-4071
1631
2340
-2559
-524
-4084
-1491
-2585
2234
820
-6030
-3328
2741
-233
5718
-714
-3384
2127
1795
4830
996
-2821
2621
5691
1204
-9293
3328
3468
-914
-1287
5041
2614
-796
-2547
3625
962
-6896
-6453
-5468
3411
2701
524
-1899
948
927
-4788
-8753
-4776
-2312
7516
-2962
-3108
-1815
2666
0
-6462
-716
1039
-6144
-6307
-29
-3524
6531
1404
3396
-537
-3518
-4093
4648
-3134
2712
5987
-2505
-4415
824
5606
-8250
864
-6163
4151
-917
318
1311
-1880
1830
1993
1239
5042
2804
-1706
-732
124
-452
-947
-2420
885
-6504
6318
-3392
-490
2968
3684
-1205
-5158
3748
4147
239
2499
-1281
1720
2762
2910
-3283
-232
-398
2102
-2884
-4164
3907
-4162
4400
2601
437
379
-2844
-9211
-3089
5096
-5583
-220
638
-1615
1042
-1115
-1859
3864
3766
5175
-1907
3042
4798
-1074
-546
2090
-5019
-1645
-6452
-3448
-2977
1529
2247
2377
6365
-701
1496
-6315
-371
-269
824
2199
-3889
-2311
6429
-4122
-8458
-2988
2020
2978
4184
2855
5568
-2703
2971
1599
3298
-1882
2227
5406
4736
363
5199
-30
2527
3870
-1450
2937
-175
-817
4922
-7306
3210
3348
490
-1571
-566
8670
977
-2492
-3649
3668
-4732
-5803
1111
-1636
4253
1539
-7113
9811
-543
3462
-8104
2558
632
5733
-6905
192
-3177
-5126
4956
-6182
-371
-3807
1551
181
-2796
616
4472
-651
276
2439
-630
5113
2165
-6506
-1936
-7579
-4259
2856
5413
-3481
4704
-2329
-6757
4011
1339
3399
5432
-6495
-684
-564
-5191
1831
-9193
6215
-6895
-2427
8378
-3827
-995
-6676
-525
-4326
300
-2243
-1828
896
-1113
3895
-266
7695
268
2273
4011
-2609
-5481
-2927
9622
7740
-1011
329
131
4090
6044
3235
4645
-1778
1800
7340
2319
2428
2894
697
3797
-4664
3976
-1213
3080
4381
-3265
-1418
718
-2695
7821
-9758
-4285
-3282
4782
6116
-1725
182
1393
5600
7415
974
-658
1078
1130
-1591
665
-2443
3644
4068
-5243
-4351
5368
-1967
1602
1445
-1420
-4423
2029
-5749
-3132
2161
-3481
3132
-1902
4897
2299
-7867
1694
905
6367
5437
3491
-192
-190
2680
3314
140
1294
-440
-1241
343
4948
77
3108
8904
-2213
6211
2569
7457
-2288
1160
747
-912
2733
-290
-6429
2811
-6945
1273
-1707
-5942
-6652
4192
1311
-4279
1219
7840
-1037
-3462
141
-3386
3287
-1473
7811
-426
1337
665
2762
1794
-3141
1693
670
1623
2147
-1605
3223
2205
8176
-7332
4285
7573
3763
2681
1047
-109
44
-456
-2339
1634
3125
7538
-1252
-1695
213
-2108
227
-394
162
-2862
-5836
-5458
-677
-2371
-1831
1850
-5893
-6778
6982
3755
-4191
4679
4430
8467
2847
-3462
-1747
2369
3040
7095
-6252
6338
1416
1973
-6191
5277
-2440
-3828
6119
6052
1349
2970
-1823
2439
7021
382
3226
-2390
-1473
136
-8226
6058
1612
-5763
-2344
1808
9245
3317
-4151
2070
7099
8360
-1406
-2648
6042
5444
-2138
-318
-3124
-319
-7528
-3035
-3489
-954
-3639
2942
-7175
3639
-676
-3827
-479
-4096
2712
6245
3664
-3816
-947
-3803
5520
-667
-4334
423
774
-3834
-3025
2895
-423
1765
-624
-5039
2886
-6076
-6616
-4523
-494
-32
3776
-4564
-976
-6386
-6376
-5043
-1004
-1532
4153
3277
-136
-4155
-2544
4298
4371
1255
4073
-2255
-1920
-1816
-1276
6396
-4508
-3457
1071
7407
4446
-4161
-3593
-2611
-1366
4972
-2906
-9671
-386
2807
-1698
-90
-6663
1015
1717
-1426
-5690
-7185
-3279
1941
-2522
2428
-4696
-4273
409
8735
-3616
-4417
-1817
-723
-3025
-2494
-2649
4978
4047
-4868
291
4744
7519
-1389
3921
1674
-6646
4079
4629
-344
4007
-4791
-33
2066
-3789
-2006
-906
-2406
176
-4506
-5483
-3722
-3386
-932
-2180
6001
1915
2075
-723
-9157
-775
-3034
-635
3489
6044
4037
6109
6330
3685
5012
-1559
-224
-4783
1302
-1728
69
6855
-3323
4149
-5716
2649
-7353
131
-5441
-2165
6690
2046
-7741
-4430
-2985
-7767
1720
5641
1800
-3145
4617
-6633
6764
5982
3489
2860
6738
1864
-7000
-3370
1891
-2627
1422
945
5226
-2238
-7958
-640
-3599
-4932
-1180
-381
6169
-1496
-4786
-1511
697
-3274
5420
-4402
1662
4470
5485
3219
-3229
-1420
3125
2596
6598
3198
-8367
-6488
-3385
-2906
2928
-7811
1669
-6192
-940
-456
-7119
1072
-2534
761
4867
-3860
18
-4021
-6693
-9742
2509
-6142
-6103
-3017
-3561
1976
2551
-254
-2934
-3503
-1287
-2873
3005
-6770
282
-8041
1520
-1013
1349
-1628
-4661
-4752
4038
-5207
-2692
-4409
-7900
2373
-3418
6979
1619
6509
-4237
3935
2850
-3277
5317
798
-3952
7238
7407
-528
-1632
-6527
5247
2766
-615
3632
1968
2043
4149
-4819
-296
-1836
-3007
6089
2971
-132
-1460
1266
-2826
789
-5654
-1199
4938
-722
6088
6411
-4899
978
-288
-1630
-4781
3884
-1823
1312
-5639
-215
-3470
665
-4776
-1522
2928
641
2663
-1389
1795
-8748
3253
5262
-444
-4618
609
-8709
7918
6504
-3503
4296
-867
6411
2463
3319
-8850
-7090
1073
-2805
2665
-6754
-1013
-4148
591
-6288
-5828
-8363
-7874
-4473
-4366
-178
-7369
-3711
-2409
4247
-7320
-2115
4826
3030
5886
-6322
-3989
-4654
-5804
3771
4527
-1625
2978
3109
2046
-2241
-874
2621
-3655
2140
-3645
9073
-3129
653
942
3746
1579
-1299
-7040
-2032
8700
3492
6110
1059
1361
661
-6304
-4573
-4194
-2972
940
4967
-2411
-5126
5272
-431
2370
-2962
-2729
5704
-1104
5428
1027
-589
-5196
-4337
-3578
-3555
4389
2594
-4571
-2762
1895
886
-1537
2463
-4806
8750
-6904
-4349
-401
3639
4930
8309
2849
-3818
-7247
484
-1111
-3534
8571
-482
5327
5947
2351
800
2468
-3940
1588
3318
-8825
-478
4107
1160
-938
717
7966
1319
0
-5633
-4468
3604
-532
-3727
-3980
-4528
-6840
-672
6924
-291
-4376
-349
1337
1330
-8198
-1062
5766
-5090
1318
-1513
-4041
-1207
-3061
857
-3254
-4067
-1843
3650
1248
7294
-5158
1123
-2154
-2302
1070
8542
-1030
-1443
1102
1402
-6553
2666
1426
6498
4129
3101
4764
4107
-3008
611
1722
5234
-2729
5557
-3065
2175
-2585
-3216
3329
963
2290
-6911
6908
-269
-4379
-45
3370
-4511
4942
-978
4312
2746
-6445
-656
-6980
-3775
-8348
223
6255
3536
-1583
-1447
-236
-1038
-7034
2579
-3214
758
-296
3226
2015
944
-6654
-3017
-7
-7568
-630
2860
-2284
22
-6520
1858
-1249
1887
5347
-4782
-975
2043
-1665
2124
3468
-1759
-7627
5842
715
-9747
586
5611
-581
3220
-3325
949
9333
8234
-3878
-376
-1177
3932
3755
-1216
3223
-2595
-5046
-4285
5481
-5361
-2730
-5940
-2539
-9331
3911
320
3499
-4114
5421
4464
3409
-4246
-3537
3725
-2487
3872
-1416
-874
238
-1529
3804
856
3403
5923
-1353
-2586
-254
-2143
5096
875
-2611
-6193
-3088
-5141
363
3212
-697
-2809
7904
1943
-2126
5436
4513
3287
5395
3531
9252
1249
1371
1685
-2469
-1429
34
-2969
-6770
6669
5568
-5436
-1537
184
6576
-224
-2904
3945
-258
1674
-2354
3770
-823
-1673
2580
-3371
3347
2571
4818
54
-321
5653
4283
3812
-3922
985
2332
8893
3203
3119
-1363
102
4900
-1812
-1339
-6342
1067
6683
103
973
-1207
209
-4234
-618
-8580
3242
-5053
6203
-1777
3203
-5590
-4842
5843
6013
-5313
-4158
-910
408
-3593
-6682
6274
-1917
318
2901
2400
1621
-3244
6088
-8795
-1716
-1322
-1144
-4208
-566
-6718
-1088
585
-9228
-594
3003
-79
1117
1611
2667
4890
-6294
-3177
-861
83
-4067
-5690
-6060
-4229
2254
-4871
-1246
-4923
-4681
774
2317
-5611
327
2835
2148
5988
-3192
280
2306
-8780
-2361
1819
4794
3548
-9747
-2808
1352
-1018
611
-1010
2868
1516
783
4210
440
6504
124
-217
1456
259
5448
6365
4284
-2220
-374
2646
-8863
7761
-5382
7010
2886
3273
1193
903
5697
3653
680
1209
2912
-216
2038
-3131
4028
-2193
6092
513
-5237
-2558
6404
4109
-1062
-580
4492
-3827
-2240
-2524
-7678
922
2540
6824
9251
-4890
557
9340
2219
-600
3728
7464
6784
-528
-1759
-6500
1071
-1923
-5860
-985
203
-947
210
4555
4769
2527
-1367
1033
1240
3756
-5705
-138
3777
-3567
8907
-5554
1181
-1930
-3595
-3698
1395
-3263
7846
2648
-3530
4517
-7907
833
-2730
7574
1250
-1383
-5013
3878
-105
-1510
2901
833
474
9362
711
8742
-1997
1208
-1498
-798
6600
7440
5822
-3379
0
2207
-1979
3935
417
-2329
7126
-4808
-1606
2147
-856
300
8397
4770
-1520
1994
-1960
6043
1121
1823
-227
1258
1157
-6134
-5852
2063
-2118
435
5226
4043
-5284
7095
-1288
3869
3130
2245
393
3175
-8802
3446
-1234
-862
-5757
-2229
1063
151
-531
4288
-2539
1508
3314
1505
6592
1219
-1962
721
-8336
4300
4007
-4258
930
-1105
4875
-3029
-2868
3798
-2883
-5860
3218
300
6222
5636
-7689
4467
-5839
-5502
-5102
-371
-3079
6026
4863
7817
687
-5728
4434
2804
-91
2858
-109
-72
-2606
-2672
-1509
4191
-3753
1643
3312
-2648
-775
-2396
4539
9
2695
0
2804
-6030
4149
4446
-1160
-3961
-8357
-5243
-1443
-1237
556
-6586
-429
5360
-4445
0
353
-7055
-1836
5800
6957
1099
3273
-4275
2436
-863
-8226
-6422
397
5049
759
-3466
6454
4075
3482
-7361
1560
1007
-3583
7176
2764
-887
3429
-3695
-3433
5147
5437
-4059
785
6290
4094
1981
-3846
503
-327
-6745
423
4265
-3958
608
-498
-5446
723
158
1418
1426
2572
-5882
127
1839
8211
1322
-1531
-5219
-278
-2306
-2842
4081
-4265
-2
1802
-840
1484
-5475
5850
806
1000
-1630
-6796
-43
-6508
-2835
3466
1285
-67
-994
1557
7736
-2729
1310
736
780
2665
-5127
-588
6808
-1508
1608
2076
6979
3557
4246
3640
6332
3212
6984
1155
1210
6476
-3690
-2341
-1414
-6818
2469
7423
925
-2500
-5041
-5006
-1725
7614
-3213
8286
-550
1449
-3123
3164
1798
4439
-2153
4137
-5604
-879
1077
-3965
-3539
-3261
-5767
-842
721
-515
2322
1900
6625
5822
7592
2899
5765
5670
-4040
2785
-4180
8518
-559
-2221
7273
4194
-239
-4833
-1894
-2350
-6773
6084
5220
1968
-1780
6000
5284
-1050
-890
0
-217
-7197
5376
4997
5728
1492
5379
3466
2017
5498
8511
-2495
-4791
8751
371
-1038
-366
1704
6744
3080
3905
2018
119
1827
-1690
-603
5298
621
661
5083
-2135
-3743
2318
948
-4507
9304
5103
2068
4002
6843
-1914
-3641
113
-515
-723
2849
5054
3732
-6818
6450
764
-3072
1631
-7360
2887
8058
-4653
-1292
4457
7527
234
-3119
6294
1723
925
3293
2562
-2757
-2662
-4004
590
2119
-3342
5882
-1827
-932
4272
753
814
1881
-6442
-4970
8686
-2710
6561
2687
-497
8176
-1997
-8192
1067
-6438
-6626
-8313
3561
3118
61
1633
3732
-8780
1905
5698
-9153
-4794
6035
-1977
-5308
-8041
791
-1404
-2194
1495
-646
3642
7258
2398
-1007
-3358
2667
967
-818
877
-875
5892
4023
-4251
3666
-4527
-1443
792
3597
-1316
4495
6317
347
3140
-7285
1998
3731
-4326
-8990
-219
-4346
709
0
2297
630
-2243
-7747
232
-8849
-209
-2725
-642
1342
2640
-3851
2157
4613
3195
5480
-3733
-4538
-4194
3668
120
-5988
-1199
-1583
1849
-1541
661
-408
-4411
-7931
-5586
-3744
3880
-9123
1788
-4850
5631
2522
-1125
-6994
-1353
748
-7546
-2220
2508
1927
-618
-7079
5791
-5591
-1421
-1351
2935
-4596
2105
-4517
1002
4330
4913
3976
403
-2568
3642
4173
-9071
5422
-6158
39
-279
-44
270
3024
-4504
-6726
2807
2166
-3232
-5090
-3860
4251
3382
7587
1642
-1296
-748
2958
-3634
5665
-4581
4949
-2229
616
-6954
-8152
-6678
-392
4737
-625
5219
103
-968
-2199
3611
2082
-1547
3823
4661
2814
-7773
1707
2979
3549
6752
1188
1896
-6225
-1249
-1068
1335
1521
762
169
-4041
-254
1539
3092
3864
2028
-989
2393
-5876
-4778
-1540
-5628
-4482
652
527
-296
6165
703
7864
1829
1187
417
7780
-4104
-2406
6811
-1961
-1460
5752
2536
1622
-3827
-5847
-4943
4999
4721
-3823
-8987
6977
7372
4740
4782
6349
6758
8397
1159
6743
-468
6777
7413
3169
-192
-9816
-5056
-1235
-1186
1134
-4175
136
607
-1253
5133
6613
2743
-1466
-2385
5691
-4923
2539
1370
-863
-9671
-4554
-2492
1420
-1596
3254
4267
-2696
2498
953
-3621
1172
-2491
-5320
-3119
-4191
1281
6333
722
-7502
3800
4811
2313
-6120
3223
2869
317
-2064
-1076
-3214
-3535
-580
2811
3321
-6555
-8707
-5709
-7602
-2217
-1104
-4367
-3066
2590
-1615
3660
2640
1948
-2642
-4488
2497
3026
1715
8179
-1301
6791
-4520
-4765
828
2813
5557
-3786
180
-328
2681
-7324
329
5616
-827
-160
-3730
-664
0
4464
1622
-2463
-2693
-3211
671
-1996
-6287
-466
820
2649
-3663
4566
2348
-3421
1440
2551
5968
7299
3506
-7222
2815
-2172
-1216
1659
-6306
-2301
1312
5538
-2560
6084
-1536
2263
5259
789
-1811
7317
2123
2209
621
-4435
-6294
-7993
820
5692
5614
2928
-2444
-5069
6518
641
2743
7351
2257
-36
5697
852
3895
4877
1146
1077
-2033
5276
-4441
-1369
4162
973
-5039
3653
-76
-4158
-7511
6084
-3861
3899
-2045
-6552
-2908
2978
80
-5671
6791
-1316
-692
6936
-2166
7953
5936
30
-6112
4156
-656
-1443
-4690
4472
4898
-4123
2535
5754
-2452
-2154
3578
-1846
5823
-3132
-937
-4962
-960
-5073
4784
4835
-3208
8556
-6957
3702
4355
-1053
-496
-1571
1542
-562
2759
2224
8341
6249
1321
7011
6523
-6850
3213
3990
104
1491
-3730
-4142
4094
-404
-4614
416
-3879
4387
3976
1753
-4075
5142
9689
1052
499
6058
-6646
-168
1515
2056
-3394
3824
1025
-4
-151
-1253
-2443
-5081
-2815
3796
-5196
-937
-3418
4266
-5753
-1860
-6365
1168
8740
2273
4798
-1070
6197
3696
4378
1146
1100
-4113
1124
-4400
999
4693
-1823
-56
-5053
3077
-637
-272
863
-1810
2125
-8758
-2195
-1400
2482
-4198
4177
5879
2638
249
-4053
1567
-411
4744
-4872
2908
-3334
-3857
6100
8832
1180
0
-4397
-6672
48
-2442
2312
318
-459
2928
6418
-1725
-2407
2023
6109
-6059
-3021
181
-400
1300
-4256
-914
-5192
1210
-4220
568
7338
-1883
-7218
-5151
2032
3702
142
-630
-679
5073
2650
-4413
1446
7695
4613
3483
6466
-5624
-649
-1434
-7016
-2995
-457
0
-2581
-6850
-6079
-2023
-818
95
3287
5057
0
1103
3003
-2164
1852
-6580
-2849
974
-1390
5812
-840
4081
-4851
-2838
347
-3213
962
729
-313
0
-8277
-2538
6367
966
-291
2179
811
3893
-2675
3823
900
-1960
2400
-5081
-519
5894
6899
5062
-7087
-1977
-6578
-5446
3651
2196
-754
-7269
-1606
1581
-2838
3932
-7056
3798
1878
171
-5585
2016
3816
342
5775
-2973
-837
-1540
-1358
8360
-6602
8367
8154
1052
3109
764
4614
655
6023
-1944
-1104
-5743
-4759
3040
1357
817
2029
-818
-3350
-2692
-545
-6318
-2260
-3750
2671
-1054
-1671
3080
-3194
-2016
5350
-2183
-8242
176
-1778
-4467
2126
697
1158
-4415
-445
-1506
-8739
621
4869
-72
-937
2971
-269
1221
4836
4396
4169
4654
1042
-2308
3154
-5787
270
-6506
-2187
-7246
5898
-1054
454
-466
-4608
-1557
7002
1227
-199
-1267
-7546
-3394
808
609
8375
3531
2823
1295
902
-1522
5417
-4709
7386
-6895
621
1705
69
-4055
-2067
-8887
0
-1769
1886
-2488
-824
-597
0
3659
-3061
3864
-201
-2111
7005
-7175
6230
870
-3126
-1437
8039
-252
2450
3835
2502
-3398
235
285
3320
-3544
-1597
-925
4323
722
-6030
-7874
-4275
-745
3297
4565
6561
4769
930
-3861
1219
-6383
-2499
5738
1638
377
320
2318
-3132
-934
5234
-770
6956
6583
1727
2971
-6065
2570
3318
-636
3206
-1691
6091
-770
4070
-3675
-1326
2412
-627
-3418
3512
-5625
6023
4517
4782
1725
749
-680
7621
-689
-877
-2183
-466
-273
2325
407
4667
-4828
1294
5357
1071
1047
-284
5261
-1578
2308
1115
-3725
2447
4108
5234
4765
-859
-4199
-7894
2665
602
3631
-3779
-4509
2076
3492
2669
-620
-5059
-904
-502
-981
3756
6423
2262
977
-4112
-1963
7398
-186
-1468
2416
5109
3619
-2870
6512
2745
-278
6105
-273
3110
4564
1664
8526
2755
-2109
-4937
5508
3348
706
657
4
-2650
1582
-1733
2298
-2336
1015
3992
-798
1620
2674
-6972
-4949
-2912
7482
-5188
4101
-4164
-4842
-3827
1478
1654
2575
2980
4388
5625
908
7450
576
400
4131
488
3032
1409
133
-1174
8356
-8802
-6726
2830
-5983
-5328
1014
-3293
3569
-105
-4267
4238
9710
-239
-713
-782
7023
-1884
-541
-5692
729
-2869
1015
1830
-7500
-6425
6573
4136
2017
4264
-7009
-5048
-5154
-5571
-49
2681
885
6174
4590
-8504
-8237
-2526
7026
2241
2550
3834
-4962
-2827
3156
3766
-620
5329
-1407
963
6982
-1040
-4489
-4660
-247
289
1158
844
-1367
5707
5858
-151
5917
3088
-3220
2301
5685
-4148
-609
7900
-8825
8863
4133
-4580
-2265
3865
3830
-5995
-4358
-390
4793
1484
-4435
6778
-3449
-456
891
9050
-3157
6731
-5926
1791
2036
-1042
-3322
-2209
674
2647
-5483
-37
999
1811
-5064
-1847
5802
-5264
1223
-907
1288
4197
6097
936
-1253
-1860
-6357
2873
-2750
4371
-1352
4502
1693
383
3947
1412
3330
-5727
-2226
-6918
4192
-6032
308
-2307
-2713
-2079
-1907
4364
-1460
2931
-2654
-4614
4477
595
-5958
878
-6174
1881
-2684
-3983
7144
-2653
-8355
-8324
-5310
2587
-7871
3965
-3992
6875
-3462
-2291
72
-90
4956
3390
-6347
-2343
1432
-2475
-400
1718
3491
7721
1272
-2708
-1250
-2168
6651
-6568
5980
-3206
-1216
989
4681
-250
-3694
3108
-4681
-271
-2571
386
4195
7621
-1514
980
-2789
-1316
-2214
-4508
4013
2147
4579
532
-4065
-2009
-219
178
3646
910
2733
-706
2200
-4360
-4162
5586
673
166
3848
6396
-3174
3029
4919
8863
-1783
-6905
3109
-6216
-329
-1367
4695
-3886
873
-313
4738
3869
108
1691
-2036
-7158
386
2512
4264
1569
3549
2521
-3234
5543
-7459
-2033
-463
-34
-4655
-5183
-6288
-1495
-1306
-2380
-2192
4249
-1737
1600
-224
-3864
2686
2580
-3031
5931
-3561
-581
4648
-3568
6181
-4293
-7904
6989
-4876
-4172
-2545
6053
-4686
2920
2580
-2633
-4246
-3379
-335
-3530
-835
-5045
-5801
3273
-151
5853
-5625
-426
879
-8046
-4696
-1437
1105
-3339
-1252
2775
592
6626
3130
2308
1158
-993
2298
-6878
952
-3868
-3884
-6946
-2877
-4189
-1070
-7306
-2633
-7079
6020
-2764
5018
2215
-2774
683
-7598
2513
-1671
-4805
-7036
0
1851
4500
-7729
-3672
297
-605
-538
2161
2730
4459
4577
-1798
5493
6396
2580
938
1343
-4365
-578
3060
-3025
-4045
3917
-4198
1131
-1672
1530
-2505
1331
6752
-518
2631
-4809
5483
597
7951
1190
-2354
6598
-5392
-2923
-6507
1484
-4422
-2622
7062
-3586
-3303
337
-6997
7963
2216
44
270
-2543
-3850
1930
6951
5666
-3515
8233
3907
-5307
-5386
2978
-2303
-4266
4790
-2697
4847
-905
-4404
-4756
-1409
-6030
8442
-1217
5476
-832
-6591
-2839
6459
-1778
3126
3220
-6236
3997
-8300
-901
-3072
1630
-3719
1910
5198
-411
-3730
-2306
7827
2007
-1259
-3597
-5012
3936
-1359
-6192
2977
8866
8095
-7513
368
3833
2146
90
-1716
258
3316
4927
4882
4920
-433
-1605
-409
-745
-1855
-253
-2853
2090
-9699
-4323
3984
1787
-1447
6165
1852
-433
-1660
-2642
-7452
9084
-3054
-2250
7740
1124
-4162
3646
-122
4075
-6569
-6452
-4341
-589
0
3277
-5661
7658
1505
-1568
2031
-3069
5019
-5556
5851
-8949
7558
-8592
6053
-4013
0
-1676
701
-1568
-4266
-1617
6396
1606
-184
-519
-4309
-4526
4847
-5956
3239
-247
2920
3824
-4463
-5424
-7036
3647
4648
1895
-377
-1970
563
3498
2713
6233
181
3948
3395
1491
7167
5699
-5361
614
5898
-6481
8002
4058
-890
7423
-5775
-5803
25
4645
1384
-815
-1266
2729
1700
-1079
-1727
-4618
-683
-6911
2979
2275
-380
-1434
-1554
-651
-4919
3718
5100
-3944
2661
-2926
6375
-3831
-3115
837
1762
6537
-2488
2010
6086
2809
3632
-3711
2171
-3412
-399
-3731
-5767
-3009
3267
-8209
5741
-1626
3963
-4454
-4899
-3663
-4661
-4357
2127
-2807
4207
1867
2621
-332
-412
3259
-2940
-1253
4186
755
-1225
-1298
13
-1496
1568
5546
7104
-3247
3950
831
2161
5727
6512
-6532
2536
-4511
-4942
2893
-7254
-8255
-3359
-2773
-1895
-1065
-1897
1232
-693
1245
8769
2256
-4411
7527
-7513
4197
-4365
-7286
-4147
3154
-1029
2966
3800
-4252
-1225
7788
-875
7780
3116
3232
1497
-2348
395
-4808
6026
4597
-1578
5270
-1275
-2792
-3261
879
7273
-986
-1984
-2249
-7522
5559
-4235
6610
-2202
-4883
716
-156
259
-525
4704
-2205
417
-3479
3892
-2347
2621
428
-1772
2859
3963
8117
1256
-7324
4136
1457
705
1991
-5779
-9056
-2247
-3861
2885
4205
-415
3392
232
-5706
6504
2665
884
1360
2914
-6081
-1576
8327
6195
2074
1138
8735
-1749
2801
-1802
-1155
-5155
-1858
6124
-816
248
-4923
-360
8146
5223
-356
-4019
-2273
-712
-5295
-598
-3228
1781
93
-7738
-4068
-37
4578
1211
-7705
-3619
-4495
-2390
6491
-2371
7293
-6414
-499
9251
-7094
5664
2587
4169
1276
-2863
6701
-1596
1217
2619
31
-2176
8245
2256
-3360
3892
-5183
-6361
-6413
1031
-1658
2655
-8707
0
-4614
2527
1813
6256
-144
-925
-5250
-4820
2569
24
-4696
-2338
3992
-3807
-2077
2833
1985
2771
-4982
-875
-4164
-268
-3757
846
-6024
-3314
1476
4888
2505
-1453
-3528
-3231
1529
-5865
-8210
-3806
-485
-620
-1820
2295
3662
3150
2999
-2444
438
-2293
3532
2462
-2915
-2524
-1511
-4339
5928
-6498
219
8194
-5959
2478
1773
4504
5436
5347
143
-1081
-796
4177
5540
7549
7557
3644
2358
-7476
6503
-2926
-1920
764
-7147
6498
3367
-9342
4449
3821
1717
3870
8123
-132
3578
-5191
521
-2476
893
-173
1117
3747
-4765
-448
-2966
4901
-1647
921
7084
-666
790
6647
2013
6997
3601
-9365
-8483
-2753
-2337
4675
5994
365
8043
-701
1157
5451
-6773
2190
5447
-1695
-875
6290
-1103
720
3752
-6187
-6111
-2903
1001
3396
5202
-138
2105
5166
-4196
967
-1546
-2593
-3005
4618
-1356
-1597
-2028
6731
-3107
-339
-117
3925
-2849
3212
-1387
-2764
-757
-262
-179
-3017
1619
381
1170
-1557
-826
-4464
8805
-1505
5583
-5485
2741
1122
-5706
-6307
0
-5518
-3432
1513
-1443
-4704
-7777
-6085
3462
6756
-6906
-2216
-8669
-3573
-6254
-229
-4606
-6567
426
-5353
6701
465
4011
2289
6918
-2969
-4709
-999
-1577
-7110
6429
-6509
4418
-8707
682
-1619
-3751
-4105
-6324
-5206
4020
4007
2827
9815
8201
-6594
5794
-5163
2351
5190
922
1645
-546
-1306
6499
1839
4107
-5717
4180
-2608
1496
928
-1349
1102
-5151
-1186
4230
7322
-1054
7449
-546
-1897
6118
-2344
1252
-2192
2361
-1876
-4056
1151
-2131
-2699
4124
7052
154
-235
-342
-1185
-1333
667
3121
-131
-8407
5180
-3192
-772
2573
3823
7123
-532
-886
4501
2391
323
8863
-515
6326
-1536
-3386
1879
-3046
-803
6737
4559
3396
5202
3820
2102
-6773
2425
4893
-4754
6447
-1252
599
405
1657
938
565
-480
-8414
5328
-1637
-8802
-6846
543
2579
6015
1754
-3864
-369
2316
5143
-2926
3190
-3029
-3392
638
697
691
2837
2206
-3085
2271
-2298
3537
1369
-594
-6524
-4641
3835
4910
4443
-2948
3899
8769
-6204
1642
1338
-323
-6655
7070
-514
1562
-2838
0
-5442
3202
3578
5904
0
-1455
8866
3747
2945
2656
4954
-1753
-4696
-731
3758
1716
-53
-2180
8054
-4021
0
3164
-1292
683
-1858
-510
5057
-2229
8081
4850
783
5766
-2362
-429
2416
-7075
-9043
3935
398
31
2448
5042
-6005
-430
-7822
5945
238
8247
-1603
-349
-2876
-6361
-3512
4028
-241
1442
2156
-3744
-5644
-2368
-2559
1077
1583
8010
-43
-218
-1312
-6015
-449
-1672
-2857
-314
-2268
1829
-2129
432
-2477
-2648
4799
-386
-1040
8057
2351
1619
-4698
-141
-1988
-1559
-548
-5359
-3809
-5628
-2460
-6378
-5145
-3344
1036
-136
-311
1512
432
-7545
-3462
-2231
3798
9173
133
-4991
3850
-6971
-8748
-918
-43
-695
-1008
-918
-556
-610
6894
4452
6797
-649
-6684
-547
1282
3306
5314
908
2593
-4711
1041
-1749
3625
3233
6979
-4535
3326
-4046
-1067
6341
3950
2909
-6591
-2228
-705
3367
241
4960
-3477
7040
-5576
-2866
1827
-670
-883
7079
536
-1843
4211
-1425
-6527
-2385
-4019
2277
-2490
110
-1445
-3586
-1266
2710
-239
-3183
-1261
1138
-6740
-2874
-449
-230
-8239
3136
-1755
968
2605
2265
-6545
497
5722
8549
5140
5395
-1500
-7970
2059
5527
-1495
2268
-570
3976
774
-6249
322
-6594
6959
1689
-2313
-2100
1881
-3130
-7056
1138
-1450
6040
-1465
-491
6752
-7947
-2835
-8530
2031
3657
3286
9689
-1945
5097
1522
797
-1466
-1560
431
2021
-4537
-5197
3488
4683
4676
-8739
-3411
-2554
5929
274
8675
-5252
-2772
-6112
-3192
-4819
2225
432
2868
954
1703
-602
-5958
935
300
1791
-2949
-2934
4132
-7269
-4446
-2972
355
6074
-2286
-5884
-5252
0
-5086
6429
140
5384
1921
-6251
-1672
-3112
3824
790
-7606
3732
2373
1889
-24
5894
5406
1852
-1115
113
6811
-3172
1839
-1632
2226
2661
-4612
1791
5972
961
1014
5287
4088
-1256
-244
-5306
-1171
3367
-2800
2327
4727
2760
2746
-4683
-6317
894
-3403
3242
0
-6131
-1467
-2561
-6498
4857
4972
-3644
-2550
-2087
-6746
-4489
3215
0
642
4978
-4582
818
5062
404
-2177
5489
2066
-1812
5644
32
2219
-2458
-5325
-344
-2826
5381
-3038
-1982
-671
-5357
-5797
4825
2036
785
5466
7500
-1525
-5825
3225
-7513
-6910
2847
-6878
3873
-1936
2378
-190
-8210
-4604
-322
-2471
-2751
-577
-515
-791
-782
-491
-8728
7617
-8136
-482
-236
-925
1065
-3644
-1266
6557
-4193
2308
88
-5795
8432
-1445
-4467
5018
-314
-3981
1773
2422
-614
-3673
2783
-3487
2783
-5742
-3859
4716
7778
-6432
658
-3265
450
1513
-3134
9408
2750
-1266
413
-5298
-6237
4798
1589
-5765
292
2613
-2918
-571
-1477
5542
1167
1422
2189
3831
-2371
-1642
-4131
-2140
1484
-7527
3508
4699
3091
2947
2669
4681
9248
-5933
3788
2273
4613
-1077
4685
949
-3629
-2064
-2386
-3999
-3282
2448
1115
5197
-954
426
-1996
-817
1786
-7594
3717
3653
5234
-1343
74
2461
-4071
-2537
-6504
6796
5539
3108
-4219
-2535
-1736
-704
5667
4481
-2807
0
644
9362
-8761
-812
-4618
-1621
1109
735
3152
-2244
182
-2209
7396
-3851
-3386
-412
3524
-6014
-1944
2604
-8419
-7602
623
3340
-4411
-844
2196
2464
2179
2412
-864
-925
1302
-4269
-3618
-1116
8081
2930
2476
1891
-2207
5211
1304
-3597
1539
4191
-6836
2354
-4031
-7635
-5153
2677
-4781
-7180
7351
2816
-4923
-875
-6159
-5437
-4220
5105
7520
-6361
-1101
7259
-9348
1437
828
-4242
2767
8211
3615
6784
3202
-782
-2991
6950
-195
1359
4656
-2538
5976
6290
-2630
393
-4557
5451
-8718
3352
3544
1505
-4797
7601
4697
8063
-1148
4559
-5803
4407
-1817
-9293
8367
144
-7405
5400
-4185
593
3946
528
3468
820
-976
-4131
-3030
5413
-6980
8760
1317
7904
-1672
8433
-800
-5504
-1148
-2025
-1296
-3141
-936
-2116
-2145
-1692
3889
-8849
7178
1828
2942
-2569
5436
-728
2308
-4274
-1660
39
-2792
5471
-2346
-653
-317
-2993
-303
1270
100
-6943
-7850
6561
-8858
-4911
1044
7500
-5462
6907
-1988
597
-3927
-3861
1033
1560
-3129
-4690
-2993
4464
1566
-5726
-43
-7513
-2617
-6858
-3260
-948
421
1612
9244
-797
250
-1314
3548
6162
2028
3237
4971
-3530
771
2868
-3024
-5085
-4122
3960
3089
8424
-5761
-1472
-461
-3992
-7716
-3176
234
-5858
-557
-747
1750
-5555
-3588
8
3478
-1817
1542
-2655
690
1322
4465
2387
1636
3521
-4010
-1028
-6120
2234
6318
2476
-7074
56
-863
4703
2325
7124
283
1743
-7332
-1840
2924
-8099
-3229
6110
4276
-2991
7416
5441
-3664
3449
-1044
-1926
3411
4098
1483
325
2131
3892
-3899
-1716
-6679
-1346
7709
703
-7693
3842
1339
2570
3817
1052
-4068
1706
3177
4918
-4521
174
7680
-2098
-3214
-686
-1295
-7756
-651
-7738
3728
1616
-1557
5677
4
7382
-1856
-1511
-2842
-1367
1640
1042
5106
0
-2060
-605
4149
4215
-335
-5389
1788
2313
3980
2425
-9275
-2368
-1949
3178
1758
902
4330
3758
-7915
3032
-7285
3638
-177
-3661
-2023
8628
7120
93
-475
-5055
4423
-2610
-1264
-8247
-7949
3065
7075
-1011
4359
-5368
7391
-1711
2314
-5845
-2260
1008
1269
537
-3864
2515
-80
-3053
8740
-7550
7152
-5981
-1675
7075
-3127
-3929
-2348
-422
2905
6421
3326
939
-6683
-2463
-1605
1955
325
609
6266
3537
-2230
-3518
4019
2940
1831
-2105
2814
-569
5276
-2516
-7641
-971
5102
-2737
-4131
2010
3731
2901
3101
-2820
3951
-4916
-4085
1352
185
1819
4258
-25
3213
-3917
-3191
-5224
5612
2876
6214
1500
7317
1990
-768
2054
-1017
2937
197
-3444
2691
2890
7350
-6161
-7369
4866
-9034
-2710
-3769
3722
-3181
205
6997
2075
3748
2213
6982
5011
-2285
-1565
565
5254
1015
163
-5640
-5615
634
1769
1443
-6010
-9068
460
-3117
3523
5109
-890
-2549
-3129
-6085
-861
1506
7322
1191
-3283
643
-2148
-6193
1270
-3590
-1467
4363
-5997
2580
0
-5451
-3121
-2449
-37
2735
-712
-1429
-4500
-3776
2608
-4491
492
6678
-3300
6910
-2665
-5716
6014
-5555
-1078
2666
-5490
-879
4015
3814
2029
1599
2078
-534
3188
-5370
-6342
-5716
8438
-2505
1940
-7555
573
-1861
6610
1183
2554
100
9304
-642
7402
-8012
-7264
3360
3863
2012
3812
-3208
4690
-1381
-978
-2835
-7072
697
-2049
-1304
2512
844
6036
-4308
-2232
3693
-2882
-5795
-1162
-2327
1214
6375
-3689
-7474
5976
-6762
0
-6791
-7158
-4128
-7136
4515
-5959
6059
1306
4898
1702
182
-2199
-186
5379
-6333
-2194
-4615
-7885
667
-1372
-2641
1042
-4694
2833
2700
3003
1408
-4033
-917
9090
4288
-4741
-4121
-2716
267
-8196
2594
3172
683
-6242
-6497
0
-6904
-144
-5787
-3346
-1050
-2853
-2760
1621
-5604
4811
-8192
-5779
5940
-1041
3270
4330
2439
7017
4484
2370
3105
866
1820
-3585
3544
2941
-2033
5982
2894
1858
-261
-5973
4525
1763
1351
2807
-5631
1060
-6032
2746
656
394
2241
1248
2995
-3224
-421
2680
1345
-1597
-1119
1598
2405
7230
-6819
3281
6778
-1679
3234
-1271
-2827
-2660
-942
-708
2001
5722
-1180
-2068
-904
2215
-1356
-7452
-1099
-3446
417
-9572
4443
1199
-4898
-7298
-21
44
-514
-2277
6644
-2363
-2069
-3428
2930
-2593
769
1221
6823
-5640
2440
-4012
-4476
-3275
-890
-1921
-26
-4559
-8738
184
2020
-2738
3293
1743
-3351
2234
91
4202
-1396
-3818
778
5170
-6556
-1760
1707
359
7363
1645
-1688
-3245
2207
-3724
820
3222
0
1942
3928
-159
835
-2126
-4999
5080
-5803
-277
3727
-1511
-1567
5026
-7781
-6442
-9199
-2250
1449
-411
2591
-1054
6777
6897
6719
2621
2741
-932
4418
-1626
1042
-4625
5835
1562
-1838
3117
6808
-3379
3779
2859
-2312
-2025
-2641
5784
-4726
-1636
-6395
-6131
3557
7296
3034
-2246
6447
-3129
-1309
1734
-456
3582
-8868
-1489
633
-2033
3134
1814
-3539
-1070
-6440
-4963
-2564
3884
-6832
1873
-270
-4928
0
6419
-63
-369
7846
-1972
4225
-1213
-9239
249
-1577
4359
-4100
89
-5849
1685
1118
-4970
986
-2008
-3936
-4029
5712
450
-3627
-1460
4664
-7159
-6426
2140
-1678
3040
-8802
6683
5476
1562
-4476
-6029
280
2205
6063
-6818
-2545
2695
-1840
1357
2722
-4413
2759
747
1446
5623
58
-4356
5293
-7555
-2344
-934
1735
-1344
-1949
2161
-409
2003
-245
-4076
4976
-624
5342
-3472
7123
-779
-4769
-6932
2637
-1437
-7557
6087
407
-2672
-1545
3625
-1969
-757
-3619
-2439
1513
3883
361
442
-3536
-3530
-2273
5073
2625
-2025
713
-2677
-2245
34
-4582
-2863
-4422
704
0
-802
-4714
-2800
-197
812
-6661
7742
8542
-1135
6326
-3311
3567
3652
-3008
187
4027
-2929
-5686
6312
-3165
4487
-796
-2129
-987
-3097
-1641
-5772
4020
2911
2850
-5304
-5532
544
2527
-281
3346
-2807
-1331
-2145
539
1215
-4340
-3559
3873
900
8539
-670
1797
4765
-5355
-1444
1567
-1736
-2873
-5379
-2517
-1458
-1798
3800
-3339
-771
1350
-217
8629
3734
-1490
-2626
3917
2175
-1297
6514
2066
-1132
3829
-2171
-3880
-5026
4987
-2874
-4250
-515
-3751
-269
-414
6917
-2236
3625
-5564
-1901
-4984
-4837
-2141
2681
5630
-8023
7573
3116
1579
628
1544
576
2472
-9848
-2797
-2342
-4936
-4781
-4404
1575
-1883
696
5669
-5427
1352
-2226
2962
-7265
5623
1103
-5319
277
7176
3403
3533
-5661
-4444
-1495
-1670
-2659
5109
4963
-2263
454
6174
203
3423
6690
-8825
-7164
-1353
78
-3112
-7652
-1210
3137
4654
-6662
-7009
5087
1466
-7358
-5147
4013
-1749
-3105
-943
3793
-6570
709
-1836
2954
-3479
-7476
1273
0
4867
-788
5038
-313
4387
3437
4794
-4489
475
-4692
-2526
4882
954
3702
-2098
-262
4798
908
1923
-3873
1302
4330
-2976
1473
936
5363
-2105
3154
1017
-363
4338
59
2298
549
3533
2565
1204
-6677
2381
-297
3183
-3931
-4130
2309
-984
-5026
6332
2942
996
-2898
2148
47
-3377
-2268
-445
2039
-1439
3449
-5355
-904
4090
4929
4521
338
-624
6234
2511
-4366
776
6702
-1663
814
-64
1039
-547
-5892
2704
-1203
4415
4127
5608
-2707
-17
2952
-4379
-5423
-313
-8300
-4661
-1555
1920
-2336
4441
2351
1818
-2447
3491
-5012
-2233
-2764
-3425
-1743
679
-6248
-5213
2220
1150
3183
-4246
1959
5766
1048
-4869
-748
4967
-3667
-7388
1628
5778
-2662
-5650
1015
4069
-4044
1460
-272
250
982
-4882
-1707
-3372
-1699
-1296
-5236
2199
-3234
2712
-3265
1246
-2014
7299
8239
-6304
-7175
-3064
1056
3519
4802
-3187
2749
3801
3277
6683
-877
1077
-1200
5791
-945
-3495
-2228
5583
-3560
4530
1524
-2916
2821
-1801
-114
2770
-659
-409
1151
-2717
-3481
-1505
-1949
-4944
-4155
2680
4434
5271
248
-3140
1819
2918
3020
-747
-6252
-2504
1551
1298
-5676
-6499
109
-4745
3415
5084
-5860
2336
488
-1802
-6651
3190
8130
3788
91
-2967
4611
-972
-6852
3202
2186
-8602
2247
-4528
291
-1443
-1966
-7638
5823
-9849
2621
-1963
6429
665
962
-7664
6638
3534
4512
250
5557
-6950
-4225
6004
2120
2853
1551
-8862
-1551
6737
-1881
1400
1810
3521
-4922
895
227
-2214
1059
-8839
-742
-2071
1317
-935
1042
2801
-3803
844
-8423
4060
4966
-1909
-2557
187
2521
6230
-2158
-2815
-6506
3181
4467
-2253
-3134
5356
5
8374
-1725
5242
0
-4178
-3835
1881
3197
1972
-6314
1788
3189
1150
-566
3832
4034
1958
-3592
593
5837
-3860
7355
-3759
1933
3489
-5219
3950
7970
-765
-1996
-6323
-9333
-3968
1746
-4199
0
-706
-842
699
1252
5327
2599
657
-1746
3386
3237
-1935
1325
2730
88
-2849
-4508
-3875
2476
-764
-4526
-1508
-2504
-6198
565
-615
0
-6954
5545
0
-4182
3903
1251
-5737
1153
1002
-1111
-3802
-6019
2493
-1403
-3111
1393
7464
5800
-5513
326
1371
3917
-884
-160
-1284
-7251
5623
6885
6860
1679
-2044
-2555
5823
-3469
-2607
7516
3143
337
1031
-7546
3679
8461
2154
-6720
7048
2971
-1534
-6108
-2598
704
-2542
327
4775
265
3604
3403
1900
-8669
-3089
7192
2069
652
1777
480
-4645
795
3893
-3298
-585
-7079
-1507
2873
1270
9352
-947
-1358
-4348
5591
-2709
-3090
3078
4559
-6807
584
-4237
-72
-4732
2605
8675
7496
-5470
2741
-2939
946
3101
5563
4666
1411
2970
9014
-1157
-5126
-244
-4347
-4806
1093
-491
7040
962
-2306
2548
6768
-997
4802
2029
-2995
671
-1605
-1928
-4284
-8868
659
-3735
5586
3478
-5203
-1076
-1500
-6504
-1443
-1618
362
1521
-3131
1377
-307
-2400
-6101
6214
9768
2032
766
6823
1182
3091
4036
-1820
3530
-2797
-697
-7212
3872
2785
1842
8518
-2061
1859
-1312
1984
4786
3963
2527
7103
-206
-1587
8378
-5374
2200
5180
-1069
5916
5527
4048
-24
3734
-4721
1053
4697
-6520
-1953
2015
1674
-2368
-1729
1971
1296
4479
1783
-1622
4379
-3523
9726
957
-3503
-4128
3773
-2672
-3421
-3220
-7502
0
-894
1802
-6612
1322
-3031
3067
2752
-617
-1610
-4559
-4426
-4178
1807
-4490
-3107
-1880
-14
5202
-424
576
-2489
-7441
-4142
1275
1446
-2984
-5111
-3535
7562
-6406
3738
2833
0
-4029
-460
477
3725
4247
2162
-3890
-6407
938
4158
-2190
4892
-53
-903
1625
-2547
1529
-38
4838
8374
4576
-6938
-8748
-6119
-144
-3372
-3818
-2221
3180
1631
-727
8063
-1987
-410
-688
4231
-4840
-1418
2879
-4720
3544
-881
-678
1566
-7814
1920
6487
-7638
-4881
2512
6892
-3884
2436
797
2358
1180
3532
7674
-1338
-3353
2507
2502
-366
-2691
-96
8081
2704
2417
-2856
2431
-1555
2827
-1153
2420
-18
6074
5398
-1581
-7602
-1108
3219
-429
2149
-144
-4209
-3002
0
637
8267
59
-3501
1570
-7655
-1287
-2692
4950
568
-1029
856
-240
637
-654
-4351
-376
-957
8278
-2595
523
-7926
2322
899
2155
-5624
82
3164
-2974
-6605
6658
-7019
8723
3275
3137
817
1123
3026
3975
493
-4552
2080
-7112
2613
1616
2659
770
-456
-3110
7238
-2373
1948
-884
2478
-631
3886
3401
5442
-1907
-1524
2224
5202
-6106
-355
-4309
-6030
2459
6356
3639
-518
3549
-3237
1646
-4526
-961
35
-403
-842
-1792
-2485
-3873
-1886
880
2256
8176
-2838
-6086
959
2701
2819
-3001
1630
-1777
-1164
7531
5860
-4216
11
-7826
2718
-1120
2573
2483
-1811
-2226
7578
6108
4956
-1533
-4998
-1491
7680
1083
-9719
-872
-3769
-2584
-2192
1978
-3307
7531
-231
-3470
6979
-748
-5376
-4523
5650
-746
-3143
3963
-101
2356
-5503
-6918
-3619
-1367
6603
-4906
3877
-6700
-2412
-83
-3105
-2255
-4756
-5236
-3537
386
4277
2184
6855
-4212
-1814
-173
4927
-3675
3642
-396
2251
-6204
8871
-6772
-1350
423
1007
-1651
-4517
5706
-1073
-6190
2480
-2994
586
-2727
3101
2293
3215
1599
-2724
-2395
-2415
3058
0
3903
1444
-742
-2539
4853
231
2073
1940
4107
-1960
-689
1356
3081
-7806
398
1120
-7396
-5203
-4428
2279
-643
2074
5148
-999
-1559
-3134
3171
-2792
6371
-1184
-6878
-3666
1829
-7175
-1276
-499
1337
-2183
1134
1000
499
1686
-3300
-5810
-2165
-4381
-1791
1833
-3792
568
-2328
-7500
-1046
2041
4074
1509
1904
8586
-6908
3312
329
5304
1024
1393
-4599
-8121
-408
-988
-3181
-6347
532
2701
3930
-6370
808
5250
1120
1628
3576
-3857
-667
2380
6877
-1088
-4284
-7511
1276
-3875
0
-314
1240
2379
-3773
-5757
-3036
-1683
1465
-5910
4651
1331
-4659
-2926
1995
-7150
-6333
-4505
539
6054
-2187
2840
2370
-7739
5376
6332
3896
-4108
2575
29
-1289
7953
426
-2946
-934
-770
8963
1278
542
-5374
-215
-5542
3851
-7808
-4250
-7487
-7411
-3233
1282
-1032
9050
5812
7117
-6160
-7090
-659
-9082
177
503
570
6885
-927
-2155
9362
2470
4019
4856
-5700
-6043
9551
-5027
-1468
7551
3421
7410
8142
-5586
3926
-2627
-3539
-954
3202
3161
6880
-4962
-6683
-724
4249
-1746
-7513
3579
2309
4507
2988
678
222
5003
786
2401
2491
4629
-5067
1600
-1743
-585
-4741
2314
-1907
-1508
-4380
-5936
2131
1200
7654
250
2893
1181
-2667
-7226
-1828
-3023
2867
2660
-1468
-1467
0
-2764
-464
-6179
-894
-2780
-1259
5441
-7850
-2225
-3260
-1587
-2646
1275
-9615
61
1830
3588
-1897
8542
6134
-360
332
-2686
3445
-456
-828
4072
-4951
-678
-522
-3862
2888
617
962
-1565
-2252
-2695
5712
-628
-3287
-5408
-6426
0
7754
7483
4242
-8578
2655
8192
4978
1643
8095
-424
1001
-2046
-2439
-4753
-2300
-405
8127
1157
-9034
1699
1902
2369
-753
-2176
-5573
-901
1102
-6406
6475
3728
-8298
-738
-5188
3584
4799
5363
3468
1637
2539
2570
-3939
-7716
-1291
676
1682
-33
1047
939
-7294
-1234
-2015
-7413
-687
-2826
4897
7871
4950
-2192
-863
61
5628
3367
-2471
4882
3311
1592
1048
269
-1005
6340
-1565
-6770
-2734
2928
3990
1642
2054
7652
4966
6084
3223
-2313
4613
-5639
6466
1108
-178
-1063
-2226
5377
5823
-1681
4482
-4333
-5359
6285
2066
5656
5370
-842
-1136
-6637
4391
-2044
3927
-8581
-1329
1710
-3135
6081
-1984
4273
3597
-3581
-2389
-2763
7680
5866
-5604
4709
-6242
4240
-7835
463
-2430
-918
5762
-904
3158
-6076
3392
874
6285
1655
1086
-7267
1104
4719
5143
4765
-6553
1018
-8753
805
-4936
-1296
-3107
-6163
3625
-3216
1559
-8152
2165
780
-266
-1311
591
-206
1534
-3675
2646
-3084
3195
157
-313
-4765
-2035
-792
-721
-2764
-3637
-637
972
3461
1558
-1506
7549
4908
-5334
-5763
-1489
4775
8203
-4013
-3696
-4872
-2223
2203
9173
3725
-3245
-2338
185
3158
-470
6505
-1570
-54
7303
2051
-3024
6754
-103
1098
1069
-4078
1231
-2619
-5731
1521
-5194
-2626
5489
-336
-7445
954
3653
1409
748
406
6610
-3460
1469
2649
6523
-1194
-4284
5547
-1834
4592
3755
1727
-710
1268
-2521
331
1155
442
-6124
-2699
886
-1439
7219
-4479
2794
5432
-1065
-3038
-2855
8752
-2447
7740
-3982
5535
-656
-635
-6792
9275
-2885
1444
-6955
1007
-2067
-6010
-6116
-1278
-2874
1032
-5829
-5531
4429
-7511
4890
3916
4529
8907
-3961
-7496
4537
3932
1888
909
2120
-3013
165
3091
384
3223
7866
-9654
4393
2728
-4683
1311
1938
2007
544
-1489
1913
7772
311
376
-1288
5976
1952
-7784
-4360
4542
6489
-313
516
-4246
705
1819
393
-2534
7147
1791
332
1503
213
-5008
7761
5442
5202
-6271
-5802
-2811
200
2531
-3150
0
2604
-2736
-5173
-3727
3769
3113
588
5376
-1965
2852
-1307
-5359
540
6598
-1242
-1190
2116
-3001
-4010
3998
-3015
-757
-4062
3182
6460
-4684
750
801
-2976
6290
-5959
223
1184
3229
962
759
683
7800
-5979
-19
5769
29
1093
2092
-1119
4574
5882
-5539
-4345
909
-2929
1829
3590
-3511
-7734
-3662
3509
1691
4963
1522
2766
-1880
-2644
-4827
-6186
140
-7332
-2897
-7865
1132
4072
-5219
805
4511
6402
5202
-4554
-1678
5291
-6004
-2606
6660
-2451
2895
-1761
-3371
-605
5625
2958
5614
1317
-2049
6108
1009
3088
3016
-392
-2491
2167
-1652
-5110
-1389
-2722
4812
-2367
-6830
-2601
-8136
-4520
2258
-6508
1519
-5343
-1028
2917
-2143
555
-3663
9344
-4821
-89
-3206
-6976
-1296
8459
4449
96
115
-1977
6137
8467
4532
405
5428
-1476
-121
1482
-2192
6711
-431
7364
4260
-6369
-8780
815
-182
-3369
-2972
3412
4180
-1640
1747
1808
-876
-7418
-4101
4506
967
-685
4428
-72
3944
-2174
4882
5568
2347
817
1684
8289
-1013
-796
-845
-1565
-4591
120
-2308
-6014
-2971
4511
1001
-119
-4340
-7636
2121
4938
-280
-132
6356
4927
-760
4732
3739
-1491
-1598
2804
4867
-3901
780
7386
7052
-5777
1624
3232
284
2938
4020
3685
-6553
3436
4469
4630
4197
2452
541
3642
3108
1395
1891
-227
6187
1258
-1672
3069
657
-770
-3157
5047
-6138
8428
7574
0
7825
1134
-8099
2602
938
5270
-1642
-136
5951
2808
-3575
-3007
-4617
-1672
259
1979
81
-3115
-1565
-6229
-7715
-537
1130
4033
1513
3137
0
8397
4768
-1552
-1941
-1945
2499
-2675
-3372
-5554
5020
-3140
4293
5538
-7854
277
7238
-2882
-2
-2439
1762
532
5563
-7578
1925
3116
-3972
1106
-98
4350
1002
3218
-2870
-3404
1001
-2440
355
3584
-8858
2346
-4055
-1840
-1292
-246
2849
4651
911
6651
1063
1751
3177
683
677
4537
-2800
-1207
4428
368
-5350
-4547
-1948
2715
3588
-2862
2408
-7220
-694
2348
-753
-109
-1400
3727
-5001
-4830
-1768
3273
2666
5626
-6128
-6659
-2850
5069
-14
-2787
-5780
1033
-5422
4464
-2551
3899
0
2029
3888
-359
-2923
1787
-195
1730
7788
-1104
2263
4177
-971
-4126
6057
2412
-289
3272
-290
1730
1153
3749
7460
4973
-5806
-4974
-3318
806
-3953
1696
1443
3002
-4704
825
-4808
-1338
5945
-5389
4695
-394
1484
1881
4511
2244
3183
-4564
-7755
-4360
-2400
-1420
4160
-868
0
-4428
-449
-2329
-700
4036
0
-3273
6557
-4760
-2176
7609
204
1619
976
6489
-2510
2007
2354
-2311
-3174
8239
-468
-565
1122
3573
-31
-4372
-3961
4900
-5212
-721
-1014
-448
-1884
2863
-5253
4578
1337
2198
-6316
-2950
-1013
-1020
-345
131
2649
6758
3338
6304
-2169
1213
-4277
6203
-1233
7293
-1457
940
-1233
4289
-1928
-3698
960
4709
7841
-1899
2993
-251
2735
-2683
1721
-1091
-5205
7296
-2216
3831
-8513
-8048
5810
349
-251
888
-4012
-6938
2557
4725
-2011
-2363
-2764
-340
2255
802
-355
2850
4075
-603
7825
-843
2151
1863
3138
5109
3288
-3702
-2400
-5640
-610
-2098
-2510
1625
4552
-4952
-5388
-2976
2892
-1175
6497
1334
4972
5987
5276
4769
-2435
-1596
-3175
4612
-1203
2988
7892
-5496
1562
-4018
-6602
-1293
-3873
6092
6981
130
2308
3771
7574
-426
-482
5493
1393
2347
-3989
-8451
-559
-2400
5332
503
-3496
205
-4584
-4633
-3055
-4802
2015
-7237
3546
3676
4333
-775
-1671
-7381
-175
-314
-5625
-6616
-1053
-9881
-3432
3461
339
-6972
2034
-1522
1780
5485
-1964
-2506
3377
2601
1420
1746
-5572
-1876
3478
405
-1069
-5854
-660
-5067
-6110
-5343
-3626
2118
184
4200
1215
8729
-7344
3350
0
-1260
-6748
3077
-2674
-2442
-116
-1715
-5639
-528
8252
1053
5077
4949
1994
-4171
-4833
-7094
-4378
1384
48
2546
4611
-84
785
-1316
3507
-6746
1137
-408
5395
-2618
5543
-7992
5837
1685
-1030
-1885
-320
-5167
2599
-1727
4601
4510
-4296
3720
4111
8176
1412
496
-3482
-3069
-636
2034
2678
-1011
-21
828
1165
4704
3986
602
3967
-5771
704
4283
5846
8000
1183
7003
-4745
-5782
1654
3425
7540
-2247
5038
5822
-933
1861
-5761
-2789
-1416
3177
6129
1246
-820
-7220
369
5965
-1069
-5626
-769
6418
-6852
2351
-2174
2985
229
403
-1267
6620
-4002
-6083
-1782
-3940
-490
2200
-594
697
-2553
1960
4108
-3091
-1938
8278
3977
-2344
-726
-2157
-1918
4699
665
994
-1056
5342
-4370
2956
-3470
-7369
469
4334
-31
-92
-1094
-804
-6260
-4224
-3631
622
-3946
2597
-1425
-5141
-4714
3425
-3944
-2098
-2484
-906
-966
9886
1568
-5640
2718
-3722
4348
-1240
-405
423
5512
0
3261
-1252
2034
4100
2855
-646
-470
-3925
-2344
-2571
-2442
563
5882
-2894
-3150
-5750
-6602
-141
7500
3163
89
-620
-7783
2855
1720
4454
-1005
-3625
-6482
-2222
3706
220
1201
4495
258
3984
908
-1529
-810
-4215
7621
-1920
873
6611
-5767
-909
3507
7531
1472
-2898
-618
-496
7190
-6277
-2289
5693
-5375
-6110
-2856
5804
-1804
1658
4130
-171
349
-868
4597
6592
8249
-5427
3575
4840
-2300
3498
-2223
-6664
718
-3768
1329
-1616
-2568
-3502
627
-3025
-5555
2966
1669
-5224
345
6042
-2007
-5486
1476
3786
4418
-1495
1560
5363
-3186
978
1645
-3089
2229
-1253
2135
4163
3728
-3898
3168
3267
-1886
774
1163
-340
-1701
642
-2235
238
-1437
-1928
474
7630
-7406
623
-1645
3741
-8699
-1883
1984
3546
-5274
4904
3412
-515
1251
-3097
-6125
-2023
-1131
-273
39
5368
94
-5201
-3536
-2975
-1429
-3808
268
5474
-4360
4840
-3129
4648
-2028
-608
789
-3789
8246
-3682
-3247
-1875
1289
3130
-1629
6032
-6436
6069
-5015
3138
3814
7674
-4411
-1592
-2285
2281
1599
2930
-2731
-5053
-1145
4566
-1679
2656
1293
-5737
-1852
-6071
-5910
4805
1885
-879
-1460
-5616
-1008
3393
4121
8038
7485
-2231
-2672
-5803
3862
1285
-4438
1709
-5771
-3705
5489
2826
541
4799
-821
-2915
6214
490
-89
-6859
4130
2841
2290
-3064
-3637
11
-4078
-3318
3147
2887
6143
497
687
2034
6428
1305
-5331
-671
2614
-4105
9014
5246
-4712
-431
4504
2805
3284
3412
-6527
-4590
-6953
320
7756
273
-3332
-5432
6323
-3359
-2293
-1445
2611
4890
-4132
-2400
-2855
-8825
-5612
-6249
-1490
-2029
-4508
-2328
7163
-6042
2750
2677
1396
-71
-2969
6169
-2435
-2347
4697
-1547
4626
1828
4845
2440
1032
-580
-2592
6583
-1717
5109
3706
248
-4703
1706
-914
-1227
-4114
-4559
-3071
-3864
-1716
3161
-5620
-3641
3715
-6796
4149
5837
6448
-3860
-1289
-1636
2682
-5799
-313
3262
2549
-4073
3673
3113
-4528
-1477
-1329
2469
1921
-3175
-6261
-3804
-4881
6162
-7079
-3134
-6198
8178
555
3111
9403
-4690
5869
1472
419
-386
-6895
-3007
-127
-3886
688
3864
-658
-976
-3275
-780
-314
-3053
-1577
-2355
-3072
674
7527
-1107
6719
-1396
-864
5442
1205
-8423
-710
5660
-1629
-1164
2361
-3190
5693
3144
1360
-2030
297
6762
-4944
6332
-4917
-5998
1861
-1055
-7791
-5522
5619
1238
-3415
1988
-1298
-840
-6407
4655
1164
-4328
-92
1685
3496
4504
-2359
1370
4468
-5720
-5862
-4820
-2425
-4694
-320
-3077
3113
6501
1475
-1219
-458
-2555
2226
-55
1480
555
-7784
-1422
4622
-3929
-4360
2191
-2362
1244
4823
-5337
2107
3986
-6351
-5610
2932
-6877
4451
336
-5801
-4835
811
2074
1988
-2213
7827
764
-4936
-2825
-5623
1070
-306
0
4675
1736
-4071
5882
-3454
3232
-2143
-6839
-1936
2863
2163
3050
-410
311
-925
-6191
-2284
1042
6143
2615
-2111
-1715
1688
5432
4193
-2853
-869
1703
2051
1981
4439
4565
-1989
-196
3117
2940
2701
-2982
6197
5290
1264
2146
-984
-8738
2640
-2439
243
-2707
1887
1679
-8389
2274
-4557
3040
1373
-236
-4145
1329
-1621
-4097
3548
-1882
-1757
0
3812
-1000
5493
-2195
-4901
-3064
-3069
-3363
-3827
7547
-363
7271
3279
885
2636
2341
-1469
-1753
-50
1933
-1292
2054
5988
3725
1193
1984
4083
1312
-1388
7925
1661
1719
4513
6388
2001
-4834
352
-3428
-6802
50
-3123
-1980
2893
3138
1211
3881
-7770
8289
-2597
791
1536
7364
1069
-1299
-1087
-116
-3267
-656
-7521
1460
-115
-3367
-8333
1380
4547
5376
4260
-783
-2327
8542
-72
-6038
-2727
-1617
-2243
4472
2116
-2167
-782
-858
6252
6083
-3792
1504
-5447
-3509
3970
-191
-4216
8211
2879
2559
-5120
3238
4566
-3925
2308
-379
-5151
6561
831
3533
2807
1214
4828
7446
1460
8234
-7941
6020
9667
-4284
3570
-2631
-5064
2895
-1919
7017
7025
-2372
4138
7163
-260
1692
1599
-5518
-5120
-2172
1556
6092
450
5840
-9068
5102
-2140
-4303
-3048
-3530
3067
1220
3206
-2746
1402
-7474
-5343
2976
1233
-145
-6590
-6782
1572
-3895
-1565
-1264
-4421
-1629
-2670
-881
-1691
2637
3737
4292
5980
-7882
3314
3495
-8561
-4960
1714
-339
2502
2684
1754
-2435
1985
-1875
-1895
3843
-3313
-7151
0
1389
5004
4107
-1922
-9178
4631
-2413
1034
-6481
-1683
6307
4575
-439
1029
-148
1414
4545
-1698
-4326
-3336
585
-4639
7361
-2750
642
-2259
-2570
-2882
-2853
3255
3329
4
2356
-953
1226
5164
-8770
-1055
687
-8057
1513
-828
-1194
7299
-1723
7797
3506
2504
-2350
2219
5039
-3486
3478
3566
-433
8828
-7095
4427
7784
-6468
3316
4709
-8631
3208
-2081
-6971
-7418
-1142
-4633
-3785
-5773
635
2269
1484
-5427
-5087
2722
-21
1622
-5054
-7353
-2247
-1823
-1523
-2764
-2332
-7312
4437
2123
4408
4098
2066
-3621
6487
4111
-846
5073
3211
4085
1920
-3578
6231
-273
-881
-1851
4828
-426
2426
2955
-2538
540
6136
106
-6318
820
-3792
-6685
5279
-2065
-4497
25
-2159
2373
-1524
-3187
-380
-2473
-5256
-1936
2082
-9264
3711
2847
-9396
-5189
-4824
2646
8448
-6182
-4130
3225
3586
2162
-3399
1411
-6406
4736
7515
-7773
940
4358
6023
816
1509
-657
22
4004
3489
7218
454
3286
-390
3651
-2606
364
2976
-7854
-2728
1219
-4422
2700
-3328
-1702
-4943
-2757
-2596
2337
-2809
-102
3866
-7826
-2874
-5035
-3710
6603
4170
-1164
-7902
-9239
-542
-2067
-522
-7414
-4367
7812
5401
-2071
158
4346
4085
675
2433
2366
651
-519
0
-1361
-6763
1589
-2000
-3298
-3016
5436
6536
3046
-1057
-6163
5784
3806
-7168
2612
-587
-2678
705
-8236
1473
2426
3671
3382
-6562
1560
-3464
3776
1279
-5070
-241
5360
3800
7330
-646
-5854
-160
7477
-519
-1673
-186
3244
1446
2318
1887
2155
-33
4543
-3508
-748
2351
7592
4823
-2457
-2511
1356
36
2069
841
3541
-4717
-64
6690
-6120
-3177
-4894
-1994
-3477
1475
3097
272
6014
-9143
-2551
-1046
-2413
280
-1208
832
-1888
-886
-2725
6256
1503
-7738
-2369
-2030
-3634
-392
-3381
4459
-3898
-2958
-7180
8614
-2388
-4863
517
-2967
-4765
-4691
-3261
2374
1258
862
1693
867
-2862
144
1598
4900
-4172
-2471
-4962
9886
-2502
-589
282
0
-4761
3361
1887
-5937
-316
-8011
1818
-8386
4903
-7074
-974
577
342
5894
4218
2197
1291
-4976
496
6228
7516
-5273
31
-8227
5262
31
-6554
960
-1798
3309
-1617
5857
1401
698
-8051
-1399
-925
1724
8401
490
7842
-624
-5220
-3174
174
-3846
3241
1017
5788
-1103
-2140
3564
1359
6763
-2440
5807
-4932
3706
6215
-476
2268
-3038
2677
2912
6050
-2111
393
7483
-515
-4046
3809
-1262
3708
-1789
-488
-210
-958
8349
-4158
-2497
-2764
3436
-1464
-2460
-1632
-985
2365
-4145
4927
362
-6589
5928
711
1279
-2121
2434
-444
7423
-1063
-5364
3321
-653
3526
-3945
103
-33
-3456
2658
-269
-2371
3077
-4518
5882
1282
1592
-107
2104
-5261
-697
7587
-2774
1950
-5486
563
1352
5931
-4654
-6054
1842
-3639
-1960
1990
2935
-4281
100
-651
-1837
2370
-5339
6577
6540
-3580
1925
1578
-537
1331
-3804
-2262
-4834
-3815
-5892
8841
-8627
-425
-445
-1041
-1246
-2377
368
1299
7309
480
1668
4141
3673
468
5495
-4472
-3426
3474
-3048
4203
-7111
5656
-3206
-52
7565
-890
-2491
2120
-3291
6824
-2495
2681
1980
1069
5145
-7246
4972
-2928
-1820
-2010
3945
-4425
1370
-4741
5019
-2070
7450
3534
-91
152
-4216
1075
-5502
1519
1218
1947
-5435
4976
-6030
8511
-5804
9470
-585
314
-1885
-4687
-7016
-84
-2660
-2515
7301
777
-4909
4611
-7147
-1798
-3707
-517
326
2656
-4813
-290
7377
-977
-762
4257
2411
8161
1881
-3126
1228
-5359
-5444
5986
805
-3275
5199
871
-3850
-1809
4223
5293
361
-581
-4783
3138
-1981
-5207
-1665
4882
2463
-2041
3270
-3733
-6261
919
-8871
6089
-3549
3089
7690
3873
1072
-4396
2244
-4717
5381
465
6207
5476
5293
800
400
-1186
-537
446
-5343
9059
2116
922
349
-4590
4579
-4088
-315
1633
-4962
776
1000
2418
-8569
-1848
0
0
4782
-1953
-3415
-7546
-3679
3800
-7211
555
8304
6092
-3077
-4381
-5021
-1406
-31
5611
-1171
3793
-617
-330
1631
-1634
3193
9084
-1499
728
914
833
-2324
5628
-405
5445
1297
4043
4287
-2985
4382
258
-206
-4367
2224
-519
2783
4323
-2115
2847
-3809
2091
-6506
-3896
-3194
6460
-3095
2412
-6601
5647
7264
-4555
6475
5304
-3931
-5126
1797
-1581
-6481
-3043
-5282
-4730
-5449
4910
7625
-2219
731
-6103
398
1316
-2375
2917
3012
721
-4477
0
272
-4076
5067
-1626
179
-6895
2568
3022
3366
0
-1552
-156
4876
-1011
3642
3351
-2514
-1441
157
-2388
-3621
-7572
-1039
-240
4158
-1328
4414
3106
-7247
-4477
-1616
-3001
-1160
-1841
4698
1679
2072
1103
3725
2114
176
-1268
-1248
1320
-2409
5402
-4075
4177
1546
-1689
4211
1322
-4147
-237
-9321
-6110
-469
-1090
5667
3524
2851
7935
-7079
-3941
-3249
3737
3801
-1146
-1052
341
1193
-6558
-2217
-6316
-8462
7808
-546
-8674
1556
3233
-3346
-3124
-2131
-4499
2125
-4408
5798
-431
-4547
-531
2333
1720
5988
1579
-4145
-5432
1092
-4717
-8780
-1554
866
-2844
2727
3513
2112
6458
-5038
368
-5962
273
-6029
-3481
-3361
7617
2184
7137
2166
61
-2041
7736
-3761
-666
7946
6949
-2708
4639
-369
-1865
2906
1881
2104
3062
7742
3094
776
5429
2254
-404
8700
4547
-8190
-6602
-998
-7372
-2208
3373
2687
-3467
-5700
-7627
822
4155
2741
5869
7313
-6104
-7994
-177
5936
2702
665
3349
-3529
-6772
3339
25
4259
-2271
-5927
-3040
4019
3213
6558
-5688
5616
3338
50
-5324
-4506
-762
-2637
-738
-65
-465
3433
870
-3368
7900
1248
3340
326
-5232
-1495
1004
3990
-6004
-5246
3933
-2439
1631
341
-358
-2040
-6244
-836
3474
602
8039
-6980
6959
-6770
5586
4391
2831
3039
-1850
-3105
5508
-4897
-1662
5300
1448
-820
4332
5766
2580
2156
-5513
8832
-3901
2966
6052
5946
-1563
-718
-2730
2223
3267
-7019
2888
1838
-1281
-2948
-5240
-8190
-113
-1013
8234
-949
3316
5940
586
7617
3678
3813
-1577
-843
-1809
-3768
-2768
-198
1572
-1852
-772
-1941
-1457
-4333
-1901
-3449
-4825
3267
4758
1193
-191
-3320
-3575
8855
1361
-4770
-742
3585
-1575
2819
2277
-2569
1039
3509
1819
-1264
99
-6924
782
644
1475
5538
-7646
-4428
3644
0
155
0
4878
-54
1024
2790
-2829
-6500
250
-494
-4823
-7786
1866
-2739
-2488
-2641
1568
1682
2005
-151
3468
-529
-651
7578
48
0
-422
7048
-6820
-5432
1992
-4356
398
962
-62
611
4532
-585
1423
1298
-7545
-4487
545
-2390
-5327
92
3473
-80
-3108
-6740
-5623
-957
-1628
1802
2400
-7088
2351
4653
729
-5686
4497
2021
-1138
-7074
-4174
-4525
-3436
9578
-3439
-4973
-695
-1148
-2259
3248
4904
-3739
7127
-3216
-4334
-1380
-1982
1357
189
4010
454
22
2219
2125
-5642
805
3271
-3276
1734
-4711
-842
-2766
661
-5142
6523
3822
3851
-4490
3865
6880
-1276
5469
2830
-6314
-8335
-135
3300
-648
-4054
-981
1037
-1398
-1728
1876
-2787
80
265
-4385
3432
-2435
-7646
2522
3810
-9764
-504
-360
-4303
1258
-6586
3534
6036
-861
22
2564
0
3106
903
3644
-960
1550
1940
-4641
6456
-6142
3138
7774
-519
1568
-5625
-114
1879
2363
-1984
-3763
-4537
4058
-370
-1717
2831
3928
-4671
-4208
3120
4285
-3021
-4122
2023
-6554
2980
2307
676
-4334
3557
-1527
-779
-2014
3483
-2696
-2562
-1977
-1340
-7288
-1471
751
30
3685
2152
3385
2680
-6846
2976
256
2465
2980
2175
1168
-1316
-3261
-6414
1954
6982
-4114
3724
788
1044
-5009
-2559
-2604
3741
880
4704
11
2165
-5216
0
3848
8174
2656
2993
1589
1548
-3385
-6699
4486
1093
1520
-1207
1408
6129
345
4464
3088
3242
1568
3905
847
4318
4015
8356
-3687
1464
-553
-3501
2706
665
1328
503
3905
-4232
-3542
808
8274
-4349
-2303
-5386
-3675
928
-1532
-5435
26
-3350
-1240
9134
-3262
5777
-5730
-3675
-948
-2584
-5044
-7132
-6832
-8964
-3009
5415
-2926
2451
-3944
-2948
-3053
-641
-3639
7630
3811
6838
-712
7082
1064
-423
2563
-3837
-50
6891
-8331
-6830
2244
697
-3132
555
-3672
599
-1759
-2155
-1925
-914
-3644
2168
9248
-2653
-1112
6134
3871
-6432
-4151
-313
2872
3006
-7784
-2758
951
2684
-2637
5368
-4269
-4137
-1907
-6551
-499
-704
-6252
-8728
-6554
671
-1191
4337
-2032
-53
-1802
-1358
-8348
-4265
3101
-2975
4356
76
-494
-190
743
-798
192
3413
-499
-3232
-4872
-426
1849
654
704
-3853
2463
479
-3229
-8434
-6553
6350
-8834
-4481
-1403
4529
-583
-8561
936
8039
1687
-143
-2688
1947
2206
1568
-1303
2082
4149
-1853
-2912
1568
-935
-76
3158
-4886
-1550
-4152
-3172
3895
9797
9066
-2449
-1608
3252
-5075
-7511
3588
-249
-1035
7461
3372
-1849
3435
2920
-6876
-224
804
-5524
-6926
1681
-2897
-8987
-3320
712
-3699
1506
2766
793
5763
245
-4356
-840
-3140
5698
2496
-2797
1315
-6625
223
-4122
-842
-117
2182
3642
-242
6701
-5571
-1288
-1902
-4017
4737
3217
3646
-1309
332
3135
-2069
4246
1419
3134
7557
-7380
-1907
-2312
-1982
-1928
-1068
7811
-3428
-3407
-514
2385
-8023
332
1042
-6757
2769
-6665
469
-3037
3878
-795
3992
2011
-2434
-1735
2938
-9543
6278
-4664
-7985
4429
1889
1032
778
-1799
7189
-905
3058
-2467
-6780
-3120
2104
2621
-1133
5049
-4231
1334
-787
1358
-4675
5626
887
-4745
3351
7361
-6968
284
-4877
-4814
-4653
699
-1180
6778
-2833
3125
6701
-2385
6341
-1272
7472
-2618
-9183
551
-7527
-5250
-3922
-1040
3772
-3069
-2053
0
1182
5357
1889
-2562
1023
-2703
-3282
-3587
6886
-470
-982
-646
3551
-1225
-5427
-2357
-3302
7578
4249
-358
-2435
5285
1839
3777
6757
357
-2097
3817
5013
1493
6078
268
89
3176
3340
-1237
-2322
-2611
-415
2514
103
1038
-1299
-5081
-6084
-865
-3293
-858
-1880
-4001
-2480
-314
4358
6497
1200
2212
2795
1002
-6746
-6059
-1437
-6156
1636
-5227
3223
-3573
-767
249
-1833
5381
-3665
-907
-4914
1579
-826
6061
3843
5656
-3068
-2621
3983
9147
2071
-3172
-3457
-191
-4902
-4019
3370
8684
1208
-2314
-1333
-2180
-262
7756
-3359
2701
4188
-1617
2615
-1898
-25
-365
-3898
-3856
2005
-1296
9853
-7139
3679
-456
913
-2024
-5302
-7514
3608
-197
1828
-708
6489
-245
6057
-4560
737
3873
842
1948
7137
-4068
-3085
-4284
-2509
-1013
-6062
-3076
-5872
-6088
-2390
475
4333
-881
-76
-5615
-49
-3220
3727
-835
2420
-1774
-6663
1784
1776
-6770
940
2907
4439
-1145
831
-6508
-7208
2472
2135
93
-5338
-5437
-1780
1776
-290
2336
4252
-2072
5269
901
-3592
-4123
-3775
6936
9310
7182
581
416
-5377
-5269
7794
5810
-5095
3363
736
-3825
-1314
4566
1347
0
-444
1915
-3549
3372
4261
-1860
2890
1988
-3250
-3809
-816
-3575
-112
5026
5093
3265
1984
-2707
611
1988
8535
2250
45
-2892
-816
1663
-3564
-890
4940
4455
-1994
-3437
4102
435
-984
3553
-2342
944
-723
4228
97
-5120
-3034
875
-4275
-6487
-933
2636
3230
4265
-458
-2491
94
375
130
1992
73
629
1384
320
-307
2378
4058
2809
7999
60
224
2804
4876
-640
-1788
-7785
2710
4259
-938
-1277
-361
2257
4049
-6994
-8148
-3644
-8854
-800
-1807
1014
-5219
-1522
2189
4685
3550
-5640
-3901
-82
-3616
-2281
5665
3223
362
1299
-6057
7377
-341
-1312
4987
-6763
-215
335
428
4667
-3949
1529
-6209
4200
3842
2592
8671
-499
9403
-3385
8234
-535
1482
-5047
-6248
3212
0
-2763
6139
-4040
-1238
-2871
1677
2162
2222
2077
-4327
-5053
8194
-5111
4378
6894
4043
-1735
2791
-8849
423
-6886
6753
971
12
2242
2722
521
-514
9131
2472
5568
-3717
-3066
-1281
8038
-419
951
4923
-2498
2331
1466
643
3206
-2233
6200
4199
-4902
1653
-3662
2410
-2682
-76
-3000
-2024
-114
-6891
-7835
4180
-4656
406
-4741
-1867
2448
3221
1894
1998
4799
4266
-421
302
-537
-2727
-484
-1856
0
3459
-3007
-5571
4177
-6037
-193
-206
2412
-2085
6033
-6092
-7635
-9193
-4680
5858
-3986
-2140
-1555
6040
-2794
6866
-3879
8258
4349
4476
3521
-7132
3747
4697
-925
80
-5923
4510
-2463
1701
-1036
822
-2122
-232
5017
2063
-2177
-2301
2649
-3030
-7739
-2997
-9432
-1204
4233
-3202
-3585
-562
-3226
3056
-4625
6899
1591
1146
4811
-7540
2829
-9064
3244
2894
6750
9309
-617
-5876
1119
-5488
909
5191
3220
-997
711
3541
-4014
-1695
-2455
5110
-8728
-6092
3163
-369
-8149
-693
2114
1856
2941
-802
1426
876
-4155
-6212
-1361
2755
6092
1677
2804
8190
-1725
-2070
2150
0
-6745
-4103
-1916
2950
259
1633
-390
2028
-1246
942
3318
-6440
-3144
-4982
-1293
6142
-1713
3867
3558
-1680
-233
-2131
3437
-7684
4671
651
4081
-2502
532
-1542
-3281
3657
-2794
-7075
2615
-564
6401
-1008
-3123
5390
-4326
1407
234
-6714
3505
3209
3610
8720
2538
2344
386
-2692
-573
-8513
-1760
4519
-1237
-950
8732
6524
2574
4168
4125
6198
-268
-199
-2145
-5980
1900
-3864
-3047
3578
-5441
2791
-1088
-159
-581
-2928
-1468
4578
-1444
-1581
-76
1355
-3964
3881
7787
-5671
-5055
-2568
2458
-4226
-398
1043
-800
7966
5069
1913
-4922
2300
-4221
1065
1377
-5298
2168
-3361
6667
-851
-4101
-923
-7108
5512
2256
5268
-7349
55
2568
-5324
5679
-6192
3392
-7816
7574
2411
-780
1804
-3344
3635
839
4020
-5116
2947
4099
3357
5125
-1676
0
-1524
-1727
7649
-3631
-1042
-5413
7157
-3308
-2121
2292
8907
-2021
-9423
-4554
-88
-299
8996
-67
-1634
-2555
-4675
837
-2710
1219
-3093
-1836
-1014
-3150
1710
-1476
4388
5624
442
4793
6088
5032
2835
-5739
1007
-2618
7702
-3873
-4079
-2497
793
2835
5115
2785
-910
3978
-3886
-5538
-6376
-1111
6729
8240
2964
6084
-5290
3219
-2750
-3544
2967
-7907
-2641
1248
-4284
3340
-7253
-3193
3002
3202
-6605
-7454
7019
3285
-1104
833
-3140
4333
1709
-2795
4833
-8384
-219
-2609
-7360
-877
1685
7584
-7094
-8686
4425
-1530
-1407
3614
-1674
4429
331
2876
-2006
-358
-881
-3445
-6243
-904
-1054
-1716
0
-4118
-2313
-2467
3147
2689
7025
7527
4141
1991
-8543
2460
-2522
-4776
-3528
-1144
-3239
6485
2613
-1209
-200
6667
4421
-3320
1256
-1146
770
-883
3439
-218
-1327
3202
-2229
1337
3728
-3818
4125
2005
-4685
0
-1759
-836
1272
-337
3041
2497
-2463
5420
-1346
1431
8
-971
-3592
971
-91
-817
0
2650
2885
3948
1254
-3352
-7947
-4730
-582
-2072
3587
2686
-1819
-7808
-7211
-3214
-2759
3500
-4788
-98
2548
702
4439
2306
-2664
-5284
368
3208
-5477
-4440
-6053
-5413
-988
-505
5877
915
1621
1429
235
3694
-6125
-5683
-3771
1514
1464
-1241
-798
-3722
6736
3549
-6419
368
-3549
667
4954
3295
-2241
5683
-3312
195
-271
2591
-3222
-6236
-3509
-4675
2358
-6394
339
61
47
6613
1806
791
7506
-3496
3130
-213
-3884
-659
113
544
-489
3632
-129
-3615
1530
-648
-5563
5621
95
6706
1534
5541
7721
-1053
1289
4266
5354
4597
8233
5128
-6535
129
1092
-4976
940
-5804
4338
2268
-3573
3121
4362
-439
-5572
1369
5102
-1406
5543
-5868
-951
6011
3298
-566
-4729
2285
2428
663
-3457
4855
4931
4686
-3586
-6034
787
-3495
5968
-832
905
-2977
-5353
-2926
544
1778
5867
-6341
2664
-3412
-3069
653
3659
362
6647
4919
5099
-1047
2816
3766
-5227
-2188
3585
4200
2275
-793
2667
3635
-6253
-50
-2527
-3081
3899
386
2511
-2014
2021
-75
-2707
8027
-5264
-1724
948
3913
-3001
7392
-6302
5636
-5997
575
5175
-2060
1716
-5937
-6818
-2568
4387
-3224
-5530
-6852
1444
-4155
2308
-3615
1562
4043
-2440
3968
-4048
-1907
-1241
2613
4168
-130
5679
1983
3171
4738
-7251
-1720
-1846
-3796
-392
-5018
-7548
4811
-3046
1684
5945
-19
-4122
-5792
5939
-5297
-3320
-5673
786
6203
3097
644
1610
-2312
-2201
4331
-5294
650
-2306
3688
1041
148
-138
2672
-929
35
-2306
-1597
-8674
2540
3474
-2197
-7557
-3474
2545
-5509
-2177
-4319
3081
-4309
-2594
2735
7126
6194
-41
5158
-2724
2147
5089
209
-281
-5119
-6455
3189
972
8459
3650
4180
-1141
-1194
-2783
-45
9073
-3929
-1473
-620
-3865
-1577
-4778
1818
-5196
-7380
-4462
208
77
-1249
-3206
7551
5157
-3559
-2497
-6565
5490
276
1982
-5018
5647
4637
-6416
1280
4467
-5513
-1725
-2577
985
977
-618
-5594
-2668
3237
2563
729
7023
2767
-3022
-1775
8265
-3886
2392
-322
-5000
3905
520
-2251
6860
-2542
-2116
422
-1282
-2756
1250
4850
-291
-1568
-153
-1534
3043
-2964
7916
4149
-4944
1805
658
783
3285
3964
4732
2693
4018
112
-7294
-3440
743
-154
732
-8737
-655
3187
1342
-1731
-750
-4313
-36
-2203
-3093
-6414
2737
-5200
2363
-1706
-6688
-5618
5947
-2348
0
-5965
2932
-5105
3180
-2364
-5317
-6321
6068
2180
-4164
-3220
1201
-538
3911
8702
-890
3925
3077
-6939
3468
3220
-2414
2139
5896
-6036
4272
-1605
2442
1060
-7970
-1144
8052
5738
-2493
-97
6693
-1920
-3884
858
375
5293
-7931
2176
519
-4923
-847
3590
-697
1047
2826
-3945
-62
1446
2710
6924
-2425
-5530
-2211
-1038
5136
2511
653
3097
2059
-7778
2353
1179
3513
-1386
-5009
-6138
-4538
1042
811
-2602
-2594
2419
1659
-6950
2873
-161
4465
-1305
-2226
1919
6638
-371
-2302
-5616
9147
-1376
-5810
2223
1079
-6236
5582
-7784
274
-4479
2837
697
-4109
142
-647
-4684
-5441
-4571
-4446
-9365
-2879
-6546
-2362
-1724
-6433
5704
-392
2140
-4729
3531
4177
2104
-749
-2898
5368
8176
939
1047
1723
1802
597
3864
-3251
-2058
2216
-5703
-3307
1285
-907
1955
-4554
-3089
-4255
-1276
-4470
-1945
6736
2307
-5377
-5105
-1819
-2862
5379
-1401
1185
-1333
3831
5142
1164
293
-3426
617
289
-2015
3268
2175
-6746
-937
-5103
-5122
6417
7058
-550
-1233
6255
-1515
-224
1567
-340
-2517
-1955
-6925
-5343
1000
6771
-5386
3632
-5530
3737
-2002
490
973
-1920
327
-7324
3423
-2949
-5065
6518
-6561
-1253
2854
7226
7084
-3733
234
7831
-1426
1015
6029
114
2949
7091
-871
1907
-8504
-1443
-3601
-2672
-5803
-7816
-177
-2964
4666
-2111
-2956
-3324
-1895
-886
2775
-7511
6291
676
-581
9157
-5174
-2415
1545
4927
-2045
-2454
-3007
3393
-2126
-5134
985
-1554
-1826
-5547
5184
6418
-54
-2553
-3821
3084
2262
-5041
2557
-7805
675
-3474
-6835
-4623
1922
3652
5966
-2890
-6083
7282
-2901
-7554
-12
2730
-1012
93
4971
1357
-335
2961
-647
-812
2976
-750
-5353
2765
-4899
2736
-1715
-6053
-6902
3917
5597
3866
2918
-1387
0
8852
-3627
-1207
1343
-1187
-7964
-748
-2822
597
-4261
-7312
213
6191
-1235
-6349
4249
-798
-4329
-2032
-1559
5315
-1047
-5779
-821
-1192
-439
5423
-861
-1376
-3422
5791
-24
882
6487
-1777
-9543
5464
665
-8555
-6030
7531
-110
-725
4316
-2279
539
-4604
-3377
-6807
-247
20
-5532
7515
-431
1118
-1038
-2806
-3683
-6537
6743
6264
5287
2636
974
9744
3976
315
-8274
467
-200
-4193
-4291
-7874
-1245
5818
-745
2368
5454
-353
6924
6297
2838
4708
-125
-1525
154
5226
-5282
9090
-7411
-2855
-5229
2822
9622
552
-1408
-3610
-1940
-1630
-2192
4311
-3883
1698
-5105
1181
937
2093
7765
1858
2212
-3584
6040
-171
4882
-5252
3804
-2851
-6242
-1456
-3270
-7718
2823
-3657
-16
-1295
2320
3001
-5979
1403
-2622
3605
-3927
-3207
7130
3955
-4538
-4962
5024
-810
-5359
5537
-3503
2260
-7652
-4696
-1053
-6432
3870
7273
-938
2392
5041
2460
-3083
-8266
5970
-1439
-1421
-2243
3796
1087
6055
-4675
1698
-2355
1384
4798
-1141
-1042
-1364
-5854
2548
5752
-642
7455
-6980
-2232
2225
5889
5189
-1118
-800
-1233
-3773
3660
-971
2359
-2430
-4293
-576
-4237
1367
1241
426
4671
-4842
-3335
-3115
-985
-7258
1562
2029
-1088
2828
-4822
-1697
1214
942
3594
-5806
2215
5048
3347
2442
2237
3877
7072
-1330
-3319
-3775
-4257
722
-2230
6583
4004
2907
2015
1825
1776
-8176
6600
3748
-1082
-281
-3405
-2343
-4470
5270
-3309
-2135
-1010
1943
5476
3644
-724
1553
-3175
-4105
-2800
-3472
-5183
-2688
-2259
3043
44
1835
549
3212
3005
-3702
-114
7766
267
4743
-1453
-3422
1550
4794
1448
-6754
3711
-156
-2151
-616
978
-672
-1252
-4388
1352
319
963
8178
3473
-1357
-6828
-668
-4439
-4085
-2159
-301
-2390
-480
-701
8820
1465
3628
-1911
6757
-1615
-8103
3501
-1325
-5445
-2696
3694
3779
-2827
-2313
-4577
-6518
-764
4193
-8795
1180
991
4697
0
-2164
7617
-149
-1316
-2627
3411
4202
7695
629
0
-2888
6900
-610
-3622
-2601
4073
1889
-3034
6419
4489
-3856
-704
-5146
1987
-5205
542
7677
404
-976
611
-4347
8001
-1953
2184
2662
-2315
-370
-2040
-1038
-4019
-2624
1106
2161
87
524
5272
7377
-424
3255
5227
0
-1616
-5178
-2378
-5661
-2923
6877
5859
5250
1552
319
-1636
-2901
3927
-1695
256
-105
-3467
-261
3474
-1177
-5174
3347
6597
7905
-2795
-2068
6417
1918
7573
1937
-1461
-9064
-2576
5543
-1799
-7885
-4017
3320
-54
6367
-278
-2143
-788
1859
-1404
-2072
1371
2007
6411
-5167
-4082
-3043
-7000
4272
1950
-173
-1282
2770
-405
3492
313
-4901
-4071
-2753
-2208
-5757
8972
-3504
5005
-1701
-1043
5374
-546
-7714
-171
9245
-3695
7226
-1725
7514
-1568
-1617
234
4452
3217
7812
-5260
5052
-563
-210
4168
5780
-1434
-2060
8309
880
-7051
1965
-1302
-3609
-3727
2255
4777
-716
-2851
4833
7686
3116
-2901
-6546
-186
7817
-2253
4197
-1691
6839
14
-6453
2729
352
1638
-835
1506
6208
-3817
4669
-3424
-2855
-5862
-6802
2269
1219
-3487
-4919
-2167
3536
-1054
6831
6753
496
573
4381
2256
844
-1002
5155
6755
4527
-8033
-2087
-741
4777
2242
-2036
-1717
-5343
-689
6365
-2650
-2270
1371
4113
4578
-470
7184
-3974
4819
1111
2256
-2416
3737
741
-1401
3132
-787
3080
-8302
205
-1577
4289
0
-448
6690
78
-7158
-7540
6613
48
2745
-5769
-2471
-2205
-2813
1301
1205
-3361
-2696
2072
4856
-688
2690
544
4411
1220
-1820
4558
-5958
-6455
-4639
-12
4436
-4607
1086
-1715
-3629
2151
2120
-4145
2244
-2007
-6225
2753
-1582
-3548
407
-886
5710
2340
2224
3851
2417
-1456
-4828
767
1908
-2975
-5046
-1520
-5910
-5949
6568
-76
-145
5017
1857
4036
-2303
-2787
-5555
-5737
234
-1440
638
-546
4818
471
-1065
3809
3541
9201
4221
1228
-3017
8395
6571
-1212
-6161
-7559
-3174
2540
2813
-3208
1516
-6509
-1469
-5804
-664
-3007
6351
3460
2714
-3739
-2617
-2183
-3961
1145
1138
3316
4818
5898
-3699
883
1219
290
-1638
4971
6023
-2739
-7527
-1755
4515
5421
3875
6040
2614
4527
-3370
882
2890
2000
1582
-1462
1073
-6298
3800
-429
2114
3314
-1642
-6473
-4038
6729
923
2188
0
763
-3298
-1245
248
720
3558
4207
-4518
4867
3125
-6104
-1789
2351
646
-7540
-3956
3213
-3358
2828
-4952
4091
5112
1711
320
3198
-3389
1416
4963
-3511
7159
1865
-678
-1899
280
4254
-742
-6112
0
-1434
817
-2965
-8854
-1380
3163
1642
-5167
-7231
2869
-4674
6259
1437
1158
-3868
4566
959
-379
4532
735
-2995
-2949
7355
3660
-3481
-5839
-4656
-3094
-1973
-713
6838
-1432
3330
-5875
0
-1924
-5650
-2923
4681
8459
-159
4832
-4413
1535
-1200
-56
908
1017
259
-6508
-519
-3751
2733
6376
-1810
-1530
6549
-1596
1423
-4656
4252
4470
-4762
3598
-2734
-7147
-6531
7797
-2716
3416
-8173
-5580
5080
-5882
-26
572
-1907
3927
-1431
2688
3629
-525
-8602
-1984
5369
4310
-6668
1191
-1541
-1489
-4198
2219
2075
-3311
-2465
-325
-1066
-7777
-3348
3431
-74
403
-1264
569
-6616
1752
573
1496
3754
3095
-3631
-1077
-3988
532
3734
-1514
-2243
-98
-2112
6233
-5439
-725
1658
-72
6252
74
2105
1454
-6553
-1982
-67
4963
1347
0
-6159
2320
8539
-4633
3688
8130
4158
2448
2391
-279
5124
-2635
-5206
202
-4261
-1292
-6696
2367
3402
1526
-7435
296
-414
2051
1063
5396
-4812
-6238
3267
4036
-103
-1794
-1187
628
-1000
7780
-3791
611
-5989
-986
1002
605
-2888
3187
-3001
73
674
-3815
2607
3131
4177
222
-489
1889
-3993
1069
661
-7964
-7039
-1994
-2230
5539
-1081
1034
-670
-1851
3495
-2729
3729
7903
-1712
-8187
697
-494
-4922
1094
2462
-1909
-1652
-5451
509
2242
-2652
-3823
3533
6505
-3687
8524
-38
888
185
2306
2443
4856
1765
-8112
-1785
-1197
4769
-4505
6683
-1318
-1981
-4463
2928
-5439
1280
-689
-8336
-4189
-316
-2033
4695
7033
2019
-2571
-2413
1722
-3849
4733
-4649
-6004
-216
-5015
-393
-6413
-800
3312
7821
938
-3884
1079
-4536
4698
-2171
5321
3084
-6895
-3981
4532
671
2123
-2468
5077
3338
1509
0
-4557
-1561
-9247
-1237
-2650
-206
795
-3359
-3322
-3817
2826
423
4463
2451
9046
3102
8467
3728
-931
6272
-551
-4041
-7019
0
-2597
-90
1114
1413
-1981
1562
-1555
318
-3289
3998
844
2621
8360
2215
1466
7674
-2265
5951
-4295
-6336
279
-2232
-842
1806
-5895
-4086
-7871
-2934
-40
-2527
-4005
-1914
-2876
-225
-8048
-2237
-2060
2173
3715
722
-6852
-5892
-6887
-2729
1975
6907
5904
-5483
-3072
-2357
3272
-3452
-579
836
0
-2220
3609
-399
2659
-3981
-2197
-6134
-2948
5386
667
-2155
3862
3913
1568
-1032
-1966
-505
-3216
4423
184
6326
-3047
-6
7294
-6142
1553
-860
4109
2985
-1252
1847
1707
-498
-3550
1131
4698
3340
-605
7055
1377
875
-1678
1051
4645
4578
8865
4063
4197
673
8038
1288
-347
430
-1064
-5325
-7992
1592
0
3219
-2710
-2347
-2303
1004
4927
-8052
5775
2852
3198
2252
3518
908
-63
2262
1765
6041
-3636
-3565
596
4301
-3222
1901
-4487
231
-90
-7956
544
3324
182
6176
-216
520
4687
-1324
-4046
4023
1914
-406
241
-5656
890
2469
-1757
5697
2214
6354
-1255
3789
681
-1294
-7831
-5099
-1717
909
2657
3312
3356
-1376
2383
3227
3162
6374
434
3801
2587
-4534
3497
-2866
2600
-4862
-7352
-4175
-3707
1890
5539
-5206
4197
-3289
-6552
-4612
6245
-6224
-4661
237
-7298
2253
-67
3904
-6160
-3831
40
1393
31
6456
-6175
2452
7565
-1033
-2845
-8255
-1938
-800
4629
-1775
1222
-8834
-4527
4812
-5497
234
-263
-2826
-2475
-3533
1328
5616
-5043
-7010
1047
-3177
6682
-1536
-125
-2185
6290
-517
-9397
-1596
-5552
548
-7454
-1348
-3017
-2934
3329
2114
1020
-1771
1927
-7627
-5728
-6453
-7349
-1314
-1348
-2458
-3258
3047
-4192
4788
-2505
4019
5606
5882
6222
7326
-1505
-2300
641
-1372
6393
4069
967
-816
-4067
400
-4608
1611
-4818
3204
7602
4963
4777
-2971
978
2223
3320
-6051
3930
808
-3600
150
0
-1042
-4489
-1515
-5773
-263
-6831
-3053
-1508
5194
-1933
2957
-3999
2155
6603
6907
-4440
1949
-4112
-385
4816
-2714
-3685
1631
2493
-7591
-3931
-977
1956
-1171
5218
1297
5616
681
332
2912
-1706
-6745
313
-792
-372
530
-816
-1154
1403
5189
4036
-98
8388
-3177
1187
6591
2467
611
-1530
-897
4527
914
-4641
-1054
7786
5783
1103
7378
5886
995
2814
-6197
4701
7573
-2435
-672
-2792
-3469
-2183
-5721
-4215
8438
-8780
-334
2548
-5034
2559
6285
-6216
5050
3460
-1304
-245
1885
6728
-6125
-7559
3732
3692
1975
-742
7035
2028
-39
-1716
-5862
6855
4396
2268
-3497
4098
50
-2270
-1653
4427
-7358
-4840
-8561
782
2419
3794
3549
1103
3200
-4001
4343
1103
2361
6264
2470
6023
-3462
-2090
-2114
-1362
4261
-5389
-2668
6608
-1583
320
8378
-278
3812
7201
-1032
5558
-6355
2176
6014
-2442
7857
-2199
4437
5368
4284
-2344
3033
-6216
-8387
-2476
5386
2183
-1207
255
-4347
2741
3584
-4136
3092
-2713
-4698
3341
-2926
8912
2244
6052
4184
4257
-4437
-2097
-4203
2403
-1278
-994
1948
-6655
-3989
-4535
-3267
-2991
5200
7299
4670
-5920
-4122
483
1958
0
7394
5496
3396
-1938
7686
-1627
-1177
5009
-101
1342
-609
-1460
0
-415
5498
-7831
3026
7211
-4590
-2787
7104
-5536
-2169
1000
863
-37
2483
5099
2306
6511
6230
4845
-7538
5904
4583
-1391
4470
-7231
4570
3668
1581
2623
-3466
4168
-1017
-6294
6763
-631
-5393
2343
-1037
1287
-1894
-2517
-4557
6658
5379
203
2979
2556
1059
1296
-298
3881
5614
-8485
7695
-867
-5786
3130
-890
7258
1483
-274
6855
1703
-8389
568
-3170
-6600
-4113
-1298
-2497
1925
-3466
-7545
-379
1251
-161
-7154
-5753
1397
-38
1067
5229
3005
457
4513
255
6675
1985
-5063
-3726
2637
7258
-2235
5877
4681
-2049
-6980
2413
607
-5302
-6163
4610
-3135
-1906
5776
5224
806
-1054
-904
-3194
-4971
7540
-594
1033
7045
-3099
1837
-2530
3482
-8531
-1506
-4067
4024
-742
1608
-5206
1915
1749
-1875
8178
6191
-4181
-140
1409
915
7551
2001
-2201
-1400
-493
1200
1920
1353
2302
-1011
-2598
3752
5272
1724
801
3945
2021
1569
6152
-3460
2032
-1963
0
-210
-1332
-6957
208
-3126
-1630
-1663
-5248
-973
5415
-1434
-6193
-7554
6906
2620
-723
451
1454
-892
-585
2539
6592
2869
-3007
-4807
-3586
194
-7770
-2388
-8274
1611
-3940
-5064
-4110
-2035
-3511
-1789
-1242
-1453
1889
510
3756
-2358
6307
817
-3177
6775
4669
4504
243
2863
2433
-399
1466
-2745
3842
-3958
6892
267
1905
6497
-2506
1610
2066
-5417
-9045
1620
2011
-9710
5976
-4544
5213
-6092
-1151
-2847
519
2008
-2157
1787
870
2156
-490
-412
-5220
457
-6605
2449
-5196
409
1449
3639
-8746
-966
0
-6259
-6113
602
6091
2536
3367
-671
247
-985
316
4015
-3981
2980
-4899
-7086
-3786
5879
5621
-4339
-780
-3219
-2233
4901
-3342
1357
1533
-1420
-3128
-1611
-196
0
1526
4838
985
1640
-8532
2429
671
4075
173
989
1695
-1189
-4275
-4118
8015
5704
-2648
1835
-4212
3631
3449
-6030
2369
1071
3490
4790
6053
4332
-5187
6332
18
-1699
-2999
486
-1907
768
-3530
8203
395
1856
1678
-21
-2172
-204
1678
-5018
281
-2029
-699
1446
-3444
-579
1237
3080
-7393
-2217
5077
-1920
-1836
-747
-7208
-2489
-3980
-108
1184
880
6747
5449
2691
-5345
3276
1451
-2087
-4508
-6633
-7859
-4717
-1945
1829
-1420
2105
5159
-1734
8226
-7095
-4591
5099
-2392
-8739
692
-5857
7250
7742
-6030
-4145
5077
-3953
3461
-2670
-3871
-3568
-1595
5441
9403
-6163
2647
1914
-4250
2237
2993
-4584
2477
1182
-3725
1554
1165
-6131
-1207
1434
1037
-810
-6762
1031
-1062
-1920
3394
3089
6972
-380
-1238
683
1610
-8997
-7670
-551
-7522
-2764
-2967
-2265
1940
-1054
2662
-2868
2993
-1190
-1960
-8686
2741
-2024
-236
7340
1094
1475
-1215
-4445
4451
-2521
509
-1222
-6229
311
6136
972
5113
-1582
-3989
-2104
2810
-3351
-1358
-904
5143
-4602
-464
-2998
8245
-1429
1824
3169
5613
3531
5476
750
-2081
-4901
-4423
2830
2292
621
-236
990
-643
-1125
-426
-4760
1816
-6112
2755
844
2447
2932
-828
-6
-1062
5066
2127
-1522
-6049
-2238
-3718
4786
5314
-1582
1264
-6322
86
364
1472
-7791
-5988
3864
400
5262
6728
-3267
5835
-1098
1337
-3609
7338
1660
-84
-5343
-823
-2354
-6586
5512
3435
-6177
-5221
4424
-4878
3348
-2414
1800
-5756
-2906
-4550
7317
1294
-88
-3275
-3511
4497
-3932
-6452
-3467
-954
628
435
0
1985
-1401
7061
-1726
-2668
2074
8764
184
-4923
-1420
-5967
-1018
-5771
5540
4973
3139
148
-4962
0
496
-4291
8448
-2460
2887
-1693
-1390
5697
3169
-7810
4467
4464
-1668
-1062
4354
5858
3567
893
31
-3757
-2833
5728
-7044
-958
-2087
7652
-1544
6333
-6437
-3941
6578
2833
1416
5202
1568
-3168
1873
-424
-1043
-3518
494
885
-6661
-3449
-1200
2560
-2051
-3561
-904
1515
-8825
-2930
-7591
-1409
3390
4024
-7683
1034
4357
4203
3233
6900
-3579
-6718
-250
-45
-4454
2214
-6605
2708
-4104
-463
-1580
8939
-3213
2092
2730
1199
2403
995
4353
-3481
-3973
7073
3070
-2619
135
6523
293
-5100
-2727
-8
-4411
-637
9667
8247
1745
8419
1633
-2815
240
196
-4196
804
-372
622
-2266
5585
-283
-1574
709
2785
3500
-5388
2882
5210
7687
5136
-4533
2431
4834
-8386
3261
-2203
6207
2489
-1613
7482
5481
2192
-486
-694
-7158
-2760
327
2708
4576
-3567
-9239
937
3821
720
-1033
-102
-3126
-5782
-985
-1420
-3830
1915
5235
-2473
-7349
916
-5978
6180
304
3257
-2610
6421
404
4901
-1281
1833
-2243
1569
-1907
-1841
-1298
3821
-5259
-4046
817
4075
2382
8839
-4332
-5151
1228
-5012
-1406
-958
3184
-1628
1506
-1524
-3786
3063
4019
-4902
4697
-248
4482
-787
-6131
-648
-638
-5205
-2385
-5902
563
-627
-5177
-1898
-7966
4786
-240
3983
485
2999
0
-3679
409
-1501
2495
-6372
2338
-2158
-750
4712
3575
-2516
537
1629
5444
-3187
-907
265
1389
-120
1065
3674
719
1806
-3408
-2429
3117
4406
-4188
0
-4755
3010
-3065
-5041
-2348
730
5168
1871
-2412
-4762
-542
-35
1209
-4837
162
7543
-5368
-2551
4794
-4842
-7131
1353
985
-4717
-1670
-7672
-1515
-2281
8535
-4415
1700
394
-5424
6634
-4204
3860
4467
-815
5197
6866
2080
7547
894
-5816
1301
-5690
-7706
8419
-4334
6454
4877
7017
-1916
-4800
-6120
6819
6875
-1948
8640
6497
3350
-326
4760
-4507
3158
-3955
3367
-4825
1240
-3227
4107
-2037
4687
2021
2728
-1747
3564
-278
-6672
-5145
-5690
-4078
-3613
-6994
2369
-4036
-2145
-6918
-4237
4307
-2983
-4508
2838
-7509
1495
6011
-1013
5810
-3862
770
889
137
-3174
2290
5707
2659
-6487
-3846
-2336
-2049
3867
-5618
7295
5898
2262
-5724
-3231
-5437
4468
-7324
-7447
-199
4883
-4999
3271
-510
3996
1719
7810
1536
-3191
5384
6133
6924
-589
-5842
-2161
6860
-279
2497
-1895
3490
-771
-2738
56
7646
-3495
1014
2502
-2231
4042
-3575
6659
3268
-1890
-707
4233
-2991
1352
4060
-5468
-5596
-1638
-5542
-6926
-2333
-3002
-1683
6744
-1105
-1317
839
-2984
-9120
-2958
4
-7040
4371
-3175
2712
-810
-4717
5600
-2309
-1118
-7369
-1301
584
0
5057
2365
7825
-1695
1787
7383
-3289
2998
6252
-1860
1317
7184
1347
-1193
-1666
-4443
-4862
4267
1881
-4701
-5910
4945
576
4379
440
-807
-3515
-6085
-2834
354
825
-229
1079
-1047
1497
-2250
-4426
297
1992
-938
-5595
4438
-4088
-8655
8346
304
-3990
-355
8017
-7689
-661
-5949
539
-355
1331
3796
-5959
-4415
-9201
1846
4249
-571
1630
-7507
-5497
-156
4296
3842
759
591
-2889
-1489
5191
3766
-1068
-974
992
-5545
-1104
-3174
-565
508
-2157
592
-330
4043
-2154
794
634
5376
1751
4680
302
-2159
5988
2263
-6042
-7805
5342
-3859
1590
-480
719
-406
-5100
1301
-2938
474
2709
-7139
-325
2602
7780
1009
322
2226
-7369
3790
1098
1970
2194
854
2074
4428
-6731
2208
-4500
-7388
1875
-5012
1687
7264
-2490
6228
-5720
5858
-747
1414
-145
-1395
-4730
-4876
-1972
1762
-3871
-3760
-1804
2307
-1116
-3129
-7094
-1132
-3761
-379
1065
7660
1291
-3177
4744
8377
-1343
-2531
6200
763
1676
2102
-6500
-4104
-624
3779
-3745
1399
-1312
-9076
7744
-4898
-5169
-2029
675
2652
-1256
-515
8057
3316
2682
-2985
-4666
404
-1715
-537
1797
630
-4554
-4620
49
1832
1295
-7249
-5188
-6746
2862
4948
-54
-206
3046
-4833
6256
-1615
664
-857
-1297
1902
-4631
-3868
6839
-1638
-1503
2926
8671
6953
911
-1849
1366
-2593
-4202
661
7192
4831
-5992
2379
-937
-4438
1342
-3472
-1840
3382
-933
-3077
-6119
-6004
-7681
-1509
-2178
2787
-8674
2203
-353
-9247
582
-594
181
-1261
2090
679
2021
663
1904
4963
-1478
-5309
1733
-3761
-1525
-3065
89
2783
6536
-136
-643
-2618
3329
-3448
4069
3765
-251
649
2956
1804
8257
3311
-4032
2312
-4279
-4901
3375
-5926
-4842
-881
-1276
-2510
7580
4651
-370
-6590
3864
5733
5809
-4417
4249
7798
-2390
2714
1881
762
579
-2372
6190
300
-4481
-3774
-4645
1660
5846
-1710
4257
1805
-6740
-7094
5227
5268
1237
-1611
4107
-1054
-4381
-1907
-3749
2508
1033
-4761
-2967
6723
0
336
2735
-1420
7742
659
886
1524
-1044
-4308
-6443
5019
-3517
6504
-3486
-3219
6551
-2924
4136
-3707
4687
1665
7041
-1334
1876
-7422
7642
964
-937
9102
-3207
-6321
1441
-2332
-2238
4811
-1666
2494
7184
3329
-7646
-4355
-148
-1949
-153
1178
-85
-6939
-7136
3871
135
-4760
-1443
-5831
-682
283
6256
3546
3232
-5169
6449
-3657
4364
-422
-437
1014
-1181
8053
3950
2579
-5128
1948
371
-6527
-6378
-2939
-2081
6404
-1495
1926
2506
107
-2155
3855
-2145
-2993
-2175
885
1649
-8222
-8862
6252
285
-1727
-6579
-1924
1682
1802
1125
-645
-679
-2911
-7931
6719
0
-2570
-3761
6791
839
-163
-546
5827
-2
1848
-961
5507
3541
-6187
2417
5970
-2928
4240
-4807
-6551
-493
-974
1588
-1345
2223
-1280
4147
3809
6109
6197
622
253
1456
493
8063
-4323
-4105
-3601
-2253
-845
2507
-3322
-3727
-2110
9157
1933
-1587
5047
-5926
4024
3896
-1615
12
-9391
258
-4380
2400
1263
6733
-547
-7718
2190
-339
2700
3734
-1253
-7061
6597
2168
-5502
-2532
-3358
1272
-2802
6862
7135
-3631
2145
-1567
-2046
7003
4532
4002
-4675
-5935
6335
-7894
-693
5259
-4454
-3871
-4898
-7154
8524
2208
-5196
-3141
4852
-3969
-1351
-6904
-3003
-7364
3226
2184
-2535
3794
-633
1929
-392
6197
-2551
-3880
-2982
-5232
-345
-1853
-6631
5322
-8518
4669
1991
5649
-4943
-2237
5512
-4755
-786
-2098
-2855
-895
4168
-1717
162
2166
-2879
4592
-2251
6750
-2980
0
4805
3062
-4835
1960
1047
-2158
-1508
4737
3353
-1800
2149
-4670
-2672
130
-7187
-1516
-2963
3498
-740
-2284
-2067
6220
1331
-6908
3432
3132
6140
2257
1700
-4082
-6891
-7168
2165
-954
-2722
-5602
-4808
4015
2938
5142
-4545
3849
-5361
5595
3065
-7384
3232
1413
1006
-314
921
-745
-1418
-8964
-4438
2044
-3105
3347
-2538
2302
-4277
5374
-3394
-2314
-1785
1536
8729
2472
-3321
674
5780
4855
5224
-723
-2199
879
5878
4267
-2084
-4526
2403
78
2468
-875
3727
6214
-3276
-2541
4645
-7557
5733
-3032
6860
-4516
1245
379
-1339
-1513
-2021
-3992
4869
-4614
-846
-1186
3976
-3679
-454
-6451
7356
-3452
2120
-3064
2879
2343
4729
108
937
-4837
3122
5234
3904
1800
1832
-1789
-3471
2144
-4967
-488
-1996
-2348
-7258
-1513
2745
-3215
-5584
2171
4405
-7521
2156
4608
-2121
3312
3228
1158
7365
6775
2649
-1529
4111
3474
-1490
-2193
2156
1051
905
-382
-1810
-3051
-3593
-4659
3966
6173
650
-1293
5429
-4415
1645
460
2504
1179
4289
-2612
3376
7976
-5542
476
-1344
-1284
5141
-3946
-547
678
-2024
2343
243
-3992
1449
6311
50
1154
982
-2349
656
8304
5185
-1984
5898
-1544
19
-5144
-516
7822
2430
4287
1209
-362
8832
-1699
7646
-3129
613
-1524
5321
1017
1949
-1777
-3479
-2568
-4053
506
-1632
479
-4718
4253
1237
964
5827
2105
-4364
-139
-4135
-754
-5051
930
-71
1010
-1851
-818
2142
-8578
4257
8046
277
-5111
474
239
1599
-5237
-7231
-1982
1694
-5096
2175
-1040
2459
999
6751
577
141
-5921
6784
-1886
-4342
-1802
3085
-7294
824
2872
-2244
4109
-2629
-1609
-6441
-7894
1883
-6081
-5602
-5183
231
7257
8265
-2395
-700
-6804
-2601
6757
-789
2132
-2490
-5727
-7005
3545
-6049
5748
1914
330
-3207
-1586
-2634
5200
4506
3066
665
1322
-681
-772
6891
-6043
-7835
1513
44
4125
-3291
-196
3650
-3133
2157
293
398
-345
-7896
6307
-189
-683
1200
-3859
4545
-4004
1634
-4105
1988
-1007
-845
-3199
-9643
3793
761
3513
-55
-1269
4953
-1511
-4808
-4942
115
1195
-3767
3230
-3969
-7445
-517
-7521
4299
2563
-651
-392
-4121
6375
-158
-415
129
-2855
-1988
-4735
-1451
-4617
939
5928
5023
1498
-8227
-4103
-4031
5769
-7808
1750
5995
4166
3491
1861
-4890
5430
-486
1656
-2332
-763
272
-1042
3164
4457
496
-2657
986
-3332
-8196
4578
2710
-4701
-6972
-6030
2232
565
6729
-1468
-1820
-236
628
-1239
2666
-1164
663
-1278
2489
4807
-7
-2164
-1568
4963
-443
3700
-3663
6823
-4431
2265
0
-2827
-658
-1578
-1638
2505
-4401
-2202
4280
-2547
-2354
-1175
-624
2468
-4752
-6034
-6815
881
4141
-1339
-6605
7055
1560
5291
-2332
412
-5949
-6925
1717
-7572
1143
-4886
-7474
-1683
-3973
-1148
3652
-2506
4364
-72
-1782
-4709
-82
-1171
-2675
-5043
5968
602
3050
1665
905
720
1831
844
-4825
-506
939
386
2785
-2476
541
5276
2978
-56
-1579
-5568
4938
-1049
129
2005
-3634
2830
-5328
-3228
-3427
6230
-3763
-684
2049
-1576
184
-7527
-1699
5539
2693
-4645
90
3569
-2400
271
0
5520
5095
6693
2409
-421
5299
-7816
2147
-1575
7159
9277
-7016
503
-716
867
-7739
9165
-745
4423
5508
1312
2785
4841
-5698
-6725
-661
-988
-254
-4007
29
2613
2637
-2554
-1171
-997
3118
-4888
-2195
5270
3253
-2772
2468
-643
-4712
5276
-8518
-3426
8356
-1364
6893
-3940
-3757
-2011
-1783
-810
-1995
1339
-6753
4927
4328
1709
-1987
1191
-4435
-6561
-4550
-56
-1940
4299
3478
1266
-1967
-4409
4323
-1822
4695
4786
-1567
-5793
-5532
-7762
-748
-5269
603
-2191
-4415
1374
-1968
6894
-2255
-403
9551
-2354
911
6841
-3544
3180
-2261
-1828
1021
-5212
3692
135
3726
-2213
3285
-855
7658
3967
-9045
1579
4449
4452
-96
7027
-1043
-1312
432
644
-537
-6668
-4491
2208
-9043
-4269
1353
6866
2917
358
3178
9335
7023
-2306
-1555
-5231
-6493
1301
4477
976
-8210
1435
-237
-404
774
5039
2962
-6182
2513
-2039
-4460
-1730
-3325
-3629
3769
267
-960
2221
-5143
533
4423
-3622
8854
-606
-558
698
768
-2821
-1466
2932
-5721
1361
1151
4204
-2362
9289
-2538
234
192
-5803
4960
-1581
5967
4388
-2427
4622
5802
-2265
1102
6518
-1062
3211
5976
837
3766
-6938
-1257
-224
3858
222
-688
1526
-354
-6996
-1511
8085
-6677
849
2767
2938
2288
-6032
7281
329
-6492
2878
38
4931
-5055
-1568
-216
2234
5857
7126
3904
6514
1355
249
-2067
591
7900
8225
-2223
4087
5204
-6633
245
-2555
6432
-3807
-2652
7621
4834
1674
-1785
-3505
-268
3234
1908
2808
-2594
1560
-6191
1451
-791
4732
959
733
-9056
-3475
-7546
2074
0
-6826
-8176
817
-791
3883
3318
-754
665
-8674
4645
-4601
-4962
-6601
-6490
548
2207
2750
-945
3441
1313
-6367
1252
7593
-6869
-5201
-2341
8720
6254
1334
3734
-4961
-4533
9429
3684
-7381
-3503
4285
4798
-3306
-459
5398
1506
-8192
-2278
1694
6349
-1688
938
-6204
540
-1709
-1693
-1592
-4901
1318
4339
-584
4863
2476
-1536
5471
-4660
5202
-1858
1005
1307
-628
-3690
8231
1947
4141
61
1741
-689
-3128
1957
-2199
4897
2013
-988
721
2378
-4974
-1550
7113
6150
5395
3820
-3321
3161
675
5810
-3717
-5356
-6840
-746
2793
-1965
1072
2499
-4974
1205
-1175
-7788
3424
-1653
766
-4130
-2368
119
-360
-3672
-7795
-426
-5356
3614
-4
2219
-2924
1575
1904
2557
-1454
421
-5186
8249
-540
5249
-1181
1669
2543
-679
-8078
-3945
3970
8904
0
194
-5862
-2882
-4869
-925
2180
5351
-5524
-3257
-4312
-4630
-622
-9710
4556
235
205
-671
-4924
-4607
2604
-643
-1694
-7212
-6688
-1525
-4743
-2120
2322
4002
480
-3993
-824
3800
8846
4312
-370
-4653
1791
-2506
-6081
-1237
4292
960
3628
400
30
-2067
-2108
-5967
2582
276
5327
-917
7450
-5432
-1011
-2892
2661
5664
-964
7023
3384
-8443
-499
-8854
2519
-7378
313
-6065
-278
4070
-8400
-562
1321
3718
-355
4225
328
-115
-5437
922
178
-992
2913
-1356
2690
2945
5052
-1466
-796
-6355
-4782
-5333
349
-231
3270
893
-206
3763
8176
-9321
-1611
4350
-1895
3605
-5264
2879
8019
-1464
2332
1659
71
2521
817
2052
1240
2044
-1546
4685
-7741
2547
-376
-1997
4246
8633
-5466
-717
-371
-143
3590
3436
-4153
-369
-1057
-1793
6108
-3067
9157
135
1830
1423
-3616
8161
1674
-4345
-6953
2248
-5219
1849
-6244
-683
-1272
-1180
1345
-255
5733
1583
-5058
3509
5937
3233
6647
-491
-5183
-5632
-4694
234
8235
8360
5185
1829
1760
360
549
965
7093
4913
1303
-1281
1685
-2762
-3815
-2062
1297
1290
4416
4072
-1334
837
-3091
-4835
-958
642
304
-648
7602
-551
4169
412
-3578
-1991
-809
2499
2289
-3459
3867
4328
3226
2161
2150
-6360
-4164
1402
2672
-453
407
2269
-8033
-3061
-1886
-3866
342
1788
-2061
-7352
-7579
-4626
2956
6711
-689
-4536
-4701
1049
2306
-6711
-192
1032
1965
2069
-1716
-5115
968
274
6726
-1352
-7088
-1777
3351
14
-3502
-6651
-788
-7026
486
-1065
2381
-2418
-1237
7788
1201
-6054
-7496
-1640
-5584
4794
3963
-4728
-978
258
-4339
707
-2183
1164
-8294
-2761
-5916
1040
4601
-2254
-278
-925
-727
374
8727
6852
252
4887
2853
-1011
2021
-7284
6113
-2714
-2413
-3944
2976
8764
7976
-1280
-6589
1699
-6495
-6807
-5440
-4974
-4255
1634
2004
7308
-3177
-5651
7156
-3211
1095
-226
5664
-8260
-2381
1305
3024
7601
1558
4876
6541
-4574
2279
6109
2121
3375
-2424
-4608
-8121
4018
3778
5339
-1276
7953
2495
3562
-3524
2868
-707
3477
3010
-337
-4145
3246
3574
0
-4534
-6038
5042
-2409
-498
-3565
1637
5449
1020
1608
-7049
2054
-172
2373
-2141
-1562
1668
428
-982
4165
820
-7621
6330
5792
6186
-5102
-1596
-1622
5293
4225
-8490
-693
-7414
-7646
0
886
-4356
3387
-1841
-4067
2443
6524
-912
1441
-2742
8107
948
-1636
1932
4373
-4828
-189
3370
4068
-5014
8249
-425
361
4519
8176
5898
5887
-3427
-1917
2021
-1755
-7981
4782
928
1321
3832
0
-114
92
937
-1949
3597
-995
5057
-1028
863
4278
1740
4689
-4305
7072
3573
-6125
1353
2206
-363
0
4576
-3229
782
-385
-8556
-947
2623
-3446
-3367
-5616
6374
-7261
3109
-7777
-653
-4505
-7162
-2157
1436
4087
9165
1005
3644
6086
2721
-2409
-3481
1209
0
-7075
7991
4224
-2332
1158
7040
5133
1513
4424
-2412
-2174
5756
8375
6190
800
4231
-1111
5687
-4606
472
3267
3919
-177
-750
-6490
2262
-7542
4452
-759
6084
4355
-1218
3713
-2978
808
-971
-1026
-6046
6234
-1268
271
-6780
8586
-725
2508
3959
2914
5669
6993
-7689
2633
-7753
7793
-1442
-7715
-3541
1493
1057
-7233
-1146
-2406
790
-2339
697
-4496
3529
3130
-5308
8123
-4013
4611
2590
1863
-3911
78
2917
5799
-6049
6982
-1364
3016
-7200
-360
576
951
-4259
-1860
2813
-1899
-4786
-3495
-2993
-781
8278
1206
-4212
-1129
-1090
-3456
900
-691
-2635
6402
2088
5855
-5611
1393
1114
6747
3946
6458
-1756
2074
-2924
-8278
-647
135
-1695
-2855
-6062
3475
-7942
6304
6688
2913
-3302
5543
2443
-2308
3048
-2067
-5055
3412
-4528
4747
1688
7941
2805
-4563
-687
9656
0
-3144
5608
-8480
2880
2835
1676
3706
3598
2465
-191
2370
-7200
-90
-1831
837
-861
-3028
1739
-1949
-5534
1438
-2851
3904
4413
345
-5923
-4360
1497
-758
-8176
5223
3650
1101
5752
-5038
438
-636
-5116
1347
3787
5430
2416
-1180
5234
2029
3344
-1563
1777
-2073
1455
-1525
374
2938
231
-2544
-4850
6246
5784
2304
665
3916
611
1242
6476
-7454
5517
-2707
-5468
3673
0
-597
-1242
6568
-154
-3854
549
3786
-2131
6190
-2060
3668
-3353
-1473
-9615
231
-5705
-399
4708
3991
-4878
681
-2235
342
-4477
5329
-4791
-252
3512
1200
2574
-5490
3717
-643
-1473
5226
-1758
7766
-3273
-1567
-7447
-2826
-1162
-5724
-6104
-4041
-1434
908
8246
940
-4584
-7947
4954
5675
-4260
-7110
-2246
3037
-1803
-2233
-5836
-606
-1257
-5219
-25
-6027
2529
-2839
-5180
-5255
9731
3986
-3931
984
4971
1313
-7602
-85
422
2086
-2893
-6944
3353
1034
892
-4520
-2806
-4563
-6424
1697
-1858
-3129
5868
-3723
-2934
1688
4069
-5069
-244
-624
2196
5723
157
4257
-4457
2505
-713
5019
-1945
-376
4633
7295
-671
5012
-2626
3177
-1883
-3386
-278
1591
790
8232
-1640
-4036
3085
-7729
-4877
-6600
2165
1716
-2764
6413
-508
-4367
-1199
4259
-1410
2522
871
1676
-7650
-2797
-7395
0
-7459
-1029
-3868
8178
539
621
-831
7742
2455
-2899
-3637
-6661
6738
6875
-8057
-4696
291
-290
3259
1150
-7777
-8490
-1164
1301
3161
-7072
-4224
-734
-2729
34
-60
-3310
-430
-6043
-5742
1832
-5264
-6317
1177
258
7543
7355
-1924
-758
4318
-3945
7190
-551
1621
-1632
-5254
890
744
-2670
380
4004
-2154
1477
457
-3102
5361
-2038
1920
122
733
9084
-7069
-932
1458
-862
-7073
-7716
6897
-1825
-4029
2579
571
-1133
-370
-914
-1516
5270
-942
-982
-3300
3597
-6767
3685
2185
1102
5994
294
8533
-4423
-9572
1442
-5490
-2336
-2404
-6586
-3148
752
2830
1887
-4199
7393
1250
-6207
668
1981
3255
-1264
2662
1611
4139
2441
103
-2381
1082
2681
2313
1420
3131
1415
2823
3715
5270
413
0
-2353
-1312
-1782
-1753
3570
2221
5727
4041
2691
1820
-2617
2514
6344
-6828
-3960
3595
1900
-365
2111
1782
2708
-1960
-6236
-2587
-7947
-6731
874
6668
675
3657
1863
459
-1491
4312
5769
-8427
-1105
-6551
4844
-949
-4225
-6578
1015
4107
2030
6011
2308
-468
-4473
5630
2599
-4653
-1306
-1647
2241
2568
-4340
2876
1359
3966
5445
3785
-904
510
-8298
4732
-2611
-2886
2288
-3129
-2603
-5959
6791
2856
525
-5029
-1214
5809
3628
-2506
2304
-119
-666
3077
-3102
-732
6936
-6722
-1227
3734
-2975
-8121
4881
-89
627
8720
-7962
7788
3754
-2097
-1511
6245
-1924
-3725
1694
7999
-1673
-1662
-2174
115
-857
1533
4154
4192
-4499
1631
2734
2080
8064
-6156
1502
2647
131
5284
2102
140
-2634
1781
3737
3917
6116
3821
-538
4094
0
-5075
-6108
-2484
-4872
5332
-7112
-7469
-2650
731
6964
5829
-3571
2213
-3521
-9250
497
-2463
5287
-1599
6687
-1950
-2125
2077
-6333
-5604
425
-5916
-674
4429
1273
-9719
-2670
2417
4604
1367
0
2979
-619
4566
-5194
5117
-5556
1613
2175
-6019
-7123
-355
-482
-2956
527
3801
-2862
-584
-5447
3300
393
-3011
-2679
5184
1408
-2926
1011
-1399
-5797
1020
3531
2356
-5816
1107
4704
7398
195
6207
1017
-3346
1830
-4217
3461
7223
9207
3932
6109
7338
3464
-5594
317
90
-3029
-859
-3110
-2967
4794
-2325
4406
-5496
3180
388
4228
0
-2598
-3782
-136
-5595
2570
-322
1516
-4397
3435
-349
-532
7565
5321
2256
-904
7101
85
-2522
-6631
-2337
-7314
2295
-2631
-1635
2326
-4818
8123
-4877
-7132
248
1895
2441
7666
-2813
-1785
-5099
-2312
1034
450
-1293
1552
7281
1552
-7598
1970
964
3382
149
-3122
-1116
-3187
1082
-5311
2629
-8072
6513
3729
-5144
-567
4536
-8506
4612
2232
6420
18
-1421
-8748
2687
1339
3707
5422
1195
-511
886
-1144
-4240
308
424
-1322
-1197
1027
-2559
-3163
1006
3396
4547
-7900
1301
342
-1918
-3201
201
6115
8123
-2025
4651
-7294
-2761
1357
1045
1980
-2463
-3634
8959
435
-803
-2292
1582
2467
-2311
-7016
2570
-5784
-6142
5250
2873
-1926
-7521
3376
-5516
-7949
-4044
1150
-2633
-2071
0
3226
-2940
-658
3100
-1299
5099
-6684
5124
5630
4527
1762
4439
4511
3868
1513
-2233
-4164
142
-3077
5493
-6204
73
585
-5741
3983
2184
5457
4402
-2606
6613
3233
-3071
3116
-4260
-221
2065
-800
-3144
5555
-8104
-247
-5043
7365
-5602
4069
-2659
1263
2047
-8032
-5048
2386
2515
6644
5959
-6393
-6633
-6238
-5328
-291
271
3851
7797
1553
5858
-3178
5730
3464
8893
-6010
985
-2060
-5934
-2484
-5725
2681
584
-6886
7003
3892
-1491
3213
-6616
3218
3262
-113
8130
412
1974
-7831
-1556
-8398
-6481
-6727
-2958
264
-4851
4439
4098
-6705
6497
808
-5447
-1597
4041
5485
2649
-895
-6370
-3648
2886
8487
3415
1700
163
-4741
-3953
2221
-476
8606
9051
276
2127
-4287
-5127
6291
-1197
896
-4460
-2400
4799
-1064
2675
-262
-1937
-6990
-6661
6783
-2538
188
1962
-4737
1492
1797
-347
-7894
7382
3232
-4782
-1994
1888
995
-2871
2398
37
7378
2318
-6101
-7086
3842
2358
-3662
2567
-658
-798
4121
1852
-3216
9157
-251
885
-2254
1901
3047
4950
-228
-3449
-2558
2549
-1746
5194
1849
2251
6792
2472
-1312
0
-968
-390
6843
-1103
-4792
-685
-4071
-6749
-12
-3860
1659
2885
1517
2304
-2899
-2030
-2555
-1925
235
-173
-3511
-1088
-1017
-6135
341
5860
-9333
5585
4652
-6355
-990
-1640
-3226
-1708
-1525
3746
2418
2401
-666
2857
5120
-7487
5056
-1741
-3390
2562
4923
6033
-3165
2428
-818
-3253
8959
-3262
-2220
4415
5246
-1356
-759
4777
-3308
-3346
5299
73
-5381
3171
3615
9408
-189
7006
-3399
3401
-1477
-1982
222
-4536
-4873
4973
-356
-5220
-369
1124
3914
0
-7986
-7296
-324
-3436
-3886
4882
-2934
-386
-3834
532
2628
-3318
276
1886
1219
114
-5691
7458
-954
7372
905
-2070
-6314
-2342
-4164
1966
-7034
-7655
2719
6332
-3539
2876
-840
-3222
480
3498
-594
-1605
-1921
5197
-815
-3159
-5748
-3525
3857
-5726
-1050
1248
-8355
-5391
-5284
-2334
-1777
3739
-5538
-2551
3384
-3046
-157
-321
2312
-5269
5371
1746
-3257
3646
-2825
1975
3836
3220
6491
504
6374
818
-4309
4191
2194
-3008
1246
1201
2671
2769
-5756
-588
9214
-631
-3199
271
3821
2313
-8674
-4791
6885
1973
-458
1891
1509
5444
-2217
3329
-7937
7364
-2781
-1440
-8187
-8013
2469
5024
5151
698
3507
-2483
-88
-370
735
2568
4197
-2065
-3198
4396
5526
-6932
-1278
-4485
-2161
-7376
-3197
5259
2281
-455
-369
-1933
2041
5548
8225
3618
1438
-236
-4797
4802
-4188
-4872
5970
-374
2274
5379
1087
3597
665
5822
1433
4648
-5870
2885
1908
-175
-7074
-1991
-2105
1636
-3909
7821
-910
-182
-4511
-8829
2958
4574
-9239
4240
-5762
3183
888
-679
989
-9064
6197
-2526
-715
-1610
-4021
774
-1047
-5977
1587
-6573
-4675
-2648
-521
-1525
-2067
-9354
1163
-6385
4330
313
8865
3575
2874
3695
4097
-398
4613
-6135
-960
-2006
3630
2901
5335
4953
-7571
7756
-643
-6131
1339
-2710
-3269
-5392
-6651
4843
710
-4629
1782
-2287
-528
-1519
-3767
1219
1894
-1865
5432
7216
-1930
-2703
1107
2546
923
699
-2586
-5187
3696
5664
-3185
3695
3763
4487
3150
-2530
1606
6429
-5141
-6230
5384
-4413
6753
-2500
-2155
-2727
-8724
-675
-2807
1092
-514
5128
9248
-4437
417
-4701
7531
2766
1042
-8331
-705
4740
-1391
6036
-702
-2076
3122
2013
2018
1248
1681
2829
-684
-560
-1052
-943
-3356
5713
-5043
588
4920
53
-2349
5444
-2945
2472
-1880
-7579
963
0
3426
2941
-4914
8828
2121
2018
3512
2075
-2802
2876
-6663
2663
0
-761
262
-1405
-3461
279
3296
-2852
-2243
1600
1528
627
-422
-3017
6322
1455
-4235
-6365
-3032
211
-656
-688
2116
-809
-1652
-4699
-732
7602
-2836
-2518
-161
-7372
3429
-2444
3936
460
2733
248
913
3188
-8351
-1419
5445
1150
-1833
3732
1203
-102
-2313
-3017
-5210
-5232
958
-3016
1722
96
6014
-5378
1669
-184
8855
3106
3024
-4788
-2617
-4752
2712
-654
2199
2125
4238
-3974
1000
735
8834
-3808
2495
-852
-4269
3255
981
-88
-5616
-2250
-2184
-6032
2227
6437
2354
-2458
1334
-1743
3893
1682
6557
665
4449
-8666
60
-528
-49
-3723
-6034
3475
1968
7772
3685
7326
5559
5656
583
-345
-1197
-3267
3391
5261
-1260
431
3966
-4855
3169
2183
-181
1252
-4571
5099
4867
6252
-6590
-7818
4776
6982
-1004
539
5682
5713
-8373
1231
4897
1881
7413
2993
-4976
687
5133
5306
661
665
-4130
8809
1272
-3282
173
-3192
-69
-7767
-4152
2766
-2253
135
-109
451
5074
-1173
-5313
629
5349
1579
-6504
-6471
-6037
3367
-2824
-2686
297
1324
5202
4301
-3089
-694
3363
-2906
734
-1291
-6021
1251
6311
-4943
-1578
-797
5869
4264
-1473
2892
1620
2047
-3832
5069
-2659
-168
985
0
-4084
-2506
-3194
-1186
-1061
1697
-4691
6219
7003
1451
2166
2361
-3072
1692
3328
5291
241
-3759
-4221
1852
1022
-9881
-9211
-881
-1311
-5602
3481
-3703
-3929
-2746
416
1904
-131
-1298
-4246
-2229
-3523
7899
3535
6384
3801
-438
1426
-248
-2303
658
689
-721
3816
1548
3082
-5183
-1802
7658
-501
-6006
-5959
6069
4396
-4873
-6167
-4085
-1568
5628
-666
-3724
450
3468
3338
-3065
-88
5235
2615
-4960
-246
-3726
80
6810
3429
1832
4719
-5081
1039
369
769
142
6843
1425
902
2748
-3219
1546
2072
6927
-1349
1560
-561
7099
-2699
-5402
4547
-3320
196
-2539
-3031
6448
-1690
-1810
5951
-3174
-4029
-2692
5293
4882
2038
1971
1544
-2028
-4523
2400
-4269
1524
143
2428
4579
-7286
-7036
2425
-1311
4192
-2214
-2247
4639
-1672
2930
7840
-3106
-4435
1587
3040
2985
-5627
-7591
-1706
-3544
-1645
-1245
