150 10000 100000
109 118 -3906
104 78 -716
86 65 3154
128 134 -4029
94 114 -2580
118 3 7909
143 14 -6478
1 78 868
97 13 2623
118 62 9072
67 105 -6209
21 20 -4540
80 33 3814
46 142 1167
89 94 3821
123 2 1691
23 49 -875
17 113 -836
91 75 -2745
144 70 743
20 142 1031
24 136 5328
95 142 -6527
101 46 -2500
66 79 -6224
54 41 4257
59 15 -319
79 50 -2665
42 131 -1698
144 121 -7461
105 148 1661
110 83 4967
126 3 7721
80 109 1292
63 115 -1421
41 111 -3224
62 32 -297
23 20 -2487
143 67 1065
37 56 -6701
12 122 -979
24 30 5273
128 3 3888
76 133 -2247
68 29 411
78 97 -1776
118 45 2629
48 146 6294
114 26 -3396
121 64 4169
1 115 -5625
123 85 132
124 42 -5107
39 94 6005
92 67 2260
122 100 836
100 57 -3523
77 74 -3060
145 50 -6078
22 74 -3584
9 81 -4692
82 70 7728
94 29 -7086
44 107 3272
32 82 -8176
102 117 -1334
18 73 -5785
47 53 568
81 73 354
127 70 7056
33 141 -5985
62 77 -5987
31 30 4355
53 30 -427
36 74 -8241
69 64 -2002
22 100 1439
141 108 4104
114 91 897
6 43 -396
25 143 -1786
75 46 -1550
104 134 -7795
15 127 -1895
75 112 4596
41 2 -44
102 69 1821
121 87 6024
118 94 8208
75 15 -549
15 122 1042
75 7 2197
61 70 1334
43 79 2387
125 37 208
103 14 -9277
102 44 -3315
108 18 4473
103 21 -2817
54 58 5072
122 96 3393
7 73 -2609
17 138 -1528
118 90 8060
146 49 -5296
44 78 5951
58 128 -5220
114 36 2675
123 66 2929
31 36 6496
122 6 -2722
43 96 6535
126 35 1532
137 9 2747
50 83 7965
95 47 -3811
55 134 -5291
6 107 2872
100 97 209
50 105 1072
1 8 1138
19 54 -3319
50 94 7542
120 37 6220
21 20 -4564
109 54 274
116 10 -899
1 5 -2795
5 109 676
19 38 -2292
16 61 5391
5 90 4787
114 9 2012
66 14 -9195
59 70 4768
63 57 -492
6 149 7458
22 104 4181
92 25 3058
128 72 2234
58 44 -8150
11 78 5544
19 44 -6461
105 11 -235
77 9 4526
123 31 -4911
13 16 -6255
14 123 6353
121 13 7837
73 14 -2812
49 86 -848
138 122 -124
119 107 -3095
1 11 -4664
81 122 1322
25 119 -1336
32 61 -1809
3 95 1972
31 8 5493
12 29 -4068
15 30 2976
46 80 603
57 40 -455
121 59 3512
131 28 5038
145 74 -6796
1 10 -1200
66 75 -5914
46 138 2161
19 7 -1668
19 19 4
38 43 -4162
25 50 -8015
118 55 5305
97 28 2215
138 69 1923
70 105 -6442
91 14 -6028
100 110 -1268
56 21 3843
3 82 -7370
101 106 -2952
26 97 2998
63 83 6702
72 24 -5401
115 86 2508
26 121 -2163
51 35 -7530
104 74 -7778
0 32 3177
57 0 4169
108 14 -4129
148 6 -1899
32 80 -6000
78 136 -832
113 99 2902
80 145 4138
22 87 2430
126 66 9499
81 53 3697
72 47 -263
92 115 -5216
15 35 -1405
31 102 2650
72 143 677
44 35 656
24 127 402
87 34 -5597
51 103 443
140 144 2205
79 136 2819
139 16 -472
139 145 4850
117 57 -1554
149 123 -2115
82 142 2814
96 32 1220
21 126 -6628
12 46 -3039
28 141 -6857
115 10 4477
114 28 1834
142 141 -2767
16 69 4731
145 133 703
102 32 4356
137 137 50
64 49 -222
74 135 8502
117 147 6752
146 30 -3083
138 50 -3575
96 58 1753
81 97 2349
69 25 2554
146 86 -6200
11 61 5454
140 70 2922
30 57 -4624
73 77 -164
129 60 -2796
133 120 -3922
85 18 2230
62 59 -5533
130 136 -426
27 136 -3188
50 29 383
27 47 -3369
98 45 -5690
142 81 -399
62 8 -1780
35 73 1595
89 133 3132
118 141 502
10 20 -2633
21 131 -4423
15 107 1174
98 16 -6821
99 11 -6322
24 4 6246
55 135 3180
136 43 -5094
1 140 -811
122 98 4226
114 30 516
48 110 755
90 46 -5911
126 56 2865
81 112 5411
5 63 -1303
11 136 4704
91 22 -2855
34 35 1335
40 0 4617
108 112 3742
12 32 3548
9 35 -5884
123 34 -6297
95 149 -970
35 82 -1179
74 56 3080
134 92 5784
100 126 -4829
131 72 3909
41 2 -38
94 83 496
116 19 1739
72 71 -3562
126 91 6321
19 104 218
1 59 -2618
52 136 1070
124 0 -3609
34 108 4212
130 116 -732
113 145 1883
43 108 3555
101 57 -3182
137 79 -1468
65 79 -2706
76 119 -2335
62 33 -2532
85 141 -6309
29 99 6762
145 143 142
37 107 -5429
96 143 -608
3 88 -7051
84 53 2261
30 43 -5033
31 19 5834
120 59 2
52 141 -4546
51 57 -7770
71 39 -470
149 142 -5536
117 88 -2220
84 17 1560
123 44 -5643
61 86 -3885
56 119 4417
72 41 2191
28 50 -6695
76 63 -7751
82 93 1593
19 74 -7570
58 12 -4031
13 56 -4760
138 74 -4326
94 75 -4456
36 62 828
50 1 5444
46 99 5716
40 130 5656
126 28 7253
114 70 2649
58 8 -2007
50 15 2476
21 66 2802
48 10 2000
96 11 -6047
66 137 -4755
114 26 -3400
92 19 1867
1 0 -512
107 32 4470
75 98 4696
129 17 -2294
148 120 167
133 4 -404
98 52 -3255
112 40 -7240
25 68 -8038
30 14 -5674
98 73 -5080
147 91 -3305
47 130 675
19 55 -2256
70 84 -3870
19 79 -4179
49 143 3063
95 10 -4889
130 29 -5495
29 136 5088
130 145 218
91 132 -5024
48 11 -1494
81 73 397
27 30 -3206
7 34 -5445
51 41 -803
96 42 -3375
119 63 -5393
116 25 2885
145 87 -774
31 11 -275
91 46 -4322
122 41 4267
36 97 -3054
131 107 1919
137 85 1979
56 15 123
87 87 34
146 50 -8482
32 15 -5582
144 33 -927
38 89 -797
21 85 5
109 136 2216
8 14 -6812
139 96 5547
2 82 -7861
65 77 -3035
123 82 -6215
1 75 -2429
129 33 -1622
43 32 7716
53 63 -4535
38 79 -1822
83 5 -5316
113 120 -1402
31 33 4753
22 31 -1811
102 123 2317
76 112 -1439
3 132 -6401
23 90 3306
141 89 3925
135 1 -2270
76 41 -1263
91 1 -325
25 126 -8545
45 99 5198
63 121 -1957
73 61 3656
34 122 3789
120 142 -181
47 24 -5106
85 68 -6113
121 7 5935
62 125 518
106 140 3618
31 92 3964
27 98 -954
24 95 9031
34 96 7200
20 94 5956
65 72 155
105 10 3236
98 97 -3170
84 81 -1421
104 53 -1206
23 103 4950
117 88 -2187
129 119 -711
68 90 7413
140 92 444
124 148 -5821
3 47 -1905
16 21 5370
49 84 454
68 99 7157
93 129 6150
24 128 3197
59 11 -1985
43 124 8217
135 118 -8418
97 124 4068
135 128 -4403
42 82 -3617
146 120 -5661
73 27 6131
119 90 709
146 99 -1378
77 2 5338
64 27 5209
131 63 -384
40 74 -995
104 141 -7234
144 80 -4740
94 10 -3213
56 85 3825
56 109 945
126 124 9100
147 130 -3141
115 80 2227
4 49 -3138
97 97 15
100 61 1917
135 2 -32
50 141 -186
50 66 8972
105 37 8029
55 70 2967
60 26 -3093
78 125 2599
146 103 512
16 29 -401
47 132 -4510
77 125 6519
77 71 -356
94 40 -7163
46 91 4343
86 58 6273
102 146 4850
38 27 4150
57 54 2775
31 77 1334
81 99 4949
95 18 -757
132 147 8377
81 28 4519
7 54 -1656
124 120 -5702
110 126 -3519
51 44 -8173
14 0 5201
71 86 330
130 114 -968
57 131 935
143 135 1540
90 1 -1895
82 94 7709
58 58 1
27 141 -8825
120 41 4925
57 140 3901
120 47 2489
77 61 3854
72 126 -6061
108 2 3861
84 22 -698
143 115 -6389
146 145 -2388
121 121 33
117 23 1772
92 88 -4861
129 80 -5417
90 120 -4513
24 26 1355
5 79 101
106 94 6516
31 16 -243
3 78 -841
103 107 -5389
60 40 -4310
82 37 9270
116 33 668
133 132 -6006
17 79 -2450
87 35 -4265
93 4 5057
77 2 5360
53 88 -5653
50 17 5183
113 36 3296
22 58 5692
79 24 -2493
115 24 355
60 126 -5157
111 31 -3428
63 28 5483
15 124 6095
138 106 -2580
12 113 -192
109 45 -1310
37 131 -7334
125 135 -1077
47 47 33
73 90 4867
120 109 451
5 77 -191
81 7 3043
83 129 -464
54 74 -4190
81 123 3849
116 149 3022
126 143 6778
78 28 439
6 141 -907
79 110 340
121 2 8441
136 83 2500
2 149 493
87 92 -247
149 5 -5522
114 36 2679
141 140 4849
13 35 -6054
124 14 -8815
99 109 -3826
131 121 -2362
13 117 -4695
77 140 2275
81 3 5023
78 11 -5496
85 74 -6816
140 45 -2673
2 66 1282
37 131 -7335
56 144 4493
112 20 -5991
115 33 6038
131 59 1148
71 124 6594
90 121 -8032
40 110 2725
4 135 1401
44 111 4172
109 143 2990
124 121 -9233
148 105 -1624
126 118 -141
118 121 11
31 79 1628
127 135 7279
11 72 4840
109 80 -1237
82 69 5724
85 7 -900
128 65 2127
84 61 2607
89 84 -54
53 84 -2191
3 41 603
136 23 -1320
118 101 4682
56 62 6055
2 20 -6098
56 75 690
31 26 457
130 34 -6197
89 129 3825
23 65 1371
8 46 -5070
120 115 -2990
4 39 -4830
112 109 -4278
72 136 -57
7 34 -5475
140 51 3986
148 128 649
28 148 -3986
18 140 -3658
111 109 -1242
15 74 -3152
144 2 931
30 140 -725
111 112 3109
90 130 -1412
135 143 -1500
1 148 -2730
18 107 -4723
103 92 -3948
82 119 6923
104 96 -179
37 118 -9696
90 13 -272
117 1 3122
52 39 -2861
44 100 3969
74 40 1021
65 28 1276
141 117 2588
110 64 502
113 82 -4443
21 17 -972
82 80 2255
33 30 -417
101 146 4544
71 1 3509
64 139 -2145
111 17 640
136 136 21
147 124 -538
16 111 3733
106 114 3912
108 135 3934
53 78 517
78 66 2643
108 104 3201
96 140 -2176
114 47 408
89 49 -493
54 18 4872
94 77 -5122
87 141 -5476
14 94 7811
92 86 -2690
38 63 -3231
115 80 2264
41 38 -3207
3 147 1935
10 49 -1014
19 98 803
79 71 -661
45 123 4118
65 56 -3083
84 56 -1270
24 40 159
59 84 827
101 122 -470
88 77 2275
34 105 1352
93 61 4883
41 4 -1364
18 36 -762
12 17 702
35 57 -215
112 86 -5271
100 123 1735
113 45 -2292
136 149 2734
1 120 -2605
137 21 2003
113 87 1086
49 127 -2660
3 54 -3671
85 122 -2595
62 66 568
2 108 -3807
49 125 5683
31 101 2917
4 95 2770
43 101 3661
16 133 6017
108 109 -597
9 146 1672
113 138 -622
9 140 -2229
103 20 -7365
36 63 -6263
127 58 8092
40 26 1203
16 15 1662
107 28 3110
143 79 -3539
142 139 -1295
146 114 -3573
29 65 5061
35 99 6125
141 57 1008
107 54 -56
139 126 -1814
22 74 -3579
140 123 1427
94 130 -1546
45 76 7143
148 38 1847
99 42 -3675
113 135 3539
120 29 -2408
38 64 -1023
141 71 2199
93 116 3844
88 79 2545
96 121 -7539
103 113 -4717
12 40 -4174
74 32 8783
102 94 3787
5 124 5954
3 51 1386
144 78 -451
16 78 5487
67 16 -6394
61 67 1091
41 80 -5688
89 49 -465
45 10 2352
44 31 728
24 68 -133
123 8 550
147 127 -8571
90 47 -2061
136 70 2067
147 140 -4455
86 114 2637
121 145 6833
42 23 693
141 119 6954
134 23 4857
117 68 -2364
85 149 2072
105 12 3465
31 101 2919
44 39 1180
123 129 1453
21 42 -2693
137 149 4002
128 10 954
80 13 5100
56 60 2307
46 118 -2096
88 95 9037
118 63 1951
106 138 2647
142 68 -2620
77 31 -1244
89 40 -3360
94 65 -2041
9 60 -2224
33 52 -1418
40 113 3976
13 100 -2759
112 73 -5014
60 93 -3239
64 85 2687
82 12 4685
113 90 3150
101 64 -520
21 79 -3445
114 104 2156
73 69 2997
92 59 -2212
92 126 -5522
55 106 -3523
33 38 -1282
66 123 -2863
34 62 8689
75 22 -55
114 5 -2266
20 82 -1766
75 55 1578
103 44 -8608
99 130 -1201
139 110 1693
33 16 -4978
85 45 -4194
96 20 -5261
103 116 -3772
6 37 8338
23 112 3528
143 30 -813
102 29 -3342
63 49 1943
13 32 958
54 121 -4202
126 67 7830
47 3 1951
18 46 -6874
110 127 -2476
92 46 -3538
16 7 4376
78 53 -462
139 45 635
116 93 -3813
55 53 1279
72 108 -1684
79 42 771
59 22 136
120 113 1438
19 49 -3650
134 11 1513
122 30 1970
33 138 -2202
94 21 -1302
23 113 195
123 125 2857
44 63 931
85 145 47
86 60 2370
103 71 -6974
105 147 8121
116 66 3802
93 18 6985
124 29 -8116
132 43 -374
38 37 4521
43 137 3844
109 99 3866
105 16 -181
83 119 -1225
141 139 1517
134 49 3989
6 61 5449
63 107 2336
106 49 2194
82 84 3856
67 3 -48
95 60 -4482
85 123 -41
144 120 -3940
24 54 3382
139 147 7836
9 30 -1470
95 76 -70
64 141 -3613
38 138 -884
77 55 2219
63 90 6125
100 128 -974
0 137 -702
7 118 -5860
74 83 8687
139 52 3099
55 59 -1778
118 94 8206
54 125 5379
34 78 6632
65 75 -2412
12 135 3274
149 49 -4928
62 92 -3326
147 148 -6373
141 97 4734
106 49 2229
115 95 9370
58 106 -7530
30 47 -113
92 123 1034
121 7 5931
44 42 3104
83 21 -1785
73 144 4279
113 53 1608
115 132 992
37 63 -7767
139 64 2199
122 4 2918
7 53 673
76 19 -2173
110 96 3889
87 107 -1687
66 12 -4443
117 100 1948
111 55 91
26 134 -2229
126 74 -154
2 3 -486
31 21 5082
9 51 1691
139 90 6097
116 54 -1631
108 141 -4061
7 80 -3142
102 82 -3915
5 139 -1283
126 63 1835
48 11 -1498
146 75 -5507
113 1 1212
67 101 -3254
36 96 -669
84 69 1899
93 10 2883
85 111 -1569
23 142 -1444
93 58 7216
44 128 3013
62 88 -8231
56 142 306
61 71 -4189
116 63 -3909
111 78 1829
125 107 -5265
110 72 2609
46 67 5809
90 96 -521
34 142 2953
77 135 5404
102 13 3399
84 44 -3214
79 16 -1818
126 22 3475
117 48 -72
17 108 -1275
93 60 3319
4 68 -6349
130 111 -1357
9 45 -4954
1 132 -4675
119 98 972
70 31 -6432
83 132 -7164
40 36 7283
54 88 -3351
29 65 5087
45 129 5588
10 12 302
17 65 296
126 20 2135
1 66 3520
23 13 3037
147 29 -8707
110 95 6175
76 111 -4498
75 125 5861
20 7 3647
145 101 -2081
2 123 -1646
85 135 1681
65 95 3731
80 117 381
134 93 2144
71 126 -2495
54 1 1956
72 6 -4793
118 17 5847
114 104 2162
133 50 -6776
37 59 -6225
93 119 5398
65 95 3748
97 68 -4488
62 77 -5973
105 109 2256
95 130 -3183
138 96 3272
144 56 -4458
109 86 -940
104 127 -6543
34 83 8300
122 29 -3095
112 45 -5647
65 19 1458
132 55 3873
121 132 1487
57 44 -382
8 93 -5185
48 142 368
83 95 1214
54 107 114
75 96 3844
115 131 1939
85 0 -1207
120 81 -609
20 108 2323
131 83 6283
91 53 72
88 119 6582
35 95 8168
28 135 1099
144 75 -3775
88 131 1587
14 9 7185
33 93 -4432
0 126 -5420
88 16 703
39 60 3138
57 99 6396
84 24 -3461
43 141 -501
59 18 5576
100 5 -1704
6 72 4827
73 103 6484
90 22 -4450
48 127 -1720
20 88 -1401
77 47 2933
138 137 579
124 93 -7141
8 33 -678
85 91 -329
125 104 -1779
149 36 -587
40 0 4634
61 26 -4694
145 16 -5303
19 147 2247
32 70 -509
98 5 -5048
52 32 3677
44 82 -517
111 101 -481
83 14 -8242
135 94 -239
23 12 454
39 57 -708
107 53 2257
24 129 7323
106 41 6773
98 45 -5737
94 128 -4125
1 114 -496
121 24 880
69 39 -3970
28 92 -1642
28 100 -2365
79 69 2880
68 99 7176
90 143 -1142
23 5 -1446
38 121 -5196
90 127 -6859
47 28 1426
98 110 -4648
7 137 -1012
106 56 1337
60 94 2888
12 1 964
148 39 -1171
104 3 169
121 46 2172
46 68 -1422
98 40 -7356
39 122 2001
118 41 8460
34 125 9173
21 30 -719
36 85 -1432
68 99 7159
15 53 3414
106 19 5859
85 143 123
120 125 6066
106 60 3625
96 50 -6799
131 148 1024
145 127 -5603
129 111 -2921
88 28 6595
53 5 -3217
73 46 -1052
50 118 -666
9 30 -1483
30 84 -1749
14 27 8973
132 81 1472
117 133 4451
103 120 -6128
134 29 1177
67 75 -4193
31 41 6713
76 104 -1955
33 59 -2988
138 63 -2310
103 128 -5638
96 100 -2523
14 136 5751
74 91 6505
46 135 6345
21 50 -6139
50 12 4513
58 131 -6827
147 31 -7976
67 138 -3603
47 35 -4252
72 8 1001
121 132 1487
46 134 -2184
18 147 802
80 143 4218
70 118 -8158
37 84 -5402
110 14 -3277
29 69 5148
96 135 926
136 134 -6181
110 21 3176
136 67 1807
56 77 59
81 54 1336
49 138 463
34 14 41
25 97 -3542
86 61 3934
8 132 -5797
131 93 -327
2 59 -4888
148 102 1057
137 145 1990
112 36 -30
4 23 -2244
78 62 2092
119 86 -4406
110 21 3198
98 59 -4820
43 46 1161
113 130 1703
30 10 -1126
128 122 162
79 49 531
145 107 -2515
96 1 -1385
35 42 2457
147 106 -8076
129 91 -1666
141 90 7596
66 124 -396
92 90 2379
76 36 -1452
32 91 -2253
69 35 -4467
138 119 3134
44 117 2045
2 80 -5675
0 3 2323
133 93 -5404
110 104 4110
32 2 -321
49 117 -828
118 76 9772
77 141 -2531
74 107 4351
21 127 -5633
4 76 2710
95 47 -3826
6 23 3367
47 96 1591
146 117 -6155
141 106 1248
94 36 99
136 62 2933
116 36 2394
77 12 2148
118 52 5101
135 28 -1019
1 21 733
79 106 -1643
108 141 -4045
70 52 -3104
147 56 -6732
29 125 8492
111 128 -1169
134 13 7852
70 40 -7215
54 31 -2427
130 68 -5929
73 6 -1776
105 133 5815
34 79 3002
68 22 2941
78 103 2727
141 120 3037
26 134 -2201
80 96 4880
149 85 -2028
119 113 -2416
146 94 -1020
74 41 8509
14 76 9358
95 28 -2388
97 2 3232
126 123 6598
130 110 -2902
115 26 1743
147 110 -6062
65 5 -2812
100 26 -2773
64 46 -1970
110 57 -2204
80 137 2186
33 92 -785
124 44 -8150
54 138 153
120 26 -1332
120 62 5556
71 140 2678
111 135 3264
75 33 2857
83 47 -2657
15 92 2580
33 31 -4700
108 80 -1816
147 5 -6470
67 63 -5974
21 68 -6131
38 75 -1490
104 145 -893
141 132 949
38 34 -4777
122 128 -144
78 44 -5920
47 10 -991
119 12 -2205
133 144 15
69 50 -5457
90 59 -4538
147 78 -2769
122 12 1034
45 29 -1529
80 105 -950
108 29 -3485
81 56 189
53 17 -662
114 143 1370
57 27 7928
126 59 3360
145 74 -6804
122 77 -1075
64 95 5675
9 44 -6496
25 23 -3957
33 18 2515
83 79 -5269
120 73 -259
31 87 4271
133 82 -6986
146 92 -3491
51 119 -1838
89 51 4890
67 116 -2067
129 15 -4986
109 114 1643
18 130 -2374
27 71 -6668
131 132 -899
140 74 -5295
110 37 6095
70 104 -426
43 108 3579
4 28 325
3 137 -3006
149 111 -3632
133 83 1202
9 42 -3414
29 92 4664
36 6 -6799
5 40 -2297
63 125 7650
71 56 391
8 83 1438
59 47 2516
34 82 161
106 67 6259
51 13 -1461
18 38 -3790
60 129 2862
65 6 -4678
39 41 6274
6 28 5987
111 138 -905
7 51 3413
104 6 -6281
131 56 681
111 125 4377
128 51 5275
3 42 -3756
39 39 22
58 34 -8838
21 94 1397
117 4 4050
11 60 3875
32 84 -4372
35 47 4308
130 135 1884
92 71 -3042
104 112 529
4 51 2216
98 147 1457
146 117 -6151
140 135 3134
74 132 1480
144 117 -4424
74 29 1113
133 52 -2372
33 56 -3478
134 92 5790
128 56 -968
32 91 -2237
101 30 1423
114 73 -2318
41 117 -5344
76 41 -1265
53 98 1874
133 3 420
76 24 -8888
57 26 756
62 43 -8024
104 2 664
81 133 4654
77 42 1101
139 65 4167
40 101 3743
7 148 -2462
59 33 3032
84 138 32
57 85 5395
140 47 688
42 72 2177
65 95 3728
58 49 -5340
43 32 7712
3 122 -3698
37 116 -3829
93 101 2646
17 135 2643
70 6 -6733
50 20 1626
13 39 -5578
63 119 5491
79 118 -3316
143 38 -1696
8 50 -6526
12 38 62
6 121 -1421
142 117 -207
94 59 -4697
108 0 1053
41 120 -4895
68 2 7740
18 147 810
90 137 -3182
36 142 -4927
69 140 -835
27 84 -4997
143 28 483
113 8 2335
73 109 744
7 140 -514
79 75 361
95 108 -5248
40 138 3345
8 22 -3634
21 120 -3298
124 76 518
57 31 322
112 72 -1985
119 11 -5938
132 69 4777
74 54 4227
12 3 2747
116 45 -3220
29 100 3957
9 120 -4019
91 57 -4986
14 39 1829
30 121 -6082
129 104 -354
27 101 -4612
92 140 -399
48 84 1387
97 64 -987
64 71 -1449
31 142 1541
12 64 -1022
136 15 -2964
143 69 -683
125 84 -5208
2 30 -2296
2 57 -6928
108 130 2092
5 36 4959
83 10 -3707
101 98 3678
66 136 -3440
129 124 1094
7 68 -5189
50 37 9061
43 111 4186
81 102 1562
87 143 969
25 67 -792
135 119 -1002
14 15 2787
45 25 6136
90 91 -1588
52 5 -1736
116 122 -1662
138 51 4975
109 90 4123
113 138 -629
113 10 -8
127 8 6063
48 145 3875
144 110 -3781
112 24 -7434
38 87 808
104 108 -3155
14 67 7586
12 129 2976
7 10 -917
101 21 2160
120 110 187
74 50 764
18 85 -2169
27 44 -8283
107 72 1962
100 21 1853
72 133 1254
65 112 2170
96 78 -523
45 87 3427
84 105 -2558
129 79 -4742
34 27 8999
129 141 -7613
0 63 -3583
0 35 -3856
90 113 -3087
93 93 9
106 95 8157
141 12 4693
27 140 -3996
104 59 -4229
81 145 3984
10 62 4158
33 82 -5962
66 84 -5304
2 95 1473
9 149 1292
110 94 4549
122 19 3397
117 0 2547
44 48 1939
8 76 2518
42 46 -1941
117 96 4519
20 123 4449
101 43 -3645
110 43 -2625
51 50 -8560
42 57 -2644
112 138 -3956
6 57 66
15 15 1
31 29 -670
33 39 -4316
44 54 3171
140 34 -4895
133 125 2088
140 3 2589
117 100 1982
7 147 3965
123 82 -6179
143 56 -3879
49 35 -2190
18 8 -1756
126 129 8028
64 130 2479
59 110 228
34 1 5771
117 83 5602
142 63 -1294
29 140 4251
33 143 456
11 46 713
149 13 -1039
35 104 6088
95 127 -8612
61 7 -975
115 26 1751
40 91 5514
109 11 -2502
25 15 -5603
143 15 -3733
49 110 -191
26 125 7392
92 144 1775
74 36 8279
122 143 2794
14 95 9429
106 16 -158
111 100 -193
56 46 -853
67 36 340
85 122 -2607
7 99 1974
21 109 -2831
113 41 3519
122 147 5634
134 117 3112
107 59 -774
47 14 -5538
65 87 -103
27 61 -2444
132 117 1617
47 55 -649
127 70 7024
87 149 2859
103 57 -8190
12 13 2624
108 39 -2326
11 67 6527
40 41 7471
77 46 -914
118 126 157
33 44 -5439
39 57 -701
129 100 -3141
48 121 -2932
16 60 3855
74 77 3122
42 131 -1720
46 41 6321
49 76 5861
17 30 302
96 22 -3932
80 27 6656
135 87 -2429
123 13 1089
120 51 5745
75 40 -2698
114 145 1238
2 60 -3025
64 107 177
10 30 1203
5 11 -1817
97 60 184
81 143 4088
147 41 -1322
137 135 3641
101 33 1838
135 8 -1189
34 118 -349
107 71 -1625
16 114 4106
45 124 6613
48 31 -1170
120 132 -2082
54 5 -871
27 93 -7284
119 105 -5642
149 112 -532
145 11 -5353
4 111 -1821
77 72 3228
129 50 -7423
26 64 2002
127 134 -1239
17 81 -2923
84 36 3932
61 18 2164
26 94 6012
86 83 5674
50 124 8533
44 128 2966
143 130 -278
48 88 -2104
76 95 96
34 14 16
142 51 5968
148 107 947
138 20 -1999
7 39 -3659
94 117 -5090
103 95 157
31 31 2
44 3 6862
22 7 2292
33 17 -630
142 97 1926
126 134 -219
84 125 5296
60 31 -3524
131 30 3713
84 136 1864
76 83 -1098
102 49 -515
7 69 329
30 79 -2718
87 16 -4476
19 124 1715
132 104 6340
143 95 2954
12 25 3570
37 79 -6353
2 117 -5327
50 126 -529
55 119 2165
47 145 883
108 14 -4145
92 59 -2183
60 3 2594
90 17 -2193
136 57 -4642
144 118 -7467
81 140 2469
139 47 4008
15 116 2778
22 136 2573
97 148 -1788
68 71 2003
67 42 -3799
124 91 -2720
86 11 -1531
77 117 7
55 42 -1132
110 143 3245
123 5 -3397
39 28 5209
35 31 130
43 120 2518
23 4 2318
24 20 1477
75 32 5061
4 88 -6205
87 37 3762
112 20 -5978
7 37 3871
22 79 -210
78 35 -5296
40 80 1730
71 149 6210
70 129 -43
49 41 4569
100 54 -755
32 53 -2191
76 50 -9044
12 142 -1858
135 18 608
64 80 -1434
61 14 -6473
102 116 1484
48 51 6320
46 95 7700
95 9 -2236
120 49 361
20 25 6476
149 78 -1808
29 2 7325
148 1 2776
110 9 3922
85 64 -2647
54 82 -3676
87 89 -1577
90 124 1205
44 129 7124
30 52 -991
89 90 3738
138 91 2183
45 39 -386
127 61 5717
14 62 8711
134 133 7587
46 88 -1303
79 50 -2655
18 57 -7526
72 78 754
44 106 675
105 147 8106
136 82 -5602
5 30 2824
66 137 -4762
51 94 -1064
104 74 -7758
66 94 -1439
82 88 329
114 31 -3798
83 15 -5474
5 149 5599
142 89 1104
110 28 3746
23 87 1231
115 9 7099
29 120 2476
13 27 1577
25 2 -351
60 85 1502
19 59 -4037
23 14 -4350
29 7 4808
19 56 -4524
87 92 -248
94 51 1111
134 38 5318
27 55 -4063
133 77 -4416
108 67 3404
149 2 -417
102 10 516
72 117 -3158
73 149 5648
73 57 -1752
90 19 -499
82 98 7878
16 73 1724
104 116 -1871
115 22 3149
60 30 796
12 85 1671
11 37 8305
108 97 652
91 134 -6507
76 67 -1782
146 48 -6228
31 18 7272
80 65 3417
3 116 -1990
41 89 -4008
37 97 -4538
11 137 3406
123 119 707
15 50 -2431
142 137 1564
46 14 -1721
26 137 2701
126 142 3173
128 107 294
128 8 3272
112 62 839
146 31 -7445
31 106 -53
101 40 -3676
25 77 -5662
78 106 -5279
72 19 1348
80 52 2378
61 145 -42
93 96 5515
12 107 -850
37 87 -3700
130 114 -1004
115 148 2923
122 115 -3640
63 82 -1422
3 123 -1157
42 76 5653
61 15 -3699
24 138 3475
36 129 -41
51 37 507
3 110 -4146
98 83 342
139 113 2970
7 41 2563
132 88 -612
105 91 4801
50 51 8593
32 7 -2816
4 74 -7069
18 11 -7539
115 124 8744
29 129 7121
111 54 -997
23 63 -2819
9 102 -3156
62 50 -8336
103 135 -1235
0 83 3067
60 100 -300
7 61 1017
148 116 2515
14 38 4847
107 38 935
47 124 3263
89 32 4394
144 48 -4518
40 119 6445
111 134 -5226
121 110 3704
17 56 -2793
36 135 223
102 94 3802
71 102 1764
33 134 -6527
5 124 5937
103 70 -1431
65 128 -2058
18 7 -3098
55 106 -3565
114 144 1931
79 13 4439
39 39 40
78 33 -453
38 85 1607
96 35 -5807
139 52 3077
86 134 -3023
63 133 5552
11 108 3120
17 102 -1382
66 137 -4737
37 32 -987
29 62 8042
46 86 885
35 16 -159
96 109 -3552
56 134 -3030
127 91 5274
51 106 -7543
147 64 -5627
17 21 1044
26 53 4386
38 136 977
66 96 -2048
91 47 -488
135 139 -6398
148 59 135
64 120 -607
124 25 -443
112 89 -3880
54 98 4203
121 40 1052
22 105 -1868
136 129 2052
36 101 -3554
65 6 -4661
96 125 2062
6 23 3377
46 4 4939
78 23 -2207
140 7 588
49 28 3514
115 44 609
122 8 3077
127 85 5611
41 87 -2408
76 64 -5557
12 101 -460
80 34 -2309
91 46 -4312
10 61 1957
34 27 8961
51 35 -7576
64 45 -1538
34 145 6442
46 36 6147
101 92 1035
78 116 -1108
46 48 842
107 66 5348
142 37 6461
69 54 -1973
138 142 -968
59 82 -2972
107 147 5543
48 86 32
42 137 734
111 106 -3463
81 105 -1146
0 120 -2018
60 26 -3101
128 34 -3620
143 109 -2938
111 73 -1950
8 22 -3629
121 99 7841
147 39 -7570
68 72 5630
124 58 59
123 81 -3823
13 35 -6054
118 71 2690
84 110 -594
57 148 1931
19 19 1
30 37 3696
47 18 3084
142 1 2849
149 75 -5098
80 92 3038
122 41 4293
91 37 3282
100 26 -2764
112 59 -4763
41 56 -5372
51 103 426
41 40 -7408
41 107 -4145
116 24 -5024
115 118 -425
128 61 2866
32 90 -638
85 24 -5941
91 3 1434
127 54 3012
52 37 4664
22 135 4881
22 57 -2141
23 127 -3561
133 27 1868
65 12 -896
71 79 744
117 73 197
10 20 -2636
3 85 -1073
100 140 340
96 120 -4017
83 146 607
2 12 -3194
1 113 -1174
106 45 958
127 48 1775
88 84 3514
91 71 -3784
78 16 -5467
55 36 3018
6 117 1642
37 103 -14
17 146 3389
76 73 -6478
18 33 -2493
50 41 7746
96 45 -4897
50 109 3274
42 84 242
107 128 -243
23 26 -2558
114 98 2795
33 125 3099
77 49 848
86 125 6608
79 54 831
118 133 7492
15 63 -1137
24 116 5067
55 60 92
49 140 1437
58 64 -5055
13 115 -7254
94 35 -6487
33 70 1721
52 80 -2322
47 98 2386
93 121 -2023
5 111 1965
79 97 1854
145 134 -6829
112 147 1558
102 68 -3740
6 71 1235
40 107 3311
11 69 4791
78 29 -5906
140 123 1450
126 111 5063
110 142 -363
37 20 -7461
44 81 1876
71 54 1567
86 14 -2580
19 35 -5851
94 53 -1636
12 90 2895
3 92 -2120
88 27 8518
45 5 717
142 99 4548
25 137 -3857
143 50 -6214
37 49 -5809
20 130 4378
16 112 6810
108 45 -1924
108 47 1440
128 46 -1836
37 128 -5672
32 59 -5199
65 61 810
46 32 6588
146 32 -486
107 47 1703
36 8 -995
13 7 -1857
82 2 7923
86 134 -3033
13 53 -1218
22 9 3999
133 144 1
20 141 -1758
82 61 6398
21 128 -2813
127 70 7040
85 60 -1478
47 100 -956
53 46 -4350
52 96 2504
113 146 4312
142 18 5727
118 8 7243
15 85 3714
146 75 -5467
43 18 8001
43 139 983
53 142 -3184
3 39 -5660
113 141 -4415
26 140 3150
107 81 -1381
148 11 -1898
90 102 -3604
99 4 -696
3 75 -4152
79 102 1099
26 143 4748
79 114 2269
105 79 1648
25 122 -4567
12 15 -2028
40 131 1404
91 90 1627
64 36 4127
92 21 1120
78 16 -5463
80 51 6578
8 148 -3848
142 46 -1147
105 69 4509
141 138 3826
122 8 3082
97 46 -2998
139 78 5043
100 34 -4588
124 119 -1813
16 15 1642
105 98 6652
146 15 -6070
6 60 3939
16 61 5374
146 122 -5045
17 23 -1056
71 108 1908
77 132 -1579
61 64 -2713
129 120 -4590
84 35 -2587
29 16 449
19 49 -3642
5 26 -1067
131 37 7376
1 75 -2411
34 87 5625
66 9 -2014
99 57 -6330
47 79 -2584
105 84 2592
56 85 3810
122 84 176
120 84 806
31 67 6181
87 105 -4245
59 60 1856
10 97 255
11 126 -1248
32 12 -3508
63 140 3394
106 38 3555
7 25 2892
88 115 -317
17 109 -1870
90 18 974
103 22 -6084
26 137 2703
38 149 3645
32 4 -1621
122 10 783
120 126 -3322
93 20 262
83 138 -4296
145 109 -2855
66 117 -6547
22 145 3221
103 130 -3076
119 33 -867
125 79 -6159
35 132 -224
56 134 -3060
88 108 3767
13 40 -6791
106 133 5834
83 121 -8635
56 83 5630
102 95 5449
139 114 3643
62 136 -2891
137 130 1785
102 119 3027
85 112 1489
22 105 -1863
20 94 5940
87 111 -752
12 27 4186
92 43 -4670
108 24 -3711
113 131 -2559
67 12 -2750
120 63 -1548
135 101 -3717
17 1 349
67 108 -3360
120 128 527
49 128 165
75 48 -717
61 89 -2468
51 20 -6989
55 37 4479
5 68 -2571
134 104 7848
140 118 -5298
108 109 -573
108 46 -2391
44 45 1580
77 27 6320
57 115 -921
102 64 -222
93 21 4815
114 1 567
43 51 8262
139 102 2418
143 143 19
2 130 -1733
91 90 1633
135 145 -1608
47 112 2323
77 144 4437
149 71 -6177
110 36 4606
76 34 -9308
146 77 -6114
16 66 8128
138 117 -1224
94 55 -2881
105 114 3912
84 10 644
102 16 -2882
28 0 -1801
77 44 -1980
79 44 -2283
97 130 1467
48 100 2044
100 132 -3526
92 59 -2185
114 42 -1460
119 74 -7394
37 57 -8234
31 44 -671
93 15 1130
19 23 -2752
49 85 2960
136 22 -2520
134 26 2265
79 61 3555
46 51 7159
49 20 -1571
106 113 3255
122 96 3406
7 126 -5706
94 71 -5525
118 48 2978
21 20 -4556
86 106 -1255
22 126 -3411
141 141 38
121 87 6042
4 127 -5863
8 30 -1120
114 84 -1274
145 14 -6382
94 86 -5169
28 2 1032
35 114 3936
111 47 763
99 97 -2614
63 67 6038
37 129 -1566
28 51 1888
93 85 4786
92 116 190
128 1 2162
7 142 -2563
75 95 6155
109 116 1922
84 33 2234
50 42 3455
46 71 555
133 141 -6994
11 31 358
78 80 -4280
65 14 -5675
7 57 -4398
8 32 1501
3 29 -6760
89 127 -3137
54 70 4060
147 94 -1606
135 141 -7917
65 107 -1785
26 149 6688
25 91 -2269
14 101 4299
82 40 502
142 49 610
42 24 -3252
29 60 4293
93 55 3264
88 78 6212
63 145 4903
144 62 1583
130 114 -974
24 47 5136
19 132 -6118
18 74 -9029
46 30 3974
131 32 6338
106 80 1045
75 121 -3697
93 124 7224
11 39 743
16 2 6888
25 98 -391
67 75 -4215
25 25 34
10 116 988
32 94 -537
3 47 -1914
65 73 -2847
109 11 -2484
42 85 2690
27 125 255
118 6 1444
66 1 -3448
50 115 -194
40 97 4242
25 125 846
37 69 -3497
46 107 2185
29 38 4155
121 67 7999
125 119 -2117
55 133 2260
98 95 1482
44 75 2691
120 93 -1450
79 95 6486
108 90 3540
102 48 -1438
127 145 5624
75 95 6170
124 138 -4890
48 20 -644
123 137 -1857
63 13 5833
135 5 -5154
15 115 -2624
63 60 3390
140 17 533
138 140 1052
102 61 2477
65 39 -3903
120 19 4084
53 139 -4478
121 8 7267
5 136 2869
20 6 -833
29 112 7245
69 77 -3111
148 81 -480
120 65 2626
70 77 -5100
116 48 -2892
67 5 -4611
139 50 -1264
46 108 2424
101 91 1796
40 145 5829
12 12 22
72 132 -4780
139 126 -1797
42 93 -2024
111 115 -4709
51 81 -6350
146 74 -9229
35 73 1560
99 128 -3758
126 32 8571
97 125 4410
72 3 1639
138 33 2222
30 20 -3780
82 16 1032
138 112 4006
52 94 3116
111 7 683
40 120 2575
54 141 -3693
131 76 7376
138 83 4347
149 80 -6098
97 132 -3724
23 29 -3688
38 107 -915
115 116 5406
117 2 5342
83 35 -6924
97 80 -2442
31 10 3161
78 16 -5475
147 37 -32
137 143 2107
143 144 584
143 146 2344
40 92 4777
42 14 -3704
73 117 -150
101 120 -1147
46 147 7664
124 108 -4642
10 116 976
113 84 -632
11 16 76
51 3 -1370
101 123 2069
81 0 2736
9 135 871
92 128 -1659
67 32 820
124 115 -8715
31 69 4449
132 17 4410
15 9 4453
72 102 -1830
28 52 -2273
28 29 -6268
129 11 -6684
82 14 -78
95 54 -5589
64 79 -736
139 57 -509
54 144 3338
24 34 -414
79 13 4420
1 110 -2415
48 59 532
8 138 -2912
101 116 1198
93 46 108
19 33 -1000
64 109 -179
141 3 7441
55 32 3462
78 140 -1630
31 47 4234
38 75 -1476
62 23 -4273
38 95 4615
113 105 -3184
51 32 -502
74 71 2700
144 67 483
112 108 -3707
51 60 -3894
108 72 1715
80 43 -1678
65 108 -1546
128 40 -3029
108 120 -990
48 10 1974
12 134 -5200
142 85 3555
83 50 -7925
142 119 4118
131 128 1671
6 71 1258
65 17 -240
141 37 9275
124 62 -144
61 120 -3326
128 86 -1022
51 33 -2718
136 102 -1700
89 103 5349
125 49 -5658
57 140 3885
52 80 -2351
91 19 1131
89 44 -3312
137 88 -4018
103 58 -432
103 137 -4789
82 85 6341
56 98 5340
97 122 -1003
31 100 3243
131 109 1603
22 140 1745
9 5 -4262
25 66 914
31 49 2112
46 105 -380
74 110 3751
73 62 5843
137 146 4378
101 17 1175
41 76 1335
27 60 -4011
55 109 -1308
66 20 -7359
2 84 -4049
101 128 -660
10 18 4097
133 103 2220
7 124 3369
15 102 1294
1 21 743
11 51 7819
77 142 273
41 4 -1350
60 7 561
109 140 1381
6 27 7917
102 127 -3186
87 126 -5786
21 35 -5144
116 89 -1473
115 34 -62
99 51 1484
56 3 4872
131 27 6986
140 75 -1590
46 123 4583
136 2 2290
102 127 -3201
68 114 4927
25 74 -8722
76 106 -8034
53 51 2744
101 49 -803
73 135 5226
23 126 -4596
3 1 -1735
38 51 4055
27 136 -3177
120 127 -2274
71 111 2592
111 129 2969
52 123 1667
30 46 -3902
101 146 4556
122 25 4609
97 1 988
23 74 -4797
47 127 -4758
77 114 2574
82 104 7299
136 79 -2738
17 107 -1506
18 129 -867
61 15 -3733
22 113 1379
142 109 665
109 122 209
56 88 -2155
126 145 6655
65 145 699
19 59 -4036
41 114 -2836
136 71 -3479
36 50 -7539
140 93 -3246
56 96 4561
10 119 2492
72 14 -5804
31 132 -295
102 15 -1278
34 126 -217
118 72 6266
48 114 2664
32 76 1038
16 53 5049
95 33 -3304
139 52 3086
116 126 -5662
33 18 2514
83 95 1228
72 36 2015
64 10 802
4 78 -22
11 108 3153
15 130 3511
19 100 -2522
63 28 5478
74 1 6209
149 133 -1317
20 99 5550
10 47 1043
80 101 2002
148 11 -1903
130 0 -993
116 87 147
100 13 2789
46 106 -439
69 24 -5344
34 67 7589
93 111 3204
51 124 -7
42 98 4281
104 95 2113
98 67 -373
56 100 2013
19 52 -2446
43 129 7168
116 78 1155
80 144 4788
141 106 1257
60 1 820
119 133 138
40 120 2556
96 56 -4491
75 6 -2237
31 85 5045
54 137 655
36 144 -746
146 5 -5924
138 71 -1618
32 127 -7476
89 149 4475
42 44 -3016
84 88 -3467
35 40 -695
63 132 -513
127 44 -107
53 23 -1726
35 136 4507
106 75 2049
149 3 -928
99 149 1063
39 34 -1777
129 93 -6091
144 61 -593
111 94 3015
93 82 -1520
12 108 -603
69 5 -2889
47 3 1943
75 54 511
1 22 -2517
135 9 -837
35 106 27
69 80 -3468
78 122 -2787
100 69 1222
72 74 -6236
95 115 -9307
34 9 7198
71 67 5332
88 38 4421
138 39 -2078
80 99 5152
42 134 -4168
33 117 -3436
60 119 2094
88 21 6041
118 20 2301
120 114 2124
37 95 90
127 82 -670
29 128 2975
37 74 -9749
104 100 -2712
90 7 -2169
36 15 -5062
14 134 -427
52 110 -1388
15 126 -2928
62 3 -1186
58 134 -9282
12 44 -4125
113 54 -737
39 76 7605
144 45 -4868
5 10 1664
63 137 2923
136 40 -5133
72 29 -5139
13 7 -1892
18 73 -5775
17 141 -5322
10 142 -1620
51 87 -3246
9 7 -1668
116 81 -2985
40 88 -154
98 5 -5045
31 50 -1074
5 61 3607
79 143 3572
42 145 2725
42 111 1123
22 77 -537
26 77 898
78 101 -2286
32 121 -8735
62 82 -8538
77 109 912
60 58 3968
98 138 -4024
94 76 1573
5 130 3340
133 119 -47
52 15 -1911
62 125 535
3 63 -5899
17 102 -1394
26 17 3661
47 88 -5125
27 7 -3462
72 26 -4037
97 110 -1450
15 135 5351
30 40 -5096
36 135 253
74 61 6953
61 16 -5350
147 146 -536
43 64 3148
148 36 4892
50 71 2002
136 100 -1134
86 30 3115
81 133 4615
7 146 3374
63 122 2217
126 79 3254
96 16 -5996
70 19 -626
99 123 -1087
43 110 2686
40 132 474
144 22 -3850
17 119 1605
32 132 -7268
72 25 2542
23 111 445
141 41 7989
67 12 -2722
102 104 3379
0 8 1699
142 117 -241
64 100 879
124 128 -5167
109 114 1664
33 86 -3488
108 43 -3527
10 76 4829
73 107 1085
121 56 3065
43 38 4220
4 78 -67
22 49 282
71 48 326
5 144 4230
61 12 -1676
30 8 1178
120 82 -2985
103 36 -1435
105 35 7
3 19 -299
12 36 3108
57 130 5172
23 105 -3006
15 15 4
92 131 -3296
126 27 9188
111 26 -2980
19 9 59
99 147 2004
14 77 2667
62 23 -4262
24 90 7257
122 17 1708
89 80 -1644
79 4 3705
34 14 53
106 55 3597
145 82 -6273
18 132 -7540
10 41 3524
42 143 2815
128 28 3422
63 39 237
8 56 -4211
137 72 1447
3 134 -7911
24 54 3408
18 97 -3827
90 117 -4966
78 0 -1393
142 14 -2872
42 52 981
106 147 8100
12 66 4481
76 18 -709
85 56 -3775
0 59 -2076
56 103 6687
60 26 -3124
106 33 4838
42 147 5695
35 79 1690
95 10 -4894
0 118 -5537
31 123 4968
85 74 -6785
23 138 -474
40 136 5172
24 102 3631
95 147 -9
110 28 3725
67 3 -30
18 149 -156
136 7 -258
47 21 899
126 106 1567
109 72 2297
102 32 4327
85 49 -2926
91 26 -4257
82 38 4762
101 11 -3200
69 34 -5800
12 105 -3420
63 23 2847
60 149 3551
109 102 463
123 100 -1690
29 33 5468
102 71 -1733
21 105 -5068
144 60 -2148
56 73 213
73 72 3034
33 1 -342
70 96 -635
75 93 -1631
33 85 297
86 48 16
96 138 -3199
107 90 3805
103 43 -8611
37 144 -2210
73 97 1967
20 124 6982
149 118 -8793
101 25 4103
21 41 1604
143 102 -2481
143 149 1928
84 49 -404
70 13 -390
37 39 -7517
72 138 -1917
63 131 435
13 130 -1136
20 84 2064
114 139 -3555
112 109 -4270
54 145 2627
101 85 2137
23 46 -2606
22 44 -2518
98 7 -2456
11 50 -712
81 131 -477
63 97 3270
31 124 7465
103 16 -8162
51 131 -6843
17 96 1754
134 9 7683
145 111 -1566
59 69 2759
18 34 -8624
55 72 994
96 65 -1404
0 73 -2337
20 37 7482
49 66 5784
17 45 -3214
106 29 -607
89 110 -672
2 63 -6383
123 56 -3655
68 16 849
148 122 795
50 61 6231
85 3 1108
86 9 4633
80 77 391
140 29 -4231
24 52 4280
76 41 -1268
84 70 3927
27 141 -8842
89 66 5261
15 56 -77
43 64 3143
17 60 -469
45 16 -1094
28 60 -2048
6 121 -1416
25 19 -1147
8 80 -4530
122 138 157
96 134 -7562
45 17 3241
136 92 -381
30 118 -6076
11 73 1807
126 17 5688
126 117 2897
31 35 -82
73 41 5234
1 47 -135
129 39 -5918
52 24 -4218
14 104 7371
110 128 381
143 15 -3772
109 105 -2220
49 126 -3702
86 59 506
68 118 -641
39 95 7687
79 88 -2519
58 104 -1455
37 20 -7458
131 74 -2374
63 123 4791
8 109 -3267
7 20 -3585
80 117 347
79 19 4203
63 95 7880
52 23 -289
17 149 3017
0 140 -269
54 33 2359
56 112 5290
15 89 1267
41 66 1217
52 114 569
85 44 -5749
111 114 402
27 38 -4123
51 96 -1693
105 109 2259
4 149 1828
47 27 3404
97 137 -320
128 28 3393
13 42 -3649
138 10 668
80 11 -1239
63 101 2758
119 60 -2067
128 2 4396
84 30 1802
144 46 -5300
86 82 -2438
29 92 4689
140 30 813
23 2 3646
55 123 1493
125 4 -2481
49 121 -3883
17 133 1659
26 53 4371
85 65 -655
143 84 -2570
23 97 403
137 119 2593
97 104 2612
12 57 -3722
53 121 -6533
37 50 -9024
149 78 -1813
143 46 -4778
5 58 5968
112 83 383
131 22 1216
90 122 -3871
137 6 -3378
87 121 -5976
10 142 -1598
30 109 -2100
48 68 -2238
139 13 5828
29 10 3902
59 98 4911
140 39 -3129
105 74 -1723
7 44 -4783
86 34 -2551
136 33 393
76 84 -5401
21 144 686
136 109 -2158
101 11 -3184
14 3 7516
109 50 -3238
46 4 4961
58 22 -5642
139 111 3226
142 56 -258
127 93 855
123 62 2385
66 27 -270
2 50 -7687
73 117 -155
86 5 351
86 79 403
12 13 2636
77 139 -1057
51 28 -1845
135 20 -6179
70 133 -681
29 133 6423
36 66 1422
7 130 775
125 20 -7263
77 47 2912
32 145 -1909
50 96 6864
68 146 8552
107 86 -1286
125 146 -315
91 131 -4074
20 52 2818
79 79 6
25 54 -4520
40 6 463
137 66 4833
108 124 4669
20 17 3613
28 13 416
3 103 1808
3 96 -296
125 87 -3522
15 139 -1088
89 104 3386
60 139 -3289
130 3 1275
16 122 2697
139 95 7857
16 138 2826
41 33 -1875
131 142 960
65 80 -3363
33 107 -2210
82 94 7736
119 70 811
48 32 5789
24 138 3512
103 60 -4357
15 97 2084
73 36 5019
65 90 1988
12 6 -3726
64 146 5085
16 55 3782
138 109 -296
3 121 -7896
130 77 -3519
3 72 -1614
123 144 774
7 28 1547
113 42 -789
146 47 -3235
55 83 3372
61 132 -5394
61 56 -3818
57 31 364
145 60 -1456
139 105 -272
130 33 -86
32 92 -2989
69 37 3544
59 66 6145
80 54 1530
133 122 -3321
22 78 3419
118 10 4938
70 40 -7177
56 69 3197
42 115 -3605
54 140 1157
75 118 -3685
130 98 1747
117 49 845
96 114 -1900
45 49 1270
71 108 1930
81 79 513
27 5 -6026
121 45 2643
45 140 2745
48 45 -344
115 65 5677
68 27 8708
128 49 -90
17 94 2377
80 86 318
94 87 -2146
117 41 5411
128 6 -2574
92 67 2241
98 10 -3416
106 5 1619
17 109 -1851
87 99 1823
128 141 -3487
42 121 -4088
91 122 -2299
106 113 3295
111 61 1688
109 133 3570
33 139 -4467
143 143 32
83 51 652
120 45 -878
46 27 7215
67 119 -508
42 8 3160
80 114 2931
23 128 -710
53 56 -3461
35 69 4545
115 56 2535
50 132 749
66 123 -2883
17 147 3991
37 73 -6472
125 126 -9386
22 24 -2718
83 4 -1549
110 128 371
28 89 -2967
37 134 -9784
29 125 8535
65 77 -3014
127 110 2519
144 25 1260
95 28 -2427
146 85 -2381
2 36 -103
79 47 2617
94 30 -2062
111 69 1009
13 75 -4068
70 72 -1919
56 32 5722
10 97 250
36 139 -6219
132 33 5115
146 21 -2360
35 103 8027
73 102 1221
80 92 3061
65 46 -3958
83 140 -3286
17 31 -4049
115 105 1241
108 110 -840
142 58 5966
45 72 3662
29 93 1009
44 131 1374
57 0 4138
124 127 -7993
61 124 2348
4 11 -5576
78 94 1194
12 97 18
115 72 5800
85 99 1003
99 15 -4668
126 2 8227
148 1 2803
128 109 -32
45 134 -2666
111 84 -874
129 39 -5949
123 39 -4504
25 122 -4544
146 90 -1138
143 96 646
1 113 -1138
137 85 1996
147 119 -2394
38 129 2967
23 42 -612
145 86 -3784
112 104 -499
147 9 -2178
15 30 2967
116 18 3160
139 102 2421
112 61 -1347
55 143 1669
65 101 -1398
68 70 7556
110 93 -1589
102 98 3947
117 6 -1613
11 126 -1255
15 90 4930
48 56 88
141 3 7429
26 34 -1787
47 63 -3975
136 95 3703
102 113 569
87 30 120
68 59 2860
100 146 4247
27 110 -5626
42 91 2369
5 94 4938
79 38 1857
63 109 2011
135 122 -4278
142 99 4531
89 105 -2639
134 105 1802
140 132 -3840
90 99 -234
69 0 -587
64 48 -1181
97 74 -5156
108 138 -215
131 18 6674
112 98 78
114 90 2470
25 79 -5334
69 18 2864
69 32 2563
31 53 4771
111 99 2637
108 5 -1222
57 129 6705
116 93 -3779
39 105 -457
6 114 4200
134 115 545
2 17 -2519
102 94 3799
69 93 -4127
67 129 224
48 95 6874
28 12 -2158
145 59 -3327
145 97 -1602
9 85 -743
125 117 -6498
16 58 7788
8 76 2504
79 34 -2976
96 143 -607
110 85 3157
5 110 402
30 2 2309
48 128 1094
131 82 -1867
17 94 2387
67 16 -6426
83 54 -4398
21 120 -3265
40 66 8666
64 87 1869
90 16 -6510
34 57 1095
62 65 -2927
89 130 2232
9 8 -313
30 89 -1695
117 56 12
14 120 3170
86 56 46
46 54 2056
125 68 -8852
6 117 1637
34 64 3810
15 89 1260
88 54 3389
23 59 -1284
126 76 9583
124 148 -5812
109 96 3607
31 98 6616
16 104 6273
137 102 -396
65 124 3143
137 88 -3971
20 115 -1750
60 17 531
59 68 -2810
9 133 -78
149 0 -3237
7 46 -3729
27 96 -1759
112 88 -7427
14 43 641
5 138 1018
6 11 31
53 136 -356
95 100 -4816
89 2 4027
108 124 4712
132 94 6781
44 97 4166
129 58 1139
64 91 2361
98 72 -2088
63 85 4882
138 91 2178
50 17 5165
48 86 36
119 105 -5663
133 17 -1623
95 17 -3963
3 120 -4351
139 36 6271
101 24 -3827
97 120 -1652
100 129 3178
115 8 6762
32 97 -3532
79 42 779
111 36 3066
9 136 -1415
54 18 4851
105 118 -1692
62 10 -4126
35 43 -646
0 135 2861
145 80 -4106
144 83 1186
26 144 5317
87 76 3784
146 128 -5195
46 147 7698
10 114 685
34 82 160
59 13 4328
116 104 1933
4 142 -3758
12 60 148
149 34 -8416
38 117 -2134
135 130 -1836
58 134 -9276
58 29 -8138
55 42 -1114
82 18 8554
25 134 -8781
74 54 4271
0 145 1237
51 98 -866
113 52 153
47 106 -4248
103 100 -4664
143 74 -6909
21 54 -2603
93 8 5222
15 50 -2396
59 58 5804
97 27 4210
73 121 -3228
99 66 1859
70 68 -7525
63 13 5837
107 111 963
118 117 3039
137 35 -3141
103 70 -1477
119 24 -6553
105 67 6266
89 17 1470
90 127 -6829
88 116 5048
29 75 2672
68 132 771
119 89 -2993
107 124 4945
87 49 -2070
6 87 4598
80 44 -1607
117 16 -1512
97 92 577
140 106 -3588
96 17 -1664
75 33 2828
39 103 7511
81 83 5797
71 13 5152
139 13 5794
102 69 1784
124 136 -3045
146 124 13
68 55 4621
35 137 3174
107 136 1878
59 32 5266
13 5 -4449
47 26 -3744
114 119 1811
115 62 8596
10 94 3299
120 103 6162
100 99 2854
7 53 694
67 114 -2317
73 50 -2538
105 34 -1308
73 44 -2148
126 72 6104
114 39 -3400
52 6 -3602
76 30 -3639
147 135 -1305
52 135 3396
103 15 -6531
24 99 6996
130 146 2641
77 70 5186
69 133 1310
125 2 -1147
113 15 -1804
75 89 719
110 100 1324
40 74 -982
128 95 5839
121 9 7604
59 143 3465
32 26 -6510
0 98 2800
16 66 8163
102 101 289
26 130 4456
52 1 1065
89 148 -994
61 112 1417
125 65 -3403
34 58 8867
105 53 4807
104 5 -4447
99 57 -6307
97 86 -2191
47 104 1799
20 80 445
128 117 -955
147 115 -9273
79 34 -2973
120 7 2385
146 100 -4189
50 38 4536
83 37 1138
93 27 7330
128 124 5239
29 43 -1
48 116 2930
103 104 -1892
106 114 3901
135 65 -2295
40 3 6914
61 11 -5382
10 23 -126
15 5 161
139 79 1375
85 35 -5074
122 50 -3463
143 115 -6419
62 43 -8041
23 16 -3256
27 97 -4127
87 29 -4887
110 54 525
40 116 4887
133 80 -4761
117 1 3110
39 36 6089
31 91 4716
52 120 -1526
102 46 -2249
145 44 -5753
73 78 3784
60 57 -3848
129 34 -7747
33 117 -3417
144 142 -4147
41 107 -4105
101 114 956
142 136 2875
141 113 4466
122 87 1839
16 133 6029
96 40 -6521
117 117 32
79 72 2932
70 119 -800
2 12 -3182
52 54 -858
80 64 1459
96 148 -4164
85 29 -5734
51 27 90
138 85 2535
79 20 -1093
57 54 2771
149 130 -2232
87 120 -2460
114 58 3689
92 24 -4859
116 102 -1406
23 20 -2473
28 5 -4070
135 21 -1589
112 63 -6310
131 62 6682
126 66 9516
2 10 -3414
81 143 4090
149 62 249
144 109 -3528
48 126 -2785
120 93 -1431
29 88 -245
28 102 -2942
65 4 967
22 82 -3052
88 45 1811
26 137 2671
89 20 -2078
122 96 3416
38 129 2980
91 68 -5753
90 126 -7858
19 3 331
2 68 -7693
52 146 4176
148 103 6324
102 71 -1747
21 124 2421
108 62 4541
131 33 4137
61 50 -6144
146 100 -4176
40 124 8260
42 101 616
91 100 -1428
107 11 -2828
109 137 930
5 81 -405
120 72 2758
69 96 1386
55 80 -2527
67 141 -7440
55 44 -4173
130 117 -3523
83 48 -5671
140 143 1613
29 142 2239
147 98 -1422
137 90 3257
66 2 -1200
65 83 2557
6 20 886
0 112 2695
39 76 7558
107 127 -3064
62 132 -7602
141 91 5983
3 149 978
55 21 1578
114 97 -390
35 122 2501
78 4 104
32 36 -453
129 30 -2023
106 58 7591
42 94 4109
122 136 1998
39 23 2613
0 147 4220
104 44 -6661
86 112 5317
61 46 -4738
17 35 -4146
121 14 418
54 89 219
129 63 -6171
57 72 4799
113 42 -789
131 18 6663
134 43 1121
95 45 -7181
15 41 5339
144 19 77
109 98 4407
33 20 -4203
121 27 9408
40 19 6612
95 115 -9302
54 83 4474
132 106 295
18 131 -6610
36 56 -5187
111 69 1016
117 31 -1266
29 73 2208
62 38 -3841
7 138 -1541
103 24 -8803
126 70 8065
73 138 1079
149 81 -5957
75 32 5029
126 137 4702
41 61 -1523
25 90 -675
116 58 3398
130 53 -40
8 26 -5017
53 94 1687
146 57 -7760
27 84 -5027
88 123 5910
83 21 -1784
46 72 4130
67 53 -1382
41 69 -2198
122 117 -1102
43 34 -633
24 94 7398
144 43 -6442
42 48 -1140
12 91 1320
135 109 -4450
63 6 -511
4 95 2761
88 115 -336
103 12 -4499
80 51 6563
141 43 562
39 84 2161
85 50 -6099
90 37 1682
118 107 4277
45 119 4816
53 113 -1553
68 50 42
42 55 1175
135 130 -1819
121 59 3517
5 75 462
130 20 -4304
48 33 3582
21 14 -6392
149 81 -5961
92 50 -4995
113 7 928
8 55 -1931
116 1 303
103 103 46
46 114 3471
100 47 977
111 62 3896
49 135 4616
124 42 -5080
78 50 -6287
138 120 -776
99 93 -5713
146 30 -3083
48 41 5481
30 62 3012
142 44 -2227
40 67 6970
106 83 6967
56 74 -3028
33 30 -420
14 117 2685
69 128 -2160
82 92 5254
144 130 -838
20 69 3938
143 104 845
115 101 4233
133 30 -1381
62 95 789
15 64 1053
10 59 -1400
49 63 -1894
122 128 -141
1 47 -161
35 109 2309
66 43 -8555
40 139 1017
13 40 -6752
63 137 2925
99 119 -363
106 33 4823
131 24 -1525
39 59 1321
96 102 -3080
119 90 687
125 128 -5520
10 149 3930
119 87 -1366
55 32 3455
100 131 -2563
5 109 690
146 77 -6135
149 117 -5776
126 112 8163
73 120 329
129 30 -2033
105 108 2884
71 102 1762
93 0 3579
76 111 -4530
61 110 -3162
42 137 779
76 28 -2313
30 135 2366
137 12 385
120 92 2241
6 85 5377
18 80 -6314
86 140 2372
135 28 -1019
72 86 -3230
81 10 2068
140 119 2083
119 110 -3689
69 73 -2919
141 34 -92
28 53 -821
75 49 187
100 44 -3919
102 85 2395
87 22 -2368
82 32 8237
136 26 -3920
6 26 797
59 24 -2603
86 101 1707
65 38 -854
147 4 -2685
66 106 -7892
46 26 80
28 131 -4995
64 81 -1263
86 55 2321
18 144 -1528
141 23 4309
118 11 1474
78 141 -6504
56 53 3543
42 127 -2893
17 41 2614
91 29 -5380
46 131 258
49 60 1453
72 6 -4786
121 125 9579
147 52 -4668
107 11 -2801
141 87 5535
109 3 3970
113 2 3481
101 14 -4265
20 73 987
29 129 7079
47 119 1441
85 106 -5095
88 86 2165
99 59 -4273
58 10 -4314
83 147 1190
111 126 -5044
101 89 -262
94 132 -6704
25 35 -7021
46 111 3105
95 119 -2414
92 25 3035
133 1 -1352
108 48 -1569
109 18 5090
27 50 -8639
46 71 561
144 72 -1197
144 3 437
97 147 4643
41 139 -6422
102 33 2099
56 140 2325
81 100 2167
85 37 2968
60 4 1755
76 147 59
100 96 2561
116 140 -508
82 81 2381
14 136 5749
120 21 3362
92 114 -108
34 74 -408
110 122 494
43 67 6938
122 148 -765
10 92 794
68 53 5890
37 4 -2649
76 98 -1349
140 59 -1807
60 104 2455
12 102 -730
59 104 4313
134 6 1541
121 56 3036
61 44 -5810
12 100 -136
120 6 -2064
132 79 1972
118 1 6143
115 2 7933
5 57 -1830
148 5 -85
86 83 5679
48 28 4468
118 60 5320
43 107 3273
61 62 2219
104 5 -4425
119 105 -5651
8 31 -5427
4 51 2216
120 136 2639
107 90 3793
134 67 8045
82 122 3683
100 124 4268
2 34 -7977
8 67 717
136 122 -1949
81 99 4943
113 116 935
61 134 -6909
6 39 772
88 80 1894
20 15 881
91 149 2396
61 35 -5190
32 59 -5205
85 39 -4587
74 125 9625
1 16 -4589
86 126 -2796
20 4 4802
133 56 -4463
20 138 2033
47 134 -5978
148 103 6312
87 71 -3321
2 126 -8210
74 2 8451
69 62 2896
9 91 -1076
54 138 139
46 51 7157
69 65 -53
2 72 -2135
44 86 1982
106 44 -644
36 142 -4909
103 111 -4452
3 74 -7896
47 23 -1183
24 5 2488
129 115 -7651
120 5 -215
77 30 3030
147 132 -8336
74 81 2945
87 148 -2576
39 147 7649
72 147 3569
71 62 6455
111 74 -5220
60 49 -1438
38 95 4617
142 29 -2223
88 102 3623
142 79 104
6 18 7631
142 7 2614
113 144 2547
131 43 -1337
12 114 445
143 114 -1279
115 141 8
107 47 1705
10 58 4344
140 3 2603
79 97 1857
5 51 5978
33 44 -5459
54 54 48
44 134 -1081
56 58 6246
131 24 -1509
17 97 -633
134 90 8158
78 35 -5295
59 14 -3055
38 121 -5211
75 65 2457
67 12 -2724
60 123 1398
119 41 1064
130 72 -334
29 0 4559
40 39 1216
47 87 44
82 133 6989
131 53 4149
119 57 -5927
36 44 -7145
136 92 -381
44 112 7240
69 92 -436
65 133 1416
92 80 -2965
53 143 410
122 0 1449
128 148 -634
103 129 -1493
135 59 -4936
65 3 1793
108 35 -2869
69 5 -2885
124 35 -7526
26 78 4813
67 114 -2340
81 87 3130
66 7 -3745
79 113 1601
94 9 -558
4 6 -5629
122 98 4205
27 91 -2823
58 69 -3034
122 105 -2442
136 50 -5423
104 23 -2926
36 46 -6074
47 83 2699
117 149 5837
2 139 -6385
86 120 585
125 17 -3686
16 85 5315
88 8 6453
90 70 146
94 48 -5210
17 9 1767
44 142 2282
16 100 3532
34 4 6700
143 35 -5231
64 65 1994
5 132 -1845
54 57 -2711
27 83 -668
110 62 5432
68 111 4574
9 12 -2370
60 97 -100
56 99 4809
147 45 -7161
34 93 1666
51 47 -3296
120 63 -1558
36 135 222
73 98 5137
66 15 -6452
124 132 -7767
127 33 5316
37 131 -7308
101 81 -1800
78 73 -3729
115 56 2577
144 81 -4583
62 29 -7989
70 84 -3876
9 3 347
45 48 360
11 8 5817
57 32 7304
50 92 5058
89 88 -3545
130 23 -1817
76 87 -3738
11 13 6341
119 25 1358
88 144 6666
59 15 -316
4 75 -3313
11 114 4160
65 123 604
29 3 6815
64 28 3261
26 48 795
4 51 2220
146 43 -8144
146 114 -3613
34 140 4972
77 81 -148
32 113 -3732
31 0 3868
56 109 941
45 50 -1883
135 53 -1897
105 142 1617
99 112 506
87 74 -6016
17 113 -879
106 88 -870
88 55 4452
88 92 4926
32 53 -2182
121 138 4339
21 71 -4124
125 79 -6171
112 55 -2984
94 20 -5879
147 16 -8257
87 68 -5288
67 79 -4568
73 128 807
133 38 -2273
81 45 -233
12 112 3106
29 103 8633
139 136 4147
85 113 -1820
80 42 1429
93 4 5027
107 40 -3273
97 48 -2208
61 77 -3818
15 127 -1918
13 31 -5976
24 33 5703
92 143 1242
137 126 -4670
121 135 8470
105 8 5548
103 17 -3809
42 108 463
99 55 -2534
32 76 1051
34 59 3124
4 93 -4981
47 96 1622
6 148 1969
95 106 -8114
55 15 -2101
72 25 2510
58 2 -835
61 76 2862
111 13 2589
66 34 -9217
62 146 168
85 13 998
147 119 -2375
98 125 1245
57 88 -599
9 110 -3867
13 128 -3761
85 148 -3401
49 66 5798
22 31 -1814
89 48 -1395
41 69 -2197
68 46 1506
124 96 -1672
133 55 -2209
20 3 5658
7 117 -2801
51 141 -8760
12 80 -2469
143 126 -6745
127 103 8525
55 26 -3044
118 26 2178
53 63 -4563
121 83 8664
118 118 23
41 98 -37
137 128 -819
121 107 4313
77 75 678
90 76 1699
71 39 -467
4 18 1996
30 80 -3345
99 71 -5108
68 103 9046
24 54 3403
149 65 -2724
137 85 2007
4 105 -5324
87 104 1757
136 3 1786
126 147 9651
121 33 6555
145 91 -331
110 61 3239
92 26 -3504
142 1 2883
107 40 -3300
59 109 503
111 51 4066
75 135 4755
29 49 2843
38 129 2950
35 32 7064
21 58 2430
72 141 -5727
127 20 1087
87 43 -4948
130 92 -881
98 119 -952
116 49 -1972
140 5 -2019
111 144 2317
14 32 8357
18 73 -5752
117 26 -812
90 55 -2761
37 108 -5167
35 123 5054
145 42 -2665
95 116 -3935
114 56 -2528
63 68 -1268
141 74 -498
65 0 -501
121 33 6543
86 77 119
99 76 1963
77 61 3834
14 86 2591
136 16 -4594
13 89 -3395
117 123 3679
115 73 2750
38 125 4346
119 49 -3484
20 119 5147
95 15 -6681
62 15 -5923
146 9 -1610
138 144 3198
94 143 -1264
6 115 -922
128 5 -712
143 64 -2747
103 112 -1401
55 13 2533
47 84 -1617
31 47 4244
10 35 -3227
139 113 2976
148 51 5890
81 30 3226
125 115 -9068
95 65 -3696
145 137 -1933
74 8 7308
68 120 2896
99 138 -3502
85 121 -6805
100 26 -2760
119 111 -2171
25 132 -7261
32 20 -6430
115 118 -450
53 70 1695
49 64 275
68 142 2668
23 120 -1246
49 102 556
44 8 6221
63 131 464
78 105 -5244
63 3 5948
71 50 -1960
21 114 -1225
109 136 2207
138 147 5505
83 132 -7169
22 143 3369
145 84 -2482
6 59 2103
60 61 1582
116 62 3221
106 70 6541
71 71 14
80 137 2163
13 34 -7359
46 0 3461
132 122 2736
69 97 -1007
30 45 -3456
36 43 -7180
106 49 2193
15 114 2510
24 34 -419
8 122 -3055
77 31 -1262
39 28 5219
146 118 -9195
65 77 -3026
145 111 -1569
30 70 2125
118 80 2713
61 59 -3369
23 118 -4752
4 78 -28
117 71 -381
38 40 -4201
124 141 -8724
107 25 4474
53 148 -3119
100 83 3650
58 119 -1848
106 46 448
126 84 4161
107 109 -317
96 112 758
43 129 7138
110 75 26
46 77 926
77 113 1899
94 54 -3988
30 67 1884
134 1 6205
117 58 6200
30 25 2675
104 141 -7233
51 35 -7565
0 52 -492
113 33 1607
15 16 -1602
106 104 6066
116 52 -758
19 143 -612
128 94 4170
84 79 -930
2 129 -219
59 64 698
61 72 -620
69 108 -1632
18 49 -5140
6 80 1318
50 18 8377
78 24 -6159
28 131 -4982
55 43 -4218
74 45 2646
85 128 -2748
3 71 -5194
42 2 4270
19 66 2119
115 29 611
141 95 9335
57 95 8392
124 42 -5089
0 118 -5546
141 123 6263
50 12 4533
104 49 -3848
59 132 -2009
36 61 -1351
102 38 822
129 55 -2854
2 98 -16
111 120 -1673
134 1 6201
126 139 1849
29 102 3369
95 131 -7407
75 125 5896
44 6 413
138 112 3978
94 95 1656
144 65 -1360
135 116 -2555
138 69 1909
25 111 -3523
54 3 3717
119 110 -3692
118 59 3498
142 121 -3294
13 129 421
41 83 245
114 143 1328
131 126 -2207
26 48 802
144 37 2298
103 14 -9285
49 38 1367
64 138 163
14 97 4807
144 4 -419
125 132 -8088
81 9 4750
13 80 -5062
69 71 -3523
70 139 -6161
26 87 3812
131 14 -1987
54 114 1434
43 94 7184
0 80 -2841
30 108 -1504
115 128 3573
133 95 2349
16 110 2211
36 113 -3284
63 67 6008
0 88 -4727
10 103 4799
128 72 2279
80 120 835
143 53 -368
144 51 1806
119 130 -786
106 63 284
18 71 -6326
67 87 -1921
78 42 -2875
7 36 2411
95 37 -87
80 2 5704
141 24 376
4 123 -313
129 89 -3749
99 125 1798
104 30 -1640
26 105 -431
134 113 5019
24 112 7455
49 93 -1796
138 10 661
120 72 2767
130 99 1213
14 104 7383
19 13 227
27 74 -9364
131 94 5823
65 144 1369
130 74 -6628
23 116 1108
85 58 2449
128 72 2275
79 57 -1885
95 101 -5112
98 117 -5264
149 22 -5210
82 86 2504
85 99 1002
9 124 1675
97 20 -2879
132 3 6466
36 114 -2627
73 12 1977
119 96 158
112 134 -8297
52 142 -1753
80 19 4857
129 95 1717
138 16 -2762
120 76 6237
118 0 5589
107 82 -3749
83 106 -6894
138 125 5293
87 123 764
102 132 -2950
126 55 5161
14 69 5838
120 131 -1128
137 32 3889
61 148 -3464
140 122 -1144
18 52 -3940
93 52 3048
48 81 -65
144 43 -6415
60 107 -1003
93 95 7784
148 81 -490
36 68 -7532
107 93 -2208
81 120 647
37 136 -3575
84 146 4909
98 142 -5005
88 48 2164
27 57 -7871
52 25 3718
13 53 -1252
7 120 -2309
142 115 -2767
0 107 -1255
42 50 -3380
8 7 -1340
42 17 1764
106 94 6515
31 146 7449
89 54 -148
57 77 1632
94 46 -6006
80 104 5050
97 72 1116
66 41 -1165
2 82 -7870
145 19 764
50 52 4428
57 49 2429
49 28 3517
90 101 -3354
88 51 8454
56 119 4400
19 116 -1690
106 145 5132
145 20 -4530
121 92 5753
111 0 387
105 30 4401
49 13 3931
67 6 -6476
107 9 3305
43 44 50
9 99 260
26 133 5330
83 54 -4408
66 51 -357
24 23 3946
1 137 -1282
115 115 22
125 102 -5106
138 89 82
103 132 -8227
72 84 -1902
22 84 733
54 72 2078
126 71 2521
125 25 -775
146 145 -2351
1 81 -3234
9 100 -2570
134 121 67
112 55 -2953
98 65 -2219
122 93 -2114
145 88 -5954
125 135 -1074
127 43 -171
31 38 3473
14 126 -215
22 24 -2738
6 90 6641
109 122 216
143 91 -416
125 45 -6911
83 15 -5497
88 118 -807
86 72 3283
57 7 4444
11 23 3346
133 92 -1726
8 87 -1244
82 87 5507
82 45 2126
20 27 7075
28 14 -6952
119 91 -925
6 96 6135
32 77 -5635
84 9 3321
105 119 5706
76 123 -3005
127 43 -139
115 99 7341
125 74 -9549
129 101 -3437
98 108 -3747
127 134 -1213
36 103 1456
79 96 4189
122 122 33
12 50 -4442
20 35 -536
35 27 7698
115 108 4111
27 27 44
51 147 572
131 110 1340
109 31 -2146
4 123 -325
139 104 5763
7 81 -2998
34 141 142
22 122 594
32 89 -4313
124 102 -4808
106 88 -855
95 40 -8802
77 21 3789
104 143 -797
102 131 -2009
47 70 2276
99 121 -7822
148 75 376
33 123 220
60 52 -222
83 123 -1921
141 59 3020
145 67 1161
108 116 1336
139 140 3338
31 111 3479
38 147 4595
52 111 152
74 101 4713
145 66 2836
128 89 370
37 92 -4018
42 45 -1501
107 3 3613
111 95 4663
93 124 7200
94 117 -5105
125 61 -2646
123 107 -2392
74 62 9128
2 143 -1456
116 61 1054
136 25 2641
121 28 7455
112 42 -4139
51 26 -7040
133 73 -4216
141 134 -499
121 118 63
133 21 -623
139 118 -1958
122 119 3255
55 121 -5261
30 128 -2032
104 65 -1632
31 127 -527
31 55 3539
14 100 4610
90 15 -4883
124 123 -2487
51 28 -1874
129 45 -5506
30 58 3177
42 35 -2408
126 9 7428
64 81 -1255
135 13 -656
9 33 -1036
136 138 -1796
130 123 159
22 39 -1387
111 65 914
51 24 -8392
35 139 324
98 124 893
6 114 4200
19 12 -2327
92 78 1296
7 142 -2580
143 56 -3895
101 120 -1159
29 149 7807
23 102 -357
7 22 -2274
134 95 9906
121 131 2450
74 114 5630
35 54 2520
80 132 -1246
37 92 -4017
121 71 2708
129 139 -6116
22 38 1626
34 116 5525
17 97 -648
106 13 6087
102 48 -1436
141 121 -467
52 35 -3344
147 144 -2272
121 26 2238
50 65 5447
112 5 -4941
113 85 1874
1 10 -1170
23 77 -1679
101 5 -1381
90 138 -3717
22 120 -27
135 142 -5113
63 20 361
59 144 4014
69 70 2058
84 146 4956
102 91 2064
123 99 1107
20 92 3464
129 105 -6418
128 29 -2906
139 58 7294
148 148 39
28 144 115
90 36 216
82 138 3839
5 4 3776
33 6 -5054
66 7 -3752
45 30 3517
111 146 4017
12 67 2781
114 125 3998
0 114 39
23 65 1356
34 6 1065
131 108 2185
123 55 -1430
127 51 8071
97 91 1320
133 105 -5719
69 113 -1201
111 105 -3480
149 125 719
121 106 1761
59 27 5874
120 83 5129
67 114 -2320
11 8 5822
13 124 1446
37 92 -4017
64 98 4204
103 72 -3384
123 46 -4535
13 144 -264
78 120 -3452
87 65 157
5 54 936
125 84 -5240
46 28 5256
57 21 5400
86 69 3226
81 43 -1824
53 89 -2145
16 41 6950
142 118 -3258
137 24 -3967
52 40 -4053
28 78 -363
106 23 3103
128 146 5206
66 21 -2780
5 89 1120
47 5 -2645
109 86 -947
81 60 2496
27 104 -1543
106 63 256
96 21 -694
88 145 6014
35 68 -1009
132 45 1174
13 92 -2022
33 81 -3604
77 1 3084
68 128 3379
52 118 -5020
16 1 4629
133 112 821
33 126 -6342
95 107 -5533
110 99 4155
36 23 -3457
71 123 4085
79 148 21
112 37 1501
146 118 -9174
43 21 5855
144 50 -6781
47 119 1482
85 35 -5120
134 70 8304
128 26 -1797
131 38 2855
74 116 5903
103 38 -4426
144 3 420
138 103 5384
135 0 -2844
90 64 -3868
113 81 -2069
78 32 1741
120 24 -2656
44 17 4806
115 27 8888
128 70 4197
138 120 -776
125 75 -5854
5 140 2063
84 69 1897
48 42 1202
35 81 1234
114 54 -1390
64 113 822
104 84 -3417
108 145 2257
6 67 6520
105 81 1204
136 126 -5966
6 60 3926
71 102 1794
17 53 700
106 43 -669
15 96 4437
45 32 6123
110 70 4525
57 145 5410
99 94 413
132 33 5114
62 109 -5097
51 0 -3660
36 99 -428
111 69 1001
69 11 -4706
39 121 -2173
7 26 -3672
105 56 1336
51 86 -6233
71 111 2575
23 78 2240
142 105 -1554
98 15 -5179
7 37 3898
56 63 -1017
71 109 1301
21 33 -310
109 116 1950
32 93 -6667
127 31 579
20 85 4537
131 84 1971
86 41 5468
98 118 -8297
5 19 4307
38 61 1715
128 131 -1628
133 40 -6467
137 59 -1326
127 31 616
129 20 -5848
69 116 -290
40 100 4015
2 141 -7889
62 149 -183
46 117 958
124 28 -1832
136 34 -5733
8 73 -3977
65 39 -3919
71 128 1392
130 41 1846
118 89 4377
88 140 4515
104 62 1365
73 26 -1017
70 20 -5912
47 121 -5951
9 121 -7585
22 61 3307
33 136 -359
16 85 5301
119 92 -1676
140 3 2590
52 70 3137
62 22 -5464
32 95 1135
122 48 -1165
3 9 -287
134 136 6220
68 5 2627
24 110 2876
48 35 -1244
133 57 -5985
2 14 -7975
60 120 -1761
42 86 -1104
80 47 3299
61 86 -3856
37 53 -3163
142 45 -655
51 34 -8837
22 104 4177
10 51 4374
71 37 7082
24 80 1918
51 51 37
119 66 2258
3 51 1403
53 18 2528
62 25 -279
131 39 -195
19 95 2300
31 103 7940
104 109 -3755
91 121 -6471
58 21 -2368
94 23 -3370
6 43 -387
85 41 1671
82 89 3891
142 28 4131
123 37 3059
15 8 4144
61 26 -4655
145 96 753
56 103 6695
54 100 838
147 129 -1640
15 31 -1351
131 90 5689
149 26 -6614
10 49 -1040
79 10 1593
111 145 1643
31 38 3461
142 31 -1519
96 23 -2741
136 44 -5057
58 118 -9227
109 118 -3913
69 91 287
133 1 -1322
81 110 854
28 101 -2658
72 113 -1289
20 109 1730
70 78 -1194
131 42 1753
92 72 562
56 51 6248
60 22 -1725
88 49 3058
46 14 -1726
105 32 7052
106 21 5177
123 112 1599
41 36 -167
108 42 -399
85 98 1572
45 148 808
92 142 -2376
22 85 3234
142 30 2797
93 9 5569
56 89 1385
38 52 -100
148 42 789
59 32 5278
41 121 -8434
83 141 -8127
19 118 -7505
106 30 4408
123 130 -64
140 20 -3014
142 116 2580
76 123 -2989
71 63 -693
121 145 6868
107 103 5429
44 115 -543
122 118 -4134
145 102 -2381
104 70 475
112 10 -3323
139 57 -516
61 103 2848
10 56 -1868
97 142 -1834
42 54 95
0 23 -797
81 129 5297
117 52 2036
126 42 3980
21 145 -12
92 114 -97
135 12 -3243
122 98 4196
57 87 4555
60 15 -2163
97 91 1342
122 109 -193
56 94 5206
147 62 -713
24 149 8027
142 126 -3106
20 102 2182
119 12 -2182
130 138 -2295
21 81 -3954
79 95 6505
18 23 -4217
31 91 4717
29 74 -1087
37 37 35
131 33 4168
116 23 -1078
8 149 1619
128 118 -4000
148 87 2653
52 102 -647
80 85 4120
104 21 -885
69 126 -6023
3 68 -7168
118 3 7910
147 43 -8734
59 4 3618
134 128 4119
23 53 1792
44 66 8609
22 101 1098
63 80 772
121 29 1138
68 44 394
85 13 1006
13 105 -6036
33 90 1575
74 95 9854
134 53 6586
113 59 -1432
56 29 -1899
78 146 2233
115 91 5991
139 4 5065
88 16 708
97 60 152
108 149 4299
29 33 5448
52 130 1538
86 109 999
17 76 3918
122 70 4079
83 24 -7804
122 45 -1505
34 64 3807
142 20 -992
104 126 -7563
44 3 6855
34 4 6700
46 105 -398
118 73 3266
18 1 -2837
40 4 6124
127 37 8562
86 131 -596
27 93 -7268
148 23 1433
30 86 -3081
112 144 -753
129 37 1620
92 67 2266
27 38 -4085
20 62 6840
27 131 -6910
69 148 -2786
113 125 4621
62 25 -315
12 124 4043
112 42 -4134
91 58 2822
64 62 4945
130 28 792
50 55 4585
93 99 5777
14 20 1910
139 109 1989
48 95 6892
91 126 -6303
87 141 -5496
2 62 723
14 135 8089
29 87 4942
134 13 7874
48 31 -1169
116 114 -247
2 22 -4767
111 121 -5200
67 18 1090
134 15 3233
42 130 2515
90 145 -1203
94 115 -7676
56 17 2833
115 54 3753
121 22 3664
33 84 -2182
51 30 -3159
96 144 -36
95 58 -548
133 36 760
113 101 -216
17 103 3857
15 141 -2616
90 103 1621
114 92 163
57 124 7808
118 118 25
52 75 -1367
7 110 -2155
141 67 7466
144 18 1546
84 42 -190
35 61 5207
38 103 4475
96 19 59
48 25 5821
102 46 -2238
4 86 -4044
94 30 -2096
18 147 778
91 26 -4270
58 55 -3959
0 5 -2275
57 58 7809
123 39 -4526
102 34 -3983
105 40 -731
124 110 -5534
22 20 -1299
29 104 6716
62 98 -681
15 99 4719
45 123 4126
2 115 -7863
101 76 5101
31 116 4139
22 70 4656
49 50 -3173
20 125 7314
11 96 6106
20 135 6213
127 31 619
36 115 -7745
35 26 538
80 21 4172
63 6 -516
127 75 2511
93 3 5852
77 85 3789
20 80 448
2 140 -3028
8 73 -3965
67 95 1886
91 125 3124
0 13 2199
4 61 -164
14 73 2870
30 116 -181
100 104 2768
56 101 1684
47 26 -3762
12 82 -4646
55 82 -4747
63 97 3241
116 20 -3591
48 29 -1850
41 25 325
44 4 6048
40 120 2580
98 6 -6900
94 10 -3225
134 66 9736
52 27 4280
126 59 3356
82 6 970
52 12 127
80 21 4175
1 53 412
56 108 1554
132 123 5301
46 40 -1143
130 122 -2411
30 64 -1908
148 35 -1689
65 114 -485
4 20 -4779
51 14 -8838
131 134 -2403
126 39 2041
65 103 3578
29 11 397
13 13 48
0 44 -4494
34 40 644
144 25 1301
24 140 4502
72 12 -1064
75 41 4731
53 26 -4300
134 90 8147
68 89 3721
87 116 -91
81 5 430
17 43 -4762
12 34 -4757
43 142 2296
127 101 3496
137 113 121
92 16 -4189
27 96 -1756
34 61 6544
124 7 -3314
117 83 5634
7 28 1537
68 93 1426
83 121 -8618
5 110 410
1 56 -3111
102 62 4685
139 37 7786
2 64 -4223
29 110 2641
149 56 -5810
104 128 -3704
138 113 677
74 8 7273
21 49 -2946
93 90 6030
21 60 -1502
55 69 931
107 20 -1986
82 8 6746
23 63 -2821
93 0 3560
40 129 7193
72 56 -3182
49 78 3161
26 29 -1085
32 34 -8327
17 115 -5349
22 35 -1907
120 82 -2997
26 127 -959
55 60 91
139 127 -791
99 145 -978
90 64 -3898
90 112 219
113 149 3941
137 3 3074
66 74 -9604
139 85 4818
91 69 -228
102 71 -1744
46 131 259
84 28 3104
29 120 2491
18 75 -5307
33 6 -5029
34 36 7879
45 124 6658
73 105 -1487
37 24 -8885
16 71 1159
103 33 -3161
93 137 2804
22 51 5676
90 102 -3647
126 66 9501
28 14 -6972
14 45 2223
85 73 -3525
110 43 -2641
124 102 -4778
23 46 -2631
104 43 -6726
0 48 -2584
134 99 7889
98 149 532
26 93 -138
5 54 951
138 143 2654
114 83 3052
77 58 6196
2 6 -6950
0 131 -3189
140 113 -339
134 110 3761
92 67 2269
69 49 -2266
56 8 4240
126 79 3214
135 141 -7926
54 20 -1922
89 97 808
59 146 5778
140 133 2176
50 32 8065
29 8 6212
97 122 -967
31 137 3096
148 13 4422
27 83 -679
43 55 4262
148 119 4025
147 21 -2912
143 59 -3413
89 5 -1063
15 1 3039
102 92 1313
147 143 -2849
30 42 -1926
6 109 2550
94 24 -7318
69 18 2868
20 44 -1210
135 66 1205
124 51 38
31 71 924
116 29 -4780
39 15 1001
120 1 2632
9 99 229
2 53 -1849
38 47 759
127 114 4427
23 23 45
107 72 2008
119 35 -5681
130 128 -2560
54 60 1156
55 52 -173
28 56 -4334
15 42 1017
40 106 727
36 101 -3508
67 90 153
77 142 243
5 96 4300
92 4 1373
94 135 288
141 37 9265
60 124 3948
136 135 2341
58 1 -3114
67 0 -2343
61 14 -6449
25 1 -2564
14 118 -356
126 85 6672
6 38 3829
115 100 4565
26 43 -1153
118 140 5329
148 144 4157
5 119 4141
112 1 -2105
22 149 5285
88 108 3742
103 43 -8621
70 19 -634
45 33 3907
58 55 -3929
89 110 -659
67 136 -1773
1 116 -242
3 7 -1955
56 113 1949
50 99 7147
119 47 -1430
130 146 2646
94 84 -3851
136 83 2519
28 61 -484
85 146 2454
85 16 -5281
89 73 -1132
80 24 -1860
110 41 4761
90 89 -3651
58 67 -1275
22 9 3995
112 56 -5235
141 126 -307
9 27 1767
125 137 -4712
93 120 1497
121 120 3552
15 29 -2054
47 9 1635
10 142 -1628
121 9 7612
97 25 3579
12 114 442
19 125 2007
136 101 -1426
109 67 3993
44 119 6346
110 81 -760
85 137 -1955
102 110 -695
112 7 -2393
140 107 -986
42 53 2416
33 111 -1269
29 62 8029
39 9 5420
149 39 -6618
87 123 762
145 107 -2485
32 114 -3102
36 68 -7565
54 73 -930
122 52 955
95 123 -3083
16 149 7371
96 51 1750
2 60 -3020
114 112 2683
90 105 -6330
76 98 -1353
143 76 2868
120 136 2653
41 27 943
122 25 4605
29 89 3310
115 143 6470
94 129 5
55 72 1007
146 54 -5006
8 131 -4847
112 57 -6793
90 49 -4134
11 56 1575
105 5 1588
132 2 6965
136 136 17
143 138 -2583
95 132 -8362
72 84 -1924
104 68 -7041
31 112 6515
5 93 -1218
84 33 2226
147 49 -5898
93 70 6172
103 84 -5331
15 6 -1695
19 127 -6355
27 3 -1454
109 124 5293
124 106 -7493
3 134 -7932
64 109 -156
56 16 -1502
8 141 -6742
107 77 -1179
143 35 -5203
81 68 -2187
89 26 -2144
14 58 8874
90 85 -1213
98 86 -5341
63 107 2377
142 89 1111
17 16 -4280
64 20 -1841
94 85 -1341
13 118 -7744
82 147 9318
122 93 -2094
128 114 1618
42 141 -3594
65 55 -841
95 93 -7735
123 118 -6659
148 140 1942
79 70 4861
6 98 6934
95 32 -1058
35 127 -445
2 36 -104
148 109 604
18 58 262
145 65 -672
96 94 644
15 142 175
60 133 2188
47 59 -2460
90 86 -5047
9 87 -1579
49 47 2088
74 44 1081
46 83 6531
81 1 3283
13 79 -4404
50 58 8592
121 33 6573
38 7 678
128 14 -3615
119 107 -3102
145 10 -1858
101 44 -3601
32 81 -5805
115 85 6348
108 5 -1221
139 83 6688
112 105 -6519
37 32 -1007
104 24 -6901
91 47 -468
17 65 328
21 21 0
102 10 536
24 139 1202
13 19 -217
17 17 38
39 92 3566
67 17 -2076
59 45 -826
121 50 756
61 107 -2569
11 97 3765
40 86 2027
149 129 -686
68 23 4128
53 91 -7
139 86 993
84 29 -3196
88 116 5049
133 58 1800
41 32 316
50 94 7497
0 14 -5176
144 137 -2610
103 145 -2828
9 106 -5870
100 136 1186
74 38 5272
33 121 -6520
108 118 -4545
58 125 338
91 89 -2053
136 29 -5062
125 84 -5224
9 126 -7389
25 85 -1936
114 63 -3633
46 84 2212
149 8 -1566
99 66 1831
16 131 914
137 92 910
104 80 -5031
17 17 9
8 141 -6744
133 121 -7492
85 71 -4117
11 127 -234
98 13 -536
144 121 -7488
127 113 3797
16 99 6317
100 68 -4328
83 33 -2113
128 111 1237
70 83 438
82 142 2815
52 124 4182
140 45 -2666
85 116 -938
69 21 681
0 148 -2174
26 98 6206
21 5 -3522
59 95 6377
54 145 2631
48 59 545
13 98 615
19 105 -5814
66 142 -6286
48 77 148
111 80 -2454
52 126 -4884
26 90 5888
136 72 145
8 8 1
87 66 3668
53 88 -5654
40 108 3576
87 120 -2435
25 115 -8236
87 62 3110
35 41 6761
28 47 -1378
7 8 1382
79 109 613
103 120 -6149
114 35 -3865
8 85 -416
86 106 -1253
21 9 796
76 114 -4119
110 149 5188
5 80 -581
132 122 2736
79 62 5710
114 0 18
63 38 3264
26 42 1943
30 129 2096
78 75 -3254
45 130 4032
63 51 7349
81 143 4056
130 111 -1391
3 79 -4484
107 135 4206
111 62 3869
55 96 2304
30 42 -1949
114 84 -1245
128 20 -1700
140 136 835
130 88 -5731
50 5 2602
124 94 -993
132 118 -1393
118 4 7096
41 67 -477
108 108 9
66 137 -4757
54 98 4190
127 89 3226
38 92 508
84 113 672
8 16 -5731
50 56 2329
51 52 -4157
52 79 -1681
6 147 8396
115 47 5504
8 26 -5007
3 62 1222
124 50 -8513
113 114 658
78 73 -3727
114 18 3440
11 66 8201
42 10 852
23 21 2104
9 74 -7570
93 101 2663
117 144 4480
15 52 1943
94 147 1631
13 26 -5589
138 28 3114
11 25 7299
67 7 -2058
87 76 3787
40 43 40
4 114 -1465
76 86 -6744
77 87 2980
147 86 -6782
36 58 1014
31 121 -1748
73 8 4032
135 34 -8028
61 64 -2725
8 15 -4062
101 9 2923
9 141 -7054
76 137 -4861
142 74 -3282
117 10 1929
67 82 -7425
120 104 4268
149 145 -1985
72 11 -4768
146 91 -2720
69 38 -931
125 76 199
142 0 2294
120 34 -3128
63 64 2196
98 90 -265
50 97 4510
66 100 -4618
69 73 -2937
25 63 -6740
130 142 -3264
142 125 6280
121 115 518
37 101 -5021
18 106 -7274
72 15 -3097
84 67 3683
21 36 1443
71 65 3459
6 45 1222
94 84 -3848
148 44 -2312
56 36 5255
100 87 1041
50 109 3281
114 114 33
30 80 -3385
33 105 -4747
132 26 759
120 21 3314
95 110 -6105
10 38 322
63 129 6242
99 33 -1272
43 94 7179
40 83 7681
10 12 281
0 3 2315
64 16 -2616
30 43 -5045
21 93 -4750
122 49 -240
115 54 3733
78 108 -2390
102 14 -4008
84 121 -4278
34 43 654
136 119 1286
94 38 -2923
124 2 -818
75 140 1646
93 80 676
140 64 -1158
39 34 -1757
34 125 9194
77 16 -1507
145 46 -4671
128 33 2528
128 86 -1009
19 106 -5815
91 80 -3735
64 88 -3297
57 114 4180
135 141 -7951
70 34 -7803
103 100 -4660
82 17 5337
146 125 376
40 115 -499
134 29 1155
33 24 -5651
147 13 -1980
103 105 -7939
74 14 433
5 138 1036
113 115 -4462
80 135 5771
38 146 4018
6 52 3646
74 87 6061
116 20 -3570
10 44 -3835
146 96 -1667
40 107 3304
55 144 2222
60 111 -96
76 132 -8259
56 16 -1502
143 92 -1191
92 107 -1390
35 40 -671
134 26 2248
4 124 2195
49 145 2971
107 105 -2536
125 12 -4337
124 84 -4868
92 31 -3920
43 103 8670
4 38 -1850
76 52 -4628
104 123 -1002
132 53 5092
80 111 2520
53 85 312
49 139 -1834
106 122 2506
32 54 -4505
0 127 -4382
144 124 1779
133 89 -3064
116 104 1926
94 59 -4654
96 20 -5233
120 29 -2419
55 116 606
89 35 -2655
120 108 1080
70 58 1051
55 49 -1373
3 96 -303
126 82 347
113 86 -1927
60 99 2523
120 8 3718
11 3 6438
95 7 -3941
134 47 6064
29 24 -225
93 70 6209
72 36 2036
139 141 -1490
33 67 1472
96 93 -5450
47 84 -1644
138 113 676
48 29 -1841
63 101 2779
94 93 -6124
69 117 -3107
131 83 6289
47 139 -3957
139 46 189
128 54 192
105 10 3210
83 106 -6916
112 139 -6240
110 17 2166
36 15 -5070
121 103 9736
122 101 557
65 88 -5287
111 4 1873
32 6 -7283
99 0 -2215
76 7 -3824
125 1 -3417
133 84 -3149
93 131 347
11 143 5515
30 126 -5903
37 17 -3860
79 79 28
37 148 -6353
22 79 -194
62 149 -202
121 54 4250
42 71 -1411
1 5 -2840
61 148 -3489
77 93 -967
55 88 -4446
47 56 -2922
68 90 7421
63 50 -1232
148 88 -2514
60 81 -2417
0 61 1317
143 36 1329
71 21 4184
24 125 8749
93 21 4810
74 15 3192
140 80 -2579
117 128 986
87 44 -4899
36 30 -2107
57 39 754
130 36 1673
106 70 6552
105 143 5239
49 81 -995
35 138 2651
3 53 -1326
122 110 -451
136 115 -5621
123 19 869
127 15 1970
60 69 892
103 149 -818
124 98 -832
66 112 -1316
68 57 799
13 18 1268
94 116 -2317
6 141 -930
79 21 3474
71 79 743
114 7 285
37 45 -7115
100 118 -4942
43 31 743
68 114 4942
126 144 7376
96 56 -4500
148 47 2600
70 10 -3255
54 112 4113
140 65 811
33 84 -2184
88 128 3237
107 132 -2803
7 117 -2822
91 78 531
55 27 4085
82 139 1517
111 85 1625
87 56 -2928
94 127 -6946
124 22 -5600
50 21 6173
91 54 -2236
29 90 7038
56 106 -1300
10 102 -494
93 61 4855
40 70 7267
6 123 5309
116 124 3375
95 15 -6637
95 15 -6663
95 89 -5418
125 106 -7841
139 18 7037
36 138 -3907
100 144 2530
22 68 -2905
2 107 -4091
56 23 1797
91 104 1330
55 81 -2376
137 19 2734
41 60 -3101
64 134 -4164
78 117 -3915
109 22 -312
105 49 2176
1 102 -1675
122 25 4591
118 28 7388
7 120 -2348
142 73 -31
35 36 6583
39 87 3848
128 55 1288
76 97 -4543
149 109 -4839
146 40 -8219
75 27 5652
106 43 -659
43 138 3282
142 18 5732
112 28 -881
50 133 6805
115 33 6037
142 147 6513
38 49 -1309
45 113 2354
0 130 1031
37 72 -3461
144 97 -2272
47 112 2360
137 76 4901
122 115 -3680
103 47 -3710
3 50 -7153
127 75 2536
87 27 3389
45 47 3362
145 11 -5323
111 123 1528
43 8 6249
99 111 -2594
122 105 -2446
6 50 -699
84 40 -3297
51 133 -1741
60 18 3711
63 20 365
148 120 167
92 3 2194
102 64 -241
98 92 -2622
149 123 -2081
101 24 -3820
130 63 -4634
29 4 5995
111 9 2402
74 99 7860
118 122 4180
75 6 -2224
73 89 1169
31 109 2191
93 11 -594
27 133 -1811
70 12 -3010
19 22 -3927
85 45 -4154
48 74 -2953
106 72 4561
62 148 -5660
149 140 -3492
88 46 1356
121 45 2665
9 120 -4057
100 135 3478
33 92 -780
65 45 -3490
144 130 -842
134 57 1560
135 109 -4480
50 39 1505
148 27 6011
73 35 -1528
14 10 4560
110 125 5884
147 57 -8310
129 144 -661
114 63 -3611
29 41 7395
62 73 -5812
94 100 -3162
32 1 -2553
47 70 2252
8 146 2012
34 7 5528
146 7 -3332
78 137 -2099
40 92 4780
75 14 -3265
107 103 5439
133 55 -2196
59 84 857
106 112 6621
43 61 5893
9 18 1465
62 91 -2550
71 62 6438
73 134 -3287
76 119 -2342
80 30 3408
96 76 2213
31 113 3210
78 16 -5457
69 13 1608
27 2 -942
10 84 -595
42 4 2974
127 125 8412
48 67 5029
12 27 4194
3 75 -4143
124 98 -861
42 43 -3047
8 90 866
121 135 8481
113 98 3410
12 50 -4453
50 5 2604
135 99 -637
56 38 2208
77 70 5148
75 98 4659
77 3 4847
109 101 734
60 125 4243
48 102 1493
43 47 4982
90 125 1515
128 35 -2315
7 121 -5878
102 77 -1343
95 48 -6847
75 43 -2653
48 73 283
14 132 1044
59 133 4007
12 92 563
133 96 88
36 50 -7524
49 19 3708
6 134 -1473
50 9 6931
13 23 -3003
93 19 5525
130 147 3226
26 128 1853
95 42 -5691
58 53 -2693
35 53 4878
148 112 4921
2 73 -5137
58 92 -3515
133 104 288
11 129 6710
25 9 -1145
45 125 6985
106 69 4545
0 46 -3427
125 136 -3409
88 85 6015
58 4 -2175
5 126 -3090
144 9 131
50 24 156
26 108 2388
119 71 -4733
70 87 -2181
13 70 439
23 5 -1457
84 3 3578
47 18 3071
135 146 796
52 29 -3970
93 57 -580
95 116 -3947
106 12 3500
65 40 -5122
115 5 2832
131 113 2594
136 50 -5412
42 96 3438
34 44 713
31 97 3456
148 32 5354
59 45 -865
62 94 -881
0 126 -5413
104 66 1911
105 120 1849
21 117 -3745
38 126 -5054
105 50 -982
127 25 7562
116 58 3382
64 144 3368
8 120 -3693
34 1 5753
27 68 -8622
35 133 5821
53 47 -519
67 109 -3988
148 103 6330
106 80 1055
116 45 -3245
124 57 -7742
74 103 9745
141 108 4084
116 35 -4153
50 105 1036
83 24 -7790
45 72 3651
1 51 3147
62 1 -2909
34 20 1896
139 104 5765
9 125 2007
94 73 -4947
79 116 2538
81 19 4690
35 60 3641
147 35 -8059
128 70 4239
24 119 6589
15 112 5169
121 3 7947
42 37 5629
69 41 2242
64 48 -1153
4 131 -4646
97 143 1759
143 49 -3015
88 31 979
140 103 4400
102 129 3738
18 70 -783
113 17 889
64 56 -1114
50 142 2648
53 93 -4461
121 18 9076
106 109 2293
60 21 1524
94 143 -1260
127 51 8064
64 76 5614
17 31 -4039
12 23 -368
129 37 1600
142 142 4
136 142 -2798
41 83 254
66 117 -6541
37 54 -5537
109 113 1006
93 97 3155
33 103 3196
18 89 -4617
75 104 4091
135 127 -7210
141 131 1943
2 138 -4039
126 145 6675
99 52 -2694
138 56 -1248
13 147 2045
43 17 4819
89 116 1506
89 121 -4385
44 91 5437
88 126 -645
85 53 -235
72 23 -1462
53 1 -372
135 112 -134
44 73 2207
96 38 -2308
28 70 828
14 91 6092
5 36 4986
75 87 2338
115 146 8742
124 91 -2717
16 8 5733
4 15 -3927
3 145 -1051
147 143 -2860
104 85 -944
31 34 -1350
71 66 6982
37 60 -4410
67 102 -3517
29 48 1888
109 84 385
26 146 7077
102 149 4471
8 98 1147
134 75 3766
134 132 1535
101 146 4574
76 77 -6633
128 55 1297
35 92 4064
134 111 5289
95 20 -7521
97 23 -374
88 116 5048
145 129 1382
6 90 6660
20 102 2175
145 141 -6290
15 9 4472
91 2 1938
139 15 1175
117 21 3809
111 122 -995
6 65 4717
110 130 2964
70 145 -1377
11 34 -1036
7 91 641
12 69 1018
49 4 3227
89 138 -34
12 126 -5016
134 36 8339
43 56 2010
58 71 -6544
125 76 190
26 58 7103
92 18 3347
145 82 -6285
102 108 185
9 24 -6697
113 129 3207
84 59 -783
133 109 -3494
145 49 -2892
95 37 -38
51 5 -5946
74 38 5289
120 91 2955
59 110 223
66 19 -2062
112 47 -2273
142 3 4622
44 28 6373
148 101 1310
112 44 -7200
69 80 -3484
70 106 -6471
123 34 -6310
61 16 -5327
39 108 2400
60 16 -3772
17 127 -4592
10 41 3523
141 105 1232
38 139 -3187
2 105 -6654
142 8 3977
46 110 1562
38 101 -516
145 7 -898
133 41 980
64 20 -1860
115 130 6137
134 102 4522
83 25 131
57 91 5023
123 136 -569
54 104 3607
61 36 1405
24 59 2673
75 78 3326
130 30 -509
19 22 -3928
5 136 2889
30 103 3621
12 121 -5195
147 78 -2794
16 80 1203
69 137 -1301
87 89 -1580
94 58 1079
78 14 -6593
95 59 -6324
33 143 451
42 33 2399
52 97 151
1 44 -5066
82 134 -539
64 19 3418
13 127 -6556
95 57 -8367
105 137 3146
72 45 -3621
101 78 2357
126 147 9665
138 53 2275
5 28 4099
135 67 -458
111 96 2377
23 17 1101
9 72 -1325
125 1 -3381
34 83 8258
83 38 -3401
28 17 -1549
15 140 2188
92 29 -4628
59 111 1726
99 13 -21
20 96 5321
20 81 624
33 27 2848
135 45 -5799
30 61 808
89 95 5468
78 76 2792
22 67 4369
16 145 5315
4 10 -2114
23 19 2823
28 79 -4021
70 140 -2862
6 141 -943
78 47 -1008
145 108 -2222
60 38 -106
88 16 725
35 12 3497
122 68 -3492
12 20 -2875
79 45 -720
79 70 4858
66 66 18
12 111 67
103 88 -8849
33 33 12
122 45 -1528
144 20 -5205
75 33 2856
21 32 1905
52 103 4655
34 24 494
119 91 -891
63 41 6500
54 122 21
61 101 -2150
147 141 -9283
74 108 4588
101 43 -3638
32 144 -1197
124 9 -1611
57 146 7808
131 127 -1165
141 125 9107
104 74 -7735
41 131 -6011
10 16 -3385
68 62 8443
3 101 -3183
94 45 -5555
13 53 -1239
63 57 -485
123 147 3123
27 123 -2621
139 70 6246
81 74 -2870
122 107 144
74 27 9404
22 60 1732
70 94 19
105 117 1332
79 143 3586
84 13 3479
97 29 -4073
84 117 -1211
58 48 -6261
114 57 -4134
32 105 -6978
16 144 6018
51 51 27
66 67 -1670
64 53 2420
24 85 5977
81 26 -668
30 73 -2831
56 73 215
28 147 2446
63 23 2872
123 32 2042
67 131 -5545
92 119 1704
133 70 746
25 74 -8758
143 61 -12
9 71 -4913
69 142 -2869
95 34 -9415
108 79 -1167
112 84 -3944
130 133 903
74 17 5860
109 145 2888
141 4 6616
70 59 -4710
88 56 2230
141 30 5632
114 120 -2029
148 137 1501
56 31 -1249
137 38 384
37 98 -1340
33 108 -1951
146 103 491
3 124 1388
76 126 -9549
47 137 -1097
125 26 -7344
22 135 4859
99 15 -4654
35 97 3518
16 136 4675
10 39 -2739
54 146 5046
60 148 -1918
92 91 798
99 128 -3756
119 54 -3153
143 128 -2876
10 21 1911
64 5 -820
84 138 12
51 54 -5038
47 5 -2673
30 103 3600
148 119 4027
77 139 -1043
40 48 2002
121 63 2017
142 46 -1106
131 117 704
44 108 3528
18 7 -3099
34 54 3821
82 138 3845
65 76 3630
69 12 -998
53 131 -4115
38 134 -5225
72 101 -1535
79 66 6266
137 41 3622
26 117 906
46 67 5852
25 124 497
31 78 5240
15 89 1244
133 84 -3169
121 74 14
136 105 -4420
35 75 2053
51 34 -8828
107 68 -3569
44 117 2045
94 120 -4615
63 117 1115
25 30 -2641
22 125 5975
99 53 -1240
109 81 -1037
42 85 2705
131 24 -1544
145 30 -681
37 0 -4121
99 136 -1616
88 142 2522
61 64 -2723
17 119 1607
80 52 2399
75 50 -3002
145 34 -6403
1 65 11
126 119 7242
134 71 2748
106 18 7341
148 112 4943
36 82 -7729
128 86 -980
106 137 3171
95 79 -6445
80 112 5599
90 14 -7629
117 61 3863
74 107 4338
17 12 -636
35 33 4862
13 11 -6288
12 69 1055
62 136 -2906
26 40 -1162
126 65 5986
58 17 -3375
15 77 -62
54 38 1050
35 94 6531
129 85 -1305
23 117 -1708
2 84 -4062
123 97 -1495
137 34 -4439
80 114 2939
114 145 1230
142 80 -547
131 22 1248
21 100 -1818
115 94 7730
118 146 9221
127 131 1219
63 110 1746
148 35 -1661
24 28 6585
74 72 6322
52 60 265
96 86 -4506
51 52 -4148
51 17 -3393
6 54 2794
117 137 1818
104 32 982
134 103 9779
109 134 -3979
100 73 -1739
79 48 -357
97 143 1787
25 65 -2622
81 99 4932
10 88 -4092
3 45 -5249
13 135 707
50 13 7126
83 8 -1368
109 87 2040
55 106 -3549
17 22 -2214
102 46 -2243
80 42 1462
85 131 -4381
128 82 -3510
86 81 -104
26 63 -198
96 46 -5354
61 53 -351
41 49 -4516
13 35 -6075
9 19 -3
122 23 617
63 102 2510
120 1 2624
27 84 -4990
79 136 2803
55 84 -961
15 106 -1400
122 128 -140
52 138 -756
6 127 -212
117 147 6748
82 71 2201
120 26 -1324
13 46 -5624
107 95 5554
102 5 -1088
139 120 1534
66 41 -1181
38 1 947
30 132 -4637
31 143 5158
63 112 6358
105 34 -1303
32 138 -4407
22 18 5433
16 66 8135
99 51 1456
49 47 2124
126 123 6579
26 121 -2168
108 131 -2165
41 59 -4912
106 6 -224
31 2 6630
38 143 1750
21 8 409
38 56 -2191
45 79 793
23 43 -3710
71 148 725
122 120 -628
122 91 2346
104 99 66
68 130 5980
126 125 9427
34 128 3666
100 78 1999
115 124 8779
79 34 -2939
32 131 -6307
122 50 -3470
125 148 -6173
26 147 7621
6 16 86
47 36 2309
54 88 -3330
53 45 -3891
89 88 -3547
22 137 1257
55 85 1546
78 113 -2010
110 138 616
114 38 -373
117 70 5177
73 134 -3251
128 101 714
38 118 -5176
117 130 3572
101 15 -1546
14 87 5641
10 9 2662
58 49 -5348
95 35 -8100
54 103 5538
122 52 922
38 12 -2
148 139 -1363
25 129 -581
11 62 7619
125 22 -5947
149 126 -8681
66 21 -2761
65 126 -5956
141 104 7282
127 122 2984
67 23 -3130
15 2 5263
136 94 2056
14 100 4605
21 133 657
22 0 2028
16 92 4228
39 147 7648
80 50 -1990
1 48 -3145
57 21 5387
128 50 -3275
86 127 -1761
31 137 3123
66 56 -6571
64 91 2361
53 77 -3428
41 87 -2393
105 138 2627
124 81 -6297
37 69 -3503
24 129 7363
61 108 -2324
17 67 2145
113 148 -1560
32 117 -5671
74 16 1534
10 1 1210
48 87 3063
9 73 -4321
111 76 4541
83 41 -199
118 52 5098
75 71 -1041
0 123 1168
11 44 -401
62 68 -8392
48 16 -1442
34 105 1380
142 72 2962
139 21 4871
41 121 -8420
132 34 -1014
25 47 -2754
108 99 3263
45 15 561
66 95 204
85 85 6
127 69 5047
2 60 -3033
82 72 5771
80 49 1202
109 111 1281
66 56 -6607
5 90 4798
109 144 3569
40 106 757
83 118 -8626
10 138 -587
146 120 -5657
108 92 1199
4 87 -1049
108 15 -1419
100 142 -1691
34 102 4035
101 112 3620
14 69 5814
93 109 1950
92 11 -4233
21 108 -2237
18 138 -4691
44 34 -627
147 125 -219
45 64 1552
35 106 57
14 61 6486
121 46 2205
149 112 -536
122 63 -2187
137 145 2010
146 6 -7781
10 122 -730
141 40 522
24 39 1398
115 119 6948
48 0 2640
41 133 -908
55 26 -3059
67 3 -24
74 4 7106
53 82 -6022
30 24 -5233
50 120 2850
30 148 -2686
51 149 -409
122 137 727
3 84 -3548
132 44 -384
61 20 -4612
2 17 -2518
37 55 -4416
35 27 7686
35 106 36
47 133 1549
102 9 3186
83 93 -6547
3 88 -7028
44 114 4547
129 88 -7318
27 123 -2602
51 28 -1826
104 50 -7027
97 87 820
122 55 1130
77 32 5691
109 51 5316
59 28 3927
76 39 -7527
89 141 -3848
133 25 1283
4 136 -876
92 89 -1296
3 36 380
75 100 1328
116 73 -2602
114 112 2687
84 86 -1284
149 39 -6610
42 98 4277
64 68 -3450
66 13 -1834
138 47 1700
67 22 -4324
13 7 -1853
75 129 4498
4 121 -7035
31 53 4785
76 6 -8291
119 12 -2186
31 55 3516
12 146 4053
34 59 3132
113 50 -4243
80 27 6662
75 64 472
136 81 -3261
105 69 4513
31 50 -1035
122 4 2922
148 140 1953
121 92 5736
3 16 -6322
117 114 2555
85 67 1180
74 98 8394
1 125 3474
67 95 1902
52 74 -5062
54 3 3726
126 11 1313
100 29 -3886
12 30 945
116 34 -5437
127 131 1224
69 16 -4674
18 149 -139
40 98 7368
39 74 -2194
62 51 216
101 19 2886
137 43 -3787
0 0 22
105 111 3494
23 9 2839
19 130 -940
55 69 923
38 132 -3746
92 16 -4198
8 149 1646
119 116 -1488
110 142 -347
45 3 5303
139 20 272
109 106 -2248
72 4 834
130 72 -330
15 140 2203
100 7 881
133 96 68
35 59 1835
57 126 -1252
140 22 -1710
139 36 6272
23 45 -2131
46 148 1273
98 66 1283
38 74 -5196
23 146 4463
73 130 3407
95 94 -1631
75 125 5881
122 31 -2371
23 43 -3741
80 38 2546
143 145 -99
83 112 -347
9 112 739
92 58 3566
77 116 2815
148 67 4618
68 71 2021
104 117 -4684
56 147 6808
99 31 -6030
56 70 5189
67 136 -1761
47 130 675
7 78 1151
51 120 -5708
46 58 7123
13 148 -4367
118 109 3982
143 126 -6717
57 55 3838
140 56 -2254
146 103 507
91 14 -6062
48 82 -2449
105 130 4930
71 137 2229
133 51 1778
96 142 -4241
18 76 736
147 128 -5728
133 5 -4186
19 88 -6706
93 114 3555
115 3 7414
146 101 -4522
122 89 225
66 145 -2764
43 97 4195
33 35 -4790
136 37 3637
9 97 -2364
112 62 833
78 77 -3909
104 25 1022
37 6 -8275
62 72 -2788
99 63 -5841
49 86 -862
26 60 3168
41 7 -2510
110 119 3720
46 43 -1080
31 91 4719
144 50 -6776
62 59 -5568
50 108 3885
145 103 2902
84 123 2431
78 71 -4334
59 39 -1264
120 47 2459
146 83 -560
110 60 1671
99 124 1465
12 132 -3742
1 12 -935
103 49 -5778
35 123 5046
32 64 -4540
123 51 2569
84 114 1301
105 83 6944
3 93 -5799
138 39 -2088
118 132 1427
95 103 -128
39 3 5720
69 136 -41
19 94 647
16 110 2200
57 68 -750
133 125 2108
144 135 993
97 85 1634
119 38 -2149
122 20 -1862
129 111 -2899
53 86 -3494
140 78 1722
135 134 -8498
41 55 -3133
12 18 3843
136 112 2148
115 95 9367
126 65 5970
49 147 5930
48 1 3226
77 104 4718
126 38 5065
59 129 4666
51 7 -3340
94 52 -3082
67 127 -6723
52 9 2528
133 46 -5316
46 1 4006
43 51 8253
11 53 5077
4 102 -2608
135 94 -218
74 37 9770
7 107 -1541
80 122 1498
45 102 1848
85 149 2067
146 13 -1432
24 120 2697
5 130 3347
53 73 -3264
137 88 -3987
42 78 2899
14 34 6
74 101 4724
77 144 4473
130 43 -5543
22 134 -3652
36 12 -3043
145 15 -3652
74 114 5657
92 138 -1396
1 137 -1266
32 68 -8013
50 22 2954
83 42 -4509
86 61 3899
8 30 -1103
61 76 2883
133 29 -6402
76 116 -3838
33 34 -6093
3 12 -2654
29 111 4153
11 114 4187
7 29 -4754
52 144 2436
24 59 2666
97 104 2617
70 81 -5298
64 67 3805
122 19 3420
51 140 -3945
55 43 -4231
46 107 2197
28 62 1713
102 110 -685
48 29 -1866
49 14 -3479
142 51 6012
89 102 47
97 113 -224
50 91 5790
119 45 -4778
114 50 -4876
53 131 -4125
15 66 6502
81 114 2728
4 14 -6656
16 114 4090
108 81 -1672
23 133 2732
75 52 1379
132 123 5281
104 93 -5694
47 56 -2931
58 109 -5281
27 37 417
149 96 -1288
42 142 -810
1 104 1641
13 20 -5506
59 112 4833
34 80 2350
34 8 6864
79 100 1634
26 18 6865
147 55 -4469
146 93 -7143
44 133 6455
87 112 2290
133 13 340
138 103 5388
53 1 -364
74 60 5381
80 5 621
122 90 3909
82 38 4731
63 39 271
148 70 4872
149 5 -5517
120 148 -97
66 44 -8567
89 7 1530
43 72 5255
135 40 -7442
144 130 -872
98 64 -4153
123 39 -4492
87 92 -254
19 15 -4394
3 92 -2122
18 87 -3021
110 42 435
149 68 -8137
139 25 6758
102 148 -999
23 71 -2111
90 71 -5385
5 14 -2853
119 56 -4353
13 120 -4226
92 22 -2097
25 89 -4359
104 67 225
133 23 -2703
133 101 -2773
142 66 6374
19 26 -5347
87 107 -1691
117 125 6523
110 121 -3692
17 121 -5837
27 56 -6314
11 24 -598
98 116 -2444
14 2 8012
39 133 5344
64 134 -4193
96 34 -7150
106 133 5812
24 145 6029
53 140 -1182
107 149 4564
134 135 8533
107 44 -3208
109 43 -2890
103 103 27
31 112 6552
47 76 3789
80 118 -2665
95 148 -6401
62 48 -6072
75 73 -449
127 48 1809
10 36 3332
127 10 3755
79 91 3111
72 86 -3229
17 93 -3772
105 39 506
119 92 -1663
45 8 4675
121 141 521
54 91 2279
12 141 -4677
38 36 3035
118 20 2260
7 138 -1534
84 107 11
124 8 -1940
77 36 5215
106 66 7964
104 65 -1621
28 69 -1181
105 47 4284
82 68 215
80 95 7159
11 111 3786
64 87 1870
112 92 -2538
19 85 -722
124 18 -186
58 48 -6263
19 102 -3121
55 46 -3085
11 88 -585
49 71 -1205
99 25 968
66 38 -4413
3 124 1368
87 12 -781
98 26 -6158
103 44 -8598
88 2 7569
51 135 -781
143 42 -2766
45 91 3882
76 91 -3236
123 84 -2369
113 145 1906
147 68 -9094
22 120 -51
33 146 2752
17 117 -2776
143 62 2166
64 147 5657
124 145 -2364
93 77 1023
127 9 6390
45 140 2736
119 17 -1531
93 18 6982
44 4 6051
122 114 1477
122 143 2782
132 43 -385
61 76 2898
106 121 -1696
76 4 -2637
136 47 -141
65 71 -3407
90 144 -560
109 147 5846
49 47 2092
60 111 -74
134 41 8525
88 116 5053
73 111 2025
45 140 2730
112 39 -6053
87 146 3256
36 97 -3045
5 80 -571
22 10 1342
133 32 1275
146 72 -2915
49 35 -2163
120 28 3900
138 5 -978
83 12 -3442
113 110 -1243
139 60 3346
63 35 -255
128 148 -616
83 116 -2765
130 77 -3519
31 44 -694
149 107 -4551
23 62 4339
80 131 -284
42 1 2049
133 133 20
39 131 203
6 114 4213
32 4 -1637
41 60 -3060
98 97 -3150
89 62 4711
33 109 -2528
113 116 962
59 30 2648
69 71 -3527
132 142 1871
12 12 44
8 73 -4003
124 80 -6520
101 56 -1621
1 2 2260
100 34 -4607
97 41 3299
93 36 6216
28 137 -2496
35 51 7618
56 87 2983
35 92 4063
139 147 7814
85 51 2467
149 142 -5545
79 117 -301
92 62 3401
72 140 -923
88 24 59
121 38 5269
122 111 1063
89 95 5455
9 70 659
27 118 -9328
40 142 2338
100 131 -2609
147 23 -5010
74 135 8481
29 127 151
132 122 2762
106 6 -221
59 3 4404
127 57 300
86 114 2621
97 14 -4737
107 55 993
121 5 3348
91 9 1140
88 8 6457
122 21 2667
16 43 -475
127 40 -201
70 75 -4476
100 33 1516
65 146 3122
91 51 2801
82 71 2206
93 138 2293
25 8 -1460
124 88 -8369
70 131 -5773
121 125 9613
7 59 -2384
104 91 -1249
70 79 -4805
148 115 -2875
6 3 6479
75 7 2211
46 108 2436
119 69 -1199
46 25 6640
34 115 110
135 123 -1724
46 45 479
105 50 -988
43 91 5473
28 82 -6853
27 59 -5830
35 94 6548
30 15 -2937
114 5 -2277
97 17 704
63 75 1781
149 70 -600
13 92 -2064
147 36 -1538
57 16 99
84 135 4139
131 64 1789
105 110 1998
106 20 584
62 32 -323
34 67 7598
109 102 459
123 50 -6012
120 62 5557
42 55 1203
18 110 -5321
80 44 -1603
124 63 -7231
62 75 -5325
19 7 -1634
51 44 -8167
8 44 -6183
44 126 -857
13 11 -6308
95 128 -5802
30 2 2326
38 96 2349
109 22 -325
103 42 -5557
2 53 -1817
4 46 -4878
120 13 4304
71 77 449
33 97 -1300
69 148 -2776
2 69 -2177
85 136 -615
100 13 2801
32 7 -2817
109 47 2020
97 71 -2470
48 11 -1506
62 37 677
102 76 5327
138 84 24
5 48 -282
82 110 3205
75 25 5041
122 93 -2103
40 46 1175
20 21 4600
5 101 1437
75 107 605
52 95 4790
135 9 -855
96 115 -7045
62 131 -6638
56 99 4834
79 27 6021
41 108 -3872
35 32 7073
107 108 273
9 78 -546
149 113 -3855
73 135 5257
126 144 7332
118 141 506
98 35 -6654
100 127 -3786
78 91 -505
113 24 -4110
12 146 4082
109 29 -2854
149 101 -4120
140 93 -3233
81 16 -1328
147 10 -4834
116 69 343
66 133 -2134
104 84 -3401
6 1 4731
88 32 7917
119 50 -6672
32 117 -5667
133 28 -80
10 32 3827
98 80 -5599
22 96 3981
137 55 460
88 73 2419
126 146 9080
9 9 45
115 135 8000
86 115 -2471
111 109 -1201
98 136 -2202
140 145 1506
58 108 -4674
102 103 5303
81 64 1312
56 97 2209
102 149 4436
139 101 2695
75 30 2398
43 60 4329
3 51 1406
63 92 3772
19 53 -1028
56 135 5478
113 103 4762
79 109 600
16 61 5404
139 56 1068
3 99 -66
144 66 2185
13 43 -6744
8 25 1533
117 60 2306
34 32 8358
118 16 1527
140 87 697
74 108 4586
91 16 -4937
38 83 3436
7 87 119
145 82 -6296
19 134 -7579
70 137 -3323
62 45 -6413
110 119 3723
101 127 -3445
111 139 -3179
53 116 -637
33 1 -352
137 4 2235
31 8 5504
76 82 -9239
74 120 3579
114 87 436
59 90 4577
66 70 -1404
111 54 -979
49 118 -3864
132 88 -577
99 147 1996
121 114 5640
134 27 9424
51 78 -2221
51 121 -9243
57 128 2575
112 43 -7236
28 83 1286
110 91 2820
9 67 413
146 135 -744
33 9 1112
21 20 -4534
28 41 1091
90 115 -7575
73 62 5855
26 132 -738
58 24 -8376
47 59 -2445
36 117 -5191
118 63 1968
101 78 2358
56 27 6332
126 149 8684
130 68 -5930
116 81 -2959
2 125 1224
95 45 -7209
17 7 52
60 51 3940
16 88 -673
124 16 -7699
78 8 284
67 43 -6881
102 25 4334
20 80 462
111 21 1639
77 118 -3039
142 124 5976
141 145 6343
4 92 -1307
53 148 -3116
31 66 7904
147 28 -2397
95 75 -6115
56 84 1325
28 135 1106
124 13 -1426
60 135 3166
94 137 -3291
50 41 7759
81 62 6204
147 84 -5475
71 135 5831
52 124 4163
147 7 -3882
146 56 -6187
32 16 -7177
91 40 -5480
138 123 2445
112 111 -3062
48 95 6892
15 97 2051
59 84 857
35 142 1660
22 38 1656
145 53 -250
141 47 5477
149 67 -853
15 13 4693
64 128 -123
128 126 -3856
101 112 3590
80 126 -2520
83 100 -3637
35 102 2771
132 93 649
43 89 3395
49 84 431
37 117 -6646
26 33 4372
23 53 1751
110 10 1271
24 1 5322
34 131 2019
109 135 4537
118 72 6261
120 127 -2284
36 74 -8228
11 140 3903
22 70 4643
33 55 -1223
23 21 2073
23 47 1187
131 125 7199
116 25 2886
133 70 747
91 77 -3396
25 22 -5112
31 64 2391
52 1 1085
124 19 -1629
88 112 7478
142 85 3532
21 47 -861
114 32 3146
53 141 -6019
69 26 -3980
133 4 -411
38 108 -647
8 21 -389
3 35 -6178
39 92 3553
80 110 993
71 2 5769
144 47 -1497
45 131 -213
55 113 -311
28 102 -2927
126 69 6052
117 98 5337
11 1 4715
52 114 564
27 110 -5610
15 93 -1077
21 100 -1786
96 71 -4852
18 37 761
25 51 552
146 16 -7661
66 78 -2613
0 89 -1195
35 148 1721
96 2 850
47 37 3823
48 112 5333
124 92 -3460
76 103 -49
52 5 -1759
13 10 -2849
102 66 5220
76 22 -6137
85 77 -3734
119 69 -1186
14 103 9336
7 127 -4634
85 38 -1578
102 44 -3343
117 80 -343
105 64 2447
12 62 3916
116 19 1709
149 60 -3496
57 6 7
137 124 4419
65 113 -1133
10 94 3263
54 128 -141
26 26 12
123 130 -107
27 66 334
45 121 -2617
43 34 -609
57 42 2689
132 5 1863
50 80 2056
25 107 -4455
106 95 8168
29 125 8539
83 127 -7425
72 92 -498
132 80 1306
67 11 -6486
16 67 6452
2 121 -8394
55 124 3957
65 92 -359
52 137 -189
27 7 -3425
135 73 -5182
144 7 -1561
1 10 -1188
24 92 4927
98 41 127
127 67 6796
13 130 -1145
20 53 4261
141 91 6021
55 3 2637
113 121 -4938
41 0 -2814
140 44 -4217
98 26 -6120
123 74 -6711
8 76 2541
142 137 1551
58 62 -136
46 120 1391
134 42 4188
10 26 -2714
17 80 -3083
35 7 4218
31 39 437
27 110 -5635
36 47 -2251
27 43 -8304
99 72 -1554
97 135 3318
128 45 -1392
100 3 2920
19 7 -1636
106 78 5296
118 58 9277
25 62 357
27 124 -90
112 89 -3875
55 77 -2197
126 106 1554
28 8 -120
33 92 -791
140 9 2308
85 70 1449
45 50 -1918
58 121 -9243
108 109 -593
54 70 4058
114 7 300
37 77 -6645
83 27 710
147 45 -7179
41 129 -235
79 81 -486
140 119 2104
52 88 -4231
29 94 7135
102 18 4648
47 105 -4195
98 58 930
56 15 157
81 6 -1423
142 39 -1108
123 139 -4686
100 88 -4154
56 0 2609
19 138 -3254
139 9 5615
106 51 7579
130 2 1827
37 40 -8716
97 64 -1001
73 106 -1526
99 102 -3387
84 122 -113
88 33 5694
87 18 3038
29 89 3341
101 8 2561
113 93 -2852
91 53 85
138 133 3206
33 135 1951
79 22 269
40 75 2722
81 80 -154
11 73 1806
74 29 1110
49 27 5506
113 131 -2518
54 59 -668
56 82 -2498
143 70 1306
24 123 5928
51 55 -3990
65 73 -2847
19 0 -1969
106 86 1296
113 9 2677
68 31 1105
128 78 3009
6 116 4479
146 69 -3005
33 116 -628
72 102 -1801
108 101 147
126 107 4163
104 39 -5537
106 115 -1172
83 53 -2108
140 123 1418
46 112 6140
115 38 4753
53 132 -5069
104 87 -1719
83 109 -4668
59 139 -1443
32 134 -8754
61 81 -3985
92 114 -89
119 27 1992
118 3 7903
74 11 1497
117 122 1124
48 4 4130
93 48 914
111 12 2
21 21 42
0 54 -1347
103 94 -1451
123 24 -5846
143 105 -5166
113 48 -1981
30 53 454
121 141 522
102 124 4844
96 72 -1242
66 14 -9193
34 93 1675
145 106 -5110
125 74 -9542
128 90 4076
112 24 -7439
75 103 5996
5 127 -2054
74 127 1237
63 78 5090
37 78 -2703
117 80 -306
56 135 5433
90 37 1680
15 124 6101
19 143 -613
61 87 -882
32 80 -6017
50 34 -259
135 44 -7391
77 1 3078
84 11 -2835
39 63 -193
128 133 3504
145 141 -6287
107 121 -4293
13 119 -354
55 137 -395
44 144 6436
23 111 432
138 21 2562
22 57 -2141
146 132 -7761
4 79 -3681
49 52 1216
69 96 1352
76 94 -1529
11 74 -1437
82 142 2809
111 111 50
70 91 -1696
38 47 792
31 38 3466
102 21 2427
137 21 2015
100 141 -4484
13 110 -4077
117 67 4916
64 58 5135
120 58 5764
15 87 2899
40 102 3448
15 0 2480
4 50 -6368
79 110 324
96 78 -524
53 51 2782
122 73 -915
81 80 -150
109 118 -3913
147 123 -3032
42 60 1237
30 138 -1757
5 78 3741
10 127 -3686
52 28 2350
54 83 4473
62 41 -588
19 45 -4925
136 119 1299
42 34 -3696
27 45 -6684
20 68 -1566
84 26 -2086
96 82 -7028
27 72 -3086
104 29 -6656
55 17 590
30 101 -1361
34 37 9379
60 56 -2284
32 78 -1701
92 144 1773
10 23 -125
95 99 -1982
106 105 47
120 66 6129
1 28 1257
101 135 3780
141 126 -317
0 53 943
27 1 -3163
18 143 -2069
15 100 1896
45 111 2634
127 0 4404
97 37 4579
54 11 -2729
63 104 5827
47 126 -5769
109 124 5304
93 147 7761
135 67 -493
124 34 -8801
91 2 1926
41 16 -6911
83 98 -292
15 53 3397
23 81 -1892
1 25 2632
42 3 3768
108 87 1449
60 118 -5267
24 124 8398
119 96 167
87 3 1896
4 44 -6006
145 42 -2697
89 126 -4210
2 56 -5340
22 50 -2864
102 113 555
53 81 -3614
68 127 569
92 88 -4856
146 95 618
19 18 1505
60 99 2488
17 97 -608
66 24 -8795
70 53 -1661
36 56 -5214
79 11 -1891
36 10 -3305
3 78 -867
142 63 -1319
84 114 1315
20 63 -269
71 57 -1176
32 145 -1884
1 102 -1675
102 2 3998
121 49 3908
88 20 1468
111 79 -1815
83 93 -6563
17 118 -5808
68 140 4673
17 93 -3743
44 115 -558
27 48 -6336
142 137 1585
120 144 3967
47 118 -5909
83 93 -6577
71 84 1699
86 128 1066
5 146 5969
2 19 -814
1 58 3116
137 36 3416
148 70 4838
141 45 2143
72 112 2056
54 125 5415
69 49 -2284
41 80 -5706
114 24 -4761
127 81 1711
26 51 7102
100 70 3222
108 88 -3728
121 72 6303
23 121 -4791
31 51 7501
143 128 -2876
58 43 -8175
35 22 1914
145 90 1256
122 38 1049
44 33 5482
136 78 864
101 122 -506
131 0 3236
64 127 -2915
38 119 2189
65 22 -2481
74 128 4091
1 120 -2591
54 76 5567
41 44 -7365
107 43 -3258
67 47 -1953
14 23 4379
43 131 1366
30 61 801
48 103 6770
105 111 3496
56 132 -1570
44 33 5482
103 11 -8230
30 19 1505
108 10 390
16 21 5343
42 122 85
71 87 3374
89 68 -3666
145 100 -1809
64 148 -769
78 129 1163
69 92 -444
21 78 177
138 5 -994
66 124 -363
149 120 -5289
2 137 -3498
6 103 8273
104 107 -3430
65 32 2643
34 50 347
134 26 2289
91 50 -5738
87 82 -5496
40 112 7309
88 128 3214
75 107 601
51 34 -8832
15 79 263
51 94 -1050
26 139 -182
27 48 -6353
33 136 -355
30 90 1976
1 58 3137
83 128 -4584
77 2 5369
100 118 -4979
148 131 -961
54 87 1823
139 130 4649
105 123 5023
130 102 -2185
110 84 627
13 59 -4251
131 82 -1880
34 35 1347
33 24 -5644
130 87 -570
117 11 -1588
93 9 5540
48 117 118
129 137 -3256
50 139 1321
16 13 6297
57 129 6740
124 70 -983
95 130 -3205
43 41 7450
106 11 -227
87 21 867
33 108 -1933
77 86 -53
38 134 -5242
14 90 7707
50 70 7545
28 95 2464
97 29 -4068
103 82 -9155
112 1 -2114
81 91 3612
1 67 1816
46 93 -58
0 62 3507
148 86 -360
13 74 -7794
112 127 -7051
149 46 -6699
1 74 -6126
126 98 8214
19 15 -4395
141 120 3073
42 27 5267
31 22 1859
140 143 1647
120 1 2653
33 57 -5010
71 34 -2253
114 22 -1951
61 56 -3834
81 97 2308
125 75 -5824
130 111 -1382
106 31 77
109 15 -773
79 57 -1894
17 144 1685
126 61 6724
10 85 1896
70 60 -2876
89 105 -2645
46 65 4018
73 10 1701
20 33 4277
145 52 -1724
58 131 -6829
1 41 2345
58 138 -4949
99 147 2029
70 132 -6769
55 20 -2991
112 4 -1170
130 36 1659
41 63 -6445
19 132 -6079
41 37 1336
110 130 2938
141 119 6926
15 10 1811
140 138 -965
22 88 -2765
68 141 -154
31 146 7468
16 8 5769
139 127 -787
21 110 -3116
111 130 1402
143 79 -3527
117 145 3801
11 86 1574
3 108 -3297
67 62 1151
36 52 -3151
105 99 6087
138 22 -674
29 54 3141
70 110 -4484
37 12 -4538
18 89 -4645
18 127 -7811
8 72 -980
147 27 -434
76 25 -972
103 32 -956
17 24 -4955
48 91 3520
88 134 -839
65 35 -4429
128 7 1897
73 98 5124
13 24 -6909
126 0 5452
93 125 7533
35 58 7597
135 123 -1697
148 38 1856
28 102 -2967
12 117 -2101
16 25 7284
144 149 1390
27 103 345
61 56 -3856
57 105 278
94 20 -5871
137 110 -1152
78 82 -6493
32 74 -8718
125 94 -1370
113 49 -1030
40 11 468
49 51 5390
114 138 -1267
72 84 -1940
127 18 7847
44 15 2120
58 133 -1730
87 136 160
91 18 2570
44 116 4857
67 48 -4967
55 14 -4839
53 136 -346
36 90 -177
79 34 -2931
118 41 8450
72 49 -2327
60 105 -3564
147 79 -6393
113 34 -4531
5 19 4279
82 5 2818
62 101 -4376
56 128 1000
1 75 -2399
38 12 17
113 138 -621
64 72 2148
19 128 -3539
148 43 -2325
105 28 5675
143 148 -3523
40 3 6912
31 107 2562
86 18 6054
46 61 4763
17 135 2634
69 104 1602
116 76 3895
131 40 -1401
13 61 -893
89 127 -3149
25 72 -2455
82 110 3211
93 63 -69
6 92 4310
73 84 1083
24 116 5062
114 47 383
114 123 1142
144 3 428
7 36 2393
106 126 -1515
127 23 3624
26 69 4034
149 71 -6165
19 147 2238
85 72 -535
57 133 6077
29 141 -580
40 147 8844
105 67 6235
24 80 1887
26 45 467
61 117 -3802
34 136 5766
59 146 5737
63 96 5589
67 0 -2309
1 106 -4387
119 93 -5300
117 70 5181
15 107 1162
68 124 8598
57 34 -1063
107 31 -2496
138 143 2648
19 127 -6338
106 115 -1207
92 63 -3712
68 35 1044
138 37 5441
41 27 945
27 4 -2245
139 2 6403
31 89 2644
50 93 1394
36 91 -1720
27 145 -2521
28 109 -3392
102 88 -3566
42 20 -1804
69 102 -1777
139 78 5012
64 83 4517
28 102 -2934
147 51 -508
49 121 -3891
65 82 -5605
117 107 1267
94 135 309
18 115 -8530
149 41 -410
45 60 2723
139 103 7699
4 37 2685
127 30 4926
53 129 1667
31 88 -920
44 107 3248
138 19 3273
123 112 1587
1 54 -1890
31 12 3457
101 58 4604
32 23 -3913
137 118 -4805
89 108 201
57 104 6340
102 14 -3978
68 92 5062
46 48 853
94 25 570
18 61 -2098
18 90 -940
3 124 1387
91 49 -2557
101 137 171
60 26 -3095
146 61 -2312
49 115 -3365
59 29 -2377
17 111 -602
63 67 6007
58 88 -8377
43 61 5866
122 28 3248
114 54 -1398
137 114 784
81 120 682
16 134 -1530
5 66 6378
48 129 5229
61 122 -2714
92 99 2135
138 40 -3287
31 32 6966
131 113 2564
92 52 -592
96 60 -2193
124 8 -1952
91 119 936
3 14 -7456
17 33 701
59 11 -1992
116 129 2288
115 144 7043
35 18 7367
127 84 3145
17 126 -5631
50 46 1448
123 129 1468
64 27 5227
32 18 303
94 110 -4476
43 124 8231
84 122 -140
105 135 6757
104 121 -7750
23 93 -2706
89 81 -1495
8 73 -3997
30 58 3194
110 149 5182
62 50 -8373
70 68 -7529
14 107 3916
119 128 -3330
36 107 -3953
116 130 788
129 50 -7415
113 71 -2264
78 62 2077
52 54 -850
100 143 1955
56 148 396
44 14 -616
125 12 -4341
87 16 -4442
109 125 5619
33 48 -3535
126 29 925
120 97 1684
48 114 2645
78 95 2866
116 122 -1654
72 65 -84
2 4 -1317
148 36 4907
97 31 -3407
100 62 4085
96 79 -4170
149 135 -362
133 53 -940
27 103 346
107 88 -3454
39 26 21
23 5 -1486
65 115 -5624
51 124 -16
23 107 -466
124 85 -2375
77 88 -2212
88 79 2556
0 31 -3818
112 80 -5543
107 69 1914
105 34 -1300
69 5 -2877
9 116 -1691
46 25 6650
33 132 -5049
31 140 3567
8 132 -5789
23 97 413
108 5 -1231
58 148 -5862
91 102 -2011
111 137 -335
96 33 -1025
62 54 -4848
125 13 -1773
101 127 -3448
24 8 6413
125 3 -1676
142 105 -1531
145 16 -5260
103 7 -3764
140 11 -3836
96 125 2026
74 38 5276
55 5 -1950
139 43 -935
95 144 -2295
86 53 3553
49 21 2955
104 102 -3304
15 147 6679
141 83 8197
89 132 -2895
96 56 -4496
102 64 -254
29 48 1929
108 60 815
63 130 4676
99 101 -3099
44 59 2471
136 143 819
105 119 5709
11 90 6619
10 15 -1752
102 19 3152
92 121 -5693
36 30 -2148
88 111 4417
117 78 3990
135 110 -4737
21 40 -5845
100 145 1865
119 18 1668
87 57 -4503
74 93 2075
1 57 -4655
25 6 -7262
74 149 8910
42 17 1737
87 36 2295
42 113 870
116 131 -3471
83 126 -8458
115 72 5816
9 89 -3178
142 127 -2089
32 68 -8016
147 149 -938
17 94 2351
88 130 5814
74 84 4364
83 103 1073
123 47 -713
6 49 2468
9 8 -305
39 128 1839
147 123 -3062
18 0 -3425
73 61 3670
63 118 -1936
21 62 2245
145 41 1645
118 143 6953
5 89 1095
90 108 -3491
109 96 3586
66 108 -5045
102 2 3988
113 60 392
96 141 -7030
45 117 448
53 90 1586
114 146 3665
6 32 7329
121 47 6025
2 142 -5063
18 26 -6802
46 135 6356
86 13 4823
124 86 -6192
142 58 5969
142 6 -1836
52 136 1115
92 125 3871
68 124 8566
117 114 2596
131 86 621
140 0 281
87 101 -1298
59 81 -569
143 58 2376
45 11 -1118
27 93 -7284
29 111 4155
28 137 -2493
19 7 -1676
115 141 30
115 100 4541
48 7 2923
98 137 -3494
140 64 -1163
69 61 700
127 121 -1207
74 144 7532
12 61 1709
81 85 3964
130 129 1577
46 53 4395
26 121 -2197
81 114 2748
35 84 2646
0 145 1254
12 95 4676
41 19 -846
0 124 3666
21 91 -327
27 122 -5171
4 17 -1191
90 98 333
119 142 -4085
54 106 -2485
79 13 4438
43 57 465
56 34 -2621
114 122 -1429
97 85 1651
58 84 -4912
69 144 1302
12 61 1700
11 79 1957
24 100 4174
146 22 -5609
57 66 8193
113 82 -4430
38 128 -1187
98 149 501
131 124 6867
123 74 -6729
24 46 1332
70 34 -7811
36 9 -656
88 23 3998
15 87 2884
78 26 -4768
84 139 -2263
48 32 5790
22 25 5148
108 45 -1919
74 128 4054
134 94 8261
124 135 -769
56 113 1940
131 44 -1333
52 111 147
146 46 -7047
14 71 2312
30 53 486
66 109 -5650
106 146 7552
130 125 2974
133 107 -3192
138 105 -2570
37 45 -7108
94 0 -2574
86 84 1339
4 21 -204
30 104 1665
13 16 -6240
42 49 -188
31 124 7467
97 141 -4638
119 138 -3092
105 95 8112
31 116 4105
79 111 1882
121 146 9244
141 12 4719
43 97 4189
9 89 -3168
36 91 -1730
1 26 -3912
35 7 4237
146 113 -4261
55 138 -960
64 146 5085
45 117 439
104 98 645
80 89 1721
41 24 -7567
102 16 -2877
143 82 -6396
40 135 7512
119 75 -3652
72 95 3576
53 92 -799
88 49 3096
86 143 3960
44 78 5966
59 21 3388
25 143 -1823
121 121 10
95 32 -1095
1 93 -4078
11 32 7304
95 53 -3272
144 23 -2699
62 134 -9092
120 24 -2641
137 134 -4870
29 55 4231
134 86 3078
116 69 367
2 71 -5700
69 63 -4205
42 89 277
16 86 1507
61 50 -6180
38 49 -1325
33 89 -2104
114 6 -4132
19 45 -4933
8 126 -7058
51 26 -7056
34 145 6465
82 83 8189
82 66 9174
76 22 -6109
17 50 -5138
22 85 3251
149 116 -2939
109 135 4518
117 54 1179
32 111 -3474
3 113 -2923
123 140 -1374
114 16 -4068
64 12 1055
36 58 1018
26 51 7080
85 3 1119
18 51 267
34 110 3326
115 98 7890
0 126 -5427
37 80 -7029
137 136 1336
63 42 2184
78 85 -182
48 18 6114
75 9 3918
43 52 4068
112 104 -474
110 4 3400
32 80 -5989
95 135 -1325
13 9 -196
90 83 601
60 67 2639
88 127 408
140 60 35
59 39 -1259
70 18 854
120 38 1702
116 128 -1826
32 71 -6036
67 39 -5744
25 57 -7268
38 33 1311
94 120 -4659
59 54 728
126 142 3144
86 66 6659
37 132 -8289
147 77 -6680
25 18 302
40 11 508
143 11 -5459
23 133 2756
121 143 6986
110 104 4100
26 1 3950
116 138 -1526
13 57 -6280
4 128 -3000
143 26 -4713
64 2 4240
116 0 -275
64 18 4921
120 117 -470
6 21 5427
16 72 4769
77 149 5811
103 48 -6683
69 122 -2021
42 68 -3417
133 2 934
83 117 -5554
32 59 -5217
63 11 -475
46 146 7121
31 137 3084
49 135 4581
34 41 8059
17 110 -2107
44 76 8699
69 127 -4955
69 85 646
16 112 6814
126 145 6703
33 34 -6083
52 70 3136
27 113 -4370
74 120 3579
102 0 1200
123 5 -3389
119 90 716
53 67 1456
86 108 1583
80 59 786
78 35 -5269
100 47 971
102 83 4261
140 112 2982
34 98 7963
34 80 2338
30 78 915
47 10 -990
8 89 -2836
115 118 -440
50 104 7109
93 70 6164
99 0 -2173
130 99 1205
95 125 -213
45 100 2389
92 119 1697
95 107 -5512
40 36 7262
87 148 -2580
52 142 -1733
37 123 -3017
76 100 -4728
132 110 2265
47 37 3785
107 144 3224
127 82 -698
137 111 402
43 84 3296
40 8 6293
30 88 -5254
40 124 8251
145 64 -2636
10 44 -3867
93 74 -2052
10 2 3491
66 45 -6972
65 43 -5083
90 6 -6603
47 16 -4420
74 63 1989
65 78 899
105 36 6523
70 110 -4516
67 135 529
54 119 3248
18 10 -4080
44 35 648
80 49 1224
103 133 -2164
74 34 422
12 98 3201
111 55 96
15 143 3786
56 58 6261
50 125 8918
60 14 -4903
131 29 -1267
7 75 -2126
20 97 2931
53 105 -4777
47 72 306
131 80 351
34 122 3816
30 105 -4359
98 62 730
134 105 1783
53 74 -6528
17 83 2827
55 14 -4834
70 123 -1473
132 73 1804
11 53 5107
21 12 -1631
14 20 1878
53 95 3301
16 141 -990
7 136 281
137 99 3011
103 100 -4644
10 63 -2948
77 19 4544
47 135 2528
109 121 -3961
10 58 4323
117 57 -1559
87 47 -16
75 64 464
119 140 -2058
122 15 -1011
59 27 5884
60 11 -3831
138 84 19
106 149 7168
120 35 -1796
71 93 -574
37 119 -2336
126 46 2008
66 134 -9653
39 3 5722
132 87 4598
55 149 3586
78 0 -1401
7 15 -2720
125 118 -9531
32 94 -504
133 146 1741
25 139 -6722
134 126 240
60 117 -2273
66 83 -962
99 84 -3473
20 62 6833
49 140 1474
63 45 685
137 149 4028
114 57 -4101
106 34 -1283
86 37 6765
67 139 -5918
8 29 -6123
37 99 -1887
123 60 -1371
89 97 821
19 66 2116
97 108 -619
1 77 -3065
102 39 -2215
44 87 4948
2 19 -825
106 3 6222
125 19 -1990
18 6 -7579
128 26 -1816
96 52 -2446
73 93 -1140
105 118 -1681
144 26 -5296
46 29 -1020
16 65 4659
88 62 8285
77 100 1977
82 105 1226
30 40 -5080
3 111 -2648
99 98 590
64 74 -4171
116 13 1914
116 18 3169
136 101 -1423
134 3 7975
128 36 4228
47 114 -365
126 129 8014
58 41 -785
59 103 6216
136 114 -545
42 71 -1410
60 52 -210
132 144 6087
97 103 4549
19 120 -4021
148 7 2525
71 113 2293
148 144 4113
123 139 -4676
33 125 3088
7 131 -3487
10 65 1227
67 77 -4839
105 50 -1024
19 112 720
105 1 4458
19 25 1216
123 101 -2005
130 103 3113
108 74 -4545
108 24 -3686
65 33 424
76 101 -5043
84 142 -989
131 84 1931
83 18 417
93 84 2270
28 103 2340
63 141 -1430
12 133 2337
26 117 867
89 93 -2313
56 119 4405
96 55 -2229
8 46 -5049
2 7 -2489
127 28 6214
106 90 6409
54 108 396
34 16 1124
92 46 -3529
13 41 667
61 135 1610
75 34 -3312
68 17 5176
55 145 1558
22 40 -2584
140 55 -14
74 39 2260
3 33 -1336
92 23 -921
3 3 22
15 129 5034
41 26 -6203
133 62 1585
39 36 6057
85 101 -2108
50 66 8966
80 139 -670
107 124 4967
65 145 743
104 9 -137
37 56 -6691
41 55 -3135
3 36 389
99 123 -1044
86 3 4942
63 9 5652
35 81 1199
92 104 2083
37 89 -5356
126 35 1565
95 32 -1051
64 124 5103
64 109 -177
42 70 4129
94 95 1672
146 69 -3004
63 4 5155
18 83 -363
76 7 -3850
11 145 5382
43 10 3933
74 86 3021
95 39 -7638
35 133 5830
124 36 -977
140 135 3182
29 38 4185
116 10 -895
130 126 -6424
116 147 3960
142 139 -1247
110 58 5586
15 31 -1339
142 138 1008
94 48 -5190
135 107 -4135
91 40 -5461
95 23 -5037
138 64 -105
66 8 -2350
61 80 -4167
29 104 6726
95 111 -4572
118 116 5902
18 67 -1066
51 88 -8397
72 95 3593
119 110 -3691
53 3 1400
127 63 792
66 65 -3501
132 9 6174
27 126 -9159
105 127 -492
92 132 -4258
146 132 -7741
62 121 -9054
66 81 -6726
21 122 -2625
135 38 -3222
44 70 7162
88 75 2894
121 98 8394
8 85 -393
102 73 -1179
113 21 1899
23 126 -4612
132 122 2766
148 107 920
103 108 -5109
80 51 6572
35 110 2032
89 75 -646
123 110 -3004
134 117 3123
15 64 1027
11 136 4719
102 26 -2207
29 26 1123
68 38 4578
76 127 -8504
38 44 -4163
46 144 5394
65 133 1421
139 95 7843
114 75 -1880
52 12 124
0 7 305
88 125 8740
73 55 2069
10 120 -1381
124 47 -3236
17 77 -2744
75 19 3868
0 105 -3818
88 25 7946
127 45 1461
62 98 -715
82 102 3925
129 69 -1935
8 128 -3206
58 41 -787
137 114 776
132 58 7811
41 70 -204
144 72 -1236
139 71 684
5 11 -1827
5 5 22
145 101 -2126
60 24 -4481
11 22 2190
73 27 6150
33 76 3260
40 51 8303
51 135 -774
18 23 -4200
44 128 2984
48 88 -2113
18 53 -2453
26 77 903
11 74 -1468
117 130 3599
82 29 598
60 65 799
120 33 2999
43 28 6376
116 91 653
121 35 1749
3 111 -2637
19 8 -268
114 98 2793
85 124 2454
87 66 3647
87 0 -380
45 51 6686
6 66 8220
20 17 3607
145 54 -2570
39 107 2114
7 121 -5862
80 68 -1984
20 84 2065
54 67 3767
107 144 3221
90 96 -522
26 62 6911
82 57 983
134 131 2450
148 106 -1657
4 125 2516
129 27 1228
113 26 -2740
105 52 3360
142 6 -1830
111 80 -2496
126 40 843
116 49 -1972
49 107 437
22 46 -1428
86 124 6267
106 121 -1682
149 68 -8173
57 51 7859
24 18 8238
17 95 3998
38 88 -4373
37 84 -5389
95 0 -4225
83 98 -278
37 142 -6394
134 114 5693
81 123 3875
85 67 1153
31 128 2272
78 143 -55
99 18 1238
54 66 5447
76 10 -4771
52 52 5
75 87 2326
13 136 -1594
111 127 -3962
98 108 -3772
100 37 4741
57 70 6776
106 81 1186
106 13 6088
11 107 2862
131 60 2960
7 12 -691
22 96 3973
26 47 3817
97 104 2585
57 43 -401
132 98 6957
76 77 -6650
64 138 155
107 113 666
1 69 88
49 131 -1475
144 16 -5935
1 61 762
5 108 1299
101 34 -4262
142 68 -2600
40 33 5548
108 148 -1176
96 121 -7521
4 147 2743
140 33 1217
57 71 1225
91 121 -6482
126 17 5693
110 133 3816
131 75 1336
100 140 347
39 143 4761
59 24 -2610
20 10 2666
9 32 1155
13 77 -4718
70 145 -1360
6 29 -336
50 86 2306
54 87 1841
74 71 2706
36 3 -358
94 21 -1351
142 117 -217
94 41 284
141 20 1794
77 49 849
74 66 9699
82 126 -307
58 61 -2321
146 123 -2479
90 41 413
120 145 3326
120 133 4013
8 124 2033
107 43 -3227
95 60 -4491
53 110 -2803
86 133 4540
63 46 189
39 37 7580
141 149 8362
83 2 -239
112 138 -3969
9 84 -3226
36 101 -3518
149 63 -6840
76 26 -7503
147 95 47
57 11 11
86 146 6278
30 33 454
56 19 4556
29 100 3966
23 116 1104
57 6 2
136 33 401
83 30 -2521
86 113 1982
16 10 3461
56 138 1291
48 38 2286
61 108 -2317
129 12 -2935
52 115 -4567
94 37 1583
124 14 -8780
46 101 2575
88 114 4802
67 20 -5648
70 15 -5057
37 66 -77
140 14 -4897
112 92 -2513
124 90 -1116
59 119 3930
114 67 2371
4 83 1581
61 43 -5844
15 31 -1329
29 136 5111
31 140 3574
5 38 1971
81 91 3601
121 133 7543
54 4 2900
100 8 2274
123 0 -1111
143 131 -4507
111 5 -1906
124 129 -1049
25 107 -4416
59 22 132
91 53 92
96 143 -584
77 132 -1618
101 2 3703
24 41 7641
37 53 -3176
57 59 2051
107 71 -1591
86 37 6800
96 60 -2188
84 15 -1138
14 93 1675
59 71 -802
49 11 -2404
87 124 3229
109 119 3474
17 23 -1058
44 67 6916
103 39 -7488
69 57 -4700
25 35 -7044
111 140 130
74 118 64
136 43 -5092
54 41 4238
21 64 -2661
9 43 -6533
91 126 -6297
45 110 1085
110 83 4974
43 12 4159
133 106 -5773
62 34 -8661
3 43 -6842
80 62 6405
92 26 -3506
143 43 -5851
43 50 -282
87 82 -5495
3 72 -1594
43 97 4200
119 85 -540
61 126 -6701
145 39 -4615
0 56 -2549
15 6 -1696
61 1 -701
57 73 1822
69 14 -5792
128 37 5764
60 28 2081
144 117 -4422
7 40 -4844
32 60 -3375
83 127 -7431
62 44 -7995
138 27 5060
76 38 -4491
47 139 -3913
48 107 1338
136 10 -1214
148 116 2526
45 94 5577
138 44 -3246
70 68 -7523
80 129 5448
45 42 1523
67 97 -2722
90 72 -1792
18 101 -4292
16 84 2830
42 41 4347
4 70 1163
3 29 -6804
36 67 -263
69 91 295
27 28 -1906
149 63 -6849
120 68 -2851
108 129 3602
23 42 -614
60 57 -3820
119 67 568
56 33 3510
141 21 6377
78 56 -3964
60 88 -4497
2 64 -4192
119 4 -323
16 81 1392
127 79 2171
2 119 -963
138 110 -578
129 7 -2252
44 123 5680
97 82 -4660
22 41 4848
121 115 531
60 85 1508
49 127 -2658
83 5 -5328
149 34 -8430
84 107 1
48 69 3248
131 97 2841
19 109 -3576
136 55 -866
16 85 5304
108 46 -2384
98 14 -7931
18 124 216
13 120 -4244
148 116 2506
138 41 4163
64 142 -821
89 110 -646
29 1 5109
124 57 -7745
29 10 3871
101 23 122
109 146 5266
42 59 -630
36 137 -3392
86 139 -947
100 77 -1902
64 68 -3454
49 103 5833
95 39 -7612
113 8 2312
59 21 3360
54 24 -3350
0 28 1817
79 110 342
132 97 3763
108 21 2289
99 23 -3008
1 81 -3230
121 19 7593
135 26 -6260
117 10 1881
116 67 2085
22 54 630
145 0 -1205
120 27 5865
65 37 3659
140 55 -39
118 94 8174
138 107 -10
30 57 -4613
6 132 40
143 140 -1604
123 121 -6693
34 23 4432
93 15 1108
114 95 4235
98 91 -1853
130 16 -5055
132 1 4712
7 116 1
143 68 -6224
105 61 5171
22 134 -3625
78 122 -2792
41 24 -7558
13 145 -964
104 72 -1465
37 30 -3606
55 90 2803
42 75 -388
103 105 -7951
125 113 -4597
33 102 -2089
139 38 3251
20 105 -517
2 108 -3801
138 107 10
63 149 6902
134 126 254
55 70 2985
3 34 -7446
82 98 7863
91 133 1058
103 80 -6950
120 106 -1816
58 68 -8575
12 64 -1006
146 117 -6124
37 70 -1520
46 142 1188
24 1 5347
85 41 1647
101 66 4975
53 44 -5458
122 146 5073
29 53 5475
45 113 2356
32 56 -5658
145 122 -2603
108 109 -578
73 130 3420
87 91 487
37 42 -5590
90 64 -3874
134 38 5283
36 46 -6076
67 111 -2702
32 109 -4735
102 81 -1514
70 30 -2098
131 47 3584
54 54 32
144 43 -6448
107 91 2233
107 114 1341
36 61 -1330
65 125 3460
140 110 -1594
146 117 -6149
112 149 621
87 139 -3978
49 134 -3916
65 14 -5707
22 63 -1600
46 113 2858
126 16 1369
35 130 4962
24 139 1190
58 75 -5532
146 101 -4495
101 118 -4623
96 62 1558
84 90 3758
112 42 -4133
76 89 -5352
47 24 -5110
68 104 7105
118 137 4853
89 22 -770
29 146 8153
105 8 5567
103 89 -5284
54 27 5174
118 103 9709
92 100 -707
106 146 7562
14 30 5691
88 119 6618
78 76 2766
149 116 -2975
25 34 -8342
38 53 1346
17 89 -1420
65 142 -2775
127 117 1865
77 17 2781
71 29 -1573
43 12 4189
124 17 -3369
49 5 -564
95 135 -1341
1 60 -773
57 38 3797
4 111 -1839
8 37 2506
19 127 -6338
12 75 -1476
106 69 4527
13 57 -6309
52 106 -3344
47 18 3081
64 55 1140
1 5 -2830
84 36 3952
59 55 1823
104 101 -3064
37 8 -2476
58 109 -5268
8 28 169
40 31 832
101 8 2580
1 90 1965
134 103 9757
22 85 3209
92 25 3064
31 70 6441
86 149 5879
47 59 -2444
50 106 1016
7 85 969
26 62 6915
107 42 -124
39 35 -459
135 73 -5205
63 6 -513
87 70 2250
29 127 175
2 13 -606
19 12 -2360
143 53 -351
97 125 4414
73 21 3628
25 121 -8740
123 138 -2367
144 89 -3091
133 60 -2128
7 48 -2877
45 19 4952
120 2 4867
29 9 6550
135 93 -6358
114 128 -1556
127 124 8074
136 27 3222
145 18 2219
11 72 4816
144 127 -6264
11 75 2291
102 55 863
107 102 152
42 136 2037
126 16 1367
54 141 -3705
85 144 723
65 20 -3809
0 0 46
70 0 -2572
20 126 -2087
59 56 -439
46 146 7076
97 126 -4996
31 28 5640
90 110 -4373
64 148 -747
0 26 -3371
120 41 4935
103 135 -1194
3 136 -1726
37 19 -2146
44 76 8712
82 131 1937
113 0 645
95 19 -2220
8 140 -1924
51 113 -4307
117 145 3791
100 134 -5022
139 6 -550
51 95 606
54 52 922
11 66 8224
108 20 -2257
86 137 1867
15 73 130
126 102 4273
18 84 -4669
92 34 -5293
122 78 2841
68 53 5894
133 49 -3608
134 63 2023
79 72 2899
25 140 -3401
81 65 3279
79 85 3441
115 124 8747
128 51 5287
133 74 -7483
24 101 3866
137 72 1430
83 100 -3641
125 132 -8098
92 68 -5021
23 109 -789
149 124 395
15 100 1898
109 23 841
122 125 5398
121 30 6112
54 143 2768
112 37 1481
68 48 2300
61 32 1842
14 84 3941
66 1 -3460
0 26 -3391
79 19 4214
77 55 2261
122 50 -3459
124 108 -4637
10 46 -2745
78 21 -156
131 13 5403
110 102 748
111 94 3018
78 121 -6987
94 7 -2272
69 100 -1173
125 46 -7404
49 128 182
139 90 6079
111 85 1602
113 32 3786
120 22 126
138 79 -923
95 18 -785
98 85 -1499
61 86 -3858
149 132 -7371
7 34 -5439
134 47 6024
50 71 1988
56 86 -9
14 11 1092
80 92 3035
64 107 175
46 98 6218
56 5 304
86 20 -712
73 111 1997
3 94 355
35 103 8028
125 45 -6906
9 82 -7047
67 100 -2899
61 76 2899
139 57 -519
132 146 7820
60 102 -897
35 36 6600
134 64 4222
85 45 -4149
78 74 -7001
2 18 666
48 2 5454
27 83 -685
146 19 -1650
18 86 -5992
73 148 164
83 131 -6254
55 96 2269
43 22 2578
146 62 -107
81 45 -216
59 41 4962
21 27 2557
42 29 -3019
92 96 1828
131 78 4658
66 80 -6917
34 55 4919
135 125 1134
137 65 1284
131 50 -1693
132 1 4719
82 48 2473
16 95 8342
134 60 5382
84 0 1304
120 95 6349
42 80 -1372
129 41 304
15 95 6698
74 49 3947
102 111 795
142 119 4136
21 31 -5062
29 80 1656
82 68 191
78 111 -1741
145 107 -2503
88 40 185
54 82 -3682
25 83 -55
97 26 -2947
36 99 -407
116 145 970
149 68 -8138
26 48 792
113 40 -3924
19 144 -39
40 87 5024
98 8 -1062
149 131 -6442
35 148 1739
65 143 839
68 62 8410
4 10 -2133
78 125 2592
145 36 1429
39 138 2155
90 117 -5008
134 20 2378
134 52 5146
28 61 -474
134 55 5358
87 66 3657
32 55 -3443
139 56 1055
144 49 -3560
44 145 5766
138 71 -1633
118 136 6175
69 129 1998
135 49 -4548
93 42 2105
59 113 1494
8 44 -6167
87 103 3701
11 139 567
134 99 7906
74 91 6534
91 32 2260
31 7 4137
62 49 -5142
5 116 2604
4 54 -2861
145 94 1402
83 83 16
146 31 -7420
77 12 2131
119 49 -3510
148 144 4134
126 110 3558
32 136 -2575
31 124 7478
121 118 49
48 109 1046
17 2 2594
107 133 3232
38 69 985
23 59 -1290
60 44 -4265
105 113 3232
69 32 2574
127 19 6376
66 41 -1158
52 40 -4084
83 106 -6895
136 10 -1186
147 100 -4757
143 119 499
92 129 2450
138 137 586
1 133 1387
147 98 -1418
21 103 2858
73 84 1094
52 123 1676
63 61 4965
24 149 8020
30 90 2014
137 103 4872
47 53 566
41 127 -7221
103 36 -1417
5 38 1942
31 52 3351
17 83 2813
139 38 3228
127 89 3191
83 66 1020
64 81 -1268
50 55 4603
107 60 1040
147 123 -3076
81 50 -2169
40 66 8650
47 124 3291
104 124 1519
138 15 -1160
50 132 790
21 125 2771
130 92 -852
29 118 -1037
75 97 1475
141 81 2408
118 31 1779
63 113 3014
142 118 -3257
131 32 6374
80 72 3579
12 56 -2131
7 114 -241
102 147 5423
122 105 -2408
13 71 -5107
15 95 6731
23 48 -1781
10 126 -4748
83 26 -6406
71 94 5552
20 102 2170
50 141 -191
70 71 -5533
114 46 -3406
45 140 2721
128 139 -1999
75 33 2837
16 118 -1464
93 97 3131
72 26 -4025
65 66 3519
75 81 -808
127 13 6613
0 106 -3861
108 99 3292
130 28 826
47 137 -1069
36 22 -4636
26 126 -2007
12 71 -2495
89 75 -626
41 114 -2796
24 61 6070
118 107 4283
132 145 5406
2 120 -4839
112 141 -7784
106 77 1392
11 68 -771
132 125 8151
32 147 1069
67 106 -6232
134 32 8793
126 69 6059
27 98 -977
11 66 8176
69 33 319
38 97 -19
97 122 -985
106 99 6113
109 143 2980
20 55 3035
94 126 -7976
121 119 7462
22 3 4332
13 109 -3786
6 74 -1457
62 113 -4070
115 92 5258
23 32 3993
35 137 3198
48 127 -1755
17 141 -5315
101 118 -4622
103 87 -3665
42 143 2853
51 37 495
72 18 2816
116 31 -4060
12 97 26
124 49 -5311
45 145 4226
27 1 -3190
10 52 196
73 3 4692
26 142 1120
78 108 -2398
94 102 -3726
67 13 -138
115 40 518
22 32 5157
101 33 1836
34 43 654
52 119 2365
81 68 -2160
56 130 3601
12 92 574
29 19 6516
18 33 -2481
32 112 -448
27 119 -1931
33 78 493
90 20 -5766
84 42 -144
139 19 5565
64 43 -3099
114 143 1340
69 143 732
138 39 -2084
30 24 -5235
6 114 4210
3 83 783
94 141 -7681
68 94 7533
126 122 4045
32 106 -6981
42 86 -1084
57 47 4521
16 133 6030
122 99 3685
27 99 -1507
86 47 3016
116 127 -4661
20 106 -556
126 9 7456
148 142 -77
36 79 -4842
11 121 -1439
78 70 1235
147 9 -2173
134 80 2802
142 69 2906
116 111 -621
74 137 4892
65 122 -1930
139 145 4817
21 47 -836
142 90 4805
41 104 -668
127 43 -151
93 140 3291
22 65 2526
141 69 5716
50 35 1008
83 3 -759
82 39 1708
29 104 6715
35 105 78
81 81 20
35 36 6596
63 113 3009
132 137 3446
112 44 -7192
27 22 -5704
97 119 2247
3 12 -2649
41 118 -8385
117 94 5183
44 66 8578
31 75 1980
72 53 296
68 31 1141
144 95 2384
50 28 6722
105 121 -1708
55 134 -5307
20 118 -2213
46 2 6277
34 120 3177
97 17 698
79 128 656
137 124 4404
139 6 -543
4 94 1136
120 31 -1718
94 92 -2436
85 62 2263
21 72 -538
132 133 6053
73 130 3408
101 4 2408
36 120 -4708
79 50 -2656
70 70 34
120 99 4302
58 87 -3204
34 17 5490
9 28 -157
29 82 -530
15 126 -2930
131 25 6391
127 143 5721
12 24 -4316
111 6 -3730
102 132 -2967
24 95 9017
21 4 232
14 51 8884
9 94 632
143 144 594
142 62 5818
57 34 -1046
61 105 -5147
2 28 -996
124 17 -3358
98 108 -3771
85 37 2936
80 34 -2266
24 15 2322
70 83 456
82 142 2834
11 1 4729
59 60 1839
42 145 2738
62 122 -4896
13 24 -6910
123 132 -5250
33 90 1602
120 147 6274
30 92 -363
18 76 741
19 70 665
135 28 -1054
139 72 4292
106 46 474
65 123 648
144 107 -3158
51 58 27
78 103 2716
127 68 -479
96 0 -1926
78 0 -1362
94 141 -7665
22 48 -593
21 56 -3809
114 36 2680
87 79 -2630
148 104 4381
37 129 -1542
47 95 3889
111 121 -5176
22 11 -2142
53 122 -2328
53 80 -3818
36 115 -7740
82 148 2879
30 113 -1112
4 24 -6201
41 8 -1180
55 53 1276
92 65 437
46 61 4763
70 69 -1981
64 55 1129
35 98 6680
15 11 -1668
132 5 1870
43 70 7231
56 132 -1557
27 133 -1826
24 126 -627
119 10 -2453
117 40 -2035
65 25 2633
95 102 -5383
103 2 -1288
29 108 3508
144 74 -7511
99 102 -3392
61 42 -2763
44 14 -648
16 49 2385
136 1 4
55 107 -942
60 90 2779
47 28 1460
80 74 -2703
33 116 -605
144 116 -1591
29 21 5799
74 73 3293
34 38 4859
138 146 4930
130 92 -860
6 19 6170
9 146 1652
82 126 -299
14 76 9365
123 147 3123
134 48 3024
23 71 -2068
90 24 -7182
20 6 -809
133 91 -994
143 64 -2753
50 82 -180
128 87 2014
148 101 1352
21 22 -3193
140 3 2581
89 108 223
2 131 -5966
59 110 244
38 42 -1098
81 59 638
19 16 -6049
87 59 -2469
82 142 2838
34 144 7122
76 79 -6364
66 66 44
73 49 655
105 130 4916
22 24 -2729
125 84 -5248
5 101 1397
138 50 -3598
44 75 2660
5 97 1902
52 121 -5072
137 58 4433
25 70 -520
61 31 -5079
33 25
91 119
48 90
113 51
19 128
115 56
133 131
76 34
34 100
131 118
43 71
14 118
13 68
34 93
26 136
27 17
107 66
39 51
144 16
35 5
78 94
16 53
113 11
103 128
7 82
38 122
54 89
18 48
2 87
134 100
15 88
113 77
36 135
67 18
133 39
146 117
15 49
8 94
24 132
143 92
120 11
26 111
66 64
91 85
84 90
2 101
44 95
146 68
90 90
106 96
141 125
33 131
138 28
24 115
105 75
146 31
120 23
107 64
81 13
137 98
95 8
87 12
32 90
84 128
74 101
108 64
63 59
79 107
4 4
81 46
119 130
88 111
7 30
21 21
113 10
14 134
123 37
89 140
2 126
92 72
134 1
80 4
89 57
6 85
69 117
6 108
10 77
123 102
148 68
114 73
44 99
33 90
142 50
46 117
127 17
24 101
90 45
51 64
33 61
27 40
63 116
87 111
27 109
142 50
135 37
138 0
1 119
73 93
65 55
92 129
92 35
45 132
98 45
78 113
112 112
139 145
72 74
131 23
51 148
51 58
0 45
140 32
71 69
105 143
54 48
116 130
32 79
134 105
143 31
60 8
124 19
126 136
146 148
81 97
141 17
23 59
64 110
42 15
25 67
147 81
148 7
44 25
110 25
129 130
35 23
110 61
72 36
76 100
104 35
138 21
70 63
108 79
92 111
114 38
93 92
16 74
15 31
14 38
32 120
132 36
145 43
29 129
136 39
47 141
85 50
131 83
73 93
6 129
15 88
58 83
146 36
5 71
77 134
136 113
137 11
48 130
96 19
81 16
143 107
23 25
32 114
47 58
27 21
82 84
53 129
112 17
27 141
91 0
6 57
111 124
115 26
48 55
45 22
65 3
101 134
85 37
148 20
45 132
90 76
100 66
129 48
106 62
110 94
63 94
113 60
5 83
100 2
125 146
69 48
95 6
75 101
99 95
107 82
146 91
25 42
77 114
0 69
116 119
13 39
19 49
135 104
37 6
141 79
145 94
89 107
62 111
67 52
118 138
96 75
35 21
17 102
105 112
63 107
137 113
61 105
89 23
13 78
135 27
52 64
139 11
137 51
73 145
12 81
93 37
29 131
122 143
46 99
112 12
127 35
58 48
3 93
64 92
74 63
137 59
51 87
36 24
86 4
35 149
66 43
81 95
86 65
34 135
35 84
102 123
97 8
0 123
34 106
55 133
99 90
52 54
93 99
63 83
136 111
140 24
19 90
27 117
42 82
96 73
98 86
136 56
28 108
15 92
31 149
139 129
85 64
32 64
116 75
41 12
7 30
1 14
131 106
116 27
8 3
30 29
124 97
25 94
66 1
111 53
97 10
56 10
93 13
140 130
77 1
129 99
134 139
15 137
78 42
11 67
120 40
1 67
84 149
61 15
27 33
116 45
102 110
68 114
54 144
81 117
8 51
117 71
10 37
40 25
19 75
128 17
69 130
131 131
148 8
137 43
68 61
37 40
46 50
73 144
48 4
143 61
82 49
37 86
5 54
9 57
82 139
149 144
82 3
64 110
81 48
3 72
132 99
41 137
38 144
30 82
57 141
8 11
2 70
22 83
20 129
51 53
20 89
127 80
118 24
130 4
47 105
145 25
93 33
126 19
37 26
136 51
45 42
63 23
143 104
109 5
29 59
33 107
126 138
21 94
114 44
79 50
129 72
89 86
33 99
44 21
30 68
137 78
96 125
50 93
94 50
107 134
14 51
145 109
71 109
132 97
116 43
38 32
110 10
5 76
7 53
0 71
62 48
70 15
124 39
51 61
137 1
131 8
114 97
98 41
3 56
130 147
53 82
23 104
38 12
121 35
92 66
78 28
34 45
63 60
62 134
22 81
117 30
57 133
67 19
86 136
2 114
35 96
100 146
9 28
97 128
130 34
124 1
97 28
40 12
18 27
102 2
67 62
41 80
96 10
56 3
139 64
12 86
29 31
94 96
73 72
1 64
100 148
124 137
48 99
124 83
116 56
116 18
142 123
131 49
41 4
142 131
50 68
86 141
120 126
144 71
107 145
108 25
13 130
30 112
85 11
29 51
120 79
138 30
43 76
141 7
142 53
148 42
119 10
24 39
48 124
66 138
110 56
134 62
115 21
26 125
102 25
116 36
43 4
31 60
130 142
106 9
129 37
144 68
140 137
107 90
24 72
132 106
96 44
52 5
96 94
89 88
74 91
94 110
63 26
104 24
11 64
7 120
19 130
74 42
140 27
131 19
49 103
140 7
17 15
125 133
125 66
31 144
44 119
145 101
138 128
20 116
46 109
144 50
22 58
87 73
64 50
42 110
149 42
25 43
42 30
25 27
68 85
1 137
86 146
93 17
84 53
78 74
29 146
96 21
46 95
78 76
148 73
143 8
141 32
97 79
102 110
24 73
144 128
1 87
112 46
17 64
3 104
73 126
146 51
67 133
4 33
40 104
81 28
116 80
42 27
29 135
106 30
140 85
113 134
21 89
16 115
95 19
22 19
6 142
30 87
104 63
147 49
99 31
31 106
86 11
81 30
34 119
132 95
72 128
78 56
45 90
57 90
33 32
44 149
124 84
50 72
56 102
44 22
129 15
139 107
46 139
148 91
117 128
97 115
114 60
31 54
32 52
4 146
117 139
69 99
50 134
2 71
72 35
96 138
54 48
115 10
25 74
107 10
20 10
5 148
139 104
53 49
131 112
128 48
121 106
65 144
107 52
92 141
49 68
29 64
95 7
72 113
31 107
59 93
60 50
24 149
78 3
99 124
104 25
12 99
25 109
58 93
118 35
12 58
67 127
19 40
53 116
20 109
81 67
1 3
26 36
149 114
110 82
74 68
43 28
57 107
112 123
7 111
99 8
75 67
28 135
101 42
126 114
63 35
127 21
131 143
112 19
111 134
107 26
80 114
36 68
145 127
5 48
15 39
107 37
133 31
123 5
131 131
71 24
96 129
38 25
59 26
65 114
39 61
67 78
125 40
128 88
129 60
41 48
4 70
93 66
92 43
84 131
147 43
21 44
105 46
65 14
143 146
131 118
36 11
21 94
24 101
38 21
15 124
9 32
60 80
29 143
56 61
96 117
115 59
141 41
112 25
127 58
22 100
68 28
48 108
2 27
114 20
142 106
103 60
9 22
58 10
130 91
126 134
8 68
131 31
141 28
93 142
3 93
72 89
21 10
139 132
132 121
55 30
106 34
27 67
66 111
43 42
54 40
95 121
15 14
92 143
146 42
3 23
147 26
60 83
68 36
103 1
63 44
10 23
132 140
32 3
9 124
77 32
16 37
112 97
80 37
63 103
117 112
103 105
19 118
43 45
15 116
31 60
24 57
36 63
135 127
56 18
97 138
97 114
91 72
37 98
70 118
60 75
10 133
10 81
140 48
86 70
139 46
124 148
51 26
99 145
95 103
147 97
98 122
132 140
96 4
98 57
65 123
126 48
120 87
92 48
95 21
42 78
93 135
10 114
28 82
103 42
118 71
81 117
148 127
14 1
10 16
25 41
143 113
131 1
116 116
10 6
41 134
17 23
51 50
115 79
10 50
103 3
137 33
132 4
30 69
119 140
73 148
138 51
125 44
13 138
138 47
129 112
71 114
53 37
113 19
83 30
45 47
107 118
126 28
9 115
31 116
6 10
137 26
45 62
42 81
22 66
45 18
4 94
60 10
91 33
88 115
49 68
53 135
147 147
49 100
40 99
98 111
72 48
65 119
50 0
102 94
93 102
128 34
82 1
12 107
27 98
91 63
55 98
1 23
15 136
49 10
16 96
9 140
49 61
148 21
123 61
94 86
104 140
145 105
107 64
89 57
63 43
41 91
98 37
66 126
51 26
137 52
78 94
7 83
58 149
146 74
81 29
146 106
123 74
0 120
130 126
126 114
77 63
37 23
97 123
104 21
9 104
47 2
120 7
141 65
129 30
23 111
108 53
110 96
147 104
111 101
10 124
94 31
92 8
41 39
146 41
2 132
6 137
139 13
9 131
73 123
101 129
73 48
133 131
131 29
75 135
147 52
33 146
42 71
96 111
74 91
131 8
73 111
69 1
138 103
12 25
145 73
9 70
44 20
18 108
64 33
140 13
49 51
50 57
24 3
107 46
96 116
16 74
68 128
82 45
125 148
9 141
138 42
55 44
131 51
8 19
83 15
37 145
108 120
55 85
70 111
122 23
85 48
122 147
123 20
109 123
135 85
138 44
143 71
12 14
62 34
146 136
138 147
39 30
9 145
7 32
87 56
3 134
8 105
129 18
55 118
133 59
5 69
82 98
5 89
113 13
80 71
69 82
60 18
86 124
32 90
73 79
41 78
80 108
118 16
130 71
76 38
112 20
79 117
25 82
74 52
22 146
8 75
106 21
118 26
48 79
77 43
74 48
65 79
134 144
65 96
24 119
90 53
52 107
31 130
49 93
50 57
146 134
114 77
125 30
94 123
71 116
81 120
111 132
5 139
106 25
132 19
114 114
55 87
20 101
14 30
56 49
39 8
107 126
57 66
107 148
70 138
27 120
90 84
31 46
41 16
83 20
9 149
76 33
130 109
6 64
40 44
83 147
110 90
34 146
80 119
29 87
134 33
2 10
58 6
20 59
16 81
119 18
40 90
55 53
24 48
33 59
12 52
82 132
24 3
97 102
132 39
33 1
94 105
120 36
75 128
89 147
25 42
111 78
89 118
25 127
2 6
18 92
88 51
62 53
79 37
103 38
49 118
138 75
25 127
53 28
13 55
35 140
40 87
130 122
142 60
119 133
48 108
19 114
51 86
127 30
35 51
81 112
45 0
11 68
137 102
28 11
50 127
61 96
52 76
93 71
76 28
89 121
39 93
72 101
61 125
83 55
19 46
85 81
111 103
90 135
136 33
62 35
82 70
47 63
143 15
6 36
80 6
39 10
57 133
91 117
79 100
128 82
142 77
108 89
138 11
139 5
4 45
6 24
121 146
141 101
99 119
106 121
40 44
115 81
144 51
57 125
32 75
58 56
146 55
130 112
76 40
38 65
44 18
1 132
36 51
84 84
17 145
104 91
76 94
90 86
62 8
75 110
105 58
129 38
126 72
47 129
135 58
146 24
26 10
87 95
134 43
117 23
91 68
62 22
62 53
20 23
108 26
149 3
72 137
31 80
90 107
149 79
144 103
32 110
81 95
146 23
140 39
114 17
17 9
94 111
51 65
71 96
105 112
8 73
9 141
47 19
86 98
80 69
36 13
0 18
44 62
141 96
109 53
76 48
48 149
33 88
56 109
96 78
90 143
123 110
72 139
20 101
62 10
106 33
134 75
145 48
92 72
126 141
39 70
87 86
66 51
41 43
52 52
86 40
91 100
14 121
109 83
1 37
29 143
90 1
35 37
26 141
125 148
95 99
56 134
65 148
58 48
84 61
28 63
116 3
86 59
2 58
141 79
1 83
31 124
111 106
116 95
36 135
59 3
25 128
128 123
36 87
70 31
11 22
5 121
66 125
114 39
116 100
56 3
25 149
69 135
148 127
113 49
134 78
128 148
48 42
14 145
52 21
58 29
114 90
135 76
77 82
132 77
54 81
100 53
20 129
99 107
3 97
81 26
12 112
133 129
1 26
85 75
86 130
141 40
133 93
58 134
57 120
119 128
2 6
3 38
91 135
114 46
57 126
92 25
35 127
65 25
125 71
103 89
64 87
148 86
105 130
43 1
126 61
142 118
135 121
82 70
62 17
34 114
100 122
5 49
134 87
69 112
67 143
148 22
120 55
32 9
57 66
103 108
33 137
127 23
140 136
32 117
5 73
122 106
131 147
17 91
109 126
111 73
49 73
116 115
106 92
82 112
73 129
52 36
122 78
65 31
42 77
18 28
35 23
59 116
126 149
59 64
8 136
49 93
49 83
27 8
21 11
134 44
104 29
22 111
117 121
46 20
104 128
12 115
0 89
120 89
103 53
49 27
32 134
61 28
70 71
135 112
26 72
56 45
75 140
98 131
34 36
15 48
132 140
50 28
55 98
140 81
52 5
10 134
18 75
98 95
97 105
100 32
4 142
8 89
7 39
0 52
13 111
80 75
6 78
5 33
21 106
16 50
91 79
133 25
58 86
0 99
14 40
20 114
85 59
38 126
81 5
11 19
101 86
21 20
56 2
139 3
56 65
116 116
22 138
10 144
123 123
11 35
149 39
90 31
64 134
68 82
148 110
101 148
94 46
0 44
2 78
92 31
79 82
111 20
131 77
67 118
83 64
136 133
41 74
22 31
103 139
78 133
118 31
20 15
112 97
146 54
128 103
39 27
5 4
0 96
9 125
14 137
82 98
96 25
126 121
92 24
36 108
16 54
45 85
114 53
80 118
37 47
3 20
25 117
128 90
124 137
104 57
68 85
52 110
13 148
63 78
106 138
79 39
125 17
132 65
117 78
72 17
120 7
131 32
133 9
44 78
131 141
31 13
121 102
34 29
50 43
28 133
31 109
9 105
43 103
92 133
61 20
42 23
71 31
15 26
2 108
101 137
11 68
88 86
77 143
88 62
28 13
94 97
132 29
68 115
27 106
79 71
28 89
85 134
76 28
135 13
57 87
21 99
133 111
130 4
1 36
85 110
149 104
90 44
141 78
26 62
112 70
66 34
51 91
36 97
38 120
82 62
49 71
20 144
103 49
31 6
86 30
63 82
106 41
6 12
128 50
33 19
115 140
111 96
95 87
68 31
13 21
34 102
114 123
108 22
104 58
148 79
73 70
129 58
102 72
32 39
104 73
4 140
30 113
66 98
13 26
72 77
123 20
122 81
40 2
87 6
142 44
48 7
148 40
28 5
44 35
84 10
39 50
114 100
32 12
45 49
126 74
92 118
43 103
117 60
64 146
103 149
25 51
148 109
65 24
134 120
18 91
144 43
135 72
98 77
58 122
68 27
61 6
59 3
103 108
52 64
101 139
34 44
87 139
81 129
148 92
111 37
46 6
2 81
2 92
7 41
41 45
57 47
131 57
125 37
3 77
71 149
11 6
113 94
79 131
91 11
72 95
30 24
51 116
44 115
121 8
52 16
126 75
128 121
131 45
137 113
71 61
137 92
13 54
67 28
58 100
15 99
125 88
129 134
11 18
29 133
108 134
92 64
18 7
0 32
127 54
48 101
92 123
91 95
125 85
143 112
72 85
1 71
114 68
91 69
49 49
116 54
35 41
34 50
86 36
139 130
129 134
66 143
84 9
139 9
140 58
38 41
26 40
97 79
15 72
21 86
116 135
10 19
148 70
135 15
97 86
53 14
35 65
76 79
8 142
140 135
72 19
132 31
83 132
129 98
115 129
148 46
45 8
34 119
44 116
29 130
37 114
132 104
16 58
117 86
97 69
8 130
130 132
72 81
12 17
143 18
128 143
97 104
3 118
13 50
20 140
29 146
43 6
17 41
89 12
90 39
112 32
1 141
50 18
76 59
145 0
26 125
8 122
13 123
66 149
140 49
133 70
53 9
6 68
3 93
70 145
21 1
146 132
94 145
87 49
8 143
1 65
133 25
73 61
31 25
100 134
119 92
75 47
118 21
107 31
26 47
34 47
21 21
52 78
127 131
53 109
131 106
138 61
101 68
9 16
129 48
18 55
136 51
5 145
149 54
18 71
20 124
114 31
11 107
126 63
60 103
131 37
96 29
13 108
141 129
36 142
124 77
18 24
143 133
22 81
34 92
120 56
134 75
107 112
124 2
91 134
68 59
130 95
63 145
130 47
10 43
140 100
3 113
48 83
52 63
9 115
91 4
53 58
18 18
13 111
128 1
17 92
122 18
107 29
17 127
66 124
21 110
73 89
120 72
55 110
47 68
76 9
63 92
69 31
54 60
61 131
42 94
101 144
138 98
104 130
138 41
57 111
79 51
64 46
24 113
133 54
86 38
116 23
53 13
137 118
78 40
114 134
37 58
34 118
20 10
71 83
55 23
132 2
11 27
108 71
68 81
140 80
123 16
127 5
72 104
87 32
118 142
36 117
63 130
36 74
138 138
31 117
134 3
93 118
129 105
1 72
128 49
68 118
53 56
132 126
131 98
141 90
90 116
70 88
143 30
145 24
142 3
29 90
32 88
38 39
52 29
51 13
28 23
115 125
13 20
98 142
69 66
112 21
38 32
100 97
138 78
90 7
36 0
64 94
93 31
65 144
60 49
24 66
135 77
4 23
45 112
114 138
107 48
17 5
100 134
2 56
111 143
17 73
82 134
28 81
23 8
68 60
92 126
123 50
134 43
130 22
80 52
146 136
27 126
135 30
148 6
28 100
88 124
53 142
113 8
84 46
46 109
146 120
10 25
19 11
76 96
9 107
125 93
145 66
79 24
145 64
132 70
135 106
89 113
49 83
119 71
75 128
5 101
7 16
49 30
109 75
52 119
38 87
77 34
21 83
140 72
37 114
3 126
74 130
34 119
103 4
44 103
80 10
100 118
45 93
23 90
101 54
44 73
74 14
2 107
11 15
94 86
129 118
124 122
87 31
135 113
62 21
99 30
77 83
23 111
110 82
105 32
149 148
47 18
43 40
97 13
79 57
30 17
70 51
100 99
76 82
22 71
7 6
87 17
0 34
96 42
30 97
19 102
58 100
134 44
25 81
56 87
125 104
60 75
43 90
30 86
140 38
9 7
48 25
129 45
115 149
67 58
0 36
37 103
99 87
55 108
65 28
129 80
116 9
100 42
71 44
95 10
146 94
93 50
146 7
107 111
46 87
50 119
130 86
25 139
24 16
108 14
23 122
125 111
20 104
101 30
74 19
31 51
4 18
21 55
145 33
117 2
137 106
60 48
106 97
107 32
131 33
98 47
19 27
29 126
80 66
136 32
88 57
107 67
99 45
110 125
93 55
17 70
106 74
126 41
133 87
94 106
31 32
99 47
18 147
22 145
124 13
8 113
122 38
47 10
123 141
73 7
12 25
63 11
50 141
60 92
42 58
88 64
70 102
68 85
2 49
100 113
135 140
78 71
122 109
9 110
104 36
116 75
9 63
49 90
147 66
3 72
124 72
38 86
109 79
76 18
40 55
75 142
33 127
58 28
46 84
96 28
49 31
75 54
46 102
103 14
144 96
141 9
93 126
14 87
75 46
4 121
148 45
98 100
34 73
119 48
142 52
57 56
36 113
28 98
81 44
85 47
8 110
73 145
123 31
69 81
133 9
57 131
139 128
32 111
64 63
116 106
95 80
39 44
45 19
21 120
93 21
27 23
79 111
145 40
55 125
8 8
90 69
140 148
91 123
128 49
92 146
42 103
131 2
14 18
145 118
134 135
4 148
93 131
120 53
37 4
117 58
101 78
73 122
65 18
16 98
127 128
33 17
8 23
144 40
63 129
42 19
128 119
135 98
55 22
33 64
33 137
103 79
36 40
134 63
138 29
37 135
120 49
46 135
11 9
88 80
53 50
43 103
76 95
142 50
47 91
127 142
39 43
142 56
2 88
13 72
76 84
28 130
39 1
140 82
125 12
84 18
89 16
64 94
79 12
135 64
26 127
11 30
42 26
143 21
138 98
100 125
147 43
56 76
56 35
75 97
11 10
111 112
143 93
57 123
145 127
3 90
141 136
6 134
74 136
42 33
133 4
128 66
85 13
114 34
19 82
30 91
142 109
3 46
26 81
126 111
26 29
90 112
31 130
145 140
31 29
35 96
71 48
123 2
133 141
136 126
67 126
146 5
19 147
54 101
145 60
89 56
80 37
92 61
144 46
16 37
101 78
67 125
148 148
82 147
116 115
61 62
95 92
64 39
38 46
7 2
4 69
100 41
63 85
47 116
106 17
29 15
19 65
20 5
57 76
76 23
26 96
16 127
58 80
59 84
4 112
62 40
19 61
61 114
141 55
53 129
95 32
95 37
115 62
55 56
44 44
43 33
79 72
39 8
16 104
41 36
74 41
32 48
38 87
31 104
94 68
12 111
50 36
120 96
102 71
93 23
56 34
116 37
116 146
50 10
113 141
43 26
120 125
80 59
107 121
87 115
15 119
140 19
57 133
31 66
128 59
6 148
142 34
8 145
136 26
59 141
136 5
19 122
33 104
148 9
42 30
31 26
98 75
5 104
74 65
8 135
98 14
143 149
17 75
8 31
122 119
20 41
0 98
31 115
38 97
83 111
96 135
138 139
109 80
80 9
23 46
119 119
85 85
124 101
5 40
120 3
55 28
26 38
145 99
32 7
41 43
39 59
33 93
12 42
82 87
14 130
24 60
123 16
141 57
55 74
87 139
36 88
103 115
72 36
75 60
125 30
147 50
55 81
82 76
23 72
95 43
67 7
123 108
95 104
58 85
110 4
53 83
63 63
126 46
20 39
64 146
17 140
69 102
64 62
41 144
113 51
72 76
100 85
21 53
46 17
36 111
19 114
84 130
47 50
63 73
101 137
134 25
89 19
62 146
124 96
78 137
30 149
111 19
123 33
124 82
135 61
35 7
7 137
147 87
127 125
35 51
13 65
82 47
76 111
94 72
57 43
39 15
43 50
37 116
13 47
104 39
126 129
32 32
26 141
40 94
142 119
121 134
138 40
116 61
22 56
122 147
22 31
85 17
69 16
84 126
8 82
67 64
112 121
4 22
132 50
69 136
67 66
58 60
134 18
132 134
85 146
21 138
75 71
19 90
74 16
134 77
144 49
126 104
3 1
118 42
74 23
118 6
142 47
58 146
12 78
12 17
31 37
12 89
4 14
44 95
61 65
61 104
89 0
13 136
63 133
18 89
38 83
64 110
126 31
144 122
14 40
64 144
135 43
62 71
48 4
97 67
116 48
54 64
129 83
5 97
128 8
127 19
26 134
99 126
106 62
134 61
103 60
122 122
132 112
119 143
34 137
16 123
47 19
91 120
137 90
17 71
126 19
52 126
83 60
16 120
114 10
100 97
36 85
69 121
74 147
130 52
28 132
63 1
139 31
50 148
113 49
141 99
64 44
64 107
29 109
123 88
107 126
71 76
107 77
49 14
141 88
137 39
139 21
5 114
78 137
94 11
113 19
11 15
24 70
0 46
127 108
36 145
74 72
48 30
111 0
39 19
42 20
64 70
101 17
15 31
110 106
146 73
34 47
40 118
69 132
106 133
119 149
117 75
19 41
40 11
1 31
107 144
52 143
104 64
72 49
15 2
112 1
106 22
127 71
1 122
117 11
86 20
117 117
49 139
30 73
47 86
38 61
122 139
137 40
80 51
26 95
123 103
94 122
61 69
145 121
75 111
15 21
39 147
146 111
80 17
111 104
105 128
33 114
35 135
127 36
101 109
6 147
148 34
84 58
70 137
46 66
83 57
31 1
109 79
99 23
72 60
53 23
97 118
64 106
3 32
116 115
72 45
54 94
92 44
31 15
77 0
51 95
83 127
146 89
30 121
35 101
14 102
54 42
81 98
128 32
31 38
142 41
40 46
136 42
33 119
88 26
38 81
147 106
75 40
33 121
148 2
123 64
110 109
27 101
145 22
71 89
82 39
60 141
89 48
81 39
68 42
100 103
85 34
125 11
124 40
89 101
62 118
144 128
3 15
114 84
17 96
49 148
57 74
85 124
68 132
39 106
117 62
115 19
64 127
60 124
30 40
9 20
34 5
68 149
29 120
15 131
66 96
47 77
22 137
99 147
50 103
0 96
46 91
26 83
133 83
59 21
20 70
33 84
11 100
71 72
47 24
114 41
1 50
21 115
49 55
59 85
123 142
112 6
114 25
147 47
68 19
1 12
119 72
36 137
18 94
108 26
16 125
70 90
50 121
1 136
119 14
56 17
85 53
14 75
57 146
73 40
75 29
60 119
104 85
47 74
27 102
90 124
38 114
108 52
84 59
142 121
135 15
85 137
66 25
2 36
38 131
112 4
36 144
64 95
59 103
70 55
10 64
15 19
43 144
16 74
97 107
96 125
101 14
102 60
12 39
128 67
133 33
74 12
25 3
40 60
65 133
137 102
12 36
70 89
33 84
80 149
90 133
84 43
133 121
21 26
71 114
52 50
9 67
76 126
73 115
27 90
71 36
20 35
21 114
116 125
33 67
83 112
144 135
35 69
16 100
48 0
80 61
54 27
72 103
21 98
88 66
8 32
124 116
34 143
82 74
37 111
52 87
114 133
140 52
143 27
49 146
123 8
131 12
10 129
32 31
84 95
35 118
29 96
131 97
14 35
112 144
70 42
34 12
66 84
1 101
128 144
46 28
105 42
122 28
40 135
70 15
20 22
82 69
55 5
121 59
12 88
132 132
119 60
44 67
143 87
23 106
143 113
18 21
16 43
48 12
25 23
91 56
109 51
20 125
108 86
42 81
120 114
126 94
36 79
119 100
122 18
9 90
32 144
68 136
80 82
145 136
70 84
103 15
112 74
29 68
28 102
30 3
67 109
134 65
114 32
24 75
58 141
49 56
91 118
16 88
142 63
142 108
104 73
2 127
117 79
1 126
20 41
3 71
16 112
100 7
109 15
59 108
57 95
20 15
69 109
51 111
28 76
26 9
106 45
54 72
136 49
8 109
3 128
25 74
135 64
32 32
22 128
81 100
3 111
28 119
98 90
15 27
35 73
106 0
106 116
55 87
74 34
13 75
25 64
136 55
90 57
104 111
142 10
121 149
119 81
149 39
14 138
120 110
7 108
79 23
122 149
37 2
129 79
113 74
13 55
140 96
94 133
33 137
122 100
95 5
140 19
63 108
62 74
63 33
18 65
149 97
47 117
51 137
72 113
111 17
94 10
72 70
114 31
135 145
74 58
3 20
101 48
8 31
132 1
59 97
51 48
51 115
7 144
25 14
75 114
19 106
128 108
140 15
48 23
144 79
43 32
49 139
135 1
142 38
32 10
80 43
8 63
32 4
92 135
17 55
30 23
39 50
115 134
145 118
40 141
26 54
18 6
33 61
64 63
58 120
97 41
38 47
149 73
77 149
117 100
21 102
63 147
65 50
96 18
43 13
87 98
119 41
100 53
31 7
26 50
142 1
66 142
73 75
15 133
117 8
85 118
52 47
116 53
11 6
87 62
145 29
117 60
91 19
2 41
91 135
142 123
91 58
115 147
11 124
84 104
67 57
129 27
119 33
95 108
117 124
138 83
44 54
52 50
73 56
1 16
80 12
29 16
65 74
92 35
132 77
122 12
36 2
15 65
45 44
70 38
135 11
137 127
88 91
96 67
117 32
83 42
82 112
39 40
109 4
43 37
148 109
47 124
47 15
34 141
2 36
94 131
35 100
88 94
134 127
106 72
109 50
78 25
97 135
94 92
89 59
30 121
71 42
146 114
89 98
66 69
4 126
16 86
107 114
31 64
96 85
2 52
22 18
15 111
44 60
44 68
0 132
68 102
27 149
144 34
132 98
81 125
132 80
49 103
16 119
6 108
64 55
140 46
71 96
149 92
144 122
68 9
9 95
68 126
137 110
102 111
140 99
81 143
22 134
42 114
63 37
107 88
108 89
79 65
102 47
72 114
53 46
1 149
6 119
80 135
63 120
17 39
111 75
123 103
86 135
105 79
129 49
131 44
26 11
89 88
34 108
89 127
57 35
138 16
60 91
8 112
1 37
143 71
90 135
59 35
126 27
49 8
70 22
20 149
3 144
43 56
125 76
47 101
126 92
31 141
43 39
22 138
3 32
149 53
26 56
106 104
132 148
13 134
79 133
132 58
67 37
145 134
7 76
6 7
2 32
144 37
13 62
83 67
63 115
89 46
54 134
142 33
82 13
71 139
58 46
35 110
102 75
149 29
45 27
94 57
15 59
69 9
122 58
100 130
116 68
107 97
85 12
0 110
123 99
120 65
85 41
98 141
141 78
80 13
148 52
52 47
86 86
7 21
122 132
70 32
133 134
72 42
48 95
66 99
29 82
118 54
106 100
24 55
50 114
37 69
60 133
12 142
27 47
80 140
131 15
132 47
106 59
12 111
21 75
59 141
54 36
134 28
60 26
98 76
114 128
122 14
91 18
55 7
111 53
94 74
27 94
53 51
48 102
123 118
111 67
21 78
135 63
126 2
65 20
83 106
16 70
68 139
58 4
115 39
97 105
49 101
27 137
98 118
79 32
54 69
5 39
93 98
48 85
147 149
131 49
134 120
57 119
23 133
77 43
46 49
84 118
101 79
126 23
77 58
27 30
139 100
74 32
49 103
66 45
71 67
52 117
78 54
58 66
137 0
41 88
118 67
86 137
119 138
80 4
129 33
75 89
53 37
50 16
126 130
123 66
21 1
16 13
69 128
84 1
129 131
142 74
136 55
67 119
4 115
18 114
72 77
3 140
98 21
70 60
86 26
124 40
68 108
89 75
10 47
134 139
39 113
20 129
137 115
145 98
106 120
27 105
57 106
10 28
84 121
61 37
3 27
43 99
29 146
61 123
57 94
110 59
90 42
117 0
105 94
121 51
111 87
108 122
143 41
1 41
78 132
11 23
9 18
47 6
139 17
39 80
81 9
78 12
11 123
82 73
42 133
6 55
33 50
122 114
135 76
51 149
79 16
81 107
60 85
69 42
39 112
14 109
117 48
140 126
103 63
19 109
75 45
93 47
44 142
144 32
18 46
36 50
100 33
47 87
147 97
45 79
89 131
11 121
32 144
127 29
101 11
91 135
115 84
97 62
42 7
136 117
69 105
15 108
0 124
124 16
118 108
83 106
83 6
149 71
31 64
35 13
0 19
96 71
4 11
43 10
122 71
103 2
37 8
110 83
57 124
60 17
11 92
135 60
139 42
74 130
128 94
64 93
70 6
120 43
107 76
113 113
12 146
67 29
67 60
126 116
20 43
81 66
59 62
121 143
144 42
72 43
53 136
119 66
97 91
55 97
49 111
105 88
49 125
103 14
11 131
118 1
1 104
47 148
32 31
77 11
130 125
8 39
146 28
124 16
149 91
83 107
2 139
29 15
48 111
126 2
17 98
14 50
134 29
44 140
121 22
34 21
115 15
118 113
141 148
141 124
64 82
109 61
71 145
61 37
79 148
49 112
42 107
94 86
45 61
114 8
97 26
23 100
138 131
30 21
59 22
16 146
23 125
68 6
43 132
67 136
43 0
12 146
82 110
73 58
5 35
140 78
148 2
88 84
75 61
117 34
38 140
141 113
85 100
24 65
133 65
127 146
22 50
74 101
132 82
115 57
10 14
58 79
147 67
102 127
95 119
122 31
1 36
80 16
144 59
127 88
29 55
79 115
15 41
137 44
140 103
7 116
63 136
74 46
147 40
80 29
96 125
61 97
4 64
134 66
108 96
121 1
26 32
71 148
88 36
59 63
142 79
84 29
139 119
49 97
142 103
124 85
36 44
129 77
53 21
18 116
125 0
48 24
31 3
119 6
74 134
142 122
53 81
9 81
126 47
56 61
3 44
66 82
114 117
40 112
49 90
147 110
52 52
96 76
98 80
136 134
26 23
136 77
99 129
7 99
25 30
127 138
134 26
108 79
26 94
72 82
43 125
44 62
21 58
26 112
66 93
115 61
118 7
55 24
99 93
48 109
141 81
104 139
13 59
115 101
129 21
50 104
138 99
96 122
26 49
107 14
98 80
120 78
104 48
21 51
18 5
31 6
120 83
125 4
20 142
148 117
36 110
125 86
81 102
78 137
87 146
136 61
97 47
119 132
118 120
55 137
148 23
149 14
23 124
125 26
21 120
101 106
10 131
31 49
115 108
136 3
70 72
1 131
79 15
59 41
86 56
134 98
115 143
126 13
52 18
137 29
98 14
31 32
115 52
6 129
4 7
63 48
141 22
92 132
46 60
103 122
62 96
136 134
130 95
147 123
6 131
52 145
81 107
81 2
56 40
52 71
73 80
94 117
82 40
149 118
148 128
33 37
79 27
23 75
101 42
117 85
26 75
19 89
21 47
141 102
43 107
10 147
39 77
80 68
125 109
33 45
34 113
55 59
126 116
98 137
119 39
77 64
9 140
10 126
87 86
72 52
45 139
23 110
55 66
129 144
15 9
103 81
102 143
66 146
109 140
0 88
89 99
52 115
18 94
70 89
125 95
31 2
139 22
126 6
108 2
124 59
91 77
22 61
47 96
36 109
95 36
67 40
44 98
50 105
120 0
26 141
97 131
74 27
91 62
88 86
136 80
145 30
22 45
124 36
106 109
30 58
90 20
62 75
80 30
36 144
101 133
25 15
114 45
112 131
120 54
111 8
120 55
114 21
132 105
107 34
12 19
73 128
133 76
101 137
77 22
68 2
77 70
73 100
124 81
128 68
74 147
98 48
19 143
132 123
80 85
104 73
12 79
96 38
75 31
71 7
46 144
145 46
14 98
141 141
115 120
71 37
44 53
14 130
117 17
26 10
92 87
61 13
23 45
137 148
147 108
48 11
82 85
89 36
140 91
113 48
35 51
48 120
16 113
49 107
27 56
81 45
63 54
53 139
145 46
117 29
27 122
111 59
148 23
63 145
66 23
46 24
32 46
52 74
131 10
28 145
59 43
75 20
145 130
6 63
93 90
48 88
140 126
111 108
125 145
148 83
141 11
128 56
120 142
84 137
95 74
26 38
96 136
23 6
44 86
97 109
148 113
107 3
28 56
110 83
86 116
94 98
48 67
60 67
23 84
74 74
97 66
119 87
54 42
95 23
105 142
22 65
81 62
60 1
128 91
117 51
118 130
124 149
67 28
31 83
35 102
78 12
71 76
125 99
63 98
136 128
134 122
4 48
52 53
10 138
23 50
1 122
42 92
128 59
53 133
134 115
102 84
1 144
59 101
144 70
128 115
75 107
137 131
123 146
148 136
57 24
55 21
83 2
147 48
4 67
128 45
79 22
140 137
128 6
80 93
8 6
2 118
9 27
111 149
70 77
49 109
87 81
114 138
28 10
109 143
67 8
15 76
71 4
66 99
84 122
103 125
56 29
2 115
86 115
147 95
32 77
102 64
80 140
29 121
22 52
113 105
37 52
10 3
34 108
90 134
111 18
20 141
3 103
130 39
111 54
139 141
82 104
44 42
65 47
144 26
149 98
113 68
108 105
88 106
53 43
6 34
55 143
110 4
63 96
148 63
110 54
13 73
111 117
74 4
28 125
72 84
112 117
78 50
69 37
25 120
25 137
48 58
143 1
40 120
3 92
140 95
62 8
53 21
71 4
3 115
127 57
31 89
120 90
62 27
134 42
142 50
6 139
115 22
114 77
60 17
142 5
13 22
18 24
78 3
113 141
89 140
74 36
78 14
101 32
72 55
124 63
113 123
31 1
45 89
65 104
117 3
86 146
10 97
136 66
97 32
42 7
11 100
135 62
129 43
14 124
42 129
87 12
141 33
79 60
113 89
49 79
51 41
142 8
47 11
134 3
67 115
48 51
129 53
39 115
37 148
71 138
55 35
117 63
130 62
68 1
116 62
24 23
113 54
99 1
144 60
59 86
39 144
87 57
35 54
105 2
7 106
18 100
27 22
89 19
46 12
42 20
90 141
13 6
138 49
92 138
103 44
106 36
84 105
4 127
76 74
21 114
81 3
39 35
77 59
62 64
144 93
51 7
102 40
56 75
15 66
122 93
76 142
41 109
122 2
81 94
109 89
71 8
147 100
105 105
139 116
139 117
31 78
77 109
105 113
97 122
47 19
120 96
42 19
94 16
122 2
26 102
127 68
34 32
122 8
119 47
71 133
22 37
109 126
14 64
60 27
6 91
38 23
106 18
124 136
119 42
145 97
29 67
71 2
28 76
78 68
71 102
137 88
141 37
148 135
70 115
138 117
113 141
137 130
101 33
72 54
96 62
9 83
58 149
106 72
100 96
143 124
97 81
102 54
21 38
85 145
8 55
38 74
68 128
91 70
96 101
68 91
100 135
118 95
97 105
24 8
83 35
9 111
110 106
109 65
23 147
24 115
57 124
65 30
54 5
24 112
87 74
69 90
93 28
134 31
58 110
128 36
49 23
133 21
45 111
100 74
26 73
34 139
102 2
108 133
145 28
3 145
104 131
79 126
39 87
114 101
58 14
111 67
50 22
104 108
13 136
9 137
68 90
93 40
139 59
2 81
113 119
75 96
119 6
32 10
136 56
148 138
137 144
123 28
105 89
47 73
43 115
137 63
149 20
147 89
66 69
52 99
67 6
26 24
37 42
90 53
21 116
131 54
1 31
111 30
103 2
17 90
110 12
140 57
146 13
52 129
111 114
50 89
126 59
87 96
89 124
146 50
81 42
61 102
121 117
29 111
21 4
67 128
147 44
55 136
130 48
64 2
56 42
7 86
71 133
4 86
78 88
73 45
64 67
9 4
1 88
136 92
94 42
20 60
17 107
110 105
138 30
64 64
70 25
34 7
20 55
96 0
32 38
4 102
107 72
128 130
112 19
8 8
80 43
52 39
97 96
41 32
115 122
56 106
135 16
136 78
135 44
147 104
79 7
14 45
44 11
45 23
85 140
94 36
28 128
18 61
64 11
13 122
101 62
97 124
22 18
55 140
112 70
12 144
50 148
107 28
128 66
61 88
109 103
89 70
23 42
5 0
88 82
94 53
86 12
93 93
114 76
116 106
60 63
127 96
13 130
62 42
31 3
2 62
139 92
15 15
96 91
38 46
129 104
133 125
78 123
139 94
12 139
16 120
50 124
24 131
106 90
26 16
143 84
41 109
91 75
12 128
66 73
111 113
62 126
132 25
27 148
43 51
13 90
59 79
147 122
122 43
101 127
143 50
0 73
136 47
99 66
84 68
78 70
45 143
88 32
24 9
69 58
56 86
127 38
132 135
34 29
109 119
11 148
118 42
10 21
110 64
139 134
94 18
144 106
74 93
46 73
107 143
88 21
125 120
91 138
10 113
56 32
14 24
105 103
22 51
141 110
149 147
143 140
67 147
50 3
99 125
84 136
110 56
31 7
108 39
104 42
65 65
36 47
90 54
10 34
114 82
145 126
82 35
127 107
125 22
81 28
55 124
57 122
40 52
145 11
100 31
53 101
67 121
9 5
61 60
61 81
106 95
52 106
3 97
32 15
135 93
113 19
117 11
111 81
65 120
1 112
148 64
111 110
141 16
15 133
16 78
131 50
78 46
34 94
103 126
70 109
2 104
92 4
127 149
129 2
30 0
89 129
62 49
40 78
12 133
118 139
59 49
73 92
13 87
107 119
16 41
78 2
67 53
81 50
113 100
95 142
75 136
22 39
112 59
108 144
127 84
43 5
114 2
43 13
66 50
51 70
78 135
65 86
11 141
9 36
9 117
51 122
26 105
14 144
16 91
30 24
20 64
101 9
52 123
55 91
58 97
44 58
149 3
0 71
103 69
91 114
132 85
125 13
63 37
15 34
85 28
109 3
2 117
48 137
28 149
107 55
46 15
134 44
133 68
99 4
146 28
41 106
87 32
1 128
64 16
28 31
144 23
35 49
26 144
1 142
40 116
81 138
40 37
129 32
83 91
142 30
62 62
138 40
51 31
60 53
81 146
134 69
123 51
64 41
122 97
128 20
126 42
140 141
54 107
125 102
47 136
120 113
128 92
99 130
105 97
56 129
141 68
51 124
113 32
29 101
2 123
75 95
47 45
50 30
136 59
28 45
36 134
134 81
79 43
105 49
116 14
25 149
92 21
84 77
106 80
127 26
107 23
21 49
98 94
118 64
55 107
66 72
105 121
142 1
24 50
37 5
20 106
78 108
0 67
129 51
112 102
15 144
85 45
140 146
5 54
74 59
139 52
90 91
92 84
8 135
100 20
146 7
102 64
103 140
83 69
59 86
90 36
35 58
63 11
42 30
17 0
104 1
138 32
113 51
17 23
12 144
78 55
6 47
15 68
108 0
50 125
121 146
123 48
17 91
68 50
13 25
141 74
88 84
143 127
128 43
116 27
8 90
62 66
69 56
17 31
6 32
68 12
16 132
11 13
74 23
17 1
89 63
142 82
48 131
34 108
87 35
113 132
139 77
55 66
6 34
134 133
40 103
7 66
49 90
84 95
86 116
142 135
142 67
71 113
14 115
4 143
128 140
9 25
2 67
36 84
23 83
4 26
21 106
37 8
33 141
80 108
65 131
35 115
138 91
14 39
25 42
103 56
110 92
96 40
87 73
24 87
24 21
61 54
89 82
113 43
85 115
66 18
64 139
98 53
2 60
18 75
134 2
122 113
31 132
63 8
129 101
24 104
90 36
66 83
145 143
106 102
107 144
19 122
111 43
44 1
46 62
108 14
2 101
29 120
127 18
19 105
94 41
49 31
138 9
43 72
4 60
45 107
44 72
64 80
70 78
123 86
29 46
138 125
1 38
76 9
27 125
81 34
86 67
1 25
107 1
76 118
106 24
37 95
107 0
12 38
14 104
130 60
31 129
124 9
55 44
123 26
13 50
54 120
75 140
51 50
108 28
33 10
57 101
141 122
96 148
110 19
18 131
57 49
111 54
113 109
134 80
51 90
141 24
63 27
102 39
78 102
80 52
33 113
99 95
107 34
6 61
0 130
6 46
90 132
69 32
41 36
101 93
56 11
142 138
21 138
6 18
42 92
76 0
73 85
131 34
148 14
66 87
29 132
47 81
46 121
6 93
107 135
59 39
65 109
23 47
90 65
16 98
132 142
25 31
71 66
47 70
53 84
48 71
15 124
27 16
22 23
19 114
74 121
36 88
82 7
121 3
33 77
121 145
7 11
21 123
117 134
17 64
0 149
53 109
141 106
63 3
86 136
131 134
104 72
114 113
117 10
100 103
25 86
99 24
46 29
42 143
59 9
24 108
1 74
78 8
124 22
81 57
100 17
107 83
114 97
27 67
68 129
124 1
21 53
148 64
83 55
21 122
10 135
21 33
23 101
33 23
42 18
103 13
16 32
22 119
38 6
63 47
39 69
90 138
80 21
111 48
4 136
45 65
102 12
13 11
127 139
37 56
70 124
110 41
106 60
80 102
100 40
101 10
117 26
113 52
126 128
83 4
17 86
101 113
12 113
116 54
107 13
77 75
138 11
47 50
89 70
49 43
27 126
52 108
124 117
121 63
27 32
7 109
23 115
107 104
7 136
118 96
69 13
67 99
9 81
131 99
73 38
128 3
22 148
96 38
143 108
77 80
6 82
21 11
96 113
0 53
20 23
148 59
67 105
102 13
146 125
93 105
21 107
29 81
22 72
49 28
48 94
86 134
148 96
45 23
7 96
143 9
59 146
19 75
138 50
11 15
94 6
77 100
131 134
7 51
96 39
104 27
24 134
123 104
18 72
3 52
33 60
43 1
26 115
92 119
10 73
148 100
11 77
64 57
47 52
128 88
141 4
66 28
53 19
56 61
11 92
53 16
86 80
110 24
133 18
120 131
129 125
69 4
94 22
58 16
53 76
140 111
141 88
121 15
128 22
68 46
42 3
17 93
139 15
12 104
59 9
62 101
52 40
139 9
60 27
16 132
59 24
97 84
3 92
83 22
85 106
100 145
119 50
40 12
117 69
56 118
88 117
10 43
65 31
101 28
0 149
95 42
135 62
62 47
58 56
75 101
119 43
106 145
34 140
78 145
53 141
124 21
57 63
80 64
24 148
135 98
3 93
51 48
141 100
111 44
1 143
135 35
149 29
125 105
87 98
132 25
105 145
109 132
106 43
79 91
7 120
78 6
137 11
46 144
7 84
65 30
99 103
108 35
102 11
108 78
45 39
98 140
98 61
60 149
21 54
147 70
145 130
17 53
12 123
110 43
122 15
111 60
79 140
82 9
133 19
0 119
32 107
26 84
125 68
69 52
89 103
34 50
119 43
115 88
65 62
78 61
86 72
57 39
124 139
13 83
74 46
51 118
33 128
108 16
101 139
61 113
25 132
119 106
33 94
118 77
116 76
148 44
101 32
26 47
126 140
24 111
4 49
90 21
3 8
146 72
6 44
110 78
141 11
128 30
96 102
115 43
103 0
66 133
61 9
38 92
4 63
8 61
55 9
140 85
110 111
25 98
40 121
20 48
1 87
10 123
0 143
104 75
114 128
38 55
109 116
64 102
73 142
38 77
93 47
4 128
52 56
117 95
8 72
65 74
76 41
107 23
67 137
86 35
20 70
43 4
120 89
4 34
26 86
41 117
64 127
3 41
35 53
146 121
115 143
148 114
137 93
88 111
29 41
9 73
22 22
7 145
39 141
87 142
76 120
3 9
70 49
76 18
141 142
54 125
139 141
146 71
50 35
90 80
6 68
69 32
70 53
53 60
4 137
103 107
69 84
7 146
105 38
144 14
65 74
109 97
52 52
110 149
39 21
40 145
1 102
69 97
46 128
80 53
40 17
47 64
12 72
89 3
135 21
78 115
52 45
13 42
7 72
27 71
63 40
120 2
110 79
49 11
64 72
56 8
60 117
47 97
58 26
18 90
30 142
53 86
6 59
52 112
60 74
13 90
36 126
49 101
95 71
70 86
103 42
62 14
1 111
126 78
123 11
75 147
148 147
147 57
64 22
134 117
93 53
47 70
44 0
14 34
137 60
140 132
95 102
134 127
83 53
81 100
116 87
38 33
127 99
145 44
138 85
120 51
30 54
59 42
11 20
27 112
118 72
46 2
59 29
127 23
46 43
12 126
122 1
36 20
78 120
39 26
17 123
57 92
68 116
109 118
88 30
26 19
31 144
36 63
32 84
87 21
117 29
61 65
97 116
49 104
1 66
62 113
56 48
54 39
43 4
72 75
8 130
8 71
114 37
126 66
116 108
118 111
19 135
58 147
17 39
20 33
87 75
57 43
81 82
38 80
46 116
16 130
143 88
4 113
36 59
27 87
91 121
129 62
85 35
112 30
1 63
108 6
125 7
144 144
118 72
106 100
142 43
31 25
122 113
83 40
26 21
84 30
75 29
13 149
72 99
126 48
52 80
37 137
28 92
77 87
100 77
33 109
125 113
85 101
35 35
75 143
83 146
87 27
130 94
80 85
77 38
26 60
105 128
45 79
19 72
73 115
38 79
26 103
126 65
82 15
79 123
44 93
23 2
134 99
26 45
147 136
73 115
109 105
11 18
2 85
23 149
56 121
42 59
64 67
147 59
58 58
107 48
95 112
131 110
138 88
131 112
33 1
70 69
57 82
86 44
27 90
31 36
70 56
1 81
78 88
70 31
49 131
146 26
137 20
87 84
111 47
137 65
65 42
9 94
137 90
95 25
35 40
90 0
11 133
118 118
104 126
65 118
5 105
11 72
34 146
135 134
129 32
68 114
88 147
53 111
81 147
133 121
135 33
59 12
47 36
2 44
41 79
30 39
119 123
3 120
105 135
4 131
44 51
113 41
145 93
17 135
55 1
119 140
27 58
39 39
50 55
49 4
51 106
14 149
24 28
76 135
54 22
44 99
105 75
87 123
60 65
30 148
117 109
75 49
99 57
127 71
83 109
141 138
68 116
59 89
33 13
99 56
13 71
16 20
112 58
35 102
39 56
71 8
117 29
122 72
72 61
82 3
36 141
82 144
105 39
46 82
132 130
123 84
81 90
131 57
45 46
145 137
36 118
108 85
114 66
141 64
81 81
47 114
61 56
92 86
87 145
17 101
33 107
65 135
43 4
123 2
25 3
106 129
21 88
123 123
101 46
11 147
99 73
53 115
111 46
3 51
148 147
115 81
12 11
15 44
140 77
140 133
27 38
103 53
51 48
90 149
96 103
90 99
108 56
22 73
85 65
127 125
6 141
82 33
17 49
129 36
30 40
75 65
17 84
4 66
47 79
35 80
16 53
126 125
119 122
142 79
127 77
136 103
94 34
144 37
41 139
147 45
79 44
22 64
140 86
139 80
105 15
108 107
41 133
26 4
122 10
36 66
30 16
39 51
7 66
130 18
67 3
54 78
57 141
43 128
13 114
143 74
118 25
122 149
20 76
27 119
26 91
82 15
111 146
61 87
38 144
140 3
118 145
1 120
95 33
16 103
73 11
85 70
46 13
53 61
49 74
106 67
51 104
94 45
0 87
1 145
43 129
147 41
73 84
12 137
121 84
108 78
94 40
104 92
126 9
48 116
87 89
68 122
114 126
143 5
44 81
142 76
12 149
48 137
51 116
14 95
15 100
84 22
79 52
4 23
93 100
145 129
115 49
85 130
80 136
56 88
58 66
136 138
119 120
128 79
9 90
9 74
104 142
142 80
131 23
13 114
55 23
80 144
142 55
148 105
47 93
68 145
28 10
2 40
8 62
48 149
42 82
22 116
101 137
60 38
114 19
2 115
82 38
119 96
37 79
109 15
124 100
61 47
133 85
113 10
129 42
127 2
47 110
147 19
129 143
37 74
109 63
3 82
3 78
12 16
131 31
106 89
41 40
33 5
47 51
0 53
42 41
118 118
37 93
36 25
146 66
101 46
106 51
114 49
55 60
8 87
21 103
147 71
94 85
147 62
69 133
122 2
5 28
94 87
99 60
135 16
66 107
125 119
64 121
2 33
20 117
46 47
144 91
37 110
122 23
2 132
98 0
34 83
138 61
98 5
35 112
62 34
19 101
9 51
108 74
79 111
136 139
0 75
31 53
84 90
104 132
98 121
99 44
37 17
90 102
129 128
125 2
146 144
58 50
10 124
77 107
56 77
42 107
112 73
33 84
46 7
92 71
133 128
94 62
3 69
41 72
83 84
113 127
88 84
139 49
21 4
43 88
35 82
139 38
29 59
25 128
16 35
117 9
95 39
36 11
112 15
148 20
33 122
30 123
122 23
70 78
17 116
80 76
28 121
63 47
125 79
45 31
79 138
137 78
149 26
124 41
69 3
63 59
75 14
4 33
26 148
119 11
96 41
26 19
38 42
26 118
61 33
33 136
67 53
70 87
32 81
87 7
147 112
145 6
90 119
85 130
128 61
13 111
123 113
43 31
114 88
23 36
105 14
35 107
46 40
37 125
149 31
96 90
102 31
51 128
18 25
87 144
21 33
59 78
30 38
69 60
139 106
55 110
16 109
21 114
85 138
127 34
148 7
37 24
16 31
43 93
128 18
65 100
67 16
108 109
79 49
63 30
119 148
74 101
14 14
60 117
16 139
78 126
90 89
140 35
149 87
96 21
7 14
141 55
101 3
117 126
26 122
7 25
69 82
123 113
58 28
144 110
80 6
65 46
20 16
65 66
41 89
53 74
73 24
36 122
84 124
14 97
114 12
41 39
100 128
99 30
135 1
133 19
100 11
38 87
100 23
50 65
131 103
122 86
15 43
89 19
68 5
2 116
69 66
148 45
77 74
67 26
146 25
135 116
88 12
93 2
10 101
80 117
40 142
65 56
96 132
43 124
1 66
106 92
110 45
86 84
118 66
38 50
42 116
149 51
115 97
133 110
72 38
68 54
81 27
83 44
39 108
58 110
16 34
18 44
91 147
20 53
118 42
55 75
54 100
110 47
94 75
45 96
117 82
24 30
93 62
77 100
46 13
64 89
51 15
54 133
16 90
58 58
85 135
82 58
15 32
97 104
27 97
61 82
26 72
98 55
141 49
102 61
57 140
91 115
48 56
102 64
97 9
56 106
79 79
93 3
36 65
83 5
53 28
59 82
75 115
124 134
55 24
76 12
28 6
109 44
98 49
84 100
114 134
27 34
9 30
109 1
93 26
21 111
133 4
117 142
4 99
128 40
122 138
71 106
130 66
50 95
3 0
68 69
69 122
9 143
5 61
90 110
40 8
37 7
41 83
76 77
58 9
53 80
56 112
149 138
34 59
28 14
7 123
24 113
102 8
65 41
115 29
20 36
24 111
146 50
16 83
103 4
123 60
142 109
93 149
73 14
73 7
2 27
59 41
41 111
51 42
47 137
137 149
123 97
104 6
135 110
126 62
27 59
74 135
133 12
26 4
111 18
9 86
49 63
113 12
50 99
112 121
17 36
90 113
33 78
107 116
142 79
32 78
100 35
106 97
95 31
79 15
130 80
62 54
113 118
48 123
126 112
78 143
9 7
2 142
55 124
138 43
147 51
130 123
14 90
76 45
128 143
146 95
139 31
107 11
76 43
29 2
96 38
49 110
144 33
69 12
116 66
77 8
51 139
23 26
12 69
100 148
9 99
54 64
3 98
111 97
119 78
110 118
82 140
23 128
102 138
124 120
114 68
126 29
69 51
51 12
39 62
127 26
20 67
118 124
129 142
82 23
130 134
105 149
125 22
67 63
106 17
122 17
85 63
11 45
93 9
122 132
40 34
76 142
36 44
52 40
16 74
30 76
143 25
27 102
2 61
32 144
5 114
5 98
106 113
24 119
2 141
15 90
9 11
93 122
62 47
92 115
120 83
30 44
27 112
8 148
15 53
60 129
31 85
37 54
44 98
9 83
13 45
26 76
133 57
62 58
10 8
134 10
149 136
46 127
104 96
74 45
23 112
19 25
46 25
74 14
131 47
10 130
45 95
46 7
121 95
30 55
15 106
90 143
18 66
110 3
46 143
87 94
16 84
20 120
130 144
145 76
26 110
42 66
135 103
24 105
138 62
30 0
65 109
111 145
96 149
102 24
58 11
83 30
46 34
62 60
143 139
18 18
79 21
20 93
48 1
91 38
57 123
142 76
141 124
122 70
39 29
61 61
142 76
78 39
2 56
82 144
128 46
125 74
146 7
84 28
65 60
14 38
27 107
112 54
137 83
127 21
74 79
49 124
128 125
7 98
81 80
48 134
59 9
74 115
87 121
96 128
111 45
144 22
121 140
102 58
89 97
17 96
60 69
116 83
148 94
122 100
37 64
94 143
53 98
93 40
14 87
69 72
103 51
128 51
147 94
3 93
26 118
58 127
24 69
98 40
99 109
147 41
114 121
51 59
85 50
141 94
97 107
54 13
81 70
144 63
58 5
94 11
18 36
85 139
128 113
50 140
148 8
84 130
99 93
104 74
6 66
85 112
114 97
142 74
39 69
79 37
56 134
67 15
115 57
128 36
84 131
119 67
5 147
76 68
24 2
145 10
146 71
85 46
84 85
144 44
141 70
144 98
139 114
7 21
86 0
5 37
31 82
67 90
134 36
96 79
137 77
85 114
111 89
113 88
50 75
141 116
24 70
139 83
61 0
54 36
66 72
99 12
143 149
110 129
115 73
49 92
79 12
65 60
127 108
99 59
144 140
96 71
87 43
70 142
128 87
17 48
85 73
34 47
33 27
18 119
79 27
51 115
89 141
56 37
6 144
21 97
137 117
52 18
53 49
83 113
65 91
43 113
46 85
111 59
113 96
50 51
124 12
140 70
8 126
147 55
118 11
91 2
52 123
42 43
144 122
60 82
3 146
34 148
86 7
137 61
54 88
72 147
141 91
140 15
79 5
60 94
29 46
116 127
28 88
66 28
27 22
75 97
14 73
36 106
83 80
52 139
53 76
121 109
11 125
61 26
14 11
13 120
146 129
95 79
78 58
77 62
4 128
24 144
33 120
84 89
125 4
131 48
80 46
49 1
31 143
123 116
103 54
13 122
16 124
82 136
116 77
148 84
62 21
5 103
88 55
130 65
4 21
94 3
8 113
38 30
31 69
1 74
3 0
128 89
11 25
137 12
117 58
34 48
4 9
7 146
34 66
73 123
124 47
123 29
51 77
79 98
147 65
132 128
80 146
58 148
13 89
63 63
78 10
22 20
124 41
88 3
4 133
44 124
88 34
97 33
28 124
10 149
56 20
28 10
52 65
42 147
141 136
112 68
24 92
51 34
72 61
75 37
112 114
93 149
80 12
24 65
131 117
46 119
105 56
89 138
123 20
17 148
85 23
55 67
64 98
106 148
111 136
91 111
92 55
125 0
2 38
129 146
80 63
135 142
92 138
3 7
65 120
92 47
130 52
74 99
46 133
108 144
1 106
89 27
49 84
109 79
24 58
87 100
33 100
118 59
92 108
25 45
21 42
143 70
100 115
15 128
133 91
19 6
138 84
34 74
28 27
43 121
130 1
80 39
77 6
122 109
5 76
87 4
29 79
63 3
78 63
123 109
58 45
26 125
11 66
43 62
0 52
115 109
113 94
145 67
11 127
75 5
38 143
101 118
130 31
120 128
19 87
105 117
123 47
2 80
118 55
59 29
10 33
116 80
131 105
75 119
138 143
45 40
52 123
27 127
117 46
53 61
39 112
81 19
79 43
145 118
49 141
51 112
79 104
80 57
65 0
51 93
5 118
83 16
10 143
26 107
65 36
81 104
131 149
78 72
72 131
99 80
139 13
97 95
65 145
117 109
56 91
115 112
34 31
129 46
78 31
127 60
110 25
81 105
84 67
109 58
144 79
2 117
90 32
129 138
43 22
47 67
30 51
1 15
94 97
71 133
14 139
105 1
84 29
22 55
135 137
79 95
105 96
29 8
9 13
70 7
68 93
9 4
1 136
43 44
135 120
106 126
0 64
138 25
108 130
45 53
6 41
149 131
20 22
91 149
46 81
40 91
57 92
19 16
13 126
92 33
114 130
42 83
133 89
62 37
102 92
92 139
105 72
103 143
74 49
127 103
89 117
49 59
96 12
76 122
52 28
45 114
36 136
128 59
133 63
29 83
84 11
36 25
124 32
121 134
79 69
24 135
75 124
5 121
107 8
1 115
48 57
37 80
136 58
11 83
87 98
118 79
143 57
6 2
87 133
60 120
40 79
137 18
147 129
107 142
125 55
20 59
67 3
126 30
130 69
144 113
81 124
35 83
61 93
24 37
28 65
73 56
50 103
65 146
17 141
3 133
75 73
78 89
117 64
87 58
95 13
3 24
30 10
146 9
76 51
88 51
16 77
21 4
50 141
136 33
56 17
133 22
42 132
11 86
46 138
108 113
7 69
90 19
23 17
4 1
95 119
9 40
147 129
91 68
134 84
12 22
42 45
66 27
45 42
147 86
78 145
82 9
112 22
144 149
86 1
104 42
86 8
15 119
58 135
39 31
30 63
75 50
99 84
49 83
28 13
24 110
60 74
145 123
47 141
15 36
13 37
148 133
84 50
112 124
39 6
96 10
128 126
123 60
48 71
113 82
107 111
92 114
86 118
68 141
59 90
121 129
116 70
54 119
144 100
4 130
24 106
33 70
116 43
0 25
89 127
61 75
144 137
147 30
66 101
35 81
36 85
88 51
45 25
88 62
63 2
85 112
26 1
104 62
4 21
61 61
87 17
8 34
73 148
20 105
58 110
58 40
73 35
20 30
25 42
148 115
44 91
97 104
13 124
125 59
73 5
15 101
14 93
75 38
1 99
67 72
104 29
119 104
9 12
118 113
30 116
6 120
61 93
145 14
112 42
4 71
39 87
78 19
86 112
107 39
39 84
38 26
73 84
145 42
11 62
141 136
62 36
143 45
125 74
73 21
69 54
23 143
42 12
133 107
79 26
108 112
53 137
126 136
28 15
112 49
147 37
122 0
39 86
114 138
83 57
59 24
137 37
30 134
28 86
84 115
99 50
51 25
81 146
122 1
74 94
69 36
105 101
148 87
10 33
145 98
32 60
15 118
96 67
127 24
30 96
134 122
16 25
36 37
35 26
72 39
107 145
33 140
76 31
107 6
83 148
92 91
83 40
104 128
89 60
1 0
86 116
22 43
58 12
39 71
58 60
36 90
89 73
132 133
24 93
5 111
45 51
26 127
95 82
52 89
138 131
21 78
116 117
12 143
77 48
10 91
22 110
20 138
11 143
40 37
121 110
32 18
24 39
50 71
69 86
77 121
4 38
108 43
146 22
70 115
55 110
119 6
51 58
9 113
124 28
39 115
30 60
110 72
3 8
23 31
34 51
60 145
101 129
112 43
123 105
109 49
22 30
144 93
70 44
111 3
112 23
54 20
60 144
69 3
28 43
92 146
115 146
92 143
146 124
48 27
79 148
0 139
17 135
65 119
23 87
129 15
112 54
3 53
18 95
84 90
115 59
36 17
72 16
140 53
82 49
82 30
8 1
45 16
148 50
122 133
141 121
117 112
118 116
43 110
84 88
39 89
95 149
97 84
115 54
6 6
71 77
138 67
93 42
102 49
135 115
81 118
67 136
58 130
54 87
52 146
65 31
73 50
116 83
146 14
67 142
18 135
116 115
31 95
8 111
33 16
3 142
39 105
43 21
148 124
93 69
94 52
132 60
101 134
67 26
25 46
33 48
38 34
102 90
149 38
109 87
94 76
36 136
2 129
17 4
18 50
131 130
109 75
51 109
57 70
2 87
59 4
27 91
74 134
35 5
136 59
142 107
26 44
109 41
25 97
119 71
63 58
101 12
85 32
141 37
94 129
71 41
31 140
124 91
122 81
44 89
147 70
136 134
74 68
70 95
83 124
147 42
140 147
102 82
13 58
51 142
30 89
13 95
55 92
110 79
55 83
75 98
15 34
15 96
77 19
74 126
100 128
5 147
131 32
1 32
34 138
28 28
78 73
66 137
30 78
85 6
131 110
114 122
85 53
2 31
29 64
66 146
1 25
84 43
121 31
35 126
98 3
63 75
62 22
113 38
54 54
95 103
59 89
96 3
97 88
108 6
98 42
83 58
76 15
132 58
99 87
67 111
68 126
136 20
145 44
140 66
2 65
0 77
10 78
144 74
88 8
3 145
18 64
37 143
6 69
62 27
149 40
133 101
18 109
94 114
73 25
66 42
73 73
25 62
18 13
81 11
34 61
112 61
66 52
37 45
67 11
52 101
92 71
64 82
133 17
24 70
113 50
86 8
19 60
136 59
16 130
142 142
41 75
118 135
89 92
75 40
93 65
73 35
89 110
126 37
10 139
65 2
28 73
30 132
14 22
95 71
34 103
32 124
26 57
77 129
39 128
111 136
148 32
33 98
37 26
76 94
134 26
92 130
5 97
114 66
94 5
122 84
34 27
103 137
106 80
23 129
17 103
61 37
65 16
3 29
12 119
105 8
42 108
3 140
12 41
103 109
59 136
72 74
135 23
33 8
26 55
136 63
126 28
145 5
53 13
97 122
29 117
14 121
144 7
104 22
77 125
71 0
21 84
120 44
90 76
112 95
149 48
113 126
127 108
101 44
62 67
40 109
137 95
129 125
36 138
6 82
57 12
138 20
71 4
96 87
138 129
61 80
63 72
126 104
25 46
135 128
111 38
88 80
36 5
115 91
39 71
93 145
21 119
35 92
97 13
106 113
115 79
25 4
14 55
131 72
27 93
5 120
118 61
137 77
10 27
61 88
68 67
78 100
115 92
133 49
132 1
48 109
98 104
107 38
76 62
71 36
142 57
84 91
78 105
48 58
107 94
39 94
126 71
95 90
42 95
99 72
114 54
15 112
74 37
47 1
149 82
61 118
130 7
141 121
109 99
114 76
44 101
89 113
67 41
83 90
94 57
133 52
127 55
54 45
78 22
98 76
80 84
110 43
131 142
41 53
75 66
126 106
141 139
2 139
101 24
135 133
57 115
19 11
24 104
11 117
133 76
126 54
38 124
67 33
141 0
78 76
62 18
38 18
103 81
4 17
96 26
90 143
100 97
105 70
122 63
89 131
7 128
147 116
118 7
18 61
113 107
110 109
54 123
118 60
12 62
144 87
43 141
89 142
110 71
1 137
20 26
98 53
38 130
118 123
73 69
53 93
131 92
140 118
34 104
81 56
33 100
138 78
91 133
13 135
87 143
122 144
7 125
86 11
132 61
55 47
16 78
115 38
93 132
93 58
18 74
75 73
111 59
8 125
140 97
9 95
30 4
24 123
141 104
66 85
74 67
68 49
3 110
112 44
68 0
24 124
3 6
90 18
108 109
53 135
90 70
36 86
65 131
100 37
98 138
121 91
74 80
19 12
14 36
145 1
109 32
18 127
45 147
139 145
115 58
13 107
4 95
59 39
116 21
18 33
141 47
101 33
16 129
14 134
61 126
67 16
88 18
108 84
3 148
87 144
52 137
78 96
47 142
108 56
100 124
35 145
57 70
61 7
49 88
46 39
98 39
11 135
37 54
61 72
35 27
107 117
129 128
94 148
0 143
26 41
36 90
78 44
15 61
131 135
147 116
99 103
36 144
31 148
128 115
136 15
15 62
83 21
69 60
115 23
76 126
56 117
69 74
73 53
48 148
54 30
36 96
138 97
46 32
45 51
6 59
122 34
67 40
49 52
115 38
0 77
83 49
32 147
82 132
52 57
102 118
95 30
54 72
71 69
5 51
83 82
76 73
29 69
72 51
68 148
70 142
30 27
14 29
121 64
145 26
35 15
74 82
46 14
83 87
4 83
84 92
46 118
66 56
38 105
85 69
103 132
92 81
127 3
30 6
92 57
80 13
77 115
120 57
25 108
12 96
61 144
2 98
30 78
118 33
93 79
28 84
73 107
20 21
113 146
59 114
67 114
11 50
1 37
141 103
53 10
99 102
130 49
38 148
12 82
63 88
122 149
68 141
51 61
54 118
39 48
144 62
35 122
115 127
37 64
69 13
22 72
9 122
37 45
108 78
114 64
125 148
124 94
28 27
112 3
91 38
149 97
16 3
59 126
102 137
125 7
53 82
137 124
138 132
79 111
83 149
34 30
21 40
64 124
110 88
92 147
20 103
55 58
116 111
98 78
107 17
21 135
98 105
106 83
123 31
6 110
8 56
0 129
64 7
141 11
28 105
133 33
9 101
121 21
15 8
135 65
131 72
135 127
38 8
132 140
80 99
66 125
93 41
108 65
145 19
2 102
147 123
123 5
106 93
13 116
46 73
95 107
61 63
125 133
86 12
107 143
0 74
129 3
93 75
107 32
61 14
79 125
125 123
27 122
112 68
36 120
125 92
132 101
87 64
38 129
53 89
6 149
17 70
114 110
145 3
1 47
143 86
122 92
131 62
73 139
125 62
108 124
104 64
14 85
101 120
79 60
128 43
63 135
42 24
85 51
51 70
111 61
138 5
27 90
91 127
104 49
22 134
91 90
104 57
117 127
58 43
121 0
117 26
48 128
54 100
100 118
78 4
1 141
77 130
146 49
122 9
127 67
3 92
125 108
51 103
136 71
73 146
29 52
76 0
122 67
85 98
69 41
79 68
30 30
27 50
71 124
87 18
110 48
47 1
71 78
70 71
100 43
141 4
23 124
133 64
141 77
137 129
119 60
140 60
102 101
145 33
85 120
68 61
115 82
16 90
46 34
85 29
1 63
42 2
82 38
33 8
17 46
126 141
3 43
119 50
43 3
4 129
141 1
120 128
81 83
114 37
8 144
36 101
132 123
34 66
73 51
52 129
139 130
110 132
54 37
45 72
24 46
34 14
45 59
146 146
132 2
107 109
131 97
112 35
14 98
146 129
143 51
111 71
99 140
76 98
144 56
124 82
6 71
146 148
142 61
20 97
147 1
137 30
101 117
134 81
44 14
106 133
24 104
139 49
10 81
121 131
35 43
54 90
20 63
107 70
111 149
129 60
139 9
114 54
84 67
93 50
33 58
68 37
103 97
9 133
85 114
137 20
113 144
20 87
52 95
52 90
85 102
48 129
149 35
28 45
31 27
84 93
48 128
142 144
82 42
67 65
110 22
108 90
55 5
145 137
104 51
66 133
20 27
30 108
36 43
1 105
75 93
10 10
94 53
113 87
71 115
36 124
39 50
78 110
133 61
63 73
104 12
95 147
67 55
31 109
36 127
4 7
94 41
65 110
5 4
58 77
101 37
6 94
31 97
83 32
73 147
109 126
82 147
93 120
111 4
121 18
94 45
49 142
137 82
122 100
19 16
51 146
131 66
135 94
136 7
8 67
58 147
77 127
15 54
143 90
145 71
20 127
89 96
116 20
123 79
71 131
56 84
138 139
2 27
131 51
117 34
62 33
18 130
112 44
11 46
43 40
35 73
139 100
112 69
130 7
63 148
36 1
34 49
120 94
61 8
107 130
36 129
112 2
71 138
16 32
107 115
148 119
1 8
145 10
136 111
56 112
27 6
148 80
19 38
33 129
50 86
116 120
134 143
103 90
17 123
3 48
96 104
29 110
143 32
104 41
61 137
65 114
148 77
118 85
78 38
54 118
46 4
66 133
42 18
43 36
38 33
25 137
109 144
125 68
126 16
125 13
91 57
112 121
59 11
1 124
33 48
48 8
140 9
137 17
141 30
137 43
11 140
149 73
103 99
60 102
40 65
4 62
1 99
28 16
81 138
100 136
91 95
19 88
105 22
139 145
16 96
22 41
139 101
24 128
118 38
133 0
51 1
33 83
137 43
57 86
115 98
28 73
118 41
64 66
115 53
117 1
14 117
115 108
40 75
46 80
132 90
97 17
96 91
66 88
51 84
115 43
56 134
53 62
140 70
106 135
61 76
128 61
125 144
36 33
113 62
26 143
73 72
1 30
51 26
46 131
69 91
135 40
31 20
95 52
58 3
108 35
116 7
136 121
128 43
6 136
13 105
69 101
102 33
16 68
122 142
66 64
54 30
55 4
73 80
84 102
1 25
48 14
25 58
132 130
59 4
98 90
73 83
130 35
11 72
64 84
65 31
38 11
18 48
100 89
22 127
124 106
87 28
62 49
109 107
62 75
135 37
134 54
43 65
4 74
35 4
142 100
17 116
126 117
59 11
107 109
99 14
5 70
72 52
31 116
121 77
140 116
72 21
119 96
31 58
3 10
56 138
95 41
70 128
128 120
38 132
31 20
59 52
119 115
88 131
62 91
116 105
102 35
37 70
60 48
26 56
11 106
91 125
145 99
119 8
1 41
47 58
141 148
127 30
67 10
117 59
136 147
83 88
62 12
16 3
27 10
119 42
59 23
22 74
48 23
123 51
147 96
106 9
60 108
17 36
18 133
14 40
7 21
49 134
16 141
62 93
112 4
59 52
84 65
91 124
77 68
71 9
116 95
46 17
98 73
28 75
121 52
132 110
69 55
32 67
25 119
90 14
89 75
12 33
86 24
45 88
26 105
137 3
144 146
82 28
140 96
47 19
57 27
10 32
106 90
121 82
28 55
61 58
19 87
25 3
54 14
20 129
117 95
83 119
138 37
148 8
23 111
147 101
70 17
18 126
44 107
5 6
109 56
52 15
110 48
54 104
72 128
39 53
97 122
20 119
125 116
117 12
88 27
24 104
73 90
86 85
65 116
32 101
1 19
86 74
42 45
56 137
93 132
83 16
91 62
37 67
124 62
30 33
74 113
70 62
40 7
120 48
56 2
47 129
25 133
134 88
88 25
131 107
0 106
136 138
26 139
76 100
3 19
86 15
99 83
65 44
140 112
83 52
50 17
18 73
66 92
119 120
54 132
84 31
42 72
15 91
75 131
12 45
17 101
27 10
33 8
38 45
61 147
91 4
28 149
90 56
135 34
147 66
76 19
75 49
80 60
58 62
129 86
12 122
74 23
19 124
136 28
19 149
20 109
38 1
87 76
27 13
42 90
85 130
32 12
142 62
94 53
81 111
97 57
28 126
108 98
51 104
90 97
64 92
42 17
79 48
85 50
2 28
4 83
99 33
121 40
96 98
100 41
116 43
28 96
26 108
103 122
13 115
14 149
127 72
72 132
126 81
108 149
19 84
23 79
25 27
6 0
76 132
56 117
49 21
2 52
82 117
104 119
25 138
132 62
70 47
92 121
75 72
69 53
107 112
110 121
25 139
96 148
93 20
8 8
25 122
25 104
142 56
110 103
100 98
56 20
22 62
146 76
76 98
63 119
82 79
85 95
51 95
111 6
90 15
11 131
50 65
36 72
1 85
34 106
38 16
111 32
61 134
48 131
78 123
106 56
12 81
87 34
148 22
136 92
64 134
8 22
52 20
147 83
13 136
74 43
39 136
7 65
74 134
1 12
69 84
70 110
149 136
28 67
94 92
134 24
107 79
131 33
137 124
5 139
22 24
53 76
56 41
135 59
123 81
147 128
56 66
41 52
125 2
82 7
98 46
38 32
140 128
97 129
90 60
132 57
34 100
126 117
86 42
40 100
42 134
97 70
121 147
60 8
63 121
111 92
125 50
137 64
134 47
78 17
18 44
94 93
140 148
7 137
92 133
79 90
131 128
89 48
100 109
4 122
57 97
88 128
29 123
144 138
17 137
74 98
34 119
61 112
121 84
74 126
90 61
87 98
123 64
104 68
42 25
111 5
21 24
18 12
32 36
89 136
76 65
4 87
136 54
105 48
0 120
104 144
79 33
88 96
149 131
63 33
60 19
74 27
64 128
51 95
62 94
97 50
59 68
56 56
66 78
126 101
73 95
6 32
71 116
75 35
124 65
27 100
61 114
54 67
16 33
119 139
84 114
51 64
117 58
76 10
38 91
5 121
127 76
86 78
30 93
130 52
2 109
58 121
71 0
4 10
117 19
118 63
77 108
57 12
85 51
95 54
85 51
111 25
90 77
118 100
12 123
38 12
132 79
120 68
16 16
137 83
117 59
50 59
36 128
125 68
58 126
71 75
95 98
43 104
52 92
144 1
106 23
72 75
52 120
139 0
83 12
118 54
55 143
61 0
13 102
115 72
143 77
117 42
132 90
7 42
56 132
58 110
105 142
135 124
145 113
94 22
107 7
80 94
144 39
146 111
62 101
58 15
88 118
9 145
142 113
132 88
15 108
116 91
131 141
28 24
35 34
5 7
31 96
63 21
76 59
118 137
91 119
105 138
52 141
18 95
148 22
65 70
38 4
37 63
85 96
141 137
41 79
2 69
41 146
145 57
89 68
82 78
126 105
91 76
45 120
5 67
136 57
121 56
14 12
0 25
147 100
137 11
35 112
16 43
141 80
92 96
61 149
107 6
92 49
9 56
141 90
51 114
102 64
84 134
27 27
11 78
7 1
86 80
9 64
109 74
19 78
34 18
86 24
147 14
50 46
6 119
54 28
19 26
124 130
23 8
24 125
102 6
63 124
132 111
32 3
50 72
39 65
137 46
31 117
34 24
72 25
138 81
22 112
71 135
34 56
76 12
112 123
64 80
102 8
123 25
54 45
118 44
12 38
128 71
60 6
109 55
92 49
89 45
107 123
118 138
99 15
0 125
11 79
125 22
70 17
104 18
105 21
37 147
132 60
104 34
134 10
92 127
72 48
100 71
146 123
10 126
143 84
92 143
139 77
52 0
15 104
101 139
141 54
85 114
44 29
93 72
97 29
110 123
140 33
123 119
52 140
30 72
92 129
71 127
64 116
20 72
39 45
80 104
28 149
24 102
123 43
116 64
19 75
53 142
75 0
8 47
56 91
119 29
122 2
79 123
91 52
37 49
0 47
140 28
66 38
0 41
28 32
82 15
6 101
37 79
108 50
45 128
30 130
82 139
118 140
108 65
2 10
132 96
17 114
81 85
44 108
56 79
76 58
75 38
92 37
12 105
6 5
34 57
120 18
39 134
6 2
126 83
32 94
15 40
10 46
85 132
149 7
140 133
103 58
139 80
124 100
50 63
13 22
89 84
16 86
143 26
50 75
20 33
127 41
50 114
27 74
134 75
94 96
11 14
44 147
108 8
66 134
0 33
108 119
27 39
109 65
9 8
15 30
142 69
137 136
108 7
68 128
37 141
26 103
15 141
62 19
91 48
32 137
36 102
32 121
95 22
83 66
149 142
146 73
23 85
92 51
56 51
17 20
52 115
91 43
23 66
94 75
73 43
118 146
76 17
137 67
94 11
126 43
45 108
24 16
8 97
110 19
144 32
77 93
10 112
86 44
42 124
130 71
4 93
109 56
56 46
141 2
49 0
127 148
82 80
48 46
42 144
10 86
117 38
47 121
19 119
10 65
112 76
3 123
130 72
121 23
70 52
26 110
45 77
99 95
52 88
114 107
6 138
52 11
0 121
80 49
47 14
140 122
89 31
137 15
98 84
76 34
102 111
87 70
56 69
116 99
39 66
114 96
39 119
50 5
94 60
119 63
19 135
53 30
128 38
7 4
147 147
55 144
117 14
20 136
111 43
128 23
131 73
73 64
110 48
102 49
52 123
136 86
30 87
128 39
53 128
106 96
61 92
109 71
112 67
11 13
116 32
72 69
6 117
149 96
34 102
69 15
131 42
35 39
121 107
115 111
109 38
80 68
111 61
17 1
66 103
114 138
82 34
82 140
48 107
116 147
15 111
126 18
58 98
113 7
56 24
129 122
106 10
4 42
105 71
20 56
64 93
10 84
41 110
135 95
74 61
118 35
75 60
87 37
91 91
21 126
139 49
56 23
42 118
72 128
136 27
40 58
113 86
106 87
124 110
135 52
112 36
149 97
104 142
66 57
103 50
128 30
67 41
36 117
0 47
130 142
65 47
52 41
17 138
119 25
16 1
139 66
1 114
128 105
37 124
0 115
97 17
3 75
94 18
3 46
24 74
37 65
67 144
4 19
65 12
95 54
119 98
126 110
96 105
3 2
80 124
77 97
100 48
63 128
24 108
136 142
56 74
81 128
100 97
138 66
122 7
60 6
29 133
111 25
94 132
85 81
149 134
130 39
56 81
72 3
11 24
54 121
8 70
132 11
40 100
106 131
19 80
100 13
69 124
117 51
38 116
33 90
63 95
121 135
52 94
76 15
84 77
92 84
25 48
66 0
101 139
51 64
112 85
78 112
132 0
89 100
27 145
143 115
17 122
82 104
118 77
117 72
13 109
95 1
80 43
114 59
30 35
3 146
18 128
34 0
1 119
59 77
26 48
106 10
42 14
47 18
82 4
103 60
79 136
118 82
10 113
40 24
34 108
75 90
79 112
28 56
72 35
2 28
10 143
24 5
5 81
39 15
68 67
100 67
145 53
58 67
25 60
83 102
116 104
35 47
27 138
130 129
144 145
0 59
39 133
120 27
1 7
117 102
149 111
22 37
46 32
111 117
31 54
56 114
5 35
87 136
31 9
140 105
72 74
131 73
94 33
104 115
79 74
47 109
132 34
126 93
17 24
33 69
107 92
83 28
109 146
93 93
60 132
48 69
127 60
79 38
117 9
12 110
20 145
74 45
66 122
96 123
125 146
141 35
46 93
65 17
63 2
38 42
9 137
31 6
83 136
99 72
44 66
54 44
85 145
38 21
102 8
147 101
99 62
6 109
28 148
62 81
66 76
145 95
145 28
20 11
15 118
65 149
16 21
130 1
62 31
120 116
91 100
20 127
37 104
37 94
0 95
147 104
63 12
92 102
30 117
111 10
128 21
15 5
20 135
102 126
41 35
57 22
121 22
42 109
9 80
80 11
57 116
110 100
37 39
18 48
123 22
8 30
85 57
114 4
124 121
87 67
141 105
13 67
144 7
93 43
18 89
130 92
94 83
127 114
84 23
108 75
14 46
23 65
113 68
11 46
110 9
102 36
140 145
144 103
97 16
61 126
64 65
147 14
143 108
144 76
12 31
14 106
1 17
67 11
52 21
78 21
111 39
111 87
138 127
116 73
25 67
60 70
103 0
71 95
86 46
89 71
138 64
40 142
4 37
2 103
22 80
4 132
88 53
49 79
135 47
117 135
31 100
118 5
30 88
10 11
136 119
35 49
125 15
129 66
109 53
58 8
126 37
141 0
113 149
23 52
57 97
81 24
99 64
1 10
85 129
146 80
79 91
77 77
81 134
87 121
55 62
146 28
97 148
85 46
32 114
34 5
109 100
112 38
115 107
120 15
25 27
96 7
109 22
27 36
55 106
139 16
85 93
76 90
113 125
13 141
98 87
17 121
81 85
46 23
101 147
108 115
136 93
65 13
27 148
57 79
53 98
92 69
1 134
132 102
107 18
90 111
115 14
129 13
128 76
28 146
143 77
116 17
85 12
92 147
57 39
62 132
136 43
100 90
8 108
132 48
26 104
141 88
111 24
130 140
85 128
40 37
97 137
26 94
132 79
65 117
3 124
120 48
138 140
16 70
35 54
121 11
44 24
44 48
26 24
28 64
123 34
119 3
118 58
147 85
53 83
90 70
105 32
37 31
75 61
111 87
21 119
149 51
97 101
77 145
16 20
6 69
36 92
130 108
144 77
48 33
144 69
79 100
64 93
35 31
38 130
71 45
140 65
45 4
76 78
75 2
41 24
47 38
88 27
58 110
67 135
44 56
83 123
48 107
16 109
133 132
101 146
124 2
81 70
97 98
124 136
72 122
147 46
35 122
131 35
128 145
51 136
112 55
84 110
80 71
69 119
88 6
147 51
22 28
12 38
149 111
23 57
19 96
5 81
86 96
148 76
123 148
137 29
112 140
107 78
28 81
134 65
119 31
73 16
139 90
118 31
44 27
146 47
92 54
55 109
38 62
28 97
123 123
118 108
39 71
91 17
5 2
91 9
9 139
104 127
113 122
106 92
147 46
94 30
138 94
146 1
29 88
17 38
88 65
79 126
0 80
108 75
72 50
85 81
40 118
117 120
103 65
46 9
6 114
17 66
87 72
82 124
118 81
92 123
75 106
54 140
131 84
52 109
38 130
88 58
139 127
4 125
135 106
67 5
73 100
148 147
116 4
69 113
111 66
34 123
27 52
25 1
102 69
144 4
63 52
107 86
98 147
18 123
143 111
46 115
45 92
39 59
78 31
39 3
31 13
73 100
104 103
147 39
78 112
83 38
92 147
107 65
53 25
86 63
110 6
136 80
123 92
140 95
33 89
118 82
104 45
95 123
103 89
112 23
88 68
109 114
21 57
58 66
141 87
82 135
139 61
79 110
44 10
46 108
143 137
41 100
81 147
88 146
140 48
91 146
30 101
22 126
111 72
82 49
87 0
83 82
53 123
147 48
35 119
3 140
132 121
122 107
77 139
140 31
108 34
108 36
144 84
18 7
125 70
149 120
18 40
124 79
60 64
17 35
111 59
114 72
109 15
62 59
118 86
85 17
119 111
97 41
131 123
60 72
18 15
148 139
119 43
36 14
13 126
65 54
5 86
48 8
30 16
59 142
44 147
80 59
64 114
102 25
15 107
126 124
23 1
147 96
57 91
29 33
111 87
86 116
28 72
56 83
9 128
24 60
110 63
46 76
130 131
45 16
67 95
131 62
36 49
83 143
23 85
134 138
101 104
20 52
30 55
57 139
47 50
86 7
42 58
28 104
140 87
47 143
108 92
0 102
119 87
42 21
29 103
44 53
84 17
47 145
142 98
36 35
135 112
12 23
35 73
38 122
51 64
20 60
92 101
88 123
68 142
43 4
109 4
69 143
40 72
146 65
139 93
135 135
68 33
122 0
61 15
14 136
146 22
139 120
73 20
50 143
62 63
102 17
135 2
141 62
58 34
32 55
45 61
69 36
128 138
91 145
13 11
148 124
14 26
81 78
34 49
57 48
45 35
14 102
103 69
92 51
29 59
1 73
116 5
31 138
36 98
134 126
61 107
79 15
147 124
33 132
29 57
51 113
54 1
142 119
143 94
41 10
141 95
53 47
108 18
67 136
19 12
85 74
127 0
114 147
120 125
69 31
118 3
99 85
124 35
75 44
57 6
63 125
87 63
3 87
78 6
81 129
37 113
105 8
83 43
110 69
54 44
79 19
12 14
23 139
66 50
48 88
69 56
140 75
70 113
30 99
19 36
112 41
69 39
93 10
145 75
74 92
101 129
81 133
80 98
22 5
111 94
78 99
57 64
112 33
20 13
18 44
5 80
118 84
40 16
85 57
22 85
33 87
37 116
73 46
131 77
86 40
137 124
85 52
54 64
89 87
117 63
2 84
127 92
47 103
15 126
124 39
4 149
135 55
29 119
46 90
32 121
72 38
55 117
116 118
123 75
134 62
48 48
29 74
139 111
143 5
84 66
137 48
71 106
73 31
18 143
50 49
131 30
96 70
85 118
72 116
97 116
73 119
68 32
63 65
14 66
103 29
103 100
58 55
41 28
7 11
59 56
13 45
142 8
14 139
62 24
0 31
97 60
35 92
115 117
31 15
142 111
106 24
124 122
14 40
82 70
65 74
37 6
84 15
105 58
59 141
6 13
47 54
37 31
28 79
22 92
80 81
52 0
36 55
39 45
84 59
89 49
107 11
139 91
93 9
46 71
34 86
77 29
4 133
17 136
122 115
18 35
75 35
11 95
22 55
41 38
20 13
109 40
140 63
149 130
74 131
113 8
116 127
131 19
19 50
109 34
112 103
5 128
42 7
9 17
93 96
122 97
80 40
58 129
92 127
47 19
42 25
10 130
55 115
116 3
53 41
31 43
104 45
58 54
79 19
25 47
2 85
81 45
91 112
20 74
2 134
91 54
125 50
117 138
39 22
35 104
37 66
5 95
138 55
147 74
95 140
36 132
78 40
76 90
69 137
103 4
21 79
32 106
141 34
14 110
54 143
63 53
118 51
140 121
127 6
32 50
33 16
114 132
37 119
123 14
49 19
40 60
73 63
143 124
59 108
135 75
39 148
2 9
114 65
114 149
89 1
148 50
36 117
9 140
101 19
10 62
20 29
89 58
7 68
121 4
147 109
109 74
42 16
81 129
72 121
97 141
143 50
21 92
2 29
38 130
76 53
130 139
60 7
142 120
70 109
93 109
24 111
143 56
23 98
91 138
141 39
11 12
70 137
116 91
65 131
76 21
35 52
33 123
100 26
74 83
129 146
132 70
24 131
31 25
56 10
78 47
129 122
46 110
93 51
100 131
45 118
38 83
37 64
0 5
118 66
98 122
129 43
146 32
36 7
132 137
65 75
100 125
36 140
28 65
1 46
61 127
66 128
141 131
76 63
104 74
39 7
78 67
78 8
120 68
73 46
47 15
57 72
37 33
149 13
27 49
38 62
118 139
17 92
53 1
129 82
86 95
136 126
148 89
16 143
129 82
6 92
143 12
113 103
28 127
66 11
141 91
42 62
89 142
11 12
58 40
25 137
99 5
139 13
27 103
30 10
119 122
107 40
7 33
32 49
42 125
16 40
124 80
27 1
135 111
123 37
91 56
15 127
140 83
144 108
71 149
115 9
46 49
7 85
125 111
127 96
112 51
11 14
115 102
81 75
74 145
71 138
8 51
51 49
111 8
146 69
21 113
64 146
46 81
64 94
59 16
100 53
63 37
4 78
125 61
29 94
127 75
126 74
100 13
38 143
86 87
137 144
50 87
69 52
80 38
91 88
2 67
32 80
69 107
12 125
9 93
97 57
39 104
83 118
96 142
25 76
67 79
136 121
17 82
134 1
110 33
29 54
106 32
49 29
141 47
89 140
5 25
143 101
112 7
142 130
54 145
5 101
13 14
82 81
83 93
69 50
93 115
89 2
114 125
40 17
37 106
144 12
51 145
79 113
74 134
37 70
117 22
118 100
93 4
39 53
135 124
132 36
91 65
19 43
79 50
125 95
12 30
54 60
116 1
48 50
115 22
125 70
30 78
80 101
54 136
102 6
17 35
71 95
127 128
18 48
46 103
59 85
123 16
60 21
46 19
122 143
11 143
125 40
102 135
118 29
135 124
46 54
140 63
91 81
8 21
116 147
118 105
127 133
65 26
142 58
19 128
120 148
123 92
96 122
121 121
135 21
83 25
51 27
104 35
145 114
40 108
42 86
95 111
110 47
61 110
25 31
45 22
12 132
143 32
0 110
59 36
57 22
20 149
38 19
78 79
139 78
59 65
120 95
126 6
39 31
58 71
134 111
149 84
122 137
118 2
27 22
69 90
50 123
2 22
83 146
118 60
32 21
81 57
33 60
28 47
136 65
78 8
44 5
145 121
101 40
76 125
42 136
146 132
107 75
72 24
128 55
64 56
114 133
107 118
14 127
1 125
146 112
102 116
136 62
74 148
130 147
22 59
56 89
42 137
64 93
51 136
82 63
117 137
147 19
79 17
112 11
147 125
67 113
125 85
86 56
85 19
21 88
71 75
84 5
52 124
132 19
75 138
56 115
103 141
75 19
15 148
18 145
78 45
65 117
132 79
70 39
97 96
28 58
8 126
78 61
121 110
48 82
95 148
41 135
112 140
101 81
18 110
3 96
30 66
144 88
26 75
47 49
34 126
74 28
79 110
109 114
91 142
104 29
95 147
138 81
52 147
84 120
100 146
76 143
104 71
45 3
12 139
75 83
137 64
149 138
27 73
136 33
53 139
37 40
145 116
97 7
50 145
21 9
132 73
43 53
5 113
69 134
96 78
55 44
138 105
34 123
33 11
55 61
31 3
76 84
94 121
109 5
21 144
126 141
76 18
68 73
73 52
84 51
73 87
19 137
65 12
33 61
51 38
95 37
23 100
49 144
14 16
38 126
78 27
97 34
118 63
100 64
101 63
14 8
137 72
140 141
19 77
13 132
141 43
6 31
37 10
7 136
105 123
80 60
23 26
115 76
51 13
30 66
42 112
142 132
23 76
4 124
9 19
33 126
131 45
86 45
40 82
144 6
87 76
143 116
66 42
58 80
26 2
139 60
102 135
1 149
38 115
34 98
121 57
66 97
59 111
144 143
9 24
129 126
94 140
64 101
122 105
83 48
59 0
75 89
43 30
38 87
96 89
22 70
107 109
45 149
142 139
47 119
95 105
120 66
17 88
66 25
108 71
23 16
147 96
129 67
51 119
134 68
108 111
132 91
42 55
1 40
101 6
129 69
94 146
44 102
96 116
75 44
60 41
89 146
48 137
71 136
136 32
5 58
100 99
33 52
123 53
104 25
51 0
45 4
43 96
75 54
148 128
87 116
121 122
79 128
72 8
72 84
18 100
43 60
121 11
127 100
128 84
15 110
22 79
128 46
108 64
40 68
36 87
126 104
126 53
60 38
22 53
37 92
90 95
105 0
132 91
135 89
110 129
41 43
52 0
64 84
55 95
149 40
115 89
121 69
103 63
83 102
98 62
65 85
75 89
50 18
131 96
103 119
128 98
71 90
72 7
34 128
79 19
110 42
136 19
74 129
48 22
115 72
131 9
68 75
42 136
12 18
137 102
132 42
35 80
46 109
42 125
63 69
21 107
134 86
27 118
44 105
134 146
63 148
100 121
3 17
115 108
148 30
104 134
142 56
43 69
54 33
30 55
13 126
105 116
121 124
107 78
147 10
29 55
72 0
13 106
103 116
120 52
94 9
133 42
28 108
63 39
143 42
66 100
16 76
49 61
118 102
135 141
39 34
39 122
96 87
64 102
133 140
90 91
98 30
58 17
90 106
134 16
52 135
78 88
11 76
103 55
81 80
15 90
131 94
113 98
93 4
82 57
56 44
28 86
86 13
110 12
142 50
138 28
9 42
23 102
22 6
53 84
84 35
102 7
53 86
0 57
85 101
54 51
81 4
38 97
75 2
42 122
44 108
16 99
69 33
102 19
101 79
136 41
64 14
112 76
130 134
33 121
64 47
107 8
97 128
20 78
121 31
147 141
80 44
28 20
7 146
60 148
132 35
117 17
73 106
137 109
128 65
7 7
35 7
35 140
46 33
9 47
64 143
30 1
89 12
86 80
35 61
66 99
32 86
15 44
69 124
6 47
4 18
106 1
119 81
41 113
10 51
89 37
34 39
1 18
72 41
18 50
32 47
6 22
55 92
139 95
97 81
107 42
123 100
138 125
141 39
122 118
98 130
32 122
30 63
99 11
128 117
25 77
149 102
93 37
121 115
14 25
9 27
14 47
121 49
65 91
65 69
20 129
53 52
114 0
29 117
15 64
41 34
112 85
107 79
48 94
123 65
42 7
110 91
99 75
26 97
38 110
18 136
78 89
53 103
84 35
74 77
57 101
93 96
68 9
88 24
133 23
36 64
38 98
52 34
73 92
60 122
31 111
4 3
135 147
107 91
121 91
26 140
81 63
25 17
52 114
99 44
80 70
89 98
41 4
114 125
47 50
103 136
138 74
40 17
36 116
26 50
119 133
120 33
43 134
130 28
49 24
52 81
83 5
8 123
141 4
107 115
14 74
88 43
141 99
42 29
103 33
61 59
57 32
58 28
23 140
83 68
33 32
18 124
94 25
125 21
115 20
103 0
50 60
98 134
130 135
25 130
46 13
66 60
120 1
19 143
48 50
36 85
4 115
78 114
47 132
144 143
120 115
65 114
123 53
57 136
55 38
39 143
108 50
31 54
45 103
42 4
123 110
58 71
29 67
29 27
34 30
61 30
71 71
143 144
89 16
106 80
67 104
45 75
15 90
14 49
38 28
68 137
138 33
84 14
129 20
103 143
34 81
108 48
58 109
19 129
11 148
130 115
142 75
93 103
96 79
109 1
41 111
74 1
27 99
118 58
117 37
56 2
138 45
121 93
109 65
75 62
80 61
75 1
114 101
31 36
52 107
13 100
49 54
4 121
15 12
35 61
56 71
89 79
1 77
42 114
119 120
84 39
147 38
139 60
130 49
63 68
130 142
135 102
24 78
136 104
145 30
24 41
75 6
64 18
61 84
10 1
133 7
141 137
51 105
29 149
145 81
33 140
37 126
7 43
135 85
117 147
43 66
60 69
88 10
84 119
143 86
26 123
37 6
35 115
41 29
121 29
29 76
18 99
127 24
136 40
89 28
133 115
16 120
95 100
109 47
134 85
41 24
129 87
68 38
102 95
69 76
36 107
135 43
44 83
73 140
84 94
143 108
58 99
31 88
78 115
27 61
122 68
106 106
9 26
87 145
62 64
21 52
97 62
34 149
39 0
68 9
54 24
71 114
107 149
66 42
38 31
79 55
47 16
36 45
126 26
72 31
33 6
138 59
145 71
32 46
84 30
124 125
24 43
57 51
98 21
15 136
105 29
79 102
99 75
129 66
76 63
63 49
33 9
75 99
58 124
45 98
19 8
84 53
38 102
50 5
88 41
144 38
76 130
13 75
50 16
112 85
4 6
64 93
90 145
135 48
122 71
74 93
68 97
93 56
88 135
64 50
149 96
132 120
133 91
49 53
110 1
41 20
17 137
45 17
135 115
31 94
131 53
144 48
29 141
38 49
143 56
58 8
134 108
16 26
126 4
117 127
66 136
118 72
63 104
101 120
0 60
72 140
132 126
39 23
133 8
22 147
124 148
14 37
108 121
131 66
49 125
14 27
3 28
136 75
132 44
64 71
139 92
120 87
133 42
56 124
78 68
2 8
115 106
58 50
37 113
56 69
124 85
118 111
65 137
130 3
131 79
52 120
85 88
131 94
62 85
47 58
32 84
107 63
69 98
136 38
128 66
126 104
140 129
148 32
125 94
31 64
35 118
114 5
122 69
50 36
106 23
126 122
33 143
118 131
136 41
11 25
40 89
53 1
73 95
3 144
25 89
125 99
2 27
147 37
2 78
48 67
147 110
85 148
83 75
96 8
104 35
33 135
84 48
126 6
87 23
114 56
63 34
116 110
28 122
130 36
95 143
137 116
43 76
122 51
57 35
14 26
130 113
78 105
62 13
39 75
17 117
82 86
136 9
65 6
54 142
116 28
109 85
17 7
85 69
120 7
48 31
106 61
107 114
106 14
4 139
127 45
93 147
42 30
132 19
87 90
20 77
118 75
60 47
85 27
80 97
132 31
38 64
58 83
42 72
144 115
121 56
21 103
108 42
28 55
32 8
7 30
85 88
141 15
80 99
116 50
139 113
111 134
101 28
110 116
92 117
31 105
23 119
139 42
79 135
130 80
17 60
56 71
138 54
128 48
89 103
5 118
20 80
4 14
70 11
15 90
30 118
61 136
1 144
9 33
88 89
10 42
106 29
25 57
101 36
22 136
69 112
20 80
65 24
149 90
16 44
125 26
133 12
117 126
80 26
7 146
50 8
75 149
78 84
137 65
23 63
8 81
49 20
60 14
67 125
31 2
90 88
86 117
84 77
114 5
20 106
78 74
60 47
46 134
57 56
24 4
46 139
47 94
134 123
84 71
93 39
22 90
78 38
115 89
123 32
86 125
71 41
70 95
70 38
143 69
38 4
126 79
7 94
102 15
149 32
64 92
143 17
104 6
23 53
127 2
29 136
13 70
137 89
94 138
13 127
0 141
0 22
138 109
145 105
138 133
120 58
143 38
58 64
62 90
76 124
22 109
130 14
142 29
145 18
107 51
78 20
100 144
28 24
36 134
54 12
59 138
19 46
91 64
30 26
53 130
88 58
6 35
58 61
5 108
64 3
87 41
85 120
27 137
140 131
136 92
147 131
149 44
31 139
1 95
54 123
108 103
67 42
32 83
22 118
111 10
98 54
43 1
119 94
123 111
10 121
143 79
1 38
126 23
121 6
4 128
59 65
65 45
129 55
61 5
97 2
4 33
135 23
118 80
122 8
109 146
127 75
57 143
77 10
133 129
33 128
38 23
102 92
116 113
97 101
43 133
146 147
94 104
89 8
37 142
30 146
144 39
71 118
121 144
59 103
46 95
148 18
6 60
12 7
61 117
136 25
106 112
72 14
147 119
55 89
126 120
81 93
27 147
45 61
7 124
43 53
53 61
75 134
108 4
28 79
72 42
2 6
48 34
17 61
30 20
24 82
83 76
62 147
131 19
2 6
130 98
108 131
50 61
112 147
120 77
13 132
143 0
120 8
58 57
46 64
95 29
22 148
17 103
145 64
32 52
99 6
125 93
78 7
14 6
138 135
132 36
133 53
145 12
47 18
22 20
60 54
17 9
67 103
42 87
63 135
110 10
0 128
10 60
145 81
7 5
93 101
18 18
100 94
139 44
31 59
140 140
89 141
13 34
79 50
51 25
81 24
20 65
101 128
111 2
19 63
93 37
117 135
24 29
113 86
75 29
112 10
79 113
144 66
47 51
6 70
114 122
106 47
49 5
71 112
104 119
147 55
121 92
7 6
119 135
6 65
114 64
30 143
32 87
0 26
24 114
58 113
114 64
100 37
149 74
28 71
132 131
115 111
115 36
28 74
68 139
29 140
148 131
20 145
60 49
32 57
136 70
95 143
145 89
96 138
30 143
120 87
112 138
86 62
89 95
25 106
130 32
128 141
53 83
106 45
32 129
107 49
17 95
122 63
122 73
15 120
107 125
139 48
116 1
121 68
114 144
53 140
85 75
99 58
126 85
144 115
64 29
83 64
108 3
59 97
87 33
110 9
112 12
54 40
71 22
26 83
40 84
40 22
44 87
43 11
125 88
115 87
82 21
27 46
96 114
119 34
98 132
20 83
101 51
0 138
5 33
53 104
17 29
134 102
81 60
28 53
89 58
63 6
85 137
9 13
141 72
12 57
113 17
44 81
109 113
122 145
137 103
1 102
80 12
14 96
103 83
46 40
97 129
31 143
125 2
78 102
121 68
29 84
29 141
53 99
32 23
118 130
1 136
65 40
95 5
39 36
27 100
79 53
3 138
21 11
28 58
6 88
98 67
134 146
84 49
21 68
59 136
8 79
10 86
140 33
6 58
39 47
78 142
42 45
99 78
109 29
11 121
17 141
15 2
26 0
56 144
43 130
39 129
67 66
122 116
9 64
116 30
43 103
43 146
80 43
77 57
41 108
138 54
3 14
38 9
10 56
144 108
65 121
86 34
51 55
9 24
81 25
72 41
118 2
65 88
2 44
122 35
140 41
89 92
40 133
138 95
15 146
68 141
107 28
4 107
123 31
64 56
37 110
105 140
71 99
35 100
108 48
0 142
112 113
89 111
128 57
10 146
11 129
107 7
58 66
114 103
122 32
139 141
59 15
94 44
40 33
143 7
92 89
14 13
147 146
61 4
131 127
132 3
22 22
32 55
128 139
20 58
100 84
66 103
32 90
110 7
26 33
123 69
134 100
127 130
138 130
135 56
56 80
92 53
144 142
70 144
22 28
35 10
18 101
93 141
19 22
70 55
72 41
71 133
144 1
77 106
98 138
132 24
118 134
39 97
90 130
61 108
34 15
15 129
40 84
7 123
89 54
49 132
101 25
95 85
58 86
74 26
126 75
116 3
9 42
51 117
109 82
28 82
101 30
67 49
25 108
82 140
72 83
28 125
52 15
21 26
103 35
95 70
134 52
42 110
44 48
52 120
26 17
11 25
42 103
74 145
115 111
68 77
104 40
10 89
119 9
29 68
114 104
109 72
67 13
35 11
87 60
54 67
106 135
95 141
78 119
54 145
87 23
109 133
94 146
105 9
99 97
144 103
17 79
16 89
131 11
88 6
36 48
39 27
83 118
97 24
21 80
31 103
112 142
16 23
91 3
60 129
14 17
37 38
122 8
97 145
145 126
90 125
99 120
54 2
84 46
46 36
119 35
74 7
13 25
14 82
80 15
51 89
43 46
0 104
100 42
19 27
86 105
76 73
11 145
101 92
26 64
6 79
108 133
96 60
142 117
13 93
79 74
23 43
111 31
81 47
101 49
7 119
52 34
59 49
122 118
64 57
32 16
143 59
62 84
37 79
142 139
10 43
8 126
51 137
61 143
94 132
37 82
96 67
114 78
108 74
74 4
71 0
14 136
97 47
133 24
130 129
127 141
75 141
30 13
37 9
13 32
101 116
83 137
16 126
114 86
80 113
115 91
135 147
71 22
140 121
130 33
88 38
99 85
97 2
103 137
1 93
114 16
61 22
60 45
88 14
91 17
21 109
36 61
142 59
111 59
33 66
95 18
68 108
96 104
110 22
143 74
101 127
74 115
106 76
7 27
9 48
23 110
59 81
17 54
28 135
41 23
130 115
41 136
133 87
96 90
26 112
0 90
40 55
116 50
1 61
83 38
48 13
19 42
111 124
28 33
38 88
125 23
31 111
52 20
95 71
92 46
109 78
53 84
17 15
86 57
37 149
12 63
47 61
148 30
100 37
105 71
108 107
50 20
43 91
124 75
25 135
20 72
50 19
139 27
12 67
15 36
65 57
76 47
101 128
69 9
118 98
76 76
34 24
10 84
122 28
51 78
20 122
94 125
55 83
140 22
61 44
96 33
120 61
95 109
67 57
147 47
147 97
111 104
28 110
104 55
58 76
65 118
23 72
117 18
59 133
90 32
136 80
2 145
35 113
35 124
55 136
59 86
88 84
130 56
0 91
126 69
141 126
93 15
135 130
146 17
135 32
28 124
127 128
146 18
46 44
57 7
143 143
72 61
23 102
39 13
112 25
50 33
65 43
40 80
63 127
28 31
96 46
113 115
29 34
62 93
124 82
41 7
83 113
95 125
90 33
36 30
65 107
66 23
59 79
36 59
73 78
1 11
10 143
26 137
54 78
143 48
135 38
118 95
54 59
16 95
86 14
132 8
78 117
17 60
53 34
16 0
39 73
136 74
137 138
128 106
76 132
140 102
8 81
118 43
85 79
122 143
17 25
23 98
37 12
64 104
125 96
79 80
90 47
26 14
110 135
99 78
15 7
127 123
74 18
128 3
134 90
73 148
67 72
133 37
83 48
42 4
138 88
110 123
78 39
139 71
127 37
17 136
127 6
11 1
115 139
37 0
39 61
25 1
75 113
122 11
53 130
103 57
2 142
133 19
32 4
104 59
80 40
13 140
60 53
33 32
52 84
22 92
60 98
29 116
135 46
62 111
65 97
29 13
89 96
40 64
4 56
130 5
107 120
33 98
1 103
63 64
24 24
51 23
45 65
88 92
118 51
116 23
89 85
2 142
7 104
134 130
131 50
58 7
100 43
147 140
118 62
105 125
40 67
59 44
12 19
40 124
40 40
106 82
32 62
70 76
79 85
40 58
63 8
19 32
45 36
20 89
96 101
139 129
147 69
115 8
39 100
5 147
123 98
1 142
89 84
76 135
147 67
13 117
46 38
57 68
109 141
46 27
7 111
137 20
74 62
36 21
126 74
67 107
72 95
145 141
93 48
102 36
57 15
46 52
130 96
145 61
40 122
28 73
78 76
12 95
13 52
8 7
42 8
31 136
83 62
92 17
60 78
93 104
64 144
119 141
121 52
2 125
124 125
106 28
3 9
130 132
47 69
102 7
19 74
29 20
32 91
53 21
82 59
102 31
32 132
95 63
9 56
66 59
112 128
103 113
122 65
3 65
76 33
95 93
123 87
98 0
15 120
40 115
75 146
104 101
29 88
144 103
46 120
69 25
85 102
18 47
82 15
57 127
93 70
63 2
127 136
65 119
143 34
38 65
31 36
88 126
60 27
129 90
4 44
119 43
122 100
21 112
129 139
86 22
76 113
11 16
142 9
146 130
87 11
136 73
122 40
58 72
127 87
81 126
79 66
19 140
9 88
29 149
27 38
141 135
64 30
97 50
13 20
73 13
128 22
84 94
81 16
98 68
69 145
128 47
130 70
85 36
25 90
47 48
116 73
75 143
22 132
13 46
55 125
69 111
76 124
108 26
20 107
43 21
55 20
137 47
106 97
117 22
36 7
83 68
138 136
130 65
41 89
35 66
1 90
35 31
85 2
17 90
134 86
142 38
120 149
13 47
106 116
18 37
41 51
60 28
9 13
68 0
56 68
54 18
136 30
35 48
55 119
47 65
11 142
96 71
25 17
73 100
36 140
77 145
85 71
130 39
75 109
8 99
30 25
96 87
47 87
4 127
21 49
24 49
65 20
106 141
104 128
43 148
123 108
145 105
100 77
148 38
13 23
31 67
59 12
127 84
90 47
20 116
16 41
82 52
127 4
115 60
77 121
107 51
121 124
60 44
97 30
8 129
90 65
149 22
83 79
69 81
35 128
146 114
106 35
101 113
139 18
63 125
45 125
145 142
99 62
104 47
43 0
101 42
143 90
29 100
133 90
133 5
3 87
65 65
17 3
110 73
84 119
140 99
20 17
79 62
71 125
28 138
73 114
86 22
128 124
101 85
7 122
132 40
135 133
80 58
138 83
130 132
148 20
118 122
144 15
113 18
103 76
29 8
47 77
19 65
62 12
97 92
15 146
92 128
107 26
93 82
12 141
32 50
44 17
138 78
87 57
101 53
74 49
42 124
64 20
128 48
127 19
34 101
9 40
86 25
87 98
23 148
58 28
131 136
138 143
146 121
94 58
55 132
78 9
48 59
41 96
131 122
50 3
135 40
79 23
101 61
70 101
45 112
0 3
127 138
115 78
85 4
145 101
102 113
72 88
142 121
58 145
42 110
117 74
102 116
143 95
109 149
125 28
110 95
119 133
18 40
0 24
71 42
80 80
66 128
115 1
55 42
79 87
119 61
35 40
81 51
53 138
131 142
66 37
30 46
100 101
86 99
145 53
3 6
51 131
10 85
59 104
41 30
106 39
55 134
127 138
69 37
147 138
108 143
50 89
135 111
98 17
119 34
108 35
28 90
25 131
130 100
148 36
114 67
126 140
107 59
15 45
30 47
101 70
145 149
108 62
34 64
148 6
17 85
57 127
116 110
123 105
20 145
145 0
44 31
2 57
49 89
139 61
6 68
20 143
103 13
92 24
104 78
82 36
35 148
126 100
2 38
17 133
86 35
68 82
141 90
24 116
13 141
87 67
131 132
140 99
140 100
8 74
148 147
63 52
145 70
133 111
141 14
18 133
87 123
107 142
128 46
0 11
67 41
110 137
37 118
93 54
22 86
85 26
56 68
137 65
40 111
138 41
147 126
15 3
96 32
49 57
75 126
79 38
107 10
50 139
21 145
84 7
130 36
52 28
92 26
14 107
39 101
74 95
87 91
56 54
34 35
25 130
53 125
141 144
127 99
86 55
127 114
50 64
124 146
117 80
132 74
83 124
73 25
64 81
74 13
30 78
89 62
38 33
107 7
32 45
58 70
59 18
100 76
95 61
109 119
148 132
128 65
3 33
92 101
23 28
70 64
6 102
59 78
45 47
81 118
77 59
18 85
92 94
59 33
6 30
78 73
134 105
56 28
122 107
37 22
142 61
57 28
14 39
44 10
93 85
79 67
52 78
9 109
57 53
0 39
111 40
56 65
99 132
84 12
35 50
130 75
27 29
143 121
69 39
117 1
89 74
148 56
21 116
46 115
86 40
10 67
52 33
20 95
27 106
99 127
16 62
13 69
80 136
42 106
111 25
101 96
136 91
5 85
135 85
148 103
66 55
118 87
114 35
71 58
28 32
139 22
131 108
103 125
54 52
104 14
130 54
39 89
76 27
131 140
15 43
138 102
74 22
135 146
79 98
73 78
87 128
1 6
80 70
101 94
70 58
107 122
64 38
92 90
117 60
41 116
138 125
143 113
139 73
135 84
44 118
60 67
106 124
75 120
59 17
24 144
93 132
75 112
117 29
5 110
108 33
25 51
17 45
39 131
79 108
21 145
115 60
58 75
130 117
148 113
133 68
31 144
108 3
40 97
8 11
35 86
72 128
126 133
60 126
148 29
9 97
115 6
24 45
81 129
26 86
14 16
130 50
21 135
131 128
144 28
48 8
126 103
124 118
30 65
36 35
87 33
10 41
145 86
142 53
143 122
63 54
146 144
20 62
25 149
117 34
4 41
50 93
74 47
93 146
132 123
117 103
60 89
105 72
39 69
133 149
19 126
0 63
59 20
136 81
33 140
43 128
99 53
14 9
13 30
36 80
88 121
110 43
105 84
21 19
144 41
70 40
7 106
149 95
88 98
20 77
4 104
74 144
122 137
87 145
2 63
48 5
143 43
78 135
124 23
114 81
43 60
87 90
45 16
49 40
39 71
89 66
93 118
16 3
12 122
113 110
82 74
19 108
80 49
102 92
34 41
63 144
140 130
46 4
35 66
66 71
15 50
118 128
32 110
114 57
56 57
61 112
76 48
110 91
13 29
146 18
111 82
71 51
15 2
98 40
43 14
120 33
132 125
80 90
39 83
133 38
35 37
18 114
119 66
87 38
142 137
1 61
58 89
97 115
19 126
60 118
46 50
93 98
66 126
42 125
66 135
36 116
103 3
100 16
62 52
113 34
52 104
123 131
46 39
94 94
137 42
147 83
89 6
83 125
106 15
137 45
137 75
48 49
146 21
87 140
105 64
56 29
135 62
1 17
114 19
10 106
65 100
130 14
91 3
10 93
124 128
34 81
50 78
37 12
85 72
49 34
114 16
73 45
108 7
57 57
121 36
74 140
87 45
82 12
143 37
122 2
52 63
19 97
142 12
66 54
1 80
18 88
88 78
40 62
17 105
3 122
91 121
84 36
121 90
68 56
24 107
103 146
62 133
104 59
12 39
25 63
144 38
0 46
36 74
62 91
94 101
97 106
20 105
25 33
45 23
145 113
41 46
149 135
92 74
122 61
40 19
47 99
26 72
124 101
39 37
13 138
35 26
87 60
55 65
102 85
138 97
24 24
31 98
106 4
35 92
144 30
80 30
57 55
60 70
8 143
82 49
88 68
43 44
20 58
68 51
42 12
141 18
136 115
64 127
82 123
142 11
70 42
59 125
41 73
149 10
90 23
79 113
52 7
104 25
124 92
87 83
21 115
32 34
125 132
114 32
88 67
146 88
119 145
36 30
98 21
120 75
90 100
131 65
124 54
146 75
40 146
31 66
131 89
32 121
128 87
127 99
2 83
23 4
96 91
119 145
114 22
21 127
76 73
40 65
27 47
48 141
128 116
0 54
142 53
50 115
98 52
123 95
104 137
69 92
130 127
116 79
112 118
54 148
96 8
24 128
8 112
107 45
71 106
89 51
129 60
13 10
90 123
131 110
29 62
99 108
104 86
126 81
20 47
83 40
143 130
138 40
119 101
137 149
45 115
69 98
145 1
129 36
8 78
128 105
19 130
22 31
3 15
26 129
104 76
49 111
13 4
34 10
116 141
82 84
74 91
17 110
15 132
43 34
129 113
132 25
120 139
122 94
136 30
123 106
69 7
3 104
30 107
126 32
50 101
136 98
39 32
35 113
50 111
66 67
77 117
29 76
62 57
0 14
19 95
136 20
92 87
9 73
102 74
89 114
131 58
98 77
96 99
85 7
118 25
16 48
129 36
145 96
83 6
123 96
30 139
57 75
137 124
66 122
144 2
43 21
43 36
40 118
104 18
69 133
41 117
19 51
14 101
65 138
68 148
111 66
24 111
55 30
140 101
67 87
135 37
90 64
99 22
128 21
117 111
124 76
97 27
44 123
129 98
127 82
90 104
99 103
149 100
8 137
86 85
140 8
64 81
72 107
41 16
33 54
90 26
70 144
25 100
77 61
126 79
137 55
102 141
30 3
65 72
11 115
119 37
70 5
131 103
79 121
3 22
123 142
104 59
113 2
144 76
102 103
69 136
143 35
147 19
43 89
16 0
139 22
33 129
39 66
48 136
56 63
147 115
138 52
139 93
47 18
133 105
125 145
103 136
135 130
63 38
0 10
38 80
118 48
126 23
54 42
66 67
31 99
98 122
115 40
29 57
53 67
93 42
73 55
85 101
22 22
43 113
21 138
77 130
14 6
23 100
88 147
93 99
30 32
16 127
48 47
82 57
31 23
8 31
2 95
120 127
68 28
98 52
66 83
81 91
20 48
114 31
66 20
132 109
129 64
110 56
65 89
139 104
131 62
122 7
142 18
120 91
48 109
80 1
68 148
83 78
95 64
105 55
49 127
5 118
126 8
3 133
24 67
113 24
63 107
58 65
128 49
61 120
28 76
123 78
82 23
53 68
34 46
41 110
98 39
29 121
4 73
18 109
53 133
91 102
102 60
91 148
124 68
53 82
136 111
127 42
60 49
66 109
112 141
47 73
126 82
64 100
4 66
12 76
146 109
141 76
76 0
35 73
134 41
124 77
40 6
90 63
63 104
67 37
12 89
22 138
133 44
148 97
58 21
33 111
62 7
132 103
81 93
146 70
119 48
126 38
84 82
136 17
54 80
142 77
23 53
3 141
107 28
21 137
129 123
116 77
145 74
9 46
145 126
74 79
14 90
137 73
136 71
82 9
0 67
97 36
139 81
59 139
46 10
76 60
45 40
81 58
136 47
97 98
57 69
114 121
87 13
43 126
18 141
6 58
40 13
52 81
16 141
104 14
56 138
70 126
15 24
87 49
48 78
121 149
39 9
94 124
108 95
31 59
54 37
69 20
9 5
90 8
19 6
22 1
139 95
80 27
126 87
14 110
0 21
96 63
0 10
24 13
30 101
32 99
95 32
86 98
40 142
77 21
13 139
121 65
97 79
57 131
107 75
47 101
24 79
40 107
49 56
25 66
59 126
17 96
60 138
138 1
87 83
42 123
116 147
57 82
97 38
1 1
19 96
5 75
20 0
44 4
91 19
131 49
92 0
142 145
14 117
51 69
35 30
48 135
105 4
94 103
118 20
124 69
58 119
131 1
6 36
12 70
138 4
73 131
17 129
38 95
27 73
37 104
41 69
80 139
36 102
101 4
130 55
114 28
38 47
38 53
95 148
108 19
20 117
76 28
2 83
84 3
107 104
48 98
67 53
117 75
64 98
77 90
51 3
145 50
121 132
67 49
63 59
22 121
122 115
143 5
69 81
76 78
99 96
88 75
94 33
51 108
114 73
146 134
49 78
124 97
90 123
113 1
91 39
23 54
44 108
53 25
117 137
82 116
63 8
47 121
49 41
4 69
92 149
130 13
72 70
88 75
28 23
84 90
85 55
74 59
109 126
118 63
147 82
56 139
93 120
31 87
67 5
84 68
42 92
116 69
79 47
122 10
11 82
65 147
93 83
67 113
74 20
115 25
41 116
32 63
80 25
129 83
86 94
121 101
18 79
54 146
92 92
137 69
89 107
50 124
129 129
73 15
81 142
87 15
44 55
75 36
92 96
108 121
91 98
66 141
7 10
127 115
14 34
52 17
68 95
115 95
102 14
92 82
120 30
56 101
36 141
120 45
29 41
142 21
73 109
56 126
7 80
37 27
78 121
108 67
14 110
92 36
92 79
138 138
122 108
105 19
76 125
40 111
139 51
106 116
98 92
91 4
41 134
42 88
84 110
95 46
31 58
19 2
133 121
91 42
93 136
4 77
44 28
8 100
22 114
138 85
78 65
86 50
149 13
80 117
136 94
39 112
120 28
123 132
100 51
89 58
100 6
110 104
86 107
34 91
94 57
34 67
112 137
135 12
20 124
64 40
18 36
117 42
54 130
142 139
70 108
97 96
70 65
11 23
93 92
119 18
7 69
11 105
39 133
114 113
15 79
86 53
76 132
142 75
67 28
64 45
129 24
87 45
11 35
36 133
132 23
68 148
23 54
35 2
68 84
3 85
62 130
102 118
3 149
59 50
148 35
73 137
112 147
145 121
120 119
122 85
49 146
67 69
32 74
100 44
24 45
87 71
84 58
60 102
121 38
112 149
24 18
130 83
31 66
128 15
93 122
143 149
46 67
67 103
3 98
55 109
27 71
140 1
49 135
52 80
124 120
8 138
31 146
61 60
16 3
134 78
125 77
69 144
117 123
18 73
128 134
68 4
27 105
35 41
127 3
30 26
119 36
126 63
68 143
90 83
16 48
30 45
72 60
47 32
23 49
69 131
101 54
26 36
99 33
6 99
101 33
127 25
92 63
66 76
17 79
5 53
95 82
84 106
112 15
12 56
82 12
65 82
85 122
59 56
42 91
80 118
3 27
63 27
27 103
5 6
28 17
80 18
47 102
23 78
145 58
57 21
3 146
141 25
105 14
149 13
96 55
121 65
73 83
134 98
17 113
49 78
20 5
18 59
135 135
104 74
17 124
107 113
62 126
24 32
129 52
132 66
22 104
133 69
94 149
115 56
116 137
12 98
17 22
142 146
68 74
76 111
116 117
1 62
48 140
136 6
8 18
47 14
146 58
22 40
18 70
1 34
116 16
89 73
29 87
66 31
36 119
23 46
87 141
8 12
67 38
28 98
115 132
148 44
131 57
135 11
96 10
134 143
6 47
49 125
124 9
38 97
123 66
50 77
37 10
73 92
107 109
18 84
105 41
1 86
117 24
24 18
108 99
8 146
52 85
127 51
134 41
63 102
63 137
111 38
17 68
90 1
102 6
124 72
54 130
75 114
90 24
36 128
107 37
76 144
51 46
88 148
37 68
29 40
45 88
124 72
95 129
80 119
87 131
114 56
108 56
29 26
149 109
3 104
134 19
51 106
41 86
29 46
71 110
15 59
99 94
130 146
147 16
4 125
128 93
63 7
109 64
91 20
135 55
3 42
65 135
81 6
47 104
53 60
5 130
133 45
92 71
24 20
113 54
33 35
114 64
91 81
8 97
92 75
90 28
36 30
72 104
69 23
13 35
29 90
10 52
11 30
125 148
46 45
141 5
37 111
21 3
25 57
94 125
101 0
97 148
41 78
112 49
68 39
139 94
139 45
141 84
24 66
54 123
23 112
137 100
74 124
118 85
54 112
126 135
40 50
137 73
122 29
94 90
21 81
109 83
97 92
76 32
139 111
5 49
18 114
3 56
9 104
9 23
28 97
124 28
79 137
109 80
91 22
61 7
22 105
124 71
38 123
126 45
60 67
140 31
0 67
33 91
128 22
65 115
40 66
102 97
3 33
31 129
2 71
43 117
50 6
95 41
143 94
68 7
30 40
37 43
11 78
39 55
115 93
111 53
128 61
13 139
10 3
142 48
22 46
59 116
58 32
112 91
72 80
33 8
2 67
70 50
3 115
106 71
30 95
126 95
128 129
97 0
3 78
42 110
144 74
132 9
0 88
123 15
14 20
83 74
2 89
123 148
13 81
127 3
76 82
132 92
110 102
86 17
74 28
23 125
74 92
42 11
18 137
60 91
129 108
80 67
104 96
23 71
112 52
72 7
18 44
107 75
11 4
131 69
147 101
145 10
95 59
73 58
0 5
147 121
69 57
119 128
13 7
76 137
45 102
39 131
80 36
145 129
48 136
137 130
140 74
142 98
25 133
70 84
75 120
149 29
12 72
136 148
106 121
37 1
80 38
29 124
77 41
41 33
27 135
40 44
70 93
129 81
3 112
63 25
103 58
74 77
98 135
31 33
98 124
90 148
57 132
144 106
145 42
69 139
5 105
69 31
66 63
69 1
71 46
48 32
109 37
96 72
73 50
104 140
107 13
19 53
89 58
2 27
54 8
27 0
15 115
25 0
90 129
129 27
146 86
100 92
146 113
140 86
38 35
27 129
30 0
79 122
138 136
19 113
35 53
14 117
88 97
98 44
38 108
126 90
79 144
35 108
66 44
96 132
111 134
31 21
74 98
82 94
24 146
41 138
49 148
17 49
57 59
109 31
97 64
65 74
4 77
94 9
22 50
110 114
97 99
134 78
23 45
86 38
83 24
146 16
128 116
140 87
1 46
26 2
77 149
140 128
114 123
72 30
135 95
10 45
143 71
67 106
19 45
41 149
12 18
70 58
38 80
66 105
22 8
44 29
28 77
29 47
80 12
29 141
38 97
79 51
112 67
130 10
123 97
108 22
1 1
38 86
24 145
81 5
32 1
7 132
19 132
78 75
93 122
107 104
64 10
6 75
147 4
147 135
134 109
17 23
47 63
116 105
14 37
48 54
91 23
131 83
92 122
77 13
134 105
68 46
86 86
74 144
110 122
109 35
133 38
122 52
1 137
93 65
100 133
106 138
47 76
106 131
73 43
47 0
84 64
33 103
22 131
81 34
29 145
139 99
107 44
96 40
53 48
149 24
39 117
60 91
97 55
113 54
90 22
72 20
7 112
81 131
7 123
23 6
122 84
127 79
89 27
91 63
13 47
128 10
141 77
11 138
72 47
92 103
78 130
37 16
79 70
0 68
41 80
99 12
142 1
26 46
43 138
30 109
109 122
148 73
11 58
133 129
1 55
6 49
17 49
16 129
15 115
22 35
64 73
139 52
35 98
55 148
102 11
86 49
45 26
85 48
10 95
46 56
6 3
126 78
101 138
127 44
132 63
79 56
138 30
93 109
34 13
46 0
14 101
50 93
76 147
147 145
149 70
95 51
46 50
15 52
21 83
45 136
143 106
146 110
32 102
101 113
121 116
133 141
96 93
80 135
131 40
56 3
125 28
34 98
101 62
128 108
2 64
38 149
145 114
145 123
0 53
94 57
1 58
93 97
124 50
1 37
112 44
58 135
21 120
67 120
68 35
129 31
99 35
89 112
130 25
17 38
148 143
40 51
34 7
40 143
66 93
81 91
147 24
79 60
30 78
116 75
95 80
83 25
138 5
99 104
115 68
120 28
54 59
122 48
48 23
115 60
123 12
40 6
123 39
21 72
118 6
13 0
31 55
128 55
12 133
56 103
58 78
143 73
83 12
115 135
39 59
121 67
98 3
57 122
72 30
35 48
70 82
134 82
108 127
23 39
13 1
52 101
113 59
32 50
2 14
103 149
52 35
6 93
90 84
115 38
50 60
0 52
62 66
88 60
138 2
135 35
145 143
21 71
37 131
90 96
145 23
58 138
41 80
91 1
101 88
120 31
14 39
10 36
23 55
28 21
18 101
35 68
116 42
21 66
103 55
87 68
3 53
116 18
105 44
97 80
146 21
60 13
131 105
114 78
27 141
2 26
114 71
112 18
97 5
92 40
49 11
32 37
84 40
149 86
39 95
143 62
112 107
80 40
122 108
82 116
69 22
51 130
136 52
107 79
5 96
67 28
68 139
107 73
129 61
101 140
52 64
122 4
144 54
39 116
15 35
146 43
14 147
7 88
30 93
17 136
105 13
120 127
145 67
37 115
93 38
88 102
44 88
0 114
70 4
47 143
144 142
11 66
129 136
6 143
3 135
82 52
119 70
24 24
145 102
96 55
126 61
119 50
9 83
67 14
91 18
32 96
144 58
132 122
59 28
46 6
107 133
144 98
110 42
99 118
12 34
138 30
47 92
71 147
82 48
75 104
87 68
75 20
61 40
139 109
109 133
105 41
84 115
92 42
38 92
14 110
38 3
142 61
98 19
79 108
71 65
106 70
60 99
45 83
104 33
85 57
29 118
147 39
48 8
20 4
87 36
61 85
26 68
71 25
100 131
118 75
136 39
84 141
13 85
68 87
78 56
103 126
56 144
50 120
32 25
45 0
138 90
109 31
40 26
52 124
143 39
35 18
141 126
68 71
14 110
0 136
121 26
135 40
53 81
112 75
35 67
13 86
108 132
19 82
105 89
117 138
28 128
61 44
148 2
5 145
144 24
6 129
47 46
117 86
42 51
20 47
59 114
3 48
134 2
1 72
102 71
70 74
10 31
148 114
102 11
136 123
13 29
102 40
79 77
0 92
112 40
52 95
26 108
128 140
88 70
105 75
68 119
22 115
12 54
4 9
67 53
140 120
56 121
86 95
42 89
78 113
66 12
43 29
14 66
123 32
83 59
16 17
74 107
62 16
53 80
115 70
86 47
1 63
80 46
142 107
7 36
42 82
76 135
141 6
89 19
97 65
111 29
79 108
39 128
32 8
4 62
93 7
125 117
97 68
149 57
93 6
52 111
96 147
27 86
81 98
136 91
2 142
67 90
146 37
115 23
59 110
13 36
125 56
13 92
80 26
128 94
115 69
48 149
7 15
9 58
125 131
76 22
47 23
85 46
7 68
57 64
69 125
105 134
119 81
49 106
141 93
47 83
32 55
80 44
147 110
83 9
145 7
27 3
80 126
65 113
103 44
0 63
126 44
30 29
68 43
94 90
26 53
139 22
80 30
30 37
119 4
32 93
102 117
149 118
10 141
128 117
63 140
85 87
27 97
116 75
9 74
81 142
141 129
24 87
49 110
86 24
99 112
102 71
7 131
96 69
61 19
115 149
83 22
115 9
10 23
49 65
40 8
138 1
30 61
72 73
86 52
38 98
55 124
68 28
136 101
116 50
17 74
85 100
50 64
139 97
59 32
125 34
102 35
92 138
44 114
11 53
35 17
119 146
33 86
36 120
69 144
12 64
120 61
52 20
68 80
5 16
40 27
146 26
146 64
87 51
57 145
86 76
6 63
47 73
13 125
69 108
103 57
38 94
42 121
53 27
112 86
91 10
86 114
87 14
21 84
45 66
119 104
50 127
44 128
78 68
94 22
5 131
143 124
95 83
76 15
145 22
147 15
52 90
54 93
126 116
93 68
19 9
81 3
37 129
21 85
123 95
49 89
10 10
92 52
47 34
97 8
123 136
82 91
78 84
10 70
37 71
89 97
51 65
141 128
97 8
140 115
109 65
70 33
30 11
149 111
3 9
95 109
12 79
8 143
111 29
8 31
42 16
147 97
138 109
129 33
6 57
26 45
89 2
5 74
17 39
45 98
39 51
32 101
97 99
118 5
85 149
22 30
116 82
26 92
68 8
8 64
19 118
78 63
1 127
108 11
97 141
124 98
86 72
62 36
74 11
33 9
33 109
43 45
90 125
82 127
98 47
126 67
147 72
77 98
38 64
35 140
78 52
49 87
93 51
58 113
26 72
44 40
84 122
111 74
4 67
24 43
29 131
79 141
141 90
65 130
139 31
135 84
11 45
41 28
59 23
75 149
64 98
100 122
148 41
37 47
38 74
58 3
110 4
138 144
52 94
129 91
84 95
87 143
84 68
85 101
112 136
56 11
61 12
115 53
143 82
147 72
43 72
94 22
132 30
74 115
73 36
137 56
61 61
39 143
82 28
111 84
66 58
84 69
62 81
146 15
88 49
65 76
149 112
11 147
138 112
139 122
73 33
9 33
94 148
8 100
137 128
33 72
70 39
92 63
70 3
71 39
7 62
54 13
44 98
127 125
140 66
94 57
121 22
124 29
23 72
130 116
114 43
49 36
36 76
125 76
77 77
133 90
79 2
117 86
134 131
44 45
5 75
139 27
53 1
112 46
52 48
149 81
20 79
10 149
67 82
22 114
61 45
121 98
42 81
26 36
20 42
125 91
58 23
103 56
89 29
86 21
54 123
48 19
40 95
146 65
132 15
142 122
4 24
121 108
112 4
91 2
117 146
52 53
115 97
132 73
98 101
62 43
56 87
62 146
46 94
40 44
71 91
67 75
75 60
129 17
0 94
121 3
35 110
59 94
16 66
20 32
116 17
60 146
67 65
111 88
20 106
61 14
43 53
75 13
83 69
48 56
5 3
60 93
74 26
32 35
37 5
70 138
121 106
130 41
111 56
123 23
133 101
107 41
97 123
128 137
73 2
40 87
135 126
97 34
100 7
128 52
12 61
79 34
71 48
117 113
58 143
124 70
74 40
1 59
34 31
12 92
111 5
95 82
76 60
146 92
141 113
11 12
95 82
15 18
110 103
108 38
120 72
134 20
41 11
114 57
138 138
10 20
132 55
3 89
83 71
60 53
32 88
36 91
58 66
131 122
48 76
25 4
126 20
124 55
78 130
7 131
66 140
90 44
79 95
3 86
25 96
77 139
142 89
135 61
84 53
51 104
84 100
113 38
25 2
149 89
8 7
62 112
108 119
47 27
65 95
7 33
52 56
146 98
15 70
22 109
137 52
98 100
122 45
71 149
75 130
43 29
22 27
44 123
41 99
103 103
71 32
105 28
74 81
132 121
87 67
144 79
34 50
52 144
138 135
20 16
129 39
64 142
64 34
81 39
83 4
89 75
127 5
135 25
53 54
101 44
78 77
36 146
13 138
79 8
139 5
59 17
130 147
74 2
116 124
50 77
4 123
127 88
37 90
100 20
27 112
63 65
104 108
10 17
79 10
94 91
6 116
13 64
126 4
93 100
140 81
61 83
42 65
106 87
70 145
65 79
43 105
62 58
89 26
121 87
4 73
106 40
35 117
19 54
7 69
95 112
12 135
18 90
148 97
48 148
123 85
77 24
55 8
40 95
6 29
146 36
30 0
3 110
65 130
53 134
7 138
39 103
73 116
72 57
135 103
39 18
6 132
95 102
57 56
42 129
133 43
40 81
95 8
82 71
61 126
118 100
48 104
11 34
118 60
67 40
125 72
115 56
7 81
32 37
75 127
31 47
45 117
80 91
59 57
22 112
72 118
88 38
32 40
26 7
22 70
119 88
68 5
143 81
77 126
19 51
142 149
20 40
1 37
134 89
67 89
111 20
113 42
119 83
120 58
21 66
125 57
51 115
62 42
29 149
94 149
14 64
112 72
49 77
81 147
146 31
18 86
49 47
128 39
121 48
124 129
59 1
72 12
70 102
95 137
134 56
116 147
12 54
55 49
5 58
88 110
128 109
68 65
131 63
148 110
95 78
17 70
77 124
30 21
130 94
24 86
103 148
94 5
30 109
48 92
56 145
105 121
104 76
95 47
20 83
64 32
81 22
86 126
143 119
82 32
93 88
73 10
6 48
62 136
46 1
9 78
145 142
10 131
30 140
131 62
56 58
64 56
104 68
26 60
89 8
60 66
57 83
64 113
106 120
94 141
14 53
120 95
39 113
34 40
8 130
46 57
40 11
92 97
118 98
141 73
90 6
66 60
90 15
22 41
116 41
95 12
89 146
4 1
69 86
38 66
99 77
89 36
145 143
20 96
26 68
135 24
98 45
37 1
126 96
84 49
10 93
46 76
119 5
107 20
24 62
57 33
142 6
99 5
139 78
120 44
47 26
141 115
83 53
53 124
46 31
50 142
101 41
10 105
11 4
78 59
3 100
123 65
47 62
132 124
95 68
13 144
46 86
67 131
5 105
52 102
57 104
130 149
14 102
140 32
73 13
110 53
114 32
6 98
80 68
22 62
11 3
24 122
88 120
24 75
62 17
142 26
144 130
118 83
36 103
105 54
31 36
52 114
126 31
24 145
89 67
65 60
4 80
26 142
73 54
0 93
130 13
99 70
148 26
34 30
87 124
1 139
5 94
38 80
149 69
146 111
91 92
109 20
17 98
131 77
58 53
23 146
101 40
24 45
47 7
72 124
104 123
64 20
56 63
26 122
88 36
106 140
41 106
74 96
38 137
137 51
17 131
59 66
71 116
35 120
64 104
56 70
57 3
32 55
35 36
3 12
132 97
30 129
41 54
76 79
40 88
142 53
41 23
20 147
60 23
98 33
12 146
36 125
43 99
23 141
132 54
112 106
56 47
62 118
72 120
62 31
87 11
80 131
51 94
17 74
1 126
8 117
123 9
144 22
12 139
95 123
5 142
137 51
140 45
25 130
81 131
62 17
94 81
119 37
139 70
13 18
59 68
136 77
33 97
86 67
90 32
95 106
110 6
148 136
97 116
86 27
78 23
135 79
89 84
11 126
134 105
43 136
117 13
10 53
81 22
69 92
59 107
131 105
49 29
104 2
116 66
72 132
68 131
8 52
122 106
120 98
76 56
31 6
22 54
29 76
139 43
29 31
119 45
50 50
7 12
74 82
88 101
103 26
68 133
140 67
90 44
87 25
21 87
106 35
52 99
27 72
82 40
116 141
140 100
41 98
66 134
41 46
35 89
95 18
66 87
65 145
99 38
32 107
51 33
23 4
42 5
69 103
40 115
145 146
52 76
63 62
36 13
25 106
96 12
49 72
133 132
106 47
132 70
81 101
137 18
103 79
39 55
132 16
21 45
28 109
133 85
15 1
43 92
86 65
99 141
33 121
76 123
71 8
32 146
28 36
57 86
117 41
75 88
98 103
0 25
104 125
52 107
137 131
26 65
52 12
63 86
33 126
149 25
132 45
103 19
65 29
43 111
21 77
26 102
139 146
114 106
55 11
129 98
36 46
5 93
6 54
25 71
49 1
106 51
122 34
98 37
35 45
14 103
64 31
104 139
86 134
136 116
78 92
19 104
36 127
79 40
133 8
147 135
30 19
103 46
75 40
134 7
107 145
102 89
89 111
71 15
118 146
100 1
94 80
147 133
74 127
129 22
106 17
70 141
31 121
112 120
10 81
45 100
42 66
82 137
8 10
125 107
121 106
38 29
81 121
89 138
112 67
41 80
138 37
3 54
75 112
99 26
61 46
125 18
115 23
103 67
98 144
16 120
69 63
40 52
84 105
21 116
31 2
57 128
12 97
82 11
95 59
37 9
147 2
66 22
119 141
13 138
101 133
67 12
76 88
129 24
19 53
115 56
86 94
111 93
68 130
137 71
71 88
22 32
6 81
80 33
16 86
118 54
92 128
121 101
117 48
147 7
43 68
130 117
85 81
50 21
59 120
74 143
96 140
68 118
75 79
100 96
46 82
14 130
21 125
137 52
100 120
46 101
34 94
107 76
140 42
32 14
53 20
0 46
4 94
143 24
13 118
47 15
106 46
60 28
137 149
52 11
60 113
80 47
15 134
72 38
64 92
135 113
116 135
110 135
132 127
71 118
40 20
92 49
14 46
103 15
41 106
123 92
133 2
11 106
141 59
107 104
42 129
95 65
128 83
1 127
11 54
110 49
73 42
97 10
138 70
135 17
55 91
36 95
67 99
61 107
27 54
0 47
58 41
79 83
135 118
84 70
149 77
105 101
140 58
87 136
137 63
83 11
138 32
76 142
98 18
33 127
109 106
76 147
14 12
24 130
116 10
42 74
59 82
26 13
126 2
107 72
89 59
34 36
73 123
129 0
149 144
107 146
111 115
84 144
52 109
148 59
125 52
51 45
12 2
115 89
70 130
48 83
31 51
67 69
44 137
36 130
61 98
17 105
54 113
123 100
55 30
87 93
37 8
3 11
8 32
121 35
114 93
108 52
94 85
133 28
111 109
74 93
60 77
91 29
59 105
80 115
147 102
61 110
29 11
28 102
39 45
10 11
103 129
3 52
43 76
9 129
48 124
36 16
125 113
14 16
32 16
146 21
128 58
22 39
122 122
93 1
26 17
43 127
78 124
76 138
119 34
89 134
104 102
111 104
56 0
5 97
103 31
117 0
64 45
10 36
41 86
101 26
41 121
102 62
53 111
60 125
57 113
44 6
9 24
98 80
29 38
76 31
31 14
141 58
112 23
4 97
100 144
136 27
136 44
88 110
18 19
31 135
16 120
103 84
17 79
103 129
93 136
118 149
33 110
29 97
125 124
129 67
16 91
135 19
9 6
81 7
142 11
54 126
69 107
118 108
8 74
120 112
24 0
44 120
146 74
44 137
143 113
56 84
120 92
59 106
124 81
93 7
101 124
146 73
11 120
60 140
82 24
29 106
92 106
46 115
110 141
102 10
32 122
57 117
74 118
89 72
59 99
33 87
0 118
61 86
44 3
96 131
94 46
25 54
109 134
137 119
96 43
0 78
5 99
68 19
117 53
130 136
77 80
57 144
99 108
104 15
81 124
105 33
124 87
128 136
89 94
120 149
117 94
7 18
46 79
40 39
52 141
144 95
13 78
49 89
113 147
104 18
24 128
128 39
79 81
41 69
97 6
87 54
85 20
15 93
30 112
111 149
39 2
115 52
146 140
53 55
95 65
105 49
3 98
98 65
149 83
60 146
74 110
98 24
85 15
14 21
62 116
86 86
121 6
11 70
66 80
94 91
136 22
144 110
74 48
123 3
82 68
122 35
63 44
111 50
56 35
6 136
144 53
43 139
147 127
137 7
40 9
57 30
34 0
128 70
128 96
42 5
46 72
125 100
139 83
51 81
148 0
72 106
31 52
139 140
69 79
18 146
136 62
144 73
121 58
136 92
128 12
128 22
67 33
82 88
147 68
114 113
95 138
108 36
20 131
111 118
78 22
102 29
4 69
141 137
136 29
109 55
105 139
27 123
74 111
44 81
45 69
106 70
83 21
47 92
143 51
84 117
117 70
49 15
148 9
13 130
21 23
32 78
30 123
144 22
114 40
94 116
134 60
96 33
78 82
24 89
11 142
111 88
2 130
28 110
125 27
11 98
123 73
144 115
39 79
86 57
106 101
33 118
72 149
77 19
5 93
87 4
65 123
133 30
0 74
148 67
144 55
118 39
42 4
140 31
78 0
61 33
58 84
117 66
5 116
26 53
124 37
114 13
117 98
21 112
11 138
139 39
91 15
96 35
105 68
64 139
22 79
40 108
149 30
47 11
61 56
21 12
134 125
12 57
67 139
115 57
11 82
6 71
15 41
39 30
77 14
79 24
123 124
116 73
85 22
55 140
120 130
84 145
119 0
109 64
54 49
126 109
35 118
109 99
5 95
8 104
92 114
61 145
127 51
86 68
125 2
86 79
128 105
78 61
89 5
60 110
93 102
80 135
18 131
21 40
12 13
9 18
109 80
41 75
2 96
108 115
103 44
57 91
59 26
109 39
74 3
142 69
149 51
88 121
147 74
113 108
24 113
58 65
39 24
21 33
132 130
100 13
142 58
9 9
107 107
94 107
121 35
72 10
63 134
1 72
140 117
114 109
66 17
145 70
64 128
89 20
66 145
34 108
57 141
136 69
79 105
68 67
140 45
33 68
49 58
29 65
72 33
17 142
40 67
46 15
112 50
142 16
133 106
93 126
133 77
130 45
64 76
132 124
64 63
35 33
112 117
7 79
7 109
84 11
64 128
6 142
63 49
54 124
93 96
55 55
145 82
35 122
81 44
109 7
94 21
113 71
25 136
83 99
50 73
115 82
76 8
63 53
50 29
117 53
99 92
48 100
23 82
113 118
123 13
106 86
106 132
82 28
141 113
139 23
116 38
61 77
129 127
134 141
1 106
36 60
74 142
101 132
15 84
128 147
115 27
115 104
138 113
56 125
21 64
30 119
10 103
32 128
122 3
27 143
44 106
131 81
129 86
31 134
22 114
76 22
34 52
50 2
37 101
24 34
20 120
142 68
108 96
31 35
81 2
29 8
108 145
47 131
110 13
9 59
109 85
105 81
5 12
56 122
57 71
46 132
103 106
115 111
43 72
106 120
101 0
59 44
100 72
149 147
30 115
12 145
22 94
97 144
93 35
18 40
68 33
69 139
41 41
108 63
69 127
4 3
52 73
59 119
134 122
141 61
144 51
11 69
41 148
31 58
76 114
78 3
9 149
42 15
47 54
71 119
47 128
106 86
113 73
136 79
7 144
117 25
43 149
134 104
79 32
105 6
45 126
13 11
133 138
64 29
17 35
114 95
26 86
138 51
15 96
0 139
14 41
132 80
11 46
144 54
109 56
110 105
70 0
106 35
21 44
132 63
120 142
39 63
50 90
50 109
61 73
117 117
72 119
10 32
88 95
10 127
42 20
96 116
138 106
17 77
131 44
137 35
120 123
60 50
125 34
25 21
69 88
35 93
47 113
69 82
27 13
101 132
98 59
42 115
49 61
47 59
76 113
110 136
41 131
7 90
81 70
39 9
120 80
7 141
105 56
136 42
141 31
51 93
88 114
110 92
71 118
98 30
25 104
20 49
147 36
97 113
135 62
122 101
95 18
50 148
138 27
54 129
57 53
12 48
125 98
90 124
123 37
31 50
86 6
13 12
85 47
86 106
36 31
15 137
22 14
39 96
51 69
96 9
78 1
46 3
22 79
25 101
124 122
51 56
121 146
85 73
37 139
78 104
41 4
31 118
87 14
120 115
51 21
10 4
127 36
21 23
120 83
95 5
49 19
5 47
116 17
33 133
23 93
125 97
130 105
132 76
90 59
149 66
55 117
54 84
8 23
38 81
5 75
79 29
63 65
107 7
18 85
3 43
141 121
101 57
25 13
58 56
140 76
81 109
39 8
146 8
87 26
39 36
144 71
126 3
101 48
14 84
105 67
141 80
75 64
117 90
135 133
34 42
115 61
71 82
134 124
131 22
4 61
63 52
84 23
142 20
138 31
12 33
9 132
113 2
43 79
19 0
36 81
30 26
24 71
33 118
15 86
8 86
94 102
1 84
8 72
44 93
71 139
149 94
8 144
129 131
57 101
131 94
123 33
7 116
30 132
140 100
22 141
110 114
56 79
106 112
56 82
70 25
137 124
117 86
72 149
89 46
122 136
60 115
59 105
99 106
144 25
49 25
119 105
3 3
99 61
52 47
133 60
93 124
126 41
4 23
13 75
120 57
5 26
56 16
74 58
100 2
83 145
94 76
62 135
125 59
6 59
100 31
52 85
78 32
24 79
115 19
93 1
121 103
102 102
78 101
110 145
77 60
19 113
13 50
19 9
139 134
105 114
14 36
140 73
51 119
149 19
95 52
44 58
143 24
62 30
127 37
104 128
38 8
118 72
100 43
114 16
0 23
127 15
16 56
141 112
37 60
93 145
130 134
122 109
66 94
67 37
48 137
117 15
76 52
140 106
117 4
104 19
23 4
65 104
142 46
53 8
126 106
78 137
54 135
55 77
114 39
28 15
80 98
93 65
98 85
120 15
117 37
27 74
43 63
27 116
101 18
15 137
58 59
60 125
28 105
10 115
4 98
2 92
95 101
81 145
102 119
107 130
123 45
4 125
130 15
107 124
27 21
37 25
78 98
132 14
93 146
52 77
53 111
54 139
39 104
121 2
66 135
75 109
53 53
103 47
99 33
6 137
105 29
133 1
108 130
133 136
19 30
55 7
75 125
68 112
49 80
12 98
2 78
4 41
5 11
138 62
137 58
81 23
115 112
40 94
76 26
73 27
52 29
54 81
92 74
125 130
75 149
19 34
33 38
40 132
131 53
17 25
51 84
11 58
12 121
138 69
96 51
94 136
120 84
109 132
89 120
76 124
101 24
3 27
65 110
121 99
121 85
98 129
122 67
105 9
142 87
106 48
98 9
18 29
90 135
92 149
97 145
10 53
146 82
29 33
29 91
74 37
71 29
8 92
142 81
26 128
66 34
28 95
72 134
17 5
42 94
112 9
70 6
74 57
35 5
20 25
49 17
97 15
128 9
144 85
4 19
19 143
73 126
142 54
134 33
143 117
110 17
103 18
90 26
49 47
9 95
85 142
62 26
98 18
5 11
122 89
16 129
51 92
6 65
134 93
146 24
36 20
106 6
149 97
51 119
110 28
88 19
147 48
122 15
108 57
34 40
63 148
138 130
84 57
9 105
138 96
14 76
34 60
90 63
62 141
12 71
88 79
69 78
68 113
5 32
143 62
132 111
79 52
102 37
36 23
146 49
116 26
140 51
10 36
149 18
35 132
78 103
111 43
123 16
86 72
127 63
135 132
131 66
33 22
24 124
72 104
130 73
145 110
9 79
47 58
117 54
63 71
51 76
30 81
20 110
86 108
10 107
15 90
138 141
97 41
134 137
25 101
113 111
57 134
41 133
10 135
138 141
63 40
81 137
17 18
99 112
24 79
76 147
101 69
23 78
97 148
13 54
90 53
119 72
49 101
93 68
88 88
41 144
21 119
31 26
43 60
141 26
87 78
76 60
122 9
2 71
127 95
71 87
84 46
108 103
141 93
70 2
113 7
1 117
13 5
135 7
44 88
0 80
63 142
46 143
110 11
54 29
129 63
70 90
34 42
73 27
51 41
143 97
127 8
88 142
15 43
69 107
3 135
14 139
107 139
92 103
58 137
146 113
86 49
111 54
133 93
42 78
32 71
34 20
117 146
142 14
41 1
37 24
61 61
89 6
59 143
60 145
102 113
53 125
76 130
100 90
74 26
126 32
2 98
117 3
58 115
76 44
120 23
4 92
133 115
80 102
32 110
9 113
9 40
29 58
55 67
123 87
127 124
62 132
117 145
89 65
42 26
105 139
134 62
87 97
74 121
91 24
78 19
122 74
103 87
57 1
62 91
76 70
84 15
130 126
103 9
110 138
97 136
1 92
54 79
40 132
61 59
26 140
98 117
37 65
67 35
14 143
60 12
80 140
84 96
77 34
62 114
84 43
22 31
73 71
36 81
17 118
11 109
17 23
87 13
26 72
14 38
124 96
83 120
82 43
37 25
26 115
115 74
41 139
116 26
11 93
110 77
33 58
103 63
47 37
104 27
108 41
35 12
134 28
51 135
110 137
109 110
53 109
133 126
75 6
26 90
27 99
11 45
85 64
107 140
82 63
0 82
138 23
125 1
115 7
21 34
6 105
58 100
67 51
87 137
116 56
73 28
112 28
36 104
149 142
90 98
9 17
27 105
112 20
72 134
139 145
81 14
91 109
33 62
35 11
28 120
117 98
35 116
42 33
25 15
21 147
140 118
116 127
52 127
82 118
23 93
93 0
129 117
9 141
7 1
112 1
95 33
131 87
25 16
123 139
84 60
134 136
66 97
37 93
96 69
98 37
82 88
40 73
109 70
111 19
105 60
137 62
35 138
99 11
141 33
111 84
80 128
0 134
143 92
62 35
81 43
148 29
114 85
140 7
109 85
95 135
5 54
28 27
31 10
51 96
142 75
51 77
69 35
130 128
90 26
101 86
132 91
51 102
100 141
8 110
98 11
84 21
101 73
118 96
147 104
72 101
85 130
43 65
32 1
39 146
77 105
9 38
4 5
36 11
45 44
87 27
140 126
64 8
25 89
105 103
129 12
65 97
6 121
82 106
123 5
53 34
34 52
66 136
133 5
116 57
116 89
129 120
119 3
69 83
124 74
26 38
129 42
0 38
46 106
28 74
130 2
57 38
62 9
84 128
12 51
50 111
51 13
136 147
92 87
71 76
6 130
59 2
63 89
142 66
85 113
109 56
58 51
122 21
15 102
71 20
82 35
87 41
38 12
70 79
12 52
132 145
40 104
58 140
109 9
113 110
40 100
137 122
144 16
64 128
63 89
119 110
58 9
102 139
59 52
114 42
126 73
96 97
123 82
69 70
98 72
120 102
74 43
109 127
17 129
37 21
14 117
102 2
53 116
112 43
17 99
59 50
8 16
125 2
23 46
74 53
118 36
31 41
70 94
78 142
148 97
87 1
38 19
0 38
133 14
83 147
8 16
40 91
109 38
102 112
66 69
39 148
10 16
30 118
67 128
135 141
81 81
26 42
140 50
33 116
93 31
60 0
29 61
111 34
11 142
144 129
142 39
54 69
29 3
109 118
143 40
0 125
110 88
76 130
9 85
26 108
13 122
29 129
130 77
124 52
87 91
8 112
133 88
32 145
84 4
110 104
1 148
71 135
119 56
149 113
133 31
6 77
114 110
31 88
97 77
106 104
44 100
10 22
122 42
37 117
81 72
43 78
66 105
129 97
141 146
142 96
34 126
62 43
78 82
94 34
32 121
111 92
44 31
25 138
8 93
2 108
8 113
104 30
40 37
132 142
109 139
37 3
46 28
58 6
27 122
78 101
138 96
102 69
21 140
85 90
44 13
67 51
110 60
2 67
123 30
121 20
45 71
128 136
79 144
59 29
96 49
148 97
74 107
60 67
23 124
102 86
46 76
71 123
51 72
60 43
131 15
42 115
14 26
88 145
56 83
48 133
145 14
38 56
146 129
107 63
125 107
112 11
85 98
4 143
40 77
77 131
51 66
77 121
57 81
48 101
50 31
54 58
59 7
76 63
81 146
49 146
88 103
69 38
5 96
59 13
56 102
69 60
49 46
8 43
113 14
85 112
103 106
145 147
85 83
73 18
10 76
114 67
61 38
131 76
77 113
32 95
87 55
37 77
30 66
99 32
147 61
109 117
149 85
9 8
5 0
90 44
101 16
35 5
83 25
88 27
100 9
76 73
73 23
45 9
9 132
143 107
11 142
122 99
4 41
128 111
25 146
131 85
84 14
5 52
56 37
110 53
61 48
131 23
92 1
83 5
67 23
144 134
59 109
131 112
59 90
126 32
75 141
135 87
8 15
36 112
8 3
56 104
70 107
47 140
70 74
82 63
149 147
106 125
76 73
107 37
144 47
128 135
21 39
1 37
129 121
70 13
118 10
137 86
15 112
33 96
103 20
115 49
64 55
76 12
93 91
128 75
113 32
19 81
5 80
147 142
48 92
32 55
19 56
99 0
69 141
139 98
25 18
125 114
6 9
55 146
94 90
145 47
77 129
73 47
96 72
69 64
54 140
111 110
31 106
146 131
135 20
125 39
43 134
92 81
140 125
82 19
76 0
102 108
15 92
50 45
56 100
29 108
83 54
95 31
70 11
149 110
117 31
55 54
104 108
40 76
73 144
110 1
110 132
13 14
16 10
46 82
124 26
82 63
62 7
21 55
103 39
131 42
36 124
149 88
130 44
97 134
134 86
110 76
69 57
0 141
65 41
60 76
98 121
87 92
28 80
49 133
14 137
6 113
28 62
6 49
48 11
28 117
106 47
100 26
24 107
4 132
19 147
137 6
70 36
45 140
19 58
97 112
139 120
112 142
46 42
30 48
38 63
121 113
97 112
18 127
101 116
2 26
110 1
86 34
137 100
26 16
47 104
116 14
122 29
85 144
114 97
2 98
84 82
87 10
36 139
110 79
73 88
78 88
49 37
123 59
10 75
51 71
17 127
54 116
75 26
119 147
68 91
16 100
129 84
86 14
19 101
46 24
49 140
18 36
80 35
101 19
9 43
69 140
146 149
21 46
30 139
133 103
22 86
1 116
10 146
69 27
147 146
64 35
51 130
20 54
29 132
37 104
141 123
22 59
118 104
76 64
129 46
15 75
145 70
18 129
117 137
126 68
72 45
55 66
59 78
136 69
21 99
128 118
4 20
49 110
74 10
17 23
70 0
72 51
59 41
114 79
127 31
90 119
92 16
104 44
100 94
68 40
83 146
130 56
31 49
76 139
75 57
62 16
19 27
86 105
149 89
126 51
113 148
24 136
149 73
33 123
108 20
109 13
8 71
1 62
14 143
17 130
115 93
77 75
100 36
20 48
60 146
79 46
82 111
12 125
1 25
66 65
12 101
3 89
119 117
73 77
141 13
28 1
19 0
119 27
7 76
102 104
8 27
26 41
28 144
78 20
54 65
35 46
120 20
74 114
76 90
8 80
135 40
101 145
103 7
6 125
20 38
86 57
96 38
61 2
106 86
10 91
93 104
68 29
82 100
5 117
56 99
53 136
142 71
23 93
62 78
12 92
25 35
91 134
118 24
91 65
3 13
27 73
100 105
44 115
76 62
76 8
75 140
41 4
68 91
48 128
18 90
43 27
24 21
99 32
52 47
116 71
91 113
131 84
59 3
37 31
78 72
43 105
8 50
75 97
7 141
112 87
25 121
75 84
80 32
140 145
96 121
96 28
91 35
110 133
134 6
57 32
143 33
73 149
66 4
8 143
59 134
63 8
56 31
125 33
93 19
64 69
51 18
41 7
41 6
23 102
28 2
121 27
83 121
14 8
99 112
2 18
65 57
101 40
24 84
11 84
112 90
59 105
6 96
5 89
27 66
103 51
102 89
66 76
79 57
68 124
83 122
70 139
82 88
16 111
24 32
134 141
2 0
129 15
134 149
48 11
142 40
13 86
51 46
23 28
90 133
98 40
81 76
49 3
144 147
36 41
74 143
111 141
3 149
12 61
66 27
86 40
20 8
101 41
35 32
71 129
45 140
46 47
83 7
21 46
101 85
115 115
57 41
53 73
11 141
15 141
77 126
106 20
4 12
34 3
129 93
137 134
104 63
115 0
145 8
75 4
130 133
43 108
37 20
114 110
76 39
73 74
101 67
42 103
146 58
37 22
43 0
98 139
46 134
122 59
19 83
93 64
30 31
50 39
121 17
40 110
29 43
34 59
65 70
49 130
45 25
60 64
92 136
148 84
27 24
131 27
59 92
102 64
54 103
10 86
27 148
133 99
149 42
24 23
126 135
126 24
33 4
106 42
56 149
113 12
26 54
53 99
19 26
84 137
73 78
47 1
100 139
148 35
138 32
76 56
76 3
78 106
6 60
72 108
79 113
109 8
87 7
62 139
91 105
10 74
69 15
44 105
4 123
120 121
146 107
142 95
101 137
42 86
22 47
52 57
98 148
71 141
31 16
124 27
94 67
103 124
145 28
120 4
78 10
28 136
23 59
109 48
70 102
43 86
72 59
19 103
141 79
33 118
23 137
70 66
106 15
130 47
5 90
61 141
139 143
137 59
66 89
33 139
119 70
149 46
73 37
63 81
5 33
1 2
44 60
35 120
52 102
27 34
102 134
39 28
16 25
135 105
25 87
67 30
63 95
61 59
97 116
15 11
39 96
77 140
46 37
75 60
103 62
57 112
72 11
17 103
11 3
13 7
14 67
3 57
73 13
124 45
118 138
111 85
92 34
117 108
135 144
98 114
28 67
133 103
61 44
101 9
6 144
101 146
67 48
0 14
26 38
21 4
138 77
22 140
33 136
103 91
23 51
42 116
52 126
80 97
147 148
53 62
22 131
9 10
70 36
54 103
36 42
45 6
139 6
106 27
0 85
118 100
49 91
79 21
113 44
95 124
107 75
18 143
136 118
37 149
140 42
53 69
47 80
83 12
134 41
7 95
24 43
56 65
101 103
70 120
111 86
124 122
10 73
12 15
122 86
104 11
104 35
49 26
59 119
94 134
25 139
107 119
89 59
52 146
118 29
79 80
123 85
142 40
69 106
108 8
140 30
78 129
52 118
82 119
131 4
60 145
14 77
89 11
67 114
143 15
30 15
52 90
93 132
20 78
98 36
72 17
127 30
104 32
130 32
133 93
103 107
97 18
128 136
97 6
16 92
24 19
1 115
143 147
5 17
145 52
138 101
101 51
78 117
129 45
49 77
34 126
53 75
0 33
57 141
70 146
101 61
8 125
63 96
145 20
22 138
139 73
64 110
76 7
116 57
149 133
81 110
91 0
146 133
90 108
147 126
144 24
66 114
124 97
130 37
83 74
113 111
118 131
126 116
88 7
135 18
51 44
54 77
80 58
147 100
48 145
114 6
136 8
55 30
98 8
142 96
101 21
36 46
79 10
90 55
90 117
47 138
1 132
119 4
23 64
86 144
116 48
59 8
28 103
87 77
90 83
50 17
49 5
70 5
35 147
18 46
23 91
93 24
130 17
58 148
103 23
0 100
110 130
7 100
8 70
80 132
32 29
17 36
99 93
15 0
45 146
43 38
123 114
27 56
52 117
1 12
61 56
123 4
110 33
120 103
59 72
49 140
109 145
146 45
51 111
35 50
68 110
146 11
67 23
96 15
88 0
75 124
133 92
48 15
133 90
56 24
104 36
59 128
45 88
130 1
31 56
127 80
130 55
85 114
117 44
120 73
8 10
141 27
73 59
95 67
38 70
39 75
39 87
132 108
73 105
37 110
3 92
149 87
104 89
92 10
32 89
53 101
134 21
30 46
37 121
119 79
13 141
47 19
60 1
93 43
107 90
74 83
90 56
94 27
26 84
141 85
7 103
69 61
31 6
0 72
8 96
107 92
38 116
71 71
111 31
134 96
67 125
104 86
116 135
136 35
77 59
97 6
128 77
74 23
79 81
144 144
53 8
85 39
98 50
92 1
31 67
27 35
99 69
118 56
56 5
73 130
125 90
72 23
38 109
102 82
72 0
14 112
147 23
76 134
130 79
76 79
100 148
89 84
55 114
90 52
60 114
54 93
20 108
61 15
83 111
103 86
16 141
53 84
76 127
29 27
113 51
101 142
26 48
68 83
144 112
70 65
109 88
38 71
48 131
13 43
56 9
85 148
88 140
119 49
78 55
0 86
136 72
63 110
126 29
90 41
42 63
78 96
94 71
91 132
121 18
67 78
120 76
13 118
134 114
110 145
66 76
52 129
19 65
30 149
44 126
147 140
66 53
41 132
94 59
137 23
115 42
128 23
91 20
32 101
42 20
57 145
94 108
42 71
73 53
42 48
6 117
67 112
49 5
75 62
97 77
26 126
123 45
4 136
80 56
2 54
146 21
78 91
96 1
53 133
0 3
117 11
108 59
132 84
74 139
148 47
119 138
33 64
86 43
100 3
20 61
149 9
143 34
45 27
50 0
137 94
141 42
148 95
35 38
93 74
89 94
93 117
6 72
64 52
22 60
137 41
146 32
64 119
48 116
104 3
88 48
52 107
87 144
54 112
145 67
148 6
140 31
120 60
60 127
118 64
70 134
67 109
22 31
32 34
63 6
1 37
69 88
102 103
110 44
28 55
128 12
4 24
24 140
37 85
137 14
144 92
102 47
133 7
15 132
97 23
23 139
50 99
99 129
7 19
132 52
76 34
21 93
47 106
26 121
76 121
136 41
82 17
15 29
68 134
29 82
36 129
10 66
104 65
31 102
59 142
12 70
122 43
68 107
69 95
96 97
17 100
56 105
125 113
72 145
148 4
81 138
27 9
90 138
79 29
146 13
63 118
142 144
87 19
113 60
139 118
39 126
135 51
40 147
91 47
52 15
97 42
45 143
7 107
109 60
92 106
58 117
19 95
85 42
140 42
57 138
124 144
75 69
124 15
101 64
121 93
16 36
71 38
2 79
63 79
148 33
104 0
10 43
47 109
84 2
127 116
38 86
102 131
144 124
39 35
64 38
143 135
64 42
138 67
1 108
43 104
59 70
56 32
105 94
130 8
147 4
39 60
70 17
147 70
93 104
103 86
113 146
149 77
119 58
84 7
98 29
68 37
85 117
126 100
43 99
137 32
45 57
54 88
63 149
10 77
92 52
77 92
25 127
45 62
144 55
42 7
15 52
129 20
73 125
53 11
145 78
100 86
24 113
148 87
99 22
58 29
46 16
42 146
84 120
17 106
128 10
52 131
36 86
123 109
58 140
30 64
80 62
133 18
142 144
70 95
127 69
97 93
115 51
57 72
133 70
113 42
14 25
61 103
45 129
141 148
104 54
107 64
124 16
113 36
117 66
62 61
36 126
93 54
57 50
61 112
17 136
136 57
107 77
64 10
32 66
137 56
51 65
145 50
104 136
40 107
13 81
119 53
116 34
89 70
132 136
83 79
92 140
145 114
41 114
69 54
58 55
85 11
54 90
18 22
131 21
9 75
110 146
143 105
94 127
113 38
125 149
14 86
18 3
22 116
120 1
112 128
5 41
93 21
7 139
42 83
148 127
83 145
67 84
113 24
85 141
15 43
116 94
58 31
16 89
14 80
144 117
148 95
7 17
97 82
4 44
23 77
36 89
101 97
122 146
13 22
20 34
50 113
0 49
128 149
46 127
54 13
60 103
138 93
28 133
149 20
133 59
112 146
55 67
145 7
31 74
13 96
86 26
13 133
15 71
30 117
56 73
101 129
126 46
145 121
1 83
136 54
66 70
92 143
50 9
55 77
107 83
29 13
134 124
109 98
58 4
136 148
145 27
57 110
80 56
124 132
63 55
101 116
111 87
138 36
50 86
103 30
7 36
17 24
90 64
110 0
24 40
8 108
138 8
20 148
42 51
79 134
6 105
72 43
58 93
95 33
20 101
114 126
25 28
136 141
140 123
95 66
73 142
133 60
37 46
88 147
130 65
31 98
67 117
146 124
138 83
139 42
51 8
39 113
37 36
88 2
72 148
40 147
115 128
133 123
113 51
108 48
94 63
20 44
85 27
51 78
52 60
79 77
57 13
114 27
29 28
17 57
104 66
61 71
111 48
25 17
143 49
67 129
96 110
88 133
33 98
145 13
70 53
133 123
2 75
46 71
111 101
4 47
55 118
74 57
116 145
146 10
104 47
85 123
116 15
144 131
68 62
35 108
82 117
74 148
126 81
41 75
6 4
141 50
8 36
39 83
76 145
137 44
129 60
89 45
58 81
128 114
7 103
12 130
96 70
29 2
32 110
52 78
14 41
97 119
37 134
64 72
102 86
4 110
9 74
6 143
17 35
43 121
26 16
49 78
51 11
119 83
34 85
60 76
38 134
77 17
12 90
32 10
52 104
143 31
147 47
124 113
82 126
141 140
67 120
30 128
121 14
53 60
50 46
9 113
44 149
62 80
23 145
147 144
92 95
127 99
99 62
59 100
75 133
73 139
137 89
80 86
88 53
57 133
3 8
2 27
15 16
83 138
97 81
13 116
45 103
35 33
37 82
90 149
47 116
54 48
99 141
102 2
97 144
133 1
62 109
95 55
67 50
114 14
51 97
25 10
21 119
57 97
71 111
55 79
17 3
25 104
94 58
33 127
132 89
52 66
142 104
126 11
74 42
86 116
42 115
1 24
60 42
75 104
76 45
110 112
46 80
102 63
16 134
139 48
82 82
128 27
71 80
43 38
136 49
27 147
9 142
84 104
32 71
36 26
59 143
24 67
21 5
5 51
19 56
61 94
67 5
13 125
109 115
29 16
40 65
139 45
146 124
81 107
71 123
120 58
13 26
114 64
49 125
46 104
142 59
23 80
62 56
78 116
0 133
142 88
14 136
114 0
72 61
109 120
24 133
47 67
140 76
43 142
94 67
52 60
126 50
127 148
93 117
147 84
58 126
6 98
56 78
126 113
18 23
68 80
61 127
72 112
24 1
55 113
88 101
85 92
146 34
109 57
116 111
47 20
3 20
108 4
20 93
138 35
26 38
121 126
43 92
70 124
57 149
0 57
130 117
52 65
70 114
19 36
128 18
51 34
13 34
142 62
123 67
4 71
10 61
73 92
138 123
3 96
135 32
56 56
104 22
99 81
96 97
14 89
0 62
49 2
99 148
97 73
97 110
15 35
16 121
70 98
81 46
3 3
32 85
142 104
37 3
101 43
75 44
131 101
15 12
68 67
78 132
99 113
97 67
120 62
70 19
8 75
54 121
32 143
138 116
137 132
92 148
68 124
44 28
25 128
28 109
18 58
44 77
131 78
64 61
63 110
23 9
33 109
96 134
23 128
22 88
128 43
112 74
9 138
135 131
136 50
1 57
124 144
100 56
1 71
33 27
1 135
59 76
131 114
99 20
69 32
23 114
47 75
111 38
125 106
36 92
11 129
93 33
81 70
102 43
108 6
42 61
107 88
82 88
108 128
139 143
43 119
80 87
49 91
66 38
14 98
30 137
3 72
140 93
2 108
98 68
79 70
65 1
146 106
13 64
24 120
103 36
125 2
120 133
113 115
132 34
76 48
94 53
31 55
24 113
136 30
20 36
96 143
82 101
19 22
2 11
22 120
106 145
139 148
3 12
142 132
127 137
23 4
30 69
50 117
4 130
95 92
93 84
108 70
40 18
123 21
2 31
47 23
133 141
4 65
41 124
148 2
68 138
55 60
0 40
42 13
126 102
59 7
38 121
56 26
46 133
114 94
61 79
57 113
88 143
12 78
36 13
84 59
63 43
38 95
31 137
41 27
135 95
76 119
21 82
139 43
114 146
115 118
96 11
47 14
6 7
54 110
76 66
70 15
133 109
117 112
123 72
91 8
27 73
133 11
119 132
78 126
104 82
76 4
44 53
67 41
128 0
3 149
93 37
70 124
25 9
20 58
108 120
141 74
20 86
120 125
44 117
89 26
135 104
68 42
136 47
57 41
58 49
26 64
12 82
85 1
111 32
109 108
119 24
112 61
147 84
13 30
33 29
82 35
13 79
80 135
142 76
30 117
143 63
47 76
83 76
34 0
48 83
62 76
128 60
71 89
38 142
134 102
92 43
50 9
148 63
119 54
17 104
47 142
116 129
13 38
33 8
104 72
62 75
131 122
75 73
70 81
10 73
117 63
97 105
124 88
52 37
118 137
101 93
15 32
39 86
129 1
131 127
79 120
133 51
12 135
78 29
5 120
78 9
80 44
141 136
25 66
133 61
43 9
69 47
89 131
144 48
112 42
74 149
17 43
49 139
15 140
98 128
36 117
147 138
13 48
10 142
121 42
70 70
20 2
62 71
82 113
121 1
55 98
13 50
29 130
95 121
119 90
128 116
112 38
39 148
90 56
62 135
97 98
120 71
137 83
54 58
121 3
20 1
93 109
9 129
67 30
122 37
41 59
24 78
77 54
129 99
42 76
149 112
7 28
89 54
107 51
72 126
83 149
97 67
15 115
80 53
58 26
92 91
75 15
114 77
120 103
145 131
138 54
124 26
137 92
58 141
70 94
16 13
124 126
85 118
29 7
52 67
101 28
97 25
83 24
94 107
84 118
138 110
44 38
16 139
91 56
118 65
62 27
124 77
133 102
13 124
19 37
18 95
51 145
55 30
98 137
49 77
9 52
80 89
8 124
118 17
120 87
33 49
20 109
144 18
17 3
33 58
79 56
122 120
21 34
56 98
38 8
111 127
67 90
114 68
71 134
134 5
31 115
69 107
84 1
127 138
108 107
142 127
102 100
92 62
125 135
47 39
145 41
131 122
92 13
147 74
95 102
146 70
84 34
57 114
126 147
72 20
34 127
63 89
124 61
29 105
32 38
91 81
48 56
6 137
36 49
14 61
21 35
3 128
137 3
26 107
33 80
53 84
149 142
136 62
53 99
60 111
113 89
81 146
44 91
79 5
42 22
36 52
24 37
108 45
82 42
17 113
82 119
62 87
124 59
46 98
129 110
129 140
58 54
48 49
2 102
5 137
114 110
15 46
60 0
2 56
9 127
26 11
101 129
91 103
46 96
2 127
88 57
113 111
62 6
120 101
38 122
83 91
27 54
98 101
108 85
120 53
99 59
47 90
75 13
83 92
112 31
128 28
56 94
149 29
84 84
83 6
119 108
134 91
28 139
45 4
81 8
87 101
5 77
96 73
122 94
41 64
56 31
131 122
101 22
64 19
14 130
13 38
105 115
124 82
65 100
93 149
60 56
75 148
146 10
33 134
112 63
122 35
59 72
135 12
33 78
131 141
139 105
102 76
132 147
131 88
33 77
55 119
58 76
47 32
149 147
58 51
58 3
116 11
77 71
132 1
11 34
104 82
143 92
85 55
90 43
122 74
75 102
2 3
37 107
96 28
42 131
14 111
74 40
83 123
53 94
16 49
77 127
140 148
51 41
18 130
130 76
5 133
47 54
36 87
6 5
63 131
110 29
99 120
149 102
46 106
148 1
127 82
114 26
71 9
80 106
129 36
55 73
32 140
48 148
137 71
18 140
110 6
21 25
141 39
24 17
17 5
120 50
118 140
113 11
112 73
23 9
91 108
4 30
76 40
53 73
107 116
32 105
69 33
41 5
85 111
134 35
36 132
129 21
27 38
24 21
81 74
60 54
33 24
72 89
121 92
62 46
91 125
127 137
18 127
134 130
102 0
111 99
6 120
91 82
30 122
61 105
144 54
27 15
101 115
46 34
110 57
103 82
78 81
120 64
115 67
4 102
39 51
76 34
30 66
135 26
15 49
80 133
67 77
138 97
76 102
134 111
25 26
1 56
125 109
137 64
34 71
17 12
64 104
29 14
107 69
97 135
142 73
86 111
13 126
110 92
144 65
54 85
50 44
36 34
37 25
34 11
43 76
143 144
6 26
54 63
105 21
62 59
83 10
7 24
1 33
59 124
38 30
97 81
96 78
99 4
56 13
21 21
29 35
39 114
23 132
103 110
64 25
125 45
142 8
45 111
110 91
142 68
105 32
125 104
10 37
77 127
89 13
120 80
19 54
41 120
123 14
126 10
27 124
49 81
93 97
121 99
138 96
100 21
79 123
55 86
34 122
91 26
17 0
10 65
101 18
130 22
107 86
9 115
55 27
36 112
52 27
139 2
96 144
83 68
56 16
96 24
114 61
55 148
27 63
24 75
82 2
86 4
99 85
116 49
119 107
54 15
12 122
58 89
132 136
111 26
89 7
62 116
21 3
23 135
59 135
3 36
108 142
50 43
91 146
105 80
14 60
113 67
125 46
116 76
19 99
67 0
90 133
145 96
127 138
22 34
85 58
9 112
123 96
19 9
70 102
59 22
59 96
86 113
127 41
76 8
62 140
96 138
136 69
78 42
122 41
114 125
92 72
39 33
99 72
131 52
76 33
22 48
78 128
93 137
113 121
133 103
20 11
52 55
121 46
79 101
24 131
143 75
134 129
53 73
12 45
89 147
70 0
96 9
100 40
95 43
5 3
58 104
72 60
57 122
147 27
43 110
49 36
131 73
52 5
65 96
92 12
123 39
43 14
38 31
36 23
147 45
31 55
27 148
106 26
69 77
127 13
29 48
121 47
9 117
69 27
127 116
97 89
50 90
15 127
26 94
25 132
76 3
86 22
1 135
21 37
108 78
80 108
52 128
84 17
133 99
67 91
140 118
13 54
62 43
30 124
111 5
85 59
107 110
69 60
9 85
2 146
123 4
88 30
100 44
60 93
114 57
50 41
28 69
113 40
7 71
126 53
79 112
117 51
143 112
58 120
23 94
108 35
100 22
9 33
99 15
23 117
59 80
123 138
74 146
112 31
3 89
0 49
69 113
27 43
48 122
19 5
1 120
68 135
138 116
63 68
132 93
125 48
148 92
108 117
102 71
89 47
146 105
146 81
127 146
2 12
131 36
90 106
8 64
39 77
60 53
70 19
57 104
113 100
80 104
84 79
144 60
15 13
33 110
136 91
24 70
55 8
149 61
13 69
94 15
2 114
38 85
59 22
13 148
21 130
51 96
121 12
39 6
56 63
21 123
89 88
68 117
103 4
108 79
87 12
32 33
18 144
112 94
16 79
44 148
139 55
107 148
116 80
114 132
16 139
45 129
95 16
97 55
110 115
72 26
116 66
51 30
111 22
132 89
73 139
55 78
74 5
135 39
47 38
86 112
29 19
122 120
148 102
13 56
94 118
7 145
71 30
113 112
15 32
104 7
115 126
27 0
138 105
55 0
14 32
23 30
142 78
2 126
90 33
105 51
130 17
75 124
31 54
77 8
38 57
149 143
109 45
68 93
61 120
146 12
69 11
33 69
64 22
144 117
82 64
65 93
64 94
40 47
75 135
111 51
4 57
83 125
58 40
144 2
106 84
38 20
1 15
125 86
65 29
43 29
147 0
132 38
61 120
73 42
91 58
90 55
77 119
18 122
126 126
91 45
48 110
57 103
117 149
116 57
123 81
104 132
100 124
83 72
88 73
84 2
55 97
70 141
72 91
72 90
132 58
99 77
81 110
80 134
107 31
66 141
69 144
117 109
61 46
141 93
1 46
21 138
33 37
132 119
138 91
129 2
81 89
131 24
130 141
53 71
51 95
97 91
23 93
96 116
137 8
106 118
76 110
25 81
40 141
39 141
130 84
11 132
86 23
148 29
0 112
75 135
116 21
105 78
90 60
94 67
91 123
44 111
67 87
8 57
47 142
135 137
126 73
60 50
54 16
56 56
93 36
48 27
60 11
132 19
45 81
132 26
32 107
52 8
146 74
28 8
59 10
144 104
146 91
59 46
56 111
149 63
141 60
17 113
62 30
84 85
127 110
112 133
142 89
133 65
46 36
61 143
4 61
116 147
81 46
51 111
1 131
138 82
12 35
6 110
114 81
24 33
6 56
140 15
35 135
46 49
109 96
95 14
20 119
141 138
55 29
6 33
51 51
119 141
135 69
92 82
4 92
137 52
105 97
62 142
32 50
25 130
68 133
132 126
121 109
83 122
149 45
116 133
110 116
142 38
115 132
4 142
43 28
63 117
16 130
86 39
141 93
121 4
108 123
25 87
106 86
103 14
70 104
21 33
25 49
86 142
51 85
44 120
106 49
100 40
66 58
23 9
8 16
47 111
60 99
145 35
22 108
15 43
108 42
135 46
51 13
85 113
139 47
23 55
62 111
140 78
65 26
136 33
25 75
19 70
141 34
106 38
42 102
146 123
70 12
52 148
75 113
136 87
44 84
84 93
27 29
61 48
122 13
86 51
102 88
89 116
7 24
107 14
18 104
67 111
117 138
45 135
137 146
35 13
117 137
62 104
84 27
114 31
84 142
14 148
69 93
115 4
46 78
116 35
59 23
93 136
125 37
141 121
133 98
39 128
14 22
136 72
27 28
15 139
96 56
72 135
115 60
66 147
149 63
4 74
52 103
92 98
125 99
120 118
63 37
77 31
133 126
93 3
19 27
145 25
44 29
29 143
10 57
26 96
106 66
133 67
31 116
126 36
81 15
128 28
15 140
43 92
82 84
114 63
106 84
30 148
40 93
59 61
24 136
86 119
76 65
13 119
15 103
110 91
101 148
63 134
28 143
27 103
24 34
116 86
113 140
86 68
127 69
110 137
100 22
100 136
55 126
41 124
145 39
137 138
37 133
103 138
95 21
31 136
96 31
144 143
20 48
94 48
110 108
20 106
40 104
126 26
16 94
93 24
28 92
32 26
132 5
129 34
8 5
89 19
81 117
8 65
109 42
72 32
57 119
31 26
31 83
145 130
100 62
56 126
42 123
41 135
1 140
80 133
29 110
46 22
142 19
34 115
133 97
23 55
51 114
125 136
90 79
33 98
44 100
86 6
30 1
55 35
96 41
72 133
149 39
140 124
97 53
98 100
93 129
103 40
129 113
45 68
94 49
148 61
22 112
47 88
15 44
29 1
126 85
9 71
61 71
147 18
112 123
123 15
4 117
114 59
116 137
122 1
127 98
103 118
71 126
77 10
136 64
27 138
132 35
25 93
48 92
8 29
49 124
5 82
16 15
125 120
147 56
73 46
74 101
113 19
95 120
59 121
115 100
49 7
24 11
68 92
98 45
18 118
142 2
75 132
12 27
18 109
105 61
102 139
89 59
40 60
112 78
80 36
36 7
28 60
57 107
46 113
136 14
90 102
97 88
48 74
46 49
26 69
126 22
80 2
129 26
23 25
65 77
149 103
137 103
37 73
24 111
47 3
1 113
77 75
24 90
98 56
102 93
62 55
78 120
4 105
23 141
100 119
19 87
148 149
90 26
4 119
128 13
26 133
29 66
16 88
109 135
120 149
126 101
137 80
122 107
130 125
53 148
136 38
6 113
45 96
107 82
144 125
34 30
114 145
76 138
107 51
46 135
118 14
94 86
121 105
5 2
101 5
94 145
104 44
46 8
65 132
58 0
48 18
137 113
44 1
135 90
72 88
27 52
66 134
63 64
78 21
110 40
59 12
140 6
16 29
1 101
140 107
85 8
14 42
113 55
7 68
38 18
60 12
46 92
11 45
80 89
101 96
55 7
71 2
38 78
116 93
23 34
89 24
56 77
3 38
137 84
111 104
143 108
123 139
125 117
140 44
120 145
6 42
82 83
38 42
134 73
103 134
148 147
55 88
93 75
20 6
67 31
45 146
15 0
3 89
70 133
21 33
45 3
48 71
28 134
29 113
5 33
125 94
135 109
137 39
147 29
55 31
31 25
69 120
129 66
146 64
98 93
10 93
103 132
5 82
131 34
131 76
32 13
113 60
131 74
34 81
69 36
5 37
67 102
50 61
61 67
54 3
0 72
40 76
46 101
138 62
117 106
130 115
95 76
129 50
82 131
72 10
92 111
80 65
33 44
147 56
53 12
86 102
44 147
22 75
6 86
55 49
28 18
11 8
53 118
24 69
5 74
136 142
49 3
43 146
81 137
21 44
124 48
96 100
53 18
26 56
10 86
114 104
3 64
123 86
106 130
28 5
67 93
19 77
83 94
9 77
118 11
35 124
119 88
94 40
18 28
83 128
67 39
31 94
2 12
29 70
81 145
21 96
95 7
85 144
8 72
71 140
140 86
67 89
148 30
87 1
50 121
135 27
121 77
24 44
31 0
104 77
23 58
81 47
0 139
29 48
105 71
46 14
72 147
0 48
139 43
21 89
4 123
3 107
79 12
133 116
41 107
87 2
86 96
131 142
102 144
39 114
30 73
142 133
22 96
80 2
125 121
41 88
50 21
83 105
140 65
27 96
135 113
11 107
144 30
107 91
15 87
2 46
45 92
52 86
77 110
12 138
58 113
31 64
86 4
113 21
130 49
96 116
80 88
84 50
56 24
120 108
13 2
107 128
53 40
43 98
60 104
9 70
43 112
100 32
129 33
77 39
48 36
63 35
23 1
54 132
115 116
97 31
40 45
58 26
67 105
55 135
147 121
52 53
97 95
112 144
148 61
14 86
137 115
110 73
27 21
132 40
115 27
40 47
69 29
135 68
51 87
38 11
55 33
102 3
34 78
18 45
105 142
142 5
16 9
104 33
136 90
46 115
62 121
75 123
67 11
18 137
1 115
136 86
42 46
135 99
86 42
149 98
27 146
65 124
147 94
59 73
55 137
104 79
80 142
24 54
106 41
68 25
127 93
80 27
21 113
148 101
113 137
133 50
1 52
130 80
107 8
24 83
93 136
146 26
81 71
97 110
108 121
47 105
76 110
106 66
127 51
42 119
74 108
93 60
18 7
128 54
133 48
31 68
113 3
131 39
66 20
130 149
123 93
15 102
109 18
7 119
61 12
16 57
103 24
143 146
56 149
148 92
81 115
58 44
11 33
24 128
98 34
19 145
136 141
70 14
26 23
53 142
98 126
30 35
126 27
61 64
72 48
82 62
113 28
139 97
21 90
36 10
24 135
127 49
109 36
93 19
99 97
120 41
95 62
86 76
19 21
30 13
50 7
63 55
93 38
17 127
133 2
132 22
7 102
30 105
57 106
91 47
38 85
121 19
83 87
53 70
92 102
28 127
82 39
96 24
59 123
24 12
129 138
123 70
83 57
20 136
93 43
18 39
86 61
27 97
24 114
34 40
45 4
118 65
41 123
64 114
88 23
83 103
91 113
49 102
102 77
132 110
46 105
60 139
87 52
141 87
143 149
27 1
34 104
17 66
40 115
138 139
141 46
5 103
3 16
148 109
102 118
39 106
120 149
63 39
8 71
30 107
79 133
37 75
120 106
65 148
139 145
147 3
99 45
94 124
134 115
133 134
77 45
105 93
94 140
33 144
3 12
17 23
124 37
61 129
4 15
139 69
29 133
3 125
12 51
140 45
90 120
21 6
121 18
15 107
85 115
38 73
131 130
142 27
60 96
33 122
61 44
42 144
8 136
103 125
147 10
78 65
65 89
49 41
66 56
58 38
80 130
129 9
86 93
80 113
48 16
133 117
39 58
15 23
7 145
86 50
100 14
23 85
1 75
41 40
18 106
103 50
90 48
144 100
73 58
73 127
82 133
28 50
97 28
66 7
26 3
143 11
44 73
22 51
5 85
123 135
29 60
122 62
141 104
33 40
49 0
32 132
55 57
2 78
4 63
62 30
31 9
70 142
73 131
56 85
86 137
134 76
35 140
71 47
132 97
65 120
113 78
114 81
84 68
139 135
49 73
105 88
122 68
16 149
65 86
89 104
103 17
28 52
98 0
72 147
119 28
70 98
47 38
98 95
97 112
93 112
125 108
47 135
72 3
122 17
24 9
129 28
1 119
15 63
120 113
84 42
105 118
0 0
68 48
143 77
30 148
1 142
140 89
117 121
143 38
54 93
119 9
85 81
145 115
76 90
132 5
115 126
12 120
91 81
135 35
82 114
140 15
65 17
91 64
58 81
18 77
16 79
15 108
10 56
92 97
17 44
147 92
22 71
71 60
109 86
97 133
43 123
32 30
140 141
77 4
26 32
62 94
120 94
57 100
23 75
87 7
2 79
67 114
129 128
143 2
76 4
14 57
141 52
2 51
33 98
84 39
135 70
135 31
8 53
39 109
74 91
138 140
86 97
142 52
4 33
3 127
121 122
122 6
101 119
48 23
75 6
52 148
57 82
15 27
63 40
46 112
113 46
66 82
104 36
133 101
139 120
47 141
6 93
76 96
49 116
115 42
29 111
45 18
126 19
98 128
149 107
7 29
12 48
5 33
25 70
13 33
52 44
88 143
27 35
96 93
61 138
104 121
20 36
137 32
70 130
62 13
53 134
95 89
86 8
68 44
65 106
76 86
99 127
101 38
69 79
118 102
35 90
69 92
90 50
141 121
57 116
36 87
145 71
135 84
82 144
105 41
4 22
118 64
103 142
65 97
104 21
144 109
101 87
26 11
106 149
2 105
101 43
84 82
14 60
48 30
70 38
139 7
30 132
8 25
16 105
13 41
63 82
90 88
136 86
140 129
58 61
75 142
146 73
90 87
123 132
47 125
80 17
123 136
115 143
59 99
73 55
64 135
59 37
9 10
1 147
35 124
50 138
127 148
69 40
95 83
95 115
23 112
20 125
19 79
59 33
133 149
36 149
26 34
115 62
99 4
21 7
77 139
2 11
105 119
69 16
16 31
122 129
115 1
125 48
141 22
68 121
39 116
98 21
38 49
52 65
8 82
27 120
89 108
13 84
9 56
22 25
4 73
125 122
16 141
95 39
95 32
103 110
20 124
102 74
23 90
140 18
76 138
89 61
38 118
88 93
135 14
84 11
2 15
118 41
24 33
66 46
53 20
144 50
145 111
30 104
91 89
76 105
94 106
142 113
92 21
36 143
32 63
101 15
71 105
98 34
135 108
144 43
35 14
62 111
70 146
139 52
39 6
17 14
144 65
22 53
67 7
90 142
100 19
103 42
17 97
12 74
58 78
84 132
59 67
7 5
83 149
118 123
81 50
107 115
115 0
139 16
41 115
63 80
48 83
15 73
28 67
28 129
53 49
149 15
116 146
106 96
71 144
136 125
117 66
148 0
42 78
90 47
7 41
93 130
78 59
95 0
14 100
4 61
9 46
2 109
0 10
25 41
136 147
48 22
141 78
109 84
104 85
88 122
92 58
73 62
118 99
11 49
145 114
118 108
128 61
141 71
46 31
48 136
11 144
74 67
69 55
54 54
1 98
147 93
56 11
106 2
107 53
47 137
49 41
20 139
148 29
148 58
99 137
72 49
46 105
126 135
133 28
5 33
71 98
110 99
7 87
138 146
62 82
18 16
77 137
149 100
133 100
18 133
40 64
143 131
12 112
109 54
69 81
91 105
86 24
105 65
86 62
62 57
118 20
41 77
118 144
51 8
24 121
79 51
122 126
145 3
96 60
110 54
62 128
4 102
125 137
137 20
71 91
134 3
125 88
34 93
146 124
95 102
139 65
36 93
45 22
24 86
120 70
81 45
32 97
46 119
132 13
56 104
52 133
15 135
39 64
29 2
91 34
76 38
50 8
3 21
96 63
149 88
60 88
16 133
23 10
58 111
52 92
113 3
136 121
117 43
61 97
96 141
67 42
93 10
69 127
127 149
135 28
142 22
83 103
6 121
59 50
114 41
115 126
91 102
27 125
28 70
93 20
146 126
5 34
100 70
88 146
134 123
13 95
76 39
148 145
113 117
94 38
64 55
122 139
106 139
58 24
70 37
78 89
103 148
42 95
122 63
85 100
69 78
21 21
13 97
42 109
97 37
136 31
100 99
89 102
2 120
11 89
59 139
145 73
70 77
71 62
77 145
67 54
103 81
148 82
43 18
26 125
91 118
29 105
124 65
124 64
78 36
75 20
107 122
133 50
129 16
97 77
76 76
52 139
68 121
20 88
129 54
93 45
33 100
102 116
142 84
54 1
87 54
25 145
121 7
100 93
36 139
68 87
146 87
70 34
95 2
122 74
62 48
60 136
57 15
22 138
58 28
36 62
8 10
117 3
43 22
103 42
15 128
96 76
1 75
75 129
108 97
132 119
130 23
113 23
41 53
8 142
120 51
67 81
133 0
49 30
8 130
69 48
134 29
101 11
82 112
122 3
122 7
65 89
16 93
78 28
0 124
134 80
30 139
31 88
83 67
70 87
101 17
27 29
81 106
17 66
86 87
16 48
88 121
115 78
139 46
71 132
15 133
3 136
10 35
141 29
18 86
43 2
124 99
110 1
100 124
142 94
81 15
96 43
22 108
9 107
132 123
75 52
21 20
27 125
20 102
96 13
140 30
66 93
81 87
91 56
26 123
17 99
135 41
36 55
58 68
40 49
78 3
133 6
100 103
136 97
10 136
27 101
40 37
89 36
125 143
120 92
88 132
57 125
26 123
147 100
3 87
133 44
148 15
125 28
54 42
112 59
63 49
3 36
127 129
5 144
107 117
92 31
136 138
26 134
110 19
102 64
123 106
3 37
9 7
60 140
28 6
22 41
74 1
69 72
104 69
2 63
83 97
80 132
131 30
149 149
52 100
68 23
98 136
94 124
108 35
14 119
33 12
119 96
46 92
33 7
111 130
4 22
24 143
91 128
149 110
131 29
36 142
149 33
28 144
2 94
38 130
64 27
67 47
81 89
138 0
28 18
117 72
57 39
39 54
10 67
79 70
111 118
134 51
37 38
6 53
70 10
133 95
76 32
115 118
51 35
60 51
149 146
123 89
122 2
36 82
34 26
55 54
53 2
10 16
147 92
40 116
135 50
115 128
131 16
59 93
144 33
22 7
21 116
132 17
120 51
12 1
67 94
108 132
86 64
11 9
116 35
33 30
115 106
4 104
108 88
72 97
34 123
38 147
144 121
6 46
14 132
12 81
131 34
10 135
6 113
52 16
63 31
54 107
31 10
35 69
50 88
94 144
146 107
140 58
125 7
27 67
102 148
25 12
1 51
46 67
12 59
39 67
63 35
118 9
108 16
5 109
129 62
32 119
15 91
5 128
62 60
52 74
61 81
89 77
125 97
3 122
149 94
81 91
89 37
44 128
17 97
149 97
20 122
114 47
57 85
34 70
118 104
11 107
68 120
18 60
33 9
72 32
146 72
14 74
136 22
25 110
111 34
63 65
75 81
15 116
59 121
10 144
92 24
55 26
33 128
124 74
108 5
115 69
115 109
116 81
69 118
44 48
6 114
110 82
73 39
45 147
22 125
103 31
91 75
134 143
106 68
128 15
114 80
102 71
37 56
119 78
19 54
118 148
118 45
103 57
77 110
18 52
10 99
59 45
17 50
2 79
113 66
127 94
105 123
142 2
19 17
135 16
43 57
132 116
49 133
52 77
83 20
123 121
77 15
133 84
65 103
31 74
66 13
117 143
65 128
111 15
77 123
119 4
122 68
1 25
42 83
34 33
106 102
124 112
98 134
49 17
66 61
120 31
96 95
72 98
31 94
63 43
11 29
84 58
4 113
29 34
73 19
10 36
48 18
91 140
45 48
135 125
16 70
50 79
96 59
45 25
4 112
2 17
99 65
97 32
58 125
96 1
119 79
148 69
91 123
90 74
64 103
26 130
17 13
0 37
130 43
53 16
36 48
18 39
76 107
30 39
37 42
77 21
3 46
36 25
71 43
123 48
12 75
148 58
60 25
69 43
5 82
36 137
57 73
62 53
57 86
44 6
105 90
92 38
70 51
24 101
133 32
7 45
116 54
18 142
95 42
84 54
136 114
120 5
29 80
64 88
143 27
44 22
145 146
75 119
129 130
50 145
73 92
85 113
18 17
72 80
1 50
124 22
90 140
17 18
138 82
65 46
52 106
105 114
77 94
30 86
71 40
34 46
140 74
120 102
111 141
26 74
16 116
15 43
139 65
75 61
110 52
76 84
66 22
25 8
126 118
121 144
136 139
52 7
123 113
116 76
37 97
94 146
72 104
117 7
15 97
59 101
78 68
90 130
22 28
61 82
71 117
87 52
114 29
19 118
76 3
77 122
23 82
103 127
138 31
102 74
115 145
102 87
20 92
124 111
56 3
51 13
58 21
137 4
99 97
15 96
35 98
107 28
16 2
33 75
28 81
135 94
37 105
16 73
108 6
64 102
59 148
124 38
7 134
39 77
29 73
56 139
90 112
73 148
109 97
138 96
7 63
37 112
94 86
48 58
65 134
123 120
61 99
108 113
100 138
43 138
117 97
50 107
41 11
35 75
72 51
34 98
5 10
29 125
26 0
119 63
116 120
16 125
133 119
97 68
90 18
81 83
129 34
95 59
116 93
82 120
113 31
90 2
85 94
66 82
0 111
133 123
68 50
148 148
8 142
50 140
91 72
100 123
121 106
29 68
68 25
107 99
67 36
101 138
94 132
14 54
122 51
2 99
27 66
45 94
21 53
75 38
91 75
13 1
4 133
36 112
50 116
73 9
85 48
139 10
149 117
9 116
34 91
121 129
108 122
88 3
42 122
46 136
103 5
30 11
34 29
50 19
93 112
107 107
32 49
47 15
99 100
50 136
33 14
74 27
147 36
33 54
94 116
60 129
59 124
113 146
41 145
78 118
1 26
78 75
21 26
99 21
118 81
125 53
134 23
148 106
117 27
15 29
125 48
5 74
49 13
56 82
109 121
98 73
113 134
142 3
120 60
91 32
118 88
57 101
104 124
124 29
103 55
110 40
25 146
61 67
17 139
140 34
86 124
98 1
147 10
65 82
129 1
8 94
8 106
49 36
39 14
144 1
2 92
52 59
41 18
143 107
24 135
50 59
11 6
147 147
98 52
129 135
5 15
148 101
142 138
72 81
39 101
106 31
95 44
98 79
25 49
88 103
144 148
96 111
15 81
38 114
131 7
99 142
49 95
82 80
63 137
60 45
76 147
77 10
139 6
2 23
15 36
123 127
101 108
17 108
55 145
59 119
75 70
45 67
51 121
4 94
87 28
127 63
135 70
112 139
26 52
122 88
88 132
117 5
53 109
54 7
99 12
130 127
55 138
25 15
30 142
147 37
25 74
94 42
127 29
83 65
91 13
40 149
73 17
43 95
6 0
116 114
61 90
101 50
145 57
66 144
44 101
149 128
22 11
7 143
127 109
147 38
17 100
126 138
113 125
49 79
47 106
144 41
138 21
126 32
9 73
79 112
114 102
53 10
5 120
73 129
55 44
7 2
98 17
134 65
40 17
113 44
149 141
95 49
42 148
41 11
40 15
63 90
25 129
145 66
12 49
92 132
114 116
145 129
145 25
14 90
114 147
71 1
149 118
86 112
105 14
107 75
13 75
27 81
68 62
85 93
80 35
24 120
9 92
112 52
127 112
67 99
133 16
91 103
103 29
148 55
96 33
83 43
5 135
44 92
103 118
33 63
7 121
39 97
79 143
103 102
142 146
112 88
121 118
31 97
126 148
144 18
44 57
22 44
116 136
79 84
133 117
106 98
87 33
25 93
148 134
125 128
81 99
46 126
69 59
50 49
124 110
38 111
41 100
20 125
24 113
88 9
130 136
119 27
133 102
74 110
128 124
104 108
107 1
10 147
90 14
87 123
56 16
81 144
80 60
7 44
128 42
105 81
40 133
31 124
85 65
46 30
74 72
42 139
120 72
67 103
100 91
89 100
39 143
32 77
1 67
143 144
81 99
109 38
113 146
76 43
2 78
71 70
43 96
115 92
19 101
70 111
130 54
21 11
77 139
27 112
145 93
102 82
102 2
145 121
95 30
68 41
16 136
113 84
112 53
138 12
64 98
141 69
70 64
67 102
48 0
13 36
18 73
15 63
45 118
4 5
98 113
21 143
84 45
120 58
39 10
149 58
85 129
139 76
51 1
105 51
115 64
4 133
50 68
117 132
125 86
56 98
107 105
110 91
7 1
8 145
144 53
127 109
118 110
32 42
112 135
53 39
51 60
82 84
52 135
12 91
121 136
3 95
114 66
65 38
146 134
49 5
89 103
79 139
54 28
55 63
101 128
64 3
29 64
5 113
40 128
5 27
105 20
124 82
58 117
96 10
149 40
81 69
33 13
28 108
149 146
142 129
132 20
40 101
76 69
109 70
10 120
38 84
102 102
57 28
56 95
129 41
125 109
27 93
91 121
60 14
16 23
55 133
109 30
15 2
44 52
147 92
63 44
125 135
114 98
141 127
102 114
128 83
59 91
143 148
73 118
49 9
23 89
144 98
134 6
60 75
89 148
11 139
62 123
47 113
122 131
68 95
120 113
79 58
87 67
142 140
133 53
37 135
52 128
95 57
98 130
120 104
27 4
86 6
33 131
110 124
119 101
149 78
64 82
9 58
98 100
88 69
61 63
80 37
80 58
119 115
45 81
128 28
79 112
112 136
19 26
133 52
14 144
74 103
131 61
6 60
72 100
48 6
98 57
25 124
6 106
144 68
120 133
142 13
111 34
75 16
148 75
2 117
60 123
62 113
139 76
130 18
123 22
42 145
78 108
11 102
41 130
22 69
63 146
71 20
66 96
121 130
90 68
49 98
9 92
5 36
26 133
7 81
101 105
51 15
45 59
116 132
22 97
57 74
58 143
129 2
84 85
62 13
119 67
42 4
81 148
30 110
100 133
81 84
97 77
79 32
107 83
44 18
72 45
89 141
6 84
49 145
100 117
117 95
0 77
89 30
46 89
79 51
143 67
92 97
108 104
85 95
120 75
43 29
6 53
34 124
62 149
43 59
14 29
69 65
20 34
76 19
7 55
3 64
36 57
85 149
24 28
73 47
113 123
2 136
20 25
1 43
102 115
65 30
34 148
47 0
13 128
23 66
75 0
116 7
109 118
64 23
115 128
44 1
59 142
123 104
46 44
62 39
137 92
24 96
121 138
122 49
59 0
16 99
77 111
36 82
90 146
49 107
5 81
66 35
139 38
140 28
145 117
79 42
54 36
147 92
28 35
103 12
2 95
7 12
86 66
11 72
41 8
54 105
91 127
136 46
38 149
86 35
146 80
87 132
0 122
144 66
85 47
80 138
71 100
125 121
0 21
76 67
92 27
128 95
43 8
54 47
86 49
1 71
107 13
70 121
119 114
91 118
118 47
33 66
47 138
94 54
20 13
92 9
64 54
93 103
31 29
66 33
100 87
43 41
70 85
89 127
20 113
102 89
78 8
124 82
46 35
9 148
35 105
29 2
144 51
125 7
63 48
2 129
101 56
16 19
95 130
134 47
72 73
66 116
4 108
82 90
89 18
21 81
53 35
8 47
4 20
58 129
79 100
66 0
76 53
37 125
80 94
36 78
41 51
76 119
127 15
81 51
27 23
78 75
99 88
104 50
19 57
146 0
8 23
121 68
49 99
58 60
146 50
60 35
62 81
50 76
103 14
7 124
102 78
34 76
94 66
124 106
137 130
69 108
24 89
126 35
72 126
124 82
51 84
14 7
8 8
90 120
137 145
25 94
85 117
27 20
96 133
119 1
97 114
32 84
104 70
84 4
111 107
47 106
58 55
90 115
44 147
94 62
119 67
10 130
54 64
47 18
1 51
98 30
6 134
18 55
32 139
38 7
118 54
65 50
30 25
75 61
92 17
138 49
105 78
98 28
79 128
38 138
86 85
58 42
108 27
52 105
127 47
52 132
123 121
13 137
31 128
146 54
99 88
11 17
134 107
24 45
49 127
145 41
86 90
96 18
135 132
12 109
45 100
106 40
28 118
67 102
69 41
13 36
22 125
20 24
25 43
118 71
93 49
70 124
0 142
53 65
59 42
28 45
34 111
121 106
122 6
18 93
104 22
60 23
3 56
73 136
22 58
72 17
121 43
61 132
90 58
70 121
61 149
26 28
2 37
110 139
45 135
99 96
78 61
62 86
22 119
83 28
23 89
134 55
111 57
28 60
113 93
67 63
61 43
132 119
7 146
7 23
129 141
23 29
94 120
126 148
115 9
36 39
87 51
149 5
15 3
13 127
84 148
89 58
138 122
28 62
93 8
113 147
15 109
86 101
0 18
70 146
33 76
22 45
41 104
106 8
27 127
103 79
66 36
15 132
140 71
84 10
27 113
0 19
126 33
143 33
123 9
148 5
113 50
9 149
15 53
83 88
148 8
37 44
121 96
27 129
88 137
61 70
36 149
71 85
38 44
117 19
30 3
16 148
48 30
59 0
120 88
83 102
46 58
31 82
25 46
52 113
23 121
54 137
143 129
90 116
120 108
55 8
83 122
70 55
37 48
37 138
37 20
75 146
62 30
9 96
73 63
8 119
66 149
62 137
39 92
122 47
115 81
50 139
23 90
129 89
38 133
85 57
12 111
87 112
117 30
22 105
110 141
8 96
39 10
126 5
52 119
132 59
44 74
20 117
114 144
35 39
62 60
122 127
70 90
131 70
57 10
5 77
121 104
46 18
86 14
23 149
128 135
24 123
115 127
114 22
85 45
113 134
90 65
72 143
94 118
15 9
13 131
89 103
82 74
39 144
29 123
115 45
18 36
57 57
86 33
51 81
76 107
126 102
37 49
14 68
36 74
43 68
107 48
131 90
60 103
47 27
45 96
128 100
123 88
118 1
33 87
45 87
49 112
15 133
91 44
76 117
102 81
109 141
143 56
148 111
85 148
0 41
75 147
46 129
145 100
118 83
33 42
4 94
118 33
106 145
107 7
1 145
97 125
35 74
142 127
87 34
36 66
21 68
71 8
56 24
97 52
90 18
86 65
79 142
68 27
4 139
105 138
40 25
47 68
53 112
118 81
120 64
5 15
23 98
92 105
16 28
1 20
106 90
12 5
10 110
37 148
89 60
20 60
60 38
44 7
0 62
31 21
42 91
52 132
2 56
55 46
45 137
53 45
116 138
87 144
103 48
145 120
87 127
19 60
5 32
103 14
130 73
13 32
143 41
33 80
7 107
94 15
101 113
36 53
108 15
134 107
40 19
129 30
136 17
22 130
46 118
42 67
97 15
5 17
76 43
112 37
149 121
90 100
90 117
33 47
90 99
90 61
9 44
12 22
129 93
58 120
26 55
86 142
1 96
111 30
14 84
40 36
105 141
36 69
39 34
116 1
78 148
130 118
31 39
52 137
76 53
96 28
100 23
80 147
56 17
109 58
3 60
138 120
81 127
98 63
110 109
86 44
135 82
57 111
27 117
82 18
78 134
88 130
138 43
13 131
119 64
25 81
124 60
31 108
77 20
53 25
44 120
132 107
36 118
36 74
53 20
79 86
142 112
139 139
134 82
134 123
114 46
129 19
25 145
109 54
101 18
149 137
135 9
29 81
112 93
121 73
114 31
46 73
99 46
18 143
137 147
134 19
148 85
119 105
76 51
9 31
36 25
129 35
128 14
38 78
107 113
15 134
4 52
5 72
43 51
116 56
27 83
108 118
35 149
62 55
33 13
69 21
5 68
41 140
82 19
71 145
95 137
64 111
9 143
130 121
125 130
145 23
53 111
142 147
47 81
128 125
119 77
9 149
0 65
44 82
118 108
62 119
12 28
31 132
145 58
141 93
49 85
109 12
92 7
137 79
3 147
50 42
29 138
105 82
16 75
109 24
136 2
132 12
102 26
4 109
79 26
73 31
61 124
103 30
53 57
53 95
20 10
62 149
44 57
119 86
94 92
64 125
104 139
105 18
129 88
19 72
71 11
46 140
73 74
32 42
123 20
13 25
71 41
4 69
149 46
137 9
53 54
137 108
39 41
89 4
108 13
30 77
30 17
71 140
117 47
14 121
47 97
134 81
6 1
102 19
41 31
144 9
119 52
73 119
122 140
42 14
131 94
94 18
49 7
41 30
65 89
103 94
40 73
3 35
22 89
120 25
144 119
0 70
58 106
1 99
81 44
91 104
102 4
54 140
55 4
112 124
53 103
60 59
19 77
108 145
73 50
55 96
136 24
84 66
69 117
96 118
136 47
19 20
124 4
122 147
81 120
137 89
42 100
131 61
145 27
125 116
39 86
68 35
6 89
129 86
134 91
100 26
119 0
149 59
97 1
94 112
99 0
138 138
33 30
35 6
65 96
112 16
49 17
120 94
109 8
45 79
102 113
7 73
125 106
64 59
103 85
146 66
21 59
26 79
77 95
6 77
119 75
47 57
89 133
24 18
125 104
139 130
148 88
110 121
33 81
132 125
136 24
130 121
73 15
93 50
107 137
66 113
77 63
9 121
48 125
131 74
71 86
2 44
30 143
13 122
126 146
24 47
115 18
101 120
19 58
101 50
125 89
23 79
137 48
62 136
138 146
135 19
111 129
31 12
25 9
50 110
82 29
82 91
57 143
14 74
87 3
146 130
76 127
6 82
31 105
77 68
133 90
6 24
115 0
100 108
74 123
95 24
128 15
112 31
63 17
106 129
70 6
1 9
81 62
29 65
113 61
28 53
133 13
38 83
89 139
104 94
57 93
124 145
80 64
1 79
104 104
95 124
42 43
71 35
15 35
104 25
126 82
104 132
10 45
32 26
36 50
92 29
45 52
84 145
22 139
55 125
73 44
64 6
106 31
62 70
50 93
43 10
144 39
3 52
120 109
4 121
64 29
52 10
7 26
119 79
38 123
109 57
141 97
29 132
110 58
74 39
47 10
93 91
93 13
14 66
138 45
111 128
54 97
16 108
144 107
140 96
106 118
97 123
63 20
90 32
32 122
110 131
72 12
135 67
111 45
114 146
77 50
106 126
3 95
94 45
132 123
78 43
43 66
137 18
74 127
50 40
134 104
0 50
6 20
33 46
83 89
25 58
80 48
84 149
113 107
136 139
61 119
60 36
56 128
51 124
44 90
141 101
93 112
12 11
23 42
83 98
61 24
142 31
122 49
148 13
68 46
145 97
11 54
14 116
77 95
27 70
111 69
45 36
142 4
22 30
54 31
15 20
129 47
133 122
33 26
15 99
1 40
4 61
13 116
54 123
43 44
47 83
137 138
17 18
64 134
50 140
50 78
67 24
29 127
2 133
74 4
47 35
138 27
81 71
56 47
88 119
106 67
80 126
105 94
122 4
32 11
75 9
24 110
73 130
55 30
33 30
63 12
55 107
74 36
6 22
76 129
91 67
98 126
32 140
147 93
62 110
30 97
19 70
40 102
57 117
62 35
62 16
118 6
122 118
149 2
28 46
78 45
73 50
133 3
53 87
63 112
38 80
141 121
47 82
86 139
131 17
123 31
132 60
109 111
52 49
11 72
41 38
52 70
71 24
20 78
33 25
46 41
79 18
97 63
54 2
43 17
134 35
85 44
131 53
97 46
70 59
92 114
60 147
54 93
63 41
45 80
11 104
126 46
47 16
101 103
97 35
135 27
40 113
74 66
18 62
16 110
96 100
129 130
40 9
68 140
148 141
28 120
86 65
147 43
104 66
94 4
102 63
149 66
55 124
50 117
85 146
106 69
107 68
143 51
79 149
75 101
147 124
33 71
44 26
148 35
1 14
99 134
98 118
88 25
81 106
60 73
82 137
113 80
106 21
56 7
45 84
29 36
126 82
118 136
8 9
54 85
106 100
93 42
55 92
123 96
138 40
41 148
5 131
44 2
103 28
10 99
69 137
96 129
92 87
28 45
59 145
133 149
147 43
0 55
8 2
103 95
74 73
124 109
38 8
81 68
113 70
7 101
50 14
126 64
87 88
0 64
36 65
28 60
17 51
86 92
68 57
69 81
62 72
108 88
145 82
106 63
94 80
106 3
97 134
87 22
89 49
16 130
137 130
70 129
92 137
17 80
19 39
75 125
4 132
18 146
38 78
80 0
141 109
10 126
138 12
37 95
36 139
20 99
34 116
115 27
44 19
36 15
50 76
78 33
20 65
141 112
85 124
47 52
87 51
45 25
92 59
27 97
39 121
67 96
83 128
116 138
113 6
46 53
53 40
147 35
27 61
86 146
55 129
91 67
22 36
89 100
56 45
125 82
12 2
143 133
84 4
90 142
101 75
1 143
87 24
60 1
35 4
63 64
76 44
85 13
74 65
2 38
146 103
11 82
58 40
89 57
40 79
137 8
5 55
26 50
28 41
44 47
42 90
89 9
109 60
91 118
30 48
32 57
19 71
106 148
61 93
139 117
137 117
44 13
8 11
143 112
7 5
92 58
100 7
60 83
60 2
136 0
60 18
44 88
57 98
28 84
2 131
103 114
64 59
1 91
98 21
69 134
8 12
139 107
87 94
50 133
73 119
127 72
145 9
21 58
38 64
143 69
77 138
61 41
27 139
105 69
23 146
88 113
27 3
126 57
65 34
75 137
59 46
64 148
75 79
119 40
2 50
32 104
128 24
58 82
88 11
56 64
117 51
95 11
118 55
44 0
66 147
132 78
142 47
125 1
17 37
71 17
91 139
10 133
10 94
111 126
117 105
110 101
138 144
11 18
102 27
100 58
101 108
61 70
4 40
108 55
42 66
12 88
33 80
72 148
80 28
119 112
132 86
58 147
117 75
80 60
34 45
69 32
118 79
140 102
115 143
111 45
140 20
41 85
81 2
28 138
42 41
143 123
43 42
57 23
136 54
120 62
25 66
77 138
139 23
17 73
16 116
64 53
6 27
64 51
8 77
122 75
73 15
97 70
142 94
83 27
72 87
49 15
94 147
123 34
103 87
103 104
111 54
7 30
91 81
43 78
47 35
66 57
1 47
6 19
148 3
60 80
6 62
132 89
89 58
30 116
63 121
147 123
93 135
18 12
117 29
124 14
99 119
48 103
92 68
125 42
80 5
75 72
45 107
135 63
37 122
0 22
83 95
74 17
35 148
123 94
75 39
118 33
128 109
119 49
34 67
32 26
48 41
106 122
99 138
29 145
74 81
16 4
43 29
7 74
60 91
112 105
72 25
35 45
139 80
64 121
37 71
37 120
30 0
70 104
43 51
45 99
131 132
12 28
108 21
123 92
14 97
141 42
89 106
95 20
133 59
139 123
136 34
129 37
94 10
10 110
119 12
91 136
42 146
74 137
116 112
94 114
121 121
139 4
134 79
110 92
10 141
128 95
62 90
101 13
55 127
25 20
71 81
49 149
0 67
71 55
1 44
117 52
13 66
138 129
19 53
102 130
128 62
133 54
99 135
129 99
41 5
8 24
136 122
44 139
1 137
16 110
73 106
141 112
132 120
44 3
94 2
64 61
105 51
43 110
24 106
122 105
78 72
87 6
71 27
119 41
56 149
55 136
48 82
2 123
24 70
140 32
70 71
1 85
84 104
143 32
32 62
125 133
120 139
142 122
45 109
19 142
6 101
17 66
122 33
38 33
92 3
61 90
92 12
135 93
122 123
149 144
26 23
143 75
146 149
35 33
10 115
29 103
108 44
138 115
61 85
103 3
37 59
106 46
42 136
129 49
129 149
148 81
44 142
92 131
114 74
48 110
37 143
62 89
89 79
34 104
24 31
53 135
45 143
96 17
3 81
104 57
98 8
113 81
22 4
33 64
99 121
66 53
13 29
107 137
8 24
46 51
2 119
77 85
104 9
102 73
39 25
3 121
21 76
66 88
31 68
116 98
60 86
37 60
79 95
111 74
38 22
10 40
89 135
61 113
54 22
125 149
48 64
126 127
142 42
91 108
7 7
82 100
77 109
16 148
26 45
45 56
140 48
112 45
140 15
20 130
124 123
14 32
8 115
131 131
33 0
46 143
29 37
42 73
44 21
149 66
71 94
135 116
117 102
63 97
0 36
19 116
48 117
142 86
85 89
99 11
59 12
6 60
126 98
127 49
5 21
14 117
41 125
46 47
112 8
103 141
56 126
75 114
44 56
122 72
33 113
135 131
123 38
144 88
115 114
144 83
135 97
84 95
120 48
35 149
41 126
39 90
29 76
143 122
14 120
122 115
25 7
1 107
26 143
133 11
21 127
126 71
92 82
77 100
111 77
108 118
94 89
7 29
88 5
108 44
90 117
15 132
130 133
0 32
95 65
34 32
29 136
40 53
67 67
27 4
38 22
96 90
82 68
25 131
90 123
14 10
56 36
55 122
38 79
25 28
73 149
49 87
66 29
50 8
103 116
8 95
4 90
60 137
27 0
108 87
125 18
14 55
136 10
70 11
26 19
132 48
91 118
126 53
146 1
135 36
83 132
87 74
13 144
108 135
139 108
129 134
141 108
148 18
17 109
16 105
93 60
65 100
87 75
114 124
98 118
46 66
94 12
4 132
89 38
71 131
41 59
22 112
113 82
89 13
114 125
102 76
2 71
18 97
77 124
22 46
143 130
10 37
127 134
102 54
8 124
8 1
102 25
68 104
84 123
80 134
99 47
51 119
118 20
106 82
107 73
51 131
144 117
97 89
96 32
49 15
9 19
106 29
104 39
52 54
90 54
103 14
117 58
25 46
146 80
66 112
116 90
120 102
109 100
6 82
87 52
43 42
34 104
112 57
74 69
66 132
92 68
111 79
98 85
19 102
134 117
26 76
30 30
4 115
65 44
99 50
23 25
99 70
60 118
38 3
44 23
91 5
47 109
86 49
100 100
111 39
141 81
69 92
143 22
69 107
107 86
24 1
141 133
112 49
30 114
6 132
50 129
0 122
8 113
64 105
53 34
129 112
78 25
103 144
131 86
3 45
123 50
45 31
31 90
111 129
64 111
131 37
83 85
44 60
79 118
73 27
27 138
81 62
28 34
35 148
87 31
6 131
92 55
112 55
71 145
83 88
94 92
144 39
80 149
47 105
95 69
10 34
145 94
36 14
69 9
127 100
93 82
68 62
126 11
20 53
79 97
45 128
60 0
83 130
57 129
9 132
143 97
126 135
38 34
125 33
73 138
127 71
56 148
98 2
39 129
123 24
139 21
34 19
0 74
75 131
12 92
28 47
112 47
4 139
5 120
28 90
56 138
136 86
70 141
41 76
11 43
12 82
41 28
104 109
6 65
65 136
49 104
96 65
66 119
30 119
132 149
16 39
146 56
141 67
32 146
17 11
35 125
59 38
56 14
48 135
4 38
52 81
19 16
47 74
14 112
110 143
39 60
43 146
46 50
40 111
143 120
141 82
39 29
34 102
105 98
135 73
107 139
12 65
141 89
64 8
105 70
107 138
125 118
111 137
25 1
121 40
99 145
16 38
110 51
71 61
46 85
7 113
96 63
106 12
21 36
122 77
52 49
70 62
119 28
45 53
138 17
89 57
136 79
87 105
52 48
49 114
102 90
39 33
108 92
99 19
37 134
22 83
64 148
1 81
2 86
13 51
47 75
15 126
135 34
124 71
69 76
141 102
7 21
138 115
113 145
36 130
6 106
116 141
129 75
115 86
41 128
135 128
28 116
3 115
66 99
143 42
72 25
47 133
115 81
25 8
142 41
84 126
139 142
131 47
137 60
63 88
122 102
37 60
37 75
107 116
85 26
98 64
144 132
18 32
137 44
63 10
42 32
84 116
81 82
106 32
115 65
126 17
127 93
66 94
8 36
45 143
123 91
102 149
96 62
137 89
49 123
125 114
40 103
81 77
72 26
82 92
67 5
126 130
67 91
14 18
85 139
33 87
109 42
148 102
91 55
18 127
98 110
10 42
65 6
60 22
140 94
86 49
81 133
76 44
136 141
124 77
110 51
33 15
12 4
31 33
87 43
2 112
28 96
129 115
110 81
147 19
54 123
81 133
13 144
76 87
43 39
32 93
142 19
61 102
94 131
113 72
110 89
77 129
33 87
84 18
19 0
60 137
143 87
65 48
148 67
75 27
13 149
8 120
133 115
97 62
103 52
31 108
129 101
53 2
23 47
15 102
35 126
104 10
99 117
9 31
58 37
83 23
105 58
94 17
122 76
130 11
1 128
113 1
64 88
119 70
81 50
127 71
10 49
119 142
62 62
39 106
61 111
144 25
42 90
13 83
76 33
105 8
72 37
87 127
123 37
79 21
148 25
124 103
95 58
97 37
57 89
66 123
84 45
136 22
107 137
126 95
106 78
86 77
61 130
19 37
40 103
145 131
147 130
7 142
118 42
51 1
65 2
41 137
127 44
46 81
93 14
114 134
22 145
19 91
78 110
122 116
102 2
94 132
76 149
45 116
72 92
87 60
51 66
123 45
19 10
51 32
102 140
112 32
37 31
79 27
80 99
81 88
109 87
30 81
92 111
88 147
114 83
10 17
17 114
129 46
13 146
62 120
48 54
122 18
108 21
127 67
133 58
10 44
43 93
97 11
134 64
38 79
5 24
82 37
67 88
72 33
77 113
64 59
146 116
73 12
129 9
9 39
73 53
6 127
29 27
41 81
122 65
146 100
1 4
17 20
67 57
129 108
55 0
145 85
98 129
45 77
26 103
80 94
106 96
146 8
105 81
129 84
25 39
72 148
109 109
124 48
81 75
93 41
98 78
66 89
79 39
140 135
67 29
41 62
0 45
47 98
92 14
132 97
102 113
31 38
89 65
148 108
31 75
92 51
49 30
147 105
58 112
121 9
23 115
123 17
26 13
12 131
145 146
34 23
85 9
101 111
18 54
0 8
144 122
47 116
130 89
7 127
13 92
26 0
114 9
103 25
75 101
2 3
43 8
88 19
12 29
27 104
45 31
5 5
40 89
24 129
138 38
142 126
83 59
92 115
78 146
96 80
67 11
87 24
1 63
118 38
96 79
119 4
96 6
139 12
126 65
23 40
120 33
80 15
35 10
109 68
47 47
134 32
17 123
95 45
43 112
52 78
91 2
7 30
50 24
15 37
75 98
93 6
104 7
108 109
147 28
113 54
60 69
138 118
36 34
27 87
15 89
51 45
114 95
30 123
115 61
110 134
45 55
96 40
11 48
81 128
72 104
100 30
113 31
138 5
66 86
104 66
85 120
70 136
76 105
86 100
101 128
75 99
77 96
131 1
116 21
139 46
29 78
65 3
12 15
21 45
29 18
4 31
83 66
5 106
34 28
5 120
59 124
50 127
95 54
7 41
44 30
102 43
29 11
5 144
83 85
96 132
55 118
52 4
96 123
99 136
79 89
112 121
12 5
0 119
88 51
143 129
59 136
97 6
103 97
11 1
69 19
141 57
96 48
39 113
105 111
72 105
147 52
21 2
4 78
55 86
31 30
128 60
136 107
90 9
17 89
47 35
47 24
97 29
46 73
27 31
110 75
15 57
49 43
93 86
39 54
45 112
73 136
0 36
139 15
129 123
5 71
126 148
132 114
21 91
103 101
107 39
52 100
52 95
108 120
85 110
80 3
16 96
42 29
24 106
53 40
10 71
140 28
92 33
99 78
83 121
11 100
73 56
101 97
79 129
78 78
148 84
48 7
75 31
37 11
98 29
147 52
15 72
32 81
1 32
114 65
70 12
76 57
34 43
101 93
6 99
36 130
39 38
57 126
23 9
31 3
76 96
81 84
19 113
54 120
31 94
68 79
98 37
13 24
14 120
127 32
58 25
91 148
94 123
146 103
96 6
44 110
65 113
141 113
15 140
3 55
111 10
124 132
105 113
141 5
73 105
98 7
35 122
21 118
143 58
46 130
57 86
127 135
130 118
81 24
46 11
8 124
65 51
129 124
62 102
107 106
77 60
89 62
63 134
12 15
69 100
134 134
31 105
5 133
46 62
5 79
51 31
148 130
95 55
144 16
13 138
72 137
16 132
146 123
11 98
129 10
136 10
13 48
24 26
6 13
63 4
52 85
123 84
147 92
6 90
101 104
121 110
0 68
67 53
63 121
45 147
120 30
87 111
96 141
11 3
138 58
92 43
68 0
122 143
108 40
55 30
15 13
99 52
133 27
143 56
36 76
78 34
66 67
16 107
76 35
16 10
115 106
89 38
131 32
92 110
38 108
75 123
54 44
23 97
60 28
125 137
27 43
117 4
137 30
12 110
70 110
125 137
15 54
19 45
10 29
24 11
25 65
111 142
38 138
25 126
63 138
38 38
26 25
74 31
96 115
69 140
13 72
49 125
86 95
83 95
141 26
57 29
77 92
94 36
107 17
62 5
102 65
59 75
134 25
85 147
56 71
43 91
56 20
128 98
127 134
49 105
140 82
81 79
14 1
88 75
9 65
140 122
67 44
5 87
124 127
27 131
92 126
33 83
124 62
129 146
8 97
110 55
17 129
66 112
149 112
63 17
125 62
62 49
22 104
89 138
31 96
111 5
25 106
144 110
24 82
79 87
58 87
95 42
0 73
83 23
137 98
100 70
48 142
91 75
127 140
49 92
77 145
29 33
69 135
87 23
83 75
117 42
98 110
108 104
18 32
126 121
18 106
71 43
124 62
6 46
124 19
95 42
13 134
14 149
106 38
142 76
122 9
52 13
132 126
98 133
14 65
86 142
85 87
70 108
148 107
21 141
79 4
59 99
2 147
114 116
78 95
134 8
99 10
117 28
126 130
18 133
107 106
61 25
114 34
12 96
51 145
73 50
142 11
88 7
6 61
146 60
17 141
124 110
58 116
13 10
55 16
90 72
82 22
88 75
134 120
64 114
18 130
95 123
38 63
133 103
31 139
97 140
61 17
5 1
112 93
74 22
53 111
33 146
1 137
50 80
114 115
75 19
135 123
29 21
97 109
114 57
147 114
72 89
67 56
5 135
8 111
97 31
83 9
34 42
113 92
50 33
102 3
125 139
125 75
125 11
119 78
56 3
134 45
22 17
44 117
37 108
1 46
38 66
72 58
98 126
12 6
14 112
145 129
141 38
95 32
24 60
64 22
25 80
22 98
137 6
82 66
135 46
58 141
121 88
33 112
138 126
64 84
101 137
113 57
121 71
76 97
41 139
142 32
5 9
128 84
93 132
38 66
132 39
55 68
35 24
58 52
115 105
138 120
90 137
13 54
56 57
53 12
3 25
110 73
69 43
120 122
4 82
58 6
72 47
92 80
147 130
20 71
66 26
76 44
59 22
9 50
119 84
68 99
122 119
104 19
34 87
146 119
149 119
32 51
61 139
125 98
10 62
110 13
36 8
80 48
81 143
41 74
121 96
3 9
30 29
16 132
89 33
124 101
94 86
20 37
82 68
45 48
45 37
141 16
93 28
113 13
43 128
12 140
43 101
44 131
77 43
91 96
82 10
113 139
145 7
43 94
14 86
36 59
130 105
67 74
4 70
114 18
121 131
41 40
31 104
67 119
135 130
25 1
66 82
42 67
22 59
29 50
45 96
30 71
94 53
13 5
27 120
122 13
57 5
127 83
15 10
136 132
93 88
41 139
82 111
5 60
88 27
92 117
4 83
130 114
81 144
1 120
24 136
80 38
55 100
34 2
107 91
103 91
78 93
104 106
132 2
78 80
11 11
24 102
48 21
98 58
122 106
114 110
63 135
81 83
9 17
44 14
8 86
132 126
58 4
57 107
76 118
99 131
9 108
132 9
84 56
131 126
12 56
77 135
106 54
96 148
62 8
65 30
59 121
79 34
21 20
78 7
75 18
145 25
60 61
75 57
7 85
38 141
125 80
130 13
31 100
77 145
50 8
40 52
21 105
84 83
140 109
74 45
27 69
96 24
41 145
130 25
31 103
89 69
104 83
3 132
18 90
131 20
70 24
46 148
92 79
91 84
21 12
51 61
124 39
59 147
48 62
58 23
109 119
76 30
86 52
29 106
47 80
97 10
59 33
49 148
130 4
143 5
53 92
72 35
71 29
67 90
102 145
129 101
98 29
120 120
34 138
88 34
88 66
116 139
95 15
96 80
66 20
18 20
27 68
14 128
126 38
115 96
97 92
118 120
42 126
103 114
12 78
136 65
143 4
93 63
21 71
20 1
11 11
137 0
52 54
48 72
1 48
69 10
121 84
87 25
87 80
45 49
4 7
61 86
61 81
63 6
109 114
111 48
92 22
127 4
41 140
57 141
105 71
135 143
71 34
143 2
58 36
44 31
97 9
29 135
91 138
34 112
121 29
75 72
111 1
62 63
27 121
149 27
82 40
137 89
74 59
126 137
141 88
131 134
17 61
112 147
14 121
20 112
64 100
41 110
117 77
13 83
45 56
49 34
99 53
129 81
67 77
139 48
31 144
60 9
44 135
16 116
130 126
148 93
37 46
119 57
102 72
13 1
84 38
106 101
42 32
100 116
26 146
85 51
5 35
8 62
77 36
84 121
128 94
11 73
47 107
55 140
0 54
75 131
120 74
118 78
134 117
56 149
64 20
11 122
67 48
24 43
21 145
147 60
31 132
28 95
123 58
33 103
104 131
136 117
131 109
27 112
68 84
104 80
103 67
71 7
109 118
104 22
47 148
86 38
21 52
138 47
127 83
23 36
112 28
8 124
132 28
13 119
27 16
15 145
7 70
99 77
17 13
47 25
15 106
111 75
133 134
34 29
45 125
30 15
75 43
28 28
77 149
90 66
26 82
21 30
112 99
109 59
121 0
52 121
79 58
147 61
89 13
92 30
40 111
126 105
33 18
129 15
59 95
8 44
96 49
11 129
80 108
95 9
36 38
118 20
66 121
31 26
45 142
149 22
9 4
68 11
70 129
7 51
38 21
96 12
39 126
40 6
113 136
53 135
4 139
127 46
103 12
113 91
80 108
100 39
44 85
49 149
73 82
73 104
89 68
2 42
70 28
76 33
85 137
122 66
15 105
129 103
7 125
88 78
111 40
117 77
13 117
15 89
4 118
9 62
109 48
89 110
52 90
107 88
11 110
40 122
77 75
82 49
12 84
42 109
3 74
137 133
33 131
85 64
35 17
7 61
50 122
55 99
148 83
43 56
3 108
17 40
80 27
110 148
81 116
125 29
71 72
42 82
26 61
116 25
106 118
52 55
49 126
97 21
120 147
44 102
109 124
110 117
33 125
98 38
10 13
36 133
41 67
25 125
98 147
148 41
38 46
48 22
55 115
144 17
94 1
39 48
107 31
64 119
28 50
105 39
5 64
71 140
75 74
45 70
51 35
35 28
87 42
90 1
124 67
129 144
143 42
43 54
44 45
132 41
114 105
144 111
19 106
54 81
134 134
104 5
26 145
9 68
134 117
109 86
94 90
8 147
94 2
43 23
26 125
11 13
12 14
38 149
125 51
31 90
18 100
125 53
61 33
15 34
95 68
85 138
84 133
66 84
67 129
73 85
24 142
5 15
0 79
145 35
56 68
69 58
28 2
24 48
10 65
14 81
123 55
6 80
97 116
126 69
31 28
131 118
36 42
14 27
129 63
76 17
115 17
129 105
67 75
94 118
64 115
137 37
59 139
145 114
58 90
29 81
143 29
85 149
118 136
102 135
11 133
20 11
75 132
49 68
114 23
37 72
88 146
78 141
13 115
39 146
48 4
114 42
97 24
120 84
97 8
120 89
103 97
12 19
41 51
8 101
115 30
57 118
31 11
91 105
54 127
60 65
9 57
113 146
56 73
25 40
3 39
122 93
52 78
56 50
85 133
108 123
59 115
75 73
36 117
146 131
46 58
25 72
67 1
86 133
38 27
35 66
44 125
135 139
66 25
120 138
68 113
5 17
119 108
54 9
43 55
23 30
23 128
59 51
117 13
5 140
61 52
64 77
52 39
134 111
34 54
32 52
92 5
144 3
27 57
44 108
75 148
148 28
8 7
25 21
89 138
76 36
21 78
27 97
138 124
122 28
80 38
145 128
145 85
65 0
146 68
91 122
51 42
125 91
134 20
139 38
73 86
28 139
86 144
53 44
131 48
28 28
133 15
107 88
67 48
41 123
129 120
71 59
50 141
107 26
139 27
7 51
70 136
15 110
53 5
9 3
58 8
127 133
45 147
47 23
114 47
60 42
73 0
98 101
90 119
53 91
106 102
6 7
20 134
106 114
95 123
69 107
133 85
16 66
101 31
135 137
66 128
51 125
21 40
140 52
29 113
119 130
30 144
117 142
42 107
17 129
54 138
65 99
136 52
4 61
107 129
123 144
50 128
30 146
104 84
65 82
26 9
141 142
46 138
148 104
46 15
93 52
90 64
114 0
17 12
123 35
32 105
67 22
29 38
97 120
69 77
133 76
82 76
98 142
107 1
28 97
0 118
149 10
4 52
8 109
96 131
63 73
24 76
97 29
131 137
133 101
78 89
53 145
99 49
89 42
25 81
63 22
118 124
134 55
21 149
57 107
138 88
26 66
122 12
31 43
46 117
68 80
103 9
51 113
141 46
34 14
78 56
119 32
34 132
24 65
88 121
79 100
122 123
88 10
129 111
137 29
0 85
44 21
66 30
100 92
129 120
68 92
13 114
88 128
44 0
81 91
51 31
65 92
46 60
95 108
138 19
63 35
59 76
10 54
70 84
56 63
88 12
48 35
129 14
81 69
98 1
11 127
29 5
39 111
7 75
141 39
101 58
130 94
28 131
129 29
72 51
67 80
14 124
66 140
76 8
125 97
54 33
107 82
141 56
87 9
88 96
147 50
7 14
38 132
83 58
111 90
146 147
10 45
120 51
73 32
124 123
111 138
145 49
46 130
68 71
112 30
78 52
82 33
7 77
137 87
8 31
96 18
25 103
72 50
4 69
128 52
123 16
140 94
106 4
129 101
76 89
74 115
69 134
19 9
94 103
91 4
67 116
18 148
12 50
78 148
98 149
75 26
133 99
7 3
87 102
130 19
41 144
108 12
146 11
139 5
101 53
56 144
14 25
0 23
130 68
17 23
69 62
136 87
46 149
107 147
7 54
51 47
97 51
65 39
33 35
101 96
82 137
113 68
14 94
69 98
56 107
57 96
45 86
100 26
98 133
92 91
138 133
102 12
147 11
115 4
15 74
43 64
130 53
56 92
80 15
100 16
37 132
15 72
110 73
132 61
62 119
3 96
18 126
70 47
89 118
9 67
85 119
44 77
23 58
143 147
134 97
19 106
100 22
55 78
107 25
38 51
64 138
41 44
94 86
12 114
109 0
33 27
34 34
136 65
76 131
132 85
18 112
8 145
36 119
104 110
141 92
13 10
7 59
61 97
86 133
87 8
25 137
22 68
116 77
83 85
88 134
71 82
34 106
50 79
20 126
8 81
5 24
58 6
86 7
53 123
26 29
131 8
88 26
9 89
100 58
142 4
41 38
76 17
144 19
142 20
21 8
45 142
23 110
127 52
32 141
69 59
132 92
145 11
28 113
148 30
0 107
125 53
97 77
103 8
23 13
133 39
74 37
8 55
81 52
40 68
39 134
147 111
54 4
15 130
133 30
118 46
103 84
137 112
64 75
22 70
39 76
46 54
125 148
63 99
53 4
116 121
70 30
89 123
133 136
70 147
56 61
59 140
34 50
23 77
9 134
38 116
142 52
55 141
137 144
84 147
90 34
28 103
4 101
110 134
43 111
20 35
11 104
71 118
53 88
95 93
127 62
124 136
122 24
14 37
70 119
65 83
14 100
15 2
82 119
24 45
11 94
124 0
116 60
129 146
109 135
87 121
142 23
70 33
54 37
105 21
130 48
100 21
124 147
73 104
78 139
62 21
12 117
2 47
141 4
47 19
96 72
43 88
15 117
74 123
28 120
93 148
51 68
36 49
99 45
96 92
90 22
145 54
73 69
26 15
75 149
54 4
120 78
90 138
89 39
87 75
143 112
24 139
110 99
16 32
146 135
128 8
118 144
38 139
92 80
53 3
87 18
14 106
126 119
55 61
32 68
49 38
105 141
60 62
95 95
82 84
55 75
53 16
47 128
63 46
148 0
110 91
70 125
82 131
110 146
55 120
90 20
18 12
94 69
58 2
99 68
97 11
61 113
0 62
103 110
66 125
90 62
26 101
60 111
69 22
15 104
113 70
79 130
116 135
46 145
32 8
39 71
124 77
95 10
29 77
109 67
109 103
6 52
101 43
65 118
142 126
108 108
67 1
68 81
54 3
64 144
140 90
27 40
29 86
63 11
41 47
48 13
30 78
47 27
126 85
20 101
90 93
49 95
112 83
62 27
35 3
27 50
114 2
98 43
37 61
114 47
76 87
116 87
99 82
116 17
101 109
144 131
38 33
43 57
12 38
100 33
103 141
11 95
59 147
104 8
132 32
140 30
59 41
87 28
141 128
66 110
23 111
32 6
6 48
94 110
3 7
31 13
63 102
104 29
138 93
110 75
101 81
24 41
26 124
108 86
98 51
58 13
4 74
35 91
104 97
28 125
74 97
81 102
7 134
53 148
143 35
22 120
18 20
59 13
5 113
143 45
25 5
50 15
30 23
33 44
42 17
115 44
1 138
84 100
78 107
57 123
43 49
73 24
42 140
76 66
106 8
52 148
39 19
57 20
122 126
98 137
138 122
46 74
59 44
136 41
118 54
41 95
3 127
137 125
64 88
95 84
97 129
7 136
46 138
131 3
103 89
121 96
115 78
141 18
87 132
136 81
72 138
81 42
42 39
88 123
86 111
26 44
48 134
53 85
109 2
17 130
124 58
105 60
82 24
7 63
110 39
109 58
90 43
40 15
75 127
17 115
134 112
3 79
106 139
114 31
68 68
25 82
125 28
31 104
140 96
101 87
42 55
60 126
41 2
60 43
13 104
112 146
23 59
113 70
22 57
54 19
16 90
4 92
148 53
114 85
133 70
33 44
121 115
49 127
57 30
123 60
126 46
112 75
20 90
49 2
81 24
49 102
47 50
104 79
99 64
73 23
104 41
16 80
82 93
86 42
86 9
88 79
52 83
47 149
127 57
103 82
103 98
75 98
10 83
16 20
49 45
122 94
77 124
122 63
76 143
79 73
100 124
92 34
93 95
47 17
34 84
125 105
66 84
24 102
59 23
81 108
71 58
27 98
73 42
86 97
30 135
10 58
7 108
88 44
18 133
137 39
65 70
48 143
35 97
125 84
149 81
80 141
113 97
58 122
88 108
10 98
145 69
143 29
24 132
59 71
136 129
0 12
85 71
123 123
41 146
33 87
58 109
149 130
36 97
77 120
125 13
143 8
79 111
50 112
29 24
71 130
149 1
58 52
122 14
49 21
62 129
8 54
41 15
131 80
64 38
9 1
34 61
45 47
37 66
100 129
76 3
68 25
14 40
132 25
40 34
139 10
142 146
130 87
70 20
94 65
11 111
31 98
75 15
144 113
87 123
89 105
75 77
146 101
54 111
70 50
124 18
111 110
61 136
66 114
69 16
117 143
144 136
87 67
24 47
28 38
92 106
40 128
91 74
143 1
110 1
6 25
63 32
91 46
96 130
8 77
88 116
111 54
129 147
140 96
143 147
10 92
146 142
50 112
114 16
108 24
6 10
111 18
17 34
137 29
106 123
71 79
12 24
21 25
16 145
50 21
8 65
94 11
133 130
135 78
16 23
48 76
106 107
97 87
44 147
137 104
80 57
31 91
123 137
137 43
136 143
24 78
16 60
95 146
48 97
48 81
117 6
49 108
36 19
140 58
138 115
7 77
127 0
5 145
61 6
136 95
43 70
140 105
94 67
34 80
114 118
30 3
58 119
15 14
19 149
74 114
124 10
75 100
46 20
81 48
55 52
143 18
90 95
58 65
141 141
141 13
118 60
51 64
117 2
137 136
147 2
146 77
43 37
125 103
50 105
78 93
14 95
92 89
77 135
13 108
11 131
117 67
47 44
78 145
73 56
38 106
117 38
68 11
23 122
23 45
95 74
4 133
66 84
30 121
96 109
30 84
7 94
119 79
72 38
77 73
129 81
48 32
67 1
31 73
110 37
130 26
89 130
21 6
117 91
47 102
3 147
31 103
132 85
148 11
92 109
87 132
39 101
98 141
40 82
10 19
25 46
136 115
66 148
45 22
70 125
37 99
118 126
64 30
116 46
44 87
149 32
127 145
115 106
84 32
30 32
48 55
137 27
113 111
149 131
63 87
16 59
80 57
24 18
129 55
122 72
96 126
119 37
94 120
110 42
28 144
131 117
25 75
55 145
130 141
61 5
90 104
79 7
126 142
132 40
21 146
116 26
48 106
120 48
54 137
75 48
97 59
17 67
125 76
143 20
128 65
78 92
6 32
105 19
107 48
86 6
25 104
3 70
93 13
22 37
112 40
85 122
147 5
32 138
146 12
112 58
112 46
132 41
96 50
35 108
138 2
74 75
38 74
94 85
47 103
113 36
83 76
79 91
24 76
122 2
82 62
98 148
121 33
9 123
104 117
115 17
31 111
135 16
56 46
132 102
134 137
81 34
115 91
83 40
38 138
87 129
55 4
145 7
2 97
42 54
76 78
107 137
104 59
7 125
12 80
110 7
127 137
62 10
68 53
26 111
66 0
113 148
52 72
98 144
45 113
50 43
93 31
35 55
56 89
149 125
96 32
13 40
69 102
15 15
142 129
141 117
4 93
25 94
87 76
39 30
94 112
67 121
124 1
99 7
36 87
28 28
16 113
103 14
19 137
133 61
55 13
117 39
117 7
120 39
9 18
106 107
68 87
5 142
114 89
117 106
57 33
11 127
128 112
34 104
31 27
136 72
61 116
36 46
44 18
104 90
57 8
35 12
96 98
59 70
86 123
116 58
69 57
135 66
3 28
70 95
18 16
105 88
111 83
8 103
116 25
41 135
113 83
15 130
82 15
34 49
88 115
112 29
1 93
67 121
45 67
19 17
53 71
125 22
85 117
99 99
42 103
64 82
11 21
22 146
97 121
42 29
74 37
25 51
1 126
5 132
75 135
131 84
46 45
63 137
99 90
24 81
127 36
10 87
22 63
71 144
74 38
89 49
4 17
122 54
56 113
48 69
123 139
63 99
81 10
80 112
132 130
91 47
72 101
75 104
45 64
4 1
42 34
50 101
98 27
9 10
32 28
8 113
130 146
75 60
67 84
1 53
102 116
121 65
62 33
146 78
99 74
139 116
94 131
51 9
3 14
11 119
26 149
143 115
14 127
142 147
82 149
112 147
117 35
46 18
34 107
77 88
95 131
90 110
10 33
76 118
63 89
31 18
29 142
2 102
52 41
126 119
68 52
71 59
42 86
85 114
76 147
73 8
137 8
20 112
35 33
39 1
136 66
125 126
26 39
138 146
8 138
44 108
50 62
125 29
28 68
104 85
138 74
101 137
75 114
33 145
15 31
122 11
122 122
7 131
4 136
142 138
142 147
137 133
22 9
49 31
4 130
60 3
10 0
8 84
133 111
6 132
103 4
2 141
66 137
15 54
71 30
140 145
142 34
28 81
145 126
99 109
18 137
127 18
40 113
35 36
47 33
64 57
78 137
15 4
141 44
5 18
68 6
120 139
88 33
11 77
123 125
88 112
74 96
120 122
79 147
56 34
13 116
54 1
12 146
38 114
39 16
105 110
98 49
37 149
16 41
133 105
149 51
68 19
29 125
97 30
83 10
46 120
70 72
38 110
90 74
81 90
73 102
9 61
130 40
28 110
19 101
10 143
89 34
144 115
31 132
128 76
44 144
71 121
63 56
65 99
46 48
136 95
102 132
114 91
113 23
55 51
37 135
42 142
130 61
141 62
36 13
87 109
102 19
132 117
29 109
60 131
34 51
100 13
21 135
4 21
3 5
86 115
126 91
3 98
24 73
109 133
137 120
37 134
134 4
63 76
96 125
105 143
44 108
133 141
53 73
143 23
104 55
7 50
125 90
2 10
136 62
53 50
61 93
19 98
2 35
26 67
86 23
133 3
81 65
98 16
4 76
40 144
26 74
52 121
109 71
53 103
136 17
81 40
36 109
18 80
60 33
37 109
11 24
135 12
111 84
124 109
47 15
134 144
19 84
142 87
124 146
130 110
101 58
130 108
75 59
51 124
105 49
58 29
136 28
61 118
54 145
91 53
28 95
118 79
140 39
18 87
26 135
70 91
107 82
19 75
82 127
82 118
142 46
136 104
69 44
131 1
121 4
102 24
23 99
35 114
104 34
134 8
100 51
103 9
27 15
53 120
81 67
57 148
95 36
63 77
121 18
142 117
101 114
97 46
126 106
90 33
25 69
18 107
111 147
109 41
80 106
98 14
91 111
65 116
9 123
135 39
45 94
58 138
14 72
58 139
31 13
116 4
67 129
5 123
25 22
98 50
13 91
53 36
128 67
93 77
6 53
25 35
137 132
55 46
121 23
59 108
83 121
91 133
61 97
13 108
22 82
88 131
56 56
137 22
37 7
14 104
24 17
64 128
116 82
15 111
123 54
66 92
9 92
103 81
76 79
65 115
107 126
68 84
141 133
138 3
88 130
140 4
95 15
6 59
146 16
11 1
68 106
46 57
61 106
88 112
29 121
108 139
147 67
23 78
46 36
131 120
74 15
73 20
41 53
138 131
21 124
80 84
144 36
5 133
120 113
53 94
58 135
114 133
13 48
143 142
12 73
38 85
118 139
55 19
94 130
13 77
72 81
69 9
43 74
85 67
12 62
14 38
125 72
23 138
126 65
117 24
62 28
32 73
140 118
84 40
64 52
117 29
144 121
51 148
121 144
6 33
45 80
149 27
12 125
96 80
130 107
116 134
73 50
88 88
3 92
100 143
140 46
130 67
104 73
79 20
45 119
56 65
91 24
62 37
83 76
139 116
66 103
18 124
134 8
70 90
99 141
8 149
112 5
57 25
68 42
127 15
22 62
2 83
68 135
11 72
30 140
147 127
120 146
78 17
111 101
65 2
120 56
123 86
117 90
11 65
28 90
80 88
87 92
44 90
50 126
29 143
74 149
13 131
46 143
15 29
123 20
57 43
43 38
97 76
79 79
99 138
139 63
42 63
92 73
68 30
45 74
147 46
143 146
81 139
103 64
25 55
116 86
74 117
137 93
58 1
98 3
23 12
71 112
33 117
74 148
8 69
51 29
87 8
52 63
100 120
93 74
102 90
17 101
89 124
72 147
0 0
73 140
140 58
108 57
126 51
54 71
84 32
9 110
88 64
112 59
145 142
109 104
118 11
60 115
147 128
35 23
149 3
23 103
27 60
120 72
44 53
14 77
99 60
11 13
101 16
71 17
68 76
8 15
60 8
129 89
80 127
93 35
21 59
64 50
20 76
46 51
108 37
38 67
47 130
91 59
64 55
110 11
15 30
11 139
105 38
14 29
86 83
148 88
36 36
3 144
21 24
40 50
122 44
139 17
71 37
45 58
116 83
51 19
73 25
25 148
136 5
43 143
0 76
98 77
47 87
119 118
62 113
108 149
93 82
118 82
129 92
53 2
101 32
138 117
16 47
11 143
75 11
104 43
147 89
70 11
65 4
144 105
99 11
76 118
118 64
19 0
91 64
26 45
103 140
137 29
130 144
9 114
19 35
71 132
42 147
143 96
50 96
115 141
132 78
74 43
69 76
12 130
107 15
77 134
8 85
133 71
99 130
40 82
43 136
146 94
67 74
13 96
74 9
143 17
57 142
3 20
137 35
140 7
36 32
110 35
6 56
70 67
4 58
135 62
58 35
7 28
49 67
83 83
69 91
26 108
107 141
128 1
133 94
103 128
145 141
11 12
123 80
16 125
71 66
131 95
95 80
59 104
67 77
80 141
53 85
120 96
17 111
116 87
4 93
141 79
57 139
107 48
12 96
84 35
112 49
121 118
10 148
19 129
75 148
31 44
17 142
142 90
20 27
12 45
75 64
6 49
116 145
109 6
146 118
94 96
119 11
142 61
104 129
78 68
100 67
62 130
75 101
133 67
129 9
102 115
104 86
106 3
112 4
55 4
26 119
18 50
39 94
103 52
61 3
125 17
26 14
23 84
71 38
97 108
89 67
105 108
94 46
33 135
15 45
40 33
74 61
122 142
112 7
140 30
4 104
140 1
26 24
105 86
88 141
45 111
88 63
24 28
53 138
50 65
96 31
1 89
42 73
15 23
129 35
135 57
36 6
63 58
33 134
137 72
126 98
12 58
36 71
144 9
132 25
29 27
41 104
106 44
109 56
124 25
59 65
112 7
88 43
2 19
39 43
147 116
38 98
1 89
34 137
139 107
113 145
76 25
130 87
145 88
59 14
125 57
109 116
40 82
72 120
61 61
57 69
29 20
9 132
61 75
118 120
99 3
108 6
146 82
145 34
86 133
69 141
69 144
147 70
130 58
77 24
101 2
62 105
113 62
84 59
31 60
109 112
60 37
112 61
43 42
39 61
140 29
24 65
12 5
43 89
20 64
138 11
97 66
76 47
51 107
106 66
103 49
81 63
141 14
52 85
55 33
140 55
118 132
108 106
49 24
53 14
16 103
69 94
75 69
105 149
117 140
63 78
20 8
120 107
7 49
40 122
21 145
7 127
3 99
100 141
16 90
75 84
107 56
46 65
46 12
135 139
0 8
18 2
124 53
137 58
49 113
90 67
133 28
146 23
62 33
73 41
100 91
89 132
15 61
96 74
117 23
87 47
101 82
85 114
38 12
112 1
59 116
29 9
56 94
67 123
129 21
5 88
3 36
33 145
147 59
13 44
89 29
75 86
138 63
147 6
1 6
28 149
30 28
140 78
45 84
127 6
35 42
42 86
117 96
62 68
78 115
67 57
49 15
108 19
15 112
98 129
111 87
59 29
115 53
11 31
134 108
65 23
135 81
40 133
120 119
80 24
40 62
85 80
149 7
45 25
66 98
116 145
135 135
58 133
20 101
65 101
55 131
129 60
58 107
112 86
2 68
144 102
112 49
75 123
36 57
66 65
10 101
51 88
65 17
29 48
21 147
57 148
86 138
119 104
79 80
31 124
13 124
32 143
67 27
67 125
5 100
52 5
62 3
119 4
32 35
28 110
97 115
90 83
87 83
75 35
134 59
34 144
114 20
133 84
104 56
98 95
4 5
64 63
32 117
84 30
19 112
148 19
48 37
31 120
72 65
96 7
117 46
79 127
134 108
8 135
71 75
146 79
53 49
76 5
41 45
124 17
40 57
8 131
30 129
115 61
50 59
28 24
8 114
91 77
61 12
60 135
17 115
113 33
127 93
134 144
131 45
3 38
113 19
108 89
138 70
80 136
24 107
45 67
39 77
146 38
72 50
35 65
117 52
16 58
65 36
116 71
28 123
71 73
24 25
96 35
37 118
144 131
35 55
28 41
87 11
33 118
127 24
19 97
126 20
118 131
69 90
97 20
89 17
98 112
65 75
117 145
78 57
116 14
76 42
90 65
35 76
22 131
113 7
144 111
133 43
109 44
65 95
58 29
139 59
138 91
23 38
48 0
20 97
121 45
114 106
36 122
15 129
142 130
126 35
2 59
50 101
126 4
48 104
105 107
88 126
135 88
17 147
125 48
88 123
36 45
57 1
142 18
142 76
19 42
84 36
13 145
111 81
10 41
52 146
101 116
69 138
76 105
44 21
93 120
130 64
1 24
39 60
100 141
46 132
71 143
92 94
65 104
52 122
108 86
70 32
143 91
61 49
5 121
98 3
106 21
146 117
106 32
89 46
133 31
137 143
146 10
112 70
128 68
22 62
78 62
4 68
121 65
129 19
100 29
83 62
73 54
71 98
106 107
49 119
81 147
99 42
78 94
59 108
114 1
16 58
23 9
138 114
106 33
128 103
149 114
26 68
1 128
19 44
138 30
130 117
127 131
86 73
1 77
104 49
75 120
52 77
38 102
44 76
62 59
145 19
66 74
6 131
29 45
72 112
93 95
73 74
90 138
95 122
9 111
128 145
18 118
111 102
147 71
81 1
44 55
42 116
96 89
38 1
25 4
75 114
62 80
131 92
131 81
123 98
120 125
98 99
42 45
59 82
18 29
56 149
131 92
125 140
88 97
144 101
40 48
4 67
32 57
56 131
15 49
76 76
84 82
29 70
82 52
86 30
100 147
44 105
86 56
47 83
55 15
100 15
61 106
55 43
2 132
143 3
137 47
79 138
72 113
122 29
64 13
23 132
78 77
0 60
29 121
82 28
40 1
145 79
58 7
64 131
131 4
138 55
47 74
75 45
11 24
35 52
144 127
88 13
122 9
113 33
17 51
36 56
26 95
87 22
58 148
124 117
119 78
146 106
107 128
117 141
87 77
85 101
99 77
58 125
116 146
136 79
145 13
120 9
67 47
121 138
113 50
148 109
77 62
138 85
41 84
132 125
72 76
80 127
17 30
5 93
87 82
71 118
46 88
14 64
121 60
89 142
120 30
96 94
79 62
11 138
18 148
90 81
79 123
57 76
77 42
44 110
40 15
65 92
49 68
85 119
121 142
144 131
91 29
111 0
146 60
149 78
10 127
0 47
31 46
141 24
7 73
123 22
62 4
115 27
77 53
111 134
95 47
88 21
17 138
58 144
118 62
113 15
3 146
39 111
87 107
92 4
130 35
102 46
70 116
73 93
56 144
109 62
35 120
132 33
113 16
121 17
47 138
30 62
43 120
23 70
140 22
25 48
118 109
147 31
133 12
17 15
13 28
69 6
5 23
125 24
57 23
88 143
142 4
58 129
140 135
113 121
41 1
50 80
148 28
34 133
11 93
59 136
57 86
51 139
132 37
144 8
120 43
5 1
8 45
128 119
70 83
141 52
33 109
44 101
27 72
144 134
50 99
143 122
36 125
14 2
40 144
48 21
149 116
74 131
10 3
73 30
5 112
12 95
18 76
148 113
102 29
99 132
115 15
85 133
148 77
120 130
7 14
41 62
17 10
101 74
99 149
77 104
118 87
86 95
74 18
109 16
106 133
65 136
66 134
145 121
47 70
28 108
78 18
8 55
85 75
41 145
3 80
15 30
115 126
147 24
51 133
57 29
109 109
142 36
66 102
101 97
112 0
99 50
34 74
86 17
119 66
21 85
40 127
86 58
111 86
45 125
123 127
123 24
69 137
74 113
115 84
21 112
95 139
114 34
7 26
128 6
36 40
139 141
13 132
148 133
25 115
40 14
50 79
140 84
108 7
136 25
76 120
111 40
23 7
129 43
4 105
53 145
120 76
103 43
21 22
148 0
132 44
136 16
136 114
98 10
55 107
95 54
52 77
102 134
67 18
121 148
51 62
27 54
59 111
40 126
34 28
66 48
66 78
51 52
47 84
11 79
83 119
87 127
78 19
140 122
33 38
96 114
126 68
126 111
25 60
76 13
1 86
136 37
15 41
128 56
12 75
31 20
89 7
8 100
102 9
137 91
52 100
100 88
143 91
63 14
44 128
125 59
21 29
46 29
8 47
32 68
115 106
67 42
140 77
102 132
0 125
98 136
117 102
132 130
28 10
145 141
36 45
124 144
129 96
61 91
138 146
53 103
112 84
131 105
16 14
129 26
3 64
34 44
67 26
25 101
18 82
5 43
131 34
16 35
89 6
116 16
64 59
55 92
52 147
95 104
3 149
73 63
34 24
140 24
116 43
141 103
139 68
69 79
96 127
81 37
81 132
78 24
16 20
32 36
51 85
54 91
35 26
146 83
61 102
69 106
123 27
77 92
69 52
71 111
83 124
116 39
32 8
115 91
27 101
59 136
18 72
123 127
73 71
27 108
50 43
45 2
47 131
71 100
6 68
34 137
80 111
119 21
93 137
22 96
78 104
146 149
24 97
91 96
33 26
143 48
97 23
91 36
60 127
74 21
47 41
74 145
7 33
57 59
75 100
66 39
28 117
137 142
23 17
28 40
120 5
131 145
75 18
39 78
117 108
43 144
122 90
142 112
43 8
0 55
95 111
118 0
146 105
81 44
114 78
49 25
104 56
32 1
70 104
146 69
149 7
71 32
10 141
52 64
120 38
104 49
56 116
75 85
128 12
24 20
146 93
57 68
99 44
35 39
5 30
46 79
131 110
40 6
124 83
86 141
41 117
15 136
110 38
79 67
85 129
1 100
0 13
122 30
4 90
15 79
45 16
41 6
100 138
23 11
71 138
130 108
25 91
94 116
141 103
91 68
13 77
2 106
122 46
119 7
92 109
41 121
23 135
127 5
31 35
109 141
56 85
31 137
116 52
112 33
131 7
108 54
138 131
119 56
103 108
12 71
128 27
48 40
95 99
39 90
122 84
20 92
102 51
50 140
116 143
15 77
10 148
14 0
13 102
58 108
107 37
41 29
109 143
18 145
127 31
49 28
2 138
124 60
127 142
25 64
86 144
81 37
4 91
103 53
83 99
94 35
145 84
55 35
133 20
131 40
101 64
100 74
0 128
9 39
3 102
33 75
7 4
3 44
90 94
136 147
57 26
87 104
6 122
4 9
37 66
55 44
36 93
60 38
132 132
22 132
4 144
47 133
106 39
67 126
129 59
119 121
63 110
41 59
134 106
146 74
132 53
28 82
75 5
34 87
30 105
120 31
116 129
5 74
145 1
4 101
134 27
47 79
103 130
81 80
74 130
135 94
11 99
139 50
78 53
16 34
88 149
43 108
142 85
45 123
63 73
42 12
28 81
135 93
2 117
0 86
27 99
78 94
62 82
83 1
2 86
19 100
23 122
10 61
131 74
140 51
119 100
21 64
81 53
119 76
114 34
132 141
125 126
141 38
75 126
59 98
125 43
56 68
129 54
144 85
66 89
64 60
12 138
73 23
61 89
68 142
134 125
21 113
108 94
141 88
54 39
67 142
115 25
70 78
127 129
79 36
29 110
32 108
14 69
69 95
85 10
62 13
112 3
115 6
94 116
24 19
21 11
32 129
122 119
86 109
62 24
24 55
82 3
51 97
115 37
18 0
94 23
115 120
30 87
56 36
86 80
139 91
6 35
99 31
119 132
66 43
2 35
13 94
129 14
21 87
30 19
99 69
1 105
108 116
81 115
68 133
4 53
109 41
51 68
146 69
134 30
12 143
102 10
104 32
1 99
106 58
148 115
7 146
129 128
80 61
22 102
101 102
9 139
69 118
109 97
146 47
88 127
53 11
16 102
82 32
49 72
142 134
17 20
28 41
68 63
21 22
88 81
80 108
89 112
49 12
77 75
108 48
140 30
23 124
28 28
80 131
11 9
45 81
20 29
33 43
111 145
116 90
72 26
36 74
72 83
112 9
42 82
54 22
127 132
126 9
95 92
65 102
88 35
81 59
106 96
85 104
141 103
70 86
0 49
85 41
64 75
13 142
62 66
103 122
138 42
22 128
9 147
12 136
84 47
25 47
42 16
78 99
121 137
102 43
133 33
120 68
34 99
143 13
31 76
88 147
6 22
4 125
65 50
132 33
87 29
124 35
139 40
56 11
27 39
30 68
149 44
107 31
38 37
130 134
50 7
110 86
107 31
133 50
86 145
105 127
112 144
113 73
83 98
122 40
83 33
45 121
67 9
28 77
125 119
130 55
141 149
9 8
141 16
144 136
47 45
80 135
107 24
13 117
6 21
86 53
76 80
30 2
17 85
5 145
90 90
16 49
72 52
118 79
48 68
125 66
139 51
145 79
13 36
106 87
48 133
134 107
66 113
10 53
110 97
55 79
84 29
57 101
128 131
84 100
113 22
126 26
12 83
31 87
112 105
19 83
95 32
26 61
90 146
67 148
32 39
2 98
17 102
93 5
23 47
76 19
104 16
145 142
10 33
86 54
48 142
14 132
108 58
61 19
26 76
120 124
102 144
79 86
66 141
62 123
139 133
91 26
69 85
56 53
4 148
73 32
82 119
127 136
149 83
112 145
22 146
43 104
140 145
27 25
126 100
1 67
120 16
60 18
99 76
86 69
39 127
33 136
141 9
95 62
31 137
129 99
14 85
93 119
83 32
7 27
104 27
95 72
15 72
104 115
148 55
43 56
118 26
141 25
77 43
119 7
71 85
67 142
120 10
47 104
9 149
145 120
101 133
68 65
86 139
145 70
24 68
29 74
15 109
26 2
5 71
9 36
77 25
146 107
1 19
42 100
24 136
104 43
117 96
104 136
2 58
141 29
24 122
135 100
42 25
72 50
23 143
100 122
112 59
8 100
109 33
111 145
72 124
95 109
28 46
18 128
118 139
94 52
120 89
42 18
113 6
113 132
15 66
122 91
141 65
30 8
149 51
146 124
135 7
29 133
47 29
61 37
118 112
13 138
98 17
4 3
51 136
116 91
84 139
45 100
32 84
7 18
20 147
10 10
23 67
56 142
127 26
111 54
60 44
67 2
10 42
2 20
121 103
8 25
93 27
60 25
84 76
91 126
132 85
28 69
129 66
63 40
29 88
20 62
51 64
138 80
78 61
51 26
91 78
26 91
58 135
47 81
43 81
80 13
131 22
149 115
98 53
24 49
132 57
97 113
66 106
142 105
137 44
18 106
146 132
35 83
46 45
89 119
122 44
101 38
136 117
105 105
52 38
78 25
19 148
2 101
89 140
117 92
34 109
122 45
129 16
119 39
62 118
122 93
129 132
147 44
38 98
49 66
110 117
80 57
87 90
128 34
107 20
53 111
63 2
40 88
5 74
145 69
142 73
133 143
43 21
53 88
94 97
130 4
101 2
15 121
110 43
39 76
99 143
38 48
52 75
1 50
144 37
36 32
141 131
48 44
50 76
59 130
2 108
147 4
71 129
18 54
79 36
96 108
74 95
27 78
92 22
104 5
149 15
110 35
80 78
19 99
136 16
147 38
70 62
66 45
115 114
128 60
54 112
50 68
139 36
117 80
130 50
132 31
75 43
49 36
13 53
49 21
68 123
41 148
17 53
117 104
64 4
0 52
32 60
71 109
102 21
34 111
149 37
39 99
47 15
3 92
86 11
26 143
32 49
144 26
73 131
32 142
16 95
35 48
85 74
14 88
6 132
10 54
97 140
98 140
149 118
100 96
91 53
125 84
1 131
10 34
75 75
110 113
34 24
56 81
35 47
106 27
148 100
72 138
109 147
63 49
56 64
94 87
139 61
91 66
4 83
5 119
110 66
71 51
33 141
98 58
8 74
34 116
4 97
29 67
105 148
13 6
67 137
2 88
110 50
116 100
117 107
140 114
31 56
48 145
26 50
46 6
118 113
8 22
79 97
34 64
31 120
76 51
118 94
73 116
36 59
112 82
145 21
17 51
120 66
24 86
146 2
11 118
108 72
45 54
29 75
139 54
128 134
27 99
34 123
91 12
56 66
144 119
31 118
141 9
123 62
77 40
87 89
128 38
71 36
127 67
27 21
66 45
19 65
137 106
85 34
146 125
21 10
59 103
91 133
20 66
45 130
140 95
28 35
115 56
47 59
19 98
37 53
5 68
73 91
53 30
3 16
73 109
135 112
0 11
112 116
76 91
144 25
90 55
113 124
119 53
135 91
35 65
129 79
148 11
102 135
13 83
110 104
101 115
27 23
131 75
57 98
89 131
107 21
81 113
60 20
25 124
56 10
69 117
111 7
75 41
35 79
10 14
89 47
42 132
42 0
96 106
121 99
53 43
131 49
105 143
120 53
44 51
130 40
93 90
24 51
79 9
55 68
44 45
50 6
71 50
15 46
26 91
109 145
15 16
54 59
28 149
27 127
22 110
69 70
124 108
89 66
149 108
110 7
18 43
38 121
90 109
60 71
2 149
117 90
24 42
106 56
89 120
148 46
72 68
142 2
76 95
149 41
3 73
64 92
17 96
46 135
36 39
13 2
135 102
137 131
42 47
16 12
149 31
29 35
144 114
42 125
110 125
115 120
135 89
77 71
68 129
137 93
7 2
33 37
148 27
68 73
97 47
0 37
30 121
133 134
65 145
37 76
14 131
20 146
110 133
17 26
89 61
93 103
46 106
63 10
93 124
58 51
143 73
43 81
46 48
25 127
122 25
90 120
141 72
50 114
48 16
64 55
37 126
66 85
19 136
97 134
112 90
117 130
17 104
87 24
99 83
1 129
85 86
114 92
129 8
32 22
102 81
137 25
119 22
69 30
8 29
133 66
140 64
57 142
40 66
26 115
123 122
88 119
79 37
4 143
125 103
17 74
138 22
70 117
95 36
84 141
98 47
122 118
11 142
78 144
96 77
83 142
4 35
132 49
149 85
137 10
24 2
61 24
80 119
2 94
143 91
77 46
130 69
79 9
45 95
27 42
82 87
123 95
133 10
103 104
139 88
96 148
70 58
36 64
55 40
8 29
143 32
71 79
85 33
83 113
51 32
54 96
96 14
57 77
132 108
67 24
48 79
83 75
110 0
143 70
78 140
38 3
137 23
17 28
48 132
26 15
49 80
123 149
12 121
62 46
85 97
16 33
91 48
78 109
110 107
101 140
66 96
108 25
132 16
131 50
119 97
130 54
54 145
90 30
79 79
118 126
26 108
132 138
130 81
23 11
7 11
63 145
76 90
63 141
148 25
107 87
103 108
137 4
40 92
144 136
9 42
48 35
24 6
68 121
64 94
99 61
114 110
125 12
125 117
138 2
27 75
58 142
10 61
32 33
119 43
83 21
139 11
93 100
129 76
149 48
148 106
104 96
66 118
66 90
135 4
69 72
56 130
149 119
87 77
30 27
59 32
7 42
118 15
97 15
20 39
53 44
37 91
134 23
66 27
65 89
9 28
131 4
23 139
100 97
65 131
48 90
0 106
78 0
145 85
58 44
8 110
10 149
4 100
88 75
93 121
56 126
84 46
90 13
14 82
119 60
106 19
121 52
91 11
27 44
88 60
104 12
19 49
44 123
89 10
35 113
40 19
129 128
118 0
45 27
30 132
66 149
33 115
88 134
101 137
122 95
15 109
133 135
143 60
38 7
141 145
13 62
28 6
99 66
52 98
64 88
39 17
31 49
0 47
48 48
72 88
21 7
108 8
30 84
70 115
44 29
19 109
49 91
30 43
43 111
87 106
54 38
106 77
115 83
2 44
97 104
114 93
62 102
114 136
29 2
56 75
103 8
63 71
78 118
80 148
108 81
8 99
73 139
52 33
144 91
125 149
138 47
66 54
93 73
3 23
73 62
86 21
89 34
31 26
37 31
142 106
20 57
96 47
56 37
7 138
8 12
62 108
99 2
6 58
78 129
132 148
0 106
42 115
129 64
35 61
44 98
21 86
107 92
67 106
8 42
145 47
69 11
116 60
15 106
92 120
27 129
66 67
149 96
104 142
61 28
40 72
106 26
112 148
72 138
75 110
9 112
42 27
66 73
33 94
103 6
35 109
138 37
104 5
39 35
72 143
24 77
149 31
45 80
82 55
95 22
22 72
6 121
36 52
106 119
96 36
114 21
139 35
135 18
35 148
21 1
58 22
62 140
140 97
113 123
70 137
140 108
31 105
92 31
37 123
81 26
57 102
73 61
74 24
59 78
134 132
64 147
101 61
146 122
40 23
64 5
127 122
144 43
71 28
72 1
123 1
49 139
117 67
53 99
104 61
101 99
121 78
104 27
67 68
85 83
147 88
128 81
102 23
124 148
127 103
1 147
47 40
67 104
67 12
54 68
22 127
49 33
66 29
84 88
140 69
130 113
93 68
61 117
137 5
136 96
28 18
132 1
52 5
74 5
36 95
66 41
74 134
139 123
62 88
67 101
31 0
7 129
129 132
2 127
4 138
66 46
112 95
99 5
82 58
0 95
33 97
46 112
63 44
133 140
81 44
72 50
122 61
92 14
9 80
134 106
12 85
9 106
87 98
13 55
12 57
140 21
133 142
80 113
42 73
128 65
13 47
43 106
19 111
64 81
56 103
90 35
5 116
110 47
85 64
58 110
119 93
63 129
48 1
7 100
88 41
33 12
112 12
2 86
103 73
86 126
17 127
137 125
87 10
67 130
50 58
120 131
54 60
69 123
100 16
95 62
98 99
145 88
134 132
73 18
68 4
128 101
92 13
0 142
117 96
38 145
8 24
103 62
13 45
86 53
98 100
131 147
104 37
100 45
107 42
26 44
101 87
33 124
90 98
87 98
26 0
88 83
124 111
125 1
85 37
76 111
75 24
8 140
68 43
44 98
65 81
41 54
81 122
56 55
109 121
47 2
9 129
38 58
82 53
69 45
5 69
33 20
27 99
52 30
125 40
66 88
73 79
147 74
31 141
76 40
125 144
49 91
60 26
37 104
6 55
41 132
108 90
38 8
20 142
124 143
78 61
106 72
79 69
6 62
95 92
39 101
101 74
76 101
37 71
104 39
79 32
134 93
97 144
113 98
123 88
125 50
69 117
18 78
79 20
123 43
11 56
104 119
147 23
98 80
4 80
61 71
23 121
64 113
20 34
7 104
58 144
90 90
127 2
105 136
23 84
57 84
50 140
132 58
25 134
46 135
63 115
113 1
73 112
21 50
23 35
92 28
105 79
70 55
109 46
48 136
141 126
88 133
6 134
128 147
22 30
8 73
57 94
44 43
90 115
45 65
52 126
134 130
118 7
92 88
3 10
35 82
71 108
133 145
145 70
10 108
21 78
27 34
25 9
119 138
4 71
10 73
20 91
21 17
104 42
2 65
148 83
21 59
59 11
20 117
26 17
129 4
88 16
83 125
143 28
49 6
46 136
78 14
101 148
122 117
118 26
22 19
41 4
146 26
144 149
134 23
23 40
25 137
75 113
121 35
100 63
44 89
59 26
41 134
74 119
122 145
79 74
116 48
104 29
106 93
114 39
21 44
144 49
52 10
131 141
97 108
85 135
85 99
131 87
22 88
70 62
124 115
34 16
23 138
52 19
26 124
48 120
92 54
59 127
135 3
118 57
134 81
5 127
141 43
106 0
72 118
75 62
113 10
48 104
138 8
94 10
19 77
16 56
86 98
109 68
75 110
64 25
69 48
8 126
6 71
0 62
149 31
104 100
143 64
91 124
99 46
22 111
112 67
100 142
49 22
31 28
68 61
26 94
97 87
61 75
93 56
44 118
68 104
30 39
107 115
63 146
19 119
108 14
7 55
40 144
16 149
57 132
53 107
30 122
91 135
138 113
107 91
134 145
15 135
27 12
46 12
62 92
142 67
136 74
142 58
102 78
94 95
44 21
124 0
24 56
49 66
72 16
67 84
15 79
37 108
113 24
141 99
129 22
122 133
9 127
45 126
137 111
108 84
91 43
119 147
130 86
88 79
60 29
129 42
47 19
73 117
0 97
40 61
10 145
0 60
134 70
119 11
33 106
1 121
18 123
38 25
6 100
113 27
127 45
47 98
6 0
96 90
63 133
8 11
140 49
68 51
49 46
93 123
94 36
77 9
92 105
52 68
114 134
6 18
117 80
35 120
49 7
75 96
54 72
67 31
72 135
32 16
53 101
123 79
139 20
81 112
37 84
101 102
123 49
149 133
141 58
130 58
95 122
67 114
128 46
149 39
100 4
7 79
135 34
3 100
3 27
57 130
126 106
16 35
110 32
121 46
101 128
100 33
23 26
12 25
49 15
23 58
102 31
127 85
115 66
72 143
31 10
24 108
109 112
142 24
19 61
114 16
59 149
114 81
51 29
146 60
73 31
80 101
32 98
140 105
5 66
82 31
128 54
138 147
64 22
85 89
13 25
93 144
110 136
34 46
99 131
2 20
58 42
90 52
93 103
142 129
99 36
86 139
0 18
60 129
7 14
84 105
136 148
66 53
144 50
123 117
0 109
107 129
129 70
103 122
27 62
9 45
10 90
42 89
28 119
127 95
85 89
99 37
75 89
55 79
116 126
143 18
117 110
79 148
129 126
143 20
58 113
31 39
126 112
49 49
149 144
51 1
75 109
31 101
118 0
68 67
21 132
82 53
139 86
128 50
37 87
4 47
37 145
75 8
104 23
32 80
131 10
42 106
24 53
44 30
55 100
140 121
2 74
80 85
66 77
137 75
27 31
148 102
118 44
58 22
75 38
106 129
136 59
110 141
120 125
21 66
1 100
132 131
148 124
105 97
12 15
73 30
117 39
32 144
60 36
124 0
132 27
88 88
57 139
3 18
50 24
143 16
98 135
82 15
91 40
135 59
31 42
69 124
107 135
99 147
66 131
131 121
127 61
141 144
45 71
106 81
90 48
18 0
70 7
81 46
97 9
127 99
136 92
124 85
101 55
105 67
115 113
119 148
69 72
107 104
131 18
20 11
129 132
141 12
105 50
121 47
13 64
125 74
141 138
27 70
51 111
43 94
96 23
69 22
59 1
19 64
12 57
96 33
50 107
29 149
21 29
16 144
125 104
121 19
88 43
110 22
115 76
39 42
136 65
10 145
105 101
124 112
123 130
109 111
140 85
24 87
65 85
126 19
90 121
69 72
79 51
90 114
97 39
43 6
1 117
133 24
32 133
59 148
119 3
124 58
146 76
125 61
18 78
142 120
32 142
85 128
122 40
69 28
3 117
5 26
29 135
25 39
83 118
72 21
106 77
127 94
41 126
2 5
35 73
129 56
21 32
128 29
63 17
82 42
0 19
69 76
3 16
46 96
120 67
47 103
66 129
24 93
56 69
145 27
21 14
0 23
90 8
140 84
10 123
10 16
34 42
14 9
93 1
76 51
47 47
54 106
81 6
88 91
64 61
64 132
138 68
142 1
19 58
118 6
9 58
131 45
72 126
131 41
59 31
52 123
3 19
136 79
24 60
9 53
73 92
18 28
23 102
121 35
122 39
49 23
24 66
80 72
32 32
141 105
34 24
23 139
105 90
40 62
103 24
97 3
65 52
91 39
124 10
56 66
30 36
96 127
104 91
34 149
38 31
144 86
107 0
143 35
112 83
136 41
134 138
68 11
85 146
101 137
148 131
73 134
148 124
21 84
23 8
112 63
32 121
86 146
120 120
9 104
18 0
18 81
66 64
84 64
108 25
90 51
101 75
25 57
121 149
121 117
80 109
76 116
20 144
21 131
26 37
109 78
87 41
117 23
109 8
49 126
113 61
7 90
133 67
47 78
119 97
17 102
119 79
30 51
69 145
89 74
132 32
34 82
8 28
32 42
49 134
9 82
108 74
76 35
127 108
123 33
93 130
67 60
87 143
65 28
12 142
114 23
93 103
58 86
99 45
136 115
29 3
140 57
63 100
91 110
105 107
64 32
100 17
14 137
125 19
24 88
99 93
79 75
131 68
21 148
25 61
116 93
50 28
66 129
148 149
82 39
120 130
48 110
98 101
133 87
73 58
59 57
47 35
110 110
28 99
130 56
121 67
88 46
108 123
103 125
12 126
141 87
1 36
119 108
87 18
129 132
40 38
116 45
32 120
59 129
56 12
82 128
113 38
125 58
82 99
5 60
20 102
72 50
6 40
17 64
49 132
28 73
114 88
129 140
42 99
0 98
90 105
89 110
141 3
21 2
122 113
104 121
35 128
99 109
32 76
26 100
74 38
96 30
144 64
93 134
13 22
141 115
94 39
109 98
99 93
82 4
147 12
0 114
146 36
21 16
83 19
142 2
122 77
47 132
9 107
100 30
107 24
129 96
24 62
15 80
7 64
136 3
97 73
104 57
96 37
130 34
19 15
82 121
117 86
41 44
47 55
131 80
23 137
92 144
40 76
129 128
5 7
54 117
128 83
30 11
79 101
35 99
37 1
43 82
115 109
41 112
122 53
106 37
126 101
118 66
12 66
142 145
111 112
89 45
145 120
137 72
110 9
22 13
33 131
83 14
124 149
94 128
7 18
77 31
0 132
4 76
96 86
95 66
13 119
111 30
16 20
66 63
95 147
130 137
118 62
34 121
97 7
34 8
15 92
58 90
124 50
84 128
95 68
10 14
21 135
96 39
84 83
30 29
11 56
3 91
78 19
145 149
142 147
36 100
116 14
114 64
112 97
13 136
9 125
62 148
120 135
144 67
111 119
63 88
12 74
132 84
96 8
12 91
30 85
65 99
23 59
120 30
79 86
92 90
28 56
52 106
24 115
99 17
55 147
47 34
93 96
111 73
70 64
24 28
118 118
105 37
32 74
146 11
101 70
9 121
55 57
21 50
69 26
108 45
138 90
133 120
91 35
113 40
131 91
35 57
23 86
109 26
19 38
149 46
127 19
14 68
104 82
110 106
134 113
32 43
76 138
91 109
120 47
61 134
28 48
4 39
90 43
109 43
145 127
46 24
57 4
51 99
37 82
138 109
12 132
117 88
34 77
84 85
52 51
97 65
94 104
97 148
86 30
45 36
13 48
45 107
47 48
81 98
126 12
95 23
90 101
147 48
21 36
146 129
99 60
129 70
17 137
9 19
64 120
140 25
67 10
142 103
114 57
31 87
78 0
126 1
9 146
121 71
61 116
101 62
8 145
116 82
22 112
1 84
118 20
21 29
27 50
89 83
60 93
80 45
11 51
127 77
93 69
3 4
0 23
50 9
122 25
101 111
122 50
123 131
16 113
9 107
14 135
43 14
71 32
112 70
55 87
81 126
29 120
6 46
19 12
71 5
46 84
128 120
77 88
61 12
62 3
137 13
134 18
2 88
111 93
67 33
129 101
37 128
7 32
73 10
78 91
42 45
136 127
11 38
125 35
28 68
32 146
138 21
94 57
148 7
147 64
120 16
39 90
65 39
41 18
70 7
14 103
68 64
8 94
73 18
41 115
99 87
77 65
135 53
70 71
68 142
14 82
94 45
90 26
9 131
72 35
82 34
44 33
0 82
32 13
143 100
81 70
59 73
36 100
137 42
140 11
43 54
122 136
38 42
42 100
50 125
75 110
143 137
86 82
77 40
120 49
77 68
7 101
22 27
118 114
118 114
102 104
134 26
108 149
119 80
125 116
52 84
67 126
52 85
14 68
117 119
93 17
20 21
67 40
65 54
134 115
104 139
147 71
9 121
149 142
116 139
117 68
123 144
121 1
43 113
61 108
97 97
37 26
2 7
58 29
86 70
29 107
20 40
19 42
75 21
5 27
131 21
110 128
65 100
61 7
12 91
82 107
105 38
34 112
138 135
11 110
18 94
89 122
95 122
131 49
36 88
14 44
148 95
90 74
11 32
38 126
111 141
120 129
64 38
28 4
5 0
107 145
136 122
6 88
128 129
93 143
94 147
50 72
25 45
15 136
118 35
11 40
130 135
16 61
64 63
102 83
143 32
11 51
131 56
51 27
22 100
132 75
60 9
25 18
16 75
41 135
61 68
72 89
11 144
5 87
100 23
89 28
61 108
106 4
18 57
69 70
15 5
80 125
56 116
40 17
9 17
101 98
100 19
60 8
8 109
6 17
26 120
59 93
115 57
82 113
46 27
63 129
29 92
9 32
133 32
16 61
119 45
102 53
36 94
64 63
105 141
66 93
9 139
49 25
70 31
90 60
138 41
63 21
121 128
137 119
31 5
47 37
120 18
98 140
11 45
36 31
129 143
11 9
56 40
75 97
145 21
82 43
120 31
83 41
78 58
114 120
107 14
40 119
130 57
49 146
115 47
123 92
114 70
44 138
47 71
110 36
113 27
63 70
75 43
93 9
85 40
82 114
6 85
75 92
76 135
101 105
4 133
134 129
72 78
120 139
17 139
114 134
57 135
36 10
129 15
86 8
71 147
14 61
118 44
75 26
121 120
83 108
68 15
144 13
115 77
117 118
140 44
8 21
82 46
123 103
116 25
58 148
72 99
77 52
145 16
107 91
146 14
118 129
89 98
39 47
88 61
107 144
47 34
76 139
124 21
122 140
148 70
143 112
44 124
51 77
125 90
21 26
63 117
22 144
86 34
129 43
87 91
133 106
0 55
110 103
126 19
118 102
75 120
32 127
44 21
119 115
95 101
71 80
136 10
103 22
17 107
30 60
10 43
90 22
93 100
142 0
23 63
44 34
61 43
108 43
91 63
118 74
78 8
26 70
24 23
121 104
145 115
47 48
47 41
121 97
111 99
145 117
51 128
107 87
81 19
87 98
96 38
109 134
89 69
95 117
57 22
45 66
0 11
47 98
55 81
21 142
118 58
23 9
48 77
73 8
83 42
11 31
3 109
113 144
7 63
53 82
2 137
47 125
73 65
87 83
89 38
65 31
82 54
128 16
61 149
23 10
40 21
149 32
116 20
41 39
10 120
47 53
115 109
63 31
0 135
50 39
30 124
92 4
74 46
147 70
145 2
44 63
106 100
95 76
91 81
105 93
48 47
29 90
81 0
104 148
124 132
31 14
1 84
132 44
1 138
29 9
22 148
149 97
41 132
108 139
117 31
62 134
105 81
38 55
145 90
33 0
68 141
47 91
21 83
12 134
109 95
77 44
89 145
91 123
140 22
125 147
136 29
91 140
116 147
92 16
52 102
16 79
6 119
10 114
50 80
8 40
54 2
80 53
57 51
113 26
106 143
0 87
127 85
142 106
28 49
58 109
119 66
24 38
29 8
116 39
121 127
124 142
130 32
92 44
119 1
97 107
39 137
14 131
63 58
124 93
47 79
63 42
80 72
127 47
27 14
110 92
24 121
81 59
102 147
91 123
100 91
76 14
63 114
122 36
25 98
47 28
65 111
93 117
54 70
74 62
138 38
90 98
36 0
115 72
149 145
96 63
91 48
64 112
54 118
107 101
91 133
13 138
1 100
136 90
88 102
69 40
147 72
42 88
99 45
49 46
112 26
134 142
110 35
127 137
87 98
90 105
14 134
0 65
101 104
83 73
122 118
55 109
132 135
137 65
108 106
88 76
119 105
124 31
144 126
11 10
102 23
60 121
1 31
109 59
43 61
39 113
26 78
96 130
66 84
8 91
48 97
90 32
130 144
1 81
2 76
90 90
47 95
86 86
57 93
130 76
4 52
105 11
123 107
31 70
137 123
9 63
91 140
15 148
40 133
119 12
88 54
53 41
109 85
35 13
119 93
8 62
111 15
73 7
40 17
127 53
41 44
63 61
42 53
13 103
7 113
15 4
133 23
8 21
144 139
9 2
107 102
63 141
123 106
32 16
117 89
54 142
17 103
116 148
87 35
105 39
57 30
115 124
76 123
69 148
55 110
108 24
104 67
105 146
2 141
111 96
142 56
105 144
65 8
7 91
120 7
125 107
60 97
106 88
96 58
47 98
43 143
146 38
8 24
34 36
95 38
0 121
53 3
25 71
73 41
53 30
126 116
75 47
75 110
76 66
121 26
125 59
121 137
93 43
145 112
58 98
142 109
114 69
117 72
118 26
3 70
68 59
30 124
124 28
67 82
4 106
45 39
91 149
126 43
43 41
30 60
131 25
107 3
61 81
38 113
86 138
131 12
40 52
70 92
58 102
50 64
72 73
5 141
6 60
19 116
142 77
148 11
96 125
58 27
66 89
27 89
18 1
97 101
123 4
54 79
33 111
98 64
52 119
125 4
85 141
77 59
125 107
63 107
77 104
124 15
24 141
111 62
78 101
138 55
89 116
141 111
93 116
59 113
57 68
50 68
143 106
12 28
16 22
123 52
61 18
145 134
125 83
57 70
18 144
86 48
15 9
70 103
69 55
122 88
111 149
46 36
109 139
84 74
126 30
92 140
34 91
149 121
30 115
22 118
129 96
2 73
24 12
116 52
9 93
22 64
120 10
38 35
136 22
59 95
27 53
134 122
0 21
72 18
33 51
69 21
34 46
100 110
2 45
76 112
122 103
50 127
28 83
99 145
29 44
93 80
35 143
20 104
106 143
14 26
144 106
27 99
45 38
60 118
76 32
10 58
53 91
30 26
127 43
45 68
131 48
64 92
16 135
36 62
61 149
96 11
109 101
94 57
29 118
109 115
108 23
128 139
4 44
134 145
105 115
43 75
8 49
38 127
109 117
21 61
49 57
51 78
40 42
129 114
67 93
2 143
138 29
10 62
39 17
61 35
32 93
11 19
129 30
91 5
18 124
80 21
97 45
132 92
53 121
22 34
16 90
35 104
92 130
116 47
132 47
47 72
73 117
61 115
48 76
142 1
74 48
49 144
13 146
117 110
61 120
146 123
111 31
33 84
78 20
27 44
26 54
65 16
125 119
132 86
142 90
14 104
145 143
56 119
3 129
143 45
112 140
121 86
143 104
3 46
32 91
47 9
55 53
37 138
29 146
6 103
30 52
77 115
81 62
106 78
3 29
22 57
58 106
124 91
141 27
82 102
17 143
5 142
126 140
73 106
29 1
56 97
42 40
133 137
122 8
143 106
62 24
86 98
94 57
122 13
46 0
73 61
138 138
79 103
28 29
34 90
62 48
64 46
83 50
91 147
133 79
69 145
105 28
38 63
13 106
107 122
59 103
57 71
133 149
38 22
55 105
149 114
16 92
21 129
39 114
79 129
80 114
100 131
96 38
54 15
85 23
49 129
87 126
26 75
22 83
43 107
2 12
129 87
33 17
32 67
44 25
4 54
57 45
70 102
20 72
122 143
39 70
85 20
15 74
37 129
45 131
3 43
46 132
24 112
128 50
104 40
46 44
106 9
52 80
114 100
141 65
13 90
100 13
132 123
142 81
38 12
143 49
147 105
35 87
132 15
129 131
66 47
40 149
102 34
146 55
68 149
60 103
87 104
0 32
106 0
134 56
143 81
88 87
74 67
4 95
109 37
100 78
76 63
46 38
130 108
52 96
38 114
82 114
19 44
61 54
52 50
105 105
39 20
97 42
78 93
15 33
149 35
94 113
124 52
52 58
138 11
54 74
20 141
108 137
30 82
113 55
118 55
103 127
80 36
100 125
149 23
79 43
70 113
105 29
95 19
130 57
144 67
28 9
90 91
54 1
15 54
106 59
80 120
56 2
46 124
78 109
98 119
64 68
30 86
89 136
22 115
119 49
5 90
124 4
67 42
77 82
78 110
8 91
134 118
80 21
149 46
101 81
51 2
10 63
110 126
64 65
1 107
37 46
47 84
130 106
51 123
6 109
72 122
99 138
39 0
120 139
1 101
146 83
76 56
43 98
80 14
114 8
70 77
96 10
115 53
148 96
140 1
77 31
87 113
127 70
24 46
1 16
52 58
140 104
84 142
137 120
89 6
122 119
55 7
63 69
64 50
74 94
131 106
76 146
147 127
43 33
1 2
91 94
147 143
30 8
144 53
2 52
80 91
114 58
134 148
84 137
137 127
137 116
115 126
98 127
69 87
66 101
38 81
132 61
47 54
22 90
42 55
106 35
2 120
125 62
28 41
149 42
24 145
105 107
36 33
96 110
144 55
106 122
88 125
113 5
64 115
80 144
17 51
89 42
51 130
10 117
32 136
63 109
1 115
71 80
127 106
104 25
142 89
114 144
20 5
100 147
6 122
84 131
137 40
71 100
56 24
91 62
76 13
26 63
66 34
144 13
22 114
96 106
78 84
7 130
13 58
111 109
100 112
94 71
44 97
130 47
4 125
85 127
22 117
61 99
30 69
18 147
16 28
96 89
81 67
50 92
42 55
87 35
52 108
136 69
136 96
100 28
116 2
122 61
114 73
114 45
124 0
6 16
41 67
135 40
1 89
80 0
36 146
57 10
15 82
145 16
27 139
117 81
141 54
15 59
31 115
0 88
129 91
1 37
72 3
21 79
87 8
87 144
95 127
140 130
141 28
134 58
142 98
106 112
126 60
78 23
69 23
46 84
68 0
143 133
76 41
35 74
82 5
145 18
104 17
11 12
96 17
62 79
44 46
137 139
102 28
5 2
46 105
3 121
45 19
54 43
132 54
33 64
58 71
10 105
147 108
57 122
3 79
72 54
72 129
0 92
76 96
9 20
31 1
17 124
127 6
21 53
36 137
83 63
16 62
110 96
62 19
108 12
127 149
27 42
92 89
113 26
104 30
83 94
142 14
106 45
23 56
56 9
23 17
121 94
49 137
36 80
41 43
49 67
122 95
45 118
38 22
76 61
42 118
148 117
86 146
89 42
72 135
122 8
142 110
48 20
132 134
137 26
87 89
105 16
113 28
105 87
119 13
42 69
127 132
2 111
112 82
128 126
20 147
2 116
118 118
145 18
148 103
84 91
90 95
20 133
129 15
53 124
45 86
80 54
75 79
45 54
93 26
108 82
52 8
126 92
9 7
31 53
86 43
44 13
81 67
109 26
30 40
134 33
36 142
149 137
70 131
1 81
136 31
118 21
40 91
128 125
25 19
58 13
47 129
105 36
149 14
121 121
20 130
117 68
89 18
85 40
134 142
95 65
118 42
118 83
79 149
87 140
18 79
25 131
86 51
103 72
39 114
67 125
64 81
51 57
58 5
126 85
83 29
101 108
98 15
21 120
3 42
49 87
63 133
15 116
122 12
49 77
63 139
112 122
39 136
83 57
140 73
42 4
88 97
148 148
19 18
40 68
54 83
10 26
35 55
127 41
49 127
133 11
28 93
138 86
3 24
20 97
53 75
35 110
84 6
26 37
131 47
102 45
65 86
43 48
81 27
147 47
40 50
145 2
93 129
75 60
42 91
131 60
142 51
134 119
21 118
3 132
82 14
132 60
112 120
10 135
87 134
92 141
138 72
33 141
82 64
124 29
34 31
139 145
88 38
25 27
1 99
132 132
27 82
28 107
138 40
86 139
118 124
26 128
5 46
137 13
135 18
92 28
42 67
143 103
76 92
97 93
88 48
64 139
83 45
40 124
32 35
8 40
66 87
68 106
64 65
38 51
120 133
14 133
94 74
77 92
105 0
48 132
88 14
108 133
133 64
123 31
75 42
110 146
24 4
131 36
76 96
83 96
30 96
108 37
7 42
76 84
9 83
94 55
50 60
106 121
106 115
14 100
48 32
117 64
124 100
6 103
91 99
60 134
138 88
24 33
72 45
96 17
87 53
133 105
149 113
145 142
29 90
48 4
19 140
90 113
135 61
144 14
66 126
145 32
41 44
99 1
72 148
48 57
144 148
2 87
2 37
6 6
127 94
30 129
46 79
56 138
56 18
20 87
93 145
137 69
137 24
132 105
40 3
21 80
86 22
138 55
11 36
52 143
73 33
104 92
109 119
7 67
87 107
136 65
14 70
53 117
72 80
11 137
105 89
54 81
132 119
53 69
137 55
78 5
76 73
116 0
99 99
116 10
143 20
87 98
122 29
88 5
58 139
0 98
92 94
144 46
54 88
29 54
127 24
103 127
102 57
69 91
12 121
142 5
88 52
118 111
116 16
55 43
126 149
24 112
116 120
104 128
117 142
114 121
61 40
68 119
130 32
112 84
29 91
21 69
56 132
124 13
138 63
101 44
32 40
97 137
95 69
84 103
4 57
105 51
10 135
141 29
52 118
105 137
146 40
40 40
121 92
33 147
27 25
106 56
48 88
73 116
71 118
52 96
10 116
71 119
55 60
21 105
43 122
72 138
40 12
125 98
42 97
66 136
104 21
11 11
91 120
87 87
83 17
42 127
102 78
3 18
104 88
109 143
49 66
118 107
6 72
134 124
91 3
26 138
137 55
134 62
68 25
90 114
147 37
54 110
48 68
146 27
97 43
26 89
92 114
30 147
149 33
79 147
36 110
64 23
83 37
0 7
75 45
145 122
9 71
76 60
97 55
29 74
78 4
78 137
46 106
76 85
3 85
19 32
22 110
11 23
101 3
79 46
67 11
11 108
64 98
21 122
132 93
92 120
109 71
149 58
34 30
145 81
4 91
38 31
146 10
28 111
71 103
24 82
141 16
144 65
37 56
131 48
116 32
8 119
57 26
133 135
142 52
3 6
44 17
39 117
52 84
30 44
18 37
36 105
50 98
123 97
1 27
21 113
94 56
121 105
107 77
11 106
66 131
5 31
14 76
7 140
36 148
0 11
12 111
80 72
56 3
74 88
123 12
22 91
113 143
64 16
74 14
138 148
49 122
101 62
12 59
51 29
147 6
143 122
116 100
141 82
40 30
129 132
1 123
27 46
78 32
29 76
137 126
38 127
0 16
63 73
80 51
12 5
26 85
109 80
65 2
14 23
118 32
3 102
133 144
46 37
123 137
92 139
147 91
71 37
62 95
134 41
115 114
140 117
49 5
53 45
106 139
17 58
46 76
120 18
82 76
26 136
100 71
21 17
9 120
103 103
139 124
79 79
61 23
91 65
32 27
77 140
127 35
77 121
50 79
60 50
142 1
54 51
84 75
60 0
83 102
86 144
124 2
104 147
130 103
101 57
83 15
66 120
89 55
18 91
41 134
27 24
56 130
124 65
47 4
125 5
127 104
23 83
39 89
102 144
1 25
139 142
128 98
58 47
132 96
55 2
9 28
22 86
3 4
71 95
62 66
134 6
42 105
144 55
95 38
105 104
41 92
109 126
78 43
18 47
58 126
132 26
3 102
35 88
33 56
17 84
59 71
17 84
149 135
59 121
27 28
113 30
115 110
26 28
3 94
78 103
27 139
41 147
30 110
103 74
68 6
32 86
121 113
75 44
27 137
12 143
54 7
142 119
89 70
109 69
29 133
95 129
107 136
64 22
119 42
64 53
2 13
91 90
38 105
110 43
17 89
133 3
82 59
54 30
56 139
131 56
121 124
92 53
126 53
109 116
25 0
79 96
120 37
106 50
75 107
10 127
74 34
21 15
34 96
122 73
35 131
132 111
75 116
142 21
127 86
30 61
92 81
28 60
125 125
95 47
8 81
40 34
14 7
111 99
73 131
144 7
117 132
144 115
118 127
122 57
52 136
48 120
79 27
3 129
115 16
134 108
87 42
73 29
128 49
125 3
97 126
3 75
136 24
25 55
43 108
33 128
134 1
148 12
99 12
111 47
135 141
82 66
53 146
42 89
125 122
127 58
115 120
118 30
22 32
102 6
93 26
133 117
15 66
28 2
134 46
73 8
41 64
136 125
56 122
2 11
90 147
126 97
107 15
79 99
11 146
26 18
71 10
88 27
129 20
103 145
6 53
140 36
74 116
60 135
81 60
46 95
36 78
17 60
62 6
144 132
28 76
89 75
114 25
85 83
127 143
137 58
145 76
8 44
68 36
132 5
98 36
47 97
17 116
76 117
113 48
120 42
23 74
108 126
55 135
129 29
146 33
3 48
114 91
135 94
63 35
49 139
100 76
54 44
138 146
126 8
20 35
48 98
75 76
11 118
126 104
126 24
129 0
32 30
79 97
44 82
92 14
55 9
14 70
137 127
98 118
107 135
129 130
122 70
53 75
43 43
120 75
93 11
120 114
89 51
139 38
26 63
61 113
123 138
126 147
59 113
80 13
77 6
35 32
50 132
2 70
8 36
77 65
6 25
80 119
94 35
131 35
23 98
59 70
46 38
95 133
37 111
132 117
148 51
82 27
17 133
102 37
120 45
76 144
14 111
118 101
75 37
34 7
34 33
92 76
121 98
101 61
62 128
79 33
13 33
34 95
43 107
62 106
98 77
135 97
117 22
138 38
124 29
140 141
7 22
36 136
65 68
94 17
42 127
107 136
116 59
54 79
51 107
130 54
25 112
114 126
142 94
9 105
139 46
86 30
22 65
59 106
18 104
5 114
63 109
23 2
140 129
33 70
137 104
104 36
149 8
135 74
29 23
40 50
127 90
29 120
99 64
110 120
118 118
100 30
12 80
39 34
49 145
95 104
118 115
139 38
101 63
88 138
4 92
136 31
24 15
0 96
13 101
37 116
39 98
122 119
149 126
78 37
120 96
115 124
109 83
40 11
12 102
3 77
90 124
137 39
24 29
46 52
145 37
50 4
104 0
53 60
90 108
78 123
17 121
28 149
35 145
26 44
147 18
126 117
103 29
12 135
60 32
77 17
127 44
113 108
11 130
102 17
41 59
50 39
135 92
32 93
137 100
13 87
81 83
129 64
31 20
29 114
72 96
116 8
41 71
10 99
126 36
84 10
89 25
39 148
54 148
112 0
93 76
121 56
72 61
136 60
126 92
126 28
112 34
11 67
56 140
86 124
91 78
93 1
31 100
23 7
117 135
49 139
61 87
25 125
44 11
136 125
122 66
94 39
14 53
129 111
49 141
80 35
8 105
39 59
106 47
69 46
69 58
16 10
103 65
57 38
83 146
131 71
85 36
24 49
135 81
89 64
22 94
78 49
130 75
141 99
121 43
29 100
78 110
41 30
110 74
50 14
104 28
52 45
39 19
37 84
60 6
0 126
19 91
80 110
97 126
8 126
29 47
57 23
50 58
97 122
46 36
10 30
36 6
106 127
48 1
144 76
65 10
63 116
145 24
13 9
116 13
112 121
119 103
119 149
145 34
133 117
49 30
54 11
116 98
8 120
127 69
42 51
12 80
81 6
122 3
86 130
126 47
49 80
106 88
50 25
77 102
23 120
78 36
53 130
108 40
37 131
38 31
33 7
39 138
4 38
7 80
138 137
16 135
22 45
135 113
35 97
6 85
34 40
91 40
76 104
93 2
28 39
51 60
23 22
35 41
108 24
63 148
41 149
3 87
77 121
84 13
148 111
121 3
56 101
52 13
35 41
89 82
70 37
109 105
111 114
102 24
101 106
126 40
64 116
40 120
51 121
105 90
141 25
123 144
116 101
31 128
66 146
100 41
67 43
75 61
91 0
104 56
31 148
70 10
33 112
19 115
149 62
55 141
106 3
133 144
28 57
38 13
112 61
118 69
130 8
57 88
77 146
6 141
100 40
33 125
102 61
126 117
83 31
137 101
116 13
90 127
135 64
58 136
71 85
116 118
67 33
26 141
55 70
106 0
111 55
85 74
43 141
16 81
88 19
120 71
81 103
60 140
114 74
56 98
15 10
9 63
66 17
12 56
80 0
87 46
84 73
50 108
53 133
0 69
109 136
115 30
98 100
132 92
45 98
92 101
91 97
9 53
5 116
130 96
110 100
59 143
17 86
56 36
133 99
149 146
54 1
64 2
114 42
125 98
106 83
102 46
106 126
94 62
107 142
85 19
12 24
47 30
115 138
64 68
130 13
45 26
102 64
74 42
125 81
145 136
101 61
126 24
50 6
47 144
98 131
84 35
54 64
8 16
25 96
7 110
84 54
68 50
81 93
118 53
129 149
84 28
29 23
126 78
95 106
40 6
81 12
108 70
120 121
38 105
127 17
43 5
132 81
33 136
63 45
15 49
48 88
2 32
38 144
110 65
66 149
142 34
20 107
85 53
121 3
133 22
119 14
41 134
89 12
121 105
134 70
25 26
82 137
88 137
119 100
79 17
16 69
34 8
112 143
98 147
27 125
41 22
24 82
9 140
13 133
4 2
51 102
50 143
23 68
58 122
119 85
89 131
134 44
107 100
4 97
101 103
133 71
12 30
28 54
144 93
135 136
131 138
55 23
106 79
117 4
68 88
76 147
68 39
86 60
33 18
79 10
16 102
67 82
90 32
55 131
108 16
115 135
13 71
88 142
10 137
32 85
34 132
55 20
39 37
67 15
20 61
32 75
40 72
3 123
75 97
13 102
24 55
46 132
144 140
75 110
59 134
33 112
142 122
148 45
4 98
66 88
118 140
50 140
31 46
111 29
141 19
21 76
136 34
59 43
12 147
78 125
56 57
58 66
137 25
129 9
90 100
123 139
27 76
12 27
131 1
140 145
27 85
12 24
43 142
142 141
45 118
82 79
69 69
127 20
1 137
98 58
87 124
63 146
148 139
48 88
85 39
11 30
67 104
20 49
78 58
83 62
51 54
121 98
79 90
58 97
17 2
56 103
73 29
62 62
10 109
5 117
29 35
141 148
20 120
78 122
140 42
37 74
46 93
103 102
104 85
75 51
101 130
128 113
10 34
75 6
23 90
99 31
55 20
7 55
86 82
26 56
62 79
63 80
105 67
10 92
36 69
32 95
93 141
4 28
134 16
105 110
28 49
96 90
142 101
109 95
119 25
46 1
41 133
90 12
55 64
78 12
15 5
40 73
100 137
33 139
117 145
68 120
148 109
67 91
82 17
81 29
53 136
86 25
78 34
148 116
58 14
54 30
52 23
133 128
38 107
50 92
145 147
129 144
122 16
88 104
1 76
49 25
133 144
112 42
77 135
137 79
32 45
115 36
43 33
2 52
118 70
149 75
46 148
50 107
75 36
132 21
18 149
41 77
122 96
14 123
38 11
99 47
66 18
44 34
143 85
131 145
22 60
27 102
75 124
146 10
13 61
10 94
13 142
63 60
87 27
121 110
62 129
106 22
43 120
81 113
55 99
19 28
65 16
139 24
96 104
93 67
28 80
62 12
68 64
80 66
28 25
140 32
9 71
4 95
89 68
87 40
76 81
107 134
58 124
148 60
107 91
7 94
101 25
89 145
0 120
62 126
41 39
93 127
1 54
38 8
38 39
141 104
70 24
59 32
104 7
116 140
47 19
64 39
19 16
83 104
1 64
86 39
139 99
74 66
126 136
10 44
50 114
143 20
49 139
125 76
65 135
45 101
103 50
99 132
67 54
74 82
143 143
102 91
116 66
131 85
55 106
80 11
136 57
117 74
80 27
81 30
32 107
75 63
118 134
6 139
110 77
7 39
12 1
126 33
11 97
93 140
18 82
122 105
68 77
19 29
44 41
82 36
136 128
17 51
99 20
20 136
10 88
135 122
133 98
76 98
103 42
125 91
18 108
65 66
121 51
44 68
141 99
101 146
105 29
145 67
107 12
122 53
103 121
121 104
108 139
46 133
30 73
84 100
93 0
94 123
148 68
103 142
30 54
99 18
28 70
60 72
94 92
19 64
35 124
29 86
17 11
13 91
144 55
128 122
11 95
81 143
95 47
22 92
2 5
51 118
69 146
71 112
4 102
8 143
111 72
136 104
21 3
49 135
23 132
22 2
90 45
14 37
131 39
86 106
117 77
144 30
129 149
40 115
101 135
14 29
80 54
48 40
123 114
71 75
124 28
60 131
133 84
51 60
60 101
56 25
62 109
143 88
30 19
15 123
21 56
100 58
37 111
129 65
104 23
10 61
67 121
51 129
97 53
20 31
101 0
25 14
114 64
121 112
26 23
49 33
103 78
63 96
114 56
123 90
21 128
4 143
42 2
21 136
81 13
146 120
144 39
118 109
55 44
69 11
121 141
110 23
111 89
70 131
64 65
130 55
91 20
64 28
22 5
73 59
37 22
52 43
84 108
1 131
28 90
89 114
43 67
82 98
44 39
72 52
100 127
97 68
88 60
78 9
70 85
5 49
25 76
56 6
45 19
26 36
30 44
22 89
21 22
107 80
23 56
62 56
120 82
128 138
125 7
80 118
80 118
47 137
10 114
116 149
50 79
124 93
137 39
18 67
98 22
72 60
84 117
53 22
149 27
100 9
73 82
129 94
30 4
25 140
145 53
64 136
15 86
85 47
57 130
59 35
110 43
19 8
125 83
74 142
136 19
26 2
23 11
114 9
80 134
51 109
56 73
71 114
43 127
11 75
142 85
118 115
100 141
101 122
60 48
119 116
141 49
7 136
125 84
26 62
87 35
124 30
25 59
64 82
105 50
35 117
112 55
118 46
69 35
41 141
11 54
3 47
56 90
68 58
4 2
33 28
102 71
84 143
86 63
56 126
73 111
24 29
54 13
87 139
34 91
11 122
146 67
123 2
101 107
141 105
143 12
13 17
136 46
71 112
98 74
40 59
81 139
67 87
142 71
106 71
93 82
104 20
51 42
9 126
100 45
77 53
109 77
86 14
146 73
2 134
10 62
128 61
71 85
111 121
115 102
109 138
52 51
4 19
75 96
140 36
133 74
55 81
45 113
147 24
92 63
77 60
53 34
64 136
36 87
100 98
132 18
50 114
52 71
49 5
38 52
48 36
123 82
122 142
69 121
132 41
66 13
43 115
2 40
20 107
139 45
104 71
82 69
61 21
43 113
130 39
63 13
8 65
54 65
7 131
113 29
68 135
6 68
122 9
138 54
65 56
143 0
123 67
5 145
68 127
1 96
1 117
101 6
83 84
109 31
80 31
85 52
102 38
90 97
26 76
91 69
1 142
2 70
70 14
35 39
50 102
30 2
134 121
88 61
28 104
98 33
8 70
42 83
88 54
79 105
22 126
13 63
87 147
17 15
17 14
97 47
47 112
0 36
48 82
75 128
96 55
118 119
19 94
74 123
50 23
80 144
99 112
88 66
81 106
116 44
8 93
66 93
37 20
83 123
77 96
57 130
107 149
108 112
30 140
72 71
66 10
64 122
108 44
18 47
135 71
25 18
95 53
96 75
53 146
142 133
21 95
146 93
87 77
1 20
88 96
104 132
58 102
80 57
149 78
82 71
72 123
46 47
41 119
31 17
81 108
47 92
65 5
136 23
105 65
69 119
110 7
7 93
29 130
71 67
99 116
36 139
123 141
46 46
105 36
140 46
9 51
104 87
99 80
99 52
119 140
52 145
69 73
94 43
134 31
24 60
114 49
31 145
101 71
70 38
86 44
27 28
142 47
146 147
133 79
140 48
78 147
30 84
69 143
148 113
126 132
128 125
113 4
115 112
122 59
69 35
142 44
65 53
144 64
78 99
117 100
87 140
80 108
73 89
71 113
4 133
103 18
133 20
35 76
144 48
131 77
66 41
23 139
80 112
136 94
82 42
71 104
25 18
126 59
92 142
123 28
46 95
133 138
108 48
144 23
14 147
12 122
43 89
13 49
119 9
95 10
79 36
78 42
22 73
138 80
8 60
50 97
80 32
20 0
23 112
36 64
118 90
79 62
100 135
96 65
57 110
141 58
8 140
102 103
84 28
29 5
65 75
137 13
94 50
115 123
98 49
39 19
27 146
96 15
87 137
15 46
116 116
101 71
68 86
46 126
2 40
98 70
25 147
0 19
14 145
142 129
100 89
122 17
50 86
125 95
141 46
38 115
100 8
77 1
19 143
16 87
23 60
7 81
35 98
145 77
51 116
116 67
90 98
117 52
7 126
97 58
127 19
49 141
112 65
55 72
85 11
115 130
93 94
26 87
52 10
143 125
61 51
102 76
68 92
8 146
58 80
89 73
125 148
112 17
28 76
27 113
11 108
135 143
103 12
37 112
46 13
46 123
115 92
144 26
40 90
144 61
82 45
70 146
121 7
140 101
9 123
108 132
112 9
125 97
29 51
95 147
40 81
123 104
15 32
123 16
81 30
8 146
132 60
123 36
92 65
2 116
135 9
65 5
57 0
123 19
9 18
34 145
93 73
50 117
89 7
111 119
10 19
109 104
85 17
42 129
119 27
33 124
85 18
86 121
139 121
96 80
140 132
10 143
112 25
124 26
68 137
27 117
110 1
22 134
124 25
0 143
126 37
133 79
106 44
66 10
147 81
23 55
111 13
139 108
52 137
74 46
62 95
65 64
57 57
60 97
14 90
144 125
45 139
11 139
111 38
22 134
76 116
98 5
1 77
57 103
146 19
83 63
120 63
5 126
143 60
109 99
81 122
56 17
148 134
93 123
130 80
55 39
16 92
20 113
141 75
4 44
71 137
87 39
83 83
77 105
11 110
64 56
116 54
129 51
97 85
84 109
15 34
52 147
107 47
117 54
18 11
70 132
138 101
99 80
135 19
77 86
61 2
38 36
4 33
8 16
58 106
46 41
47 49
77 87
19 5
52 136
65 108
57 66
104 73
90 17
85 90
134 132
42 66
51 21
72 66
107 85
103 48
114 114
87 13
86 12
149 97
77 63
54 13
4 47
121 76
64 117
32 137
102 30
148 73
22 136
129 24
12 55
106 67
144 31
115 120
45 20
76 71
35 35
17 91
37 15
128 75
102 40
62 24
71 40
142 82
56 11
41 8
137 21
22 28
27 133
145 79
78 68
35 3
72 148
6 51
126 9
103 44
74 115
90 15
62 33
84 84
87 56
148 105
124 35
9 72
92 147
119 20
48 27
131 47
89 135
43 134
69 146
88 59
48 82
18 102
59 85
138 127
73 63
140 65
78 110
93 0
136 39
59 18
8 137
90 77
7 89
3 73
4 79
15 115
144 44
17 68
15 92
19 95
129 127
95 8
122 8
17 33
88 127
128 148
18 76
18 98
95 53
122 55
95 66
114 103
64 116
110 9
129 118
134 5
132 123
77 141
127 124
124 82
95 23
124 11
27 68
39 64
90 139
81 93
139 78
127 14
110 144
80 53
50 63
109 141
128 72
84 99
68 105
100 60
93 26
24 14
102 43
42 92
122 11
0 60
140 4
29 47
86 92
92 30
58 140
135 119
93 18
44 126
13 92
59 24
5 18
119 132
88 130
53 149
107 136
14 113
148 56
138 131
108 5
4 111
141 83
113 140
40 119
123 69
27 49
146 134
100 99
10 1
45 22
83 24
86 68
117 68
7 9
143 81
7 126
86 123
13 130
32 122
61 72
56 76
147 82
111 52
6 120
20 139
40 73
132 83
67 79
51 140
111 11
33 30
138 122
97 9
74 88
107 116
76 26
147 56
141 39
79 51
109 69
22 9
32 18
86 76
31 45
65 70
29 118
119 111
106 49
9 54
14 137
4 35
102 57
116 16
130 105
9 18
100 80
77 91
66 33
85 71
93 37
36 43
125 90
19 138
139 81
73 78
109 48
35 52
9 135
77 26
44 54
1 129
53 127
10 57
59 117
23 103
120 92
116 79
75 66
33 77
126 93
101 21
56 133
96 99
42 50
86 120
66 48
66 45
37 59
68 68
117 68
91 52
13 35
68 37
137 16
81 65
146 47
13 71
30 140
98 97
58 138
143 27
3 99
95 102
55 57
114 133
78 63
91 125
143 24
145 121
46 90
131 110
80 110
141 27
94 19
29 40
32 65
77 28
16 8
49 75
103 84
55 147
14 25
109 72
33 45
57 41
2 48
132 79
86 84
48 89
114 147
106 6
78 143
122 105
46 51
88 70
32 23
148 25
111 70
23 70
130 139
29 76
112 77
24 66
13 105
133 127
52 52
98 131
38 112
97 138
8 35
90 105
144 50
100 134
42 3
139 91
32 58
0 30
83 31
30 68
141 38
81 60
145 19
108 132
22 110
125 60
81 14
93 1
77 43
71 32
147 143
4 100
127 32
124 128
48 66
124 64
54 9
34 8
60 28
87 116
8 140
8 30
108 41
115 99
27 135
122 41
78 107
144 59
66 55
109 71
24 38
45 38
36 31
146 134
81 24
121 120
47 93
122 3
141 46
98 78
83 89
27 18
53 122
86 10
95 53
0 16
62 11
50 86
138 149
66 15
44 62
40 42
31 29
75 146
76 32
31 25
118 93
64 80
69 29
113 45
135 55
64 34
61 12
87 131
74 145
46 56
52 108
60 43
42 37
117 110
94 39
64 142
36 53
111 121
109 101
138 75
96 126
23 56
116 46
32 14
63 77
102 148
110 70
11 45
115 116
27 124
142 98
67 122
75 82
25 123
54 130
15 37
88 105
148 55
74 136
83 25
122 75
52 73
35 29
60 1
48 134
8 45
143 66
70 83
52 91
37 131
144 30
147 15
3 139
83 84
149 124
71 39
51 20
129 58
149 21
29 147
20 78
142 128
93 34
45 97
110 104
67 145
49 54
28 87
109 73
78 63
30 42
127 90
98 23
96 26
76 86
112 21
116 46
2 100
70 9
127 119
128 94
123 140
93 58
30 124
106 53
76 77
41 32
133 73
129 24
80 41
62 43
135 60
96 105
57 147
105 3
100 29
98 31
11 99
73 74
37 20
96 67
20 58
124 97
138 127
40 82
12 90
42 82
24 21
112 13
87 132
114 30
11 125
91 16
17 127
68 119
102 28
57 47
30 134
115 95
13 69
71 131
89 39
145 149
71 115
129 41
89 3
11 116
80 25
24 3
16 89
64 29
99 92
34 97
149 54
20 59
91 38
39 133
86 86
133 132
148 146
34 105
63 122
49 146
10 35
94 27
37 49
104 148
136 47
128 33
52 15
44 30
122 76
7 43
42 34
25 25
110 19
18 1
53 40
69 96
15 50
39 30
89 110
4 38
49 113
56 131
110 95
119 96
81 139
28 136
56 115
31 79
18 78
33 141
51 121
60 6
64 89
36 85
20 44
72 10
148 72
10 144
55 118
126 29
98 108
15 119
133 137
105 121
38 37
99 80
35 97
40 38
140 69
77 27
124 81
129 54
31 13
43 74
106 6
43 107
98 114
7 15
120 48
10 29
87 60
131 39
144 9
72 28
67 130
106 77
42 115
76 127
145 128
14 106
70 49
58 58
148 32
139 66
88 55
100 120
26 41
38 50
6 16
11 113
40 62
53 23
140 27
137 98
60 113
110 114
71 118
62 35
42 48
134 142
71 11
28 3
87 79
62 68
105 53
132 149
90 123
99 147
55 40
76 139
11 75
78 13
44 124
23 147
27 111
108 92
105 75
126 2
144 117
134 48
101 100
74 106
66 107
2 89
131 51
120 54
1 65
27 8
15 43
142 104
9 47
48 16
0 8
52 12
26 59
8 74
37 50
9 38
58 78
15 127
64 42
38 0
23 38
109 92
28 127
118 108
123 127
8 115
39 145
75 96
62 109
137 124
39 3
45 44
46 25
127 65
127 56
15 69
105 139
99 14
49 137
95 59
42 36
19 58
41 28
92 105
111 148
44 141
145 92
95 20
27 122
36 92
57 125
37 51
62 31
54 21
84 41
121 32
141 16
12 64
96 56
137 58
125 3
19 149
83 27
122 89
7 134
10 36
55 100
0 76
19 126
97 92
143 10
131 132
42 62
9 18
41 141
118 139
37 99
117 45
133 35
44 87
142 82
97 93
1 18
118 83
82 115
115 96
82 50
12 70
7 83
61 63
121 53
148 18
7 36
12 81
49 112
79 142
82 143
16 135
9 73
29 1
127 20
144 19
93 62
45 25
124 84
86 66
39 148
54 58
87 115
114 3
148 32
23 134
116 53
114 53
88 30
123 50
132 4
54 26
124 44
44 121
112 137
99 24
106 3
64 15
100 52
80 50
134 13
48 104
140 35
136 57
62 132
88 43
107 145
146 36
22 137
36 111
80 102
133 10
14 44
132 124
37 67
46 72
132 73
8 76
120 58
125 68
99 114
61 145
77 141
95 15
129 7
98 70
57 49
86 91
141 35
144 85
106 58
32 112
66 27
144 43
88 86
140 92
15 57
79 18
2 18
125 59
74 97
91 101
136 73
93 34
142 127
103 3
67 57
107 144
100 115
43 36
85 119
33 55
41 103
58 66
45 15
86 63
38 74
95 92
5 85
67 3
77 112
34 127
95 50
36 132
31 53
1 104
95 94
98 122
90 144
35 116
45 143
83 13
139 21
131 115
5 67
116 36
21 93
68 92
24 62
72 112
71 116
88 50
143 149
79 21
95 22
34 30
138 143
16 21
112 117
125 62
47 2
21 33
104 22
48 110
32 29
41 25
126 76
71 148
42 65
10 29
111 62
128 120
70 113
17 96
73 51
128 143
9 11
125 15
140 29
63 59
131 87
5 28
23 55
70 38
42 129
109 54
95 100
105 65
31 79
20 24
103 108
135 114
134 16
120 122
47 32
148 80
85 68
31 61
76 135
1 53
109 28
69 122
124 17
80 104
75 121
3 114
19 27
148 120
37 45
76 103
103 13
119 29
42 103
146 98
88 67
143 52
54 112
100 139
10 140
133 110
136 111
0 111
27 45
62 135
6 144
99 73
7 135
32 80
121 130
57 80
29 3
32 68
107 13
143 92
42 90
7 72
13 86
123 78
113 120
66 69
141 148
49 53
87 65
140 88
143 85
13 106
82 89
119 62
105 10
3 124
81 29
51 88
104 49
73 9
3 129
1 15
64 144
95 47
143 16
66 44
68 123
87 126
37 139
58 147
101 78
117 143
121 125
9 20
47 119
41 116
5 141
96 88
51 58
86 58
76 122
60 62
47 43
100 36
88 120
5 11
17 14
35 76
135 137
5 80
20 91
87 116
59 87
39 96
26 49
72 37
50 14
88 48
90 134
86 111
40 73
24 86
146 34
135 8
120 99
6 43
148 149
3 49
137 0
107 108
130 3
63 97
48 75
136 69
123 38
117 10
100 12
139 91
119 47
142 113
119 86
38 50
128 122
74 21
107 105
105 92
37 8
21 113
25 76
56 26
108 30
67 17
63 111
18 57
89 107
40 57
114 100
11 71
78 72
68 53
53 140
31 42
81 118
61 74
20 86
35 77
22 61
123 119
101 119
78 91
145 52
52 17
80 129
139 17
122 91
24 118
80 10
110 85
44 87
74 109
11 122
138 10
136 79
62 74
34 64
0 136
47 35
138 126
2 142
14 71
51 32
28 148
104 97
4 11
110 114
42 59
88 40
85 111
56 126
64 75
50 71
25 78
20 83
36 131
5 41
26 66
15 8
37 53
19 146
35 114
90 98
87 68
83 103
45 52
36 48
10 80
103 149
128 1
78 128
113 122
138 143
46 42
72 149
16 17
111 80
2 90
114 87
98 32
146 9
79 83
90 23
66 25
98 47
32 114
8 70
121 6
49 146
93 122
126 86
40 146
92 140
143 70
35 54
85 101
11 145
133 126
19 145
6 65
143 43
142 86
13 6
80 71
40 115
23 148
122 13
18 135
31 72
89 120
148 33
125 17
47 52
5 102
69 39
118 57
46 72
115 98
46 54
139 39
37 144
15 78
31 57
136 74
38 115
75 117
11 24
105 49
33 28
113 16
46 82
75 36
101 46
88 134
14 70
127 120
146 111
32 75
39 65
71 97
17 133
114 61
4 125
122 104
40 103
18 101
81 22
111 21
119 2
7 79
122 90
13 56
95 123
52 23
4 120
57 54
65 129
31 13
68 112
19 39
81 55
36 116
136 63
60 31
129 85
108 86
36 93
72 78
30 71
24 56
71 58
106 82
52 147
138 119
73 43
22 32
90 47
81 69
2 126
121 51
138 74
103 106
76 38
30 35
58 75
106 133
105 133
111 139
126 85
64 124
110 20
75 48
144 47
109 99
58 131
140 68
20 70
35 11
7 124
56 70
129 92
131 107
58 70
129 108
18 60
39 101
57 67
9 20
5 95
10 82
111 87
25 17
136 14
27 0
86 101
57 83
131 1
20 97
52 88
117 127
145 125
82 112
18 13
149 90
145 14
75 42
20 136
92 58
147 3
33 131
30 42
135 66
61 81
4 93
122 22
110 33
92 1
58 2
98 63
92 22
83 18
122 91
33 86
80 129
26 44
138 10
106 10
95 49
16 105
77 30
119 25
147 48
28 19
56 58
1 105
107 82
11 19
22 17
60 10
94 67
54 113
40 17
96 26
10 121
147 38
36 106
87 137
67 22
135 29
76 104
66 110
80 106
141 61
70 146
61 113
32 75
46 146
97 25
71 67
30 17
27 27
140 21
33 0
135 27
147 142
94 110
85 51
31 35
31 41
79 66
118 22
133 127
91 41
121 35
5 96
99 108
146 100
35 12
22 9
145 14
135 50
86 60
108 55
16 120
85 128
7 85
89 41
55 140
34 13
72 115
143 149
149 98
90 63
93 51
24 21
103 72
12 134
75 44
131 100
78 78
56 85
128 23
68 116
53 22
136 86
95 4
48 10
36 15
73 86
61 8
113 36
103 92
25 63
67 107
95 7
114 51
108 48
63 38
141 81
16 63
41 8
19 64
138 146
12 144
90 66
136 4
125 81
119 144
58 49
111 133
13 130
5 23
0 23
29 58
79 3
115 107
144 108
63 137
38 122
65 34
84 42
147 30
47 71
47 134
58 148
14 76
112 97
37 49
101 108
105 8
96 15
114 12
63 51
105 8
98 8
110 10
129 0
66 8
140 135
41 71
81 63
133 104
29 135
0 64
2 124
76 77
133 75
87 59
28 25
126 77
78 17
79 41
17 37
102 108
71 107
45 29
52 107
4 132
4 97
71 11
60 127
26 41
57 118
9 96
46 108
146 135
100 110
113 12
113 126
72 32
144 9
127 145
57 66
116 147
136 60
56 54
81 49
127 86
45 48
27 112
25 143
44 68
108 39
134 131
87 71
37 86
91 38
32 11
50 109
88 89
41 139
34 99
88 75
80 64
87 131
65 35
80 102
142 13
109 134
8 24
128 20
42 24
43 0
138 42
17 137
86 87
111 16
21 123
49 133
136 41
37 38
94 124
145 133
121 24
121 77
147 25
81 56
75 47
110 75
52 31
49 135
75 77
26 100
9 29
88 99
59 67
80 45
135 51
95 135
43 95
52 87
42 18
52 8
142 139
24 4
57 0
149 82
82 135
8 121
118 101
49 35
146 136
33 80
52 131
64 146
118 125
101 112
9 78
47 17
116 89
136 99
140 102
72 105
103 45
48 114
105 126
19 14
50 83
63 52
103 10
91 31
0 68
8 83
81 47
81 142
29 106
94 12
102 12
79 12
99 34
91 21
134 76
61 15
65 126
84 127
138 98
133 17
130 93
26 24
146 84
37 102
119 46
103 66
103 119
27 40
70 145
93 104
48 76
92 45
123 109
125 15
20 126
62 97
41 107
28 117
107 110
73 18
82 33
8 17
92 109
8 112
37 36
116 55
3 42
132 60
114 17
20 19
66 120
13 116
58 127
32 63
75 145
10 47
133 37
19 106
83 46
130 84
40 5
8 26
99 6
149 56
132 61
48 19
114 77
47 134
16 36
114 76
94 24
123 92
44 79
137 133
139 143
84 6
33 142
118 146
88 84
104 3
123 84
73 30
35 119
103 122
123 24
17 7
21 47
14 103
37 5
41 129
20 65
112 129
6 93
35 111
22 74
134 136
61 13
139 75
113 43
139 58
149 116
133 1
91 124
110 78
145 99
123 144
83 21
86 119
109 139
91 5
140 99
107 58
96 96
58 117
147 40
128 143
142 79
64 97
142 115
0 76
86 6
81 80
68 83
85 93
14 76
36 5
102 18
116 51
39 66
121 82
9 94
35 87
76 71
12 14
23 8
111 84
61 28
148 18
1 58
144 51
88 110
93 142
118 68
30 141
9 65
28 92
2 120
15 145
61 134
113 78
77 104
46 148
53 14
59 120
8 57
26 143
23 119
28 33
148 10
103 0
7 79
143 26
113 30
34 119
70 41
69 46
135 115
123 4
115 16
143 3
45 21
40 95
72 83
98 52
81 122
98 17
71 97
114 13
48 139
146 51
141 86
73 120
80 92
100 127
112 21
116 132
97 40
108 141
124 23
77 113
70 130
147 118
126 80
58 31
93 26
17 91
92 143
8 72
140 108
51 87
133 97
93 104
109 149
69 49
134 117
119 51
2 13
112 107
131 119
64 52
81 104
83 78
37 120
100 26
21 75
9 42
9 128
140 112
149 55
114 60
120 65
110 78
83 93
62 36
16 38
106 68
22 130
82 81
115 128
2 34
22 134
53 83
18 141
56 22
81 22
115 146
95 79
1 94
122 148
125 139
89 72
29 54
50 6
17 118
94 83
49 56
122 45
107 73
55 43
22 24
112 82
110 55
102 60
38 13
64 30
31 102
34 121
41 46
125 114
98 46
78 122
15 87
55 28
40 41
121 15
109 107
143 115
132 2
4 32
17 138
14 50
41 81
23 13
119 81
138 70
126 0
97 92
54 38
20 10
78 92
94 58
87 117
94 124
143 133
4 30
28 127
64 111
39 26
125 125
60 106
7 116
85 53
80 39
92 135
31 114
36 128
125 8
11 29
139 47
54 7
44 65
117 116
113 49
32 19
37 41
120 92
108 18
41 48
2 82
92 129
76 61
26 86
53 1
137 137
66 50
134 48
109 125
70 11
107 59
108 0
25 102
101 113
141 26
30 123
74 38
115 17
71 29
86 64
56 99
149 32
41 105
0 112
132 144
44 98
93 100
4 90
99 74
140 72
58 59
69 75
10 53
38 70
137 20
54 34
90 17
81 14
83 109
33 135
97 76
112 134
14 48
41 96
114 45
88 133
102 114
5 15
22 96
29 31
74 6
13 4
28 95
7 125
119 132
62 140
76 112
93 35
15 104
89 101
34 91
70 19
18 107
140 29
49 129
123 11
125 102
127 88
85 71
118 1
124 121
17 110
36 145
68 65
43 16
85 15
104 16
44 55
55 30
86 95
71 137
119 132
133 11
133 36
137 80
2 115
83 14
59 96
22 148
134 63
139 36
34 60
53 81
19 122
34 2
68 134
69 101
2 140
56 34
115 95
16 29
132 91
104 55
50 52
113 0
65 58
53 84
83 52
37 58
64 68
77 99
43 95
42 34
115 137
141 7
119 134
1 134
34 22
70 100
27 72
140 119
74 45
64 80
137 87
64 123
60 87
53 112
47 100
119 131
73 141
148 84
14 87
58 56
147 59
102 38
24 145
106 148
121 52
68 49
27 87
94 58
37 90
144 75
36 73
2 77
126 12
119 47
117 28
29 54
67 1
44 60
99 76
29 30
138 66
84 91
118 50
1 14
79 22
111 107
91 7
40 31
31 82
17 76
4 63
114 107
34 36
71 14
62 81
121 139
36 20
53 5
123 84
126 80
6 149
81 40
50 24
39 82
5 29
62 7
119 46
112 39
38 42
102 58
94 38
118 132
130 147
26 98
27 64
78 135
127 146
132 75
113 96
78 74
29 5
98 39
30 27
41 26
40 6
45 78
68 86
30 29
87 20
143 4
120 88
83 8
107 120
58 45
137 66
115 135
124 141
130 75
140 114
55 17
97 60
76 75
68 119
22 66
118 62
82 115
101 100
31 102
24 146
20 90
58 0
100 63
89 134
66 137
38 138
10 147
50 55
49 85
90 108
88 60
64 27
136 118
103 11
90 63
40 109
22 121
32 20
74 146
12 145
109 140
73 31
147 7
138 119
7 78
112 84
30 107
65 29
134 139
125 79
29 44
98 123
2 23
48 24
80 64
25 91
104 136
72 68
124 128
118 87
118 108
3 78
4 121
18 104
138 28
63 0
4 86
31 1
115 10
99 32
118 48
142 144
37 68
77 116
88 85
4 4
49 125
55 58
60 146
90 105
24 70
96 68
11 135
61 133
61 124
84 69
53 79
119 123
51 4
105 14
9 35
29 118
20 27
0 146
99 51
98 62
10 134
18 77
122 95
99 101
119 85
0 117
7 60
114 77
99 15
123 44
25 103
15 21
2 116
47 103
128 21
78 82
39 107
139 20
7 125
65 94
6 12
66 1
1 84
46 22
142 145
53 48
3 75
115 39
117 140
107 44
96 126
45 127
17 11
72 49
45 146
13 9
82 125
78 16
67 90
76 20
57 55
125 15
111 47
38 131
146 16
132 48
21 114
95 7
25 140
137 74
110 49
124 122
33 61
136 56
20 45
116 149
128 46
83 107
71 72
136 72
12 66
38 137
20 145
108 60
148 8
84 2
45 110
12 37
109 1
7 9
47 104
17 43
40 57
63 96
14 118
5 78
25 28
61 69
57 39
24 91
48 120
47 76
17 95
109 38
102 79
47 123
21 110
30 8
104 5
120 74
77 50
2 64
73 133
89 61
137 115
24 89
66 140
122 68
113 10
15 1
128 112
0 92
34 3
29 147
104 36
20 77
76 6
114 114
37 90
141 124
106 119
29 22
76 62
33 122
128 1
54 134
28 108
57 5
138 20
17 18
103 32
120 12
2 12
112 56
96 39
140 16
47 126
94 46
20 113
7 60
147 37
143 91
117 85
64 139
27 54
129 145
115 109
126 48
135 78
122 113
87 138
76 134
112 112
52 128
14 121
141 115
108 105
70 114
51 38
147 115
70 34
138 79
48 15
137 63
95 45
21 80
102 92
86 66
83 16
42 139
134 107
78 125
83 129
114 101
137 30
42 142
68 113
69 94
85 99
136 117
91 66
11 32
131 133
55 56
87 132
27 60
99 19
149 86
8 105
25 109
80 140
68 83
132 115
85 84
27 53
62 52
80 96
81 65
126 23
144 28
38 65
15 94
87 80
100 96
81 104
58 147
18 104
95 55
89 37
111 139
45 141
39 107
89 16
128 125
80 127
71 72
26 43
147 22
109 56
28 31
101 36
127 91
42 82
39 74
40 106
117 139
63 146
135 19
128 58
79 147
141 30
142 110
81 5
91 84
112 18
133 90
149 23
139 147
144 44
87 99
116 27
104 92
5 0
19 17
86 106
9 34
17 83
42 79
126 62
55 13
138 147
98 16
100 38
43 11
55 105
103 6
144 81
38 74
21 103
46 57
53 147
56 138
29 76
127 136
48 51
55 63
71 0
24 8
34 3
142 35
42 123
7 89
113 97
34 42
20 76
87 136
30 56
126 78
24 120
69 11
41 130
10 61
31 77
31 43
128 109
140 38
59 15
100 88
47 89
138 50
61 8
3 107
84 34
52 137
138 44
14 31
135 55
60 1
50 131
101 70
132 37
144 80
64 133
91 29
139 109
110 51
121 83
96 7
110 4
43 68
111 57
26 44
10 124
147 35
118 52
63 126
0 119
64 61
76 131
148 69
128 81
121 133
18 106
82 148
36 113
100 120
43 110
109 107
55 29
31 48
111 49
140 14
75 52
144 51
134 47
63 86
38 99
34 94
62 78
132 71
41 112
139 122
47 94
99 87
95 57
77 118
19 77
38 108
134 68
51 119
1 18
35 134
69 99
145 71
53 66
70 56
20 5
131 10
67 94
34 45
63 15
33 1
123 34
124 64
77 132
66 74
136 39
127 144
129 27
21 146
136 38
39 94
74 18
72 0
60 9
97 101
2 131
111 77
123 25
88 121
63 111
0 3
135 10
121 135
148 78
103 83
15 135
142 7
7 18
102 113
28 57
86 18
96 69
27 13
124 108
106 145
4 19
101 142
57 77
96 90
136 149
109 1
25 148
2 9
77 24
56 111
110 19
56 81
66 15
31 93
42 14
17 78
12 114
88 91
43 62
55 18
35 51
52 92
86 30
87 112
149 127
91 26
80 36
59 111
92 66
14 96
35 31
25 4
33 42
46 82
72 117
81 146
1 25
120 109
85 120
68 23
88 106
76 11
88 108
57 79
71 45
108 90
48 123
104 29
10 122
61 68
28 139
28 9
76 14
139 110
38 33
118 93
90 94
127 44
95 23
91 57
122 73
91 121
26 74
68 70
18 58
63 18
105 7
116 30
61 109
78 20
37 92
70 37
123 6
83 116
63 148
25 137
111 48
89 4
88 31
4 84
80 87
114 55
127 66
139 125
90 0
6 43
104 44
60 38
90 143
18 71
143 84
108 77
8 12
102 96
142 58
47 134
24 26
42 128
110 128
5 115
55 85
61 12
100 92
44 83
121 60
4 149
15 8
94 103
61 5
58 119
27 135
22 106
43 131
28 124
78 97
133 31
18 84
6 103
132 36
27 39
69 114
78 86
21 8
71 10
139 43
42 15
10 85
1 148
3 92
91 19
93 90
108 94
27 21
36 63
18 73
13 116
71 11
58 90
8 100
36 22
52 135
8 142
147 117
44 42
9 26
93 31
134 69
116 131
69 57
96 69
89 135
91 105
84 83
85 128
23 18
102 117
34 132
104 39
2 142
90 106
66 105
123 12
91 85
127 4
34 68
79 19
58 140
42 136
64 147
13 111
26 113
5 54
75 26
128 18
31 90
73 116
141 18
149 36
87 75
29 139
138 81
20 40
10 78
82 4
135 27
121 74
90 35
128 133
6 19
125 87
137 82
129 123
133 130
55 124
93 61
78 121
137 16
94 18
56 52
34 22
101 58
43 67
59 38
23 28
91 27
109 134
134 121
115 45
35 80
113 62
116 63
148 126
37 143
140 97
146 18
60 76
75 127
43 19
138 99
72 24
145 55
57 96
80 22
101 61
13 125
97 83
124 25
130 104
132 47
94 133
20 83
76 107
118 132
111 146
113 39
13 142
69 93
130 128
140 93
42 54
7 135
137 55
0 134
11 1
32 88
126 62
11 86
114 48
77 99
7 44
5 108
91 2
49 90
137 55
6 7
104 23
81 92
44 38
91 81
56 28
135 9
123 34
36 0
148 6
147 139
55 28
34 17
75 26
126 14
66 107
52 10
133 89
25 69
105 116
123 75
107 73
19 108
48 0
40 71
59 69
136 66
68 11
68 118
118 96
47 140
36 28
107 30
16 93
28 146
77 96
39 21
140 70
59 86
112 11
75 95
11 87
76 99
72 6
7 35
131 69
95 28
126 142
11 15
116 131
47 116
129 54
86 94
33 75
105 45
39 59
69 36
109 68
49 139
35 44
59 0
31 44
89 7
42 105
89 88
71 87
77 32
102 112
77 136
50 22
146 19
45 92
121 35
74 143
94 118
6 90
68 18
65 113
3 51
52 26
143 131
143 80
17 57
56 8
23 72
48 0
142 0
96 7
97 107
52 137
19 126
82 97
23 92
77 16
27 8
19 18
52 109
48 114
98 59
47 101
52 139
97 32
0 113
135 16
104 36
26 30
48 134
14 145
36 47
75 125
141 107
92 61
77 52
10 75
36 53
30 71
121 0
15 80
92 140
20 3
12 121
8 125
146 135
84 62
148 111
124 63
61 128
94 110
42 38
1 1
97 96
69 128
2 84
97 25
92 85
36 36
55 126
10 3
114 44
118 28
33 127
19 131
51 0
131 149
95 138
107 116
56 68
104 145
89 0
3 142
76 135
145 34
134 88
130 109
54 55
129 89
104 60
90 87
85 41
64 27
78 121
86 13
54 16
2 109
26 74
40 35
11 138
131 139
16 83
102 32
29 62
105 17
46 119
50 102
48 140
102 19
10 24
12 0
119 56
61 26
139 117
125 52
141 85
41 34
90 69
23 1
25 34
71 81
132 25
52 74
6 110
19 19
97 127
13 22
54 67
31 10
11 69
45 80
40 120
137 58
33 52
21 2
63 28
144 113
149 10
10 93
92 63
121 136
85 90
100 86
57 75
123 112
47 113
51 125
125 87
32 110
47 84
144 39
118 137
107 100
80 102
84 118
18 145
54 148
67 29
0 12
44 37
92 31
138 120
74 145
136 104
101 121
99 64
46 132
23 87
102 33
60 125
54 125
90 51
37 25
147 56
57 18
31 121
92 142
90 92
9 26
114 25
4 80
109 34
138 144
68 142
30 113
40 56
49 109
124 100
59 11
52 27
28 30
34 18
135 79
15 57
72 134
61 16
143 60
74 10
120 7
12 89
64 4
147 29
41 116
92 122
52 42
41 113
121 5
103 135
47 143
37 60
78 85
81 46
135 116
90 11
82 73
28 43
133 95
69 117
120 75
74 140
9 4
142 128
49 58
9 6
125 35
18 31
66 88
114 5
111 14
24 117
147 122
49 136
88 11
88 102
93 90
58 90
45 65
37 134
136 21
9 51
140 145
106 56
131 43
22 87
19 37
22 140
143 1
50 69
2 77
140 109
99 53
105 33
56 114
55 64
141 52
82 84
147 12
145 96
64 133
140 121
68 145
47 51
146 8
4 123
119 2
27 27
120 74
135 82
31 22
97 130
56 106
75 63
130 38
74 11
55 138
51 11
105 87
112 123
101 9
123 122
59 43
79 9
98 44
125 70
62 77
146 46
54 76
115 112
100 58
48 128
87 91
135 6
21 27
101 32
84 2
48 91
42 134
129 11
80 83
132 131
3 129
40 3
53 134
29 133
109 29
41 82
59 22
107 13
79 62
131 99
102 86
128 6
55 124
90 138
30 3
16 53
145 141
33 2
44 46
140 57
76 119
55 28
96 1
18 25
121 43
56 101
136 11
99 134
6 22
75 74
72 95
22 77
41 48
4 45
57 138
118 114
63 130
74 114
81 56
37 85
125 84
24 8
138 75
92 120
149 124
145 85
130 144
44 127
122 121
80 118
128 98
106 105
123 101
145 10
70 94
135 73
85 31
71 90
92 91
19 8
149 146
88 80
32 117
131 9
31 32
64 18
79 95
98 70
73 26
128 137
52 17
116 65
128 106
129 11
8 124
114 15
31 120
27 125
45 106
91 71
64 127
123 39
112 71
36 101
84 8
132 55
112 137
94 109
54 5
53 15
38 96
92 95
109 28
138 4
43 129
26 78
53 53
3 148
43 64
99 69
7 103
71 147
7 89
36 32
31 117
122 108
83 16
101 149
52 71
20 3
46 23
94 65
65 109
47 132
72 28
41 82
91 15
17 49
139 34
118 50
72 88
126 138
11 81
84 141
101 75
32 112
67 11
2 0
36 148
49 81
97 73
100 52
3 52
103 77
11 1
75 73
63 16
75 130
0 27
105 129
77 140
110 149
55 112
6 123
110 68
32 64
85 33
136 39
138 28
116 128
141 124
148 60
37 68
54 84
35 4
136 0
2 5
38 56
63 145
49 32
24 37
146 126
112 47
145 67
127 55
139 106
81 48
104 67
46 54
51 58
106 93
62 35
83 0
86 33
93 53
100 10
140 127
5 70
102 67
139 149
113 141
39 17
30 5
139 101
6 27
39 80
81 73
87 136
114 90
12 107
54 20
39 80
94 22
96 15
7 119
85 23
69 99
43 94
137 123
72 68
93 141
29 147
67 31
16 143
110 70
142 32
57 106
113 95
76 12
125 68
85 144
27 136
124 137
22 67
10 108
98 23
125 62
138 115
14 10
131 149
30 99
23 8
37 43
128 127
26 26
104 76
81 147
47 83
2 69
122 29
22 23
106 14
97 63
91 9
59 13
144 9
78 78
20 85
122 10
127 106
127 14
97 104
47 99
32 0
126 128
140 4
129 89
32 53
10 15
138 138
127 92
127 123
99 25
69 83
20 32
138 143
64 37
116 43
132 13
97 114
65 33
106 103
60 32
143 70
9 28
84 144
55 135
27 39
65 49
17 85
46 32
139 83
46 3
116 16
67 139
52 21
145 102
52 85
85 93
91 87
142 45
53 65
10 119
61 142
22 73
130 68
22 22
43 75
146 45
87 59
94 10
92 64
109 82
139 8
96 121
19 38
102 3
31 11
20 93
119 51
58 49
145 19
89 30
135 7
30 101
83 3
78 17
25 98
8 124
70 96
65 49
3 137
29 56
90 12
25 138
44 62
1 17
145 148
20 140
106 57
75 15
35 132
109 142
107 9
146 61
98 14
11 108
37 7
83 18
118 3
117 71
130 55
37 7
75 79
61 141
110 119
90 90
63 2
145 16
102 89
36 95
88 14
10 49
81 30
52 139
50 31
8 15
128 91
135 48
91 49
127 85
133 139
82 0
140 59
142 146
20 144
0 106
129 16
87 66
30 98
70 135
48 17
131 73
65 94
132 128
1 118
44 93
111 136
57 58
99 118
54 31
94 49
18 19
78 128
101 123
131 108
133 91
32 87
96 65
92 31
144 88
116 143
39 49
133 138
135 62
97 62
99 39
32 100
1 70
43 39
33 70
148 124
107 143
64 39
7 6
85 58
138 85
141 136
104 26
42 103
34 94
101 117
118 36
10 122
120 59
123 51
125 75
140 107
70 117
32 33
12 89
70 41
38 83
122 91
5 36
54 25
0 5
47 60
80 70
82 26
29 44
64 4
72 17
138 65
12 48
55 126
48 146
136 73
62 18
21 22
144 28
62 139
93 115
98 24
98 90
31 35
75 85
38 102
39 132
101 24
5 57
77 92
121 44
95 112
107 90
14 111
20 35
11 42
132 106
13 49
135 96
121 149
101 89
6 55
146 101
142 76
125 72
131 34
22 85
120 28
2 6
108 105
8 6
111 60
58 39
62 13
13 97
116 138
19 141
36 45
5 24
35 98
61 103
10 71
26 2
86 90
0 77
130 13
77 35
143 48
140 119
110 65
141 50
102 97
58 91
13 144
144 74
2 111
134 128
95 58
109 28
6 79
145 149
56 31
90 32
74 87
52 13
73 146
82 20
31 15
50 76
116 77
119 52
58 107
82 80
120 53
148 24
80 114
92 30
12 3
145 90
115 88
65 14
38 35
52 27
119 70
134 87
125 109
7 12
108 67
119 81
49 114
56 45
122 72
18 97
138 94
14 46
147 5
132 52
60 25
105 76
0 103
94 65
82 85
45 148
124 123
54 89
144 100
33 44
107 39
68 114
106 18
73 100
100 35
135 122
78 49
89 100
107 98
80 68
79 67
11 123
26 41
8 109
2 76
24 108
47 141
19 1
77 33
4 96
43 3
90 53
45 4
145 115
35 78
133 77
2 47
106 66
15 46
68 128
39 31
140 28
16 74
142 106
62 149
38 137
23 73
2 46
34 39
118 133
72 90
123 67
79 126
130 5
149 82
108 75
115 20
55 86
131 63
72 30
90 102
62 83
117 73
136 40
71 42
83 70
142 139
88 140
142 44
142 42
140 40
126 121
142 124
43 7
92 75
33 92
5 124
43 145
135 17
44 51
21 16
47 119
76 105
62 129
24 34
36 1
10 111
73 137
19 64
56 28
142 142
69 2
128 110
57 20
3 125
62 50
126 20
92 9
149 126
62 91
74 73
83 62
79 112
97 79
134 110
142 9
122 63
53 64
10 63
119 107
64 88
122 113
90 39
22 1
53 113
100 28
95 68
14 94
1 100
87 28
59 124
37 15
65 91
46 147
99 76
123 38
22 120
63 55
92 97
114 140
20 116
94 101
38 39
24 106
50 46
63 49
74 24
126 124
91 58
59 13
61 101
92 73
31 65
68 123
75 35
132 141
0 75
7 10
77 29
18 48
14 80
17 119
45 139
7 31
89 92
81 61
44 75
146 47
144 78
0 4
79 23
25 105
5 37
138 145
143 57
50 131
139 70
18 105
0 79
139 134
130 101
121 46
106 42
123 24
89 44
142 97
7 77
96 149
82 34
144 15
69 13
122 21
9 115
21 145
6 115
21 147
71 146
60 142
118 116
110 137
65 29
17 138
111 57
66 19
53 74
124 88
18 36
127 145
121 47
96 15
32 60
13 54
83 37
58 92
143 62
40 57
133 142
146 77
69 38
108 83
135 39
127 103
110 29
39 109
111 136
34 86
65 87
27 122
30 70
56 57
43 79
131 65
116 57
50 100
14 35
55 129
96 52
86 20
95 103
23 93
20 22
144 103
74 56
84 22
136 61
97 35
61 70
109 3
105 147
46 118
40 82
80 83
147 42
75 128
104 11
102 54
12 91
22 24
22 149
82 4
145 24
148 130
90 26
75 87
82 78
98 58
82 21
80 59
73 55
45 20
113 10
96 91
29 63
40 7
122 9
51 4
136 92
90 24
0 105
145 82
80 67
29 16
76 121
57 35
8 67
106 87
5 89
105 106
83 63
33 61
69 133
35 30
88 81
12 62
27 34
71 89
80 74
27 147
146 86
84 44
33 91
10 8
35 94
19 66
95 39
28 108
7 116
39 109
138 111
118 111
143 83
40 146
130 24
80 14
114 35
121 28
109 55
86 22
26 14
18 37
14 25
40 87
90 5
37 142
15 106
88 131
81 112
65 90
49 80
27 19
44 118
124 126
22 98
48 43
108 117
15 25
130 6
14 6
74 118
47 126
107 29
110 70
58 138
7 99
84 3
74 29
117 56
127 45
67 98
128 92
29 142
128 5
124 43
50 10
5 41
28 147
87 70
112 95
51 68
120 107
133 89
146 18
99 143
111 95
81 84
98 9
81 128
9 128
114 90
72 125
30 14
57 141
126 111
95 89
110 29
67 123
123 42
131 40
120 74
131 109
77 67
101 26
43 76
70 143
113 56
112 81
2 96
59 42
128 66
14 44
26 144
28 25
122 64
106 135
46 144
31 146
68 60
73 1
67 133
37 71
86 77
135 124
119 108
85 69
70 90
24 130
101 38
111 149
129 115
86 83
21 19
145 38
134 79
142 108
68 98
10 126
139 96
58 129
22 110
97 90
92 72
146 47
145 15
21 145
1 74
69 115
20 53
138 85
10 69
63 109
7 19
76 73
120 79
133 140
124 41
43 131
116 96
148 26
56 72
114 20
20 73
62 129
33 61
22 106
109 104
124 82
75 36
23 50
72 26
3 42
136 76
81 12
0 79
72 122
132 20
127 149
30 49
59 34
132 79
91 8
112 95
2 125
123 135
127 20
61 132
5 52
23 75
95 113
68 7
113 101
24 69
76 102
65 132
90 32
102 76
66 9
8 117
98 84
20 101
25 23
15 89
18 88
69 76
73 71
117 76
130 16
102 31
65 86
44 69
30 136
59 35
32 37
6 54
35 39
9 56
40 92
129 137
133 32
39 60
79 103
137 146
111 47
77 66
74 90
7 107
105 94
46 119
18 142
121 70
0 120
31 52
78 2
66 54
128 77
4 125
8 24
60 107
53 118
2 57
122 138
70 113
114 15
65 129
115 116
81 33
129 1
125 44
92 95
38 112
87 66
133 23
24 88
95 61
87 109
23 133
89 103
44 87
35 104
124 115
22 142
65 149
147 58
13 1
85 85
97 83
46 99
134 89
18 61
35 12
44 74
115 51
124 5
137 2
128 116
125 8
91 15
140 101
88 31
42 76
62 98
131 78
24 106
149 56
128 45
143 51
124 59
62 14
45 7
100 67
74 147
148 50
140 91
35 128
131 25
120 121
56 60
131 11
75 86
90 63
19 37
38 141
6 30
22 52
148 47
9 69
135 140
28 93
105 30
142 93
74 74
87 11
35 37
46 147
1 17
80 45
144 16
116 30
28 60
66 111
28 106
77 0
99 22
46 18
134 10
76 138
106 148
114 14
7 54
3 78
32 57
131 82
114 85
6 79
116 73
54 36
116 112
61 101
34 110
35 16
56 142
5 127
120 130
32 122
15 126
85 45
64 112
69 51
127 102
123 125
88 75
132 129
129 75
118 66
131 21
92 73
106 102
114 31
37 9
107 114
35 95
123 107
142 57
65 31
31 138
92 85
91 12
138 10
117 3
67 100
143 65
6 59
115 136
118 137
11 43
55 137
103 30
57 45
116 30
105 127
91 9
104 10
43 55
43 104
100 135
4 73
85 70
54 146
20 33
14 16
52 139
74 94
10 125
108 92
141 28
125 112
40 114
24 29
92 56
10 131
138 135
90 96
146 79
12 111
55 2
127 34
2 88
120 41
54 119
121 97
63 29
21 16
130 70
128 46
69 76
27 71
55 37
142 36
23 81
105 59
44 113
6 6
142 112
115 47
148 15
48 92
72 93
8 68
15 50
148 110
56 136
68 115
97 99
46 95
82 134
104 1
49 148
90 18
107 7
26 89
103 66
7 54
98 46
51 96
57 10
88 81
23 31
79 45
131 71
139 15
116 20
124 44
55 112
148 125
114 135
60 103
113 139
46 49
66 96
148 57
72 116
61 105
42 91
77 56
65 7
23 52
120 111
68 11
100 5
5 129
98 110
134 144
36 57
82 0
91 7
140 85
39 2
87 126
35 20
66 62
84 67
114 13
2 73
23 52
63 130
45 109
117 140
76 31
26 121
104 38
64 46
72 80
28 1
10 68
64 39
71 110
136 99
12 65
124 144
104 61
140 38
147 59
40 95
34 37
75 112
35 47
142 121
35 65
149 12
95 85
133 19
88 32
5 89
135 132
8 51
60 34
136 148
90 23
68 13
145 140
100 115
31 87
46 28
15 28
145 69
90 47
22 149
16 80
146 139
110 27
139 43
146 81
121 36
144 15
34 43
123 73
129 147
22 101
37 80
114 119
0 113
105 82
17 124
84 24
48 145
26 112
48 83
72 55
76 99
128 138
138 3
77 121
9 111
46 111
3 83
80 92
4 61
109 131
125 96
96 0
93 0
23 141
63 32
146 18
57 148
63 5
92 94
148 69
16 20
49 1
52 28
27 96
145 112
51 120
124 125
59 122
120 98
21 64
91 132
20 112
59 94
95 3
91 55
135 101
90 25
50 78
140 62
89 147
57 81
23 144
53 9
59 91
97 78
38 132
132 100
33 135
126 94
114 31
26 18
18 42
114 87
78 97
96 118
93 111
27 59
81 61
38 42
66 7
61 37
115 127
54 9
7 55
18 103
112 122
104 94
145 1
37 115
108 95
0 112
29 75
88 10
57 87
57 148
67 71
3 122
109 46
86 0
108 26
124 15
149 0
59 32
6 96
46 49
54 82
43 76
44 137
80 102
4 82
90 113
55 75
1 31
77 12
14 1
111 126
79 140
79 88
61 127
92 132
82 137
32 28
143 86
142 7
33 114
128 75
119 136
105 32
117 83
146 91
12 136
94 39
101 91
98 76
72 39
67 139
47 119
50 124
39 77
20 50
138 146
47 71
37 111
109 59
109 85
47 60
90 11
29 12
98 135
71 20
109 26
34 27
110 111
3 22
54 83
108 37
87 101
149 139
97 102
110 15
125 105
22 29
90 93
66 137
71 35
52 67
19 44
61 41
76 110
107 18
132 51
13 117
86 62
144 117
58 121
37 38
43 43
55 147
40 73
48 107
49 141
144 41
111 112
123 111
78 13
18 58
140 57
62 122
80 76
57 10
113 115
49 82
8 116
89 28
88 71
125 98
149 0
123 18
144 131
69 19
54 1
5 133
108 116
145 67
77 87
120 55
64 22
107 53
145 149
77 23
54 17
64 101
15 8
55 7
62 47
127 7
118 17
113 26
131 32
15 124
136 74
78 78
18 53
43 14
108 11
26 33
30 94
12 53
63 92
105 19
7 43
133 81
44 121
17 13
112 114
140 47
46 120
128 74
39 127
119 65
146 126
133 26
146 132
38 5
63 130
100 10
115 87
20 10
66 72
148 109
25 104
13 109
124 42
2 140
11 110
80 61
20 1
15 2
49 70
75 37
120 42
119 63
51 134
81 75
35 147
74 117
141 98
22 77
5 57
143 83
111 135
36 136
122 123
147 69
133 83
89 17
102 32
139 80
94 92
88 51
65 22
49 69
66 148
66 59
54 122
0 74
117 19
130 2
110 26
109 131
70 64
25 16
25 141
116 17
67 44
108 84
139 129
67 82
71 56
92 80
79 95
123 66
84 42
7 56
117 95
21 32
6 54
65 46
141 46
82 3
123 63
149 119
6 4
82 48
25 50
137 146
139 90
141 143
55 101
114 77
134 129
8 7
21 16
51 79
132 61
64 25
7 62
6 7
71 105
124 58
100 149
149 75
64 125
83 137
67 111
50 122
28 58
46 103
28 88
42 74
0 68
140 16
82 87
98 25
17 49
23 119
12 32
137 65
147 98
146 110
127 29
75 111
5 143
105 72
101 23
133 131
4 132
135 64
111 97
24 31
27 29
85 143
56 100
59 45
5 38
54 142
75 88
115 138
83 59
33 126
96 106
4 148
134 60
47 39
78 55
134 8
56 108
71 41
50 55
6 53
147 12
16 95
100 85
86 49
76 54
106 82
14 3
88 101
21 119
17 127
26 101
58 29
106 149
71 8
85 106
140 149
25 51
73 131
42 55
49 65
87 74
46 141
57 76
134 95
78 20
119 36
18 43
93 70
49 4
97 120
2 114
106 105
116 88
122 57
9 101
102 128
83 72
32 127
99 60
24 79
19 131
137 30
78 96
56 94
3 13
62 91
76 51
138 85
54 137
98 41
139 76
51 43
58 89
43 28
7 88
34 86
116 118
41 146
40 95
65 28
72 45
77 126
87 103
116 132
36 14
120 102
140 2
117 47
103 130
133 32
53 66
47 64
12 114
104 117
79 91
127 19
70 110
65 33
104 122
13 137
60 44
86 39
97 127
94 76
136 118
67 13
72 43
34 54
22 127
13 18
112 93
143 3
104 136
11 141
1 9
106 74
134 33
79 101
114 118
15 45
107 41
86 30
25 41
87 108
120 72
93 25
74 47
13 45
106 57
75 129
20 43
60 3
50 42
59 18
15 83
98 99
6 56
11 116
58 122
45 82
79 105
95 98
74 7
20 71
31 137
89 59
126 0
121 41
135 25
74 111
16 74
122 17
87 124
22 6
70 68
88 112
122 137
83 29
108 59
78 96
89 39
64 45
35 115
43 112
75 143
30 110
36 149
97 138
133 78
99 82
33 81
43 27
15 68
87 30
12 109
72 25
32 24
35 24
16 89
27 145
69 121
58 93
57 13
62 10
86 91
22 142
18 93
78 140
127 33
27 29
85 76
32 16
129 56
1 121
69 133
133 75
109 91
12 57
133 17
102 50
36 4
58 105
12 89
81 38
99 104
48 8
102 28
45 123
146 134
1 120
149 145
8 65
132 105
115 71
110 85
47 119
67 12
7 104
25 65
12 73
98 52
49 9
109 128
6 101
22 117
22 41
116 89
98 81
56 75
146 105
38 94
90 32
37 115
46 126
40 46
39 45
47 62
71 47
131 112
93 91
50 113
62 45
148 98
52 70
55 69
43 1
44 145
136 82
47 67
100 119
77 62
84 130
107 142
70 62
119 79
53 54
65 62
36 19
70 76
141 83
96 79
142 14
92 13
20 129
130 149
13 13
48 27
135 60
122 80
19 114
61 101
113 93
103 81
81 33
121 86
5 131
86 105
114 144
43 89
9 50
32 0
15 107
91 11
100 28
86 125
147 104
35 41
89 8
106 34
5 146
48 56
109 72
124 96
77 4
39 36
27 23
80 50
126 114
102 101
148 72
32 2
59 119
94 111
91 110
14 59
61 72
68 51
39 143
68 60
23 125
29 148
64 141
149 23
55 116
45 23
122 61
95 124
88 123
127 48
114 102
146 46
83 133
64 80
13 91
141 99
98 79
115 144
46 106
68 39
59 99
36 96
63 142
36 62
66 56
52 113
85 17
39 115
71 15
30 55
130 34
148 58
133 79
60 124
144 43
37 83
57 62
24 85
17 56
143 140
14 96
37 108
33 41
63 68
65 5
60 145
5 91
59 45
33 72
2 141
10 30
138 66
62 58
48 51
137 111
149 51
31 78
119 149
24 78
67 17
135 31
92 132
115 8
82 145
116 74
126 14
84 6
29 110
88 85
80 16
148 1
6 54
118 120
49 111
125 33
33 9
111 139
98 78
35 9
97 16
18 87
52 88
102 56
112 138
24 65
141 25
145 27
138 36
109 26
117 40
53 113
32 11
42 47
54 105
79 75
97 97
148 149
70 112
142 33
75 44
120 123
37 142
117 43
142 126
146 135
117 64
64 35
41 86
90 54
19 96
31 4
56 129
67 122
30 134
45 40
44 116
127 124
89 27
128 39
21 17
32 132
72 40
118 17
114 56
80 107
122 75
76 105
107 112
39 51
63 21
86 133
64 137
64 20
120 23
132 40
52 65
41 98
93 44
136 32
33 27
79 91
11 133
139 21
25 78
77 46
123 139
111 137
84 63
15 18
67 52
30 115
75 58
24 67
31 8
67 81
117 27
100 138
4 128
102 76
85 135
131 90
36 140
15 3
129 143
14 126
29 48
1 33
104 79
29 77
38 19
147 93
65 16
109 6
123 40
105 73
128 77
85 89
65 60
69 148
140 68
87 124
65 71
140 146
56 12
96 56
39 14
114 0
85 50
67 30
60 110
146 119
144 126
84 71
33 47
111 42
12 105
3 52
22 62
75 43
144 136
48 15
47 133
14 23
35 126
93 66
134 45
107 26
37 72
84 93
144 86
55 72
10 43
82 126
73 129
149 52
63 138
14 33
26 69
25 60
41 109
75 28
48 98
98 96
92 56
25 62
117 89
67 132
104 14
50 9
89 120
9 114
134 126
83 121
55 136
80 145
149 108
64 37
52 99
37 45
39 54
82 121
113 111
137 43
118 17
15 140
0 81
40 14
144 18
115 87
110 130
42 25
143 54
52 132
132 49
25 7
57 119
59 136
117 32
128 145
134 126
66 48
19 103
48 81
29 146
149 100
24 148
70 23
118 139
17 67
15 57
34 133
73 135
5 61
25 18
31 139
83 47
107 60
21 109
41 136
95 4
54 65
50 60
92 87
46 77
4 14
129 82
143 119
56 56
2 78
14 24
62 130
47 110
86 22
149 109
134 100
5 132
47 28
5 84
80 91
6 147
60 112
53 114
102 92
88 37
11 57
123 88
86 144
137 108
91 11
6 131
8 42
98 7
35 8
5 46
149 64
78 116
141 81
53 120
41 142
58 74
38 129
94 129
11 56
133 76
99 104
134 105
81 66
141 93
71 64
105 107
114 24
51 88
132 94
137 4
36 98
74 13
47 65
20 30
31 14
74 17
97 63
86 90
67 42
65 84
81 75
109 86
139 133
144 54
141 82
47 9
61 105
0 104
109 134
70 102
66 96
122 106
108 5
104 20
108 80
32 50
35 42
38 102
31 51
98 88
101 11
30 128
73 35
133 34
99 121
70 148
124 131
41 142
29 39
17 93
79 126
78 41
109 110
51 94
139 58
3 32
50 69
126 108
0 96
5 136
82 20
111 69
115 72
140 137
26 16
76 65
148 9
108 109
7 58
60 68
78 77
78 27
96 104
37 123
50 142
73 23
32 21
101 59
85 70
70 131
124 19
77 67
42 81
142 121
30 131
44 132
80 25
92 49
135 136
17 4
54 48
42 77
46 71
38 141
148 144
142 81
135 36
84 100
141 76
116 91
147 89
130 32
106 97
89 128
41 91
149 128
93 6
139 45
95 86
129 136
22 60
21 22
103 94
129 59
74 50
129 53
30 76
118 123
52 21
54 19
47 68
27 1
144 141
115 106
52 76
22 26
144 128
111 59
51 117
62 135
28 125
58 128
92 104
36 40
54 111
149 78
4 107
29 17
97 22
40 55
132 39
61 71
88 30
76 141
30 68
34 65
55 10
119 32
140 44
23 119
86 108
71 82
55 100
134 94
2 146
126 119
21 71
30 10
61 123
92 11
14 39
80 28
97 114
22 21
98 122
112 62
17 83
123 27
30 82
70 13
118 118
23 56
137 102
132 130
70 137
125 103
66 103
106 119
88 16
45 2
80 51
75 37
90 108
118 102
57 7
60 34
62 76
40 136
103 99
70 12
90 101
36 35
18 36
110 9
141 33
87 135
121 3
12 111
9 124
73 121
24 63
6 145
0 101
30 22
38 110
15 83
112 95
136 15
123 44
75 92
58 91
12 63
12 23
26 80
1 8
95 5
54 25
80 114
66 116
83 4
40 56
39 40
98 146
122 47
12 63
118 149
136 61
20 140
37 65
65 55
83 14
127 7
29 47
79 82
42 134
47 130
103 79
102 120
19 85
69 146
125 142
109 17
133 66
43 95
103 130
107 131
75 87
101 79
141 64
67 132
145 33
107 145
70 118
29 111
51 131
122 130
57 51
9 134
106 38
7 121
9 73
69 17
27 7
38 143
103 143
19 140
39 145
40 21
1 18
129 17
71 22
134 48
53 63
15 75
144 42
75 68
29 133
107 33
80 10
88 16
101 72
90 74
8 93
68 134
53 109
62 7
84 146
147 4
142 106
32 8
112 56
103 18
104 95
35 17
127 37
87 147
107 102
48 29
131 7
98 61
148 17
57 86
141 124
2 89
65 86
135 54
110 40
53 138
2 32
36 138
144 39
87 16
28 86
104 59
86 63
99 28
65 70
102 120
78 73
135 118
9 144
130 43
116 94
112 53
59 113
120 42
35 78
91 47
58 27
95 91
82 16
51 52
28 32
31 0
69 26
112 31
35 102
101 8
60 51
1 54
83 134
111 108
95 101
80 90
0 147
10 130
86 101
121 36
97 35
55 130
107 62
13 64
137 32
42 58
137 23
92 19
78 113
110 145
57 16
144 71
60 126
133 51
34 98
101 66
144 131
79 114
59 129
32 113
96 107
38 44
74 129
60 78
29 62
121 68
16 48
56 128
30 142
112 139
5 41
144 57
62 97
26 39
146 96
102 83
10 51
134 78
66 22
66 138
53 86
109 138
114 71
81 60
93 78
49 91
121 30
72 69
98 89
7 30
133 2
58 31
72 31
125 63
40 92
128 4
55 108
74 2
67 23
52 140
89 59
17 138
35 137
143 14
116 41
49 31
135 110
20 70
62 121
148 83
132 54
16 52
71 137
144 52
8 4
83 13
26 105
0 95
14 16
46 100
100 73
61 64
116 82
44 108
108 130
64 34
103 19
120 146
115 12
139 82
138 39
20 32
105 9
101 134
34 139
0 117
93 76
54 57
124 46
86 87
11 86
138 133
45 83
29 57
12 96
25 89
10 43
0 60
21 73
1 87
98 130
78 46
89 131
128 69
71 124
65 98
119 82
50 113
75 37
58 6
65 19
141 31
119 147
147 55
148 47
126 149
138 111
68 53
124 83
84 89
107 14
65 143
57 100
34 33
2 6
73 3
51 91
3 69
123 54
109 55
98 57
26 138
107 24
40 48
109 82
58 47
142 8
51 133
28 97
4 140
121 80
20 77
1 32
63 130
59 111
109 116
26 32
122 114
48 149
90 14
127 9
45 97
50 7
81 104
111 145
104 99
8 108
107 20
120 94
37 136
52 67
131 21
76 125
39 43
82 55
100 133
34 56
90 149
133 80
149 87
48 23
121 25
110 14
139 75
34 137
10 54
118 8
107 124
137 108
131 89
116 13
145 54
60 84
144 68
108 68
2 78
89 91
126 117
138 37
125 98
93 19
143 14
88 140
137 115
50 64
12 46
106 146
6 104
6 32
137 125
58 125
39 144
109 124
67 3
17 50
103 69
135 116
31 77
26 57
88 0
87 128
44 98
115 75
78 46
69 56
50 51
36 4
100 39
141 107
50 124
32 135
75 32
92 148
42 22
94 116
20 31
19 2
33 54
25 24
100 27
52 109
73 128
109 87
42 148
27 66
140 94
143 41
117 112
55 114
65 81
53 99
68 132
37 29
20 27
60 83
145 108
105 125
139 90
57 139
24 35
13 131
6 26
50 71
79 82
109 30
6 89
95 123
16 62
61 9
28 50
21 76
79 101
3 128
146 81
113 39
76 140
132 106
65 106
55 119
8 87
133 100
94 10
56 30
123 95
65 6
96 138
128 11
5 57
98 112
71 103
12 42
96 110
79 79
5 50
122 41
127 123
67 97
84 98
142 107
128 39
116 100
50 7
148 137
107 33
61 45
90 53
68 117
93 100
116 61
77 83
124 77
51 144
111 84
8 126
144 58
17 58
101 10
96 132
11 71
146 49
70 110
95 78
103 125
124 123
109 120
143 3
134 39
133 69
132 19
38 88
30 24
143 73
29 67
96 124
73 43
33 144
142 47
59 84
118 89
137 36
136 12
91 99
44 19
98 68
149 71
40 115
132 37
112 88
70 55
76 136
76 85
105 25
95 72
101 67
110 61
82 115
81 107
113 73
7 10
5 138
96 40
116 140
108 27
134 50
9 90
35 123
142 59
56 111
87 76
105 20
125 8
29 12
26 95
137 41
27 15
91 127
85 50
143 38
132 77
23 28
14 142
79 46
67 64
15 133
98 131
84 91
63 4
80 147
139 4
122 86
12 29
31 116
89 55
137 139
96 87
12 20
109 135
98 22
0 105
87 72
62 41
104 106
72 37
97 50
146 85
78 128
137 19
77 24
116 107
74 102
61 38
123 88
72 81
147 77
129 33
93 122
95 26
134 53
14 139
43 86
116 119
77 7
98 101
133 83
1 59
124 51
20 97
7 147
94 30
112 139
12 26
3 136
25 97
30 117
70 28
85 137
55 38
54 3
98 78
133 46
37 85
8 72
97 23
26 130
55 103
59 144
122 148
48 56
77 120
88 134
35 18
106 99
87 53
1 32
146 30
11 56
65 73
51 76
45 113
39 20
56 91
59 87
55 24
14 77
131 121
114 144
147 103
97 86
96 71
38 87
29 117
89 128
51 12
42 51
117 119
49 53
17 3
29 146
31 6
18 68
43 25
79 115
25 57
100 25
119 1
38 131
136 3
136 93
15 72
89 18
67 32
112 29
129 110
23 58
149 69
114 112
136 68
17 28
40 99
27 122
65 90
8 114
98 64
45 57
131 53
143 78
93 29
141 1
26 35
126 137
73 37
21 114
55 36
81 108
32 13
104 25
76 132
93 37
92 77
25 27
94 103
136 18
84 104
118 26
61 123
30 16
104 64
20 9
75 140
84 83
86 68
142 21
126 56
123 8
100 102
123 19
70 80
137 52
36 0
77 7
43 140
62 105
132 42
139 38
93 97
49 109
132 50
57 15
89 131
85 18
13 58
9 82
117 134
16 107
62 76
68 95
136 132
67 16
12 54
72 108
73 66
73 12
142 40
30 104
71 62
62 108
39 69
127 8
38 95
59 21
57 87
90 103
82 81
96 19
44 72
69 134
122 75
50 5
110 103
16 38
94 90
104 22
56 35
124 36
135 131
108 42
63 76
131 43
104 96
141 24
45 121
99 84
117 90
4 124
117 142
134 44
4 103
7 27
58 117
43 103
42 5
30 6
66 18
134 66
48 67
18 63
129 140
100 17
54 24
117 66
105 116
64 35
67 47
87 39
54 12
97 34
73 115
44 24
97 88
59 58
1 149
100 7
70 57
73 129
64 23
46 65
45 38
59 80
67 42
76 26
67 118
1 89
18 13
58 80
36 53
34 126
89 86
0 0
111 111
148 115
7 28
72 52
32 96
22 120
110 136
135 62
38 10
64 21
8 135
12 147
7 24
38 42
104 72
30 71
128 44
90 33
134 10
36 87
91 131
42 125
109 90
25 140
137 53
41 53
111 46
123 3
80 80
118 108
69 129
13 93
137 91
149 65
63 9
19 78
29 1
55 58
104 148
121 4
43 125
113 72
56 86
130 117
45 117
13 42
32 142
58 75
124 147
143 7
95 51
42 117
27 92
99 141
136 95
22 14
127 54
130 62
103 121
69 82
113 104
97 115
96 136
30 102
69 20
139 50
105 114
129 119
88 50
105 94
84 4
59 26
58 146
28 35
109 63
92 2
1 61
134 115
31 20
144 124
65 58
79 115
18 26
59 126
118 111
22 139
132 10
43 112
46 18
18 92
83 68
123 28
29 94
41 126
77 4
32 74
61 102
87 111
45 22
52 55
106 3
141 137
72 46
46 80
124 147
7 20
139 141
95 145
13 36
76 10
146 111
81 121
17 124
84 135
5 16
70 10
19 60
94 82
70 74
104 124
47 61
76 141
48 73
49 49
29 124
52 60
111 58
80 5
25 78
142 108
30 0
137 72
95 12
18 16
27 68
21 50
119 6
143 69
66 134
69 14
16 32
147 130
55 34
0 8
76 17
55 143
118 28
129 122
117 75
60 9
43 98
5 111
45 98
104 2
72 81
99 113
10 11
78 60
106 64
118 92
71 64
106 1
62 146
90 70
58 101
124 123
32 88
115 67
85 71
28 42
129 122
106 119
133 104
122 77
84 43
137 8
19 16
118 4
115 54
50 29
104 81
93 148
134 52
136 53
144 92
30 96
63 100
55 74
65 0
60 74
9 19
14 65
137 83
147 133
51 82
39 89
83 44
108 133
44 125
29 9
33 101
145 77
20 115
11 102
77 133
91 102
74 89
12 57
98 139
35 59
73 56
121 0
75 53
144 148
2 24
19 67
135 84
43 94
40 116
149 62
41 3
26 4
135 113
82 19
38 48
37 49
19 2
37 122
49 80
9 23
58 146
28 71
8 128
42 89
129 148
14 10
46 76
122 39
135 34
58 77
54 120
55 110
79 64
149 143
28 70
44 26
146 83
36 95
125 2
118 51
51 106
130 18
119 97
131 108
81 93
118 89
133 95
25 62
145 7
58 79
148 65
23 50
6 90
70 83
133 144
32 77
35 27
15 23
75 103
76 84
15 41
23 90
121 102
28 39
96 130
122 10
119 39
11 137
105 113
90 146
71 100
72 99
68 58
49 18
112 70
117 29
71 7
2 40
25 148
10 116
21 42
112 85
12 40
141 143
104 70
50 91
28 116
103 75
59 20
21 94
122 18
58 138
78 125
90 145
81 146
41 133
147 81
51 54
89 15
41 105
9 110
88 144
7 103
44 88
66 28
21 67
121 128
30 132
105 2
107 60
34 12
19 89
138 95
146 61
1 22
135 53
135 18
127 122
77 114
117 148
107 59
120 91
38 40
90 28
148 11
69 107
97 92
107 21
70 149
134 144
113 48
125 116
120 119
48 48
21 83
21 126
46 76
53 126
125 142
54 129
55 13
120 15
66 21
67 52
117 138
61 145
90 69
145 21
111 42
48 110
116 119
114 64
122 131
49 71
134 147
92 2
19 54
36 129
126 84
87 99
58 32
41 126
142 148
61 24
45 91
18 140
67 14
78 138
9 33
91 54
54 12
72 52
109 94
78 139
104 136
134 38
119 81
130 9
118 121
26 92
58 94
30 134
107 122
91 45
142 75
108 138
44 23
27 28
87 40
2 35
19 38
135 122
81 85
52 77
84 34
112 77
113 32
0 113
134 72
137 76
125 8
1 118
143 58
89 129
36 108
60 12
77 30
85 15
103 53
148 54
89 3
113 1
128 147
112 147
63 12
44 21
139 92
112 1
98 87
57 149
73 53
117 4
64 62
94 89
67 32
39 127
127 75
117 145
78 61
81 75
94 60
19 25
12 91
81 37
17 46
85 28
122 54
127 33
70 106
105 90
92 101
2 65
142 114
58 83
0 133
5 130
6 11
63 70
120 35
59 75
61 91
114 91
81 69
2 126
0 20
25 32
34 72
100 65
144 94
21 111
17 104
97 35
8 82
123 19
113 42
111 141
107 68
67 107
55 122
115 70
77 68
21 145
20 93
55 58
93 22
142 20
50 125
110 131
71 11
104 28
87 141
28 108
100 140
60 29
72 97
92 54
104 106
122 65
18 62
16 136
122 62
42 97
17 13
131 97
50 102
47 18
51 111
68 38
87 80
126 57
125 56
65 104
141 6
135 95
141 15
137 4
111 139
131 121
129 105
123 41
92 4
0 26
75 121
140 92
14 85
83 136
44 22
112 101
54 28
32 110
135 96
8 46
42 13
6 72
111 83
48 132
80 115
56 60
83 68
132 40
146 12
15 59
106 134
43 45
125 142
65 13
113 92
83 53
37 129
19 18
21 72
17 7
8 34
32 60
100 125
92 46
61 84
17 94
128 93
76 99
74 149
41 130
34 96
25 34
51 38
116 143
117 59
42 94
31 143
104 48
135 143
96 56
28 68
86 128
130 44
50 15
72 124
83 96
81 108
39 61
51 123
32 11
23 86
100 90
124 130
14 34
32 5
71 46
65 19
48 34
146 54
64 20
71 68
55 125
60 145
24 36
107 17
36 18
45 69
78 31
130 99
107 12
57 17
97 94
89 127
5 64
12 93
12 2
78 125
4 104
31 9
129 71
40 54
68 53
78 94
126 145
92 4
17 96
82 133
123 121
47 95
61 55
50 92
3 34
24 62
33 102
97 59
18 28
36 29
79 13
127 27
115 72
3 20
141 3
92 123
8 50
10 6
98 147
122 96
140 97
106 137
122 19
102 94
51 13
116 140
132 6
138 17
137 33
58 22
68 7
44 80
138 127
105 66
62 127
141 87
135 145
9 12
37 45
103 9
84 59
42 34
43 117
95 30
10 72
46 40
85 32
92 133
37 123
87 40
11 16
74 141
82 136
102 51
107 51
20 125
61 49
102 87
3 76
64 64
133 81
42 44
54 114
76 81
67 4
147 105
75 79
70 53
98 22
138 40
109 124
81 124
98 46
130 9
139 110
40 132
51 12
120 71
149 13
24 148
8 99
59 127
107 20
127 128
145 112
133 45
34 15
68 60
102 7
16 88
129 107
61 47
135 33
142 101
114 121
134 32
16 38
100 147
103 93
56 82
111 86
98 134
83 66
12 74
128 34
139 142
138 136
58 130
1 23
57 62
103 123
68 9
106 57
131 15
118 73
9 95
140 1
74 105
68 45
118 103
24 35
15 72
25 18
91 113
147 24
73 27
68 62
148 32
44 130
83 134
4 31
39 37
99 67
97 79
148 35
65 78
93 11
69 119
69 89
9 48
66 130
125 49
147 25
80 40
36 11
71 64
8 53
70 105
100 98
61 69
24 136
94 0
45 93
53 35
110 56
144 21
99 146
22 10
89 30
26 31
142 64
20 11
83 103
134 17
100 22
87 54
84 69
71 31
22 74
149 125
97 62
90 62
77 16
104 65
98 139
47 47
0 52
141 26
20 9
62 70
36 47
72 149
83 37
64 103
67 40
88 36
51 149
64 52
75 89
17 49
98 139
75 16
52 132
26 129
20 52
55 104
18 18
10 149
103 96
18 83
13 102
54 39
26 146
28 111
23 50
110 56
28 72
11 61
100 75
101 68
60 83
14 15
72 149
29 88
16 8
118 66
24 16
33 64
53 92
31 89
42 115
51 84
15 15
99 20
27 107
87 62
142 71
85 89
127 41
71 58
32 52
124 82
60 95
132 137
101 74
95 12
7 68
147 102
114 86
3 116
131 118
129 98
42 144
75 42
95 27
132 21
50 39
3 52
59 73
28 45
66 71
24 99
132 129
59 60
5 140
88 114
146 139
114 6
88 77
122 112
112 106
69 63
141 88
83 93
41 9
60 6
35 15
146 99
117 116
100 38
0 100
118 81
140 14
54 139
78 86
100 66
30 146
112 34
74 129
124 18
106 92
14 72
83 58
32 76
77 2
140 35
147 98
78 87
136 63
31 4
65 27
81 78
33 57
30 52
119 26
83 88
147 142
96 97
27 140
76 117
45 119
35 128
41 110
62 118
56 106
90 28
100 28
112 42
40 16
48 108
92 133
81 71
70 140
55 83
11 116
117 100
120 9
45 14
11 48
37 19
13 19
145 75
80 98
130 17
11 60
41 81
68 105
28 105
103 24
58 114
114 101
27 66
37 110
115 110
42 65
147 21
59 149
23 79
7 5
70 81
64 107
135 72
30 89
15 120
103 125
82 83
114 52
23 70
57 95
130 139
147 55
130 0
110 77
72 21
57 14
109 138
117 73
15 44
138 86
112 39
1 121
53 88
72 3
146 74
25 139
74 109
24 78
89 88
21 105
131 113
14 97
91 118
13 23
106 46
4 144
108 3
128 54
13 56
128 62
99 3
0 127
91 40
0 9
28 41
72 98
93 70
46 91
111 125
17 65
15 27
145 137
148 147
51 137
45 39
140 72
83 25
98 65
68 135
72 68
69 102
113 129
107 80
131 82
20 45
2 13
91 96
92 54
15 43
15 47
87 84
114 97
38 148
25 100
68 30
30 129
65 91
39 82
67 88
54 16
126 93
114 139
64 23
58 142
145 10
88 124
83 47
55 44
81 53
100 119
102 41
9 47
13 107
36 27
22 115
58 4
20 3
146 80
111 121
51 24
82 12
18 142
49 28
47 7
118 83
68 125
116 89
61 119
92 20
14 126
98 9
108 49
11 133
115 113
21 23
91 22
39 81
52 131
20 139
141 21
2 95
29 39
130 129
23 80
11 85
0 37
135 96
35 131
109 65
137 67
117 92
109 110
46 118
71 121
14 89
111 37
143 50
35 78
66 30
134 21
55 38
62 83
9 73
142 46
68 93
8 59
104 5
25 34
123 147
36 74
39 82
100 22
106 68
145 19
89 87
13 126
14 71
78 131
62 44
22 10
24 21
114 117
57 28
139 107
24 87
3 3
126 6
40 44
43 15
53 40
26 62
104 74
58 100
31 9
113 60
119 46
111 122
106 37
119 65
119 103
59 90
138 141
26 42
71 97
39 14
64 144
135 89
72 42
62 20
111 17
100 87
34 59
38 147
114 42
26 52
65 72
24 115
2 64
16 38
8 123
40 41
132 92
77 50
41 53
16 138
56 107
124 65
46 90
71 29
37 97
16 100
3 13
103 144
132 139
31 128
131 44
51 63
121 84
97 38
66 28
20 61
149 129
83 126
71 123
49 69
74 64
20 117
137 72
50 125
53 25
11 116
1 50
142 123
138 143
79 59
32 31
141 58
2 97
35 73
71 0
59 94
31 142
130 20
12 113
137 19
98 130
74 102
5 51
36 49
145 74
85 34
14 29
81 99
121 83
18 14
98 88
82 144
5 82
101 134
59 147
106 73
86 0
121 130
102 65
85 145
18 42
136 115
7 140
59 4
44 26
119 115
73 114
78 91
98 6
38 95
29 135
64 63
129 62
11 100
122 74
30 82
102 111
25 116
93 34
64 89
59 114
76 101
82 50
66 23
123 142
66 119
10 18
82 54
136 93
135 16
127 73
42 126
27 32
38 93
109 74
88 124
60 85
23 21
14 106
49 148
114 14
83 96
36 82
12 129
128 4
40 144
143 27
110 16
35 32
94 59
82 62
140 16
112 29
128 133
123 140
11 108
85 44
74 46
9 2
146 109
93 119
90 97
86 147
71 15
15 144
132 85
75 39
15 5
17 82
45 144
103 47
17 124
36 132
37 29
106 4
101 78
38 106
102 93
92 53
128 16
89 120
23 83
60 62
77 138
11 33
53 51
83 59
130 124
51 111
75 103
83 17
62 2
143 100
130 19
44 117
119 20
58 114
113 108
6 29
35 60
146 90
35 50
45 103
96 118
71 142
142 136
87 146
96 6
55 101
91 55
131 61
36 147
38 4
52 139
126 112
38 39
115 43
67 34
21 73
12 74
121 73
45 125
30 92
132 54
61 120
11 147
100 37
60 70
106 135
39 124
77 21
90 142
19 89
101 86
43 42
102 78
129 24
52 82
52 103
12 148
78 100
119 68
55 8
15 128
56 108
106 76
26 2
100 119
94 45
111 72
70 36
62 61
95 17
110 22
95 147
21 83
110 126
22 141
105 68
31 103
132 93
106 91
75 118
97 127
71 69
6 82
124 39
26 126
120 99
62 107
135 14
101 107
144 70
72 121
55 117
70 30
16 55
91 122
113 108
120 129
83 137
52 20
64 143
99 6
95 71
115 46
93 74
93 71
12 7
30 80
109 130
106 9
58 96
27 142
81 6
16 115
83 96
25 116
46 102
134 1
120 5
140 50
131 74
65 102
64 40
1 81
47 4
19 116
132 94
18 90
18 2
24 105
128 58
136 140
69 46
109 130
68 71
102 58
102 90
65 96
42 30
126 124
92 0
3 43
44 71
11 108
24 24
129 50
83 40
112 98
131 21
6 137
9 31
123 141
12 54
122 103
109 100
103 26
15 73
49 96
34 112
48 126
33 83
126 100
47 81
109 123
74 86
16 111
136 79
89 69
108 59
15 147
32 62
130 32
111 89
93 98
126 23
121 124
53 1
115 110
119 83
27 70
58 96
103 83
52 31
38 99
83 100
70 116
51 17
57 97
75 13
86 144
34 26
16 147
104 143
7 38
10 26
128 136
137 25
4 46
46 96
111 51
121 118
101 98
98 107
0 39
33 3
109 2
25 127
64 13
9 83
119 91
107 85
114 35
118 30
106 21
84 36
52 104
0 134
70 32
136 95
108 25
99 58
37 81
33 139
68 44
24 145
45 131
127 21
123 12
34 11
87 108
76 110
112 94
30 62
81 136
105 137
121 68
96 10
72 87
122 68
142 140
140 106
42 125
140 59
10 32
84 81
64 29
18 38
11 64
25 25
142 138
97 120
143 11
57 94
125 90
8 144
57 124
17 8
108 45
70 21
77 126
14 60
12 42
10 39
139 29
73 75
134 29
36 107
40 23
90 1
45 130
82 92
38 21
46 91
126 131
148 11
134 75
67 113
76 95
51 31
136 115
90 141
44 142
83 98
134 63
83 129
89 6
109 95
101 97
23 116
50 127
3 136
66 88
116 144
87 15
18 32
83 37
127 148
10 2
22 142
77 69
143 60
78 44
130 4
86 41
72 41
39 148
20 122
4 16
85 138
41 139
39 14
30 140
51 108
57 33
7 29
131 97
77 60
109 26
113 40
11 81
125 130
104 101
85 114
78 101
53 66
3 43
14 101
57 85
122 87
26 10
73 36
84 35
126 86
52 86
107 106
117 53
72 99
77 62
21 88
18 104
28 16
129 64
17 44
89 44
17 0
120 140
25 143
75 78
105 149
64 101
20 103
50 51
85 85
47 41
125 44
125 144
10 3
45 65
126 49
49 62
76 96
130 91
108 111
131 2
62 5
52 53
72 48
104 7
81 100
51 114
117 48
134 35
92 44
57 127
15 84
29 88
64 76
18 45
142 38
64 79
38 29
15 6
48 56
37 100
109 88
27 138
5 63
114 145
143 2
58 131
147 29
144 105
95 113
138 86
57 144
62 142
56 65
15 122
48 74
76 14
16 45
64 82
126 113
149 127
109 10
65 112
86 115
124 103
98 66
144 25
50 140
65 140
31 81
114 124
79 107
105 67
48 45
11 2
15 49
57 73
104 55
149 116
43 66
2 4
140 85
105 108
81 63
19 47
29 48
49 101
122 122
92 136
49 37
135 41
127 123
15 15
118 73
30 8
44 133
13 45
146 71
117 86
126 146
113 55
56 90
57 114
99 135
141 25
144 99
85 29
132 128
108 37
8 53
59 0
126 64
133 21
51 99
57 11
69 112
103 99
91 113
67 57
149 0
33 100
105 74
9 5
51 109
95 56
95 136
148 64
3 102
78 43
140 19
142 12
55 45
123 105
2 56
98 100
24 148
28 62
0 8
37 22
68 69
78 72
31 92
148 32
20 58
21 64
133 64
125 93
6 1
48 101
72 62
53 42
65 15
105 41
108 87
99 121
26 45
38 136
13 69
42 89
40 113
41 23
53 76
70 115
13 27
55 44
97 145
90 38
83 54
39 89
125 32
12 4
22 48
66 4
58 62
76 79
131 132
137 37
51 92
45 43
32 37
42 134
99 93
31 74
96 136
52 144
99 143
130 20
0 115
80 42
131 119
18 111
149 3
65 60
67 14
67 69
41 93
70 71
98 97
72 147
72 4
2 129
12 125
103 11
23 93
97 56
38 96
34 73
119 58
26 16
83 51
14 117
11 91
14 56
100 111
74 146
11 121
29 128
53 139
20 149
63 46
105 79
89 140
116 105
131 1
69 52
143 107
1 94
103 66
127 56
134 136
94 0
68 30
105 140
134 56
3 119
40 30
63 114
142 6
112 127
4 114
39 2
141 51
132 105
75 130
13 149
133 95
125 69
116 129
17 102
106 15
54 73
11 68
126 131
96 123
107 145
145 64
90 138
69 100
129 140
68 97
38 148
74 131
132 85
50 121
92 109
25 111
28 143
120 57
15 112
24 8
143 29
136 83
11 56
55 111
14 105
9 18
49 132
50 58
40 145
18 42
107 43
85 79
76 32
144 114
141 88
86 53
79 20
32 75
68 4
91 125
124 30
34 99
9 1
7 99
89 138
39 38
68 7
112 93
123 100
134 89
60 17
136 82
42 101
104 108
52 68
2 47
84 80
102 77
70 103
149 17
82 46
0 50
38 111
60 74
116 52
87 85
104 100
131 120
2 33
106 12
15 73
110 120
6 4
109 142
72 14
112 123
110 1
111 22
37 55
18 103
134 38
101 144
119 98
28 23
19 74
19 85
15 148
102 137
75 3
129 116
16 58
48 72
1 74
12 114
149 107
55 84
118 101
22 104
125 102
102 10
79 142
112 52
74 113
132 17
62 52
146 79
56 19
54 64
17 64
104 99
25 137
7 99
128 85
121 20
84 44
76 74
100 18
19 67
2 27
23 42
70 85
119 118
130 123
20 62
35 124
21 42
22 17
142 90
120 68
78 77
102 23
47 52
87 132
34 81
120 125
94 94
13 125
60 57
98 80
65 88
27 45
18 111
31 77
13 31
73 36
33 39
101 101
122 86
110 121
72 6
144 60
95 46
46 45
20 141
75 71
85 26
106 6
80 87
145 25
126 34
120 104
33 39
52 96
129 96
25 72
94 60
18 28
147 79
110 126
32 146
51 93
61 98
82 27
127 93
117 90
6 15
51 86
105 125
75 41
142 3
89 20
59 54
149 112
103 24
119 147
79 65
131 142
20 62
107 95
116 42
11 89
68 74
5 11
127 23
72 0
83 69
6 0
64 67
86 144
22 104
124 42
116 76
148 127
8 57
80 120
17 124
32 37
21 53
55 38
76 87
53 12
50 50
49 53
15 101
102 17
85 52
32 19
58 89
17 44
98 5
119 4
27 11
99 80
142 114
70 87
146 137
67 114
102 91
6 24
78 68
149 65
34 131
110 53
28 33
113 35
122 10
15 17
52 4
106 42
119 3
135 107
132 80
58 94
29 14
41 102
54 133
50 45
124 94
14 93
3 37
93 35
147 81
22 0
126 61
91 47
80 11
8 15
149 116
95 89
113 141
13 124
93 57
119 53
55 127
89 78
64 149
10 36
144 102
58 72
66 34
39 136
52 19
23 59
134 145
56 107
4 112
68 121
10 112
144 80
16 65
72 90
143 37
38 118
97 37
88 109
69 51
67 1
5 15
97 83
97 141
100 68
0 129
16 109
37 34
33 10
59 1
139 62
130 43
121 43
45 141
37 50
149 50
143 33
40 38
38 29
0 87
48 81
0 4
80 95
124 59
146 63
99 42
31 22
102 95
47 74
147 11
116 13
90 40
136 147
75 107
57 44
149 88
62 85
71 130
14 48
35 39
16 86
22 42
5 52
112 57
11 49
75 126
15 120
50 124
100 22
106 74
89 94
28 69
13 56
105 86
105 141
106 67
20 17
70 50
109 144
60 7
20 6
12 115
61 5
21 19
102 120
41 147
82 19
63 7
93 25
67 27
96 127
88 91
2 137
0 92
90 56
97 80
93 14
58 121
148 82
45 88
131 41
35 14
95 132
8 52
93 86
5 68
135 149
42 50
134 16
41 33
145 17
22 32
117 144
149 99
125 62
22 75
0 130
116 39
101 96
75 135
118 143
47 84
137 33
149 43
113 107
23 72
87 59
8 22
77 12
40 90
74 54
102 54
109 132
59 6
28 125
49 27
146 98
133 0
20 45
2 128
63 120
117 126
97 2
67 110
15 137
19 80
4 145
105 146
50 130
126 102
0 130
7 147
48 1
18 9
116 102
85 93
59 65
13 42
87 146
16 43
123 72
115 27
120 133
128 109
138 29
26 118
55 118
88 137
70 144
82 123
113 143
133 106
149 85
65 59
3 66
80 75
98 103
101 13
133 131
56 120
103 57
2 51
5 96
35 111
134 26
69 148
119 118
35 108
62 51
146 124
124 65
124 65
145 140
126 76
13 69
37 142
96 72
123 130
105 86
91 96
53 67
81 123
32 148
8 139
125 11
141 7
88 84
126 88
43 87
139 68
105 124
26 123
134 55
81 48
88 82
89 32
5 102
126 63
50 55
95 119
74 51
68 124
63 22
149 31
67 57
91 117
14 108
108 70
90 123
14 87
71 149
108 75
12 97
80 10
106 93
107 68
144 146
58 135
15 107
98 49
69 148
107 38
124 142
45 27
24 49
40 3
90 143
19 77
60 118
1 141
125 2
26 70
142 84
137 147
89 113
141 55
136 78
35 113
71 79
91 100
88 21
100 67
13 52
98 95
36 77
5 37
124 102
38 69
0 110
84 19
32 23
148 94
19 77
25 125
45 59
48 65
86 77
59 54
51 27
62 126
67 129
74 44
64 7
140 23
9 73
64 4
117 77
42 132
25 62
133 69
100 119
40 107
104 33
102 43
132 20
78 95
90 52
128 115
37 88
22 90
59 38
92 56
75 139
28 41
98 23
130 125
94 144
120 22
118 102
41 11
141 33
33 10
125 2
45 68
39 50
64 120
90 50
140 11
57 102
82 109
95 32
80 147
113 14
44 59
29 72
74 89
107 10
87 9
113 49
78 139
32 22
31 77
90 92
79 58
1 41
8 12
129 0
4 59
79 13
113 38
101 98
80 132
133 131
4 137
89 16
106 87
9 13
141 99
117 142
19 129
50 94
16 70
119 138
7 141
9 130
24 35
86 123
56 51
20 33
17 146
31 98
63 6
33 26
82 130
71 137
61 56
53 59
147 141
128 93
77 45
128 5
27 62
142 121
3 132
121 107
48 16
5 39
71 98
21 86
120 39
45 101
45 84
73 87
116 14
126 42
98 25
36 57
2 95
73 125
25 23
42 44
5 42
111 115
61 61
139 132
44 126
95 30
43 46
24 52
126 112
57 24
49 107
134 40
99 13
148 145
120 77
48 2
141 96
73 32
32 124
83 90
138 110
79 54
83 122
80 148
119 96
96 51
149 128
30 78
57 149
37 89
7 95
125 46
8 26
109 57
75 140
102 48
57 65
70 42
93 119
116 26
52 147
117 79
139 141
116 96
44 110
144 114
109 62
3 101
16 139
56 90
72 128
34 103
123 138
99 122
94 136
53 65
29 45
28 10
130 120
88 33
76 100
61 135
56 129
90 69
138 59
97 58
57 133
128 73
72 19
64 106
65 105
78 85
117 47
59 2
4 101
47 27
121 142
75 97
99 34
17 12
118 116
37 15
134 81
99 43
138 27
131 47
96 48
14 132
27 116
27 36
40 11
95 40
45 13
40 10
115 104
94 19
129 117
71 140
113 32
9 67
35 90
56 56
49 131
42 133
90 40
40 142
19 123
104 117
94 141
84 8
103 37
112 86
132 1
81 50
60 13
38 121
105 73
2 109
102 12
136 141
105 51
13 95
19 84
95 32
97 4
33 146
39 23
130 111
108 120
62 2
136 31
94 140
75 103
147 147
76 8
124 82
133 117
65 7
104 0
110 103
78 109
147 140
88 83
51 110
32 39
139 51
128 144
26 131
120 16
101 12
76 123
133 80
25 131
83 101
127 17
71 106
87 48
98 95
147 145
121 79
49 40
10 86
80 30
0 33
107 130
115 39
95 125
86 74
125 46
56 139
32 37
132 114
69 41
80 53
115 37
143 66
24 91
103 93
75 51
100 77
118 132
121 141
139 73
117 4
1 53
143 43
40 51
3 13
66 70
125 26
149 27
105 73
98 86
66 49
117 33
145 1
13 64
59 25
130 28
63 81
89 8
24 116
21 46
75 72
149 89
56 79
7 57
38 92
147 147
5 24
43 136
131 127
34 63
12 57
131 62
77 14
117 14
97 138
149 84
1 131
116 40
140 142
47 2
143 94
52 72
148 7
72 148
110 42
41 23
123 75
25 76
22 89
30 53
109 89
70 11
90 21
28 61
49 16
83 89
8 138
32 74
72 125
54 12
139 132
19 135
62 20
102 83
28 125
77 21
104 142
70 121
110 15
45 94
4 84
49 40
105 99
46 51
6 108
90 149
8 92
147 4
1 123
107 14
14 26
94 33
1 31
66 115
79 130
140 123
129 18
27 36
112 116
16 13
136 27
45 117
62 146
9 27
89 72
128 57
71 26
70 56
91 13
74 81
145 4
47 6
59 62
126 60
63 74
135 63
74 103
127 47
136 44
79 64
54 144
96 19
16 12
110 87
26 112
23 2
62 80
27 18
113 47
73 84
59 117
121 148
55 143
65 119
87 35
109 80
96 91
20 138
69 17
16 136
91 22
27 39
90 94
74 59
123 80
120 148
99 37
76 80
58 116
127 67
125 46
36 141
117 25
92 113
115 65
42 45
90 3
78 92
131 27
105 99
109 96
0 40
74 30
12 114
61 45
124 50
138 7
40 132
57 141
29 56
19 126
80 17
92 35
127 109
115 141
128 138
66 34
94 119
92 51
128 65
106 94
144 97
60 114
17 55
57 4
61 14
71 145
81 66
3 28
149 100
74 16
108 27
104 17
100 34
64 68
145 43
79 43
52 141
98 100
70 124
111 61
109 78
51 31
97 108
60 82
115 82
44 9
48 142
52 2
136 36
5 87
51 146
122 1
49 96
73 81
98 30
18 149
85 34
103 111
121 122
5 63
126 133
59 36
109 110
26 117
44 71
89 104
103 119
95 18
90 50
17 63
144 105
23 138
48 18
98 34
37 25
61 18
10 142
119 111
123 125
72 20
76 64
67 137
123 38
21 149
135 38
139 144
5 47
99 7
141 104
123 42
125 104
4 35
27 98
5 36
70 147
23 25
38 78
143 144
116 58
124 52
6 102
78 90
56 141
13 56
39 149
29 101
14 80
97 78
59 94
79 148
144 113
99 38
20 15
87 111
122 103
40 52
48 133
27 75
118 6
114 144
62 66
81 71
36 61
101 18
10 5
140 89
3 73
73 119
142 124
127 99
22 89
21 141
32 138
143 16
142 36
145 19
13 32
133 57
64 104
112 75
112 135
128 40
46 75
5 130
100 40
61 44
45 133
20 114
145 60
22 92
95 32
128 126
63 66
53 51
12 5
40 0
115 53
24 0
131 70
97 116
88 92
10 23
12 63
69 144
140 71
117 102
105 134
134 86
19 47
83 29
36 102
66 86
37 1
21 109
14 102
65 69
134 107
139 140
88 58
94 127
142 126
107 84
56 79
106 17
82 95
65 40
143 120
133 61
26 90
145 49
139 18
113 39
42 6
60 120
3 130
145 147
28 103
122 82
11 121
122 136
50 76
127 110
118 120
64 111
87 87
42 143
25 109
101 14
131 14
106 52
0 62
127 102
128 84
19 44
63 10
70 130
83 75
104 56
95 47
116 120
42 74
51 53
44 143
0 92
30 109
92 12
68 34
7 34
73 15
36 138
53 14
124 112
10 10
91 57
87 40
73 90
5 149
125 73
112 111
96 65
51 44
148 130
71 98
38 109
60 148
107 78
85 28
54 5
25 47
60 74
17 122
140 112
32 22
42 103
89 92
77 116
28 98
121 7
37 19
64 138
28 140
7 12
93 86
40 35
120 111
141 74
107 120
9 94
21 136
130 124
120 94
143 59
73 9
34 12
94 89
82 68
109 126
18 114
32 115
24 28
69 95
129 60
122 114
60 108
40 49
19 84
91 118
49 20
124 105
82 66
118 4
53 96
74 37
72 138
104 123
3 67
90 101
34 125
29 79
14 52
39 137
144 24
13 122
18 31
103 149
130 1
59 108
124 8
13 30
144 45
143 132
55 135
115 3
10 47
108 39
35 12
143 109
23 18
128 62
77 117
54 73
22 38
51 95
18 50
77 136
123 73
6 97
148 9
117 132
141 27
138 21
91 95
108 17
6 81
38 84
18 70
30 17
127 29
69 136
19 7
69 99
104 69
12 118
30 84
115 45
51 60
115 94
73 77
78 37
46 46
77 145
117 56
45 9
34 99
86 141
26 148
4 66
61 10
134 46
131 27
134 24
67 132
143 1
35 85
56 132
62 106
129 142
56 149
14 17
9 79
104 109
98 111
131 122
103 22
117 92
0 88
35 38
105 99
66 15
15 66
136 83
74 149
135 112
120 149
70 119
4 94
127 93
116 21
72 104
130 72
129 118
31 110
90 22
54 53
95 19
36 58
61 30
101 101
120 110
39 73
6 89
70 129
84 103
13 143
102 144
110 110
134 65
70 116
146 125
94 6
72 104
28 107
13 120
35 94
119 20
133 40
17 109
104 76
117 27
108 92
53 131
65 38
96 45
3 118
11 31
3 91
140 32
101 32
66 60
43 137
128 17
81 49
87 13
29 55
36 86
15 3
51 55
126 118
36 26
128 116
58 39
16 37
74 108
137 46
42 97
100 81
45 51
78 66
106 19
57 34
104 60
10 50
5 24
18 73
110 62
10 149
6 72
139 103
120 146
146 92
137 120
51 132
43 59
54 117
40 93
128 88
20 84
15 34
53 35
85 111
125 64
5 82
145 142
90 121
115 15
1 144
52 103
133 40
65 101
48 75
139 33
54 89
78 125
74 82
51 43
126 56
84 4
63 131
56 59
4 108
99 58
88 78
69 118
11 129
131 20
74 74
42 13
98 95
60 50
121 59
4 99
20 28
46 7
98 99
58 30
43 97
22 139
50 117
3 146
73 79
36 80
65 91
68 106
114 43
89 86
74 16
23 119
35 19
34 60
147 109
61 95
128 25
46 113
139 148
80 58
121 10
28 68
97 144
72 1
7 139
74 132
82 112
28 99
34 0
113 128
39 101
69 21
78 94
136 71
109 138
147 15
51 76
103 13
4 20
91 76
41 80
65 125
144 46
7 138
135 52
66 46
38 60
74 45
23 126
139 87
70 74
129 57
14 106
23 142
21 100
26 68
20 86
119 89
130 24
23 70
85 79
141 58
76 121
96 22
114 99
81 139
58 44
39 103
87 139
122 22
54 66
117 88
143 102
75 141
57 105
101 43
125 77
118 127
91 121
32 56
144 109
144 14
109 114
121 132
94 118
11 50
142 93
65 32
77 79
120 45
85 69
63 149
35 76
35 141
1 107
10 105
98 21
122 60
42 48
149 23
127 18
79 38
124 140
23 95
109 28
35 17
98 94
128 146
71 28
115 120
99 101
5 129
71 49
118 117
13 75
20 100
19 143
111 16
142 117
10 66
144 92
97 109
106 98
107 108
103 133
96 95
96 56
63 70
71 4
58 10
79 18
5 35
23 67
67 98
39 22
87 137
106 109
87 49
58 64
91 144
129 120
98 53
141 79
94 22
67 58
112 29
94 106
108 122
24 145
60 63
15 22
4 36
57 90
128 139
65 107
107 74
61 111
54 118
146 118
51 86
90 60
121 81
79 5
143 45
129 104
86 29
101 7
42 81
41 134
26 110
15 102
139 131
12 1
47 124
60 59
65 112
104 63
87 13
77 0
17 22
134 60
82 98
71 137
82 90
47 147
36 95
130 0
111 107
69 14
39 8
132 94
59 148
113 78
127 52
98 122
38 145
149 125
25 6
90 12
28 15
134 91
139 65
143 91
32 98
143 95
12 4
26 65
114 9
102 139
23 71
75 107
119 65
72 93
81 135
6 134
20 95
83 24
40 133
93 137
79 17
117 59
93 39
138 107
45 44
84 101
5 74
60 11
105 101
145 6
141 143
127 93
137 59
20 138
109 46
0 131
91 128
65 115
101 77
16 54
35 136
12 23
89 8
109 68
57 118
102 68
50 24
20 30
36 40
128 23
15 85
59 87
16 45
99 76
87 96
106 73
59 1
138 141
76 149
132 35
34 41
73 28
66 131
94 17
91 51
1 11
27 115
83 12
35 96
121 55
102 2
32 12
1 142
11 43
2 92
127 4
145 60
56 141
12 22
39 99
148 20
17 21
3 74
41 135
12 102
89 37
14 89
80 137
69 103
17 3
102 77
24 57
142 29
147 137
22 37
74 43
48 85
56 70
87 103
84 124
113 24
31 11
131 23
34 140
95 65
23 143
31 70
51 85
7 82
107 99
67 22
133 98
65 131
83 1
90 40
106 68
58 99
116 41
19 53
142 110
123 35
125 146
79 65
80 118
130 132
93 18
2 63
7 92
111 50
140 37
117 6
143 35
91 45
51 0
96 130
36 69
16 102
122 123
74 39
30 31
12 58
7 137
111 0
64 21
5 13
127 135
134 139
27 43
91 70
79 134
84 120
82 145
81 5
114 109
108 139
28 100
97 91
37 72
40 1
43 36
64 113
114 64
74 78
86 147
37 19
84 59
34 32
142 80
101 78
147 112
127 20
91 25
84 40
92 52
79 125
57 143
93 36
127 3
31 67
7 52
143 35
32 66
32 113
54 84
103 60
126 101
21 140
146 136
84 44
65 79
20 121
82 50
31 19
134 120
7 105
3 35
139 104
78 4
58 127
39 111
63 34
142 121
72 29
82 101
148 71
100 141
83 55
134 134
58 121
94 2
113 27
11 109
93 56
62 21
8 49
11 124
65 91
111 146
122 6
28 90
92 146
68 53
88 64
149 8
42 2
55 16
91 98
110 114
102 139
68 64
29 17
121 40
85 107
13 7
54 100
81 92
131 101
129 44
26 23
36 48
110 148
62 42
109 4
38 118
62 68
120 57
140 40
44 53
99 146
146 78
74 107
15 95
68 68
37 30
21 132
93 137
94 71
22 29
15 132
55 44
120 80
71 48
90 15
6 41
29 41
128 1
104 69
86 80
41 139
83 3
27 63
18 56
83 58
139 90
20 75
16 116
13 121
31 12
115 59
104 27
107 102
105 4
69 69
57 127
145 130
54 46
110 143
15 29
88 115
32 78
49 134
5 91
51 76
129 5
11 2
47 104
39 64
21 75
149 84
50 141
96 74
112 13
27 62
103 53
91 18
109 75
14 52
82 149
46 60
49 123
25 71
83 126
45 37
24 21
73 24
132 44
95 7
114 91
108 139
72 83
41 97
3 100
63 43
74 104
90 129
48 86
47 113
140 11
104 109
99 51
96 80
103 79
67 65
43 139
60 120
8 13
118 53
25 44
93 112
115 20
38 33
63 66
42 49
1 21
90 136
125 145
138 92
84 94
5 60
97 59
45 105
124 100
80 65
7 54
126 76
13 103
146 69
143 98
30 146
6 148
93 63
36 130
132 105
78 73
16 4
71 16
47 26
103 113
136 127
125 104
54 42
65 46
37 30
120 57
24 129
53 83
141 49
103 87
23 115
1 40
67 23
10 96
133 117
86 136
57 62
49 51
53 105
125 32
2 34
114 18
145 0
103 85
76 1
50 21
4 118
4 122
67 37
44 32
16 96
147 124
9 46
81 68
118 86
54 46
62 136
27 101
12 145
126 60
29 40
74 53
56 123
82 34
46 115
84 51
116 29
92 15
66 62
46 144
60 50
99 10
28 100
127 37
6 133
44 107
121 116
21 62
54 39
95 120
128 13
120 60
117 119
62 6
78 143
107 120
82 27
97 112
8 67
106 111
71 149
12 113
56 100
49 132
145 73
29 26
48 146
52 43
103 132
56 123
98 43
65 12
60 18
113 2
75 67
38 108
79 144
120 12
140 81
59 4
34 4
13 110
142 126
110 127
149 55
58 28
52 148
23 51
73 115
83 83
128 127
117 85
56 47
74 89
89 3
45 53
15 56
57 8
8 16
130 61
86 80
131 62
145 45
115 94
56 27
38 35
29 72
111 20
28 44
59 69
124 18
68 95
40 65
141 134
62 73
96 26
20 84
50 120
88 16
136 129
148 137
18 1
37 69
144 42
53 104
146 147
33 1
2 38
34 6
138 60
33 25
87 141
65 72
99 37
119 138
120 137
126 132
1 68
45 89
3 133
139 131
60 34
3 27
25 19
63 25
124 40
7 80
3 47
39 29
7 51
126 35
134 53
15 15
60 105
108 115
93 28
73 90
45 148
87 115
101 112
101 116
82 8
100 147
109 60
71 133
67 115
59 50
56 53
32 88
93 89
121 39
8 41
101 74
147 11
5 82
10 112
110 111
40 60
1 92
86 135
39 96
74 46
76 130
105 131
134 110
129 85
67 140
88 30
122 81
125 1
0 53
101 46
29 60
76 136
2 59
46 5
21 72
36 137
34 87
24 83
10 15
131 39
140 109
101 117
106 144
135 130
110 74
14 117
86 124
12 94
29 73
90 86
64 83
105 134
76 135
43 102
50 112
78 29
140 119
20 79
82 51
17 141
23 24
91 21
12 90
103 23
92 63
88 96
98 17
97 112
49 129
45 86
118 24
55 114
75 124
138 45
88 24
47 7
126 69
52 65
17 56
117 37
30 19
41 7
44 42
53 36
32 77
82 122
143 47
53 74
77 21
31 131
35 67
126 70
3 113
34 85
87 5
117 47
131 59
149 109
103 29
24 50
76 13
116 56
26 70
86 136
119 12
134 57
139 14
84 75
32 16
37 105
110 47
36 105
132 67
63 88
61 43
92 8
30 143
86 29
126 104
109 134
30 57
105 71
41 81
18 98
3 16
18 149
100 48
141 142
136 51
72 105
63 144
57 110
111 79
135 131
93 116
24 52
13 79
10 4
137 37
13 25
115 78
74 58
44 90
125 13
146 137
138 23
122 34
7 65
21 64
148 105
19 48
27 0
8 40
107 41
81 143
53 117
85 106
72 76
85 103
88 138
42 68
116 61
8 142
130 136
58 53
91 113
92 117
21 61
129 147
109 40
86 132
82 120
43 113
70 51
94 25
82 1
59 9
83 102
112 98
107 71
90 56
37 121
40 50
15 133
142 33
122 128
29 139
98 79
72 0
61 110
115 6
86 133
69 110
140 77
88 98
136 0
67 130
34 32
73 44
30 81
91 37
116 42
88 60
20 140
63 139
85 69
14 31
108 40
81 25
7 64
50 149
145 82
15 0
38 12
126 22
6 97
109 112
137 147
79 84
54 140
84 58
12 7
97 37
137 14
141 29
95 74
65 69
74 26
6 45
145 32
42 1
138 30
126 73
92 68
14 15
90 43
83 19
115 112
17 40
47 7
109 120
80 124
87 40
49 30
41 20
108 62
36 126
149 8
10 35
117 87
10 22
52 29
127 61
108 106
40 78
7 56
74 74
72 4
85 11
12 149
140 26
5 114
61 135
58 77
107 59
40 77
146 32
35 43
11 135
80 6
123 30
133 50
94 19
96 19
145 0
49 112
31 2
60 82
134 117
134 72
109 2
128 141
1 17
104 55
112 134
74 40
121 46
146 133
30 70
99 43
8 83
67 105
67 145
117 102
55 107
41 110
71 128
12 143
65 6
123 114
98 46
124 98
140 9
66 1
142 50
31 75
129 18
0 43
52 55
12 0
52 55
146 50
145 18
85 97
19 3
26 112
133 118
84 61
123 114
78 31
129 35
102 136
72 85
14 67
108 122
20 130
72 123
128 53
72 13
3 118
81 113
97 80
17 131
45 63
12 130
81 77
89 135
54 40
83 11
111 139
110 51
85 65
96 68
147 113
82 140
31 105
41 66
142 129
9 22
78 13
129 53
125 45
78 1
104 131
64 133
97 89
10 5
82 128
138 26
37 73
60 51
122 85
96 78
82 20
66 104
30 82
112 18
46 68
136 30
116 100
117 142
95 125
144 142
53 149
59 147
19 145
42 102
95 125
120 145
18 44
20 99
134 40
62 67
130 77
47 78
45 119
79 143
136 55
61 49
34 23
49 53
103 43
107 62
49 82
128 79
1 25
8 126
113 114
54 14
39 119
85 106
113 122
97 35
25 74
95 109
11 61
53 99
65 91
7 48
59 102
123 86
76 119
140 24
29 66
47 50
138 21
64 83
147 126
27 112
131 44
108 43
91 124
92 125
49 66
15 30
51 133
63 119
1 103
76 63
11 115
48 108
123 44
115 132
109 56
146 117
129 59
13 67
43 144
101 78
115 74
135 9
128 138
109 40
45 113
11 34
136 136
137 93
69 46
28 9
71 115
143 112
106 39
122 136
25 143
147 142
49 125
114 100
140 63
44 97
52 53
33 100
113 42
25 65
1 15
42 33
53 14
111 99
114 70
124 28
6 56
131 102
146 13
74 147
14 74
98 131
13 95
135 147
4 133
64 57
142 8
28 128
106 28
114 72
135 11
30 138
107 107
34 90
134 23
6 22
29 105
61 107
58 96
35 2
0 40
112 26
63 72
111 14
60 94
93 46
12 131
116 115
94 118
92 31
39 79
15 106
0 110
14 111
29 46
63 23
32 19
52 117
80 6
108 85
35 89
122 78
44 122
133 103
136 144
4 69
67 135
60 52
143 103
34 136
95 134
34 33
115 36
131 120
59 50
140 19
131 87
136 80
23 1
113 15
57 40
24 21
9 9
134 0
136 30
147 122
112 41
105 99
121 73
133 127
8 18
17 22
81 129
147 99
21 17
50 145
94 119
43 64
42 74
42 11
20 145
84 0
78 65
148 110
112 116
144 145
111 40
51 136
110 139
65 39
4 146
20 80
11 30
132 136
79 63
132 137
1 99
31 116
96 103
117 123
12 96
20 23
0 11
38 32
48 111
130 74
128 59
31 142
48 128
92 82
31 23
135 46
76 36
146 134
137 113
143 0
5 61
131 112
132 47
4 144
55 92
33 26
108 62
43 48
133 45
42 27
10 76
148 95
132 120
99 146
28 92
1 54
148 27
3 140
42 17
3 64
116 74
70 48
129 30
122 73
145 121
41 50
73 2
89 137
124 111
43 143
76 68
14 67
106 33
60 92
147 80
27 90
9 108
62 121
112 92
17 76
50 147
27 7
125 53
36 37
109 135
82 87
86 11
50 87
22 29
48 56
13 146
91 55
108 149
63 70
27 140
100 52
115 91
91 96
24 47
94 85
66 98
60 144
61 86
32 142
60 96
42 23
12 116
48 107
12 16
88 108
34 10
56 3
23 98
32 134
137 22
106 110
100 78
122 107
140 133
51 93
143 16
70 45
32 18
20 120
30 18
40 126
35 28
71 67
47 118
28 143
81 129
122 31
134 85
76 51
102 142
32 41
83 126
85 113
94 123
68 134
38 82
120 20
102 92
106 62
73 79
126 8
135 135
0 113
72 106
43 137
63 0
50 57
135 103
131 70
109 86
122 96
119 61
6 117
34 22
65 95
13 102
50 17
139 112
59 82
90 133
28 139
144 31
10 78
26 15
3 131
121 64
92 5
129 112
82 96
46 58
59 75
20 103
0 98
115 66
85 91
88 38
106 50
121 139
139 118
50 115
129 68
81 110
24 51
12 109
74 144
28 113
56 40
65 34
27 78
115 82
149 21
42 32
42 58
64 47
92 86
37 111
5 30
77 115
54 138
1 141
54 5
7 99
126 118
28 54
67 135
105 123
117 129
128 82
6 26
135 141
20 61
36 63
50 108
119 57
99 114
140 23
118 85
25 2
148 142
137 28
62 15
1 124
36 81
53 3
148 59
12 49
50 81
76 16
97 144
119 102
113 86
20 42
8 88
90 139
121 143
4 112
83 99
119 14
76 100
139 126
116 3
102 44
86 122
35 115
17 36
55 146
3 24
30 110
95 125
59 122
37 130
34 47
98 69
144 95
129 64
117 118
110 103
44 86
19 66
126 51
7 128
130 75
92 71
53 47
10 81
85 13
107 32
14 52
135 20
117 83
50 126
139 80
60 72
133 9
126 100
82 59
98 139
72 20
29 44
132 55
60 41
93 9
66 100
147 92
63 132
103 96
92 148
136 37
85 1
76 136
126 102
112 57
45 41
55 13
0 54
79 54
116 59
38 121
107 15
35 124
11 0
42 77
62 42
87 104
32 8
27 58
9 15
67 60
25 86
78 23
73 101
37 18
23 31
114 3
50 29
85 49
31 35
15 39
139 6
76 83
52 43
60 129
32 43
108 91
131 108
93 122
137 143
15 20
137 129
92 1
85 62
38 82
1 100
45 64
44 122
90 56
84 35
43 43
13 132
81 3
0 10
5 104
80 35
143 146
56 1
146 62
36 13
116 121
103 73
54 68
85 98
64 118
30 4
71 30
107 37
103 49
105 115
15 2
85 5
102 111
110 139
40 80
20 75
141 35
107 73
72 63
62 56
2 76
5 98
70 112
72 52
64 133
47 148
40 35
23 61
25 120
83 0
131 144
50 113
139 66
29 10
63 147
3 27
90 70
96 72
74 45
2 3
33 122
24 139
15 130
123 80
64 10
136 101
105 134
126 146
93 39
9 123
137 64
115 80
1 61
121 74
109 99
83 81
125 110
149 128
119 53
133 98
137 94
64 83
54 119
126 9
40 138
127 78
144 1
75 43
142 127
40 143
112 41
40 136
85 17
11 120
114 21
7 46
30 3
61 36
32 25
4 140
134 90
76 2
74 39
108 90
133 141
113 39
124 31
139 59
64 130
8 99
8 113
62 86
110 75
51 100
136 138
12 145
99 83
22 121
60 71
4 111
113 100
90 129
32 131
121 17
95 17
85 10
39 1
136 113
52 55
47 103
71 108
60 123
79 108
111 43
147 112
101 55
135 67
113 59
42 52
98 142
115 95
7 22
59 89
44 77
129 35
48 99
39 21
26 73
143 52
88 41
96 144
127 130
32 84
106 32
17 91
104 1
63 13
90 51
36 68
81 48
79 114
6 37
14 52
58 138
72 130
148 27
8 58
44 3
57 82
3 22
5 123
76 56
148 49
68 10
65 111
87 63
140 120
67 149
30 39
62 47
6 62
8 13
104 59
25 45
81 37
109 41
93 144
111 3
44 126
141 57
136 144
60 70
51 107
26 142
115 12
71 30
81 66
67 17
55 92
100 63
65 96
50 65
56 30
76 3
12 134
90 80
121 33
49 7
85 138
118 16
148 12
3 22
17 83
65 128
17 8
35 75
24 7
146 74
143 20
119 121
23 52
52 101
64 72
71 129
130 109
101 90
28 11
54 132
135 66
81 142
70 23
8 97
140 100
64 101
80 143
16 97
103 3
16 37
43 6
79 30
114 133
90 20
46 31
102 13
16 93
22 41
116 82
28 97
94 141
145 105
46 41
100 131
140 32
4 45
65 116
135 108
143 63
8 57
148 135
55 139
86 120
92 133
89 112
17 100
68 25
106 30
145 29
74 44
23 102
46 120
87 19
111 113
146 119
94 93
133 77
2 6
72 78
42 106
14 122
81 13
5 3
71 37
53 73
61 120
42 6
130 131
83 38
68 89
98 101
91 80
66 17
83 39
0 109
46 126
74 69
12 72
41 9
126 75
138 131
37 67
9 6
76 19
111 30
13 120
21 96
59 40
86 52
10 81
45 138
52 76
91 106
117 34
62 27
6 59
64 106
87 69
138 107
78 6
120 98
13 124
56 61
70 131
40 76
142 37
48 74
35 121
110 34
40 57
106 133
136 52
93 74
37 137
131 143
35 20
98 128
111 16
95 73
96 26
38 113
66 39
69 37
73 35
116 67
95 111
16 85
109 43
66 30
11 70
63 110
1 65
121 38
92 120
102 72
48 132
42 83
13 52
120 12
149 121
136 71
17 12
81 140
143 81
60 116
16 38
8 92
36 119
115 104
76 71
122 55
94 148
39 81
62 121
104 76
137 52
94 51
7 117
52 81
57 36
7 47
27 104
7 91
104 56
46 99
76 119
104 96
9 47
79 54
109 144
73 132
30 71
42 114
38 26
117 2
129 42
11 108
142 81
20 59
77 2
122 92
17 126
149 148
43 123
149 103
101 97
43 111
106 118
7 37
111 84
98 44
24 94
30 63
50 0
119 4
74 55
68 108
72 149
11 104
74 14
145 142
106 144
6 121
80 134
105 116
30 5
39 45
9 116
69 8
143 107
99 104
3 29
117 67
74 20
82 33
126 132
46 126
140 67
102 7
67 1
60 29
126 60
36 80
149 135
89 61
79 22
42 97
45 55
30 94
67 43
57 105
124 47
28 97
39 117
15 81
81 84
89 58
20 105
15 49
93 95
59 20
146 60
122 2
45 146
105 42
119 112
35 79
145 143
66 90
53 107
123 72
64 90
100 146
40 52
115 12
82 138
123 33
37 90
83 137
62 138
95 6
22 102
17 131
42 96
75 82
86 74
70 12
26 64
1 47
11 28
66 34
51 2
55 116
67 124
59 114
52 126
146 110
124 82
28 135
124 81
90 79
98 79
108 53
25 64
135 23
116 47
42 91
113 94
75 49
41 22
64 94
110 137
3 61
40 17
98 41
101 91
38 111
62 85
76 37
97 114
41 74
121 3
47 87
79 137
33 137
93 8
93 142
32 64
34 5
128 55
84 17
142 128
124 72
118 31
95 112
127 67
34 67
126 74
148 13
90 73
33 111
145 41
99 48
44 83
138 70
141 63
86 54
81 82
29 125
140 26
5 106
63 64
146 69
52 52
146 29
137 57
64 130
44 110
63 93
140 135
24 87
143 33
135 85
10 31
31 80
70 25
9 53
66 1
48 95
3 77
102 59
90 56
38 73
5 107
59 99
116 19
74 101
83 95
43 15
59 66
28 15
17 21
6 75
129 101
59 112
115 109
64 121
127 49
108 82
99 140
105 12
140 15
26 7
71 102
8 129
8 70
88 97
29 30
76 131
60 94
33 121
37 62
127 54
61 4
52 140
8 135
132 87
38 84
123 130
17 21
13 130
52 32
0 96
15 11
63 58
60 140
100 47
128 123
137 56
67 81
72 61
131 145
14 129
80 123
53 56
100 71
25 119
89 38
119 90
62 52
122 57
36 127
115 25
125 140
12 74
130 8
14 83
49 18
135 62
144 132
132 42
0 26
71 98
37 4
137 8
143 41
125 129
82 16
131 96
86 64
101 116
52 48
13 145
41 39
83 99
22 112
74 13
146 118
54 89
19 33
14 16
102 118
96 138
26 50
31 133
110 114
22 129
108 61
132 73
21 41
5 137
27 17
49 101
76 68
95 78
108 104
10 17
3 102
88 17
113 99
99 70
29 73
86 1
29 89
30 26
116 57
121 100
63 144
22 125
140 19
92 42
12 125
44 52
133 105
32 81
130 111
108 132
136 112
68 98
28 125
89 122
124 99
0 137
141 78
94 102
61 58
106 4
65 100
116 60
48 105
63 83
94 97
24 24
44 35
40 62
103 98
3 12
85 92
2 144
139 145
82 63
117 134
97 36
10 115
106 8
74 55
88 51
2 84
53 9
97 123
103 107
56 76
120 136
77 51
103 47
31 148
126 142
53 82
80 11
117 98
105 88
127 33
23 61
110 50
13 53
145 61
18 10
124 114
57 57
90 141
23 68
121 124
120 87
84 38
31 75
146 8
109 75
86 16
3 97
18 27
68 126
3 6
79 14
138 8
15 108
29 90
116 55
94 25
49 34
134 66
106 76
22 56
70 141
71 142
11 56
55 15
58 25
51 84
82 53
3 147
34 95
130 76
119 97
133 72
2 18
149 70
142 148
24 35
24 97
92 106
94 85
59 21
146 77
109 127
59 50
123 79
68 17
1 94
5 106
129 56
138 125
149 99
97 47
109 137
57 59
49 146
148 13
121 72
4 80
82 87
145 56
64 18
90 143
19 92
26 133
127 134
111 48
14 123
86 54
124 102
33 84
37 55
102 131
95 24
58 49
17 52
22 100
77 28
42 98
3 14
115 12
30 124
14 1
144 120
113 136
111 9
59 37
142 30
89 134
64 43
67 47
82 47
52 69
85 148
82 77
78 57
100 132
67 0
5 121
23 61
94 147
82 106
37 25
119 102
105 50
62 50
9 10
12 117
140 122
121 23
1 62
95 104
20 45
72 0
16 43
111 68
89 91
138 96
26 75
84 71
82 2
25 13
46 36
70 69
111 51
86 129
144 85
117 121
141 104
96 85
135 135
121 89
27 82
45 132
18 97
45 6
16 80
19 33
44 78
83 75
90 1
68 142
72 38
35 8
98 42
97 1
77 112
131 40
144 84
132 39
132 58
69 74
97 31
68 132
90 135
95 69
32 146
14 130
19 91
105 47
27 48
104 114
126 80
40 32
123 33
93 133
115 129
130 73
1 85
27 60
93 137
88 143
82 93
11 27
99 64
129 75
125 93
15 29
108 40
55 58
59 28
77 7
36 120
119 118
18 51
7 34
68 102
13 64
79 95
40 137
103 4
110 118
46 143
105 3
19 92
91 14
84 95
60 68
121 58
86 20
74 18
54 101
54 107
113 80
13 34
126 123
53 119
16 85
14 43
128 38
48 79
42 69
23 107
22 5
62 74
61 145
83 65
20 0
22 124
34 83
34 17
21 9
95 144
103 27
20 87
149 35
95 84
35 27
23 95
111 98
139 113
95 121
24 123
109 65
51 100
100 43
60 71
146 107
95 60
121 105
109 83
136 107
10 76
94 22
136 103
141 129
88 8
102 0
117 37
92 91
88 8
86 97
98 77
26 2
40 2
127 66
78 54
21 116
100 5
81 119
132 106
51 135
26 123
23 8
6 68
6 65
104 91
13 12
85 24
40 86
14 107
74 129
65 72
110 8
50 113
63 92
82 74
139 19
124 122
125 50
8 11
46 5
58 86
93 86
47 18
83 126
3 87
27 77
29 62
76 33
33 138
39 129
126 113
117 67
97 141
84 62
110 128
19 56
133 72
73 32
15 134
93 127
66 130
66 74
120 79
124 118
58 4
30 10
96 21
19 130
46 68
66 86
118 39
142 46
6 12
114 87
39 61
15 131
1 140
70 42
67 105
49 9
131 9
124 141
131 15
20 31
87 48
38 47
107 123
2 108
83 118
9 6
2 59
13 16
99 78
90 128
77 43
122 86
76 97
50 72
65 121
108 65
148 98
121 110
19 92
149 15
43 68
118 143
2 19
45 137
5 74
100 147
118 92
20 128
57 13
45 144
137 132
56 82
127 86
94 105
123 87
126 58
104 6
60 26
87 27
82 61
35 113
72 49
20 148
61 88
108 146
28 39
16 143
68 128
86 147
144 96
100 68
33 111
62 19
30 64
120 8
95 57
49 64
19 49
107 0
91 44
136 13
114 64
128 34
111 100
52 51
123 72
112 11
93 143
111 11
73 106
9 78
84 148
109 24
91 70
10 40
7 121
124 55
38 126
55 38
48 115
75 67
86 107
103 100
46 31
44 50
65 26
127 81
95 127
98 90
62 99
102 145
25 62
51 32
7 120
48 148
124 43
54 106
138 101
36 12
56 145
46 26
0 39
84 17
110 20
98 77
133 16
51 67
126 67
7 18
119 52
149 44
134 116
11 58
3 37
139 22
142 17
144 4
41 87
62 50
120 107
30 2
48 95
15 137
25 55
62 41
28 70
106 122
143 128
38 5
142 122
30 21
131 80
66 86
141 144
71 10
45 141
117 64
140 124
25 103
90 103
48 129
75 62
18 101
135 111
36 147
131 45
136 28
83 58
97 146
51 144
53 103
25 16
44 22
118 45
38 131
71 17
101 32
68 121
56 148
88 36
141 120
8 106
124 99
87 61
134 102
85 115
62 51
140 91
12 121
5 74
54 89
46 141
10 50
34 28
39 52
149 20
133 66
29 55
119 114
148 142
110 128
11 80
118 85
63 143
116 54
0 57
98 32
127 47
113 41
43 87
113 139
62 35
81 21
18 22
28 116
130 95
92 144
80 132
148 88
92 102
54 119
131 32
85 143
53 27
11 146
122 32
42 83
51 123
11 35
39 42
85 102
113 135
112 79
87 96
64 142
143 37
9 53
1 33
129 53
102 115
76 46
41 48
96 21
79 53
21 138
31 112
106 48
115 66
41 67
78 36
109 75
18 145
70 12
21 21
62 145
98 122
149 132
143 68
109 16
75 52
51 91
13 119
140 27
123 106
66 105
1 140
16 18
89 139
43 99
0 82
41 10
73 86
34 5
37 77
29 8
117 25
13 77
105 91
1 120
75 119
126 99
108 13
69 75
27 141
76 123
37 25
106 118
149 13
110 76
13 30
41 132
139 16
141 2
94 5
101 9
68 60
41 18
147 124
15 92
81 124
95 80
54 85
64 49
1 61
69 80
34 22
96 25
38 19
39 84
28 77
108 8
31 147
46 16
144 112
102 1
137 48
8 133
91 74
53 20
149 88
38 139
79 118
100 137
65 118
0 24
23 71
88 127
87 89
141 143
70 123
86 63
73 42
134 36
124 53
101 128
46 4
140 117
146 112
91 7
9 27
79 30
140 107
23 27
44 84
1 99
9 132
110 12
90 82
8 135
104 132
65 103
139 20
55 60
42 2
46 125
143 43
148 130
71 101
55 105
16 45
61 87
83 63
20 90
13 125
138 87
149 116
92 131
117 63
33 78
59 123
10 69
55 4
92 87
74 61
143 113
143 122
69 34
75 115
117 115
11 73
33 143
76 58
125 5
88 4
19 56
77 111
108 52
143 65
109 13
34 132
92 22
114 135
107 148
140 87
102 21
2 8
78 112
147 33
3 85
94 47
63 105
134 124
75 9
68 81
141 45
66 44
97 26
59 146
60 116
110 104
129 50
122 62
98 18
67 76
31 49
94 52
96 113
83 137
26 87
26 96
35 92
82 126
108 36
141 97
23 113
62 142
143 105
104 9
6 19
74 136
3 83
96 49
141 102
132 121
8 100
32 66
94 1
102 15
89 74
22 68
47 116
96 71
14 2
54 58
49 81
80 134
3 25
21 3
32 35
27 139
123 62
78 146
90 123
66 81
106 104
138 144
141 61
146 58
115 102
85 71
85 122
128 79
39 69
115 69
63 8
64 101
148 130
14 67
82 30
103 40
64 25
8 147
33 144
66 97
145 89
30 92
53 4
44 70
117 9
23 4
120 83
127 75
147 63
109 53
145 19
3 87
54 124
69 4
136 115
61 24
101 12
8 76
119 101
138 146
42 19
97 115
113 69
81 146
134 11
114 97
32 143
100 111
60 136
104 30
71 135
89 131
18 88
23 19
132 127
52 135
144 33
98 43
123 59
123 1
125 51
67 55
104 35
67 19
117 58
15 43
26 120
19 18
71 144
80 60
92 12
59 53
117 42
86 104
7 19
124 121
37 63
62 4
149 103
1 19
124 73
118 20
54 89
42 47
84 13
129 55
108 72
110 45
129 79
120 63
34 47
10 34
13 75
126 65
115 10
22 40
40 33
122 75
135 55
69 94
117 54
72 145
13 67
33 98
107 47
81 81
94 98
18 84
29 41
13 42
4 141
140 123
45 18
107 60
15 48
39 74
46 21
119 40
21 53
149 62
36 72
35 89
70 96
38 86
13 93
5 107
141 72
53 81
38 127
80 143
14 39
54 24
128 9
39 140
35 97
22 66
35 68
117 62
128 105
36 99
124 53
126 68
120 77
130 114
44 93
8 131
30 46
13 111
111 2
86 69
1 102
147 66
63 148
27 52
45 66
39 127
74 132
13 107
77 70
36 110
38 99
94 33
66 86
55 27
14 101
78 120
135 76
128 57
68 113
85 97
14 36
7 44
63 24
145 28
21 47
13 119
89 145
87 77
118 47
145 138
94 137
75 111
96 62
148 106
120 58
119 66
146 107
54 72
17 61
87 65
57 145
36 21
90 108
63 50
60 38
45 90
97 83
138 40
87 84
144 35
131 146
52 41
62 7
65 95
78 145
75 0
131 101
2 74
19 115
48 131
94 59
39 95
50 136
144 79
99 135
148 11
116 118
5 56
4 59
82 142
48 52
120 105
5 133
103 128
91 95
138 105
137 0
86 7
81 89
134 32
118 107
1 134
23 84
31 19
61 80
25 134
45 4
7 19
100 36
11 10
128 28
43 143
112 118
149 15
17 64
11 84
119 131
7 54
28 22
109 0
69 129
141 28
7 43
85 101
54 39
41 120
30 105
123 21
135 127
58 41
51 107
34 12
143 123
87 145
119 140
35 141
121 17
90 31
7 145
43 115
129 27
147 23
133 124
65 41
33 73
29 67
139 140
54 117
42 110
142 104
110 62
16 24
100 108
106 57
8 45
73 53
110 19
64 94
120 123
57 126
149 39
8 10
23 64
29 47
122 141
4 110
70 137
113 114
94 124
68 79
99 103
8 130
110 4
74 115
68 46
149 81
29 40
82 22
58 14
58 92
68 87
43 149
94 132
13 24
126 117
12 49
64 5
62 74
8 54
48 79
134 53
10 58
25 108
113 146
41 37
111 14
120 100
45 147
20 82
102 18
123 87
51 13
24 138
106 49
122 106
110 24
8 59
113 95
146 135
24 76
10 26
28 25
82 36
60 139
52 95
135 89
117 73
115 124
31 45
101 10
27 24
7 21
97 128
103 102
82 89
117 48
74 37
51 113
0 69
139 128
111 71
15 134
84 61
40 96
81 96
14 121
102 3
40 12
109 95
22 99
55 146
58 75
18 90
112 56
17 56
119 125
12 137
45 124
28 124
50 19
80 1
130 46
9 45
38 139
111 55
132 94
107 120
17 67
119 12
82 60
60 45
30 53
136 18
100 107
50 31
138 119
74 107
93 135
67 131
98 15
89 87
26 72
82 41
122 62
49 66
45 71
74 109
149 132
6 86
111 52
122 97
63 133
73 30
141 43
86 106
78 93
75 100
95 49
140 22
57 77
4 46
41 30
41 136
89 90
96 0
21 133
36 86
22 15
87 130
85 107
116 94
89 11
71 82
17 61
83 28
40 117
72 65
64 4
127 124
148 1
58 19
22 16
149 66
27 140
127 30
13 42
88 26
134 66
55 43
123 102
96 117
40 51
114 36
47 56
114 100
4 65
81 44
68 142
63 133
6 118
100 40
97 69
138 28
76 94
56 59
105 130
19 99
106 50
20 61
84 90
141 112
45 115
105 11
56 82
31 143
17 146
0 141
32 107
68 23
24 4
87 100
89 116
106 21
101 80
106 103
24 115
18 90
19 39
128 43
84 48
144 37
47 132
17 53
128 106
54 51
7 114
137 6
50 122
52 27
55 65
54 149
5 98
108 136
20 45
43 6
55 12
72 26
18 30
55 53
44 108
10 4
35 100
46 25
62 87
16 145
49 20
134 11
1 64
99 96
95 106
133 84
68 19
17 135
79 126
76 36
38 68
47 44
35 22
84 23
32 113
66 122
26 7
26 22
140 86
82 56
68 82
42 42
44 110
138 135
79 149
66 65
144 70
64 18
113 119
58 18
21 77
50 127
146 87
120 122
60 53
3 31
43 23
60 102
28 103
113 113
116 34
146 112
117 29
126 101
62 82
147 55
64 103
3 61
11 95
16 5
60 106
17 45
97 23
105 112
119 34
53 90
130 55
43 83
18 128
134 56
27 103
91 65
149 3
104 16
139 8
91 87
39 72
29 87
100 83
126 53
100 4
37 142
28 14
104 101
112 68
99 146
51 67
148 15
15 69
130 115
134 32
55 108
125 37
131 27
35 146
5 61
69 71
60 94
75 17
65 45
43 63
25 84
91 74
26 7
41 73
94 3
39 118
3 24
36 33
39 56
114 39
10 130
99 44
135 117
135 80
86 57
146 17
20 46
76 116
6 126
33 143
120 89
49 88
54 41
106 100
50 124
135 7
73 83
45 31
79 89
104 74
104 27
114 62
39 72
7 99
24 80
1 112
56 62
8 32
93 45
142 119
7 23
16 90
82 11
141 93
110 25
146 82
122 89
146 85
6 146
66 120
124 135
3 83
51 50
130 35
130 85
91 4
120 141
63 38
82 130
98 81
117 38
92 13
68 55
69 92
58 19
92 107
5 70
33 142
117 83
126 106
101 12
21 146
60 6
74 61
49 13
95 145
108 81
79 73
86 25
87 57
61 39
53 80
60 13
102 66
110 1
113 4
61 77
33 49
69 44
54 65
99 12
40 87
121 100
19 116
36 29
55 65
108 116
43 121
72 39
132 26
68 19
83 33
117 3
90 4
137 67
71 111
0 148
18 3
42 35
127 29
51 28
121 30
140 140
62 16
26 110
124 106
66 66
138 129
79 133
55 131
129 14
78 147
71 119
112 145
32 116
10 140
2 124
36 116
18 6
33 107
87 40
47 104
118 49
9 83
76 100
110 51
145 50
136 100
41 108
93 75
53 117
45 81
23 146
137 100
113 8
36 102
34 146
117 101
127 79
65 49
130 141
2 74
2 140
136 83
87 31
133 99
68 112
95 98
117 14
50 135
6 3
122 29
19 29
141 97
95 9
43 105
11 66
103 11
65 41
67 92
39 137
80 81
102 33
49 70
78 44
124 15
64 48
75 131
139 33
106 74
119 39
78 75
17 125
7 22
15 64
113 1
139 98
11 58
131 23
129 128
126 116
105 11
130 131
25 87
39 135
125 5
40 93
71 16
74 28
69 124
119 31
126 146
68 11
75 113
72 96
113 77
139 14
64 12
128 85
59 18
132 107
81 111
9 26
68 33
71 143
102 43
93 86
7 124
106 96
140 71
13 71
87 124
11 110
63 141
25 26
90 114
54 8
135 73
96 124
98 133
134 27
52 41
148 59
82 91
147 0
37 106
73 94
44 109
8 37
40 7
102 98
146 15
116 135
105 55
94 125
13 56
118 115
72 78
79 110
65 1
53 76
55 74
58 52
110 108
67 108
82 71
4 14
76 80
36 133
108 145
89 46
12 53
94 19
27 23
11 34
55 109
89 100
21 114
47 102
108 47
67 103
28 46
51 110
121 78
31 129
118 11
147 135
58 80
125 54
144 58
90 87
80 8
147 48
48 2
23 121
1 85
35 62
14 77
42 64
18 132
46 81
23 89
37 132
76 135
8 74
103 90
143 24
20 119
12 105
76 125
5 6
111 82
131 120
66 117
79 4
49 82
68 18
20 32
132 18
92 5
24 104
10 18
136 117
126 63
28 32
65 16
102 83
22 73
48 78
92 89
10 128
93 142
30 95
113 62
131 127
30 94
114 48
9 24
33 42
82 29
27 33
1 119
134 135
14 58
20 71
14 9
55 1
70 144
4 97
106 64
2 40
53 106
144 124
12 113
29 101
32 83
84 53
82 105
92 131
73 106
25 149
49 149
34 21
117 19
27 20
105 2
92 107
28 52
36 95
9 43
94 76
3 27
87 48
45 21
34 44
86 23
28 64
85 93
78 6
22 7
121 100
75 64
54 57
89 42
72 41
10 132
123 17
82 24
99 117
9 115
76 94
24 77
116 86
2 87
102 98
13 27
86 56
135 20
67 32
110 121
40 94
12 31
72 52
103 38
41 149
24 43
104 89
31 32
56 36
3 106
111 125
42 10
51 132
118 114
63 46
32 127
11 86
84 84
92 112
13 103
134 122
11 85
52 143
16 92
100 34
9 49
146 74
34 17
65 106
144 34
89 138
65 136
47 110
2 38
134 74
77 37
17 1
137 147
44 99
132 85
81 45
127 3
127 54
127 81
28 136
99 52
87 126
123 20
27 90
80 99
113 84
120 69
82 70
61 98
54 147
74 61
103 104
123 136
113 149
101 16
67 48
127 118
15 36
37 135
40 139
81 68
124 124
53 124
96 5
141 111
104 127
25 140
90 56
7 131
85 131
88 53
135 76
45 92
102 18
142 80
121 115
10 111
102 26
100 7
7 97
82 107
122 131
63 106
126 92
76 69
12 76
114 56
124 149
42 59
96 51
46 72
39 9
55 127
58 80
13 24
86 89
40 65
104 5
35 137
21 41
29 49
9 6
68 5
86 122
58 38
66 95
68 117
11 59
90 77
87 115
104 110
138 42
42 97
18 54
142 59
77 16
40 53
29 118
113 87
51 69
70 103
17 8
140 38
126 146
14 147
134 91
139 10
111 79
19 38
58 113
112 92
57 92
19 114
94 148
111 66
102 142
22 23
57 88
33 57
98 113
110 48
91 28
128 125
78 135
25 144
27 94
82 116
44 38
56 118
26 133
12 57
68 37
21 10
19 82
55 123
114 143
13 94
106 148
73 5
99 64
51 46
48 92
108 122
67 103
3 58
43 100
45 111
0 144
25 75
55 138
66 19
141 96
136 26
118 105
28 74
110 145
21 67
94 128
58 16
49 101
6 52
72 134
24 62
18 13
83 16
61 26
51 126
99 79
65 9
37 75
15 35
81 8
127 91
6 106
113 24
16 142
1 108
148 28
119 133
79 21
141 16
141 104
141 70
34 105
104 141
23 111
121 16
86 126
140 120
140 86
82 136
43 128
62 30
110 59
91 84
81 148
42 105
2 37
104 149
118 48
113 74
32 94
127 79
75 8
103 97
104 79
3 138
86 106
27 90
16 93
104 14
132 112
138 83
135 105
38 76
72 149
129 77
54 13
142 135
17 45
36 28
60 144
32 17
104 38
91 77
38 142
136 120
117 140
60 116
74 106
147 143
38 61
137 3
31 57
128 6
27 120
93 136
115 35
21 35
15 73
140 76
34 45
5 14
30 32
119 32
110 78
112 54
72 86
130 69
0 4
139 56
147 80
1 44
123 106
124 80
109 146
13 26
67 27
118 65
73 23
117 101
116 19
99 29
128 31
26 142
91 98
63 9
48 86
41 99
34 111
53 143
68 3
12 2
93 112
77 134
3 41
77 38
33 18
116 78
53 9
45 139
116 149
41 106
149 105
124 112
88 88
78 140
139 28
54 135
10 42
135 118
57 143
86 113
133 40
88 48
63 139
148 107
110 147
22 137
116 9
130 31
98 144
119 89
31 64
127 36
60 54
89 63
24 72
57 114
51 31
40 86
56 79
107 126
54 51
3 92
1 24
51 15
38 111
5 99
25 115
21 49
142 132
65 16
41 7
28 46
67 55
12 110
2 9
30 38
129 106
14 7
76 41
68 5
37 142
52 79
65 142
28 62
66 113
30 40
20 33
30 111
33 136
103 127
63 113
44 74
108 110
109 108
72 80
100 87
54 90
0 109
53 90
14 0
113 82
3 119
44 124
136 29
79 73
115 77
145 5
108 79
97 78
68 69
136 74
96 36
142 147
1 10
102 149
149 65
16 142
101 142
114 139
131 54
28 94
99 109
92 78
36 41
8 40
9 1
139 60
138 132
136 94
7 129
141 124
56 146
125 67
21 47
111 38
72 145
123 71
10 53
130 100
89 131
143 78
78 115
119 104
44 78
5 41
144 141
38 34
149 119
64 115
13 44
88 56
53 136
125 21
53 35
125 38
105 42
9 11
103 28
87 64
7 92
110 96
148 15
69 70
120 76
122 7
0 64
95 106
78 117
61 136
39 38
137 0
45 70
54 48
145 123
90 120
46 71
76 85
81 66
44 110
14 145
92 108
15 131
73 86
141 71
131 30
125 142
119 17
144 65
88 72
29 24
82 92
11 34
38 83
38 85
99 113
98 57
119 87
63 29
107 96
67 26
11 55
48 114
58 64
96 28
85 141
138 94
108 140
84 98
102 88
2 11
24 86
38 14
92 39
123 39
14 141
113 94
130 133
19 59
137 19
143 59
59 10
88 119
86 10
71 128
87 43
36 70
87 75
88 59
51 109
143 108
96 103
123 53
107 103
84 40
19 96
107 33
135 109
14 63
85 112
97 140
133 69
119 85
129 25
114 5
105 131
71 145
44 88
97 84
38 90
121 65
85 110
82 9
16 32
75 102
70 147
65 54
68 77
87 10
124 118
5 30
72 26
4 70
90 95
111 73
119 128
20 75
56 121
62 103
10 131
86 96
126 96
119 107
65 43
52 58
83 2
34 24
45 11
48 8
111 123
2 69
125 60
133 140
28 17
68 39
136 56
130 120
32 78
18 90
42 76
25 77
44 62
71 37
27 49
92 136
99 115
113 140
56 132
62 0
61 83
35 117
125 72
64 149
59 56
9 2
50 24
48 82
131 133
149 0
89 68
10 147
138 61
98 89
128 110
123 38
136 35
132 27
3 98
29 113
113 5
102 115
149 111
28 13
98 79
73 69
17 106
35 76
149 115
37 0
86 149
95 65
43 104
123 19
42 147
149 62
143 91
48 74
121 34
133 6
7 121
147 145
13 137
110 124
86 10
111 130
79 149
81 61
80 78
71 108
112 54
28 69
48 33
81 47
27 60
20 45
77 102
87 6
54 144
31 38
38 6
39 124
27 133
104 75
125 104
40 34
55 85
130 118
144 56
3 103
30 132
116 98
83 135
89 23
119 76
122 36
60 83
35 85
35 86
53 7
141 8
14 76
121 80
58 112
2 147
31 124
148 136
8 39
83 72
119 79
58 48
83 96
110 110
17 141
148 133
95 50
73 67
20 59
37 93
88 138
79 97
4 7
117 108
113 126
0 60
49 37
132 120
97 99
109 113
148 33
102 78
103 108
113 93
121 54
103 20
23 41
84 43
28 125
64 68
118 121
0 73
10 24
62 16
115 12
82 113
149 6
87 117
94 130
16 109
13 129
143 108
95 9
35 38
69 120
20 19
62 43
114 8
60 66
133 36
24 43
96 47
63 137
39 67
29 21
62 83
2 5
143 45
43 88
2 89
12 15
47 8
132 95
54 145
25 64
132 54
66 102
22 85
89 90
72 145
132 11
138 57
10 82
41 114
93 104
101 103
43 16
23 134
85 81
80 12
40 143
128 132
16 1
30 57
98 110
54 130
145 78
90 54
25 41
116 138
45 9
64 121
10 149
7 83
54 85
28 40
140 102
61 65
65 35
111 122
80 36
85 132
90 35
121 6
72 1
32 133
28 64
103 6
78 113
44 147
93 117
28 111
23 76
118 109
27 82
15 65
31 135
70 12
8 88
88 57
141 7
103 59
73 7
58 40
125 16
9 55
139 138
125 113
101 79
109 92
122 117
17 65
40 70
101 115
43 115
146 92
92 42
90 23
70 117
75 30
107 12
145 97
91 37
115 44
19 63
22 14
53 107
70 25
71 42
56 128
119 31
91 24
58 3
94 24
110 12
138 41
7 18
136 0
62 108
101 32
24 14
79 115
73 102
113 85
19 43
72 39
80 9
63 0
67 66
93 17
149 77
112 100
102 34
68 115
89 68
24 131
43 134
66 9
28 40
101 23
100 71
118 123
118 77
83 44
119 121
118 86
73 76
126 14
23 87
77 13
140 42
10 81
7 26
81 66
22 69
111 14
131 119
29 120
13 2
85 129
53 93
126 131
97 144
108 11
49 91
47 67
6 138
122 3
112 17
67 113
48 31
66 126
48 100
101 25
61 142
101 120
34 122
58 5
78 74
77 135
146 42
58 62
83 111
100 86
138 124
116 98
44 70
64 60
101 134
84 98
93 131
5 134
28 26
66 70
22 41
12 42
34 42
31 50
78 122
149 21
44 86
42 100
88 83
122 79
33 133
112 88
43 43
24 34
95 42
28 59
147 145
103 22
40 58
114 65
96 91
62 46
141 108
106 142
95 123
77 104
120 86
87 147
83 143
6 95
38 7
71 143
97 24
22 84
47 98
87 5
46 10
95 61
1 5
62 81
18 65
61 37
145 30
70 85
145 101
88 75
101 2
15 46
21 130
118 136
2 142
138 141
100 146
62 53
16 6
76 106
52 123
82 75
116 97
62 49
27 99
119 64
142 120
55 63
12 42
17 109
50 10
33 63
85 137
80 136
84 26
133 73
148 131
79 57
107 92
7 52
60 37
68 7
34 106
88 79
2 43
83 3
76 140
24 23
9 54
141 103
147 4
52 12
103 106
35 139
7 39
19 52
54 96
117 89
88 74
28 114
130 110
92 116
53 64
44 17
74 27
96 53
51 85
24 80
71 38
82 8
41 107
115 121
69 52
117 58
145 83
144 49
61 17
130 1
138 104
7 142
45 79
66 32
51 101
119 12
86 144
106 133
108 82
11 93
134 117
48 11
135 71
148 43
6 48
93 57
91 92
72 90
118 42
141 36
142 55
10 23
34 3
25 6
23 141
12 21
13 56
107 64
81 69
7 74
41 149
70 71
8 35
129 56
136 70
100 131
142 37
36 139
113 38
8 126
51 112
123 120
106 0
53 71
25 73
1 127
31 125
27 69
105 141
28 53
141 96
1 137
33 113
132 30
142 119
144 92
103 35
130 10
127 118
99 53
11 80
106 95
35 131
72 117
124 52
15 76
76 69
83 8
124 46
132 85
42 42
28 136
132 146
93 141
35 5
51 28
50 12
113 93
45 122
105 97
130 45
70 130
136 142
134 147
91 33
125 111
31 91
56 7
72 80
123 50
32 30
20 139
134 135
146 126
70 34
45 4
85 142
79 15
38 20
33 32
128 99
103 58
29 115
100 132
118 98
44 68
10 53
82 31
49 65
78 75
119 4
128 44
95 89
103 97
5 16
66 144
14 45
21 129
101 103
26 139
118 80
105 95
139 66
137 72
78 118
68 107
139 114
37 131
117 78
2 11
2 125
9 37
74 120
76 59
75 62
82 2
67 94
105 31
1 141
145 89
95 52
66 87
52 132
47 139
119 75
32 40
12 13
28 103
12 23
92 118
33 76
142 101
134 51
146 85
55 31
35 6
142 67
143 90
93 97
45 132
131 70
105 103
87 66
60 74
94 78
138 88
55 127
51 62
64 104
56 121
5 138
58 98
13 146
149 77
72 37
89 69
82 17
9 47
139 116
113 60
92 106
8 141
101 50
9 11
105 26
119 80
9 13
80 33
128 106
65 11
75 26
58 108
17 113
95 84
49 21
138 7
69 128
93 107
39 96
129 22
3 144
54 6
43 90
118 55
76 144
103 30
95 76
124 50
62 139
122 42
56 12
148 20
92 66
124 109
67 22
28 71
101 42
24 62
87 61
145 20
88 56
85 76
112 145
75 49
120 7
136 105
20 88
118 36
139 9
148 57
17 66
124 132
62 85
84 4
93 41
39 120
20 121
89 6
81 74
70 91
84 22
18 147
88 42
63 33
140 106
130 146
94 76
61 4
70 6
20 90
8 128
96 139
136 25
81 71
1 85
63 51
115 128
147 39
104 79
35 143
83 133
103 19
65 84
133 89
100 41
103 35
139 72
56 133
82 20
31 94
144 102
25 68
47 44
20 34
116 6
111 47
91 77
109 134
69 14
109 124
33 113
69 18
13 107
63 72
138 129
60 1
47 146
146 143
101 85
38 144
66 0
47 42
20 89
104 102
23 85
0 132
134 88
17 96
57 18
56 7
11 146
114 4
8 71
45 8
116 55
29 102
126 0
24 94
97 107
113 148
17 52
128 138
78 138
118 76
88 134
67 12
140 127
137 123
88 36
31 98
95 57
99 116
126 80
22 26
120 117
77 29
102 63
132 133
77 13
81 8
66 96
3 23
60 78
63 28
22 89
88 64
86 79
31 46
89 1
56 129
133 107
91 142
85 2
52 144
95 32
90 5
20 127
35 21
41 116
125 139
88 109
118 105
49 90
4 106
52 69
129 104
5 145
41 139
56 10
76 135
145 43
70 37
78 57
26 89
127 60
140 111
12 27
108 85
127 35
13 53
83 35
27 93
107 30
94 97
59 148
4 52
126 63
131 145
90 92
54 127
1 39
26 29
46 50
29 120
130 107
108 3
77 131
141 76
109 63
8 57
141 110
77 30
137 28
35 141
93 94
32 137
64 113
59 136
6 105
102 29
135 97
26 42
46 145
143 127
32 42
116 105
71 20
14 104
143 29
56 105
51 115
70 12
74 80
49 134
67 124
131 101
41 97
51 21
72 10
88 128
78 54
99 140
45 38
101 114
13 87
44 140
74 7
70 107
50 87
70 2
142 55
39 75
54 87
48 146
91 53
76 16
110 111
44 62
108 90
8 89
37 84
17 61
30 59
134 55
50 0
68 124
24 124
71 15
1 26
116 42
37 74
80 70
41 146
46 129
77 85
75 47
66 128
135 61
43 36
142 66
13 14
30 0
76 103
102 10
30 118
30 131
11 100
144 42
98 58
129 90
73 110
58 31
12 106
95 40
18 119
78 93
42 44
81 39
8 84
21 88
80 146
106 74
88 49
29 84
9 23
91 136
113 100
117 94
144 112
83 45
97 79
72 133
70 62
103 106
139 55
67 66
19 40
103 2
136 121
81 131
97 118
136 52
67 15
109 138
47 59
39 35
131 72
89 30
13 68
9 146
35 73
142 134
14 17
62 104
106 29
5 145
52 134
129 27
96 46
6 88
29 128
53 104
56 61
110 26
64 62
25 130
33 42
48 82
41 20
17 115
134 40
146 109
146 136
28 35
18 19
24 59
53 106
16 15
76 148
146 127
87 142
123 10
82 70
119 46
28 14
80 141
78 122
59 26
130 57
80 47
142 74
108 5
77 21
99 29
12 114
98 27
47 28
107 31
121 109
134 90
139 112
35 140
141 83
139 52
81 49
96 8
19 113
52 0
40 11
100 11
77 45
92 139
62 49
146 112
63 36
76 71
77 71
149 30
110 66
111 107
77 113
102 46
112 35
81 6
19 123
13 130
18 76
69 81
71 122
56 109
116 114
87 139
30 138
115 18
45 30
12 134
115 121
108 107
106 31
107 142
19 36
19 12
49 98
73 36
98 139
87 71
20 121
96 136
111 24
114 109
148 37
115 107
31 116
64 47
106 28
143 60
31 62
18 72
32 40
137 92
129 83
121 142
6 144
84 4
40 46
38 117
104 138
132 32
11 126
115 89
68 130
115 118
118 90
136 134
41 108
74 120
101 20
16 107
40 123
60 142
147 55
3 106
48 51
42 111
30 13
53 1
108 83
116 45
103 50
70 25
48 106
149 104
42 92
138 15
109 84
96 34
98 141
34 131
66 5
18 9
121 9
77 71
0 44
146 115
105 43
131 34
73 41
141 72
126 118
102 41
113 4
33 138
41 49
14 37
40 145
71 107
97 71
32 69
9 56
5 92
93 126
56 61
80 101
39 13
7 149
146 123
63 107
58 35
116 106
135 87
73 60
34 7
4 36
103 36
3 148
18 64
56 3
93 121
44 137
118 137
72 86
61 73
146 25
92 21
33 5
102 141
23 88
47 64
50 143
37 21
149 42
52 129
23 93
32 122
19 124
38 32
78 138
4 106
114 116
24 36
42 28
38 127
75 135
88 43
146 31
42 3
100 63
117 110
70 96
49 3
141 87
125 63
136 20
73 62
98 20
31 39
74 45
143 24
99 146
131 12
88 63
48 96
38 92
133 6
129 129
35 123
90 128
143 109
17 131
67 80
141 43
141 88
8 129
85 107
43 72
41 102
93 104
113 102
19 131
139 108
86 101
50 85
49 24
59 142
138 124
60 39
103 73
138 144
8 118
28 106
3 116
148 122
29 125
5 65
30 87
146 77
140 88
71 60
22 62
13 89
10 41
139 124
101 143
31 60
32 106
134 89
90 69
136 139
30 131
105 18
112 11
88 21
89 2
30 15
53 82
118 86
91 27
9 148
4 114
141 88
88 26
13 9
109 143
2 112
47 17
21 14
118 113
121 142
108 1
65 7
103 75
136 127
67 95
111 136
54 69
64 4
109 72
145 44
37 128
72 147
40 19
21 99
51 33
143 79
3 133
18 77
102 132
109 97
33 10
79 35
86 78
76 134
34 144
5 136
137 110
79 34
1 122
128 4
15 15
140 19
108 69
137 31
139 149
70 124
8 14
22 43
78 140
23 68
22 41
64 114
98 132
47 90
35 53
62 71
52 107
115 132
115 48
77 7
101 33
135 104
73 83
96 127
74 73
47 112
57 20
81 10
39 91
112 137
118 68
77 23
106 12
128 48
82 8
73 42
45 88
54 33
88 34
5 124
97 13
83 141
48 4
20 20
12 12
60 75
79 13
85 41
109 97
28 47
15 36
137 81
99 0
22 127
26 132
73 96
106 140
128 116
145 113
124 134
33 25
38 52
94 34
13 139
57 127
8 53
109 79
15 100
15 25
43 110
109 82
79 109
109 59
24 62
114 60
105 116
73 120
109 33
7 99
94 135
48 44
140 52
44 148
92 146
78 2
21 35
92 77
52 100
8 35
5 59
46 53
107 97
66 86
120 100
121 100
148 54
37 109
31 16
123 102
52 132
145 148
49 112
7 131
99 137
25 46
145 57
109 120
7 87
6 112
54 63
30 20
100 147
19 139
1 6
117 23
24 117
131 112
46 29
74 123
132 34
101 135
62 6
127 37
114 37
16 118
78 28
21 11
55 99
51 104
112 98
133 111
4 29
75 75
107 32
100 37
34 69
124 75
132 21
46 25
109 19
3 51
143 4
118 10
29 26
126 33
94 107
14 62
108 77
59 67
14 57
37 101
95 103
60 113
89 72
54 19
107 119
77 138
31 26
129 13
71 78
27 2
57 29
134 90
137 43
28 74
61 116
33 148
38 97
103 26
76 101
17 59
55 78
21 98
23 39
44 41
147 112
56 126
134 138
108 99
51 94
34 85
70 79
15 35
142 131
59 60
89 3
28 129
132 133
9 28
136 117
22 95
84 106
36 105
61 54
33 34
64 47
137 20
5 107
61 83
132 68
39 95
32 3
30 96
102 0
32 87
59 74
11 144
30 23
101 57
56 148
17 53
69 129
125 138
63 25
8 46
53 68
23 102
110 9
122 41
22 142
142 147
31 115
7 48
70 42
21 96
53 135
25 22
53 47
137 129
4 115
97 94
137 123
90 92
40 62
14 3
16 47
122 22
73 22
30 105
80 145
118 50
61 64
122 60
25 51
114 122
136 16
27 33
19 42
139 62
115 71
57 72
71 81
3 25
65 58
82 23
74 12
108 100
72 82
92 108
139 136
131 136
127 55
56 46
134 79
149 46
23 79
95 19
70 32
92 119
23 117
10 31
93 122
42 30
25 83
75 86
146 119
12 39
26 138
105 99
3 4
57 23
59 22
51 99
34 104
107 47
148 3
143 48
48 39
43 99
0 35
142 52
129 42
29 99
140 107
99 91
64 143
138 92
28 51
97 95
56 55
13 130
37 124
96 53
144 87
10 116
149 99
26 112
98 81
116 85
55 134
130 58
32 136
83 27
17 22
34 32
1 114
19 96
1 1
138 51
141 0
114 104
14 127
15 52
130 10
45 116
116 9
45 91
11 89
12 81
98 108
78 147
122 13
148 68
100 30
48 41
117 0
69 100
9 142
4 26
92 57
18 91
144 25
75 129
7 81
79 111
70 33
129 19
134 18
31 116
37 15
38 77
110 148
20 109
81 111
45 65
34 87
107 129
48 82
43 57
66 119
104 114
59 28
62 45
81 5
108 131
82 60
99 3
59 51
22 42
114 32
146 99
131 54
106 101
81 83
8 104
14 76
76 41
134 24
44 67
98 110
77 107
119 79
104 86
86 8
97 92
27 51
68 129
58 0
46 20
144 52
13 113
34 32
84 127
69 45
109 52
1 66
92 18
127 134
17 115
125 31
107 66
98 36
111 0
125 140
60 145
124 46
85 3
103 21
80 50
27 14
122 112
2 104
92 62
68 122
26 32
89 3
100 104
32 58
99 15
7 5
83 81
59 123
110 52
86 132
35 61
9 69
79 100
89 116
16 12
110 29
40 35
39 102
30 135
131 54
127 26
100 123
33 96
102 18
90 71
142 88
59 111
141 101
49 102
115 52
93 36
10 34
134 49
21 80
92 64
100 86
23 96
96 119
65 5
56 65
44 104
146 43
14 48
2 0
95 95
39 141
121 21
29 144
4 142
2 55
12 41
123 14
146 84
27 122
140 73
93 43
105 25
89 36
75 41
121 58
48 51
103 145
111 98
45 102
133 60
33 148
6 51
128 27
124 71
56 97
24 43
21 115
66 16
109 46
125 42
113 56
58 75
57 2
82 139
134 88
146 11
36 126
127 110
110 134
44 47
18 102
7 146
33 141
54 30
13 65
41 58
7 28
71 115
147 10
68 86
77 26
9 29
21 16
23 12
36 73
125 14
128 117
147 106
55 20
116 144
97 37
112 114
27 42
9 46
25 45
91 66
72 48
83 45
118 73
100 77
15 101
98 75
119 83
90 145
65 97
129 143
114 10
48 66
19 93
79 93
94 35
149 2
33 112
9 78
23 51
114 14
2 96
58 0
35 7
115 97
9 73
134 93
7 36
99 44
5 148
94 128
88 93
17 126
104 58
10 127
145 133
132 113
129 31
89 47
127 58
26 3
120 45
44 101
92 6
21 8
120 69
9 120
107 77
28 140
111 30
19 16
61 17
38 92
50 131
11 144
3 61
133 90
104 25
25 149
110 140
111 7
25 15
101 137
131 123
36 8
85 14
113 107
2 80
52 98
31 106
65 58
132 23
103 63
136 114
137 77
97 49
41 98
87 47
38 0
135 21
98 28
39 131
16 8
99 4
26 91
98 24
68 65
108 133
127 1
3 79
0 17
22 61
96 57
48 134
114 11
75 20
33 14
104 74
96 31
37 130
39 149
69 19
13 57
0 136
51 80
93 31
102 30
110 113
83 74
20 65
4 52
120 32
83 7
51 82
87 13
33 95
20 90
9 104
69 91
45 1
85 77
100 135
134 18
3 146
75 146
6 57
7 32
38 120
86 110
116 144
5 47
119 135
8 59
139 0
29 132
68 66
3 79
27 147
23 10
83 1
69 52
140 142
5 103
75 87
139 124
66 16
106 88
98 96
119 95
97 147
57 89
41 80
59 139
142 84
91 90
112 43
133 117
97 102
131 48
113 134
115 66
79 85
61 94
125 116
63 53
80 32
100 67
9 122
51 82
50 53
142 115
17 51
95 22
25 134
148 109
22 26
25 119
61 54
42 44
33 101
118 32
74 32
144 32
3 19
11 29
122 121
133 77
149 1
115 130
52 18
148 42
40 92
145 62
20 138
60 81
61 59
70 0
92 112
84 108
85 148
38 140
90 56
4 19
143 140
133 82
24 56
72 54
139 145
108 74
2 137
120 107
133 106
54 108
96 144
17 107
56 82
32 79
100 22
40 49
76 16
53 54
3 139
21 72
70 73
100 47
86 134
68 45
55 82
31 13
54 108
67 45
98 14
103 59
138 46
110 62
75 104
124 90
110 128
22 132
90 46
74 146
23 91
131 36
143 11
124 57
94 95
101 74
42 54
111 50
141 46
108 13
97 75
148 77
136 25
101 88
71 143
23 22
43 95
54 79
71 137
85 32
132 5
30 139
17 14
3 68
9 40
60 149
92 77
102 79
7 51
129 102
55 113
84 83
12 33
76 128
27 58
87 122
88 53
108 87
95 59
114 59
97 87
18 121
65 68
22 15
14 89
31 59
71 51
102 74
110 4
146 81
34 111
54 21
114 1
39 11
96 102
3 51
88 100
145 132
132 13
149 9
5 109
96 81
99 47
34 30
97 123
5 119
44 109
127 18
74 65
22 111
27 63
142 20
4 68
14 51
130 18
42 66
135 123
89 19
45 98
1 107
117 8
35 66
146 90
48 6
92 24
96 42
76 117
61 111
60 69
73 128
128 31
104 86
21 5
106 64
42 88
19 54
54 72
111 45
55 11
118 20
52 29
60 110
32 34
62 71
126 78
130 84
121 83
125 36
113 76
59 5
104 44
55 11
112 147
92 102
104 53
28 54
86 140
135 112
129 147
27 47
84 7
39 107
46 15
39 7
9 113
22 52
3 57
61 72
109 71
122 103
109 4
128 39
68 107
91 144
119 106
68 66
83 51
145 45
146 50
89 141
77 145
147 135
71 55
88 137
139 66
11 101
59 53
138 128
67 42
12 56
139 97
26 42
6 95
33 34
89 32
77 1
43 42
8 12
123 74
10 136
131 71
8 32
73 77
24 136
75 84
85 31
111 40
126 55
139 76
117 139
3 34
148 35
71 30
28 94
3 32
84 77
4 108
30 68
54 34
67 13
137 101
47 104
138 129
84 10
142 3
45 71
92 118
98 47
32 8
0 87
131 59
36 92
115 12
111 39
21 62
3 68
127 12
123 60
14 98
113 149
33 149
80 91
37 67
85 68
89 47
16 31
84 1
90 108
56 42
133 94
55 79
79 97
52 111
122 124
95 78
27 97
56 53
79 99
95 134
76 129
69 84
92 13
23 138
66 21
49 17
104 142
58 17
89 78
111 136
115 73
120 95
94 92
95 149
47 27
116 82
82 106
60 92
5 120
36 113
123 51
91 54
39 102
61 125
49 56
130 136
32 31
16 32
144 30
32 130
33 128
94 58
53 83
141 25
51 124
119 6
132 9
21 13
51 89
145 25
22 136
102 35
68 80
34 134
50 141
67 58
37 120
93 41
42 75
122 1
26 139
39 77
65 40
43 64
102 8
115 3
52 60
77 104
70 129
50 33
67 117
93 60
95 83
6 5
68 1
87 39
3 13
6 100
50 37
48 21
3 46
24 51
114 16
15 124
64 53
45 11
123 76
83 38
1 86
66 36
65 138
18 85
125 2
3 116
142 71
58 20
82 120
106 64
80 140
139 130
118 125
65 110
60 11
28 149
117 36
146 34
52 125
99 114
90 114
2 32
109 126
99 129
67 67
109 128
141 116
35 51
106 67
2 95
7 9
131 8
25 97
79 63
121 73
45 101
143 93
136 118
108 91
52 101
75 1
15 71
15 23
10 144
41 19
84 44
74 128
106 134
136 2
80 42
52 91
36 67
49 73
55 104
29 8
106 96
125 59
19 19
111 51
8 37
128 86
14 1
93 7
14 48
125 33
33 90
134 18
76 11
7 78
80 108
141 93
18 98
5 130
125 97
11 106
116 105
70 145
113 124
149 13
56 116
65 87
88 91
70 18
30 32
33 58
112 35
77 135
17 102
49 29
37 133
14 50
3 140
147 21
45 71
1 120
58 33
40 22
74 132
37 90
38 114
90 36
72 139
133 22
5 125
1 57
12 54
108 102
49 31
0 9
19 9
44 126
22 101
39 98
117 135
109 126
30 31
59 64
136 15
137 138
56 112
68 8
92 77
18 99
24 130
100 146
134 47
67 67
34 136
138 76
100 137
106 32
115 118
78 80
12 62
60 102
59 59
11 0
144 149
90 21
25 143
69 58
16 11
92 54
19 84
87 136
45 96
135 23
20 39
24 55
107 120
54 51
15 136
137 23
33 109
70 96
52 149
137 77
122 72
140 45
67 48
136 136
99 99
122 56
38 17
86 76
16 138
131 60
73 141
30 8
110 29
40 62
133 10
107 91
134 78
141 35
76 55
84 24
93 70
139 119
24 133
71 75
82 6
116 121
35 66
0 132
68 134
124 61
6 77
148 106
102 103
20 77
121 124
55 49
149 28
111 149
87 111
110 50
97 59
101 121
103 40
113 21
124 99
133 62
39 83
115 102
64 59
106 71
58 28
90 52
93 129
82 54
106 59
107 124
21 61
89 111
125 44
97 40
43 0
88 57
85 132
131 96
94 19
21 101
112 75
36 38
122 119
38 81
66 147
118 14
139 13
93 32
125 85
75 138
119 33
51 39
106 116
111 50
22 15
17 149
47 83
92 139
32 70
89 26
38 4
106 64
116 144
29 80
27 109
72 146
113 109
137 102
54 103
58 112
148 87
12 80
22 107
29 137
7 41
37 37
142 81
71 111
98 11
101 118
91 111
67 60
69 18
133 130
41 10
41 48
146 48
139 15
102 2
22 54
84 17
8 93
38 50
42 110
135 1
96 65
134 110
22 5
70 41
7 29
39 70
38 46
142 2
113 62
128 41
117 115
114 56
111 49
108 36
100 16
99 115
109 50
112 111
123 16
80 84
92 116
101 117
120 76
63 91
30 129
16 6
31 135
118 12
101 133
8 51
123 58
5 143
89 57
47 101
42 59
107 115
50 49
136 49
98 52
63 52
30 139
145 57
39 33
137 81
111 121
22 91
42 144
65 56
116 139
56 81
11 92
91 32
83 15
129 47
138 96
88 123
99 128
146 88
123 19
90 135
23 113
30 100
147 21
4 143
69 61
25 57
35 103
121 64
66 11
94 16
43 29
140 32
81 36
25 61
56 120
14 11
136 6
141 40
137 132
27 55
48 125
131 97
32 86
91 107
33 38
17 35
80 52
66 20
114 28
50 146
20 24
97 23
107 129
21 138
147 82
10 132
132 130
131 44
30 132
142 72
118 3
96 145
83 85
53 149
30 26
143 95
111 114
126 146
21 59
130 11
46 24
133 25
58 3
149 85
115 123
43 119
121 134
14 144
18 3
7 117
113 69
103 147
89 109
133 146
123 32
125 15
98 124
42 16
118 124
57 26
28 133
90 136
28 70
62 113
12 77
76 15
142 107
61 45
42 123
81 74
123 105
28 96
126 91
43 114
54 130
7 117
10 65
144 98
116 120
3 113
18 110
83 130
34 49
90 146
123 81
56 47
107 48
41 84
44 92
140 142
57 11
56 120
66 134
122 99
9 51
55 25
30 35
143 40
109 60
72 39
98 91
30 83
21 102
146 119
49 45
119 80
20 29
140 118
148 124
13 39
117 17
84 133
44 48
32 52
126 121
64 130
25 131
132 70
19 147
23 96
6 30
113 109
127 128
21 60
86 97
27 40
69 54
12 31
106 15
109 103
9 143
134 74
135 98
82 20
30 56
147 28
3 15
79 35
121 99
110 147
115 140
116 120
1 98
31 70
21 121
143 94
31 17
42 81
67 57
79 120
127 113
43 142
34 107
2 61
74 77
125 108
64 108
84 9
11 110
72 26
77 113
83 90
123 76
58 29
47 144
7 56
108 3
60 54
53 95
46 42
50 19
56 115
118 93
42 9
7 64
68 61
14 110
101 28
42 142
73 107
48 18
54 140
145 13
142 88
116 36
103 28
78 43
86 33
84 100
67 45
149 118
142 149
142 78
117 109
58 134
40 114
24 63
123 113
5 28
67 20
117 83
141 100
94 137
101 31
133 70
106 92
148 37
7 107
91 41
43 45
74 92
103 102
31 37
122 79
100 82
15 43
145 90
32 111
55 9
68 18
8 2
124 142
90 147
11 52
12 85
147 12
89 60
126 56
124 117
115 136
64 65
2 38
42 23
50 31
2 76
56 73
98 79
23 122
117 37
93 98
106 148
149 40
49 62
105 95
70 15
76 114
34 86
60 113
5 119
88 131
35 103
131 139
40 138
85 94
26 64
70 24
17 115
3 95
1 145
59 46
95 144
125 100
41 30
45 25
136 101
15 125
2 102
7 138
117 83
23 4
90 121
74 8
25 41
130 7
138 133
73 88
121 15
136 7
35 9
59 18
25 47
27 101
14 133
63 15
10 138
67 71
131 27
120 67
60 62
86 70
100 27
146 87
81 8
2 84
2 17
59 34
97 40
112 56
95 26
39 22
137 96
94 31
2 111
53 29
51 67
140 138
95 45
0 50
34 98
91 75
11 45
65 69
11 132
142 17
133 30
17 85
95 73
8 93
79 17
51 106
7 131
84 104
147 123
94 92
45 82
89 114
57 116
126 122
139 136
118 5
2 137
67 97
131 59
137 81
51 122
9 9
15 123
46 71
105 36
46 76
128 5
143 48
127 23
97 128
102 57
14 2
149 34
61 104
54 31
13 9
93 18
87 18
13 88
59 10
42 27
77 33
78 60
38 107
14 63
27 18
26 25
96 71
114 136
60 64
54 59
0 99
118 11
46 53
118 16
117 68
57 115
2 48
80 91
79 93
59 41
26 136
102 95
3 140
24 101
24 29
62 20
92 140
85 103
24 71
93 79
6 41
97 20
43 75
93 76
121 11
94 97
74 30
14 134
43 129
83 65
90 15
118 146
50 46
103 73
86 4
15 18
53 76
93 8
113 90
126 147
123 95
13 42
121 78
81 22
99 130
54 144
32 104
81 121
86 119
149 60
136 54
77 58
11 105
28 86
64 33
67 82
66 142
125 121
127 34
69 11
21 139
26 121
111 80
128 147
121 118
145 62
20 14
36 41
9 65
149 90
23 8
32 20
104 36
5 69
50 113
125 93
114 3
28 46
8 94
17 43
9 120
12 123
75 112
42 113
121 86
79 2
41 6
31 31
113 69
75 143
38 84
99 49
28 122
56 116
35 112
65 52
105 65
104 129
18 9
126 110
117 139
22 85
69 128
101 83
98 6
0 8
38 71
110 43
44 100
25 1
52 31
72 61
108 73
22 72
119 43
22 128
17 43
74 135
75 142
131 5
137 131
65 103
88 57
133 48
116 111
131 108
83 149
59 21
106 46
107 50
114 18
70 101
115 3
81 20
31 97
133 33
7 89
100 78
88 20
117 87
106 129
93 129
106 6
1 74
47 74
72 6
31 38
80 111
102 65
35 99
138 144
77 115
134 140
83 82
62 52
81 48
135 135
102 19
69 37
61 139
110 30
146 124
88 31
30 148
24 129
41 79
143 76
5 141
84 116
18 133
67 17
135 22
104 29
89 83
140 0
115 24
5 6
86 47
38 88
120 83
58 110
75 28
105 2
143 75
44 145
50 96
116 5
145 84
29 54
42 66
131 100
45 7
138 95
52 149
19 64
26 49
0 29
65 139
29 98
59 99
129 54
21 146
40 5
119 118
95 45
42 35
39 21
74 20
36 122
69 141
128 96
2 70
147 77
124 2
133 21
38 83
132 59
70 147
16 72
62 65
103 19
144 52
100 79
49 22
2 13
89 46
94 3
49 44
56 55
75 24
122 62
79 108
28 24
79 4
36 4
7 83
58 127
116 62
83 32
20 123
68 68
28 145
146 47
143 95
142 43
141 72
142 99
49 149
107 8
129 112
41 59
20 39
17 59
95 20
40 145
148 61
36 43
84 61
80 78
112 86
12 18
56 9
88 127
117 132
108 126
73 3
113 128
34 91
146 6
5 126
55 14
65 67
15 4
128 85
2 46
147 133
59 132
25 58
109 62
141 118
26 44
45 92
116 85
59 88
125 7
143 11
78 117
136 3
133 92
93 103
135 43
50 86
122 8
74 87
24 113
4 37
114 129
138 5
67 118
63 80
144 93
11 63
79 121
121 62
14 115
41 64
24 37
14 59
86 83
108 128
135 48
103 36
54 18
48 72
53 144
34 126
71 9
67 21
28 58
124 33
37 141
129 118
68 135
57 124
19 113
98 128
36 43
10 87
91 121
3 4
107 111
36 123
105 8
141 68
111 57
117 75
50 102
39 122
103 34
39 61
62 85
44 52
113 48
106 68
86 13
90 21
25 41
83 32
82 132
97 40
20 146
123 104
38 36
67 33
41 14
106 31
103 4
131 139
138 125
48 135
148 67
131 102
121 13
37 5
143 21
93 85
124 62
116 70
64 23
22 40
126 78
55 87
32 36
18 147
34 76
130 130
86 29
90 32
22 12
110 142
59 96
11 2
74 96
44 44
130 72
42 24
41 82
108 29
101 60
89 2
34 121
123 54
10 141
107 13
28 70
124 9
42 128
148 101
38 124
34 149
10 107
68 37
139 9
132 127
78 141
133 87
127 43
14 73
135 106
65 40
145 91
0 86
115 50
45 47
45 120
83 10
125 93
20 130
148 43
1 42
96 79
95 95
124 145
81 86
40 128
112 108
127 84
36 135
132 23
38 146
24 95
80 29
42 101
11 34
15 12
46 110
56 63
1 79
50 60
61 9
80 11
21 1
97 44
85 125
9 43
66 84
14 53
61 147
108 112
5 143
132 103
54 74
116 29
128 62
97 92
9 9
103 2
89 106
43 105
7 82
95 70
74 114
7 103
109 134
41 34
92 53
65 22
95 72
87 118
75 77
15 118
93 36
134 112
143 133
0 12
26 142
120 122
9 75
147 112
53 127
149 35
73 117
106 126
91 83
66 115
89 18
6 75
109 33
143 112
44 50
119 55
98 133
31 63
91 59
30 136
88 118
114 102
18 36
22 97
52 0
30 147
8 141
146 23
82 141
67 35
121 62
90 100
0 99
89 98
32 59
82 13
149 16
16 24
3 8
104 147
95 116
131 28
54 4
127 131
10 26
96 47
34 4
98 124
113 90
8 23
7 71
5 1
70 12
2 17
70 117
122 51
48 82
123 136
89 91
68 58
12 53
67 78
81 118
104 80
142 119
77 149
37 140
2 34
22 110
103 25
22 3
114 57
24 72
37 20
92 49
42 69
125 67
68 112
143 96
121 40
1 120
144 123
81 132
94 143
51 64
56 14
15 102
126 5
66 82
12 61
32 60
85 74
114 94
29 80
26 87
56 62
107 12
125 139
73 6
95 111
51 55
31 84
132 6
1 62
109 126
67 101
12 47
138 14
88 53
36 114
44 19
30 77
19 135
52 118
28 27
52 2
28 34
141 102
131 89
2 65
102 127
113 8
29 96
83 40
107 66
101 82
133 40
48 30
61 63
60 82
68 23
126 98
120 92
39 51
118 3
94 118
82 47
41 62
30 133
88 80
149 20
30 31
54 98
60 6
8 75
147 102
69 34
143 138
63 20
63 144
30 58
140 147
71 14
84 21
6 48
51 1
91 111
57 43
5 135
66 48
13 106
7 110
12 128
16 15
43 31
65 78
145 20
113 110
35 75
32 68
113 50
48 39
101 89
146 25
42 17
64 11
126 37
103 48
66 45
47 98
122 95
113 56
139 25
15 7
89 100
86 56
149 66
70 148
135 105
12 75
45 149
83 68
149 24
65 123
85 48
76 104
135 96
66 98
82 33
81 25
17 117
121 51
48 131
96 36
56 113
84 144
10 100
142 87
72 108
148 82
68 54
104 10
13 20
48 120
130 39
94 95
24 44
45 98
74 33
123 31
24 14
100 144
65 74
58 49
109 14
15 63
13 50
59 7
113 4
25 72
102 101
60 107
50 58
96 46
94 11
50 17
113 127
123 15
117 16
139 109
68 43
75 112
41 32
52 7
122 28
81 40
30 42
94 46
67 63
1 37
142 9
78 48
25 33
56 69
117 50
106 126
38 66
119 62
98 124
144 0
78 27
28 38
136 89
138 48
5 137
130 108
120 108
23 107
43 134
78 64
135 79
75 112
38 50
41 100
2 128
18 99
115 129
51 22
91 6
27 54
123 82
119 112
2 51
31 121
15 20
15 17
131 59
42 139
50 76
130 17
105 120
41 15
6 134
88 31
96 59
60 17
2 139
21 109
52 6
91 9
23 9
41 103
139 80
112 56
121 75
94 71
62 65
47 56
51 71
91 2
134 25
118 64
98 30
121 54
19 134
135 52
13 3
62 138
119 54
38 25
12 75
143 32
4 107
101 120
35 5
12 86
48 53
106 4
130 91
40 65
87 111
39 74
146 72
86 48
130 78
32 19
109 57
25 126
3 92
26 38
118 109
5 68
33 54
101 22
39 120
96 47
58 24
131 55
53 77
112 54
101 22
60 34
120 7
129 11
148 134
30 81
106 90
32 106
5 89
144 148
37 89
44 142
67 75
103 130
20 37
83 143
89 78
116 108
94 54
79 105
66 108
12 69
39 68
20 1
14 71
109 129
13 19
39 101
78 8
32 108
6 32
88 95
79 62
132 3
141 29
77 107
76 127
149 107
46 127
129 25
8 68
131 67
11 147
26 22
109 36
5 24
98 37
23 130
28 58
53 134
4 97
17 56
76 88
19 123
109 21
32 24
106 65
84 23
4 24
71 107
58 27
60 65
144 44
137 71
41 130
93 121
42 63
49 100
119 107
72 27
84 6
55 139
141 142
14 54
148 73
3 63
96 32
11 118
138 117
121 133
9 34
64 55
43 78
102 38
131 63
80 100
91 87
64 27
113 75
117 114
44 18
109 148
144 116
22 37
107 81
3 48
149 82
89 130
0 28
121 48
88 38
135 138
28 52
67 83
144 11
108 61
97 51
142 99
83 1
31 44
59 104
83 3
104 86
53 52
14 126
144 84
129 45
57 58
13 123
85 36
110 16
145 26
69 93
15 32
136 148
128 34
68 90
133 96
57 53
108 127
60 39
48 31
120 58
12 64
41 2
67 82
113 103
124 61
143 75
131 4
88 64
48 15
144 122
72 111
38 19
128 139
122 36
5 53
69 80
50 96
34 47
55 18
133 33
94 47
45 111
4 51
8 105
91 58
78 54
20 69
14 36
115 96
49 125
127 105
115 3
70 93
92 76
109 8
129 12
61 121
67 116
59 68
58 95
54 68
127 145
36 88
135 140
135 86
99 148
120 84
58 20
92 143
94 108
133 47
93 44
17 79
115 113
88 135
67 82
141 60
80 143
78 53
143 88
74 93
136 1
117 79
78 81
4 106
1 66
21 79
78 97
123 35
4 27
4 5
33 68
69 125
140 37
123 32
105 99
21 50
137 76
61 146
121 56
8 70
11 138
62 73
79 42
59 52
146 51
68 133
64 83
118 143
102 111
37 45
23 108
21 93
61 76
148 34
29 81
12 4
59 149
122 100
38 136
98 36
70 118
122 69
63 120
68 139
52 64
19 87
13 35
49 134
14 132
27 142
54 18
68 79
90 113
4 134
124 52
32 84
28 146
140 35
70 95
75 27
135 126
148 75
99 53
51 29
57 28
76 79
29 102
131 71
133 81
69 25
125 149
126 23
69 11
69 55
56 83
10 27
13 82
117 74
21 37
10 94
53 30
106 75
46 42
37 124
14 121
84 48
56 51
107 67
99 121
138 124
49 131
43 25
94 106
46 94
41 6
11 106
7 17
37 91
52 87
23 37
37 36
43 50
97 9
57 146
127 118
55 83
30 69
10 114
101 23
33 136
89 111
50 91
99 55
20 111
42 36
134 144
50 121
104 54
65 55
99 59
55 131
71 70
66 149
60 48
128 13
73 78
146 117
44 144
22 111
31 139
129 67
114 1
35 77
64 147
144 47
58 132
97 50
84 133
92 49
16 142
136 149
8 70
43 7
80 34
70 112
103 55
98 25
19 10
21 40
104 50
44 148
138 98
141 143
77 19
38 15
105 15
94 88
119 131
2 110
99 52
88 95
137 64
91 103
148 127
73 37
62 30
63 10
43 114
121 145
79 55
59 38
128 79
118 144
142 63
105 3
5 71
52 86
108 138
48 102
126 15
141 69
53 109
101 42
136 109
56 88
27 92
11 97
60 101
93 91
65 103
4 58
32 143
102 45
20 30
87 21
45 103
146 56
4 35
111 120
127 108
139 9
111 54
82 121
17 63
58 78
61 31
113 97
95 106
3 10
43 84
105 116
10 41
128 74
106 133
99 84
60 96
56 26
68 106
129 113
10 112
0 10
25 125
19 59
85 16
115 102
63 49
93 149
117 53
26 105
143 21
50 128
43 137
41 3
13 144
97 131
28 68
2 109
132 53
54 124
144 55
78 98
86 51
29 124
110 58
14 131
115 33
61 76
120 117
15 86
111 127
29 147
131 3
114 114
141 84
111 119
54 24
19 88
1 136
119 1
32 143
149 116
134 123
101 73
65 102
148 103
83 138
117 104
31 42
100 54
14 24
94 61
63 110
33 64
58 102
132 87
120 135
94 70
139 120
63 41
75 70
40 105
79 51
143 83
84 135
42 113
144 7
64 145
136 81
14 79
122 19
18 10
59 65
12 49
26 60
27 124
26 65
123 102
114 47
144 21
35 38
22 28
74 138
115 21
23 97
19 31
87 80
109 33
97 80
141 79
81 117
17 146
140 96
63 16
37 71
64 64
25 75
45 41
91 136
111 8
107 106
103 89
84 70
62 109
42 91
128 149
20 76
69 4
69 88
120 119
34 95
95 72
3 144
148 120
85 43
75 136
120 73
57 79
109 134
119 117
133 111
144 23
68 142
58 50
70 128
28 128
118 79
147 113
108 30
23 71
119 132
25 122
98 7
79 88
14 109
115 115
30 129
104 75
124 42
114 84
48 5
106 34
115 68
47 143
63 57
73 62
98 45
128 48
49 19
122 24
108 90
131 90
89 121
40 60
40 125
19 105
103 147
58 88
121 14
16 88
66 15
115 116
132 56
118 113
5 30
10 105
39 137
65 41
54 149
13 10
146 95
42 92
54 53
80 14
60 12
49 57
76 85
71 71
112 76
1 14
93 25
129 88
127 27
107 89
58 54
17 2
42 84
129 22
55 112
131 144
143 40
138 125
109 67
54 54
107 38
22 28
32 18
21 23
130 123
10 35
43 107
102 68
85 20
32 130
123 102
47 30
135 87
30 92
102 142
128 42
67 86
149 9
137 0
38 138
19 46
34 126
24 106
107 135
9 11
118 71
146 113
46 96
127 65
48 84
25 148
147 125
5 104
49 2
71 104
88 61
139 22
4 143
117 42
110 131
81 144
42 42
138 38
34 66
25 142
14 147
22 33
53 87
118 132
52 84
87 96
123 78
133 21
57 79
132 92
6 101
109 129
78 54
39 144
105 114
68 133
52 96
71 32
64 93
66 73
143 10
66 34
140 107
47 117
67 91
47 19
63 91
11 8
89 89
118 46
55 70
3 88
74 36
14 100
37 125
5 45
2 58
10 113
115 9
10 55
75 76
50 127
4 87
3 56
3 107
94 39
97 2
19 32
56 32
95 121
47 12
119 139
43 135
117 143
94 35
137 43
67 126
117 104
88 16
34 50
117 76
147 123
101 104
64 116
34 15
111 141
90 78
29 64
99 5
43 70
92 5
58 93
119 138
78 25
130 125
108 125
107 37
60 46
128 14
35 139
21 9
43 121
101 106
43 125
47 38
128 13
149 27
123 127
55 72
107 27
131 138
48 149
100 3
34 113
85 122
85 133
8 126
28 61
30 49
139 26
83 69
107 16
100 95
71 118
2 50
17 73
84 142
41 34
123 132
133 87
147 32
111 13
131 26
45 82
34 149
149 17
11 103
70 60
15 138
63 22
141 78
35 96
110 90
11 74
129 2
90 139
20 16
85 99
98 77
68 114
35 141
26 46
48 42
79 38
57 132
8 1
101 88
29 148
45 73
133 51
18 95
132 118
143 49
135 57
62 38
143 106
64 136
102 99
16 104
47 113
6 106
123 109
39 20
46 79
89 115
148 25
46 47
86 43
19 69
68 27
129 94
42 64
135 7
39 91
96 57
58 26
13 61
132 51
125 23
69 4
73 3
132 144
131 142
131 55
124 126
63 111
106 44
31 132
13 136
32 2
72 91
116 138
86 96
110 72
55 52
46 59
32 142
33 146
100 145
3 28
40 72
89 84
30 84
115 51
126 41
60 4
125 50
70 54
96 94
22 136
65 137
70 120
109 103
141 62
62 33
14 140
77 20
18 107
13 105
132 8
99 62
3 117
28 126
19 110
135 17
22 118
91 137
94 96
74 120
45 105
83 35
120 104
15 95
46 32
141 142
140 52
4 58
116 122
142 121
130 45
91 131
79 59
105 136
88 22
91 10
130 113
72 25
99 60
24 144
27 71
46 140
109 79
121 54
77 128
139 52
22 143
101 105
93 144
127 43
93 136
109 132
100 93
72 137
73 110
53 77
20 88
36 85
42 26
75 53
93 135
26 5
32 114
67 119
103 47
130 121
5 106
82 20
31 93
60 138
47 55
66 103
7 58
108 19
117 50
80 30
99 107
90 81
101 16
96 145
75 92
12 99
112 17
45 49
78 44
143 43
110 147
74 138
69 113
112 7
80 51
91 3
31 76
28 40
82 31
107 110
117 4
139 7
58 76
130 44
126 70
76 149
15 17
106 44
60 23
69 64
81 106
120 67
10 147
89 33
44 46
45 130
79 0
38 103
87 147
23 100
146 10
28 135
140 26
4 109
3 20
67 82
89 103
47 104
148 31
13 31
58 131
143 52
6 57
112 137
101 145
55 146
1 76
72 123
50 88
121 39
23 98
107 28
75 96
57 12
125 84
68 113
93 19
72 33
17 115
134 42
21 147
87 113
61 14
101 45
64 54
52 101
17 57
137 90
9 94
29 66
118 107
35 132
22 62
99 70
116 95
142 102
107 105
34 100
113 136
73 128
4 5
39 129
58 109
7 101
118 12
60 76
8 60
22 66
95 8
87 69
0 89
109 33
103 70
16 8
24 24
92 6
17 122
13 124
28 43
96 27
106 21
7 21
14 15
128 64
60 93
56 24
127 113
128 118
104 37
136 37
93 41
58 100
46 43
32 107
89 50
9 67
90 115
62 51
98 104
134 149
141 90
20 15
78 32
79 105
132 102
134 16
111 37
75 95
27 137
115 142
107 20
47 136
66 10
18 127
3 59
120 79
19 44
112 128
57 134
98 75
44 16
146 115
64 109
60 71
9 19
110 52
104 136
46 2
138 136
15 137
96 134
17 109
104 30
96 145
32 62
40 31
87 124
91 119
19 21
7 35
18 47
12 12
42 8
24 132
56 53
32 28
131 72
80 85
119 141
56 146
3 34
115 138
140 69
35 87
42 111
8 105
53 15
142 2
44 34
26 37
138 112
68 38
104 143
45 93
147 34
62 128
113 11
142 9
4 101
51 67
54 111
92 87
143 66
4 99
126 46
63 58
91 105
97 2
112 136
112 52
70 21
63 21
140 26
103 6
116 86
121 127
30 101
32 65
110 74
65 76
21 72
44 13
47 100
101 95
25 37
108 32
116 36
63 15
73 5
131 91
27 138
55 138
5 66
143 100
81 95
113 19
137 136
50 139
143 38
10 108
61 5
68 55
35 73
133 83
68 104
31 113
141 50
17 9
8 136
9 126
49 95
57 101
94 102
108 121
25 32
17 4
43 53
133 98
52 8
17 35
74 48
40 131
32 100
129 89
98 93
62 118
84 109
93 131
3 35
97 58
138 133
123 85
63 127
51 110
23 70
41 132
94 81
55 143
37 23
91 71
112 83
68 71
59 139
38 19
47 75
94 20
145 112
4 35
92 108
119 31
61 139
22 86
78 95
100 132
99 133
1 91
142 88
61 75
126 148
27 147
43 98
16 101
2 128
121 12
110 57
71 73
42 108
17 144
37 40
16 131
24 4
100 24
58 125
135 6
42 35
15 145
109 118
137 75
132 83
66 71
113 136
113 34
16 80
116 123
141 134
90 18
58 66
117 138
93 94
79 99
74 49
142 28
77 125
30 70
128 24
114 87
22 147
15 40
57 60
95 37
119 126
18 109
142 29
27 34
148 107
107 104
52 30
48 136
77 18
68 23
60 122
54 126
27 71
2 88
70 116
106 115
99 135
125 78
30 54
74 32
135 49
47 121
65 44
74 101
98 107
83 149
135 116
65 131
28 101
9 91
10 67
62 0
44 9
28 148
92 69
146 8
12 37
90 3
14 80
86 93
101 66
0 3
125 47
60 44
21 34
42 138
6 82
11 114
84 117
69 7
32 76
88 4
38 125
12 52
26 18
141 93
84 110
68 141
77 89
6 81
53 6
116 88
90 86
82 10
105 102
129 78
45 107
99 44
140 83
57 80
128 93
149 8
129 139
17 74
80 106
50 126
37 100
146 114
140 22
24 42
87 70
102 52
86 38
22 108
125 65
142 52
54 144
83 40
66 57
20 41
64 107
121 68
2 1
68 47
42 8
73 66
96 138
32 35
111 79
95 23
56 105
110 138
76 107
116 43
29 44
125 131
129 70
55 142
144 71
130 90
58 106
36 89
94 108
71 133
32 112
16 11
131 103
83 2
128 74
53 93
132 19
59 40
91 67
68 19
60 74
57 117
5 60
84 85
90 2
9 67
128 65
13 144
120 120
148 111
144 118
116 135
54 71
147 113
128 98
133 101
145 11
59 44
90 120
60 51
46 117
22 49
54 115
18 64
116 73
93 49
148 143
78 41
21 103
50 148
136 128
65 129
42 51
64 29
4 72
140 110
117 3
87 48
27 36
146 109
23 18
12 32
95 143
26 68
23 103
22 38
25 46
85 60
97 36
22 65
62 107
18 27
126 3
52 115
72 126
19 137
107 54
42 146
57 92
71 67
91 48
63 45
49 149
84 19
52 93
88 19
102 67
49 149
50 27
106 111
147 18
101 84
30 132
115 32
15 41
1 74
149 51
16 138
57 18
23 25
53 139
142 34
0 26
0 50
1 91
12 38
120 61
41 125
7 31
79 81
143 80
13 134
25 60
66 74
23 52
143 125
104 137
10 114
20 29
112 20
126 41
59 42
29 5
31 2
7 16
141 65
53 114
76 83
44 56
134 51
52 120
50 47
89 107
50 75
87 119
44 105
20 78
125 42
69 141
19 90
5 50
143 136
72 85
139 43
97 127
8 125
93 17
64 102
17 30
68 100
103 54
20 0
107 126
126 14
98 106
80 141
89 141
98 4
79 66
20 93
22 101
101 8
100 24
71 75
20 1
53 81
5 83
62 36
137 53
110 112
140 128
118 110
39 99
57 44
31 64
50 3
92 73
62 142
82 6
3 17
144 128
1 0
98 47
39 141
129 12
80 30
42 8
102 101
136 17
142 36
126 101
58 12
121 145
79 95
84 45
110 41
33 32
112 92
119 42
116 95
72 56
127 66
123 147
8 26
27 107
20 33
50 126
27 34
113 56
27 0
57 84
21 32
111 50
90 118
66 101
27 1
20 62
97 92
112 122
85 99
84 7
33 112
49 47
140 74
107 5
98 102
36 136
113 36
131 26
51 95
103 101
3 82
18 72
138 37
104 12
45 8
133 115
87 109
117 137
39 18
147 124
89 77
57 126
72 22
41 61
89 116
25 127
143 60
92 0
93 138
2 125
135 97
138 64
69 36
107 81
141 133
3 133
92 109
2 75
83 133
69 42
96 48
17 111
45 48
23 31
5 11
61 115
44 23
108 0
135 122
79 8
134 53
16 40
56 79
64 40
27 128
89 147
129 90
86 96
149 139
123 138
88 129
44 109
77 28
54 79
15 52
111 40
140 57
20 96
33 40
147 118
23 132
21 31
79 27
36 5
143 62
36 0
143 105
102 64
7 5
27 11
27 41
47 145
74 102
70 89
121 106
91 70
114 78
30 114
49 81
10 5
92 68
20 34
26 89
130 104
78 34
92 122
38 108
48 1
83 130
52 114
107 93
9 88
10 39
88 19
61 128
119 117
104 63
69 21
87 69
91 52
106 71
149 29
96 149
67 10
56 1
129 17
74 83
68 113
28 74
75 9
126 53
122 62
59 0
86 124
24 57
131 85
101 73
47 14
149 2
87 71
10 80
107 41
139 44
30 64
99 60
37 99
129 114
63 100
138 46
87 24
120 114
148 98
30 17
74 44
134 21
112 65
43 98
119 29
41 56
80 55
89 129
55 97
149 142
30 140
37 100
119 50
84 112
38 95
64 38
67 99
23 136
99 50
12 63
93 44
24 114
52 57
84 129
143 94
19 139
132 117
9 54
140 33
132 92
18 29
47 59
28 120
122 62
68 70
39 39
50 45
10 85
27 57
25 18
3 56
57 18
34 92
112 0
76 147
93 99
0 127
33 98
94 137
86 124
137 135
28 11
21 127
144 128
116 61
130 82
70 64
84 53
13 74
29 146
132 29
10 119
92 147
91 12
67 10
102 31
83 22
25 71
107 26
10 5
138 64
111 126
69 107
30 20
115 114
8 74
49 74
11 72
141 35
6 57
139 92
39 31
58 134
149 113
90 50
70 6
11 140
36 124
32 48
138 62
79 39
39 74
62 78
81 49
80 95
99 146
94 105
27 114
16 57
71 49
126 144
76 83
2 62
138 5
21 138
81 34
55 52
54 133
136 102
94 45
70 36
78 109
54 108
125 1
68 43
63 7
29 141
135 1
122 125
44 110
82 77
118 102
58 89
9 117
79 33
88 145
97 129
61 146
58 145
94 30
129 142
32 86
74 86
25 36
32 118
87 40
117 43
50 59
16 96
127 136
126 9
98 20
143 48
19 82
0 112
53 43
20 120
49 106
79 4
82 19
91 109
32 126
47 54
34 69
148 37
61 47
72 40
113 74
94 79
29 108
124 11
119 66
49 2
19 124
6 116
38 137
140 69
15 147
115 114
83 111
66 77
54 33
56 143
14 117
145 119
49 9
89 92
112 106
73 149
9 13
93 29
136 132
130 91
53 78
30 149
93 56
91 133
131 98
32 78
96 143
105 138
122 133
138 81
34 138
90 26
36 35
143 16
94 123
51 56
122 26
16 95
118 148
56 80
82 3
61 30
39 101
20 114
27 50
40 106
55 28
122 134
6 120
52 85
32 106
88 7
24 87
43 8
126 70
58 28
54 139
8 38
28 78
29 64
57 40
29 94
30 131
78 31
28 36
136 73
90 34
81 130
95 62
94 97
36 13
26 43
133 86
28 16
43 42
86 40
49 149
37 22
95 63
102 86
109 93
48 5
147 129
21 92
141 125
28 3
149 145
0 43
50 141
120 5
51 16
116 47
94 91
47 146
129 148
142 121
72 138
15 119
68 61
130 10
109 128
141 143
41 84
54 81
140 131
85 78
110 141
63 78
93 89
74 120
9 140
12 65
56 43
148 126
94 89
73 94
24 19
100 130
136 124
43 143
59 15
142 119
79 10
129 111
36 139
103 94
83 108
25 65
142 70
138 58
134 26
100 104
139 21
47 137
51 26
61 122
12 64
2 120
17 128
88 42
74 122
75 112
7 32
14 78
56 28
95 125
110 74
12 60
23 23
48 46
144 131
66 110
116 54
6 128
58 104
53 20
121 36
148 33
27 27
38 146
105 111
39 117
134 125
87 128
0 147
55 43
1 42
60 61
136 143
80 71
22 7
106 41
78 118
21 25
137 29
20 101
79 142
69 32
74 143
33 113
100 72
117 106
22 12
74 32
130 49
68 80
52 101
52 114
147 60
102 89
19 31
55 110
51 124
81 59
12 4
135 10
63 144
87 136
136 78
146 43
134 66
148 49
4 127
95 46
130 119
6 52
143 48
108 28
129 88
83 34
142 11
77 53
136 85
124 7
124 67
32 122
95 111
92 50
20 116
2 6
64 53
147 147
125 64
6 117
23 26
64 39
127 148
81 115
21 98
0 92
134 43
116 1
39 1
130 74
121 15
95 43
58 65
55 55
89 146
50 147
54 62
110 51
53 3
74 47
80 116
45 128
1 126
123 34
135 140
18 140
136 82
21 93
11 65
51 8
3 63
12 110
91 71
21 122
145 89
135 80
85 146
117 33
26 143
80 41
26 137
104 56
24 2
83 17
48 108
96 65
70 16
126 31
99 130
109 55
130 24
138 52
35 127
145 36
101 71
61 72
14 117
94 109
91 42
41 104
10 49
41 115
113 54
122 143
74 82
120 79
49 19
45 99
77 2
10 86
149 2
45 25
13 28
11 42
23 23
94 68
136 106
70 42
60 17
43 96
132 8
31 136
144 71
123 127
41 34
12 13
17 125
86 36
78 30
81 116
51 125
44 120
96 78
0 108
103 37
97 44
67 92
13 125
69 50
142 133
74 139
106 20
115 98
18 58
54 122
119 1
81 110
57 17
37 105
34 12
61 121
146 82
69 80
44 7
117 34
2 16
126 86
4 70
17 55
120 133
26 105
139 20
35 90
61 107
97 14
98 12
83 97
113 3
55 24
45 13
120 134
64 33
47 6
66 37
98 90
11 16
73 86
64 103
114 1
9 88
122 75
113 97
39 91
132 90
96 75
86 69
73 28
119 34
124 77
125 112
129 35
140 39
39 133
131 16
15 62
107 132
115 142
19 13
22 142
71 73
20 95
33 130
112 139
58 35
146 88
29 7
114 32
145 7
14 97
149 50
31 88
149 25
47 146
97 24
85 1
2 40
112 51
9 30
66 10
138 22
127 55
78 70
55 86
118 115
146 87
45 61
126 15
85 69
83 45
35 31
112 16
144 143
137 47
23 11
21 122
106 32
64 88
107 17
109 148
145 54
140 56
56 114
141 123
57 103
137 15
129 28
38 50
79 75
145 48
35 115
36 105
101 55
87 59
37 57
44 122
97 52
35 105
33 29
98 25
71 128
137 96
9 21
120 122
35 145
106 73
114 18
88 85
145 94
45 63
123 2
58 17
128 133
35 2
76 89
53 149
80 96
65 148
88 89
87 130
70 59
66 147
133 13
114 106
34 95
10 54
10 128
104 9
119 22
31 57
136 57
70 27
99 55
149 98
38 6
30 147
15 75
22 96
16 74
149 48
82 36
119 107
98 3
143 38
110 93
73 133
65 86
109 126
13 72
82 35
147 81
7 74
10 107
137 4
39 30
47 9
95 38
34 23
29 82
136 67
118 47
5 140
63 42
24 93
148 3
54 67
51 104
108 64
14 132
18 145
96 71
122 101
97 84
24 18
82 9
95 13
120 70
16 111
2 134
124 128
139 103
40 118
14 57
107 66
121 100
3 95
120 112
116 53
77 11
33 88
91 115
129 140
145 132
52 146
63 4
12 134
36 83
131 91
68 138
2 52
137 5
81 8
83 46
101 37
99 89
91 143
76 120
110 144
118 7
13 29
90 24
39 135
124 78
9 69
34 92
5 110
56 15
58 122
123 25
60 40
103 10
71 95
139 75
21 23
138 44
100 9
2 116
137 68
126 2
29 10
137 108
130 81
9 45
137 118
105 55
74 138
138 108
42 147
33 149
139 12
39 67
1 38
104 39
18 8
17 51
61 49
28 71
43 144
41 70
3 132
4 41
20 144
81 43
81 50
7 27
44 109
77 145
8 96
62 106
148 146
23 12
27 52
132 55
85 80
50 9
114 141
1 143
67 98
63 147
87 24
89 85
55 118
20 18
31 106
16 22
133 147
43 78
75 111
38 21
72 17
40 8
17 81
35 34
89 79
66 7
139 24
25 93
141 35
38 99
125 143
103 27
139 101
12 12
40 18
117 74
92 33
36 83
99 102
90 109
139 143
66 14
94 128
106 110
91 112
2 30
31 2
82 20
63 51
149 144
4 77
148 66
28 89
64 72
89 137
85 11
28 73
86 51
121 98
71 28
58 32
61 29
148 78
106 50
6 105
32 113
2 8
129 110
92 51
129 73
140 29
18 94
11 24
9 24
144 66
96 70
13 124
118 112
37 45
60 24
47 43
66 84
140 112
139 103
145 85
70 45
56 87
45 39
15 83
48 29
149 19
48 114
94 147
93 84
18 120
53 72
16 123
108 21
10 102
85 32
58 120
62 144
50 70
11 81
148 78
133 46
11 15
131 5
50 133
39 45
134 55
92 47
24 125
49 19
92 85
146 2
76 74
121 47
112 22
121 118
56 36
20 92
89 110
134 20
42 108
33 108
51 146
62 123
65 125
27 65
69 111
19 146
1 5
124 80
13 55
141 142
123 25
60 39
14 143
66 57
25 78
1 56
109 27
68 16
52 127
6 57
29 103
78 19
9 127
11 138
0 80
78 44
68 34
141 36
113 119
23 20
128 101
118 49
103 107
7 36
10 70
47 1
1 21
134 14
56 121
61 38
123 10
143 72
0 76
16 143
147 2
128 29
52 110
43 130
117 11
51 128
102 25
14 44
57 59
29 53
117 149
70 100
63 31
77 40
112 72
88 120
116 53
97 118
25 11
111 96
18 77
70 66
90 71
29 4
10 132
69 25
87 8
144 82
119 129
13 98
11 44
137 135
76 26
20 29
90 88
48 99
41 53
125 115
42 53
95 78
97 78
145 81
89 75
98 96
58 131
145 59
136 124
14 0
103 94
4 126
26 139
51 8
119 51
19 138
47 127
24 82
77 132
108 36
8 62
61 117
126 143
43 68
3 74
48 69
94 9
102 130
36 37
140 92
147 137
9 30
40 122
56 27
78 108
67 55
122 92
69 116
76 137
7 149
68 79
25 44
17 90
0 148
131 122
139 111
71 60
29 6
68 69
8 105
33 29
18 33
102 136
4 18
68 24
77 41
83 58
65 112
105 0
69 120
3 148
110 89
73 28
115 54
138 13
48 102
41 76
49 0
109 105
127 97
99 79
124 37
102 78
111 4
72 102
101 47
20 103
37 133
126 58
81 107
100 57
111 40
29 68
35 111
27 125
18 131
4 130
57 112
131 147
24 7
3 50
142 5
149 141
24 115
56 28
63 69
36 117
117 30
62 20
44 14
105 109
109 99
14 71
5 16
5 16
41 41
106 34
122 11
141 72
111 98
33 52
53 111
19 108
99 8
26 126
116 106
145 90
45 100
126 119
74 3
94 97
44 66
96 82
134 7
22 29
72 111
51 97
146 76
121 35
43 28
80 75
124 71
64 21
52 20
145 114
4 35
87 122
54 120
106 69
136 63
37 17
44 67
121 80
49 72
82 28
91 69
51 84
17 26
133 138
96 80
4 110
148 104
71 41
22 123
53 132
28 0
136 18
80 79
2 61
7 27
44 78
77 97
4 46
81 58
60 6
129 18
75 24
69 27
12 141
116 110
82 5
63 97
92 52
79 45
66 14
116 60
85 130
93 107
103 128
34 51
42 90
41 1
97 19
4 107
51 66
145 119
26 97
60 119
82 109
60 33
127 14
147 43
20 2
123 109
143 39
42 138
49 121
114 32
126 76
35 52
76 102
90 76
136 50
8 142
45 51
75 133
72 147
124 61
54 45
27 140
113 143
85 62
87 135
18 63
24 94
115 14
61 72
55 90
95 23
63 44
101 144
90 71
96 76
120 58
29 33
5 108
28 107
130 23
19 0
116 104
62 12
138 86
105 20
140 68
65 112
101 84
145 75
48 82
10 37
10 59
51 12
68 121
34 117
85 33
65 8
92 51
74 121
27 6
85 100
94 64
122 143
106 91
143 39
14 12
99 135
145 63
24 139
2 97
65 1
83 129
112 9
132 62
53 50
118 0
56 29
132 8
78 46
44 80
82 29
72 107
68 142
144 73
97 53
29 73
37 120
31 24
142 39
15 137
33 93
109 91
5 105
18 122
7 129
84 74
39 9
90 42
67 117
60 38
136 145
116 122
38 49
14 96
122 78
72 4
75 96
3 108
22 75
49 127
139 139
62 55
54 145
73 131
37 59
123 94
84 29
45 18
136 51
7 73
95 112
18 48
117 113
129 103
117 74
82 40
55 74
134 133
6 78
73 34
4 36
119 11
54 100
130 72
107 75
76 16
110 43
117 85
93 21
59 33
128 54
57 49
83 118
117 127
28 16
64 31
98 51
91 11
144 96
20 98
32 4
68 1
133 67
51 14
49 78
85 18
19 145
61 131
103 86
91 9
68 62
115 100
26 75
119 102
57 85
118 82
59 12
30 32
53 88
148 134
40 112
143 64
145 61
106 29
4 17
96 72
49 2
72 77
103 146
74 2
65 24
128 122
115 31
129 109
14 36
38 125
46 34
148 107
114 66
49 70
125 56
43 96
70 95
10 41
37 70
81 54
121 65
149 20
131 90
52 114
65 121
129 92
2 53
9 96
136 94
71 131
46 76
99 48
38 67
90 38
65 46
49 96
68 142
137 46
118 38
109 51
114 39
135 16
15 62
95 48
111 14
100 5
7 120
60 20
103 2
53 139
133 129
149 83
62 98
73 52
19 48
44 81
35 76
63 20
15 6
61 122
60 43
125 121
139 31
40 77
14 62
55 91
14 39
62 84
113 9
12 67
148 146
114 7
148 103
44 96
98 38
126 67
98 123
31 10
75 126
127 72
28 85
36 112
127 31
90 57
20 45
88 136
62 55
75 82
146 126
92 141
95 117
133 96
78 126
73 139
77 109
50 95
45 143
22 95
123 13
33 85
114 45
81 32
126 92
76 68
22 16
4 70
117 117
114 80
13 48
84 132
116 132
92 4
112 16
47 148
62 39
72 58
70 106
3 137
94 137
94 88
123 140
131 22
53 23
118 61
138 60
42 18
13 86
27 113
53 112
110 33
83 101
108 31
80 43
116 62
104 124
106 50
26 36
9 43
52 68
42 41
4 54
139 109
117 67
94 25
28 18
122 62
25 91
2 134
56 51
50 115
97 140
120 53
49 40
68 71
75 148
14 73
109 119
104 79
92 29
18 84
130 58
70 66
127 38
98 102
107 59
36 20
107 53
26 80
118 93
37 18
114 79
37 7
13 62
11 73
44 43
85 99
4 25
82 52
29 18
75 33
120 53
18 140
2 94
5 96
15 34
122 60
11 102
66 47
56 40
50 109
67 16
38 17
98 38
90 118
28 40
10 86
130 105
47 59
106 102
72 8
145 84
80 130
34 9
67 37
72 108
119 100
144 56
109 7
10 140
39 69
71 74
143 91
45 58
107 33
22 1
61 63
149 45
33 34
73 36
130 65
47 71
57 142
117 13
129 80
67 30
50 114
38 29
142 75
114 81
71 137
40 139
8 105
48 136
124 136
133 144
10 34
68 109
66 41
68 74
50 112
71 146
33 74
114 120
17 72
138 86
36 136
77 131
53 121
8 88
3 136
91 9
114 26
66 137
12 75
61 43
21 70
136 81
109 96
57 9
81 75
49 33
109 44
26 31
6 111
78 149
128 60
10 144
68 65
41 114
146 123
1 135
107 4
99 54
20 18
116 137
39 16
88 104
98 63
14 4
73 135
40 92
139 72
34 32
112 63
147 52
101 13
144 56
92 113
110 52
30 65
79 19
148 7
5 106
113 97
56 123
76 146
101 58
11 120
149 44
0 118
75 45
64 39
144 24
112 99
103 25
139 36
58 59
124 130
79 5
25 56
107 2
25 95
135 51
62 14
43 27
15 19
71 23
74 50
105 101
70 62
43 117
107 21
21 70
128 60
80 102
7 32
118 64
140 39
98 104
130 94
128 86
93 127
30 146
24 132
19 54
83 86
10 129
134 141
68 42
7 103
52 136
36 101
23 74
85 27
31 123
7 138
92 86
24 36
142 126
45 83
113 114
14 61
29 13
57 49
33 137
135 130
83 2
65 69
79 8
11 79
22 133
30 50
140 3
85 7
0 91
118 48
7 66
67 121
11 57
81 56
1 71
39 33
63 109
94 133
65 7
28 110
21 146
84 27
108 102
145 53
89 146
17 77
49 117
145 144
146 134
114 72
71 105
32 132
94 11
49 69
127 116
111 77
41 15
106 57
46 5
101 143
24 148
130 108
120 43
52 146
126 133
37 31
78 126
69 16
49 69
30 1
122 138
73 100
7 57
34 144
87 94
92 72
85 48
20 135
142 27
114 136
125 148
142 146
136 118
18 73
95 0
126 31
33 121
105 78
59 112
138 28
12 67
81 41
97 126
78 53
94 134
139 52
53 6
22 119
64 27
23 114
94 111
40 23
66 53
39 112
145 112
54 128
127 87
104 93
120 30
110 21
29 22
133 140
19 52
49 6
76 141
128 129
14 148
39 137
57 73
142 131
13 115
63 112
59 125
42 66
127 47
24 113
82 109
26 15
76 111
29 18
142 37
133 7
102 73
137 80
52 88
57 141
87 127
56 127
0 46
26 71
72 82
3 1
65 63
14 75
95 115
91 54
5 68
145 140
43 59
18 9
120 119
105 120
17 23
128 9
102 9
54 27
44 34
68 147
70 73
120 31
89 147
107 5
76 60
95 113
4 4
87 26
126 124
0 54
130 134
49 88
95 48
148 126
73 14
104 93
16 129
131 59
49 60
91 77
148 147
143 139
102 61
146 80
57 62
81 39
18 85
17 111
3 18
8 113
19 43
117 84
138 92
126 114
131 134
55 82
21 104
75 42
66 36
63 31
120 91
70 10
19 104
71 83
0 56
137 36
52 91
106 49
66 147
105 83
133 60
69 19
9 31
40 46
89 29
50 148
74 100
94 123
23 115
4 106
101 149
13 2
44 37
19 74
62 123
136 116
54 120
105 105
3 149
64 131
78 52
24 95
85 88
111 51
141 29
66 140
59 91
29 75
12 3
102 46
147 35
139 137
134 96
116 55
85 136
71 0
31 124
122 29
121 33
105 78
15 94
35 29
33 132
62 66
126 140
19 92
41 54
84 28
124 41
147 75
148 146
34 99
43 9
138 114
43 68
10 61
9 133
106 82
18 90
85 106
82 149
9 129
71 37
7 77
143 11
142 68
135 131
48 24
3 123
33 147
15 119
42 8
120 80
52 80
15 33
61 140
124 86
45 16
35 49
96 116
69 98
113 20
90 4
29 2
90 47
69 80
26 124
113 35
100 41
132 0
109 13
58 75
100 28
94 19
123 41
73 48
26 139
15 95
98 129
10 73
71 139
149 123
83 58
45 93
42 75
89 127
11 137
118 146
117 93
106 138
71 50
138 129
51 128
72 84
50 40
94 58
32 24
12 134
43 102
116 109
58 76
102 1
73 35
120 76
71 20
16 23
61 26
101 72
146 126
27 119
50 37
84 34
18 47
85 37
37 115
92 79
69 41
147 25
144 52
5 92
121 30
56 25
32 76
5 0
93 126
50 133
100 40
53 130
57 0
100 18
61 59
33 85
29 47
134 139
79 112
49 49
69 85
52 134
63 49
112 28
67 121
36 26
50 51
149 47
109 90
89 54
28 85
19 90
76 71
42 44
80 112
38 89
93 49
95 73
88 144
104 27
137 48
125 58
144 36
36 39
39 99
83 141
87 149
132 126
129 58
109 39
2 123
59 61
9 126
64 5
122 102
74 15
43 146
59 58
61 14
104 25
51 99
66 109
106 28
59 104
83 33
30 18
34 107
17 44
124 132
62 27
14 45
107 87
91 91
112 147
146 114
91 135
120 109
130 123
129 140
8 47
52 7
116 114
0 130
121 21
113 17
70 1
125 136
31 20
123 78
36 42
64 38
14 42
53 21
50 51
115 8
69 109
49 85
53 41
57 69
3 147
118 115
18 70
40 125
76 46
132 37
24 132
87 95
118 41
147 135
17 98
119 66
70 13
140 91
102 29
22 64
22 117
90 13
37 39
42 131
112 109
20 45
124 145
39 64
76 137
140 54
141 75
117 138
111 136
10 78
118 124
119 149
29 53
23 120
107 131
107 24
47 95
63 114
54 44
2 146
36 87
11 99
108 87
65 68
109 70
63 132
102 117
110 24
121 6
118 113
50 78
56 59
62 51
83 39
19 148
138 72
108 75
72 115
94 74
119 58
36 149
77 111
137 0
44 67
10 107
78 27
68 24
140 125
142 112
15 136
108 130
4 131
41 89
87 62
112 136
132 137
35 2
76 78
48 3
28 131
101 0
147 2
136 87
39 54
16 12
82 109
55 2
68 30
88 100
88 44
131 146
52 83
58 47
107 136
62 51
104 62
90 137
67 79
57 27
93 146
115 101
54 26
102 82
64 84
96 4
126 138
133 29
38 7
123 66
80 89
144 30
32 64
108 149
84 29
149 97
78 128
144 72
117 113
134 0
41 33
105 42
95 23
68 56
64 82
22 9
22 122
4 114
144 67
1 86
2 126
89 17
57 91
83 21
23 62
64 86
30 143
97 107
49 103
31 92
40 64
0 20
29 147
63 129
121 97
43 82
3 16
39 41
61 44
66 33
96 44
64 21
37 68
89 39
5 115
76 26
34 55
82 138
2 111
38 17
70 62
48 10
95 30
35 28
45 47
112 52
65 104
37 54
103 79
34 66
148 106
19 90
52 39
124 102
140 93
132 149
54 56
2 37
95 51
58 7
39 78
114 136
19 119
121 114
111 102
26 97
6 149
52 1
26 79
124 0
87 98
68 32
145 67
127 51
147 38
49 66
19 94
97 27
104 100
112 14
86 28
43 115
38 30
141 1
137 11
132 83
60 40
0 107
55 27
46 30
80 52
85 1
40 6
53 118
14 9
66 34
70 147
69 33
85 42
71 111
124 9
3 43
81 128
91 40
126 20
78 101
42 114
123 134
109 88
122 86
41 66
30 67
7 117
53 137
15 10
137 87
128 31
144 112
95 45
103 11
84 75
62 45
121 66
117 61
85 78
9 57
73 122
69 140
49 108
60 107
121 43
141 93
106 96
133 28
103 75
141 71
81 132
23 4
110 38
131 68
24 93
149 92
79 6
12 115
120 25
42 24
93 50
12 28
59 135
15 139
120 113
73 42
141 101
126 73
109 0
96 119
123 70
105 124
134 70
123 131
41 93
56 64
73 101
120 60
35 89
30 6
131 91
126 55
34 50
1 126
33 98
110 77
7 121
48 25
129 113
79 18
89 11
110 138
50 33
48 135
141 32
17 117
111 134
114 57
105 118
57 41
62 106
77 125
18 129
7 51
57 21
127 53
149 87
10 143
125 1
73 33
17 122
85 48
123 120
103 146
8 12
65 80
9 6
100 27
48 140
10 73
90 130
66 134
111 94
74 100
121 5
26 23
13 48
125 85
47 119
111 37
27 4
120 23
78 85
133 13
70 84
3 149
111 54
104 128
88 54
102 23
31 44
15 29
62 136
87 30
130 69
122 11
10 36
138 23
86 135
114 101
13 13
12 88
98 108
91 83
61 85
100 38
127 72
1 45
34 89
130 69
32 53
5 23
76 130
49 136
50 21
70 3
7 99
82 136
56 18
138 96
122 89
104 49
101 122
64 11
32 30
117 43
92 116
82 61
44 142
65 93
32 123
66 114
96 7
26 62
75 117
119 95
122 27
68 92
117 43
10 10
16 115
42 86
66 140
110 13
94 51
6 84
55 103
102 86
116 146
57 41
0 38
31 14
98 8
33 86
57 0
148 12
119 65
111 48
93 71
57 21
54 104
136 80
43 125
136 41
21 44
38 56
55 38
30 109
74 102
32 142
52 82
81 100
53 7
47 112
129 8
38 137
3 71
7 145
63 65
142 89
47 98
59 22
38 88
64 47
109 4
99 91
47 91
3 144
87 130
20 123
117 9
87 7
19 74
100 1
0 128
141 10
52 45
90 123
18 1
108 85
101 114
10 68
110 102
94 37
117 125
98 61
28 116
13 26
13 92
136 0
133 56
22 34
109 115
94 123
29 121
90 68
84 60
112 132
28 67
127 83
123 63
117 7
111 111
16 97
26 124
97 2
60 137
132 6
21 24
57 106
100 51
99 101
19 44
20 135
104 86
115 30
27 21
78 1
33 74
15 144
77 132
123 123
140 14
104 82
34 17
20 145
101 53
92 47
120 77
2 94
40 147
105 18
44 62
107 75
55 12
120 41
56 113
76 13
135 110
68 53
48 61
92 119
132 24
118 15
6 93
40 27
52 95
120 59
35 18
137 10
19 117
101 71
115 91
74 99
136 24
65 10
107 61
37 107
117 75
112 4
1 53
90 104
149 14
119 33
49 111
141 138
148 31
35 148
84 54
73 89
35 50
122 91
81 42
66 128
125 40
103 40
86 49
102 23
44 12
0 111
92 16
36 107
98 73
110 57
106 108
42 41
59 18
106 122
14 73
59 66
101 10
1 102
38 83
76 88
130 46
14 121
116 10
5 30
40 107
50 57
44 90
67 46
141 107
102 131
65 75
24 48
35 113
104 61
24 149
75 24
52 15
109 91
35 114
16 0
85 124
1 106
25 93
138 48
136 103
106 29
139 87
62 137
18 59
102 46
143 56
135 55
105 68
66 75
116 141
93 17
125 119
98 29
4 41
65 39
131 83
106 91
47 99
21 142
12 90
104 94
29 117
76 68
98 116
36 103
101 62
59 116
70 100
93 147
43 140
0 100
149 92
32 136
101 65
107 7
26 139
109 91
42 111
26 0
82 67
65 39
148 61
101 39
131 105
60 125
3 113
114 139
52 85
106 147
122 4
149 50
7 109
97 27
20 44
142 72
147 114
6 45
133 57
117 79
120 15
86 73
113 131
27 104
105 13
101 85
116 122
48 98
25 90
15 97
145 90
74 93
40 25
72 88
128 41
125 10
75 17
58 69
140 65
137 49
27 111
26 5
39 66
124 145
137 96
98 84
29 61
84 82
24 1
108 1
106 19
133 135
9 50
104 26
124 37
70 107
79 131
104 31
32 80
48 29
133 73
110 91
15 125
20 112
12 88
43 9
72 52
58 49
60 74
134 122
80 116
114 113
36 13
77 28
100 36
70 18
79 110
16 32
8 20
30 84
89 60
60 49
59 82
122 30
108 114
50 82
127 8
102 114
106 79
27 126
113 68
74 130
14 72
123 86
12 123
110 83
117 62
58 137
54 30
28 36
63 149
128 12
43 33
53 56
35 58
118 67
144 48
9 109
49 12
101 107
66 0
98 100
22 80
135 89
112 82
134 78
48 97
4 36
73 76
106 122
9 91
105 10
24 42
43 27
82 15
33 45
68 7
148 128
53 67
39 39
34 47
0 23
49 53
53 128
50 123
138 85
32 115
55 62
61 106
50 25
76 125
25 104
108 40
60 104
84 56
64 131
107 15
32 34
37 80
44 50
92 51
128 73
75 33
15 83
29 114
48 108
52 24
62 20
113 84
5 92
74 14
103 90
75 117
21 67
104 145
94 143
111 147
117 146
77 141
51 12
72 132
75 142
10 37
9 12
24 149
121 88
92 102
13 127
69 50
132 115
32 131
70 9
36 15
78 39
91 125
117 91
3 42
96 53
32 25
84 118
137 68
90 5
29 10
15 28
54 88
146 71
90 3
52 66
43 34
135 34
112 132
60 11
8 148
70 38
136 51
7 5
120 60
94 26
145 44
59 141
53 39
46 9
71 8
98 7
67 37
68 74
70 123
78 107
3 103
144 2
110 14
39 70
90 142
77 0
78 96
139 5
6 63
26 63
67 16
95 67
8 136
114 130
62 66
48 143
119 52
134 41
144 50
28 77
125 124
20 29
49 65
134 68
131 24
37 38
138 62
74 64
96 82
26 36
102 7
129 6
66 25
55 44
112 67
38 22
130 0
18 133
62 27
0 132
83 34
63 51
111 67
143 137
113 38
86 35
64 58
105 46
47 28
99 56
11 63
107 90
107 5
85 122
105 46
55 129
79 8
100 100
107 5
76 9
60 105
142 139
31 61
100 39
10 140
78 70
60 141
5 32
96 63
52 117
134 145
86 75
105 140
7 134
35 84
13 99
75 143
48 122
108 0
47 3
49 92
79 79
71 8
39 13
102 35
90 124
121 35
26 103
122 77
145 59
113 123
122 68
99 113
56 68
26 113
40 113
51 137
2 108
75 85
147 103
44 37
42 94
86 117
139 22
2 117
95 148
77 73
92 143
28 57
85 146
123 101
23 148
51 56
83 135
38 134
127 25
28 55
29 83
102 9
47 115
66 133
126 146
36 129
118 45
71 23
78 25
115 17
19 132
43 26
84 48
9 46
31 44
58 35
144 77
1 91
2 94
81 97
100 0
101 146
64 68
45 5
16 62
9 47
107 73
60 76
121 10
85 7
96 80
94 92
30 24
89 112
134 75
48 42
146 100
37 146
20 95
38 61
53 45
140 129
139 58
82 105
149 79
51 68
138 121
137 55
25 108
57 13
35 80
21 96
31 139
66 121
115 55
81 127
135 139
57 130
111 48
118 19
34 127
103 11
26 55
68 145
27 59
79 105
131 60
29 65
81 97
112 110
7 54
31 75
58 100
11 82
124 138
13 10
124 136
76 148
68 81
12 1
5 34
103 134
4 123
35 70
127 10
141 52
122 133
122 47
37 141
140 56
118 138
59 95
113 15
61 13
69 18
14 10
56 121
120 53
105 112
0 127
22 8
71 65
26 21
97 0
132 32
109 95
16 38
99 82
82 127
40 128
133 61
70 90
104 60
132 51
10 9
26 57
61 17
143 76
2 149
91 44
64 15
147 50
56 68
128 60
130 38
93 8
137 37
23 110
19 37
41 95
17 50
26 61
19 2
74 97
39 14
85 90
10 134
19 67
90 148
35 67
89 135
27 82
55 89
57 140
40 105
85 66
149 123
121 53
98 0
111 73
29 149
117 120
91 13
109 139
56 110
62 142
90 17
118 38
102 62
43 23
31 112
147 77
10 32
139 7
8 6
56 73
54 7
22 9
94 41
90 12
119 22
143 57
40 149
46 70
116 117
149 25
106 29
83 112
58 75
124 17
105 62
128 127
123 53
22 125
121 34
82 57
133 23
55 57
127 54
5 105
58 36
50 98
25 64
70 128
113 60
126 146
33 138
14 123
92 57
62 47
21 0
83 9
116 115
59 96
35 30
14 49
51 132
25 71
144 111
116 140
13 101
14 73
98 141
119 119
141 116
59 39
132 85
60 54
50 46
68 77
88 101
103 4
144 41
118 12
30 3
84 2
72 104
28 118
71 76
63 108
134 138
126 58
146 29
71 67
146 3
44 131
36 60
47 4
110 76
93 140
58 122
85 41
1 71
72 123
46 29
126 129
0 49
78 71
40 146
44 101
146 75
74 116
120 57
12 89
124 115
65 118
87 42
70 75
46 22
18 83
27 75
34 5
33 30
134 18
45 49
74 79
42 32
25 38
119 6
108 122
126 53
81 18
18 75
65 147
138 49
36 115
11 36
113 27
16 2
91 133
77 135
84 74
14 110
103 139
11 140
149 41
50 93
24 8
37 91
135 53
39 19
118 99
28 89
1 69
12 119
60 57
42 106
47 124
97 99
88 35
84 3
89 27
15 69
75 136
25 10
126 45
120 86
91 132
24 27
27 130
99 74
46 113
48 23
19 108
85 60
132 27
79 102
137 13
8 40
94 133
145 118
137 40
93 93
0 133
32 87
47 2
113 109
2 88
148 92
59 97
110 71
62 20
92 39
59 51
102 135
62 118
66 49
66 131
146 131
47 35
115 70
25 97
92 59
147 76
81 15
13 99
76 55
86 135
70 135
24 149
88 98
93 47
52 111
129 112
138 39
81 148
132 121
90 110
25 50
34 8
113 43
93 147
123 148
144 136
128 40
22 62
33 112
33 74
21 105
44 25
55 101
49 113
8 136
7 122
140 116
47 126
41 111
73 58
89 27
85 83
117 7
127 121
55 92
3 3
107 28
129 83
115 104
149 80
125 5
4 136
111 118
113 145
30 31
121 8
128 147
80 132
45 127
100 10
16 34
65 28
98 100
112 96
73 20
57 31
93 119
1 89
18 69
133 46
100 16
60 78
47 89
45 28
99 19
60 54
87 49
64 35
0 94
80 25
110 103
49 55
45 126
17 88
122 143
119 135
115 60
86 86
24 37
38 40
11 1
76 148
26 122
103 115
137 11
41 28
108 128
0 108
104 70
12 24
142 77
80 111
117 8
45 63
99 96
112 32
24 89
38 119
149 146
17 79
11 19
76 30
25 60
49 18
117 80
59 8
41 69
16 6
119 120
93 10
120 45
59 22
84 7
74 89
77 104
13 129
3 139
146 95
138 55
93 146
19 8
69 12
24 99
2 85
38 94
111 140
31 122
85 133
44 38
55 135
118 88
0 4
34 137
55 19
101 25
140 96
105 20
40 33
137 146
135 96
109 73
90 63
105 140
73 111
34 73
55 78
111 39
63 114
69 80
33 31
16 42
19 132
26 72
135 110
116 102
84 127
70 106
94 95
39 134
22 62
33 16
14 59
126 19
35 57
18 62
104 39
10 85
149 54
22 11
6 144
92 100
130 117
57 33
97 57
5 35
99 41
99 71
25 23
126 49
55 69
76 18
118 30
38 39
5 52
148 125
144 11
16 87
119 18
121 11
82 70
64 17
36 87
82 73
13 122
90 121
16 137
13 74
118 149
132 37
60 113
51 108
79 80
54 98
73 115
12 74
34 13
111 75
47 50
52 68
98 54
105 52
68 130
116 124
34 52
19 128
93 8
73 115
28 138
144 56
66 126
0 132
112 98
104 56
61 61
9 101
9 130
144 98
59 106
38 55
72 4
127 2
68 1
41 24
119 144
61 125
33 77
52 15
53 114
31 83
87 102
134 136
27 112
127 28
49 2
20 85
7 116
129 68
55 6
47 17
91 61
2 147
145 2
102 9
131 91
112 132
32 3
30 38
140 80
86 15
114 11
118 38
102 66
126 18
19 77
90 108
23 147
142 12
123 135
63 1
16 80
4 66
131 96
39 39
35 147
24 28
15 123
136 9
38 135
80 94
114 36
35 24
39 143
58 47
70 38
48 121
74 93
72 75
90 118
138 139
32 117
69 128
58 79
27 31
62 97
37 53
95 135
68 5
92 57
145 66
68 125
148 11
68 19
52 65
121 131
89 131
37 105
141 87
90 8
99 39
57 68
51 19
145 57
8 118
68 132
81 89
52 1
23 107
15 126
56 31
118 109
19 48
8 141
84 46
81 93
87 26
129 61
100 88
8 3
110 54
5 60
104 32
85 104
145 55
8 37
23 114
1 141
118 17
141 102
72 23
3 127
149 146
126 81
146 85
145 136
108 67
78 61
109 59
44 42
30 63
38 84
141 71
149 75
91 114
40 79
144 70
33 44
94 113
136 5
53 102
7 138
123 97
17 75
111 102
129 28
39 66
121 123
134 49
52 94
18 149
93 146
59 146
135 139
83 7
114 67
5 15
56 70
73 123
28 95
138 104
24 132
84 31
136 74
50 57
109 26
86 46
56 59
11 139
124 59
111 16
26 90
40 11
90 133
86 35
101 52
122 34
137 18
40 77
135 77
1 70
11 116
48 25
29 146
46 123
46 1
49 98
8 98
85 5
49 82
127 149
12 27
143 103
116 33
12 35
97 36
123 89
60 93
61 90
35 44
16 110
21 52
39 126
140 148
105 0
45 100
107 101
139 130
84 21
9 145
143 118
127 111
106 59
138 21
131 26
14 103
8 45
146 60
28 63
94 57
5 58
102 137
106 27
23 19
102 102
115 22
95 34
77 74
7 147
17 74
26 9
13 109
63 126
23 54
18 142
53 53
3 26
68 54
71 79
89 9
92 43
52 20
105 138
55 3
18 142
64 68
17 133
19 8
95 82
56 129
20 41
126 99
30 86
15 20
67 39
132 18
98 37
141 34
39 149
25 139
21 127
48 143
72 13
53 5
132 141
92 137
126 53
82 4
4 69
130 19
52 134
18 88
118 18
55 149
12 33
97 134
139 96
144 82
104 88
130 115
145 123
62 99
49 112
22 107
82 131
50 72
134 123
49 67
125 145
1 147
126 55
85 23
103 126
59 114
44 81
136 50
34 20
110 47
38 136
95 101
137 140
97 115
93 18
54 7
105 128
30 19
125 6
9 35
57 123
32 105
23 47
122 148
69 124
83 42
2 149
69 75
126 29
71 68
62 67
118 35
59 137
116 108
23 125
0 92
44 51
40 61
87 119
51 56
117 58
79 132
145 16
127 11
79 116
83 31
35 9
108 131
44 59
8 112
87 73
20 12
96 124
97 86
46 51
14 31
102 48
103 85
120 41
35 18
6 39
26 149
92 88
18 15
122 65
6 68
35 141
52 81
70 0
98 133
58 44
63 66
41 142
147 141
63 78
100 28
13 55
11 54
103 52
53 27
128 99
4 116
95 68
57 147
61 13
86 34
144 7
72 81
63 30
22 41
63 29
35 120
75 129
6 34
83 118
40 110
81 4
46 78
117 16
20 59
136 113
54 38
45 45
136 37
45 9
94 25
76 111
135 100
118 85
13 100
69 31
80 117
117 29
113 16
91 126
15 21
9 130
109 100
130 41
139 47
7 119
35 64
79 110
112 134
149 100
47 47
24 120
66 87
106 79
95 32
39 24
24 94
4 43
146 49
148 6
38 56
11 73
6 63
63 146
56 4
75 111
100 112
87 71
45 128
21 50
73 42
25 129
101 120
34 53
130 15
17 104
30 134
66 0
47 70
103 112
124 53
88 94
25 127
69 55
93 37
26 133
84 77
85 4
80 94
77 61
69 60
36 28
5 94
133 63
35 128
40 25
120 88
75 40
58 100
19 68
48 117
67 106
85 12
117 113
95 81
43 145
70 73
113 34
13 120
27 27
95 134
138 129
3 145
48 28
77 128
140 77
31 132
21 138
34 35
33 126
87 76
78 19
36 41
19 38
23 68
35 133
141 20
35 9
64 21
37 45
42 4
85 68
58 64
131 32
81 149
10 116
103 0
110 4
58 37
55 60
37 52
26 149
39 104
9 142
74 75
42 49
144 31
37 140
58 113
72 6
115 58
128 14
53 69
147 96
140 106
79 79
130 33
89 8
51 5
126 81
131 126
136 33
119 77
27 103
19 81
112 98
85 141
50 104
28 103
67 148
113 53
45 46
0 35
84 22
7 78
49 136
4 94
116 7
63 59
19 10
47 102
19 17
28 35
120 47
85 66
143 69
99 8
69 78
60 86
18 65
55 10
71 28
19 47
73 71
67 143
84 125
35 128
121 135
54 145
115 107
68 94
8 101
143 142
121 145
60 132
84 23
144 30
61 45
10 141
29 105
113 26
109 94
80 2
23 29
52 70
5 53
41 109
133 73
135 108
146 136
59 37
26 69
15 44
93 104
102 107
108 104
108 51
120 107
51 83
117 41
104 45
16 48
0 30
111 61
119 81
72 116
117 53
13 95
40 33
119 88
93 91
92 27
125 94
51 18
89 39
103 101
79 72
68 118
108 110
0 52
95 145
122 30
105 136
7 134
90 17
108 51
93 130
137 76
91 64
65 122
13 73
67 101
71 35
131 46
25 29
64 8
121 12
132 11
83 106
87 70
129 113
3 66
122 131
141 94
66 121
86 16
20 149
61 16
144 2
30 38
74 138
112 96
110 125
81 23
112 132
37 149
115 3
16 58
105 124
27 21
94 68
60 99
25 3
114 108
18 133
22 125
18 140
137 51
10 25
44 12
136 56
0 116
106 5
50 84
39 145
115 70
43 54
54 93
58 74
139 144
69 6
45 130
123 59
112 109
12 80
55 141
24 43
16 92
133 103
94 52
34 14
148 58
92 52
40 122
25 91
89 134
27 124
87 23
130 64
130 80
103 6
55 115
140 38
49 102
14 15
139 45
19 19
129 115
118 84
113 23
6 101
65 68
126 102
67 75
143 64
126 56
67 112
76 25
6 111
94 127
98 37
24 46
148 2
3 53
145 60
30 91
31 7
6 78
18 112
134 21
110 142
46 53
124 42
54 42
98 98
29 95
140 3
123 121
120 30
142 74
102 146
28 39
36 87
139 104
9 84
89 67
40 58
25 18
97 53
137 70
23 6
31 69
48 102
96 78
82 62
95 39
74 80
57 96
58 147
97 35
101 91
66 98
0 81
3 18
36 61
103 149
92 69
39 9
75 115
88 126
62 106
135 70
116 132
15 54
117 72
28 116
109 55
99 78
29 36
79 9
45 71
8 18
28 51
47 112
19 110
10 121
88 0
25 84
91 145
36 70
51 13
99 98
53 76
86 101
26 7
44 50
3 31
133 48
54 118
127 64
4 68
25 50
126 16
100 148
28 12
17 12
16 82
136 65
130 86
138 61
40 23
91 100
67 96
90 0
41 75
101 88
16 7
108 119
92 45
143 48
59 107
61 87
114 22
67 112
43 84
129 127
74 62
134 32
108 99
135 27
44 86
25 48
86 70
147 13
110 93
35 4
120 32
135 135
19 43
82 58
101 34
68 39
114 6
23 130
95 126
43 11
38 1
75 46
54 98
30 139
138 53
125 100
21 140
104 112
80 26
52 60
17 127
49 148
55 124
101 76
94 107
15 145
64 114
4 45
30 100
5 39
84 103
51 22
115 42
70 87
112 114
55 62
121 69
137 88
117 88
109 1
48 143
70 6
144 3
145 51
114 125
111 7
27 9
85 126
142 13
131 14
125 149
58 104
7 125
139 7
103 74
31 46
1 36
102 134
68 84
123 18
112 35
1 101
131 89
57 138
112 74
133 68
102 47
78 149
5 66
146 28
140 107
122 72
74 40
40 104
102 18
125 7
40 38
5 15
90 140
39 69
108 114
80 136
34 94
130 121
115 138
129 14
114 129
38 75
61 134
47 135
110 108
39 115
65 93
71 75
9 102
95 29
45 101
65 121
110 60
61 95
72 2
127 5
37 72
116 147
31 78
71 18
27 148
37 124
52 50
97 17
35 94
148 79
25 89
148 13
19 140
16 120
101 125
21 23
143 116
4 33
66 56
119 78
14 69
33 64
9 15
103 124
82 47
67 144
30 132
102 107
114 67
125 81
59 70
138 128
146 144
137 12
29 132
97 86
13 14
57 131
137 126
42 40
12 71
9 26
110 40
101 18
83 141
56 128
90 41
83 74
29 100
53 85
68 83
102 145
79 149
142 145
64 104
116 103
7 1
2 23
22 136
29 89
105 129
118 80
138 32
36 144
56 10
143 3
47 21
0 121
24 13
147 23
117 8
103 13
50 78
84 111
114 25
51 147
140 11
145 21
78 7
62 28
85 46
140 74
106 119
27 134
20 114
98 32
118 93
92 112
24 145
5 0
65 132
93 3
19 100
73 75
78 123
64 98
3 19
122 130
13 143
77 125
117 116
39 62
114 19
146 61
31 107
2 115
66 81
60 45
109 94
87 149
31 129
88 34
9 105
31 115
81 40
143 73
96 6
56 107
30 98
133 22
86 26
10 31
59 66
5 28
127 103
3 144
103 91
23 135
61 27
83 95
59 141
52 90
51 125
103 117
132 1
1 29
133 88
22 12
59 33
10 119
29 43
56 121
105 149
7 37
125 123
133 113
35 107
109 122
98 79
78 40
53 117
99 48
98 51
65 55
44 84
61 124
2 121
19 97
14 87
76 37
48 121
67 114
0 67
129 81
105 52
78 135
140 129
104 145
5 28
21 146
51 117
129 33
121 147
143 79
129 98
20 30
24 76
3 65
91 133
102 133
43 128
47 51
124 141
41 40
89 91
29 48
70 110
26 17
66 31
67 54
1 140
91 87
7 57
61 99
130 124
36 68
1 120
91 106
113 6
5 22
131 6
54 44
102 41
26 5
42 138
130 68
29 8
59 28
5 139
67 63
23 61
37 95
129 8
74 41
33 51
12 35
87 114
114 129
80 25
18 9
7 17
69 56
83 11
49 115
149 119
12 46
104 108
128 10
19 37
2 102
134 25
104 121
83 119
140 80
22 67
116 34
140 80
118 78
82 55
129 145
79 79
7 133
0 96
69 32
18 12
51 46
28 143
92 11
15 113
58 129
39 56
17 107
48 136
116 79
35 135
88 134
31 50
141 142
87 24
92 30
109 34
26 142
97 41
93 110
2 83
0 19
127 112
17 55
0 135
66 47
26 126
109 17
109 54
89 23
13 0
59 2
96 119
93 110
91 13
115 130
32 130
94 56
132 94
22 85
3 23
69 132
109 89
135 92
89 56
126 83
19 16
50 73
71 18
43 123
63 1
124 20
131 123
87 7
2 51
25 141
10 84
130 126
111 110
18 83
95 69
66 128
104 144
99 123
104 59
55 113
129 81
68 103
39 98
7 19
15 12
57 84
85 46
143 108
64 30
149 88
73 59
74 49
87 93
31 138
101 76
22 63
68 93
74 50
88 35
62 1
120 97
114 28
80 50
145 114
99 133
107 3
103 55
125 17
75 61
30 78
88 27
51 131
67 11
5 132
58 36
56 80
76 84
24 120
31 99
51 108
106 17
97 44
22 30
143 84
88 80
40 109
35 142
30 42
10 21
107 129
33 10
86 145
22 42
45 39
40 63
108 15
122 107
41 31
44 64
63 34
143 105
55 97
90 73
123 36
41 40
18 125
141 31
132 13
141 69
36 106
70 149
115 67
37 12
3 139
60 0
89 104
62 38
101 120
62 35
68 138
119 81
147 35
52 126
3 0
64 54
118 18
61 136
119 113
58 70
120 145
26 71
70 122
67 128
64 48
5 140
110 11
25 3
63 149
113 64
121 99
139 101
111 18
124 145
141 149
79 28
116 80
115 69
8 72
68 37
60 24
65 110
88 87
85 4
88 38
65 149
28 106
85 122
30 10
42 22
12 124
108 71
1 116
148 50
96 104
136 21
93 75
106 54
55 133
107 79
25 97
87 20
148 81
87 33
21 110
107 112
51 59
103 29
111 46
128 127
86 51
2 135
108 120
20 18
27 116
37 61
83 88
141 8
65 15
147 34
2 49
142 148
5 110
107 32
127 118
0 78
103 4
113 94
140 79
81 138
54 101
13 107
82 68
128 34
78 146
54 147
137 46
45 55
37 131
72 50
19 108
42 79
65 11
123 62
83 57
73 46
31 53
1 3
45 125
51 12
13 54
87 144
48 24
44 67
53 65
64 80
59 123
46 46
107 56
54 98
7 6
33 0
148 16
133 19
40 27
138 147
122 30
28 93
83 7
2 102
37 116
90 55
93 51
93 62
85 14
149 11
96 99
5 111
104 99
128 117
101 119
38 118
124 55
28 90
39 12
111 36
12 49
91 5
69 81
6 83
108 123
80 46
34 131
117 105
80 16
85 31
130 133
130 66
22 44
72 34
97 93
138 39
87 126
27 36
27 36
67 130
52 64
32 118
79 102
14 65
20 47
86 44
74 4
138 1
108 47
32 62
32 41
130 148
79 146
0 141
112 71
102 105
104 91
72 85
110 94
148 145
149 64
131 82
68 55
92 24
112 9
143 146
117 56
40 134
33 91
147 4
75 10
135 67
114 59
63 127
36 113
6 8
57 61
35 113
47 118
121 97
29 0
102 60
113 143
97 119
120 113
64 73
139 12
79 23
120 74
73 98
21 9
81 102
4 104
77 73
43 86
135 81
35 84
26 52
126 56
6 90
59 28
110 93
114 20
21 134
138 93
99 40
0 44
88 70
74 66
38 148
28 114
56 3
64 76
24 101
0 81
119 108
47 18
35 133
96 122
60 83
17 123
74 29
2 41
31 126
15 36
18 107
148 112
92 88
88 118
118 104
120 40
60 116
62 70
121 26
69 81
124 111
127 107
128 15
59 41
29 9
81 78
27 125
71 67
27 2
122 19
53 126
27 102
56 133
53 133
58 47
143 54
28 145
132 34
45 22
42 119
19 112
106 46
137 129
120 129
105 70
116 71
96 66
10 57
24 117
10 64
22 128
143 50
1 21
7 11
66 95
56 146
125 60
52 118
28 104
61 69
128 62
4 51
42 84
142 56
11 78
144 63
34 8
146 16
149 66
51 25
114 95
78 149
119 142
74 4
13 127
26 89
100 23
78 45
74 8
112 14
111 0
34 110
34 11
141 87
113 133
139 56
134 140
127 146
117 78
128 107
50 13
88 1
76 125
21 5
105 80
50 104
146 41
48 22
2 48
42 77
134 91
140 136
76 54
149 111
57 121
69 82
128 79
45 99
36 143
117 87
38 122
12 116
66 67
149 146
133 113
139 1
46 125
30 32
69 101
101 22
13 82
115 77
47 120
97 129
68 107
109 143
10 82
87 115
52 58
19 127
130 55
34 10
61 139
14 74
135 52
125 106
77 131
141 34
98 149
124 14
147 66
82 138
106 102
30 129
15 86
14 103
5 55
40 0
27 21
100 146
99 141
149 23
3 130
37 122
68 60
100 69
112 133
7 123
35 115
104 48
56 22
136 40
89 23
108 17
95 41
51 46
91 66
48 7
97 69
13 64
63 62
2 132
72 101
15 148
85 114
127 85
80 138
74 145
103 28
34 80
86 139
34 49
59 17
149 95
83 82
75 8
78 139
25 88
116 98
60 145
97 17
87 45
68 115
28 38
100 130
51 64
14 120
26 56
123 61
74 91
149 122
97 94
32 137
56 98
54 77
44 66
99 56
70 128
25 1
95 84
144 38
128 137
108 25
134 13
122 34
121 9
67 68
134 57
37 142
26 57
48 143
83 122
44 28
138 134
141 118
10 58
107 118
90 95
72 27
106 107
59 17
77 39
34 125
91 51
83 98
49 112
68 110
70 53
125 33
93 57
109 71
26 31
131 44
115 114
69 20
71 126
58 37
122 15
97 20
110 137
147 110
35 109
147 37
74 139
93 113
98 5
97 15
42 39
138 132
109 57
11 145
53 12
89 73
123 107
113 111
79 93
80 135
146 109
89 107
55 140
112 79
104 34
40 74
65 138
17 60
14 147
149 75
96 35
42 60
107 21
56 120
31 54
11 76
5 17
17 106
73 52
105 78
61 19
140 135
127 72
72 122
106 59
15 44
39 70
45 17
64 136
95 83
67 129
110 124
124 12
114 124
11 78
81 6
120 134
83 47
28 5
58 22
33 36
3 77
129 32
53 63
72 45
54 98
4 8
110 64
148 116
21 103
1 148
2 118
88 60
144 139
5 14
92 39
147 141
115 148
55 104
123 71
107 105
134 138
87 134
129 81
29 119
98 10
124 82
91 38
130 29
42 28
144 15
101 136
122 55
109 97
146 21
31 16
110 9
90 49
120 131
147 142
125 2
135 38
109 148
11 118
51 46
123 72
94 84
81 100
41 135
109 61
22 74
19 23
49 87
80 114
34 36
79 7
33 22
5 90
83 92
57 84
112 91
69 0
127 124
90 64
3 9
117 27
40 44
103 27
96 19
93 98
75 28
118 100
9 26
9 69
15 61
0 90
143 81
71 56
109 118
92 143
68 83
82 15
139 145
133 106
6 49
130 113
83 41
147 46
2 120
90 142
97 43
113 71
30 26
79 38
135 50
131 111
13 124
48 55
76 47
110 141
43 2
147 29
21 47
134 114
16 101
21 49
90 133
87 61
58 84
10 63
98 18
52 26
121 25
99 46
74 127
21 147
88 144
27 50
133 144
120 55
85 34
5 9
58 55
103 98
146 125
134 31
69 104
108 77
90 29
107 63
135 108
134 80
64 1
147 96
82 38
76 13
75 16
136 66
21 27
118 49
32 95
79 46
71 134
65 88
142 129
90 65
67 30
98 45
65 117
40 48
90 18
136 23
108 138
38 119
1 93
85 65
74 123
58 89
63 62
10 41
14 124
17 32
110 111
107 126
16 145
34 56
105 48
119 69
40 90
54 14
121 21
73 46
124 30
51 45
64 149
30 18
55 71
66 142
107 109
49 85
88 88
54 7
76 59
35 23
77 6
118 128
82 68
73 7
137 18
10 22
96 115
43 59
76 118
45 37
118 124
87 59
45 34
23 57
22 69
121 96
23 68
93 61
82 3
85 107
128 11
32 45
141 20
119 16
121 66
113 132
126 37
73 66
143 133
99 50
87 114
73 72
107 68
74 104
128 21
137 19
131 74
93 137
132 5
12 91
117 80
62 93
76 27
99 33
25 25
136 128
41 72
129 126
67 117
36 5
124 106
5 68
1 72
90 48
9 82
103 28
88 55
74 87
82 76
30 134
115 149
14 104
82 102
129 99
86 57
7 115
21 67
86 58
34 132
10 88
118 47
22 99
66 97
106 148
35 97
43 0
93 55
42 21
6 125
33 108
95 4
12 144
31 1
107 119
67 18
41 130
145 39
118 69
126 109
37 82
51 29
148 121
84 75
123 66
85 113
119 121
77 70
23 125
15 125
16 135
94 62
103 77
28 119
127 30
28 131
117 142
134 144
42 139
64 5
71 87
90 71
20 134
47 32
58 8
95 22
62 102
145 33
14 146
31 17
128 12
9 27
35 84
3 89
38 88
114 20
124 39
138 124
149 99
79 79
138 68
30 10
52 142
148 134
37 17
112 87
47 38
96 78
47 38
88 81
46 101
135 24
4 24
133 32
83 86
67 32
0 23
85 42
82 88
109 89
35 98
79 98
105 140
113 94
98 50
46 55
71 52
137 69
29 28
18 50
40 111
119 119
134 69
142 148
12 4
28 5
15 56
117 44
35 27
81 68
128 67
78 104
40 130
140 50
51 82
57 114
106 59
127 66
85 61
24 33
58 142
2 73
107 89
38 82
116 39
72 138
57 52
50 57
9 18
113 74
89 61
91 119
103 121
25 44
24 149
45 6
48 95
94 9
97 61
127 34
35 120
33 55
8 130
47 111
9 48
37 132
125 122
79 22
148 59
108 28
10 32
73 67
15 60
69 18
110 110
145 123
100 132
83 33
103 1
78 86
114 62
43 124
52 0
25 34
14 17
121 51
84 144
106 84
147 88
12 149
145 132
105 17
52 113
33 33
107 13
83 48
49 53
79 89
137 39
120 106
73 102
106 139
103 13
80 53
81 57
131 117
120 53
126 16
66 12
138 80
32 11
44 22
30 145
37 85
29 142
59 133
82 60
111 78
60 92
137 99
83 80
68 136
106 104
102 112
87 15
108 35
49 132
106 89
10 145
73 95
126 149
83 68
53 118
144 12
29 63
86 126
21 44
10 137
146 27
113 66
55 101
31 68
1 37
2 17
11 46
22 58
72 111
44 48
138 64
24 61
93 65
53 64
38 130
124 62
112 82
144 67
37 88
133 65
33 4
148 45
58 86
61 95
11 92
64 146
112 90
91 110
36 148
21 56
86 27
139 13
2 35
134 107
36 26
50 8
92 3
82 57
28 16
48 90
12 16
140 41
95 72
88 35
32 128
90 144
91 145
93 123
2 17
99 83
87 112
149 67
133 59
122 70
140 109
119 125
124 131
69 80
88 55
105 94
40 43
102 128
71 4
117 126
131 144
137 37
58 57
6 126
68 18
1 106
9 53
106 14
86 121
60 17
110 65
6 11
39 142
115 115
72 41
113 20
67 132
67 93
124 32
2 142
102 67
125 136
0 7
39 108
80 125
20 113
125 9
128 12
23 18
127 8
85 59
46 56
55 66
45 8
138 119
78 7
111 1
49 90
5 101
112 65
120 8
132 46
98 15
97 105
2 147
87 16
9 105
137 95
142 2
133 18
87 145
6 126
54 140
101 114
92 134
0 30
24 7
131 137
77 116
79 39
78 109
110 102
9 81
104 11
104 69
2 133
105 32
92 126
79 50
28 113
140 70
85 120
140 89
16 115
21 130
5 143
137 12
32 93
146 110
42 45
59 96
59 50
38 46
56 31
43 40
3 140
39 96
72 51
50 101
56 76
130 114
111 68
27 35
118 105
95 86
23 29
75 67
29 58
105 147
126 90
112 36
59 47
62 60
129 22
83 107
78 19
133 133
18 48
120 129
99 114
9 71
48 134
57 133
42 80
37 2
67 132
76 123
20 37
64 123
63 57
74 144
59 92
140 62
143 33
147 117
67 36
116 125
28 24
120 75
76 46
84 102
59 69
141 70
59 98
115 27
109 61
16 16
117 102
0 60
149 91
2 53
46 51
107 138
40 60
15 86
97 32
108 56
37 98
44 42
29 145
17 129
17 89
52 80
126 60
100 133
42 130
149 50
61 32
39 80
57 95
107 61
5 42
119 38
69 27
139 30
95 48
110 2
51 63
104 84
54 47
30 10
128 64
91 96
104 42
105 86
53 69
136 96
123 4
135 88
99 138
95 48
50 16
85 41
74 20
45 133
124 57
14 28
28 19
15 8
24 115
72 8
63 4
135 110
27 119
9 44
104 70
52 56
38 140
56 50
124 109
39 138
81 144
36 93
42 48
113 31
61 49
126 79
86 27
87 113
130 57
19 114
148 99
33 5
10 76
29 117
65 73
44 34
106 98
125 30
13 147
7 94
47 44
107 145
54 109
25 89
101 1
73 90
91 72
6 114
75 91
78 7
46 42
65 116
130 51
31 36
135 66
85 115
68 51
16 10
6 118
90 56
17 121
138 27
106 66
85 122
113 17
68 80
91 149
16 2
34 60
21 74
19 56
55 96
22 64
36 83
44 34
15 95
148 85
68 102
114 68
113 60
1 56
129 89
52 44
70 0
80 96
136 142
32 104
105 21
34 63
19 133
27 100
54 28
15 10
2 77
132 70
99 109
43 64
53 29
106 125
46 133
133 26
34 147
46 135
25 0
28 112
86 0
21 113
99 117
45 139
17 16
95 77
130 69
11 54
11 103
139 30
77 96
11 110
2 16
4 55
60 98
106 25
95 119
143 86
132 95
31 145
123 42
46 107
30 33
47 124
79 84
138 77
17 30
98 126
51 20
146 36
133 19
14 54
73 77
42 5
57 79
61 9
125 89
13 146
97 12
148 4
47 58
79 97
128 110
116 102
136 103
38 15
99 93
139 72
51 98
38 135
140 99
141 76
38 12
42 136
137 50
147 39
46 106
114 142
80 144
90 111
66 60
119 46
95 103
0 130
98 89
83 31
124 121
52 51
79 7
122 30
93 96
78 93
105 121
104 50
48 64
86 8
127 125
133 18
141 116
64 15
120 128
73 128
70 97
138 8
64 90
21 44
102 129
34 51
136 0
103 131
35 70
33 78
44 5
129 88
125 128
67 11
119 142
17 56
107 96
71 95
29 103
86 60
94 31
18 59
137 135
121 37
50 20
26 119
21 42
132 90
37 26
29 90
109 149
100 23
87 123
134 5
91 2
132 31
124 51
136 9
100 71
74 142
64 12
132 51
64 126
47 142
76 6
113 58
103 13
29 6
53 42
78 126
71 27
5 85
136 63
94 27
29 146
42 122
122 136
47 120
47 55
76 55
77 127
49 20
109 111
60 115
32 121
67 96
1 131
43 89
15 89
13 112
85 2
109 90
69 131
114 38
118 128
84 33
110 130
94 26
118 90
107 147
145 93
116 44
107 53
123 105
18 84
83 3
12 141
69 64
123 35
144 59
63 82
63 86
35 127
76 111
34 143
66 11
35 42
69 90
27 105
142 96
105 122
81 138
37 134
113 38
141 59
108 0
35 22
69 23
47 101
8 144
139 119
17 27
102 135
132 38
48 75
8 111
57 63
121 123
100 112
3 22
100 31
91 114
22 72
103 125
71 146
68 104
75 87
136 27
108 94
70 131
116 143
75 117
84 102
71 81
141 87
53 80
2 19
99 103
10 149
44 61
103 87
114 134
90 39
121 17
13 38
29 19
72 49
102 65
126 108
79 21
68 88
87 105
47 20
35 11
79 68
36 54
33 74
17 93
146 78
44 45
54 22
92 36
24 43
129 35
98 27
27 147
136 149
78 37
12 63
148 21
2 8
36 34
121 29
112 30
114 133
8 57
122 120
142 136
98 5
27 73
134 135
121 8
109 145
107 2
124 144
72 36
72 78
116 107
81 22
89 108
11 120
66 2
93 104
123 31
84 66
20 110
147 78
108 117
94 79
77 102
103 97
74 71
107 83
98 6
143 136
90 112
146 16
54 129
99 74
60 11
8 75
91 1
74 117
39 120
66 9
134 67
128 39
77 7
70 14
83 38
83 4
102 17
98 66
43 35
81 82
81 57
119 137
80 135
42 42
41 125
147 60
136 79
56 69
69 27
62 46
94 76
142 143
71 73
49 143
77 124
101 0
76 95
115 44
33 79
59 148
47 80
128 147
36 30
143 43
31 96
37 34
145 104
88 53
111 8
51 104
35 127
92 77
138 118
144 82
84 50
84 23
112 72
4 100
119 19
14 101
97 137
115 11
22 94
119 0
1 55
5 52
126 78
138 69
51 144
107 78
33 4
60 52
132 32
97 134
47 146
86 34
82 133
93 1
78 64
103 4
144 40
112 119
56 119
71 64
127 48
86 132
2 61
71 52
98 85
124 134
15 142
6 79
33 90
94 106
53 83
65 138
98 137
146 60
27 93
61 25
64 83
103 91
110 126
147 14
12 110
100 22
76 65
10 109
136 116
74 95
126 50
93 42
18 73
110 66
62 138
118 143
129 2
112 5
17 63
126 131
72 64
83 38
10 4
7 97
33 123
108 50
78 7
33 145
147 15
54 128
75 26
40 5
127 145
41 62
144 34
97 143
125 10
43 20
43 61
87 131
28 86
142 112
35 110
75 82
131 18
1 123
97 42
71 19
52 53
76 116
14 11
3 15
146 95
119 54
100 26
136 27
124 142
61 102
34 60
78 37
107 45
72 41
58 47
122 123
52 76
2 53
78 80
54 11
119 13
56 120
134 53
10 111
14 24
64 100
14 51
51 87
44 58
20 112
7 33
70 22
55 38
32 52
14 12
132 31
133 83
103 134
30 16
69 84
72 79
21 139
87 82
123 72
53 126
112 76
136 51
81 89
56 79
98 20
14 27
84 54
23 89
23 111
74 130
115 113
31 24
43 62
136 106
64 54
91 14
18 127
39 82
96 32
71 116
97 10
97 17
56 43
72 128
84 127
20 18
82 145
110 112
102 136
21 62
122 55
101 30
23 65
54 66
127 82
148 66
149 13
55 38
74 29
15 53
16 63
134 79
70 39
30 52
60 66
21 130
139 112
58 13
57 34
140 15
36 9
23 38
108 36
27 88
42 23
34 31
127 19
116 75
127 140
120 87
68 31
69 98
35 59
118 86
47 17
116 16
125 113
51 114
17 71
59 57
137 3
42 74
120 105
98 48
125 62
34 117
13 109
54 20
23 97
30 37
148 29
17 50
35 27
103 96
119 2
27 63
70 62
32 37
56 135
54 106
122 141
31 111
108 123
73 114
138 126
59 60
103 121
43 95
65 54
97 132
115 62
135 63
14 21
17 4
109 41
26 41
62 138
77 18
13 75
135 51
145 46
59 44
34 3
90 100
142 149
30 16
70 104
50 89
139 45
93 41
66 99
25 84
138 148
144 38
32 118
116 17
98 50
131 36
115 147
80 51
84 131
83 128
19 16
95 121
71 52
106 34
74 102
40 126
80 107
4 137
62 49
57 60
30 111
21 9
143 118
53 41
148 130
37 129
8 127
56 74
143 120
133 96
126 113
24 114
42 22
115 19
14 138
73 141
110 36
19 99
86 136
87 13
123 44
112 59
142 120
42 4
10 126
97 82
56 32
115 148
18 146
137 22
122 98
31 13
111 108
148 20
34 89
47 35
55 139
127 4
144 16
110 10
97 80
97 115
16 38
145 48
99 148
87 116
142 140
47 57
120 5
125 39
3 81
138 111
139 57
120 48
113 131
20 71
112 87
107 12
96 60
1 85
133 46
36 55
112 69
58 33
50 49
105 7
140 17
131 9
148 55
93 34
14 129
39 101
69 104
41 107
70 24
28 99
142 41
142 142
76 119
83 90
115 24
138 65
65 41
0 72
69 130
6 30
94 11
73 56
75 33
32 25
83 65
133 49
94 60
111 7
145 70
32 116
118 5
98 96
149 33
116 2
71 106
56 115
92 41
147 114
149 75
83 51
63 14
16 22
78 113
140 14
20 92
137 127
1 48
131 49
83 117
27 122
75 32
99 84
107 41
84 138
28 75
142 129
68 48
29 96
41 115
129 95
82 25
121 42
146 84
42 83
102 114
30 136
7 148
13 11
99 91
137 38
82 40
105 29
10 107
1 53
22 139
18 48
110 143
136 34
120 99
111 113
88 144
89 123
125 13
104 29
62 104
60 17
22 131
112 28
53 106
108 138
15 66
27 126
4 47
68 120
127 97
48 72
47 149
40 90
96 74
27 96
43 14
30 73
52 21
53 140
43 3
70 49
84 129
106 36
20 123
11 4
19 24
130 135
38 119
108 133
102 48
74 74
16 71
43 27
0 16
103 124
43 134
112 58
28 49
5 83
105 112
117 4
113 30
21 48
115 9
121 56
79 112
19 115
74 111
30 75
60 113
11 1
27 137
95 94
68 8
95 83
112 6
107 105
34 66
69 103
0 49
86 97
80 134
90 123
100 65
3 51
40 140
21 43
45 136
48 103
40 66
55 60
0 40
69 97
145 35
68 75
43 109
76 39
10 139
20 16
16 6
55 93
42 147
77 53
64 137
28 141
20 45
147 130
16 18
133 21
114 30
49 134
120 19
130 139
19 114
70 34
32 132
2 123
27 59
140 49
110 118
40 94
6 76
149 100
5 149
28 123
135 10
78 118
62 73
2 82
10 149
24 110
4 49
53 105
116 105
83 90
65 83
111 18
128 132
31 85
105 15
23 14
9 67
70 42
142 1
54 21
129 123
145 81
107 100
117 8
104 82
33 81
103 106
101 63
113 71
65 114
106 83
12 138
114 78
31 123
66 77
117 41
84 16
19 65
58 60
135 21
113 15
126 146
145 84
64 132
44 114
55 53
28 3
100 134
127 13
27 73
56 10
146 53
84 13
77 86
40 52
43 146
116 131
78 81
51 126
144 134
19 71
6 111
79 59
49 32
102 117
69 143
91 75
82 98
132 40
8 86
86 90
51 31
97 134
22 1
95 141
76 11
111 119
25 125
107 99
141 75
103 51
24 44
84 120
43 2
128 37
146 68
100 36
75 104
6 145
139 91
20 133
121 99
94 22
47 2
67 94
109 93
69 27
50 134
57 46
35 101
7 56
34 109
41 112
142 56
2 67
49 9
67 123
58 32
143 130
146 146
133 6
148 147
39 130
56 121
40 142
37 77
15 113
35 126
79 105
118 84
97 62
0 53
145 77
28 50
102 134
7 71
33 126
9 75
116 28
8 73
35 99
3 36
116 126
4 96
16 71
12 15
45 108
7 95
83 137
91 18
145 14
51 68
147 27
3 7
20 41
139 16
50 30
70 40
93 102
23 101
43 139
49 149
99 45
40 89
16 76
145 102
93 59
121 56
125 72
129 134
34 71
146 30
112 149
4 114
146 132
82 100
57 86
136 70
143 134
110 110
56 39
18 75
22 103
72 138
138 57
43 79
19 12
101 82
94 86
32 32
100 30
30 24
99 10
99 109
113 125
100 55
29 91
0 78
58 62
17 4
99 52
117 12
46 110
127 92
119 121
7 28
7 17
68 90
87 39
127 78
66 49
35 78
47 73
72 108
1 50
125 17
96 120
44 127
53 87
130 3
24 73
77 119
7 132
121 144
140 54
52 10
58 101
81 115
29 18
141 0
51 110
8 108
28 19
59 67
85 141
82 86
129 99
100 27
78 109
140 75
140 107
53 127
100 115
20 23
95 27
12 35
66 12
14 17
84 120
64 113
12 98
15 56
2 90
52 11
35 135
86 53
98 83
84 73
98 95
7 73
138 89
84 115
56 70
118 126
120 18
136 135
122 30
59 82
75 51
40 114
22 57
9 62
20 112
46 74
89 33
87 16
125 11
68 93
41 100
34 34
115 98
100 17
60 62
73 34
53 148
61 91
53 2
91 2
45 102
21 4
1 100
40 130
5 129
101 68
146 59
49 127
138 25
86 80
121 131
89 118
63 143
63 103
25 121
22 27
46 52
82 81
103 79
68 96
15 146
113 66
109 84
79 145
100 58
6 97
117 78
32 29
101 79
104 114
54 1
125 66
129 30
112 123
118 143
47 134
15 133
77 90
99 112
14 18
125 124
134 38
146 109
122 30
85 128
6 10
108 86
110 4
17 36
98 89
144 90
18 101
15 95
28 6
91 133
7 72
22 136
125 46
71 23
15 145
84 33
121 94
60 122
2 5
59 121
96 98
2 114
58 94
143 145
0 7
81 45
15 91
100 99
7 34
97 111
110 65
127 140
73 87
108 144
60 89
122 66
11 140
21 121
132 14
12 109
81 15
139 14
53 96
0 114
137 70
18 131
22 62
109 118
136 87
111 102
142 65
127 55
107 43
129 65
109 45
107 81
88 73
41 62
16 35
40 136
29 103
73 142
101 90
98 75
51 10
31 99
60 120
87 105
4 39
91 143
67 146
29 65
28 92
129 82
119 105
45 30
136 48
138 110
138 1
4 130
20 95
74 123
5 41
17 73
146 38
50 15
128 108
147 58
98 39
126 96
93 114
130 68
33 50
135 6
30 115
20 84
72 131
67 31
57 131
82 78
113 25
71 79
133 124
89 142
91 31
54 28
16 110
22 84
16 133
77 30
112 110
123 131
78 146
135 60
119 149
41 71
32 77
145 35
45 56
127 59
27 69
147 52
100 82
123 20
104 63
70 142
128 50
86 109
0 11
83 44
139 124
140 22
7 49
64 98
101 20
93 62
74 83
44 24
22 81
103 109
1 111
11 18
53 53
95 16
100 45
61 146
10 65
56 17
147 91
149 44
13 71
125 34
21 126
45 74
35 142
39 4
20 139
6 146
15 59
20 36
42 89
106 75
131 65
49 52
87 146
65 62
94 115
114 26
64 111
49 40
87 59
110 135
84 52
59 47
88 19
99 86
37 79
99 149
138 84
98 91
118 145
37 101
66 133
6 124
119 121
79 94
1 144
74 28
49 132
83 47
0 122
66 140
74 19
142 141
27 115
69 87
61 48
100 76
11 82
140 124
11 123
102 40
7 148
40 91
64 131
8 119
16 130
125 115
122 36
112 39
112 121
48 70
14 103
125 144
75 50
38 92
20 92
84 147
135 18
41 77
94 42
42 119
128 114
95 20
13 22
17 69
18 88
126 57
84 61
1 135
125 109
25 68
6 146
80 98
93 66
116 119
89 142
42 103
149 53
35 36
55 28
38 38
148 91
45 63
129 144
92 62
48 86
60 19
0 134
43 72
59 145
66 48
96 84
22 132
126 6
105 46
110 78
1 46
44 85
34 58
77 96
18 63
76 54
18 70
4 123
1 98
33 13
135 122
71 48
123 148
19 146
54 23
143 47
149 98
88 105
54 28
108 93
69 96
76 10
89 124
130 37
120 18
62 137
82 1
145 109
86 110
129 84
55 145
127 76
47 90
94 47
133 38
79 129
78 143
89 4
98 85
99 123
113 35
126 15
56 39
81 13
4 38
130 148
144 72
59 67
57 115
32 69
118 79
55 85
142 14
126 39
56 91
60 132
57 53
9 21
56 5
108 56
92 6
73 27
49 97
122 75
118 66
80 143
57 95
101 34
142 10
50 12
6 20
36 14
65 60
102 143
40 83
26 95
72 32
50 24
140 124
132 36
62 24
38 127
86 113
79 21
128 137
114 25
53 4
143 144
34 57
83 56
66 18
46 6
120 49
140 106
91 69
55 75
33 30
118 98
67 89
0 142
106 149
82 102
79 21
70 69
83 94
29 121
112 59
22 61
11 101
65 56
38 56
99 80
8 44
55 25
89 106
47 129
103 78
103 104
6 141
7 38
30 9
67 119
19 64
117 22
43 46
13 53
2 61
38 98
133 80
77 51
105 125
81 76
83 52
128 5
103 103
75 50
142 61
15 110
9 50
90 121
149 123
64 0
33 55
3 51
121 117
17 145
29 23
86 125
120 132
61 41
13 103
16 112
58 61
85 42
1 46
78 54
149 106
117 41
41 67
59 64
117 48
67 140
84 0
22 8
52 36
86 129
108 124
4 57
60 53
106 3
143 28
20 136
105 13
86 51
6 53
0 149
142 118
20 84
39 131
43 28
10 52
133 88
64 12
8 142
3 129
63 135
88 21
8 30
106 114
7 37
149 46
11 43
112 10
124 146
62 7
85 95
97 91
95 89
47 118
119 148
40 5
24 11
97 138
70 80
130 80
37 110
23 59
38 99
14 2
128 29
147 92
70 16
3 43
95 84
6 77
58 85
22 72
125 113
64 21
51 76
125 65
118 136
105 63
60 109
17 109
126 83
112 146
15 119
42 102
14 13
86 60
61 13
111 118
124 147
10 26
68 132
112 72
37 4
89 9
5 77
107 45
142 94
119 107
48 139
15 88
107 107
122 142
148 91
42 0
103 86
66 125
87 60
22 70
51 107
48 104
17 2
81 102
85 120
12 33
10 115
111 9
77 100
23 25
139 134
77 70
115 25
108 130
96 1
88 110
75 147
21 57
142 12
90 35
53 33
102 125
96 58
99 6
61 83
61 82
113 9
102 119
4 37
1 93
146 42
75 71
109 64
42 63
122 120
28 77
91 77
95 22
115 113
4 99
88 36
125 100
20 58
123 0
105 17
25 62
105 22
71 80
145 21
132 106
89 137
121 30
84 141
79 67
57 20
147 22
117 40
49 70
40 77
53 73
121 2
21 45
8 50
79 70
94 134
69 63
89 64
6 141
104 79
31 110
119 62
44 42
112 112
67 25
121 15
39 38
139 80
56 18
125 51
119 104
65 74
96 126
38 121
13 46
131 14
121 115
113 16
91 136
5 35
10 49
106 71
27 100
67 144
39 103
40 129
126 37
132 5
9 111
112 12
38 122
74 7
50 97
112 12
55 67
64 128
11 149
139 12
11 95
46 60
48 57
67 107
61 117
98 121
66 121
15 91
59 37
80 39
76 130
82 1
41 81
55 48
142 126
65 7
142 136
64 74
29 37
11 91
35 144
50 71
83 31
20 4
109 44
81 13
12 120
93 71
64 42
123 96
134 16
146 104
125 129
61 2
145 120
11 98
104 1
32 101
130 2
104 56
62 126
97 94
142 25
39 67
47 5
66 127
10 104
56 37
148 61
29 142
42 96
24 143
65 91
119 51
101 123
78 122
76 47
52 42
7 30
99 121
75 26
56 26
26 47
110 77
36 117
105 78
48 54
29 133
107 117
1 134
29 26
58 77
109 113
70 57
119 58
9 3
113 75
42 142
19 86
149 89
20 69
79 134
3 140
16 50
52 136
148 25
124 86
20 40
81 148
39 43
55 6
17 78
120 32
71 143
140 72
70 43
40 121
27 129
16 104
112 26
143 63
73 134
96 135
63 76
88 19
35 30
28 51
18 137
83 48
27 68
65 27
71 77
91 41
61 7
67 125
42 120
94 81
14 97
48 62
118 128
115 59
1 73
105 123
41 117
48 96
23 79
11 86
14 15
128 58
71 15
146 2
5 111
127 53
8 94
12 8
12 25
75 95
33 88
97 33
46 122
121 104
49 85
148 53
74 117
89 34
73 136
55 59
147 121
127 54
12 101
45 101
131 137
43 2
28 107
10 41
9 143
137 85
87 103
58 75
59 80
64 46
55 56
119 23
100 87
118 29
135 60
116 92
90 42
58 21
34 37
101 93
16 72
15 62
28 129
103 149
104 89
119 29
82 88
138 135
108 22
89 127
35 124
43 30
23 144
86 44
11 57
134 41
41 72
116 106
102 60
35 94
50 132
9 51
81 59
117 142
42 53
33 148
36 54
115 102
126 42
11 60
82 131
23 67
123 66
60 56
20 115
14 44
128 59
1 117
76 4
81 15
97 48
8 149
103 106
19 86
142 139
110 26
56 14
142 142
47 112
101 25
89 25
0 74
9 99
30 47
91 22
9 44
30 21
132 22
105 48
116 136
2 123
102 40
6 74
36 82
145 85
8 58
96 22
117 39
140 112
147 133
15 118
48 11
90 85
92 40
28 27
96 144
127 69
120 94
32 60
55 28
20 122
24 15
140 6
6 13
114 101
9 52
69 74
133 111
43 127
140 62
9 91
125 24
119 40
121 57
82 135
54 131
60 36
137 20
25 131
55 48
9 109
132 37
94 105
22 123
46 106
135 15
83 32
79 1
98 141
112 130
118 122
118 106
48 49
64 133
1 9
65 89
138 117
103 125
77 31
58 31
109 110
14 76
125 68
37 67
0 135
3 89
69 58
82 125
113 42
100 1
64 99
40 51
3 131
69 100
125 1
37 98
129 80
46 45
65 38
128 15
62 136
48 105
20 52
66 73
110 79
137 101
14 117
147 11
0 59
113 100
90 16
50 78
12 117
0 130
95 148
68 142
89 41
24 144
11 146
149 24
110 29
41 2
17 145
37 13
47 63
4 32
133 54
97 131
26 118
119 39
24 108
133 148
91 90
32 65
50 65
89 130
147 59
25 76
119 21
63 140
13 94
68 54
70 68
126 84
41 98
67 10
120 91
98 16
142 105
103 112
146 104
76 118
51 29
68 118
127 96
146 9
115 59
57 48
93 51
106 8
97 71
126 127
125 10
51 142
132 145
40 111
118 87
61 133
12 121
38 80
132 13
4 101
114 27
0 118
92 86
90 25
29 33
12 39
131 7
2 20
8 77
79 86
109 141
109 68
111 60
16 16
105 48
117 4
6 131
17 83
73 75
5 135
36 27
122 85
62 57
75 72
59 108
32 39
41 87
127 144
127 65
112 126
54 53
46 29
95 6
86 58
80 32
109 78
68 120
81 146
62 50
60 95
27 91
49 0
51 139
125 16
21 49
55 140
144 60
129 74
78 137
146 39
7 127
104 77
42 108
105 102
32 58
94 68
144 56
55 146
81 46
5 119
67 16
130 133
52 57
120 79
26 74
79 143
132 35
26 17
101 142
135 6
65 113
47 29
64 143
101 7
124 129
58 104
133 14
39 31
24 92
72 119
116 84
20 37
114 77
23 65
144 76
121 80
113 70
27 112
109 39
87 74
34 136
103 79
111 85
95 131
40 41
72 134
69 67
112 112
100 4
33 28
24 117
83 30
120 69
16 46
65 43
131 86
55 136
112 112
106 81
118 78
125 34
101 122
112 111
0 66
10 62
130 108
107 52
96 41
109 23
8 34
120 10
102 121
60 78
35 16
142 128
70 145
141 68
35 5
139 136
148 56
87 74
118 64
89 10
110 116
85 99
62 0
4 92
131 124
0 15
115 82
58 51
80 116
122 2
71 134
81 148
116 33
40 129
51 58
81 107
32 137
66 15
25 101
136 121
18 57
147 1
49 55
19 17
84 49
140 138
125 43
8 141
90 119
39 87
93 81
83 22
42 45
147 74
122 79
113 4
44 8
84 5
85 88
17 125
59 79
27 102
30 74
115 49
52 137
81 127
85 142
12 32
92 128
126 94
132 75
12 21
80 5
48 101
59 98
50 132
56 80
134 113
36 141
22 84
99 142
53 67
38 96
89 111
70 104
69 82
99 73
51 135
78 75
26 67
115 129
26 65
76 28
16 69
80 7
120 52
71 118
22 115
13 39
128 15
99 85
82 23
132 78
135 65
113 31
4 130
102 61
139 67
78 87
74 39
39 79
55 64
108 106
13 124
127 76
119 69
133 122
33 114
43 79
107 12
90 8
16 132
98 5
26 1
108 133
80 134
114 9
94 83
148 77
107 134
90 149
1 22
136 149
103 69
100 5
115 83
90 87
89 86
69 65
94 39
71 26
50 34
113 5
33 41
10 56
79 88
146 82
70 101
130 13
120 4
27 39
45 124
100 81
93 94
110 113
133 65
131 136
48 48
30 74
103 47
129 72
135 58
51 95
27 20
113 7
25 113
100 117
76 30
10 57
18 2
48 6
119 39
43 51
26 127
111 79
136 36
92 138
84 74
5 56
6 110
143 22
80 2
4 90
131 21
35 70
32 140
138 86
10 84
111 80
16 104
79 6
33 28
142 106
74 49
14 109
135 52
44 43
58 54
64 94
111 81
138 35
101 106
40 132
135 93
21 107
35 77
39 113
38 91
139 10
56 38
92 144
21 123
70 114
42 2
30 47
49 66
5 118
147 30
79 60
50 89
96 59
28 143
85 42
123 74
59 125
149 130
112 26
28 42
146 144
12 18
20 96
12 113
121 30
21 15
135 133
47 17
28 83
123 98
119 17
54 53
95 88
141 26
82 50
45 2
8 75
9 36
91 143
142 115
119 57
149 81
26 20
137 143
67 113
145 95
15 73
139 35
137 57
44 59
56 86
6 42
16 69
76 0
97 53
115 2
40 78
47 98
147 146
74 140
103 139
113 145
110 135
92 65
106 47
64 45
43 96
75 114
32 97
123 142
146 25
69 43
80 134
143 146
134 56
83 115
61 147
141 10
99 96
67 111
43 79
31 101
67 127
136 19
26 95
111 55
55 47
14 80
92 122
130 70
43 85
17 13
132 37
119 33
28 137
80 53
40 38
10 145
0 124
56 111
117 12
10 81
65 45
134 52
128 8
10 11
26 21
9 55
109 36
100 77
37 121
54 94
66 123
61 107
147 85
57 94
80 102
8 145
101 34
124 48
121 50
148 0
58 65
76 118
84 12
50 52
16 33
39 88
57 9
102 143
52 107
54 4
73 139
115 73
140 68
55 138
62 147
46 114
30 125
141 41
128 66
22 138
63 67
51 101
107 12
95 38
126 11
16 56
48 0
129 29
99 26
13 133
2 34
117 31
149 81
138 35
17 114
5 77
73 26
23 132
21 39
28 62
23 120
119 61
18 2
81 42
149 55
72 129
41 79
51 129
87 42
71 0
66 93
149 29
7 52
81 61
128 57
67 89
121 85
31 114
134 59
91 12
63 37
92 29
47 59
127 76
76 78
9 109
39 103
34 15
13 84
99 108
53 89
22 8
121 38
99 54
89 69
124 145
145 32
35 15
17 48
40 112
7 48
45 61
50 121
145 97
18 73
66 25
48 25
53 124
59 139
47 74
1 126
85 103
24 76
131 21
101 82
32 117
18 57
45 131
134 125
126 126
81 72
128 58
43 83
102 93
121 60
124 103
35 105
5 46
39 28
46 85
124 69
120 45
52 124
93 110
92 7
8 96
111 49
52 56
52 45
79 15
74 86
10 51
105 6
42 87
144 148
96 104
87 79
10 22
4 130
136 55
0 58
18 116
3 104
22 5
100 105
129 43
4 26
36 106
69 48
70 108
148 102
103 60
12 84
4 111
125 71
26 46
76 4
59 79
136 86
118 42
149 14
118 108
122 82
148 55
85 20
73 113
21 74
145 5
96 35
59 3
24 16
106 81
13 120
74 140
21 30
122 99
112 103
125 67
79 41
32 61
86 70
52 139
34 2
36 59
89 106
30 75
56 112
13 28
132 82
71 129
47 62
110 25
106 141
25 69
86 48
113 49
43 115
14 46
31 11
35 26
126 56
122 136
110 2
147 79
103 66
119 40
51 99
106 57
51 4
84 119
39 119
145 29
128 25
51 125
60 55
5 63
25 14
56 29
39 116
2 90
87 117
47 43
73 70
47 115
90 53
17 80
107 18
133 3
111 33
149 122
98 77
82 97
149 80
107 27
3 26
35 40
67 128
26 32
89 72
73 114
52 48
84 69
70 69
112 60
14 60
27 100
63 39
75 52
61 5
70 63
24 26
100 25
25 108
37 45
70 24
22 78
44 74
102 129
148 48
45 72
39 28
33 126
39 3
24 94
127 100
19 0
81 123
28 28
102 73
96 146
102 132
97 8
34 63
7 126
42 108
87 38
84 51
92 107
117 10
9 78
110 33
133 144
57 14
63 138
2 99
38 54
48 81
37 115
53 30
97 139
44 67
93 18
129 107
29 86
27 10
50 23
11 32
74 115
82 72
34 127
26 111
77 78
75 99
84 84
114 34
61 97
42 57
97 34
45 71
32 95
145 66
92 21
112 65
76 124
110 32
40 145
120 42
51 39
32 57
2 133
52 83
69 117
89 147
117 96
115 51
148 114
107 97
114 33
5 105
120 119
113 88
0 50
9 41
93 102
141 2
63 121
110 31
122 52
70 63
2 98
117 49
144 10
117 137
117 4
124 31
32 14
52 5
70 45
85 132
142 99
103 43
24 81
66 92
34 17
29 71
15 11
91 96
2 15
128 58
89 114
40 123
30 21
51 47
84 30
91 73
74 70
102 18
81 5
117 136
128 61
86 0
20 3
99 139
9 109
134 135
86 111
134 127
53 128
38 115
92 56
51 54
9 43
39 97
92 16
97 42
139 41
92 16
106 86
4 46
69 43
113 75
17 3
55 45
125 77
136 95
21 59
115 138
30 36
52 85
72 13
14 54
15 61
26 47
139 14
63 73
131 116
146 70
144 70
91 124
62 29
59 94
42 148
148 52
14 9
100 141
53 60
74 103
80 68
80 72
113 135
81 112
126 58
145 90
21 131
65 8
56 23
28 53
97 35
66 73
33 125
12 111
51 116
135 7
67 45
136 23
46 124
34 145
57 82
13 41
1 1
34 89
87 57
121 147
2 91
68 13
141 116
1 148
78 72
34 15
105 137
47 29
49 90
104 73
136 124
148 17
99 143
143 51
53 84
23 70
128 131
127 128
99 25
137 20
94 20
13 109
100 37
17 19
20 29
78 59
29 70
111 119
103 131
149 83
11 131
87 102
8 32
87 110
135 69
24 148
6 69
86 61
54 54
100 46
36 22
123 109
57 93
87 12
16 90
42 79
3 144
16 41
53 137
118 62
39 36
96 106
126 55
1 3
24 138
52 20
132 38
119 49
119 11
24 138
133 97
106 58
30 74
136 117
79 35
26 73
3 134
48 3
149 112
132 140
25 46
51 84
55 9
121 117
113 124
137 125
125 50
90 123
43 31
42 114
109 132
48 116
56 9
32 29
28 148
31 83
138 133
71 81
78 32
15 136
76 122
16 93
13 42
60 70
80 78
51 75
139 73
92 36
78 22
40 99
3 129
66 123
112 128
99 24
148 133
137 65
9 58
130 56
60 122
105 87
74 9
79 107
54 101
138 60
74 84
106 139
110 39
102 149
96 78
86 71
92 44
125 136
146 108
123 8
4 77
41 24
140 140
96 128
133 4
108 59
34 114
36 103
97 106
41 23
17 108
50 73
15 122
8 110
77 128
91 102
75 101
96 45
124 43
58 20
27 94
15 17
92 112
86 76
68 64
130 84
45 13
77 68
66 27
126 53
140 24
0 1
29 95
148 137
75 36
10 132
112 133
12 22
66 110
69 6
29 48
120 52
13 19
66 42
107 138
69 13
32 56
71 29
0 96
131 106
139 72
133 21
103 123
35 83
145 135
4 57
25 17
107 143
81 149
118 123
103 73
85 39
138 75
58 46
22 71
128 51
149 87
140 90
40 41
146 74
69 104
88 13
41 125
144 83
56 64
73 47
84 133
63 58
134 137
13 7
77 47
134 98
19 40
43 88
59 19
97 101
12 30
133 67
98 99
54 89
13 3
24 79
99 91
78 16
34 135
87 37
81 133
39 111
113 22
18 34
55 0
41 20
36 79
29 35
67 16
109 34
110 59
113 125
73 91
12 110
77 52
55 110
55 147
37 14
142 68
114 69
56 8
90 83
81 29
26 99
135 11
35 12
109 14
109 146
64 78
95 10
126 43
30 19
117 69
79 63
49 41
95 129
25 31
34 117
11 73
113 124
23 71
97 56
5 54
11 146
97 106
124 33
108 5
127 29
27 141
19 128
19 70
45 139
145 133
0 79
95 53
49 83
104 86
30 11
20 23
60 72
135 53
38 13
52 85
57 16
63 76
139 91
102 121
114 28
31 141
106 48
94 89
145 73
62 55
146 38
19 29
34 123
21 44
50 141
125 7
11 20
146 94
22 36
24 132
96 114
144 23
68 77
30 10
144 91
55 62
6 94
66 128
99 84
107 8
26 110
65 42
119 56
78 2
106 149
6 17
132 48
138 23
27 50
15 30
3 13
84 12
55 148
92 106
132 47
56 148
3 49
57 89
115 32
108 15
13 145
44 114
139 139
55 129
41 143
146 18
118 46
73 84
79 94
48 120
108 122
94 67
48 39
32 78
121 144
111 44
23 130
126 131
5 104
105 68
76 57
127 24
96 75
111 78
83 34
73 144
51 81
116 5
114 138
71 30
32 104
61 15
131 3
67 11
46 89
103 21
62 135
118 100
64 39
130 20
114 142
107 13
11 32
72 7
33 106
55 107
127 125
110 18
20 5
115 41
38 127
99 49
116 29
76 80
9 124
23 73
25 97
50 50
106 49
13 88
27 111
25 95
77 26
29 129
40 146
55 143
11 27
8 113
118 57
67 101
84 135
49 45
106 14
90 119
129 111
69 19
41 23
23 100
122 133
116 92
81 136
69 2
107 3
125 75
121 93
96 1
63 21
45 99
62 52
128 147
120 24
148 138
145 59
43 143
25 77
145 109
109 15
0 107
115 44
1 83
138 120
18 129
102 108
48 59
17 18
6 71
148 92
14 65
143 80
136 74
124 74
104 14
32 1
95 78
68 54
41 36
24 138
51 52
2 121
28 55
31 19
71 23
139 149
74 71
92 19
59 89
88 63
136 59
109 131
141 12
128 147
34 76
25 79
60 58
4 132
141 105
79 42
137 142
146 8
80 16
10 17
14 92
20 132
126 130
120 69
87 62
137 114
8 96
35 131
121 61
52 4
142 62
79 15
13 57
66 9
62 106
134 74
47 28
145 92
125 63
51 141
46 64
83 81
128 101
12 9
118 23
89 108
93 74
122 131
95 9
147 83
4 144
70 113
16 21
40 45
73 136
72 125
135 122
104 21
6 97
25 12
54 140
122 21
129 26
81 42
14 112
37 105
41 62
124 136
108 26
21 36
143 31
2 37
113 117
47 64
144 29
124 42
41 129
149 97
116 90
92 112
5 51
68 19
23 10
133 16
4 51
41 143
10 1
8 78
140 120
35 28
93 126
113 3
9 47
120 3
66 41
55 57
101 0
127 135
142 146
31 145
14 122
15 95
21 37
126 93
109 99
124 41
146 57
134 56
128 89
122 8
128 111
88 34
121 26
58 22
35 52
104 53
2 95
117 27
6 3
77 68
12 122
12 8
15 65
52 147
2 86
41 48
94 46
26 35
133 82
118 97
103 25
54 130
10 66
70 31
84 6
25 13
149 42
61 108
59 14
128 143
15 73
113 66
98 6
76 87
49 115
54 143
83 40
70 96
35 20
16 18
44 141
106 2
78 53
31 48
30 98
138 27
135 4
48 100
102 129
94 106
35 73
23 91
52 145
102 138
148 15
43 17
130 115
136 6
75 17
124 27
64 17
116 1
130 17
138 133
126 59
0 25
65 28
107 46
27 145
114 117
85 138
138 21
112 77
145 92
139 88
76 53
84 27
76 108
32 61
74 98
89 57
13 101
13 100
76 24
102 132
145 8
61 128
53 133
146 101
65 34
148 112
50 102
90 89
78 148
147 6
143 143
84 30
8 49
125 61
81 105
128 19
128 13
89 29
119 16
8 33
0 62
35 127
68 117
78 86
138 147
119 56
35 43
84 58
31 115
78 87
43 7
52 27
99 51
92 37
65 41
79 38
69 39
52 147
146 22
124 128
89 42
44 67
134 51
2 106
46 26
11 82
44 33
30 11
144 98
37 39
129 147
74 130
136 15
145 25
132 139
51 74
82 53
65 37
104 85
55 51
148 103
115 9
41 57
113 101
6 5
56 43
43 140
107 129
106 47
87 23
0 0
68 102
51 69
127 3
59 58
56 64
59 128
92 78
62 101
56 119
100 4
120 36
114 12
6 64
118 57
62 70
135 26
120 134
121 78
101 134
109 53
124 144
18 148
61 93
91 26
80 30
90 28
87 114
24 51
112 130
53 43
64 75
91 99
138 31
70 126
141 73
4 130
61 141
31 21
99 134
29 33
78 25
123 95
101 75
113 86
90 147
97 106
143 57
54 149
65 108
48 145
149 73
126 60
119 97
105 126
146 114
5 88
101 80
112 145
142 94
17 1
4 131
60 123
71 125
105 136
14 133
50 61
132 134
118 146
97 121
113 9
96 90
29 127
113 119
119 67
75 77
54 145
16 133
60 10
141 42
113 77
119 13
78 142
110 58
116 31
98 51
139 13
126 5
74 83
83 70
46 52
114 120
141 138
102 117
92 110
80 18
11 114
30 60
127 42
94 86
52 102
140 23
5 58
58 48
57 29
133 128
21 83
100 86
19 75
116 32
78 70
142 49
71 127
23 98
127 145
48 55
38 46
75 123
19 108
114 79
8 26
114 99
86 1
58 22
104 73
28 108
69 7
56 60
96 18
67 16
44 85
29 50
36 20
142 76
7 7
10 0
81 116
10 25
98 146
118 139
23 84
103 75
34 41
109 33
72 114
2 22
44 111
137 67
39 133
79 105
114 20
26 64
58 49
83 98
6 136
33 94
23 123
122 148
23 71
67 22
31 55
82 31
144 102
17 50
93 43
102 140
67 73
89 105
12 48
14 147
122 99
142 118
43 125
1 35
59 40
13 125
129 118
52 88
125 11
75 131
78 98
18 122
94 8
138 100
5 57
44 125
48 18
67 63
106 46
74 130
139 71
139 80
1 50
63 113
22 118
15 88
68 2
41 17
95 111
11 53
116 143
107 8
143 60
47 65
56 148
24 44
147 131
108 25
33 15
33 99
6 44
24 116
74 37
119 92
123 24
64 70
138 1
117 94
7 113
71 77
146 51
49 119
13 29
138 118
108 61
33 40
81 30
80 103
13 10
62 120
23 43
70 115
149 55
33 107
117 6
24 126
11 141
37 4
46 25
71 39
4 127
110 115
33 90
75 61
27 114
134 18
68 75
10 10
77 66
9 21
97 119
94 103
72 105
37 144
63 25
95 127
11 88
1 68
29 31
116 91
97 117
97 90
83 1
122 96
46 142
62 11
137 147
43 4
126 113
45 144
87 85
114 85
54 11
0 7
62 93
53 131
124 96
45 51
17 2
60 145
0 52
117 133
29 100
48 134
135 3
124 63
148 121
129 13
107 53
7 48
55 105
128 112
98 89
83 1
34 54
37 149
63 11
2 7
0 68
33 82
84 113
95 10
26 127
92 43
71 93
37 43
108 47
103 21
50 77
29 82
68 131
93 62
100 55
76 68
58 9
135 49
58 111
48 117
68 81
78 108
96 54
84 135
140 1
124 11
127 72
127 115
85 117
58 139
86 24
116 53
30 14
16 17
149 136
57 6
9 84
82 62
75 60
17 6
89 107
128 63
12 57
111 5
77 55
9 126
132 122
115 127
127 13
92 22
115 133
79 139
49 93
76 135
76 65
108 95
123 134
104 87
140 137
19 9
54 14
113 81
21 87
44 40
85 22
55 12
130 148
137 46
102 92
142 40
127 98
137 14
65 89
117 68
12 34
123 144
118 30
142 59
140 135
59 87
43 109
44 22
94 87
133 124
29 1
112 59
35 137
53 30
68 124
10 65
134 15
49 35
101 70
43 84
92 149
142 92
16 141
4 147
27 106
24 65
100 29
11 138
95 35
124 103
88 18
75 129
138 51
134 63
59 19
122 53
41 127
99 121
47 91
133 91
51 138
81 115
75 5
58 131
39 132
127 76
120 12
36 39
46 74
126 74
56 128
94 90
47 37
117 62
96 47
24 13
28 97
118 110
42 109
56 23
120 2
147 128
116 33
47 7
100 68
117 26
68 54
62 136
25 106
52 141
108 56
24 18
121 136
73 0
113 105
130 56
122 45
67 71
125 40
56 10
114 11
37 41
10 47
120 128
108 98
13 93
49 58
45 148
99 82
13 14
43 42
83 137
130 39
73 66
125 134
95 55
121 44
12 27
112 55
46 78
80 101
10 42
106 65
10 75
121 137
50 49
51 135
78 44
128 143
129 99
126 16
138 50
43 11
103 9
56 15
2 58
75 72
59 6
29 22
143 86
119 10
56 120
105 144
69 71
95 86
141 10
110 97
136 35
33 136
130 79
148 139
70 70
6 106
7 39
118 139
35 24
92 63
94 35
16 27
32 11
72 55
103 11
92 2
28 14
68 119
18 143
80 41
37 78
30 76
53 14
93 24
67 22
99 70
98 75
34 117
133 121
88 68
24 146
123 142
75 47
146 24
63 84
22 121
13 128
83 139
76 4
96 140
102 15
40 127
98 33
19 108
1 92
121 61
61 1
21 117
101 36
128 86
38 88
40 64
138 97
25 27
104 75
46 117
28 17
17 116
60 129
14 115
99 127
119 40
100 136
131 55
95 66
121 13
47 84
1 1
69 20
124 137
124 29
24 23
82 6
76 42
46 115
103 88
13 85
28 60
136 39
4 129
141 120
147 93
20 47
47 0
127 57
69 111
145 105
64 0
144 100
2 27
82 27
142 72
96 38
145 141
19 92
23 73
9 102
2 48
109 106
30 145
43 10
118 110
115 34
142 30
7 102
23 69
12 109
45 29
139 111
145 4
65 71
75 142
37 131
82 25
111 28
65 141
33 104
6 94
4 7
95 120
118 99
17 8
69 27
78 126
97 51
66 139
104 52
2 46
70 144
29 112
55 115
118 53
119 90
146 49
63 12
25 25
31 43
85 109
77 132
140 94
49 114
8 84
37 79
144 135
60 125
109 96
131 32
72 102
104 70
11 148
137 44
28 38
127 8
109 129
38 61
130 23
42 128
114 102
18 118
81 143
103 108
96 63
37 6
72 79
96 106
67 3
32 53
46 128
24 48
33 34
96 132
124 147
84 57
22 101
103 132
68 34
35 126
86 126
44 30
72 10
129 135
127 112
72 25
44 73
57 9
18 114
58 39
75 12
93 24
84 76
98 14
143 101
71 3
70 96
68 148
23 117
94 57
8 2
100 68
124 148
87 78
66 35
9 116
68 14
74 140
42 61
40 19
130 11
131 13
70 21
133 41
147 110
127 107
24 36
45 26
97 84
147 108
128 17
112 66
86 1
63 83
38 109
71 135
135 119
66 105
132 18
1 14
28 149
2 8
36 60
46 101
141 60
92 107
93 76
49 106
17 75
99 75
117 100
45 70
11 122
92 17
78 137
35 94
25 26
117 131
49 78
12 78
133 35
2 98
37 15
103 13
23 21
136 133
26 57
49 8
6 149
15 35
15 12
23 134
113 127
138 17
11 44
54 98
67 107
104 11
106 90
14 24
43 68
128 108
110 18
46 100
1 20
12 18
9 19
0 10
40 12
84 134
43 3
28 61
81 71
45 79
144 92
64 64
65 9
0 144
88 60
23 16
35 29
25 105
144 140
109 6
52 134
52 22
106 85
12 95
85 90
96 91
34 39
35 58
47 74
66 8
100 13
107 123
91 136
95 17
119 85
8 128
84 74
117 47
12 108
101 65
96 148
123 23
116 144
21 22
149 112
30 143
140 147
30 15
91 32
63 0
100 110
32 120
2 20
46 39
54 109
5 30
88 28
4 10
43 26
54 26
2 75
94 71
1 113
120 59
147 12
135 110
94 112
67 1
55 101
100 123
47 85
127 46
84 94
139 14
55 62
46 19
7 124
100 84
106 123
102 40
38 133
86 127
20 31
78 89
126 48
26 24
11 74
142 47
58 1
22 137
141 93
48 126
19 91
141 38
42 88
85 131
70 69
16 61
88 139
136 97
87 149
113 76
69 41
20 136
50 52
44 93
73 36
58 40
64 129
112 16
51 69
29 70
3 23
137 133
136 28
62 129
93 144
52 34
93 70
144 133
42 98
17 66
45 38
74 141
49 79
52 113
19 143
36 140
102 92
53 98
22 118
149 43
106 77
147 68
109 55
109 133
12 55
37 74
7 15
80 143
129 0
57 46
130 31
10 1
138 67
98 54
146 90
66 66
48 34
0 16
18 8
117 54
67 34
123 73
47 34
60 64
0 127
94 101
83 106
12 76
87 132
5 106
18 80
17 44
99 9
64 88
89 56
104 89
147 61
128 58
148 68
2 69
148 52
126 96
106 108
135 60
48 85
36 99
8 108
93 1
131 127
140 83
129 34
29 109
42 27
62 12
118 49
91 78
109 97
113 91
101 95
19 7
84 95
20 81
146 107
145 133
124 86
95 6
5 51
14 114
90 125
147 1
148 14
89 84
140 106
34 89
68 108
89 82
138 60
23 137
18 77
102 85
98 108
7 78
135 109
29 131
10 90
34 147
51 147
52 54
104 1
98 93
145 1
45 90
13 58
52 126
116 138
23 138
64 0
87 61
61 75
66 75
68 60
121 143
106 43
28 113
84 54
60 123
45 16
32 27
126 122
39 90
43 0
24 103
53 34
6 3
66 34
95 138
6 148
139 65
3 3
46 130
108 10
71 57
30 132
65 79
50 61
110 77
149 146
6 135
135 83
86 14
93 3
92 133
56 88
138 112
143 52
108 28
94 14
142 64
94 127
131 52
65 53
125 33
49 82
90 46
93 115
65 137
136 99
17 147
0 34
110 103
7 47
98 94
24 46
38 124
21 63
17 72
141 149
105 82
19 121
9 138
110 82
76 37
2 129
129 11
11 63
92 65
101 139
105 59
11 68
120 50
51 57
134 43
28 52
52 122
53 43
62 9
115 133
108 25
138 101
65 127
104 18
123 5
15 141
36 86
118 124
99 68
112 106
5 57
96 23
93 108
108 42
7 43
63 24
24 76
49 5
42 55
48 78
81 27
106 139
145 26
146 53
57 88
59 99
86 128
31 105
4 60
109 142
19 11
105 122
66 72
70 140
132 110
58 51
43 74
114 25
83 59
117 113
79 3
63 27
34 140
92 101
107 131
10 79
66 110
103 53
18 4
23 60
138 101
132 77
76 36
9 130
79 146
30 21
4 120
140 77
22 17
61 3
124 70
129 43
66 121
72 75
83 41
35 137
98 25
131 51
133 57
20 94
14 75
19 33
2 102
40 115
22 111
122 136
9 58
41 72
145 124
68 99
35 113
99 71
147 77
142 7
53 140
46 24
64 82
47 126
129 60
36 97
9 34
127 107
79 132
52 135
141 101
141 20
55 58
113 48
4 117
77 18
65 99
7 27
103 140
84 63
10 97
104 134
135 133
146 145
92 106
77 23
9 76
37 50
120 18
18 131
60 129
61 87
56 144
146 91
86 23
62 32
44 91
63 23
107 142
12 134
138 103
80 34
109 41
35 130
66 105
75 19
48 100
51 69
94 58
137 70
55 35
58 50
144 122
56 36
29 79
8 54
135 53
64 114
59 36
143 110
20 96
131 123
67 74
73 60
11 5
75 58
145 84
99 145
23 22
144 93
82 135
79 88
69 45
81 127
123 38
6 31
92 53
118 130
54 141
37 80
70 34
60 53
70 27
128 65
53 48
137 92
144 124
79 52
130 35
126 93
139 52
132 120
46 14
100 47
53 77
48 15
123 83
149 0
52 133
97 42
21 85
6 109
85 41
64 120
16 20
18 6
85 136
36 1
131 18
139 93
135 35
113 41
129 92
134 82
16 20
40 111
41 145
100 107
112 61
87 11
111 8
18 38
33 70
96 107
37 7
3 17
45 112
133 135
125 2
67 86
70 109
62 147
31 111
101 65
17 77
102 51
40 56
147 50
148 66
127 47
30 2
86 89
126 104
67 147
117 19
119 0
129 127
87 110
118 100
9 99
120 6
48 46
66 114
93 56
87 140
87 105
53 79
135 149
45 23
133 122
40 62
142 147
78 65
140 103
115 24
56 90
36 64
94 36
94 15
85 116
88 94
26 3
18 84
108 90
110 97
39 123
39 93
6 149
65 117
122 35
149 4
130 108
144 51
76 30
101 147
66 130
2 93
43 11
92 78
130 102
106 91
87 126
123 38
6 19
53 47
136 66
47 112
3 55
63 104
76 147
117 80
103 134
0 70
55 12
79 56
142 98
107 46
29 43
100 22
61 109
98 80
81 59
41 118
105 126
139 59
6 103
53 38
58 92
69 133
102 134
4 43
38 28
88 4
136 149
3 97
100 67
73 122
129 136
139 94
118 123
21 12
9 135
43 141
96 99
147 55
136 134
44 94
107 15
11 79
9 106
99 55
123 57
6 32
105 70
12 133
19 100
100 108
93 1
5 80
120 94
70 125
75 54
117 45
67 119
13 60
54 125
54 44
85 2
85 16
103 97
136 2
70 40
138 135
66 76
17 25
101 122
29 66
60 60
87 17
29 85
14 78
64 101
117 36
121 102
25 142
15 126
58 80
44 49
48 17
146 25
74 126
60 100
66 11
87 148
40 102
11 83
68 19
45 120
66 74
11 143
15 36
139 85
38 149
92 76
3 74
46 63
79 20
41 76
26 0
123 110
2 91
92 138
15 133
6 15
128 55
21 20
3 12
51 144
52 29
56 48
55 96
108 118
45 41
44 44
76 126
115 67
99 121
38 36
135 80
20 6
55 66
80 88
114 53
113 140
65 68
65 58
45 10
48 78
59 129
129 95
110 62
132 0
114 129
93 144
69 32
13 42
113 25
104 144
124 141
5 88
23 46
10 56
34 56
21 95
117 118
0 39
101 72
32 134
112 53
62 81
117 98
106 64
36 39
70 149
99 41
137 90
106 34
14 128
137 59
145 87
77 23
23 69
84 56
116 91
42 13
67 19
114 131
85 27
48 115
125 70
143 135
60 126
19 42
62 32
148 60
100 58
78 110
25 141
111 81
73 62
61 92
71 38
146 100
93 109
122 56
71 60
59 146
14 137
121 86
79 120
78 9
7 129
38 115
97 143
117 79
73 85
108 64
103 109
135 15
123 106
18 97
127 29
122 145
132 6
128 25
134 134
108 112
142 118
65 144
0 122
115 123
93 70
141 86
145 44
18 119
89 42
51 0
114 149
109 126
130 0
14 10
115 60
44 4
124 56
72 23
117 131
57 8
113 38
55 139
25 29
143 34
12 116
116 21
117 131
61 21
50 8
65 123
96 124
54 128
28 135
83 33
72 50
60 123
121 45
19 141
16 93
87 132
28 27
10 4
116 126
9 87
61 25
12 63
136 66
99 105
91 68
107 58
1 3
82 42
128 41
123 149
112 124
136 1
49 76
144 55
125 137
7 90
52 1
6 92
47 97
46 122
111 89
113 95
25 87
90 138
18 117
37 114
91 108
132 129
23 97
50 28
20 105
108 102
131 117
119 21
90 124
82 134
144 91
121 88
128 103
59 147
123 120
141 64
32 97
59 125
142 21
104 52
77 104
54 38
12 140
83 24
14 124
5 41
14 145
52 63
30 24
72 22
121 67
145 90
7 106
65 102
87 149
81 114
122 55
28 79
97 24
54 69
84 120
85 59
80 27
56 12
79 111
79 11
2 21
52 61
75 18
43 83
78 58
136 34
122 118
147 57
68 16
51 38
42 63
66 26
133 103
137 76
6 111
35 76
32 97
29 55
42 24
19 50
81 123
0 89
40 13
42 131
84 59
83 33
90 52
19 77
0 119
12 148
36 144
46 16
62 90
55 29
1 101
3 121
36 99
144 104
73 68
3 11
13 37
100 125
47 73
70 117
132 34
111 142
50 73
15 129
104 82
147 34
29 123
97 73
71 43
23 86
53 149
149 96
146 12
110 37
9 134
104 125
4 99
122 35
149 34
43 79
139 28
15 21
134 78
132 145
31 69
28 73
148 131
148 50
73 37
70 41
131 110
125 128
82 74
75 110
88 31
11 48
49 91
44 139
30 98
136 54
18 148
17 148
146 100
83 23
12 74
84 42
87 14
28 149
11 73
19 7
39 30
26 137
96 130
125 85
52 76
47 111
20 124
28 58
14 54
109 90
61 89
44 76
91 15
146 102
63 131
17 61
124 103
30 101
88 89
130 85
84 139
121 28
40 134
110 130
104 118
106 62
36 139
87 146
111 119
80 43
139 74
121 145
135 90
13 95
78 25
32 47
141 104
94 50
104 1
141 104
57 30
34 23
135 112
119 76
87 28
143 80
52 31
90 30
68 139
60 112
57 37
100 129
2 20
6 145
20 20
92 120
139 16
105 134
114 2
8 99
0 142
93 106
33 81
14 9
35 85
55 3
146 25
36 112
112 87
116 101
8 20
50 117
52 78
41 137
45 88
109 110
2 105
62 103
13 112
122 115
1 72
97 29
108 72
27 90
33 70
71 6
79 141
148 99
101 105
43 5
20 148
104 114
11 84
109 15
53 24
141 22
108 92
117 64
11 112
88 2
147 13
142 109
45 124
104 32
138 81
133 143
18 31
139 128
63 66
86 52
59 113
101 22
104 46
21 54
34 57
107 43
88 44
42 27
118 36
143 4
36 6
117 22
119 88
29 100
85 64
0 127
110 149
12 48
103 95
91 105
126 31
63 33
7 93
115 18
30 38
12 47
8 41
59 52
54 54
130 134
86 74
51 49
17 112
48 130
43 75
115 129
120 118
137 37
78 78
58 143
106 149
37 103
100 108
8 36
121 21
149 52
54 116
18 148
147 44
39 109
72 122
11 72
88 2
4 139
49 17
18 109
110 20
131 47
14 126
25 72
58 97
31 59
139 147
32 57
51 70
59 63
46 135
124 107
14 111
112 118
59 84
21 145
79 143
95 45
139 0
58 133
38 108
47 147
43 93
35 83
51 99
117 140
115 91
59 84
34 123
109 68
84 17
113 46
17 101
111 57
67 18
45 33
61 70
37 73
46 88
62 82
95 5
45 115
50 149
50 133
38 59
125 119
87 124
42 125
32 61
145 67
76 14
29 35
108 99
52 79
48 107
80 25
105 73
117 66
53 85
124 125
59 51
99 41
75 23
134 41
21 114
52 6
20 116
26 64
75 67
19 51
39 112
70 67
20 141
16 104
45 148
98 69
139 47
139 7
50 113
21 32
95 60
105 115
113 114
116 53
58 87
133 32
124 9
53 137
43 5
11 87
93 105
76 100
43 118
98 126
70 89
4 26
76 80
97 62
89 31
116 5
24 17
76 20
133 85
89 4
25 84
57 16
13 108
47 145
19 148
60 124
34 133
58 61
130 24
36 105
106 94
92 35
112 0
98 142
33 100
63 85
64 66
64 105
138 20
8 142
63 48
123 51
112 101
20 45
130 54
6 87
46 75
57 66
92 56
118 55
113 77
66 69
120 0
116 71
126 130
83 80
42 83
83 63
65 7
68 80
54 109
120 86
31 23
119 106
133 108
62 145
135 143
36 90
82 142
85 22
115 20
138 86
129 112
4 101
109 11
116 76
19 8
130 26
8 0
138 124
87 68
11 107
38 53
93 137
82 53
146 49
27 20
113 81
16 38
141 32
0 22
52 45
38 119
91 55
45 125
43 13
2 92
100 65
65 15
124 39
19 64
24 80
2 116
34 108
114 127
50 104
93 82
116 49
89 38
14 139
48 97
46 132
104 25
123 92
45 68
66 138
36 10
146 46
93 21
103 117
73 143
94 7
14 24
28 119
101 57
113 103
1 121
41 30
36 62
1 25
16 27
149 134
46 116
145 98
91 50
54 145
121 92
130 55
46 4
130 19
45 113
63 32
23 84
147 90
131 141
109 23
113 16
71 73
8 12
128 70
81 89
25 84
147 147
30 122
68 117
114 70
84 134
126 1
82 149
48 130
57 134
97 63
41 114
143 47
42 10
9 55
63 124
149 11
63 80
84 148
31 72
92 130
146 56
28 42
45 132
59 106
103 43
116 103
76 130
55 33
126 127
135 117
29 71
78 105
9 75
96 105
72 140
34 13
81 85
103 45
96 87
4 23
2 104
29 71
47 63
38 46
2 98
25 144
90 145
34 26
24 131
121 103
113 141
70 106
39 39
46 56
143 142
122 81
49 69
24 44
40 118
81 124
27 68
38 42
10 112
74 53
107 63
46 138
93 42
145 77
1 47
11 111
95 40
67 69
128 75
58 50
53 59
18 48
21 8
113 148
84 136
61 39
114 30
129 18
14 135
110 19
27 35
4 119
140 136
96 146
14 129
127 15
70 49
64 3
85 110
31 123
24 2
91 25
7 49
59 17
101 46
112 36
146 49
101 131
21 104
149 67
75 37
136 61
37 74
52 103
142 85
6 72
36 36
123 128
52 68
9 9
129 66
73 29
7 84
138 105
42 15
14 90
104 31
142 17
120 118
92 63
58 93
127 48
113 145
4 111
30 2
149 55
76 103
145 141
30 36
89 138
107 116
53 131
112 110
128 111
53 42
123 146
28 149
120 142
50 149
39 147
140 138
119 0
99 63
2 44
7 114
100 84
1 57
37 106
111 129
95 52
118 129
11 81
83 58
13 142
131 149
3 44
42 143
136 80
28 130
39 3
145 19
79 22
43 54
7 63
74 60
82 82
148 16
15 56
115 129
56 58
80 107
147 124
56 64
28 20
36 44
17 149
122 25
118 136
35 37
97 112
6 70
29 21
110 120
85 78
13 23
108 128
72 149
34 106
12 27
145 98
97 13
111 4
48 78
56 113
14 76
44 127
54 62
18 118
11 63
135 76
93 74
3 70
10 78
64 88
8 16
146 55
73 34
110 88
125 86
140 68
136 147
16 10
75 42
48 47
88 28
121 65
143 146
16 121
49 45
70 45
138 88
14 83
43 145
97 131
88 133
104 33
79 142
79 48
43 132
116 42
40 84
122 51
87 144
29 39
24 85
145 45
73 144
13 71
57 121
20 95
6 14
128 134
149 60
138 92
40 1
19 99
1 30
6 145
102 19
124 60
82 37
92 112
94 49
73 37
81 95
15 31
2 119
137 50
123 73
0 143
125 10
108 141
115 81
89 83
125 65
87 34
40 8
104 58
105 35
143 114
39 102
71 54
7 33
110 127
137 94
147 22
90 40
128 148
113 33
105 14
37 83
124 24
70 13
25 5
51 68
88 67
85 124
71 84
130 90
50 115
84 81
16 53
5 48
48 4
82 72
76 13
98 84
72 38
47 90
69 123
53 34
124 111
53 123
117 93
14 117
93 68
68 0
127 24
146 91
41 56
62 121
66 68
43 102
35 136
86 4
27 88
135 11
136 8
115 40
93 95
45 24
13 16
2 12
111 47
14 136
76 27
57 83
16 52
36 53
66 80
24 41
145 24
45 6
140 56
139 23
93 89
83 129
34 32
40 27
62 66
86 24
82 118
53 127
71 22
98 111
130 57
133 127
1 4
139 95
112 109
94 17
26 141
14 142
83 68
49 112
43 100
102 93
109 72
127 91
8 81
62 128
61 87
85 143
144 109
43 36
37 98
57 66
4 19
56 53
76 66
88 124
93 139
63 43
6 140
147 92
74 36
119 146
93 42
55 89
92 67
33 83
5 42
132 0
145 95
88 73
61 93
98 115
59 72
7 22
8 114
59 34
15 130
40 38
27 106
14 61
14 55
8 139
108 146
107 127
90 96
119 30
134 25
62 23
135 104
101 133
115 109
114 126
85 38
47 11
92 104
123 95
142 33
61 41
45 125
39 109
99 44
30 122
20 29
95 98
20 8
0 46
88 75
108 52
20 2
38 108
33 113
9 89
56 59
94 127
94 114
96 74
13 53
79 90
110 89
59 121
81 92
16 134
0 68
74 83
34 71
79 125
76 115
53 33
90 41
14 125
14 76
42 20
59 128
6 40
67 22
127 65
67 80
29 106
140 12
91 3
56 50
64 143
74 94
36 51
35 97
71 71
69 13
11 71
82 7
138 82
85 35
21 65
112 62
90 90
93 72
129 82
45 107
31 48
33 29
50 141
72 93
82 83
111 105
27 138
119 121
8 52
105 127
14 68
72 137
84 126
96 72
142 120
42 47
128 90
89 123
30 5
61 33
9 52
17 128
111 89
117 15
34 61
1 10
133 113
30 72
28 64
62 63
81 61
104 86
9 78
149 41
14 60
0 58
137 74
18 27
33 88
77 126
83 118
142 17
92 79
92 42
98 104
5 141
138 144
30 50
38 124
56 8
110 2
11 67
34 122
140 102
137 81
124 80
16 40
39 102
67 86
100 14
95 57
103 143
112 12
139 131
91 115
29 41
109 112
139 130
134 147
78 27
16 42
116 45
144 29
44 57
149 128
100 106
139 101
0 31
119 130
71 68
93 37
61 42
88 2
119 142
41 147
32 53
66 24
67 36
10 7
54 116
148 97
81 111
126 30
19 108
0 61
17 55
30 37
86 9
58 27
96 34
61 111
108 3
45 148
91 48
122 138
45 12
43 8
106 115
128 16
3 141
63 17
101 40
142 63
145 55
24 82
73 141
19 116
123 72
139 146
143 15
47 37
42 143
92 51
144 134
37 72
19 117
30 95
27 124
1 48
48 41
41 108
3 18
91 79
27 140
4 131
125 34
71 87
27 16
128 114
8 48
116 22
19 74
115 120
105 95
76 27
97 137
80 125
69 141
33 94
76 97
108 108
86 12
84 55
132 118
53 78
107 119
12 56
83 59
98 49
132 127
128 67
56 18
94 99
109 115
14 125
122 51
24 29
33 79
135 54
11 19
80 133
30 97
118 36
142 77
4 17
8 12
8 106
108 92
142 102
120 132
53 68
45 98
23 24
121 79
114 108
149 89
103 64
70 78
141 87
0 125
58 89
143 27
67 140
137 16
5 5
57 22
101 26
18 146
125 68
17 33
85 42
95 92
123 47
14 36
110 146
1 142
128 10
34 149
113 87
101 76
8 143
57 66
21 107
93 14
98 86
45 34
142 102
72 12
79 137
26 32
133 79
16 114
97 44
105 51
141 74
116 122
108 67
73 126
133 68
2 133
48 68
24 29
20 73
22 93
96 65
33 81
65 49
119 46
98 48
8 90
58 60
68 1
29 16
56 29
91 96
4 6
137 93
118 81
20 89
100 7
32 145
30 116
142 71
80 98
97 59
25 79
1 136
32 43
79 97
121 12
115 31
92 131
139 72
146 102
15 141
107 22
14 129
118 100
104 145
0 48
86 34
73 104
37 119
36 59
34 105
5 83
133 146
134 42
59 61
129 139
123 142
114 119
31 9
38 45
38 10
71 54
57 149
25 121
100 142
36 0
39 92
43 32
71 37
99 145
86 20
96 66
95 113
90 20
5 92
99 58
149 144
146 32
29 44
32 24
147 50
49 113
39 9
78 135
137 98
126 30
3 25
127 111
35 80
40 113
62 28
46 88
7 72
77 148
132 93
67 93
134 125
119 40
110 27
17 3
148 16
103 14
6 30
136 103
6 134
42 10
134 116
125 116
99 39
32 32
5 3
69 118
84 27
44 122
90 39
113 138
138 5
106 143
41 130
74 147
84 29
89 142
43 57
26 53
71 16
126 85
61 133
104 130
61 91
51 130
131 101
123 118
105 127
74 99
146 134
119 122
63 98
26 82
29 17
40 36
82 67
148 89
25 110
13 99
88 61
46 126
94 24
52 36
133 39
126 31
64 144
20 84
13 22
114 81
44 112
134 54
143 95
46 92
20 109
7 79
0 23
114 112
26 114
1 44
124 106
80 107
28 23
148 110
5 68
0 19
147 117
98 109
99 59
147 12
100 47
53 43
52 76
79 7
73 18
80 42
147 9
105 94
136 21
120 147
110 68
121 72
106 144
16 0
94 79
64 58
7 131
103 137
50 111
89 4
9 136
110 80
5 29
17 145
43 17
22 105
16 110
0 20
79 83
57 130
40 107
52 61
43 111
41 111
6 88
89 70
54 139
119 108
42 108
43 115
137 45
9 77
107 143
44 147
33 128
117 7
84 97
119 92
52 89
105 66
82 25
115 99
109 145
41 147
130 132
118 46
6 20
57 70
138 30
147 82
20 48
36 135
90 63
32 51
135 91
43 140
91 104
16 21
116 7
148 42
7 46
39 46
115 129
16 2
118 131
117 39
96 127
50 93
110 149
41 48
95 7
123 96
108 35
66 31
23 90
42 143
25 149
89 79
37 76
65 87
2 97
28 68
148 27
83 99
125 98
126 2
4 133
65 94
73 68
53 35
115 66
147 16
112 4
9 93
125 34
137 3
143 54
141 31
15 149
64 103
134 4
4 7
45 103
9 106
87 120
52 31
63 103
22 111
45 29
43 71
48 60
105 74
37 127
7 32
126 40
107 144
135 121
44 8
24 48
17 135
80 78
125 54
91 117
112 117
82 101
23 69
8 53
50 66
95 107
86 140
128 45
147 143
127 89
26 4
51 25
11 99
52 12
125 141
128 40
82 76
20 134
70 52
18 19
18 99
0 148
114 117
120 5
111 29
6 28
97 22
141 112
64 39
124 142
50 71
9 98
75 4
24 55
61 74
71 94
89 66
30 76
122 131
24 10
97 22
84 16
17 108
58 110
122 109
108 145
133 4
46 66
82 72
132 44
50 84
91 140
132 56
103 74
115 24
96 36
54 91
9 78
82 110
43 57
78 77
132 64
57 75
88 70
42 20
68 99
86 87
24 79
143 52
141 9
24 95
134 8
12 102
40 69
22 100
94 127
81 92
50 51
87 128
76 143
38 67
110 64
38 27
15 82
146 130
35 36
77 140
121 64
64 13
86 53
57 84
56 125
129 144
125 75
63 28
54 106
129 71
39 37
66 128
143 40
4 40
81 65
5 101
62 26
5 112
87 129
145 89
21 137
54 36
99 85
21 59
101 100
29 132
49 146
100 29
109 36
75 29
148 94
75 40
62 64
61 39
12 82
20 23
124 110
63 107
42 74
96 71
110 43
99 21
5 50
30 86
41 140
39 76
33 42
39 149
124 58
125 39
147 89
6 77
49 132
121 49
80 116
123 44
2 98
22 46
85 84
138 18
78 88
83 58
63 140
130 75
40 96
116 145
131 43
132 63
108 104
59 118
103 139
91 95
77 98
53 131
15 5
71 6
102 91
125 22
138 131
85 31
37 30
32 79
110 4
41 43
22 118
78 69
113 10
103 37
27 6
136 1
12 23
69 130
128 31
95 0
33 25
44 98
116 33
27 40
13 87
103 3
77 10
69 73
106 21
18 94
67 101
87 7
51 29
9 40
54 143
123 12
28 119
56 75
43 46
87 11
0 42
50 56
110 24
61 137
91 57
61 113
45 96
121 118
52 115
141 138
65 54
113 79
126 6
78 49
11 37
84 44
148 82
58 126
40 120
25 49
99 69
147 90
65 59
130 140
132 17
103 57
67 127
51 48
17 1
66 7
103 108
11 43
97 49
95 142
6 148
31 46
8 121
86 23
14 40
24 87
73 5
67 71
49 73
106 131
99 48
111 50
123 89
132 95
118 28
68 136
136 44
89 61
86 48
124 26
145 117
73 13
24 2
41 12
20 28
98 121
86 79
75 61
141 61
75 52
36 98
38 20
66 138
61 65
133 35
23 140
39 40
13 101
123 96
99 91
96 81
57 104
21 34
149 116
74 27
75 96
132 81
111 74
74 6
39 123
85 72
60 125
7 39
86 98
52 62
108 81
63 56
146 33
13 118
17 38
125 15
29 106
7 137
112 127
106 89
73 64
10 98
84 5
108 49
137 135
71 72
138 83
111 46
50 55
68 11
22 68
15 4
46 1
83 64
10 88
17 84
133 46
143 10
24 130
13 145
93 140
51 54
41 32
74 85
2 34
78 40
78 10
107 69
113 79
98 109
136 47
86 87
105 53
1 62
14 48
67 105
74 32
106 107
139 80
148 127
71 125
0 4
144 66
134 37
109 6
110 23
131 24
23 97
17 18
72 50
107 137
117 63
33 32
54 142
125 46
97 51
82 88
93 142
22 77
146 30
91 96
8 103
57 130
116 136
45 73
78 55
4 133
77 107
8 49
43 103
140 50
12 1
134 148
76 52
91 75
123 126
98 130
52 125
31 138
97 57
99 105
76 102
51 102
25 14
110 28
144 37
15 21
69 45
89 28
148 51
104 50
32 95
50 55
65 39
95 141
144 48
76 126
143 101
40 90
60 104
12 60
131 115
32 71
36 106
54 91
112 115
50 95
148 122
71 21
144 64
99 109
33 94
59 139
43 117
133 120
14 81
98 86
85 125
93 24
38 4
129 78
94 56
75 96
116 9
34 99
92 63
14 46
142 132
121 146
122 75
142 107
91 43
31 56
75 14
99 25
6 145
61 86
71 123
32 3
30 87
65 77
99 145
108 5
6 94
52 104
51 31
46 119
71 99
137 118
121 64
74 128
39 1
59 7
71 123
107 63
124 91
123 48
61 143
142 26
122 118
69 30
11 99
7 136
124 82
87 77
141 112
65 64
95 96
108 120
29 85
143 56
116 119
17 40
3 145
49 122
56 46
23 33
144 75
32 12
33 105
128 39
27 32
92 84
141 42
87 14
4 11
57 43
134 123
105 144
74 86
73 50
7 127
59 89
33 92
87 63
141 70
98 75
48 33
129 109
111 3
20 134
62 139
128 30
27 117
116 20
96 137
99 85
52 64
39 83
106 141
91 14
68 74
110 58
90 91
121 149
71 45
131 126
75 89
55 86
142 148
37 51
27 104
77 5
43 100
83 30
107 134
118 21
124 125
51 116
1 99
53 39
0 21
50 89
122 9
83 104
58 68
84 5
100 87
28 134
138 125
32 46
113 65
44 40
97 119
19 91
45 90
19 104
63 106
85 49
125 113
108 57
112 127
126 28
116 30
98 137
120 23
52 87
87 118
73 39
84 61
80 132
123 74
65 4
115 28
86 129
6 51
10 94
41 100
144 65
69 72
47 42
21 10
17 104
53 113
142 127
15 131
14 16
62 112
114 132
21 70
145 3
91 98
112 132
140 2
16 58
108 91
97 60
22 28
54 135
126 54
75 55
16 37
68 61
133 85
27 41
28 92
43 84
67 80
39 51
146 94
147 132
52 17
85 127
117 132
67 89
5 127
80 68
56 41
39 111
46 26
49 123
99 76
49 6
49 61
70 71
21 62
40 91
28 115
51 144
149 50
12 51
57 139
45 50
9 105
76 87
118 18
135 85
145 80
91 87
80 130
18 123
122 23
126 26
67 139
15 36
49 18
125 118
99 49
62 80
70 8
77 91
33 83
10 82
113 56
131 131
62 119
124 28
96 20
95 1
18 107
60 31
69 5
134 45
93 33
133 88
6 93
115 30
53 9
131 28
134 136
25 11
3 106
20 144
143 63
52 25
131 136
36 128
48 96
96 125
90 12
121 126
124 21
134 118
67 36
45 90
68 69
48 116
47 95
22 18
13 34
127 23
90 130
80 58
4 22
10 7
2 94
16 79
52 102
147 1
139 65
14 16
58 103
6 122
93 107
6 138
105 85
114 12
43 70
28 13
135 34
58 32
71 114
60 16
31 37
34 64
59 94
66 114
129 26
26 60
52 88
99 6
89 80
125 41
136 128
8 39
14 22
39 105
25 146
140 37
135 134
87 148
145 6
66 86
108 112
119 9
126 70
0 48
135 132
100 20
61 137
90 103
54 39
78 38
36 146
54 25
83 61
41 54
103 2
75 1
135 99
84 114
53 132
148 84
28 94
105 105
110 95
116 32
34 141
71 40
105 12
103 39
61 138
145 116
147 62
43 40
62 112
131 11
149 118
85 87
9 73
91 120
26 147
0 134
90 112
33 24
8 133
30 89
115 58
72 64
54 110
123 94
91 30
103 100
134 103
121 104
10 88
90 100
15 1
26 116
37 100
18 49
53 87
113 116
48 125
142 52
133 111
34 63
64 58
50 82
100 37
17 52
7 87
80 74
129 1
47 63
27 27
4 96
85 115
136 23
117 135
44 115
31 21
135 51
116 21
66 26
48 95
80 74
49 59
104 110
134 13
30 83
32 137
8 68
18 22
39 96
117 125
147 124
71 20
146 88
36 2
118 23
14 47
85 19
46 35
63 106
107 8
79 104
102 140
95 23
105 118
86 42
50 85
141 94
53 28
97 11
81 144
72 56
102 11
77 76
48 142
38 70
102 147
12 72
16 119
79 63
90 87
132 48
125 28
86 105
121 126
122 129
63 62
38 145
41 72
52 14
30 42
105 25
88 81
46 1
149 61
66 9
141 92
117 93
108 11
96 47
83 21
92 94
56 43
24 90
97 62
80 17
127 91
63 84
126 21
3 100
103 132
78 92
59 17
57 101
104 72
142 60
21 19
75 81
16 9
75 67
80 124
62 79
28 53
127 50
94 27
136 93
99 49
111 37
133 87
52 34
137 123
139 117
86 100
146 63
131 132
149 127
9 118
87 79
97 118
130 68
9 100
149 48
10 113
15 58
130 27
57 111
124 75
106 39
93 14
147 122
16 1
0 142
110 139
114 116
119 148
31 11
15 123
118 28
84 108
130 96
69 106
102 21
2 12
62 31
37 67
146 131
132 132
65 118
85 14
84 2
84 63
142 0
104 101
78 73
83 79
37 19
78 140
121 19
88 57
109 50
115 108
49 96
143 126
134 73
140 100
92 25
59 144
35 103
19 129
138 128
145 104
100 82
126 77
14 144
61 51
122 102
62 53
112 75
37 70
14 26
29 123
55 49
49 97
149 80
140 13
55 134
70 57
5 13
5 141
116 3
21 136
86 114
5 82
58 125
64 29
84 25
80 81
75 14
50 11
101 8
97 145
3 30
80 100
105 102
105 111
70 90
119 122
77 132
72 126
21 116
129 141
96 60
115 76
83 38
58 9
50 91
35 82
113 147
92 73
124 82
136 138
33 125
54 42
132 72
91 36
16 28
112 117
116 100
112 149
126 22
85 100
90 10
84 73
65 25
0 92
44 44
142 104
82 63
68 57
20 85
111 72
128 60
146 134
79 16
36 3
72 132
145 126
88 7
141 23
121 81
108 101
81 27
104 126
62 146
141 143
86 69
47 59
74 138
122 44
114 85
44 41
110 140
50 138
7 98
85 17
91 66
36 78
71 32
35 147
28 118
97 131
42 115
97 129
48 2
95 85
107 92
108 39
2 125
52 112
101 58
146 104
12 108
24 22
119 109
92 135
21 23
91 42
27 28
89 126
60 149
142 48
86 118
85 8
110 42
85 24
105 5
42 135
69 124
55 38
146 2
92 99
33 149
135 101
7 97
107 37
126 89
146 48
32 97
125 134
139 137
147 51
94 96
76 89
2 140
68 12
56 57
102 29
55 98
131 127
15 25
124 98
131 134
62 133
57 109
1 143
35 135
33 54
78 89
134 51
117 1
37 24
97 8
74 41
5 32
86 141
0 102
73 25
4 143
37 36
78 140
117 51
144 121
83 82
108 121
77 115
97 105
19 71
77 100
64 42
109 66
54 62
72 46
71 106
47 109
108 44
63 117
85 147
69 59
125 68
36 86
32 31
131 38
58 102
94 128
111 127
85 122
94 107
19 4
56 69
102 127
135 108
41 3
30 145
53 107
47 128
111 110
61 6
76 28
92 132
129 7
77 104
83 3
71 26
66 145
139 6
106 143
38 103
74 47
6 89
52 69
52 130
119 138
147 74
5 146
50 142
29 35
92 60
130 65
3 143
62 35
135 76
38 74
45 108
52 137
121 64
129 136
86 43
34 64
19 72
34 121
136 16
90 104
98 14
31 63
22 139
85 106
128 107
13 101
52 101
7 61
109 74
3 99
34 92
47 139
113 127
139 61
111 42
125 108
85 3
147 76
101 126
140 6
31 5
122 20
9 39
115 49
147 97
16 51
23 91
58 116
76 143
34 18
112 17
8 39
126 96
132 132
21 127
45 2
87 2
107 75
18 31
67 32
27 71
32 63
63 119
110 58
6 110
92 64
45 117
136 5
47 14
141 32
127 61
101 108
16 127
1 91
97 94
26 5
59 144
20 143
34 103
117 113
78 142
30 30
107 112
107 112
122 87
116 101
56 65
76 87
84 93
7 128
82 24
31 75
82 130
5 75
78 8
113 83
13 48
62 95
91 37
93 96
41 105
104 12
25 118
87 83
7 43
129 128
102 95
58 9
82 72
99 92
107 63
59 84
11 87
7 75
52 50
140 136
31 78
84 79
38 32
100 108
123 59
32 77
115 9
74 5
145 11
143 131
65 138
149 92
128 73
27 81
18 66
27 12
145 112
138 75
58 112
131 2
124 44
5 80
149 48
22 79
31 143
127 133
124 54
10 88
14 90
77 87
68 26
123 10
125 69
117 79
43 70
38 77
110 12
125 111
65 99
117 67
130 74
26 26
102 143
31 9
141 78
25 102
68 116
82 45
56 140
114 149
44 125
86 145
2 64
145 3
76 11
75 145
14 18
114 19
122 127
54 149
147 142
0 116
59 67
70 27
3 124
8 126
3 36
13 143
52 125
19 128
48 4
75 104
41 29
115 136
92 56
146 104
21 10
41 2
48 149
147 55
110 46
47 115
82 88
116 5
40 142
119 13
82 101
62 68
27 51
64 110
5 34
64 142
48 60
95 62
97 144
75 113
111 87
25 134
16 130
125 62
3 111
109 121
120 28
95 54
59 14
61 74
12 113
97 11
65 21
0 77
149 69
26 139
83 96
33 66
37 132
40 59
141 45
90 8
102 10
100 87
76 82
117 98
59 50
90 6
117 27
23 115
18 89
124 25
54 14
7 135
91 29
66 67
64 77
3 106
13 31
31 109
149 58
9 16
39 100
76 42
42 61
19 126
45 85
0 80
118 118
141 80
27 102
28 93
129 59
22 111
123 16
47 145
86 110
101 61
18 41
99 81
132 59
81 35
51 95
41 118
127 51
63 77
86 57
50 103
65 98
53 46
27 12
32 134
35 67
77 53
71 97
61 121
103 9
80 132
20 49
126 62
80 69
88 8
78 140
63 7
9 132
31 104
15 105
127 0
71 34
5 47
46 64
132 100
85 27
84 28
87 46
139 54
104 133
95 56
11 140
78 54
102 15
18 82
81 32
37 118
63 92
68 11
58 94
16 62
8 96
36 109
0 56
2 38
17 134
132 83
106 26
13 65
141 59
59 16
126 54
29 107
67 67
122 109
20 46
102 30
105 112
64 91
138 104
28 63
114 17
68 94
87 85
20 117
142 67
85 47
87 135
0 65
78 88
122 138
20 120
67 76
70 36
72 141
4 30
31 31
56 27
67 102
140 64
63 115
118 139
81 18
84 10
43 98
104 117
100 123
28 74
96 6
144 81
50 28
117 71
125 23
117 64
78 138
109 5
149 117
5 35
34 37
23 10
148 51
41 48
54 127
127 120
14 127
146 102
148 86
20 111
1 35
68 46
148 55
49 85
22 129
51 51
12 132
94 66
120 57
71 48
22 26
94 131
96 49
100 125
54 121
61 109
53 101
48 66
51 96
63 140
107 79
37 50
115 32
98 135
16 25
116 61
22 76
14 115
36 97
126 142
65 109
46 14
117 130
95 99
98 93
68 88
149 124
119 38
31 21
48 121
130 18
101 6
62 27
40 74
75 87
33 73
44 70
149 88
58 37
120 91
13 114
28 73
120 15
24 74
107 119
73 28
15 72
139 137
91 98
148 50
9 141
59 28
46 35
16 33
0 121
96 38
121 85
44 147
109 129
58 67
47 146
128 141
91 137
72 16
65 104
15 91
48 95
125 101
90 33
146 100
69 29
25 94
105 109
32 30
56 134
142 98
50 41
11 133
17 101
33 90
92 16
7 79
30 119
38 97
18 122
81 23
62 66
98 17
114 125
3 53
58 49
70 26
27 143
76 117
32 111
33 13
57 72
132 143
94 20
39 67
145 149
0 112
14 71
139 90
1 40
15 16
90 93
4 45
66 24
116 86
130 59
43 72
142 22
25 134
104 103
89 116
55 134
144 11
35 64
79 98
124 138
32 132
133 57
77 48
116 1
84 143
7 56
100 76
147 25
13 112
52 96
55 144
113 84
113 77
88 21
50 130
147 80
138 82
119 135
117 11
19 13
66 78
35 71
127 78
44 144
129 71
77 71
114 72
61 23
27 139
55 118
83 104
41 106
139 32
55 38
53 111
92 95
51 95
105 65
122 109
89 39
74 110
75 51
43 149
127 12
35 14
147 0
126 9
94 77
77 1
106 142
48 77
66 102
35 16
46 82
63 38
26 55
24 18
34 149
127 147
53 0
140 99
68 20
142 15
47 146
11 57
41 1
79 63
45 111
11 67
2 32
103 109
115 107
138 90
131 41
122 124
104 97
5 127
137 88
97 130
88 144
128 75
1 29
12 84
35 104
145 60
2 58
78 106
132 2
106 26
73 22
122 31
17 127
66 16
34 51
34 124
129 108
32 26
131 117
53 141
83 88
70 49
18 65
50 88
42 100
140 78
52 85
76 118
92 86
85 52
57 134
128 10
148 53
3 97
149 81
64 146
27 80
55 126
32 58
146 97
135 35
35 39
99 6
47 117
133 138
22 114
133 8
56 102
126 73
24 27
119 133
142 113
100 45
85 112
95 14
6 36
21 85
127 66
3 72
31 35
18 91
88 80
80 99
21 90
143 21
2 82
19 91
26 48
77 83
83 90
139 82
111 13
125 2
2 124
66 20
70 18
98 69
56 48
90 2
110 44
19 9
62 127
70 24
39 34
17 144
26 31
96 22
101 39
94 58
115 98
14 46
8 58
96 110
6 143
23 123
147 33
50 134
142 77
98 10
45 73
72 121
89 132
138 133
43 6
75 77
49 43
145 31
40 108
134 95
115 12
131 66
22 107
53 67
47 10
105 13
121 29
101 86
129 55
146 130
101 137
113 63
55 149
44 138
129 60
39 35
4 50
19 85
116 37
56 55
70 86
6 36
12 29
128 138
69 17
149 121
92 55
135 54
7 65
14 141
20 82
104 73
47 21
8 132
41 99
11 106
56 29
134 17
3 92
131 133
20 102
54 51
61 94
58 86
41 39
7 81
106 144
90 50
13 38
73 115
54 5
132 141
125 112
100 99
111 116
121 135
40 21
15 129
98 84
60 125
71 70
15 96
69 122
57 61
111 78
38 16
84 148
36 139
53 146
25 11
30 30
145 47
41 132
91 129
121 134
110 83
46 132
143 64
5 113
135 31
99 44
78 101
85 5
75 48
72 67
129 48
70 119
57 17
145 122
104 85
147 103
25 112
114 0
95 98
16 106
13 102
31 103
134 121
66 75
128 4
142 134
75 46
63 120
78 148
71 27
148 13
55 133
53 10
62 95
106 129
102 53
95 11
38 83
35 107
70 33
113 143
27 53
79 0
21 119
82 32
45 141
110 15
114 107
27 79
136 142
15 26
16 34
138 20
50 55
81 49
25 74
124 39
107 73
24 132
7 34
99 111
34 139
25 137
147 116
69 103
97 75
134 79
58 78
82 16
5 130
44 20
22 15
116 24
64 141
80 79
123 125
72 149
146 71
18 4
91 10
2 23
105 19
84 46
16 56
124 23
39 99
6 2
3 92
73 137
5 118
55 38
33 148
64 111
62 45
57 98
94 37
88 147
148 91
14 40
59 52
32 40
27 128
147 105
149 102
124 120
58 122
102 33
33 45
12 103
85 37
65 48
135 4
57 48
99 23
42 14
51 54
17 126
137 134
96 46
6 50
68 126
99 146
43 5
114 69
70 32
93 29
49 22
88 72
71 91
36 13
34 143
11 87
140 64
10 62
116 22
62 57
125 139
20 53
149 84
135 137
124 120
51 59
85 57
44 125
2 117
46 29
118 115
107 58
41 69
124 70
65 108
94 124
63 108
97 125
136 71
145 39
128 133
14 9
42 140
12 44
9 56
64 109
140 49
120 110
103 92
57 82
41 102
63 17
65 124
76 5
129 101
84 119
48 75
126 138
147 129
46 6
75 67
76 88
89 119
126 116
14 98
94 75
8 129
141 136
83 4
28 70
17 75
28 57
123 131
121 24
146 149
73 64
114 110
45 31
101 12
54 100
55 141
123 28
75 144
140 41
52 24
96 62
27 11
31 82
11 17
128 137
124 78
74 110
41 130
120 52
79 59
41 49
19 92
36 120
15 47
123 132
62 75
37 69
38 83
107 74
24 113
148 99
122 32
5 111
67 135
44 71
50 16
73 84
134 67
142 137
31 55
8 34
56 30
101 27
75 11
80 101
14 100
134 8
99 15
107 109
120 149
49 39
112 131
90 88
56 138
97 64
127 49
112 87
123 7
5 52
140 126
116 30
33 12
1 25
61 26
84 146
121 138
102 27
82 91
43 80
76 0
21 39
98 20
73 61
95 26
102 138
75 130
77 56
139 111
86 94
16 37
43 41
31 33
113 116
56 89
148 45
35 11
71 73
91 55
108 75
85 70
54 104
42 149
77 60
92 97
103 98
114 18
21 53
10 122
86 55
118 147
89 104
148 41
78 104
95 95
60 147
86 76
5 39
97 98
124 25
63 83
125 70
128 15
33 67
88 110
29 53
83 148
112 37
89 41
88 73
6 61
98 103
60 52
35 71
121 148
66 139
37 92
24 62
102 68
119 138
72 60
130 145
23 132
40 22
0 130
139 55
118 69
24 25
50 39
21 131
56 41
41 8
66 126
92 41
15 114
113 124
109 77
48 19
33 1
132 20
39 2
9 94
139 45
125 65
21 127
45 21
50 50
88 146
141 20
33 147
108 40
25 16
140 146
132 127
84 26
29 53
140 31
139 117
76 116
5 53
18 42
30 58
80 42
46 74
120 33
32 17
93 104
84 115
103 147
50 17
27 109
18 35
87 29
67 74
112 24
86 26
45 24
121 6
56 2
3 103
138 14
58 149
130 139
99 13
145 32
47 1
145 11
132 100
149 37
89 119
26 66
122 142
112 75
146 116
46 68
122 36
84 101
138 44
58 83
23 46
52 134
120 106
8 125
85 7
0 4
75 98
132 49
110 36
43 144
115 142
117 91
93 112
39 27
100 80
95 99
137 97
80 105
56 130
122 56
124 80
139 34
59 146
23 133
33 73
111 70
72 35
95 147
132 126
2 64
75 110
97 37
114 84
92 9
60 17
127 79
139 105
57 93
128 16
105 94
88 119
2 23
93 36
49 104
12 70
44 69
64 124
54 113
48 20
60 73
124 126
95 5
32 147
130 146
17 27
60 69
110 145
116 118
48 114
68 64
70 8
88 94
70 3
119 60
11 140
134 40
22 33
72 4
85 62
20 43
60 37
42 29
103 84
57 71
5 92
70 21
86 24
128 105
86 137
75 7
39 84
144 149
127 106
52 48
106 124
74 62
11 85
113 28
65 96
41 129
43 77
107 135
23 19
53 139
79 76
123 88
40 81
120 138
116 134
147 86
104 97
13 93
63 106
134 83
127 144
129 39
46 16
34 85
40 87
19 61
42 98
115 102
87 129
129 40
33 135
87 16
78 72
85 82
9 41
19 136
129 118
127 89
104 139
127 26
149 121
93 91
8 45
49 81
13 136
16 77
62 106
100 59
41 48
122 139
102 137
22 96
145 92
7 116
31 76
124 117
80 135
10 97
50 88
18 85
38 137
11 11
74 21
40 101
108 41
59 116
108 140
9 63
23 67
134 121
78 21
85 27
126 24
107 13
76 71
79 80
26 139
41 78
116 101
65 96
149 47
130 55
74 85
42 37
82 127
68 40
66 109
140 108
76 47
11 73
137 66
75 49
86 49
14 76
49 143
129 134
47 119
112 38
115 128
31 103
106 141
83 51
48 9
36 27
126 56
8 143
105 41
32 63
88 40
122 85
22 115
80 52
105 68
136 68
57 111
146 96
64 86
105 131
36 40
96 119
52 65
73 111
103 22
26 64
24 69
135 115
5 148
106 32
16 82
66 66
71 58
26 78
25 71
80 22
94 38
91 32
35 95
72 32
14 29
147 32
115 17
134 105
23 100
79 5
2 120
50 23
7 42
35 98
118 39
111 49
0 86
42 9
98 22
111 45
64 140
45 51
52 142
138 51
8 58
94 106
139 116
29 63
102 147
110 111
108 66
134 103
32 57
39 110
27 5
42 111
18 109
83 126
62 34
134 101
63 85
27 16
22 37
35 108
134 41
148 145
117 90
115 51
112 13
50 28
31 3
121 84
76 90
23 91
15 22
139 28
11 11
21 89
117 141
136 100
137 95
55 45
37 110
117 122
11 36
113 95
45 88
45 100
13 7
80 140
85 96
136 108
0 6
144 51
114 123
121 58
85 18
47 89
49 17
88 28
17 53
31 71
36 61
101 84
42 146
19 87
52 133
90 114
125 46
142 132
62 105
40 49
115 69
23 74
95 103
148 63
94 53
116 40
34 113
0 120
71 104
101 137
19 110
58 12
28 43
70 21
4 72
60 148
142 73
23 96
117 125
132 134
103 127
103 77
112 62
105 38
73 19
7 138
98 96
7 126
88 56
128 126
121 134
38 142
41 52
21 35
132 85
47 83
124 52
10 67
67 16
97 71
29 95
106 48
139 114
63 64
18 141
47 48
60 90
34 136
59 102
93 118
2 118
1 5
83 93
50 64
25 22
58 132
17 50
18 25
103 65
144 58
38 110
89 83
100 8
147 124
103 17
94 100
110 138
25 31
104 8
149 49
124 55
135 15
70 57
148 48
78 86
73 0
73 68
83 47
19 72
109 117
26 140
5 55
34 30
127 5
78 69
123 69
97 42
139 94
94 143
17 111
121 83
43 2
33 12
110 82
130 102
55 135
43 125
85 80
139 70
6 115
83 124
76 109
143 4
40 34
3 116
29 52
123 41
97 1
137 55
105 65
124 73
52 75
80 26
7 70
20 127
139 62
51 113
99 13
74 97
6 99
5 126
50 72
60 130
108 85
91 57
127 42
103 70
135 138
21 42
27 63
147 49
28 100
19 20
105 15
148 34
77 82
57 127
87 31
131 86
137 78
30 83
66 96
51 141
6 128
138 15
45 44
23 12
71 120
147 3
126 39
149 121
10 11
96 20
75 125
11 138
134 54
130 124
88 43
47 137
70 22
58 103
38 121
123 147
90 124
79 7
99 76
53 66
88 64
94 63
52 142
101 30
109 73
90 20
44 136
140 55
105 67
137 66
87 15
16 7
120 18
12 137
23 135
63 31
42 54
72 26
85 103
84 119
110 149
149 75
132 137
47 126
48 78
93 89
32 9
110 145
44 90
25 75
85 28
91 38
43 143
38 13
80 102
105 15
10 16
130 38
55 85
52 130
92 116
58 88
10 30
93 7
122 4
55 29
56 93
47 73
118 24
26 98
58 120
126 55
37 55
85 48
14 94
37 6
67 39
85 17
133 123
39 4
73 91
62 43
4 109
112 127
106 19
92 52
130 1
134 21
38 149
141 69
89 115
50 64
149 140
52 119
30 128
144 121
143 100
81 28
142 137
104 39
118 108
100 36
113 28
87 38
73 9
69 58
19 132
21 114
17 114
39 95
26 81
48 113
106 36
101 53
11 112
31 44
101 51
109 93
77 55
79 114
118 89
140 5
29 37
119 104
38 91
69 64
67 91
117 109
54 19
113 142
144 24
36 69
144 6
130 83
149 78
78 106
59 62
73 12
97 10
97 5
88 60
19 108
89 60
129 124
82 52
20 130
66 116
89 38
90 65
69 109
38 46
108 146
88 11
10 141
101 128
30 83
6 108
28 84
97 20
87 67
132 24
131 64
131 78
21 97
54 127
53 108
148 82
17 0
39 131
93 136
149 59
45 6
47 65
82 97
144 125
121 94
39 99
22 61
119 90
11 26
124 102
85 96
69 32
76 78
0 9
100 101
143 139
42 2
102 19
11 107
35 54
47 96
8 132
90 72
142 77
27 106
128 114
113 134
63 11
54 103
100 19
76 118
64 130
132 70
51 89
119 36
133 14
107 44
50 52
75 122
78 82
107 32
142 22
14 105
139 59
91 148
24 72
66 7
38 52
110 136
19 61
65 91
9 85
111 5
118 110
72 20
37 140
114 71
114 55
0 83
97 126
15 99
21 130
125 31
145 93
60 7
92 12
48 47
14 73
14 61
43 52
89 98
32 121
131 127
44 105
116 38
16 46
92 19
96 20
143 32
108 36
113 71
115 41
12 137
13 30
82 44
124 90
44 20
10 64
42 126
82 21
48 69
42 107
83 87
82 20
11 141
86 88
26 93
7 141
3 89
70 67
142 11
132 46
4 32
106 116
56 59
147 54
75 58
142 70
23 84
32 10
81 80
139 33
15 13
69 106
15 36
140 137
58 92
76 67
74 30
50 143
37 15
22 79
93 11
32 87
4 69
22 139
137 81
104 56
19 130
75 111
0 101
3 124
7 32
98 144
125 34
39 52
127 67
26 19
39 135
61 135
61 32
133 54
22 69
133 95
114 6
28 93
13 61
73 80
23 75
63 92
24 95
5 78
60 94
5 106
67 126
121 92
66 29
66 20
91 102
128 58
129 87
63 129
43 55
71 89
30 16
78 89
119 70
76 110
136 3
76 82
88 29
24 148
72 49
138 45
149 138
33 57
69 97
37 145
18 40
69 143
121 143
34 30
36 122
72 100
78 76
43 147
65 110
97 26
129 102
114 115
47 62
8 81
12 143
135 111
46 138
64 144
73 66
78 78
63 99
110 124
56 77
25 17
94 128
1 28
116 138
113 70
48 14
8 16
4 61
109 48
105 114
120 72
149 22
33 45
51 76
10 71
20 32
147 126
77 61
145 32
51 107
111 3
139 101
10 23
105 68
107 121
42 118
121 14
55 27
92 137
117 105
102 58
120 66
82 39
119 7
58 15
74 134
107 49
98 12
8 81
69 99
96 78
79 56
59 25
59 110
59 132
29 76
14 122
65 89
24 61
141 14
100 140
83 85
1 31
124 95
61 17
87 30
105 65
17 95
91 42
100 37
122 109
95 91
63 58
1 135
83 65
60 78
108 135
100 99
21 5
66 123
104 70
33 38
118 141
125 3
145 83
50 56
146 16
143 70
94 143
35 88
121 136
43 52
4 7
62 54
140 136
86 107
37 80
22 132
54 63
71 130
15 141
115 121
110 93
60 119
84 23
31 136
145 60
110 121
113 3
110 115
105 25
25 81
33 112
89 39
25 46
62 118
147 61
18 16
144 7
64 114
108 98
47 68
55 44
103 0
126 49
145 13
15 37
25 80
46 111
22 128
101 132
110 37
112 73
104 91
103 81
34 78
145 134
109 93
1 8
106 65
115 29
122 23
69 20
139 93
77 22
138 30
83 142
14 131
48 122
72 28
128 1
135 149
34 15
63 56
0 126
21 91
35 103
67 8
74 22
119 108
51 101
63 110
7 144
6 133
64 79
20 42
79 117
111 107
71 90
31 112
115 108
10 85
3 111
71 57
97 138
143 107
43 101
90 143
128 74
11 71
82 135
118 97
43 45
54 72
60 80
111 55
10 123
91 94
136 107
0 33
41 97
82 64
18 91
40 39
0 1
94 45
81 110
124 78
122 28
51 70
19 43
40 62
16 112
41 127
104 129
53 104
54 130
145 29
25 81
47 138
37 24
80 95
82 144
49 111
5 52
136 50
57 70
124 127
100 80
134 106
65 146
82 60
82 126
37 6
3 8
77 137
140 125
61 148
61 128
79 51
146 82
126 116
97 75
6 81
131 3
81 149
128 49
14 44
144 119
63 85
131 140
104 83
99 118
108 94
64 109
69 101
32 109
45 101
144 130
108 34
136 4
23 145
87 121
47 7
33 0
65 16
15 84
88 44
130 72
126 31
60 71
44 95
107 62
81 118
104 2
137 18
2 19
0 75
128 148
130 70
83 22
136 58
140 83
40 8
43 54
93 148
136 112
118 89
71 42
103 111
98 82
9 104
141 74
119 24
37 46
76 66
149 143
38 123
99 89
125 63
6 18
23 97
93 60
107 100
117 82
85 29
133 24
113 65
57 104
64 39
114 133
77 42
73 116
97 108
49 36
87 12
87 107
46 93
65 72
39 5
47 123
90 82
143 135
26 128
76 33
94 62
15 63
45 53
65 68
5 12
79 72
104 70
76 85
131 145
105 43
135 130
44 103
118 15
29 26
75 132
15 141
134 57
116 145
103 107
75 127
105 86
74 90
133 40
8 105
1 86
55 60
146 27
106 60
138 71
57 36
81 53
132 99
140 49
145 120
120 126
96 53
85 98
120 103
135 51
79 82
34 101
134 8
64 14
71 63
123 10
4 136
94 118
120 93
36 108
92 96
1 133
13 66
13 91
146 9
71 8
88 23
66 57
79 104
118 110
142 74
34 5
123 10
39 34
116 110
131 4
59 25
78 99
62 3
73 46
5 47
48 90
60 85
71 112
113 45
65 97
46 54
96 105
94 66
54 10
68 132
123 14
63 16
123 8
71 118
21 24
42 118
98 108
1 106
103 67
67 44
16 70
100 15
145 15
48 61
120 134
64 22
139 46
87 106
39 44
124 41
114 81
136 101
60 99
70 84
60 120
75 8
73 140
110 146
134 112
57 140
18 45
144 43
148 144
21 100
75 105
75 111
13 57
115 139
76 50
55 82
57 25
147 78
31 56
15 85
82 40
149 25
146 18
15 50
94 63
99 3
83 42
55 51
60 87
141 149
12 2
35 82
148 145
135 64
116 49
124 21
52 77
65 57
93 54
42 107
118 148
143 95
104 117
135 47
32 65
114 110
147 148
95 42
138 91
107 6
62 61
102 109
59 47
86 138
78 104
128 58
82 117
103 95
107 125
10 125
100 132
138 115
86 137
35 101
9 10
26 109
136 128
132 35
127 66
74 67
99 15
95 59
134 100
120 139
47 100
16 112
28 84
55 87
140 128
126 80
45 54
46 23
69 13
80 55
70 95
93 87
46 132
23 73
43 66
31 13
144 76
92 148
122 148
140 64
139 72
92 6
80 60
147 136
94 17
48 10
111 57
61 63
147 118
136 99
97 84
143 41
37 105
102 37
132 74
75 34
29 14
1 123
29 18
131 83
11 10
101 132
127 51
110 54
138 69
0 70
110 114
120 148
134 138
45 4
84 93
37 98
7 133
69 115
144 89
57 124
13 26
85 58
87 56
147 98
68 69
21 60
23 148
119 135
47 11
116 33
12 116
80 22
38 94
22 21
77 69
95 135
22 67
73 107
45 25
99 69
63 136
120 110
24 18
123 104
60 97
134 42
51 44
11 54
114 56
33 19
127 135
126 4
144 131
32 122
11 76
85 24
40 28
5 59
83 51
94 62
93 20
75 25
68 9
125 83
104 135
7 117
19 129
46 20
47 95
74 16
33 67
131 122
110 27
66 51
78 111
144 9
100 83
78 117
143 22
11 61
58 94
125 1
3 145
13 54
39 94
47 28
48 0
78 124
6 103
125 144
15 146
13 22
135 23
109 35
2 135
29 127
74 72
145 109
41 89
13 90
38 119
0 92
122 139
131 115
32 107
41 36
123 57
2 38
56 93
145 99
88 14
95 148
33 101
76 124
109 87
87 58
38 65
124 47
112 119
50 4
113 71
57 81
39 54
111 18
117 96
25 128
131 4
104 71
43 66
62 46
36 60
18 38
124 68
67 103
142 5
87 82
99 94
130 128
145 113
120 96
115 21
36 87
73 112
108 97
4 81
80 138
147 51
50 116
62 49
59 109
29 22
133 92
107 19
46 106
137 87
65 61
44 103
58 45
41 87
8 54
46 0
127 40
80 7
26 111
116 11
50 79
80 39
60 57
11 147
34 37
23 70
95 39
13 56
8 63
38 54
133 19
124 100
109 9
27 123
53 68
90 52
9 124
26 38
25 124
109 42
141 95
82 106
92 13
47 103
13 148
90 78
32 35
116 145
104 114
8 88
46 31
44 53
30 82
141 43
106 46
116 79
139 56
136 59
72 121
50 89
79 126
27 15
0 125
136 124
86 138
129 26
24 138
143 141
37 104
122 27
145 80
36 42
105 91
14 114
12 114
20 38
109 117
73 21
64 21
37 107
3 5
85 100
54 8
93 30
123 50
141 12
126 115
35 148
114 134
126 28
49 111
40 75
2 21
19 55
65 20
99 50
87 23
126 91
29 149
49 67
3 146
84 87
126 8
108 56
119 111
70 128
132 73
55 38
132 90
27 109
38 129
2 125
144 20
135 101
115 135
74 105
54 77
125 65
99 44
62 140
36 36
121 149
55 82
122 45
129 58
110 29
40 128
97 129
38 68
77 145
55 70
66 49
134 61
67 36
100 38
10 106
65 40
13 109
115 122
136 68
80 73
93 71
101 28
27 125
116 117
86 66
29 74
138 50
23 99
124 24
110 57
142 10
113 23
29 131
29 128
53 45
60 145
118 58
136 29
128 40
84 124
39 44
11 67
74 58
39 5
9 61
27 146
68 92
10 11
62 128
8 61
5 77
46 133
42 71
40 82
15 119
83 81
93 5
37 130
2 120
54 81
110 19
85 99
56 149
47 51
13 100
142 107
96 125
26 107
46 93
90 26
126 114
31 34
130 12
117 117
99 109
6 131
20 99
76 32
87 12
47 86
57 36
22 58
135 60
63 131
110 127
26 50
70 117
28 8
119 125
146 1
42 54
34 3
94 4
20 50
21 50
91 142
90 106
112 61
72 44
97 115
60 65
119 6
10 5
51 27
88 54
71 131
67 122
43 92
129 144
21 19
57 87
64 60
16 132
126 140
19 25
63 18
90 106
54 62
84 78
137 134
112 86
140 52
75 14
50 30
134 127
114 16
124 114
140 120
23 91
42 105
75 3
127 18
81 137
133 113
81 61
93 118
47 25
43 24
47 97
108 122
46 52
40 140
10 40
56 117
44 132
58 50
122 73
50 1
38 148
107 56
91 27
83 82
2 94
118 12
78 120
130 45
125 6
146 123
19 53
103 8
64 96
123 51
51 55
8 94
89 138
136 50
139 71
41 69
76 8
114 98
132 25
34 119
73 14
18 91
41 129
67 50
94 140
38 0
71 27
80 67
102 125
23 26
134 26
100 50
118 136
55 90
24 97
124 21
147 65
109 31
109 115
132 46
59 72
121 87
8 88
32 64
17 120
128 110
77 128
96 89
65 120
59 19
127 47
46 58
25 32
94 144
45 138
46 35
33 0
32 34
110 0
82 46
142 61
66 101
30 94
11 10
82 28
48 8
106 89
72 69
96 64
33 69
3 16
30 87
72 40
63 140
143 17
112 131
49 17
4 73
111 37
110 126
65 3
73 103
93 18
123 32
13 108
61 88
127 75
79 129
67 145
107 91
8 80
47 128
133 127
14 27
16 138
58 115
17 20
139 48
119 38
2 103
81 90
129 106
114 50
26 44
65 83
31 99
125 6
82 110
45 120
6 91
50 15
48 87
140 138
82 94
83 94
149 120
138 74
11 15
80 135
77 34
94 110
23 95
137 142
47 143
39 136
9 27
37 110
5 0
18 64
92 129
130 54
35 31
6 102
113 101
73 109
9 18
18 0
127 144
70 149
7 34
47 15
29 95
142 26
30 111
55 140
4 118
60 61
51 71
7 69
106 32
39 19
19 113
59 80
115 24
136 112
11 136
70 53
42 2
55 27
149 144
83 94
140 8
18 52
91 0
4 12
72 65
142 9
57 97
66 98
116 78
9 138
1 78
99 44
77 110
18 67
17 33
90 64
107 130
15 17
109 13
71 11
73 142
119 31
113 26
74 121
132 88
105 37
74 18
116 29
121 130
50 72
94 41
116 71
145 83
38 94
62 62
127 120
67 7
147 93
120 76
122 51
97 93
107 124
88 83
144 80
66 91
14 1
87 125
50 26
107 102
46 76
54 84
68 19
70 36
62 39
58 94
112 101
84 24
50 47
71 111
69 98
1 78
90 4
5 20
73 62
36 80
68 53
99 60
134 55
99 98
82 86
2 107
23 111
83 138
7 31
106 12
1 131
97 134
118 124
136 54
28 102
116 57
79 54
98 131
103 31
117 129
90 107
87 68
103 64
11 57
35 5
115 140
124 33
65 77
101 3
139 73
117 10
87 73
51 114
52 33
72 57
28 138
2 115
144 130
7 21
11 66
108 65
83 87
115 43
24 10
103 129
3 49
49 138
3 92
27 26
103 134
118 87
32 76
45 7
112 91
29 91
93 54
86 8
46 80
98 100
106 128
97 28
68 61
60 111
48 59
67 9
64 76
120 18
74 149
135 132
110 59
81 36
45 37
114 51
113 137
20 29
115 43
45 19
14 89
39 99
149 42
13 31
89 129
140 90
132 65
79 90
68 100
45 125
124 0
83 33
53 142
12 7
6 122
42 13
33 59
132 7
60 64
126 61
29 25
142 138
95 50
43 38
86 148
68 38
93 49
119 91
131 76
130 113
121 147
122 144
35 143
111 89
119 84
142 32
80 7
147 138
54 11
103 30
11 88
10 74
53 147
146 48
98 78
33 109
27 61
82 102
141 129
41 81
122 146
16 117
18 133
4 8
39 21
32 5
106 97
83 60
105 65
116 131
124 26
59 118
8 131
112 124
4 58
149 131
89 82
126 63
69 60
23 91
106 83
55 137
13 118
81 70
36 86
22 55
105 17
60 86
4 109
143 111
137 24
126 64
17 136
13 25
58 67
119 65
16 132
24 6
125 24
46 83
76 1
11 81
60 75
91 91
114 122
138 133
105 71
53 124
6 122
122 79
40 94
69 138
91 28
120 71
115 123
115 95
4 123
143 92
147 103
99 28
87 119
19 100
53 140
88 77
114 52
107 95
149 29
92 126
30 44
51 140
111 49
41 122
89 80
54 129
44 72
102 105
124 10
24 139
93 126
69 108
37 126
125 21
62 10
6 108
144 106
108 145
139 88
141 88
116 13
14 39
101 130
95 48
52 108
143 107
75 3
45 76
2 62
134 10
15 141
120 131
53 87
117 124
113 141
50 56
103 10
22 85
13 85
36 113
96 54
66 41
42 75
34 71
70 99
6 3
121 108
19 15
9 112
100 39
35 17
5 53
125 123
60 139
39 32
108 147
133 10
16 100
53 29
77 107
123 24
14 13
56 72
117 40
25 39
78 74
73 37
53 5
26 73
136 56
13 77
125 94
95 8
87 62
28 127
62 18
81 113
68 2
23 35
142 106
95 25
61 102
97 69
80 41
92 3
45 55
79 140
89 121
105 102
49 31
66 105
2 87
76 102
67 145
52 138
65 1
52 82
128 123
106 118
23 81
138 58
135 133
70 17
144 147
54 144
36 47
118 116
24 114
93 1
22 137
109 36
100 64
141 56
106 58
20 138
126 112
88 16
136 119
113 91
127 13
128 80
94 111
37 49
51 17
28 117
5 132
37 58
77 43
109 25
6 99
66 48
61 17
22 86
31 96
84 67
49 122
21 33
102 89
15 87
17 68
62 66
69 6
71 145
35 75
42 110
103 89
148 58
22 72
95 75
112 137
60 147
54 12
66 79
64 122
71 97
94 106
49 106
93 147
50 66
60 5
129 94
6 28
131 30
57 66
13 43
145 3
49 70
32 117
29 147
133 122
10 141
141 50
111 25
4 82
48 30
11 40
51 49
137 1
110 25
82 46
138 118
146 130
121 73
38 48
74 88
35 28
98 133
41 82
102 40
29 85
141 31
16 137
40 16
52 145
101 76
99 81
84 83
21 133
123 31
121 93
70 119
110 44
37 110
89 8
22 86
69 50
134 117
123 129
134 11
134 17
89 145
2 38
95 72
77 91
76 6
44 19
85 142
54 62
129 92
97 51
41 35
51 106
27 59
79 41
72 120
111 43
77 69
122 31
38 94
70 82
54 59
35 22
136 56
98 90
24 20
77 86
84 55
80 55
90 30
139 78
38 34
130 22
140 37
32 30
80 54
81 45
142 54
6 14
145 74
72 146
59 100
60 22
8 102
24 28
118 96
8 32
89 104
115 104
119 17
15 64
89 81
17 64
10 145
84 10
137 7
67 10
44 143
149 24
113 81
53 82
92 141
53 32
8 92
8 62
103 21
92 29
130 10
125 71
124 81
56 28
60 146
116 120
30 35
21 80
103 48
83 132
12 109
78 136
143 129
13 108
147 96
95 120
94 148
104 116
128 30
85 14
60 43
106 98
71 43
52 107
26 110
94 22
22 74
10 106
149 25
94 147
122 83
64 92
74 120
112 19
56 26
98 77
96 89
121 102
8 3
49 141
124 77
125 145
118 80
86 5
113 78
51 49
78 89
32 73
135 6
148 140
146 76
37 134
9 105
87 50
86 61
65 97
65 73
29 10
68 142
5 97
17 112
54 43
130 111
5 47
33 60
109 18
144 79
81 115
61 136
93 33
57 54
62 79
80 149
40 70
114 89
24 17
53 124
64 122
127 76
58 41
23 41
49 129
115 23
29 7
1 72
139 60
138 126
17 124
42 146
50 90
116 86
18 6
5 111
142 120
145 149
111 54
96 119
77 113
142 59
69 112
21 25
118 84
97 5
80 97
76 3
49 32
117 112
35 143
33 93
104 87
108 101
133 123
88 122
29 123
31 86
4 41
92 23
104 5
72 105
24 113
142 50
93 132
133 9
52 123
136 65
84 79
104 23
51 99
5 35
113 116
73 55
132 105
137 52
86 77
112 82
52 25
122 29
0 14
44 123
91 72
112 108
67 48
123 77
9 73
42 101
27 145
111 93
17 58
42 16
131 117
125 27
36 148
124 124
12 69
148 136
39 77
142 71
148 66
56 59
2 144
100 136
120 122
0 55
74 97
87 29
117 119
45 98
34 10
94 105
139 16
70 61
32 107
9 134
93 48
20 12
14 52
42 10
42 109
17 75
22 115
147 31
57 44
78 67
140 25
48 98
31 65
141 114
26 138
49 125
1 95
114 113
108 70
145 56
73 2
57 64
110 14
18 145
14 78
101 29
139 55
111 44
147 32
113 53
25 121
9 77
148 38
14 67
37 66
57 74
38 17
86 141
30 111
89 60
21 119
40 112
103 20
136 5
139 56
111 130
95 102
27 45
88 50
125 62
49 54
55 30
40 62
52 12
120 34
54 149
6 100
46 136
7 60
70 60
87 69
110 123
135 97
108 138
144 122
149 18
82 132
95 74
136 119
101 33
122 130
65 149
1 106
25 31
49 66
89 39
105 144
38 74
83 135
105 47
68 74
110 85
129 116
103 116
66 117
84 126
90 30
100 5
34 80
142 97
43 47
138 18
106 12
103 78
121 59
39 87
31 125
30 5
78 36
46 103
100 28
55 36
131 58
137 94
72 76
54 18
102 86
87 33
83 71
6 57
14 8
41 137
99 51
11 8
134 6
14 42
133 90
120 0
78 103
71 141
1 17
15 32
118 16
1 12
69 115
51 123
121 20
136 91
28 47
1 54
8 47
81 74
119 19
25 122
148 64
30 92
47 127
78 48
147 147
142 133
67 60
114 12
71 3
146 137
72 32
44 109
144 139
24 88
41 102
65 100
111 32
147 125
125 17
9 111
122 90
41 24
36 112
73 94
12 57
37 126
39 91
12 129
80 74
102 149
12 146
93 44
26 40
87 78
98 76
98 120
145 47
22 89
102 48
53 102
20 130
13 3
26 138
26 88
4 24
112 2
124 24
95 41
43 51
122 5
69 76
64 73
142 124
49 14
76 30
83 64
123 78
22 104
74 105
48 1
56 118
59 76
18 111
72 94
98 50
113 49
63 108
110 88
38 108
97 121
59 9
4 77
139 23
132 37
74 85
132 9
36 77
12 41
110 21
110 96
134 22
83 62
128 72
49 79
14 74
98 97
18 87
35 25
54 147
112 37
120 132
118 92
120 23
22 78
12 3
120 51
91 97
133 7
123 148
14 139
111 123
56 68
53 141
126 129
99 88
117 62
73 108
99 59
26 33
3 29
52 133
91 71
56 132
20 77
111 97
56 116
33 139
143 77
17 43
61 13
87 7
67 20
93 115
45 124
93 4
40 32
129 93
139 146
15 91
149 66
24 17
108 135
138 142
143 54
114 122
24 23
10 21
123 119
63 120
107 118
15 82
104 34
63 32
142 128
117 126
123 11
95 133
100 107
146 45
17 93
114 105
58 130
22 95
91 113
148 10
122 52
1 31
71 122
100 55
129 100
52 102
82 48
64 125
102 122
101 32
103 25
97 57
60 66
68 141
94 22
0 1
70 15
127 105
117 81
47 40
139 127
112 145
60 104
83 24
120 33
142 77
149 125
17 23
7 42
55 104
106 13
83 96
127 141
78 149
41 79
128 56
2 125
61 21
0 90
14 75
23 8
149 140
77 6
139 70
147 107
111 129
148 110
128 110
30 121
102 5
35 89
109 98
97 105
24 7
10 76
91 147
30 51
110 46
39 25
124 0
71 105
124 89
111 87
136 4
69 96
116 61
52 24
19 100
21 92
21 148
101 109
51 136
73 149
149 94
125 1
11 8
4 128
110 41
12 6
1 75
127 73
55 62
19 6
108 146
40 106
57 36
137 144
36 105
73 139
21 13
7 103
74 46
73 110
28 76
145 26
137 52
78 147
136 67
138 63
55 144
91 60
47 115
132 74
14 48
29 111
53 108
127 140
93 127
124 33
75 31
38 76
44 74
59 82
24 96
64 107
83 57
95 14
45 102
12 147
13 44
130 18
68 45
91 143
20 8
57 3
136 104
60 36
11 105
87 100
112 28
128 117
126 43
61 46
93 60
128 78
39 83
7 94
103 87
102 49
112 1
7 82
43 20
21 31
128 89
75 131
76 20
115 70
13 59
120 74
134 4
79 1
57 41
43 57
34 146
87 78
99 76
64 73
34 67
89 83
125 87
142 66
55 46
90 108
35 77
11 62
120 73
89 15
32 140
90 19
17 124
0 79
144 3
92 131
110 33
46 61
57 29
125 73
100 112
2 93
107 33
79 64
105 100
80 38
64 13
94 16
144 111
73 44
67 78
87 23
52 120
91 55
63 72
107 16
28 134
144 92
138 70
7 66
134 108
92 84
33 107
2 95
103 142
120 123
110 82
29 117
13 69
97 48
63 33
60 39
24 105
110 56
102 8
142 32
64 88
5 145
142 75
128 115
82 117
131 80
122 74
128 84
135 95
84 100
82 24
8 142
79 58
24 88
116 16
71 53
118 53
56 69
131 60
22 26
135 93
11 116
5 76
33 11
113 84
60 109
127 19
140 145
148 141
8 2
104 139
56 81
39 57
53 148
61 88
147 30
81 127
4 6
13 81
98 28
68 54
0 138
81 30
94 122
41 29
78 63
82 62
45 144
37 135
49 116
68 92
11 92
33 38
47 123
61 28
145 79
83 128
48 125
62 78
134 16
130 46
125 79
54 77
10 17
3 21
130 87
149 42
120 87
33 29
105 5
30 62
30 63
0 146
27 79
126 83
14 49
43 69
16 91
59 128
72 26
8 146
74 117
135 89
79 51
140 1
120 132
57 27
53 101
90 136
112 94
99 132
103 132
7 33
99 54
113 105
102 13
128 121
10 53
71 99
125 103
23 38
56 103
133 43
64 13
46 32
112 23
18 18
133 22
108 70
17 4
63 36
55 56
83 40
77 136
61 149
26 81
71 29
147 103
127 146
8 31
40 135
40 115
83 124
121 67
73 69
44 111
146 124
123 86
73 44
17 46
131 145
75 69
106 117
148 78
66 80
112 93
43 93
119 69
101 90
148 6
90 136
103 65
76 81
99 49
145 0
86 70
39 77
41 94
147 81
143 125
31 113
90 18
10 12
4 99
57 132
138 56
114 60
122 8
37 18
27 113
75 43
86 20
78 106
13 100
117 53
107 65
125 49
70 62
144 66
17 72
88 31
49 80
105 105
112 57
88 147
22 88
140 34
66 104
76 128
62 5
58 74
53 46
79 73
135 46
25 111
49 126
146 142
12 133
52 0
5 82
56 49
37 42
92 139
7 114
25 135
136 41
57 7
17 57
66 107
78 80
116 33
138 39
104 135
77 103
81 57
128 82
103 25
35 122
53 41
132 51
79 93
96 63
45 38
13 40
98 17
97 92
23 113
88 121
131 38
57 59
117 103
115 29
63 134
113 124
149 142
68 20
2 17
53 116
108 26
28 132
40 19
70 49
105 47
145 58
79 144
146 35
129 14
26 19
123 86
105 44
124 145
53 56
144 142
72 63
48 126
116 7
109 12
48 135
142 138
44 22
128 101
102 13
115 20
140 144
50 34
113 17
107 20
118 14
115 109
80 93
87 146
142 60
53 62
105 113
149 89
45 142
35 5
36 104
92 90
140 70
42 31
97 17
102 133
118 73
84 88
83 105
21 74
108 92
25 65
134 2
123 147
48 26
106 53
111 53
19 25
112 65
36 74
42 57
108 25
9 94
87 69
114 54
44 116
149 79
3 112
82 114
139 108
16 10
80 100
46 125
3 38
70 63
14 137
69 36
113 60
113 47
135 73
16 13
138 16
55 34
145 8
119 147
113 40
146 20
29 36
102 93
77 143
124 71
136 106
124 47
111 138
28 131
21 30
57 51
49 84
39 80
9 3
53 80
80 63
89 49
102 76
140 54
99 114
98 146
139 96
69 5
90 73
147 66
70 81
37 142
74 79
60 9
134 21
37 46
113 96
129 12
95 46
19 49
52 141
133 95
126 148
146 54
24 91
13 54
0 14
48 73
122 145
149 87
26 23
45 42
57 69
73 129
149 81
116 52
54 105
47 144
149 37
47 101
1 29
82 120
50 1
37 33
40 78
87 43
121 87
66 78
64 94
35 127
25 29
57 145
95 98
137 118
107 51
12 147
35 58
135 118
122 111
109 62
22 85
15 123
1 76
90 89
92 146
58 66
81 13
30 78
32 43
37 55
140 112
28 69
111 99
128 69
71 120
83 135
58 64
100 148
67 82
49 145
112 130
0 96
138 99
6 80
43 92
139 72
113 141
56 52
123 48
52 94
5 43
58 63
136 99
86 125
90 55
48 68
76 62
101 123
92 19
54 132
10 88
31 74
64 64
84 31
107 83
126 66
90 10
106 95
58 3
122 85
72 20
137 121
89 111
134 16
36 0
125 146
69 11
128 34
64 137
121 7
68 25
129 14
142 93
111 113
24 9
83 132
40 73
141 45
34 88
57 111
38 83
30 73
18 67
32 119
147 31
127 76
138 105
45 16
69 134
88 79
35 102
147 64
1 118
37 95
85 129
100 134
48 42
92 84
128 50
141 15
8 105
7 95
25 109
100 94
121 25
22 56
23 141
76 44
30 29
123 109
110 123
85 138
127 37
42 17
78 81
21 51
20 95
133 116
15 121
49 54
57 0
14 128
45 129
77 40
66 103
42 29
79 124
31 88
107 71
52 13
21 147
37 51
42 98
89 105
30 25
4 124
82 82
143 59
147 3
129 84
9 62
12 144
142 69
42 119
68 60
140 71
74 62
33 91
117 75
70 35
85 79
47 74
107 104
113 10
9 46
14 133
20 13
25 40
18 19
78 144
148 11
88 149
42 120
7 0
47 141
62 24
63 112
115 145
45 105
59 69
147 124
96 3
140 48
105 75
41 8
61 88
138 145
145 115
73 110
36 145
51 7
9 3
70 95
36 80
97 87
71 96
99 81
143 84
13 57
5 125
42 116
43 56
4 101
46 18
22 38
15 19
23 96
65 47
39 91
35 90
78 113
76 149
3 39
45 134
7 123
139 89
33 128
45 142
92 131
92 140
19 118
3 13
138 85
70 54
121 56
20 140
87 34
43 100
13 138
116 96
130 81
103 75
15 115
46 24
24 146
115 57
5 121
86 125
142 100
3 35
13 140
72 79
2 135
101 104
14 111
110 133
2 60
17 84
76 65
136 126
14 62
30 76
76 106
115 119
49 17
106 21
61 148
114 92
136 76
138 126
29 50
50 50
129 26
128 8
89 28
62 58
139 100
113 97
104 144
98 148
8 137
85 121
119 25
70 109
46 93
57 56
35 69
97 130
76 34
102 36
89 54
137 87
139 134
16 137
86 38
60 58
13 83
29 57
69 133
6 15
126 143
1 30
35 140
48 15
11 10
34 30
119 98
29 7
22 109
111 54
131 26
18 52
1 149
4 35
126 22
53 97
146 3
58 78
66 81
146 12
98 72
92 82
45 133
114 122
91 95
59 140
112 92
86 73
128 63
136 57
90 143
66 48
69 12
40 86
28 138
42 18
39 43
43 103
106 25
49 51
91 72
84 67
13 66
69 4
94 76
148 145
6 2
83 49
3 139
29 34
108 20
68 28
131 101
37 142
7 10
122 113
121 39
83 45
34 133
67 113
88 141
9 124
136 19
21 131
148 7
8 135
119 82
51 1
138 141
84 22
108 63
96 58
48 111
22 101
69 9
17 137
92 92
61 116
46 59
96 103
56 141
75 80
149 58
128 59
80 7
67 55
82 62
94 17
57 97
57 62
118 83
72 73
96 143
36 30
48 133
18 123
82 83
110 45
106 114
124 61
22 25
14 112
145 95
113 2
36 31
107 43
5 109
131 98
134 119
67 76
148 146
74 102
112 34
131 129
143 18
120 39
38 62
21 34
66 22
29 100
26 58
107 127
22 14
86 6
4 109
143 35
20 112
17 44
138 45
135 87
108 92
112 6
53 18
119 86
23 124
92 114
10 85
30 110
84 78
17 117
74 120
148 109
66 45
62 97
93 28
11 78
35 136
30 122
54 107
52 13
141 97
41 76
64 82
34 142
62 22
88 149
68 101
65 30
74 43
111 92
50 77
9 143
102 61
124 112
37 129
53 19
121 40
43 130
96 80
149 83
67 13
145 68
1 88
87 148
75 36
85 3
6 75
5 84
57 72
30 16
79 43
32 40
125 122
104 83
97 119
92 2
64 75
139 90
19 67
7 24
57 146
43 40
69 28
15 137
113 91
117 89
99 94
123 18
36 86
47 54
63 4
129 65
37 90
15 126
8 120
98 90
58 37
9 116
89 20
77 60
80 48
86 8
75 40
106 40
50 92
120 101
21 33
103 75
129 15
61 72
102 47
136 92
97 103
70 70
48 13
53 124
101 19
40 6
39 109
86 76
30 147
124 108
105 81
9 41
133 65
71 53
0 136
116 137
109 42
12 37
121 81
8 48
86 149
105 110
86 61
149 114
8 99
67 50
48 29
100 128
79 15
28 140
38 85
46 74
49 23
38 12
38 118
133 117
36 138
57 51
101 110
70 32
90 6
133 13
134 35
125 47
87 119
147 102
125 40
80 79
59 69
74 31
28 63
93 64
4 50
144 40
87 23
124 91
83 81
68 96
36 60
125 103
59 14
27 22
21 83
46 3
54 92
130 104
38 98
17 97
37 85
38 52
93 6
116 84
137 62
115 45
127 72
104 83
119 26
92 8
106 5
19 31
32 78
93 6
64 81
111 104
51 26
103 75
106 60
14 96
41 127
73 99
81 30
107 132
104 23
60 108
7 42
42 74
83 126
18 100
133 107
98 103
52 57
137 76
80 71
3 57
126 136
130 74
41 94
63 61
49 33
95 103
9 100
43 114
58 3
101 72
70 148
5 21
126 63
149 148
99 63
104 137
71 83
127 9
97 3
74 117
58 119
135 64
12 28
42 29
48 78
8 120
29 4
94 80
54 35
129 100
78 143
72 51
10 20
133 104
24 14
67 48
112 109
63 19
80 48
30 5
130 12
2 74
94 24
70 78
14 16
9 40
143 44
2 115
137 146
8 43
88 47
96 54
149 78
34 122
39 44
122 26
102 78
16 14
98 109
60 73
50 41
54 36
134 48
85 114
88 110
53 118
5 67
79 144
41 71
49 24
41 14
105 54
95 136
3 112
90 107
41 110
71 72
86 5
59 92
93 88
23 96
39 48
132 104
46 57
134 7
18 41
41 30
45 10
22 52
11 106
96 56
108 9
99 80
112 118
135 102
129 44
50 42
20 51
107 135
73 68
97 2
89 117
66 49
55 66
38 58
37 68
39 64
11 28
27 143
11 7
4 127
3 19
114 32
54 90
65 42
132 145
61 131
139 116
103 95
138 30
106 15
73 141
72 148
134 64
80 90
92 51
148 110
138 100
10 27
50 55
7 87
61 102
29 58
126 88
100 65
20 100
121 107
67 85
14 146
141 23
63 90
114 64
112 91
53 131
97 82
94 51
43 1
124 113
24 88
3 57
72 129
44 109
99 39
145 59
83 16
29 109
49 84
99 136
134 59
48 146
7 78
120 93
129 77
44 143
113 57
101 88
43 114
6 129
107 38
124 89
60 19
40 136
114 65
142 24
11 144
137 50
55 110
138 78
108 60
17 38
61 68
40 74
105 111
100 88
97 16
40 42
86 129
112 88
112 13
104 22
137 48
146 13
131 107
67 83
84 6
50 38
55 132
114 126
74 58
98 129
106 142
137 132
70 129
139 67
40 19
127 82
91 72
140 41
91 58
88 106
130 70
105 37
46 58
36 51
61 36
146 45
117 49
3 54
132 52
136 110
72 38
111 113
49 78
128 54
46 14
39 39
66 31
113 48
105 127
96 125
103 100
147 104
25 29
124 119
129 123
110 24
5 84
63 52
89 73
51 34
24 129
93 51
32 73
148 106
144 58
12 72
91 92
7 66
15 107
61 110
79 54
41 89
82 40
123 49
134 76
25 68
70 37
104 7
103 105
102 137
12 44
82 26
89 135
130 47
59 64
92 72
112 16
70 1
32 25
97 103
112 65
144 96
102 109
52 116
47 3
4 52
99 131
55 6
59 83
143 49
64 144
93 126
44 96
14 69
46 48
149 64
47 93
19 51
95 124
117 11
5 26
35 145
148 77
0 146
35 72
91 51
67 89
128 76
108 118
104 6
21 96
65 98
132 116
59 42
25 66
132 110
139 130
94 138
81 54
11 132
36 121
38 2
16 110
57 71
129 95
87 66
48 65
19 107
21 33
47 25
41 111
63 69
91 9
148 44
134 32
33 16
30 104
126 99
126 125
24 91
114 88
132 121
24 25
83 135
5 94
56 144
30 110
128 21
49 148
13 36
136 51
102 34
34 12
45 144
54 55
20 112
134 89
131 7
116 123
66 60
131 72
24 65
114 40
33 16
47 40
63 38
104 1
0 69
126 94
79 80
72 143
23 134
65 146
43 75
99 63
128 58
63 28
36 18
48 81
7 72
5 64
46 4
12 133
130 98
44 64
24 116
44 21
50 125
104 3
149 23
18 136
26 69
46 67
116 7
46 15
140 62
5 11
87 105
129 142
80 99
17 95
107 41
17 87
0 42
1 22
59 16
122 82
124 149
61 81
131 7
23 112
135 62
38 122
23 45
65 124
139 9
92 110
70 130
26 60
128 8
126 149
21 46
71 30
100 127
61 47
25 85
6 36
74 61
98 47
104 141
21 52
22 33
85 133
134 99
116 126
2 40
11 13
115 149
69 140
122 99
41 84
106 70
28 4
45 76
84 99
92 52
121 36
108 110
125 109
11 47
15 76
48 9
23 84
33 52
25 83
32 89
84 27
78 145
119 64
51 147
143 114
135 116
44 133
82 74
86 128
122 140
140 73
137 125
63 2
72 69
59 127
12 5
32 130
75 76
30 98
55 4
120 39
55 48
116 145
100 18
69 132
87 107
46 99
83 25
114 41
26 54
87 20
55 63
9 133
41 113
26 63
119 59
34 25
38 18
5 104
36 49
144 146
92 22
37 25
40 123
15 13
102 43
120 86
127 99
62 80
8 124
3 85
55 135
104 133
1 92
72 42
101 48
107 87
139 135
140 17
64 94
30 92
81 115
39 53
141 28
89 88
81 98
67 83
79 2
32 136
103 8
2 90
143 44
141 26
100 18
96 135
63 110
52 17
145 64
81 49
61 28
74 1
59 122
30 67
135 83
12 85
17 27
56 12
121 28
80 10
29 128
124 140
8 132
27 47
5 23
125 58
18 26
118 115
124 23
59 99
95 33
114 109
5 104
95 117
12 81
54 131
55 47
107 12
58 139
47 109
126 108
125 29
129 93
47 96
8 35
127 91
81 137
134 37
71 72
49 24
146 137
148 88
41 126
22 71
8 146
18 136
69 77
71 135
70 95
55 126
144 141
85 92
113 12
2 112
91 77
81 92
71 149
139 125
44 5
100 1
89 125
2 117
21 70
107 7
68 33
94 95
108 39
106 111
113 13
13 28
64 138
41 4
10 120
73 87
43 117
0 139
134 29
25 139
99 144
137 25
49 68
21 117
54 15
50 33
73 10
53 147
8 20
140 115
48 146
9 34
74 111
88 1
19 104
103 91
8 57
90 9
125 123
134 81
101 103
74 91
114 87
54 57
46 105
127 26
141 9
16 146
13 55
61 21
39 115
148 114
90 29
30 51
14 19
7 113
141 21
99 73
86 72
39 4
69 65
44 6
61 65
84 44
131 102
28 134
31 66
94 40
42 105
107 96
38 138
10 23
92 101
67 6
10 102
69 99
133 96
36 46
66 5
20 19
140 149
95 103
100 56
135 6
64 118
67 88
140 86
29 69
121 134
144 88
51 114
133 34
60 31
114 145
102 101
34 142
117 149
93 100
76 31
90 75
127 87
0 59
122 6
118 24
13 52
86 108
21 82
134 50
106 56
84 41
49 144
110 56
113 6
93 119
23 117
45 110
118 86
108 48
95 106
139 13
20 69
105 138
140 107
138 61
125 55
4 108
139 65
69 85
70 18
33 74
111 86
60 89
78 77
50 90
113 54
47 84
115 30
133 86
24 117
78 18
49 113
53 18
141 15
32 61
117 20
72 76
6 142
2 101
82 86
137 72
47 69
70 100
93 24
81 75
123 19
3 71
87 92
69 13
29 146
136 118
99 114
88 21
81 146
85 2
51 120
130 59
102 141
9 9
58 138
54 145
28 57
120 78
24 126
135 135
59 72
30 100
103 116
52 104
60 117
144 140
21 144
144 42
54 91
54 88
61 130
92 68
132 27
17 100
13 112
16 46
84 17
143 26
77 101
52 139
81 108
110 149
147 111
12 135
24 115
108 77
52 88
16 121
48 111
64 114
82 129
145 33
136 70
45 97
134 141
91 57
133 46
133 50
93 52
71 18
15 76
110 12
77 76
115 146
21 121
109 41
36 38
89 23
124 7
77 70
63 63
148 96
64 141
43 20
75 39
142 145
131 101
119 87
9 18
39 131
95 39
76 13
148 62
110 103
36 83
146 148
27 116
54 127
117 107
117 8
79 134
24 47
11 65
37 62
105 65
84 83
111 54
4 16
145 26
135 32
109 61
143 3
78 128
10 69
30 86
50 54
68 22
29 76
46 11
113 138
53 16
68 111
55 50
33 114
14 44
81 71
28 77
7 79
61 92
6 145
15 67
12 54
114 5
75 134
63 87
29 56
106 136
4 46
39 147
30 98
57 103
131 122
58 39
110 90
130 98
75 36
10 81
12 27
133 116
35 40
39 86
47 87
10 1
117 122
51 51
95 148
141 34
49 48
140 69
12 73
24 49
106 31
43 113
50 39
147 105
53 122
39 72
11 118
72 118
65 31
114 71
48 112
125 22
143 81
49 41
12 91
145 112
64 125
149 14
112 36
94 142
1 6
56 124
133 103
119 30
108 99
59 61
73 114
73 143
76 12
18 149
18 30
128 11
122 121
24 103
90 42
138 129
63 10
106 123
15 124
82 123
97 6
29 82
23 52
68 39
117 81
51 17
28 35
15 23
2 117
103 99
143 101
124 98
89 54
86 124
0 139
30 109
17 92
130 99
142 68
48 96
62 76
143 76
19 111
35 74
116 8
102 81
106 109
47 28
120 55
140 27
75 68
145 83
63 123
36 122
41 119
52 129
23 68
71 20
83 37
33 106
75 100
73 95
61 47
137 15
2 71
31 43
29 68
25 15
46 122
13 53
94 116
35 90
79 11
118 23
107 137
131 126
37 73
71 112
68 115
0 64
78 21
130 68
83 103
64 139
69 91
33 100
42 90
106 41
98 114
58 119
28 19
70 49
109 40
31 16
46 70
57 123
61 9
52 70
17 146
139 59
58 16
34 98
134 115
71 48
41 61
93 59
38 97
20 46
126 23
38 129
69 74
30 58
103 96
87 116
12 65
128 38
19 111
49 80
88 70
121 101
136 107
94 122
119 55
132 15
136 4
108 127
129 1
29 42
45 28
149 120
107 25
6 67
10 90
131 53
28 47
39 73
16 14
126 51
119 73
149 109
25 33
126 46
16 52
109 116
53 87
131 66
136 75
50 96
31 28
36 4
2 18
11 147
62 42
5 58
41 69
76 97
87 133
92 140
106 135
39 62
97 63
115 41
97 58
34 129
23 80
99 17
137 47
47 110
75 13
63 139
59 69
92 120
30 18
81 28
37 80
22 24
72 84
146 128
108 61
56 3
40 128
124 0
106 28
11 50
91 53
66 8
70 45
37 130
70 8
10 15
65 111
129 61
71 78
74 125
23 113
52 100
101 102
104 3
22 63
31 134
30 15
61 49
135 111
60 105
142 125
99 35
31 46
136 123
74 57
130 129
72 134
92 37
4 53
24 136
23 32
80 13
144 99
50 93
68 131
41 31
45 27
119 41
42 52
118 112
44 119
26 21
141 113
62 102
50 29
43 73
6 78
18 116
44 64
111 83
70 71
144 35
110 139
88 41
57 64
47 102
122 144
29 46
132 28
69 143
129 83
119 72
54 2
146 98
1 83
144 68
17 13
85 141
101 46
133 37
67 60
40 60
109 71
91 141
62 15
104 138
88 126
1 135
80 148
17 117
3 6
90 110
13 98
124 47
13 29
57 31
108 134
50 89
134 48
15 11
77 78
97 110
72 132
2 37
73 20
90 138
6 70
131 28
74 73
18 136
148 23
52 41
138 147
85 126
148 57
140 27
147 135
136 27
2 11
30 43
141 103
112 115
126 31
148 95
59 74
39 29
54 23
30 119
74 41
101 86
4 34
35 134
66 96
68 108
119 12
11 87
18 70
84 78
110 83
104 57
108 28
84 28
73 16
31 55
75 85
144 119
60 87
16 107
12 52
60 109
119 16
129 9
102 136
138 103
21 11
109 40
109 73
135 15
107 137
9 43
136 131
112 107
137 16
24 86
88 44
129 95
16 117
80 81
75 119
129 119
129 69
32 75
58 89
51 71
39 8
9 101
3 18
27 40
110 98
108 80
30 31
16 63
7 90
6 91
132 67
22 123
119 68
22 111
117 110
111 146
59 133
14 0
142 70
39 6
135 59
123 43
98 89
15 111
126 81
69 36
73 131
4 107
93 9
122 122
54 55
109 116
24 81
108 146
28 96
3 4
65 8
133 109
17 62
98 41
136 137
61 36
102 105
61 112
97 149
1 69
104 71
13 143
73 31
15 103
138 142
129 137
5 81
76 145
51 33
138 118
43 130
10 84
50 33
63 107
14 41
94 94
19 2
109 91
98 144
75 148
69 139
68 115
21 49
48 111
46 109
86 112
101 136
97 115
137 110
56 47
104 20
5 89
79 60
104 63
36 10
28 0
23 42
108 97
128 29
104 65
62 33
36 41
68 66
54 80
89 105
37 48
46 60
10 53
13 142
109 38
135 135
23 17
86 105
105 39
148 102
139 126
121 115
69 65
76 33
88 71
79 71
73 132
66 107
97 149
112 145
55 73
117 107
89 140
76 101
64 67
149 19
37 93
65 96
118 20
45 70
24 134
76 129
57 0
44 13
115 70
25 79
98 142
52 46
108 11
41 76
56 45
64 98
148 149
26 37
121 144
86 126
8 13
67 83
98 9
61 64
108 6
10 116
134 136
29 13
61 62
110 129
97 14
137 106
44 64
88 127
7 141
101 26
118 21
15 124
26 44
108 38
0 49
94 106
56 74
91 11
56 128
118 13
11 148
0 129
112 69
46 95
120 116
59 136
107 30
95 23
111 17
49 62
139 129
138 131
141 133
55 69
46 133
116 97
55 105
119 7
84 81
35 29
16 104
31 81
102 51
34 20
42 87
45 148
27 44
10 20
7 99
18 128
24 101
81 65
103 70
74 56
39 69
69 130
122 142
145 68
24 147
97 117
38 9
137 10
63 28
99 26
127 22
68 19
123 34
87 1
45 112
104 57
125 88
53 2
119 41
0 128
54 61
90 76
135 52
54 53
78 102
0 131
77 104
18 52
125 125
9 60
90 107
66 5
115 28
35 28
66 63
30 141
105 18
67 123
87 39
9 0
19 31
119 36
125 117
103 84
6 127
149 146
21 41
68 114
126 91
12 9
6 86
95 41
16 106
148 107
6 33
57 24
54 14
88 60
38 53
50 55
55 118
33 11
130 122
33 94
73 52
93 144
92 140
9 73
132 100
107 93
23 28
132 126
40 67
121 138
108 34
29 76
64 119
25 66
14 104
69 107
144 3
120 40
91 62
79 47
98 68
39 100
8 104
112 39
3 147
129 139
3 6
0 39
42 52
94 42
104 102
127 61
98 119
32 138
77 117
112 88
98 80
73 135
23 35
28 41
93 60
29 32
68 32
33 5
112 96
66 137
68 58
94 134
23 41
69 62
14 97
128 45
115 70
131 75
63 6
115 103
69 144
95 136
94 77
22 33
43 85
45 130
29 9
97 18
80 45
76 84
115 133
68 22
120 133
3 24
146 128
42 43
79 90
82 144
90 97
111 129
101 59
53 112
92 111
59 20
93 86
14 52
18 28
1 131
49 61
124 143
110 4
22 24
34 115
42 86
0 134
117 45
90 3
143 33
110 60
146 117
112 126
53 8
77 84
97 63
61 117
68 76
133 143
81 37
98 46
14 118
77 131
25 48
52 46
60 109
5 29
49 101
101 93
81 144
75 112
136 58
99 4
63 111
67 126
146 4
20 145
119 98
59 52
119 67
24 40
95 18
73 87
36 134
60 69
28 45
118 32
12 53
126 134
47 118
99 39
139 2
48 83
117 47
94 106
96 41
38 143
48 138
3 127
144 69
115 115
51 92
80 76
90 80
119 149
32 32
30 23
104 64
127 40
129 7
132 20
10 69
76 31
131 121
32 97
43 47
123 51
97 19
147 42
12 51
33 82
148 23
125 139
120 25
62 131
67 38
100 20
130 126
113 40
61 70
131 108
28 38
59 75
71 29
92 8
35 148
114 78
90 13
138 9
29 101
58 7
41 40
87 136
26 108
77 73
102 66
120 117
96 103
121 125
129 67
135 105
62 49
9 83
29 75
97 27
103 103
98 59
123 68
29 137
116 110
16 47
9 120
73 129
107 41
94 83
4 12
83 73
83 47
39 69
118 61
87 105
92 35
66 46
24 89
3 113
137 94
14 45
26 2
112 56
114 60
34 23
65 50
101 83
124 96
20 138
4 119
84 131
99 104
45 141
45 13
149 12
149 85
21 55
8 130
92 70
102 28
70 34
135 97
117 132
28 12
120 25
39 145
134 117
82 137
97 87
115 122
85 67
25 67
84 117
2 88
68 82
33 58
106 149
39 132
64 55
8 42
100 49
14 19
108 14
111 82
21 59
74 114
66 48
139 95
77 131
5 32
75 38
108 30
60 28
95 32
134 110
48 33
95 138
73 81
100 124
81 62
28 97
84 43
60 40
95 12
133 145
111 64
34 36
78 37
82 20
39 69
75 136
114 94
29 62
65 149
92 13
43 114
149 26
112 119
80 22
56 73
115 80
16 54
145 7
82 111
32 53
94 43
108 72
123 116
72 44
90 108
54 47
133 106
71 103
113 41
27 123
86 75
139 19
38 80
69 143
56 116
74 112
117 132
139 47
124 63
19 83
48 148
129 56
73 23
23 140
69 89
8 50
5 33
11 19
25 23
64 73
0 120
100 104
20 130
10 107
107 84
140 144
0 119
21 68
8 70
63 121
57 129
50 139
149 92
144 73
3 106
143 39
125 1
23 9
25 91
2 118
15 43
80 109
124 125
75 80
132 91
16 145
21 39
85 43
49 93
119 94
111 44
33 9
69 133
92 30
51 86
139 86
73 143
149 50
5 43
107 136
58 119
19 45
35 111
69 114
28 52
30 5
18 134
123 55
42 61
8 111
20 9
94 63
30 74
55 2
36 85
59 16
109 125
75 67
90 28
100 27
86 74
33 33
21 84
30 32
23 107
108 121
147 24
10 75
35 95
112 79
126 146
91 92
143 128
73 64
138 121
88 65
0 92
54 128
19 108
106 50
45 43
125 65
83 51
11 94
88 115
20 56
19 110
131 148
120 149
77 82
55 149
93 135
97 25
68 83
142 59
84 99
121 66
107 133
72 27
132 112
12 23
16 62
6 99
104 58
145 16
45 87
73 73
120 102
131 94
105 23
97 1
67 7
22 21
3 115
45 55
19 28
89 105
115 98
53 69
46 147
132 15
133 71
83 126
140 57
62 26
142 68
113 88
90 73
72 102
66 33
82 119
109 71
127 79
77 128
105 2
34 71
89 3
93 45
97 64
53 83
84 41
37 108
13 42
99 46
21 62
100 5
115 148
78 33
93 74
67 103
99 79
59 101
145 88
105 94
4 20
104 146
148 142
110 32
10 24
124 25
129 95
134 121
6 23
38 1
76 59
30 130
135 7
63 55
94 125
135 125
75 3
33 30
124 107
54 95
144 102
7 74
29 5
42 2
32 70
19 83
108 130
33 6
44 132
46 48
131 111
91 22
58 78
35 84
133 41
90 64
74 133
141 101
16 70
59 65
29 147
92 21
119 38
2 72
80 15
17 71
28 94
49 82
118 112
60 113
126 2
139 79
147 145
6 74
122 54
120 1
14 134
20 140
50 118
148 129
105 39
23 137
86 90
90 129
111 50
52 138
34 135
18 126
52 0
125 72
0 31
138 133
41 121
88 104
126 107
10 74
72 111
61 73
90 0
42 45
52 142
129 35
119 92
98 131
42 92
51 101
130 137
72 3
83 25
29 90
36 47
90 114
14 3
69 145
81 88
26 129
23 46
139 2
142 26
135 48
49 106
30 128
105 23
114 86
11 16
34 123
123 51
136 1
82 84
92 78
132 133
107 37
10 51
30 3
146 45
121 69
38 88
73 37
13 118
94 129
63 4
14 112
49 80
110 72
138 72
40 77
20 41
134 97
129 40
3 7
5 39
86 100
119 32
94 60
148 141
93 29
144 5
6 103
100 90
48 46
68 21
28 87
14 39
78 119
101 32
65 45
49 119
98 49
130 101
70 112
140 92
87 76
95 73
97 8
59 88
29 25
25 27
4 50
22 68
147 149
66 118
13 147
129 61
67 135
94 20
110 16
139 135
75 133
28 15
10 146
116 105
4 67
120 7
38 54
29 51
7 71
19 8
57 126
142 20
67 28
98 148
124 77
41 126
147 7
70 84
106 131
105 15
113 41
53 64
105 10
119 56
61 18
79 72
43 16
49 72
15 13
12 49
32 55
99 89
131 41
144 43
25 146
4 2
98 29
45 42
87 2
123 59
81 90
67 101
32 41
94 19
90 140
50 83
88 61
0 124
103 75
23 113
55 59
58 4
15 37
52 18
127 145
46 64
73 122
108 19
122 32
70 128
109 48
83 39
18 62
96 49
95 50
99 0
101 127
137 17
92 7
142 104
52 78
133 65
88 58
125 7
50 53
34 45
96 67
120 54
44 85
144 63
87 15
85 58
146 141
21 23
72 31
49 35
87 20
45 64
75 64
72 16
130 62
134 146
88 136
140 137
140 78
9 62
45 58
113 133
78 125
101 128
86 86
31 17
78 83
130 66
144 112
38 26
107 41
88 41
29 24
59 8
96 120
69 76
138 21
88 24
28 135
46 75
74 2
34 87
123 83
97 37
132 0
86 22
25 90
71 88
51 119
86 8
107 99
46 141
8 9
49 67
131 70
6 30
18 30
31 94
146 109
60 39
120 45
141 123
52 40
93 118
111 61
31 46
47 41
69 8
148 125
139 96
110 126
39 38
92 130
19 102
46 50
128 105
92 113
30 73
134 120
98 148
78 125
64 90
14 74
46 4
16 14
54 146
90 44
51 50
15 107
126 82
127 95
38 119
105 123
18 125
56 23
15 75
22 39
95 44
113 27
105 97
86 108
119 41
70 13
107 126
54 47
56 7
33 17
19 41
38 76
34 14
15 37
142 114
47 42
99 94
89 143
124 79
122 105
72 26
116 143
42 129
53 130
79 50
0 58
137 18
121 115
142 132
149 7
91 82
88 47
15 73
51 81
139 138
137 70
31 136
68 127
0 136
86 75
129 142
79 116
81 22
71 18
12 8
120 111
137 32
120 39
17 110
41 0
76 9
20 119
69 28
22 6
62 106
31 101
138 71
27 11
21 139
11 118
9 49
139 5
2 69
3 13
30 9
92 28
141 24
21 32
20 83
36 122
81 46
12 132
102 2
137 18
146 33
123 136
121 74
92 26
35 33
62 129
149 30
84 123
35 20
22 50
24 54
42 26
98 116
142 92
118 103
88 99
47 34
149 116
69 105
123 5
70 33
81 53
104 67
87 92
69 143
95 73
1 52
110 122
112 27
34 4
98 26
68 60
131 21
34 9
131 10
110 19
121 45
2 105
120 79
146 68
101 66
40 5
126 85
122 133
6 87
18 123
104 20
70 35
36 118
56 135
144 61
42 135
95 114
42 17
139 144
11 115
40 92
80 12
4 76
25 57
20 6
34 75
106 16
31 148
103 135
115 106
86 148
99 54
103 53
33 57
114 42
66 96
134 23
74 140
139 147
78 59
102 106
138 29
50 19
109 67
28 19
65 124
145 147
17 17
104 113
9 120
138 97
141 1
72 94
118 84
144 56
20 44
124 135
0 143
18 141
25 39
33 99
116 12
43 135
86 135
72 97
45 38
128 65
101 68
48 60
42 85
119 11
26 145
54 89
100 11
146 145
22 90
76 145
82 148
108 81
138 62
34 69
2 135
126 31
44 16
101 68
17 100
23 18
139 19
102 19
130 135
23 88
127 118
64 79
7 127
147 83
25 41
0 99
137 89
129 36
124 109
102 137
108 63
58 117
108 80
83 125
7 20
112 40
115 77
71 128
34 28
14 6
5 12
49 14
57 41
138 73
54 42
133 21
86 77
57 70
12 87
36 32
123 82
144 13
145 138
50 13
106 128
85 71
121 58
47 30
60 35
51 59
132 139
99 73
53 63
31 144
97 72
45 50
11 5
108 78
120 108
9 120
112 112
110 72
42 105
141 2
140 79
111 106
95 129
44 67
139 130
26 105
52 5
98 6
10 109
5 118
58 0
66 117
37 27
102 101
124 95
103 125
18 80
149 111
9 132
54 20
127 131
73 69
120 106
136 102
28 68
100 61
102 10
121 27
76 24
106 52
96 130
89 70
41 107
13 40
73 105
61 121
59 59
38 17
76 94
106 139
109 68
19 108
16 135
115 119
31 26
100 23
51 58
135 53
3 98
28 96
99 129
126 57
7 27
126 57
149 119
66 93
70 67
81 116
52 34
9 98
92 135
5 121
90 65
65 132
140 92
91 44
89 87
134 114
103 109
141 15
130 94
85 117
37 56
98 106
90 116
63 94
125 138
50 14
125 48
128 13
71 42
102 97
18 35
137 110
18 49
37 101
94 138
36 58
62 16
30 14
34 106
142 139
122 115
83 50
92 113
90 12
95 85
80 16
51 132
45 125
77 92
66 117
51 64
55 97
34 30
121 133
19 91
108 30
134 67
48 52
66 88
130 14
118 38
3 53
80 107
22 39
103 66
122 89
29 81
108 62
75 109
27 137
60 95
107 50
87 121
118 44
137 32
148 55
87 33
50 55
7 99
69 55
39 115
147 8
119 2
11 16
117 60
47 4
149 143
57 73
72 112
145 61
37 114
121 27
137 22
148 146
9 66
3 86
22 94
13 23
79 140
98 16
96 19
53 40
133 9
88 29
66 43
80 45
14 115
60 6
51 26
66 97
48 62
92 104
84 14
137 123
78 120
79 148
90 21
123 31
129 13
104 16
29 85
21 94
53 41
49 61
13 82
107 92
54 82
110 46
138 146
39 85
136 143
29 90
20 61
105 71
70 101
120 58
78 20
66 38
7 95
149 57
101 0
130 78
34 48
120 64
97 149
30 100
65 68
113 0
17 40
131 48
67 142
88 66
131 94
95 96
85 105
81 121
120 130
2 130
8 85
4 135
54 117
28 10
74 28
32 67
18 140
147 44
109 28
80 103
45 130
110 44
6 51
30 33
126 86
144 26
123 149
88 94
108 140
118 132
55 58
27 123
123 62
89 137
66 133
81 3
137 74
28 137
55 45
28 71
111 92
94 15
126 19
24 16
38 9
112 64
28 9
91 83
48 98
47 118
85 16
145 121
63 123
114 126
65 7
36 127
52 100
118 69
30 7
77 44
88 109
93 49
7 82
30 63
102 32
7 85
74 30
133 27
27 110
121 70
84 69
123 42
132 105
56 54
66 71
144 94
115 52
56 60
129 80
149 62
39 139
130 29
10 5
7 137
100 130
12 88
66 131
4 138
106 59
121 102
119 146
65 86
101 78
23 35
117 148
65 67
41 21
87 122
8 24
4 59
49 59
47 147
23 42
100 92
60 132
90 149
54 98
45 118
68 136
17 117
78 31
70 86
58 102
60 96
101 129
142 116
72 119
83 120
114 75
84 65
77 43
70 67
129 67
110 45
114 50
146 77
141 33
76 129
143 74
136 126
80 55
116 132
104 139
116 119
11 129
82 132
79 0
95 89
41 83
138 116
16 70
35 23
44 130
31 76
116 87
127 36
41 123
142 24
40 111
86 12
56 120
24 124
9 0
86 139
109 61
58 94
127 132
96 131
39 93
47 26
47 54
41 47
66 64
47 34
65 104
57 120
107 61
6 81
47 70
30 118
55 57
6 64
64 144
90 77
147 101
122 11
45 130
25 110
92 63
80 138
125 57
12 29
89 16
132 77
133 54
127 145
26 47
11 100
116 144
113 122
65 147
37 136
66 66
94 111
49 17
23 32
100 25
125 61
60 105
105 25
122 6
10 91
87 18
21 84
120 59
62 136
122 134
27 71
34 103
144 7
120 36
100 1
36 122
124 126
44 62
109 136
30 96
72 99
94 61
139 7
98 28
4 98
99 65
8 121
97 10
67 8
97 113
122 33
48 91
24 24
114 47
140 30
129 107
91 106
3 73
7 103
43 66
67 70
48 11
39 133
29 87
53 103
88 119
21 82
86 118
139 78
71 25
50 94
111 122
147 147
101 48
61 127
95 23
115 14
137 84
40 81
138 147
137 6
71 132
101 55
55 131
93 116
47 39
7 68
75 47
117 93
106 106
129 136
128 71
96 61
118 32
106 74
77 123
91 115
102 60
15 86
35 102
103 126
102 17
140 50
82 20
44 82
26 85
19 67
11 28
108 67
104 82
0 107
127 91
2 127
76 66
16 0
101 142
30 101
43 111
70 83
145 80
5 107
74 106
57 83
31 50
75 115
2 53
63 86
49 134
42 48
2 5
10 10
97 19
113 127
84 4
123 67
49 68
107 44
140 40
108 130
103 12
61 40
98 61
42 72
62 18
67 27
28 49
56 48
67 122
125 37
50 66
121 108
126 93
146 124
32 120
102 32
93 137
126 74
23 111
140 56
136 109
96 6
74 80
112 28
101 23
66 148
93 28
143 55
89 69
31 9
57 82
4 112
105 27
96 123
14 47
49 132
145 132
12 121
144 32
103 70
133 123
132 105
43 144
76 86
103 15
28 129
69 66
59 97
31 146
127 91
11 68
98 79
66 36
111 138
99 114
64 112
89 21
119 123
65 27
118 79
88 10
136 106
79 122
22 28
19 32
4 107
121 6
2 26
44 84
63 124
112 141
8 66
82 68
30 148
121 131
60 87
4 38
140 37
100 52
133 105
148 45
140 39
66 67
103 16
22 134
128 78
136 97
120 114
22 76
128 68
126 63
80 55
28 77
40 59
75 146
18 77
63 113
149 41
90 79
54 145
117 96
58 42
70 125
124 73
88 71
19 28
63 147
147 98
4 73
61 132
112 59
122 105
66 49
100 103
52 47
96 18
117 126
45 10
11 58
34 1
3 68
134 74
73 92
121 33
80 128
99 99
45 61
80 75
47 34
141 96
5 139
47 115
116 92
129 73
60 90
11 36
70 55
136 1
95 4
117 31
116 135
32 119
104 121
142 66
2 122
101 104
92 73
56 110
138 65
76 38
147 58
2 51
81 38
88 26
138 98
45 119
41 83
71 106
135 146
148 42
55 102
139 146
128 1
28 4
81 35
149 116
49 114
75 30
147 10
129 126
125 72
98 149
102 2
32 77
54 116
33 119
55 101
95 97
12 48
48 118
67 40
75 10
87 107
148 126
11 56
68 28
2 113
110 46
135 132
71 74
87 104
35 61
19 82
1 95
133 134
105 108
94 124
98 20
55 99
67 55
28 69
105 145
59 79
42 103
54 66
18 98
54 101
95 131
90 91
49 79
23 89
95 59
41 117
110 37
25 122
130 28
108 36
61 61
147 109
143 50
101 33
40 79
144 24
50 103
128 104
146 125
130 20
138 147
133 64
50 110
139 146
51 40
71 133
65 10
88 133
30 59
67 112
21 137
13 139
125 50
56 92
13 114
57 57
104 35
132 142
51 12
19 130
142 94
4 13
144 71
122 77
137 87
86 125
70 90
50 112
87 49
89 83
34 53
146 98
141 57
19 40
11 92
102 93
145 48
118 133
35 25
106 49
77 84
118 58
132 38
51 103
92 29
77 42
99 58
15 137
33 41
43 124
57 122
139 81
126 100
110 118
121 62
111 114
26 59
41 95
135 63
94 110
118 45
94 103
35 142
3 117
106 88
106 89
86 74
66 28
102 101
30 95
28 116
52 135
41 18
34 24
116 124
135 56
93 109
34 111
4 129
87 134
92 20
109 120
147 50
106 36
110 34
30 123
129 146
0 11
1 111
104 110
103 145
105 88
139 0
44 89
70 8
22 59
73 9
16 138
131 69
113 111
69 10
22 58
140 32
111 71
88 32
117 148
12 33
28 137
82 105
92 34
81 128
139 72
59 38
14 88
117 28
18 51
33 61
64 147
143 130
82 20
60 14
61 103
61 23
128 6
142 138
68 20
3 10
58 116
43 67
82 85
138 123
19 10
89 66
38 98
39 24
66 47
29 106
98 46
49 112
112 125
13 48
142 31
41 109
65 43
108 30
66 83
7 135
58 147
64 67
74 55
85 125
122 36
59 45
93 98
14 124
73 43
127 2
136 131
4 102
138 48
130 137
44 112
95 5
126 16
145 63
64 10
142 48
103 73
109 142
112 55
60 3
40 96
51 47
141 75
88 49
41 78
130 50
79 14
126 41
68 101
126 19
58 40
110 51
38 48
119 84
17 40
136 136
47 133
45 69
26 63
103 12
78 128
52 125
0 85
77 134
36 23
89 112
115 124
129 82
0 56
91 91
140 106
149 127
15 54
27 124
59 91
75 57
76 136
146 145
66 112
8 68
118 79
5 149
118 72
90 0
128 103
40 93
37 88
132 122
63 43
128 60
65 58
82 12
63 107
115 67
47 104
133 116
3 36
9 118
108 132
104 101
64 103
64 69
100 34
149 66
138 99
14 114
133 16
144 93
80 95
94 149
28 95
140 117
120 92
131 90
58 99
108 77
59 140
125 89
55 121
87 104
117 121
74 113
37 2
75 5
146 112
144 15
40 41
83 87
64 27
61 97
98 11
76 66
1 123
89 137
1 24
131 111
130 102
43 112
65 21
65 14
10 32
60 82
36 37
96 95
75 66
3 29
66 120
92 113
95 52
123 46
29 35
45 120
103 53
82 16
61 64
12 132
120 33
46 142
13 34
134 55
77 67
105 22
98 112
86 126
131 82
24 52
13 94
17 71
49 57
102 4
91 146
106 112
135 56
30 86
97 149
30 102
60 87
84 145
125 15
115 39
80 92
12 95
7 128
148 59
47 135
26 8
87 100
87 75
11 79
93 9
38 85
45 127
24 81
71 124
60 128
141 148
148 28
82 3
53 98
106 25
13 31
39 136
114 34
57 75
32 11
121 48
81 43
91 97
45 148
56 129
16 118
88 21
148 53
96 51
77 39
37 40
109 62
3 106
51 74
127 133
8 34
63 11
127 0
80 13
90 78
64 136
69 18
106 89
73 76
19 2
55 101
68 136
126 15
144 0
58 41
38 86
26 126
21 86
122 23
15 19
123 37
84 143
9 69
46 84
120 149
94 24
100 128
11 114
9 127
70 11
79 52
53 79
87 7
21 101
25 144
20 124
74 104
128 106
24 60
32 35
137 21
116 68
3 17
48 6
24 149
37 134
64 131
35 67
140 18
4 132
85 31
46 85
144 44
25 61
29 17
77 80
20 64
140 13
144 116
85 12
136 21
29 22
140 120
54 24
28 76
2 110
113 35
91 127
53 68
99 108
37 75
3 43
35 145
113 139
79 96
18 101
34 143
97 62
66 9
68 102
67 79
122 6
108 71
60 101
113 112
64 36
74 122
128 106
128 149
111 98
92 12
133 116
108 72
87 31
123 13
14 137
115 76
5 140
47 48
129 38
103 107
18 113
15 147
69 58
131 62
13 56
113 131
9 132
78 6
29 83
83 81
109 14
92 86
28 135
78 11
44 70
94 81
32 144
66 126
130 45
39 141
74 102
57 66
149 133
144 144
58 85
111 88
31 142
22 121
35 106
62 39
30 130
28 25
64 4
8 28
80 89
102 13
93 7
23 61
27 50
0 14
41 136
33 101
40 98
97 28
62 77
138 18
137 123
33 74
19 112
86 22
107 27
2 95
49 108
111 37
92 91
116 142
129 55
23 145
41 127
0 92
112 41
64 56
123 83
5 25
135 50
57 121
40 39
115 82
76 83
30 94
36 139
121 19
107 83
40 40
143 18
80 104
136 140
20 10
35 7
6 72
102 98
16 32
137 32
39 51
55 77
43 100
126 105
109 40
2 43
115 103
135 2
128 11
107 100
116 141
120 34
110 15
96 92
49 21
113 61
15 94
109 108
108 88
84 123
141 88
35 42
141 70
46 120
49 41
98 35
121 8
100 104
94 29
105 10
61 102
19 112
48 149
80 38
93 40
8 28
72 140
40 99
144 60
21 148
84 77
113 83
99 133
50 88
136 40
62 6
85 122
53 72
87 71
67 138
126 5
35 52
96 91
20 140
6 25
79 12
132 47
22 48
53 99
120 30
70 98
74 34
137 65
84 84
11 70
142 111
66 114
4 102
111 29
101 89
70 30
0 83
62 107
38 13
92 87
28 27
36 40
76 106
70 25
132 106
79 144
127 22
120 110
109 45
87 96
140 60
85 45
1 54
75 109
83 98
35 143
87 55
103 58
75 55
16 92
82 6
118 145
71 96
122 139
64 54
43 96
122 36
129 46
0 52
135 3
132 5
129 65
91 40
53 21
141 142
112 35
104 25
135 113
28 102
64 71
144 118
126 13
148 49
132 19
101 18
119 140
77 100
149 19
43 82
131 31
136 35
140 27
42 144
141 12
91 40
105 49
144 70
26 46
78 83
95 10
31 82
17 58
140 83
91 21
48 131
14 103
16 79
12 56
46 20
35 6
61 120
113 144
94 68
134 98
114 122
78 64
143 46
147 129
52 132
10 2
110 59
73 92
138 115
121 24
19 90
83 117
56 27
92 73
31 89
66 58
122 88
94 136
57 0
89 23
5 28
69 142
13 46
73 134
78 87
143 14
73 87
79 53
130 101
38 116
33 62
83 79
119 1
115 120
108 99
44 144
134 57
111 107
36 52
21 58
24 75
23 58
138 64
130 2
55 13
52 81
54 89
62 87
47 105
116 71
93 79
50 3
18 97
38 102
120 72
138 127
125 21
99 27
110 131
79 127
77 99
13 51
94 113
49 43
103 34
74 120
91 61
44 58
104 37
2 3
24 98
66 89
28 67
11 44
84 19
51 149
124 16
117 115
53 116
130 112
96 3
75 36
20 69
2 110
107 119
129 122
62 62
74 79
107 94
38 121
142 23
113 55
124 145
133 68
117 103
98 21
0 35
79 119
43 114
114 22
92 75
88 7
98 85
33 3
36 72
98 22
71 55
136 136
9 84
121 12
89 138
3 25
121 116
99 139
126 73
130 43
44 15
32 54
112 142
111 96
76 84
84 28
29 64
73 105
99 30
57 107
48 60
127 61
133 65
47 61
9 115
133 6
14 114
58 128
82 10
88 68
72 20
127 23
24 133
46 56
8 52
85 36
111 143
142 116
2 36
149 62
45 90
138 25
71 6
114 92
104 145
45 41
116 39
65 130
81 136
122 19
42 86
141 126
26 149
5 4
91 60
134 94
13 85
34 2
29 38
139 18
121 87
20 32
8 126
38 20
111 133
124 1
95 140
12 48
79 133
131 134
116 125
7 76
16 17
56 24
60 94
76 144
63 149
17 42
123 128
124 24
65 41
141 47
99 105
123 74
134 68
56 6
83 51
50 79
147 123
31 43
134 1
17 117
32 142
37 38
22 39
89 61
53 144
32 101
105 22
50 85
83 16
117 75
74 105
41 132
79 97
91 98
20 20
137 71
100 12
26 79
29 15
63 137
138 142
73 48
135 34
69 144
76 38
45 73
24 5
27 24
6 61
20 11
133 121
71 81
77 62
77 73
85 73
17 54
75 75
26 7
142 29
84 93
105 40
8 148
92 123
52 0
62 108
142 58
30 63
34 65
107 126
38 18
55 1
86 39
71 115
52 73
76 91
15 118
121 55
98 88
53 92
42 121
114 113
123 24
43 71
124 60
147 52
101 26
18 67
88 109
131 90
123 131
62 104
9 21
139 49
14 37
83 49
22 42
54 34
56 67
86 60
16 149
77 54
107 97
91 95
122 147
46 59
44 143
141 27
98 61
30 0
135 69
93 101
47 105
62 44
109 149
113 89
32 79
65 128
5 45
71 20
129 62
0 6
117 55
59 125
133 89
40 130
86 44
78 14
23 84
138 68
104 45
25 133
134 74
25 38
98 7
27 52
14 114
112 82
40 65
148 71
110 43
19 57
10 116
20 11
96 79
54 42
63 15
88 31
65 60
53 95
28 14
20 8
147 2
74 15
141 57
11 115
19 72
2 28
113 31
51 55
11 88
69 48
92 120
149 87
96 51
64 25
50 127
145 53
16 76
98 88
145 75
48 108
88 20
41 143
66 74
103 48
8 74
42 32
102 73
87 113
132 60
33 63
51 65
86 143
13 26
29 131
81 88
69 83
138 105
38 113
41 83
95 92
5 93
15 75
1 102
118 119
58 132
84 144
42 41
63 62
1 69
88 72
30 146
119 2
0 107
21 142
114 6
144 58
129 43
48 116
61 46
133 128
75 72
131 123
6 148
93 27
136 134
92 124
53 93
3 74
24 57
95 58
79 79
34 46
6 139
113 113
23 26
14 124
56 35
42 27
111 65
103 14
0 148
58 128
96 139
10 54
144 68
103 113
97 103
118 120
45 75
54 56
67 129
83 80
132 10
71 27
50 100
28 107
85 36
37 3
71 101
120 0
37 7
67 108
85 54
40 0
16 78
22 99
149 99
15 42
60 115
72 120
26 56
12 119
61 92
36 57
95 10
47 70
134 129
104 149
76 62
149 114
36 63
63 119
57 12
105 29
63 79
67 13
0 95
137 21
105 54
144 67
102 109
135 112
82 72
7 69
81 91
86 29
71 47
148 67
32 90
86 52
81 116
133 54
88 94
113 94
114 3
130 123
81 24
142 67
50 134
31 52
86 109
111 40
27 96
75 139
74 45
23 18
37 92
15 124
57 92
1 45
102 148
75 113
84 9
144 3
73 7
29 112
61 39
66 27
21 100
71 7
22 88
136 97
5 52
149 52
19 52
10 22
16 118
44 44
130 67
70 39
26 134
89 142
6 8
131 39
10 62
46 142
81 38
68 52
17 59
105 69
30 125
55 85
49 91
4 122
70 57
116 125
85 89
120 108
43 38
28 98
113 41
30 54
11 5
98 14
60 14
142 135
17 64
127 21
59 54
28 99
75 103
62 98
103 103
146 119
57 38
57 4
91 74
3 122
29 7
106 95
139 149
131 127
118 60
49 26
100 132
36 31
81 39
54 36
16 85
138 64
27 39
142 62
146 13
61 105
0 93
115 23
31 9
12 39
79 19
140 108
101 39
2 29
73 23
106 136
1 120
42 29
89 124
91 100
101 144
77 41
96 109
50 81
8 115
7 53
60 138
61 96
42 67
30 88
71 27
18 84
90 103
144 108
142 120
10 97
60 139
26 146
73 107
82 72
101 25
105 4
3 84
51 72
54 107
95 122
10 102
148 127
74 86
0 38
35 147
102 6
128 17
5 60
35 85
100 13
136 15
122 7
33 97
92 41
5 11
104 29
18 93
79 9
51 101
46 92
35 149
131 1
39 6
136 139
146 114
58 99
3 18
96 106
128 131
61 13
14 33
67 6
50 103
126 18
76 144
29 42
146 132
33 146
74 71
123 37
100 35
145 99
84 48
118 125
15 147
58 129
55 66
126 53
131 140
126 72
7 62
72 27
96 5
138 0
103 1
15 18
69 12
12 149
115 119
121 48
13 130
33 90
111 80
90 58
68 1
105 113
127 58
63 130
26 24
134 50
143 71
136 65
62 9
15 121
68 110
55 33
54 136
40 100
41 24
32 90
149 35
33 30
117 39
70 95
132 105
116 79
35 135
47 43
141 98
7 98
126 87
131 104
99 93
59 137
45 144
129 132
148 38
86 143
21 117
18 118
3 117
26 50
134 119
37 23
31 89
2 29
140 144
123 95
29 132
130 48
144 68
128 83
96 69
110 49
39 144
38 16
43 125
67 30
105 123
39 74
55 125
72 31
55 105
117 10
38 71
84 98
45 106
25 12
112 114
145 114
11 125
26 116
10 36
88 131
106 80
127 102
89 31
141 128
104 19
62 74
63 96
86 76
90 110
117 139
104 72
74 104
62 44
56 83
145 45
142 129
125 45
86 83
19 46
69 43
106 43
104 123
14 148
90 41
137 86
101 55
36 23
78 142
12 57
68 82
34 51
63 19
128 116
137 96
115 133
32 12
30 7
62 56
86 29
49 80
55 96
99 6
122 41
95 108
67 48
56 74
140 63
23 79
111 129
66 79
102 149
18 121
45 41
104 96
143 55
4 10
134 38
10 74
9 11
65 52
32 118
91 90
66 76
59 84
27 30
111 43
52 88
127 64
119 4
145 129
99 125
97 11
102 84
108 99
29 83
101 82
12 146
79 144
113 122
106 121
11 79
26 128
51 90
2 43
17 12
102 6
142 22
92 50
131 10
85 16
45 10
79 39
13 15
56 120
92 92
124 71
71 94
123 55
102 133
139 51
89 86
21 101
50 82
37 48
40 120
19 149
114 130
20 131
140 109
47 145
78 75
60 21
143 28
78 38
1 46
148 54
109 55
119 36
148 119
121 69
68 94
18 145
54 108
62 102
79 101
14 75
145 149
83 129
121 103
31 118
87 128
11 45
69 103
111 44
2 122
108 9
2 69
35 116
71 114
61 78
127 140
7 64
136 17
147 134
139 120
115 71
133 131
102 122
95 133
122 6
94 115
55 52
103 135
28 30
142 106
43 86
45 96
47 143
79 85
94 47
139 143
142 21
18 77
114 108
23 39
95 129
108 111
54 55
62 120
121 119
64 19
119 87
79 136
148 109
91 69
87 60
76 120
123 13
121 53
57 37
19 78
47 16
144 11
128 82
2 106
83 66
116 42
18 116
37 90
70 30
148 80
34 145
133 83
147 83
124 103
31 88
58 11
120 136
125 148
14 111
41 14
91 89
115 26
22 139
142 102
82 104
128 20
35 148
7 95
146 112
66 95
41 34
30 143
103 27
107 145
109 144
135 53
108 45
146 3
140 75
89 72
142 37
73 21
62 44
101 73
34 35
124 69
77 64
127 2
6 101
121 40
32 80
95 99
53 18
90 2
110 56
11 37
90 84
136 74
137 128
48 33
121 6
101 136
59 53
125 100
130 61
62 84
124 121
89 8
91 15
77 76
112 133
20 32
96 23
35 55
118 24
40 8
62 98
68 62
130 130
49 2
59 80
53 92
36 5
90 55
49 12
93 19
92 104
1 36
135 11
9 54
83 12
43 114
132 138
79 48
72 119
116 92
51 145
1 55
141 6
61 33
144 37
27 117
37 88
148 78
90 11
45 63
112 19
56 81
58 106
114 0
103 24
113 146
59 133
105 81
120 6
129 78
142 25
90 145
55 71
28 121
102 111
11 69
85 136
55 1
110 38
90 144
96 110
30 113
46 135
103 113
2 16
127 136
124 64
83 47
89 19
84 111
37 43
117 47
20 50
72 72
116 3
63 24
32 71
54 85
25 17
53 142
72 127
55 46
76 122
2 4
84 82
114 34
109 26
3 73
31 124
10 105
11 8
19 22
61 126
107 118
147 65
121 43
129 18
17 72
36 50
48 44
121 87
59 83
35 6
56 19
142 147
12 72
55 35
41 31
106 56
34 6
105 82
138 96
82 112
129 121
34 24
25 126
65 8
80 134
52 68
135 78
45 58
138 136
40 104
52 59
38 18
59 108
75 114
136 124
95 137
143 53
97 75
8 146
139 64
140 39
73 146
22 44
11 59
73 68
70 5
19 47
129 62
73 60
94 64
103 88
42 113
67 86
4 126
108 76
4 140
136 71
149 39
5 81
131 8
58 60
24 0
26 137
136 59
65 25
125 37
123 138
32 54
127 133
22 48
79 89
103 128
144 100
55 26
93 44
78 68
107 57
120 81
34 79
21 82
70 52
67 118
120 26
33 9
6 104
47 79
66 47
40 80
17 2
89 22
68 149
108 79
16 109
23 105
129 61
29 9
77 32
102 81
101 111
45 113
110 125
68 13
86 135
24 74
126 126
105 144
10 72
10 124
88 2
99 52
149 134
88 102
117 77
86 138
49 73
136 70
125 62
111 149
61 146
61 29
130 107
104 0
60 98
28 3
14 7
148 21
137 120
21 63
144 40
62 34
81 13
68 82
148 71
120 81
119 86
70 71
60 140
98 76
3 110
102 115
72 16
117 94
47 107
49 65
62 48
137 117
36 140
19 19
143 56
132 73
82 65
106 94
131 109
15 29
81 123
34 78
126 132
134 82
101 112
108 34
8 89
120 35
63 95
99 34
42 29
102 18
69 61
115 138
77 15
95 61
46 110
98 64
97 1
138 27
10 18
107 14
16 108
98 77
1 70
50 31
50 123
48 103
76 77
43 86
94 138
71 66
104 68
146 32
55 42
142 95
70 97
35 81
18 9
5 59
65 56
110 48
49 145
22 98
10 80
139 39
40 120
68 59
148 69
38 65
91 144
149 37
149 146
68 26
144 26
76 40
40 12
82 77
61 123
87 22
105 61
28 64
46 120
47 8
15 69
144 130
127 5
44 144
102 22
57 55
19 114
82 17
54 58
28 141
111 27
103 84
48 42
110 145
40 146
69 26
143 23
23 125
43 37
131 87
101 26
7 115
40 97
14 118
8 127
11 87
99 118
114 48
94 52
63 72
7 107
83 139
5 86
27 80
6 35
74 27
93 107
4 142
135 21
31 140
22 35
3 110
1 94
91 73
122 109
35 110
100 29
120 41
147 27
31 117
64 23
84 11
139 42
51 61
25 2
102 83
103 102
26 116
131 36
41 53
96 45
112 148
29 28
60 95
139 65
141 90
96 70
49 12
97 115
47 48
78 147
40 25
110 5
108 107
18 23
132 33
112 64
69 53
17 121
53 28
116 101
70 71
139 35
149 143
45 138
45 133
101 5
80 46
59 20
19 136
63 115
20 30
93 2
12 128
16 69
145 27
36 7
139 44
88 75
32 125
128 24
49 20
109 15
115 10
110 90
146 24
104 36
100 109
6 34
32 125
54 24
90 12
40 86
72 140
119 24
27 47
74 38
113 112
0 140
104 141
130 8
135 94
20 71
78 86
69 100
10 91
103 140
121 8
89 21
88 113
113 6
1 34
36 1
143 112
121 16
25 40
126 112
116 25
111 101
131 53
49 136
149 95
48 96
19 120
38 40
55 140
24 144
18 2
42 50
108 106
129 21
135 121
56 15
132 90
108 146
72 20
15 127
97 39
17 83
6 8
15 97
49 60
30 51
20 11
73 51
133 136
107 9
13 46
136 40
37 19
9 64
19 119
122 71
101 85
2 13
118 75
59 104
72 79
99 51
112 54
69 102
126 94
8 74
129 6
105 133
95 128
3 40
98 118
2 105
87 33
42 140
90 63
11 129
9 32
46 25
54 66
83 136
137 20
100 96
1 23
22 35
110 85
106 88
34 15
119 96
26 10
82 84
131 44
95 102
75 130
96 128
133 78
2 30
148 12
19 8
96 16
24 121
33 100
35 27
4 141
123 40
10 78
122 34
61 121
113 115
81 47
53 31
0 3
137 146
59 125
35 65
136 107
149 99
57 30
56 42
47 42
6 3
100 56
92 137
23 137
111 124
126 57
12 114
51 90
51 125
142 4
14 25
52 60
107 0
22 127
48 126
40 81
46 101
21 43
115 17
59 145
33 139
7 72
7 59
144 18
36 80
43 122
21 116
43 129
136 56
43 31
117 115
148 106
41 58
40 147
20 37
123 10
6 18
112 92
115 107
35 16
7 111
3 6
89 2
103 95
104 147
121 130
47 42
120 100
84 2
124 59
30 133
82 62
14 114
72 76
28 37
93 115
102 102
39 1
63 116
31 105
91 18
97 68
137 145
141 42
121 69
106 21
16 12
114 19
69 66
64 96
33 144
125 129
79 16
88 44
123 68
94 121
28 118
42 120
140 77
133 61
105 120
120 125
25 83
82 18
22 32
76 49
18 39
59 11
54 96
128 9
4 129
71 69
49 29
35 80
121 134
14 39
78 114
128 11
85 142
43 51
107 130
101 109
109 80
60 121
114 43
122 148
15 134
101 117
27 106
113 50
57 15
33 136
37 4
18 96
86 136
50 81
36 135
20 23
132 88
99 0
108 4
12 4
85 102
136 33
100 94
64 124
22 78
121 148
93 114
74 44
110 143
137 43
81 136
41 43
104 47
49 1
53 104
23 30
82 78
138 11
36 136
148 89
30 35
50 55
147 97
41 13
49 28
76 42
128 2
129 18
50 115
26 141
40 136
17 107
54 117
28 83
12 84
21 71
38 95
42 76
83 66
130 94
19 20
115 83
103 141
135 77
139 66
7 93
42 68
48 13
141 109
149 99
97 125
42 30
37 46
141 137
91 62
78 87
81 120
144 79
44 145
101 139
119 97
132 18
67 91
15 105
124 41
147 129
123 66
8 112
76 125
11 46
22 1
115 39
10 97
97 105
9 28
81 82
111 75
46 49
70 81
58 86
48 149
16 13
112 130
129 37
42 51
92 86
117 25
21 27
79 55
148 24
88 26
141 48
1 87
130 82
51 58
129 88
94 56
92 44
78 49
31 136
40 116
53 128
143 61
114 26
121 129
76 17
8 3
41 149
15 112
34 88
90 56
73 9
114 64
133 25
92 112
83 52
122 50
17 68
84 45
89 103
41 23
3 24
85 1
101 41
66 45
43 69
119 43
102 91
89 77
129 20
81 11
26 9
15 139
4 142
66 21
18 103
64 72
137 93
116 16
99 51
68 78
136 64
48 35
75 138
56 18
68 25
114 100
65 82
29 32
84 31
19 89
147 3
18 109
72 147
142 7
147 38
142 74
73 51
39 124
81 6
97 139
107 120
64 131
25 111
125 84
122 107
87 124
147 38
9 73
96 149
51 123
113 115
143 117
6 91
34 83
36 146
16 59
44 57
83 77
27 16
75 24
44 67
19 103
107 30
109 33
82 108
73 78
20 87
12 3
19 103
53 81
26 20
67 49
145 34
107 94
12 45
62 17
71 65
72 9
120 59
65 33
35 57
79 63
132 138
112 66
14 107
14 16
116 89
50 104
94 49
27 144
56 138
44 28
32 118
25 146
38 123
133 102
131 4
76 129
31 110
11 107
114 77
33 96
102 133
72 19
30 79
148 27
147 137
140 82
90 61
136 149
49 107
62 4
76 15
149 60
106 18
89 107
93 122
83 64
133 8
50 35
36 0
42 7
41 9
91 93
13 0
41 132
7 31
108 88
97 29
53 135
3 139
83 133
139 30
144 56
49 6
93 7
144 88
102 109
73 131
140 26
148 19
43 86
110 74
122 91
55 18
149 74
68 121
87 54
75 77
29 140
66 23
56 33
119 109
82 60
27 77
4 15
68 131
63 110
27 94
8 2
100 29
67 34
103 137
62 117
54 96
128 84
40 117
95 37
37 51
130 32
77 1
146 149
3 2
98 39
59 10
57 19
114 4
57 32
67 145
54 51
18 127
103 37
21 48
43 122
27 63
97 2
57 85
46 73
51 123
26 19
35 138
18 50
112 47
24 145
144 101
91 116
92 127
18 9
147 146
135 132
4 4
149 46
131 46
78 63
6 57
32 40
145 97
146 128
120 15
74 141
74 102
10 43
119 115
61 57
148 136
118 9
85 130
107 2
122 114
62 90
22 31
109 48
117 35
104 132
28 32
61 24
78 100
46 128
138 33
55 24
76 110
94 98
55 11
51 17
9 128
116 131
106 99
22 65
75 121
115 4
17 131
74 57
33 97
11 3
115 16
93 134
124 130
108 26
145 120
101 55
60 23
117 94
47 48
17 135
1 101
3 68
22 91
75 29
25 97
87 44
114 36
40 86
120 133
68 45
50 148
57 44
90 118
132 3
57 61
79 138
17 77
41 32
95 66
1 118
57 137
135 131
93 129
65 56
65 67
133 66
3 125
62 85
103 59
1 130
81 37
79 40
139 80
53 49
69 144
46 23
70 0
6 148
55 122
27 131
146 95
89 16
46 49
24 99
12 45
80 140
23 63
135 1
77 41
12 147
73 74
19 70
127 72
29 32
67 109
138 126
103 11
22 139
25 89
59 81
27 41
99 135
140 52
110 48
140 46
43 1
145 148
91 85
77 133
91 34
125 52
56 88
139 107
71 138
112 136
40 86
1 38
32 104
90 125
18 78
1 144
27 55
93 134
71 98
0 11
27 15
51 41
129 121
125 1
97 17
83 19
113 53
23 31
18 44
19 7
144 69
146 51
74 27
105 66
31 117
29 144
44 40
32 21
83 53
108 83
48 122
98 66
6 111
78 32
92 13
58 10
93 98
125 128
72 82
143 89
146 52
10 46
81 6
50 63
46 72
16 64
9 23
144 105
125 12
18 66
18 11
82 50
6 99
133 143
84 73
99 82
86 7
64 141
99 15
114 33
72 128
21 50
140 127
84 129
115 121
141 146
59 145
87 45
90 16
57 81
45 62
24 123
2 6
6 0
132 83
106 139
49 26
104 138
99 142
3 38
144 32
56 131
130 141
8 31
52 91
30 3
143 132
147 120
119 109
124 125
104 60
75 40
92 118
38 36
28 70
118 18
9 35
142 22
144 126
39 81
73 62
104 10
93 22
64 29
50 144
83 134
41 50
80 102
51 86
48 64
35 92
144 102
61 16
92 70
86 94
138 129
42 1
119 136
47 39
43 1
133 47
56 1
9 119
128 11
52 55
49 20
81 92
91 92
0 141
93 50
147 41
30 22
51 141
38 50
11 88
114 30
20 20
56 18
63 64
39 141
22 35
100 113
57 10
98 137
37 100
55 147
107 17
34 99
82 95
69 46
133 54
141 102
123 102
133 23
56 26
55 6
61 93
142 132
0 32
89 93
35 28
8 68
72 2
132 55
7 73
30 104
131 51
45 32
9 93
58 136
12 36
141 51
33 142
10 55
20 32
28 28
34 76
49 51
105 25
89 75
17 16
76 47
117 64
23 37
21 50
78 118
74 111
85 119
124 19
123 68
15 70
105 22
89 69
72 88
8 1
46 9
19 42
138 27
113 56
65 54
83 54
30 58
86 110
26 93
115 4
90 122
70 47
37 109
85 45
124 35
8 44
71 99
17 122
79 52
92 41
144 39
71 42
79 137
133 9
142 143
63 119
53 119
32 100
92 50
69 57
41 63
23 139
72 126
99 126
21 81
71 93
17 36
17 80
68 50
73 119
86 121
26 62
126 114
26 141
83 105
15 89
117 92
48 149
106 21
76 1
69 49
90 94
26 137
107 70
123 148
9 56
93 75
124 99
34 2
14 16
56 67
55 92
141 111
75 62
115 74
140 58
50 135
102 98
19 43
148 61
85 0
62 115
16 103
89 130
85 74
36 121
110 48
50 141
102 70
7 5
67 79
70 92
11 64
31 71
103 99
48 129
36 78
121 141
142 6
137 45
65 90
103 135
19 69
63 40
92 39
118 147
8 49
60 116
109 72
132 27
24 97
139 101
56 86
121 0
109 7
114 129
89 0
142 105
11 28
16 3
54 30
77 121
147 77
149 113
81 113
18 113
109 75
108 65
63 149
79 45
120 6
96 98
143 98
53 88
4 121
82 60
35 107
26 120
69 74
119 9
129 108
14 122
60 23
107 146
69 21
31 25
17 40
91 42
78 132
53 69
49 61
84 141
127 39
17 0
83 43
22 125
98 140
9 145
125 40
32 26
148 122
32 69
135 49
72 119
25 134
33 140
37 29
88 29
126 132
135 147
105 119
3 23
47 7
7 98
131 123
28 5
57 99
48 123
123 103
26 34
129 20
97 27
94 71
24 59
36 114
69 29
121 31
123 103
60 18
125 69
102 3
109 77
145 144
134 95
12 21
127 149
46 128
31 4
73 114
72 89
29 82
84 130
15 51
107 98
44 123
34 13
35 96
139 134
6 16
142 4
116 29
64 45
142 83
121 48
70 28
110 68
116 149
81 90
44 33
19 124
121 58
23 140
10 114
42 40
50 49
24 126
122 89
128 109
94 87
13 127
133 138
63 34
60 15
37 65
112 117
78 106
119 105
123 14
149 37
20 27
48 89
118 112
62 79
146 40
96 79
19 57
146 103
55 145
39 101
135 142
109 109
80 115
103 15
40 61
72 95
5 96
19 35
65 137
88 88
16 41
63 81
127 88
37 63
58 79
47 46
137 144
89 46
140 113
58 39
40 99
7 39
110 88
24 81
43 97
132 80
35 29
129 133
144 61
138 143
54 111
100 32
45 97
25 142
137 87
99 68
139 32
10 127
41 8
85 31
52 80
0 47
27 5
75 106
73 71
139 143
80 13
88 147
40 80
76 28
114 95
147 86
19 133
77 89
2 0
145 50
125 123
89 97
83 78
90 90
27 77
36 123
74 90
3 147
84 75
70 70
110 57
35 1
115 38
55 37
11 130
53 66
138 117
135 98
117 3
70 34
49 16
127 29
32 53
54 139
46 54
125 34
103 92
147 105
33 16
33 102
40 70
43 87
14 106
54 18
5 97
8 58
108 59
41 142
59 115
100 20
25 102
27 14
145 88
46 93
123 98
94 48
30 54
122 82
60 131
70 42
42 91
24 26
121 38
32 89
104 49
143 108
25 110
68 12
62 43
32 114
129 76
125 16
122 70
105 38
32 91
134 72
71 6
107 71
8 19
42 117
94 0
13 114
140 14
10 123
57 106
28 2
56 74
97 59
98 111
136 117
116 40
37 76
95 96
59 145
106 15
144 5
22 128
36 130
47 10
4 70
96 103
33 15
3 38
124 132
23 78
126 9
144 70
85 39
27 53
127 60
39 85
90 141
23 141
139 87
103 3
131 139
105 60
137 119
28 40
57 143
103 44
7 79
92 113
104 98
23 16
35 72
63 115
93 45
115 13
21 24
35 10
102 127
136 19
53 125
41 139
117 4
127 137
117 48
19 29
5 75
96 31
16 65
33 46
147 60
114 3
116 13
58 116
3 135
62 139
7 86
74 46
19 0
66 81
126 17
52 32
142 27
86 53
56 24
134 75
140 1
37 83
133 101
58 58
36 122
135 26
3 89
11 14
54 93
130 89
54 98
64 111
113 100
36 75
110 31
14 146
71 120
7 26
84 6
135 92
89 110
103 129
116 0
96 80
120 38
36 16
142 133
43 145
49 84
44 20
10 130
51 81
25 79
116 63
57 13
76 95
96 135
50 119
138 44
49 102
142 65
14 47
0 81
87 142
105 62
60 130
61 114
121 15
29 135
33 125
131 144
2 6
65 40
26 111
129 64
143 21
132 124
63 139
41 76
87 48
112 100
3 82
117 41
121 60
24 135
149 60
27 19
43 29
25 66
15 114
35 144
46 63
20 7
135 143
70 36
75 123
114 57
104 58
69 4
79 127
127 139
118 35
1 18
30 96
42 20
23 147
9 101
21 129
92 0
147 120
107 147
97 79
16 36
25 28
125 88
103 149
33 35
16 26
86 120
145 54
108 12
137 79
121 100
87 110
88 15
134 137
20 60
140 122
38 57
29 43
45 23
60 140
40 56
136 132
123 125
12 137
128 85
19 80
76 51
16 83
32 57
30 143
19 51
56 118
71 74
29 1
131 13
106 56
8 141
77 54
23 132
60 117
38 101
64 113
107 21
2 23
89 88
131 87
10 129
42 33
29 72
122 9
133 74
19 89
56 55
148 16
12 141
99 98
77 60
13 19
132 145
55 15
12 0
19 6
83 58
36 18
27 107
126 80
55 85
100 116
50 54
105 11
137 80
14 76
122 28
75 72
72 107
83 0
105 53
16 121
124 66
19 46
43 117
1 113
9 31
6 50
79 11
68 136
19 13
54 74
146 90
88 27
115 22
116 73
37 41
82 35
135 2
75 10
82 133
95 102
9 56
45 134
112 23
132 101
107 53
100 37
41 143
145 2
135 107
144 27
32 22
115 73
44 130
45 113
86 71
72 117
55 119
53 42
86 11
101 14
47 41
90 80
49 1
131 16
88 145
4 45
48 111
60 49
127 12
78 111
31 21
45 58
117 131
5 133
96 92
61 105
45 14
139 24
76 113
137 29
130 2
28 51
124 116
105 59
137 106
100 77
41 96
138 123
40 108
77 69
65 24
102 73
132 10
96 78
98 119
119 93
36 124
81 69
107 29
136 17
42 109
141 121
111 92
10 11
63 111
114 67
9 32
144 124
149 46
122 38
126 37
54 72
35 55
34 115
2 68
127 80
20 29
20 47
57 70
61 28
73 147
126 82
90 146
10 20
72 48
4 119
76 101
2 1
64 38
55 75
37 127
6 98
10 132
121 108
136 34
91 91
5 145
138 39
47 138
10 147
67 76
35 102
132 115
149 56
91 58
77 18
19 26
33 117
0 137
0 63
64 65
26 61
4 29
129 19
41 101
53 102
118 110
61 69
65 33
95 38
144 128
5 114
48 111
67 134
137 75
112 136
24 149
28 44
57 16
73 130
142 92
93 147
34 138
25 48
90 138
37 76
14 8
101 44
2 36
129 18
104 120
107 0
48 12
33 18
117 16
24 102
9 55
84 2
5 119
12 75
32 16
6 140
29 100
1 21
62 13
99 52
69 63
2 16
32 64
35 54
113 112
5 145
55 89
112 117
93 23
94 102
10 85
81 136
103 112
15 84
42 72
136 23
2 32
46 52
41 61
73 125
137 133
140 135
28 87
33 93
145 149
44 61
98 139
42 14
27 14
116 46
69 119
56 49
4 106
139 143
83 0
3 110
87 36
28 21
93 148
57 142
92 31
61 105
139 129
18 123
52 88
59 64
111 76
13 134
13 116
50 96
64 59
44 149
104 70
27 55
4 26
7 135
61 54
125 128
1 75
119 17
141 91
8 121
13 79
62 132
72 2
82 1
100 148
102 63
143 22
100 33
73 109
124 55
95 135
56 51
73 87
104 41
66 64
52 111
25 139
43 130
67 103
65 126
141 38
40 31
28 45
23 49
56 74
33 24
121 5
108 59
100 26
1 60
125 29
109 109
15 133
119 5
22 0
83 29
35 109
102 12
4 69
3 19
22 58
92 104
64 27
61 117
46 115
118 2
90 138
57 62
61 84
11 15
24 33
16 141
107 31
91 125
6 25
76 18
125 33
14 144
114 34
149 88
66 27
120 68
35 26
64 124
61 22
129 73
113 106
33 83
72 108
121 82
50 55
89 24
25 78
90 88
62 20
27 61
76 83
9 109
120 67
86 118
123 129
39 26
10 2
67 108
113 79
58 26
87 103
80 46
130 140
142 46
91 21
27 113
86 25
1 56
69 70
78 78
127 139
3 147
22 134
9 45
83 40
7 46
135 1
12 56
146 123
93 132
7 68
53 141
77 114
10 52
117 40
146 15
95 43
131 64
43 51
79 18
149 133
51 80
85 2
58 81
16 129
132 53
99 66
4 32
47 147
69 74
7 37
62 127
145 89
38 49
46 73
127 9
121 55
70 9
148 16
11 18
127 5
136 93
17 123
73 37
148 48
99 77
6 123
116 134
85 117
138 101
1 101
108 42
148 54
36 58
56 10
78 138
82 15
96 26
22 71
111 131
42 56
112 4
149 62
88 0
69 141
8 87
94 5
101 82
40 100
63 89
119 94
99 114
80 36
115 94
91 29
41 34
19 47
40 92
116 21
20 43
23 76
79 9
30 88
44 53
146 1
119 71
49 70
47 145
35 112
97 31
70 32
114 107
93 92
135 40
73 78
15 120
91 77
55 43
69 84
77 96
28 65
88 63
145 92
142 121
120 92
40 129
57 21
70 43
54 22
134 77
143 18
83 55
119 37
5 75
76 107
47 105
43 14
70 71
45 78
13 136
80 143
111 66
43 6
105 124
134 68
74 42
6 49
0 43
129 73
71 93
2 93
143 102
46 133
0 45
135 17
140 12
1 65
26 74
63 51
65 72
124 91
88 141
121 141
115 109
112 97
95 87
79 15
64 19
112 131
9 127
118 131
113 72
70 59
126 31
96 75
122 100
110 93
5 46
73 146
89 47
87 40
9 11
73 18
115 143
69 87
84 46
94 122
97 120
73 135
73 112
29 24
122 97
112 115
41 11
57 110
16 113
123 35
51 9
129 55
82 37
131 114
15 89
50 78
89 101
65 5
37 118
129 60
59 6
18 40
92 38
44 11
120 42
148 110
10 146
71 20
37 52
82 18
129 126
128 54
38 66
4 40
6 118
60 70
54 116
4 48
51 95
85 55
145 34
77 147
50 51
33 80
134 118
89 8
143 146
45 100
103 114
98 141
41 44
45 100
106 25
70 126
48 12
1 12
17 55
11 55
9 127
21 92
126 118
10 133
6 132
127 129
18 38
37 138
24 7
75 146
40 29
67 143
69 33
51 83
27 55
50 132
73 2
8 47
39 30
34 10
119 104
20 129
23 34
14 40
121 10
41 142
112 148
40 119
62 60
96 42
85 142
70 4
112 105
3 67
78 137
137 126
124 9
103 21
103 83
62 76
13 57
18 56
117 33
135 140
51 6
113 109
133 54
35 99
109 82
98 58
73 36
138 110
34 28
63 113
138 28
143 103
140 123
65 102
73 35
145 12
95 109
45 103
147 45
48 64
87 133
0 102
144 119
0 74
0 61
135 5
24 53
68 7
39 42
43 7
52 86
122 86
48 95
69 46
102 99
85 25
50 19
45 65
38 59
65 76
92 143
82 35
67 44
147 119
143 98
54 33
6 119
148 133
88 4
30 130
118 123
47 83
60 88
148 94
120 112
75 39
40 8
128 58
51 96
118 41
2 46
148 12
12 58
25 11
133 51
67 60
149 43
0 108
134 108
94 64
122 47
93 138
11 97
146 139
95 21
26 82
36 26
55 70
36 39
77 63
59 104
73 129
52 61
98 96
143 12
20 16
69 15
41 52
8 43
111 69
60 85
109 86
66 60
8 148
9 86
99 97
18 73
70 102
62 32
52 1
129 1
88 85
124 129
112 69
140 104
119 99
54 57
102 125
10 21
46 34
62 144
138 77
55 87
49 35
110 61
1 94
127 135
38 12
57 85
72 55
135 52
40 110
40 133
139 60
103 91
78 21
26 22
49 9
119 83
96 108
27 67
51 96
24 129
87 7
81 101
67 90
144 131
98 89
115 53
137 130
91 68
10 62
143 4
39 1
107 66
46 123
119 102
103 61
84 127
135 88
10 134
45 81
85 21
68 72
122 105
17 6
92 132
14 30
19 6
62 36
1 82
132 62
123 79
33 93
119 105
2 31
64 121
145 60
5 12
27 4
37 134
88 65
84 22
105 100
7 37
138 147
56 54
1 68
138 138
138 114
4 49
149 56
3 96
121 38
42 79
69 93
87 9
74 20
86 145
146 110
49 39
95 106
114 78
63 19
23 35
15 6
49 140
73 68
47 86
56 106
48 76
36 96
144 138
118 18
48 120
50 5
147 109
145 55
91 17
17 11
46 99
19 122
66 45
41 74
71 101
38 24
31 88
126 122
26 86
88 37
110 133
12 61
147 1
17 108
81 115
84 13
40 58
82 115
40 148
35 144
13 42
79 12
138 83
30 85
121 94
141 101
102 25
134 25
42 33
44 35
72 127
142 14
46 135
145 109
108 80
68 120
141 16
89 111
62 86
114 91
64 59
87 109
2 66
19 137
66 59
5 66
124 115
10 37
29 141
64 96
70 117
99 52
38 119
27 42
66 131
35 145
66 27
111 136
14 86
66 10
137 67
13 83
75 124
44 29
147 110
10 118
142 129
43 143
30 133
27 77
146 58
96 134
74 37
10 50
82 3
49 111
31 136
83 104
106 40
100 99
57 3
86 108
135 66
43 148
141 10
136 144
22 66
66 125
20 103
64 131
0 22
110 107
96 100
32 17
34 2
85 102
72 133
78 145
88 37
96 42
42 66
37 20
74 5
71 141
123 89
50 139
60 123
138 144
59 80
122 14
84 13
13 21
106 60
146 36
132 12
141 9
7 56
91 52
92 118
83 89
144 96
79 112
68 71
88 141
103 78
117 114
136 146
127 67
37 47
29 25
14 124
135 23
32 76
37 112
11 20
85 116
91 108
10 28
49 71
134 14
86 69
122 83
89 148
125 84
95 120
43 28
90 93
45 43
42 98
26 17
106 19
107 76
144 146
16 148
21 86
139 41
2 10
52 4
13 92
117 103
51 127
5 59
115 74
66 144
137 60
51 82
7 83
140 55
142 53
110 76
12 19
148 107
27 74
30 62
141 76
142 119
7 54
142 77
134 140
13 106
65 124
62 143
17 38
56 101
83 117
13 93
83 44
30 131
65 68
59 24
73 46
15 63
56 25
69 111
78 112
83 114
62 53
109 1
19 112
13 46
93 75
140 89
143 82
146 20
79 140
49 96
44 73
95 144
112 59
27 22
5 44
82 47
1 123
129 36
144 75
44 6
109 42
53 149
52 92
82 100
64 116
77 84
72 97
69 136
108 58
65 113
0 65
118 114
131 128
128 73
88 17
83 70
113 8
12 73
142 43
85 29
87 128
91 92
17 72
88 86
93 118
76 40
30 8
91 29
130 117
33 28
147 89
108 74
51 117
58 38
8 32
27 125
77 121
9 28
95 32
33 48
127 143
108 146
97 107
87 22
50 65
134 76
1 39
53 31
116 84
102 60
129 15
75 124
40 80
85 64
98 122
139 73
23 50
35 110
68 15
23 13
141 65
21 55
31 41
148 96
53 71
107 58
106 93
72 132
121 96
48 133
80 21
2 93
33 61
120 8
30 123
2 146
133 130
46 5
105 66
75 121
62 133
114 79
114 145
79 110
103 146
72 133
40 17
140 14
73 142
129 110
9 34
104 107
125 64
120 15
14 104
79 83
130 79
27 40
38 105
9 50
72 142
45 84
145 77
87 53
96 74
23 17
145 102
126 89
117 68
128 64
135 99
129 64
53 99
30 91
101 146
62 3
121 1
82 81
0 135
55 33
76 110
31 59
106 77
17 8
135 147
20 50
83 17
102 22
9 10
2 24
8 77
35 54
2 6
22 63
148 26
31 93
137 74
111 45
16 53
123 74
31 111
16 55
64 119
110 4
38 55
108 108
110 101
29 75
113 45
32 91
86 131
61 4
101 21
120 114
106 43
111 51
16 44
31 107
77 144
143 87
70 24
129 122
79 103
51 76
96 25
91 56
32 97
5 95
102 97
45 143
109 24
96 19
84 96
132 125
103 56
24 15
61 54
105 65
77 3
115 14
111 117
32 132
124 125
5 110
37 20
88 125
88 77
76 25
81 62
119 19
1 126
14 61
67 43
109 80
72 10
27 12
67 105
111 128
47 74
93 128
94 35
60 124
13 141
63 140
117 146
81 6
7 112
146 141
64 8
57 79
22 63
57 94
128 1
88 51
78 78
97 26
92 34
32 132
97 9
14 138
45 26
50 109
5 58
78 1
22 92
130 137
75 86
34 25
91 100
147 16
135 51
146 102
12 15
148 119
102 30
52 129
98 78
22 132
45 33
3 32
126 86
120 4
140 82
135 89
71 31
68 27
74 90
93 39
44 27
131 8
122 81
87 4
103 97
75 72
14 92
57 37
53 86
18 44
119 5
6 56
75 135
27 14
24 27
31 28
75 25
134 142
105 123
148 17
117 77
26 140
4 127
99 110
95 16
77 10
40 15
27 72
147 129
0 28
144 58
119 62
76 10
70 126
1 19
14 35
47 105
124 34
38 1
126 106
136 62
103 28
12 127
116 93
71 124
55 67
119 45
62 15
80 94
97 68
1 138
42 110
97 22
121 122
33 86
121 131
50 121
136 59
10 143
65 18
21 27
139 96
81 112
96 143
1 80
148 123
39 19
115 68
126 35
123 105
44 145
59 23
86 103
64 102
92 62
78 88
103 47
111 69
19 69
102 14
82 86
139 75
145 13
3 19
38 128
105 64
132 99
144 80
74 49
108 18
148 41
34 18
133 7
61 148
22 54
124 137
131 19
47 124
49 21
120 85
13 63
21 92
13 140
37 28
106 42
23 69
85 46
44 69
59 26
90 82
79 48
129 36
97 117
124 32
92 78
115 77
101 17
28 58
15 106
30 140
89 3
36 101
81 123
97 83
100 40
44 134
96 141
16 36
35 103
45 117
86 57
120 89
114 135
145 29
79 139
38 77
102 86
23 149
146 104
105 115
60 34
64 6
47 10
65 128
31 97
134 11
94 60
68 59
87 57
76 67
49 55
96 59
96 49
23 112
61 120
89 128
67 127
50 2
2 34
105 78
49 63
57 110
90 24
20 143
76 95
34 76
14 115
105 63
17 108
133 116
116 74
32 12
41 78
99 99
113 85
58 87
14 84
90 137
17 108
2 69
70 20
59 42
10 122
54 46
86 127
47 11
78 61
83 8
2 27
86 7
64 6
64 1
13 54
132 139
7 101
19 28
114 54
88 73
129 80
107 51
104 143
73 27
73 43
41 133
120 94
84 94
52 117
2 85
70 46
51 69
63 34
13 138
149 77
99 99
48 32
110 130
108 116
129 116
0 128
138 112
21 133
18 117
36 74
25 127
44 111
87 29
96 119
95 53
65 21
76 29
97 32
51 89
51 127
84 87
3 74
124 122
20 71
44 89
96 110
84 15
134 141
117 80
112 43
14 40
81 131
15 139
97 28
53 83
59 86
97 40
98 96
7 9
29 126
1 118
58 2
112 130
115 53
145 31
93 97
85 3
94 137
38 34
107 129
71 96
25 102
4 93
20 3
89 137
66 17
115 71
10 73
64 134
15 45
88 30
91 99
112 24
102 55
14 128
137 9
10 149
148 50
88 36
77 125
37 109
118 110
141 106
39 3
12 137
58 18
102 120
64 3
5 106
55 21
29 58
38 33
146 0
0 24
86 134
7 49
13 30
90 25
27 108
96 20
75 3
42 1
51 145
104 137
20 33
41 110
48 107
142 101
0 87
99 16
66 5
122 61
11 18
121 55
130 124
87 53
129 108
149 47
30 118
1 66
33 140
139 146
1 49
133 23
35 67
13 61
46 30
126 9
98 31
107 133
127 140
28 41
30 63
51 145
126 26
127 79
13 63
76 51
130 52
98 127
12 23
39 31
16 85
102 33
13 0
66 134
58 142
138 94
78 20
106 89
142 112
117 25
105 110
85 144
144 14
51 8
31 20
3 139
57 39
35 61
97 59
15 71
109 13
109 26
61 32
83 134
127 80
53 2
37 138
77 139
149 91
109 52
147 45
33 38
33 5
1 67
111 135
89 53
17 129
48 33
141 97
31 102
30 115
126 94
130 73
26 103
37 57
116 28
141 91
119 124
118 143
16 26
57 61
106 26
36 24
149 104
38 50
117 56
32 92
99 29
24 91
87 58
111 61
37 118
79 80
32 3
21 82
119 7
21 121
30 4
95 0
116 1
38 62
87 122
36 72
23 145
48 3
128 139
11 13
35 143
94 149
17 49
28 113
95 14
40 90
113 143
82 105
121 26
78 96
91 147
88 63
128 133
33 22
104 58
80 34
121 34
126 142
100 104
101 92
82 126
28 100
141 51
45 122
52 118
95 72
15 81
147 66
68 79
75 23
24 86
19 117
110 7
64 1
53 53
67 124
80 96
23 46
77 139
97 92
13 87
10 110
118 73
67 77
128 34
103 127
90 63
89 33
67 70
21 65
110 20
85 93
91 76
135 77
3 60
77 88
146 3
45 118
9 16
42 4
28 110
114 72
81 41
28 50
130 59
108 139
65 42
65 135
69 122
9 115
141 25
38 69
53 45
31 138
92 133
54 89
13 28
95 93
58 111
107 2
93 35
42 28
105 6
96 79
38 48
104 94
13 58
144 49
123 101
19 85
88 87
72 117
121 135
89 100
9 109
64 145
48 148
127 139
21 129
113 41
120 87
140 107
29 99
96 109
42 84
85 86
87 139
146 111
68 110
64 68
136 94
91 133
80 124
61 148
90 48
133 42
63 95
124 48
73 111
115 96
36 86
52 49
36 47
13 35
27 113
138 47
55 24
80 5
39 14
94 87
118 101
149 132
28 109
82 36
142 14
2 99
77 18
119 66
1 100
19 78
81 99
137 76
4 103
43 113
51 105
119 4
111 5
65 116
30 81
138 67
117 28
56 6
139 137
48 41
64 122
138 51
21 91
3 57
86 34
89 95
75 31
15 79
35 43
131 141
90 122
34 72
44 2
82 72
44 37
2 34
109 51
48 24
11 101
142 43
46 93
113 137
103 38
83 24
22 132
56 6
128 61
68 80
21 39
8 36
117 1
11 138
74 35
27 143
135 144
39 98
140 139
137 11
108 140
118 61
68 85
13 38
78 5
51 83
93 51
143 92
72 94
119 54
83 85
51 100
127 108
95 94
124 77
71 107
35 148
67 118
11 109
103 92
119 82
54 87
142 67
20 102
100 59
32 57
37 64
43 8
110 31
121 88
106 117
49 137
70 128
52 4
36 73
139 127
18 133
88 35
78 114
117 13
125 36
30 52
41 22
117 67
83 97
120 69
125 33
4 35
3 145
36 16
129 21
79 27
53 3
11 59
95 27
84 28
79 111
65 121
60 2
26 29
80 3
33 119
116 128
117 87
37 131
132 96
60 69
55 33
112 51
61 112
122 67
61 121
121 11
109 58
58 17
51 41
98 115
76 114
18 73
103 45
56 138
100 99
87 19
31 105
110 10
97 72
13 104
114 90
141 44
125 13
124 106
42 42
61 113
133 42
55 36
53 9
127 21
25 57
140 136
18 1
58 75
8 68
95 13
76 78
14 131
17 89
19 77
20 42
35 116
91 3
111 134
103 112
1 137
142 130
50 129
66 75
12 5
86 35
122 119
26 138
10 99
8 106
81 97
142 0
109 32
43 75
127 37
2 75
110 76
34 83
92 65
46 33
27 135
60 5
136 81
17 90
45 146
95 14
123 27
130 76
8 125
44 90
103 122
23 97
37 70
104 82
106 38
92 35
50 64
79 29
59 56
4 100
92 132
31 81
17 37
138 23
108 68
0 106
17 143
37 27
148 139
10 128
18 100
39 47
84 126
27 23
28 64
126 106
98 52
9 133
15 113
144 63
56 53
110 0
74 75
119 58
13 120
103 29
38 130
17 104
87 122
21 111
54 53
4 61
19 31
111 110
132 129
33 141
94 38
7 27
72 5
40 53
124 140
23 62
20 108
113 10
131 121
79 91
142 129
91 29
138 4
103 0
147 41
10 135
12 79
71 111
6 123
145 126
38 80
82 49
23 73
28 115
21 83
83 111
119 106
141 56
38 114
66 96
1 3
40 128
107 120
28 82
67 9
112 36
121 149
60 59
51 128
41 66
84 102
105 97
16 141
108 138
138 47
113 97
105 80
50 7
114 89
110 45
145 30
44 36
129 145
96 129
31 23
82 137
53 68
119 123
96 11
134 22
144 22
3 36
122 6
6 3
123 130
76 104
0 3
0 38
86 50
77 82
71 120
43 71
34 33
126 23
27 122
10 66
122 54
1 52
107 72
93 23
144 145
76 108
110 78
75 87
114 78
132 147
88 125
114 1
137 70
109 116
33 147
21 125
12 100
126 110
28 21
30 90
86 83
84 53
115 111
8 71
28 26
55 111
73 140
42 33
68 50
53 47
38 32
121 35
49 10
0 32
97 67
132 84
52 18
28 7
28 75
145 119
0 71
72 106
51 63
27 30
13 142
61 85
25 12
99 61
30 65
128 100
19 38
3 127
43 35
15 53
24 96
145 32
135 37
54 28
12 7
94 69
34 117
137 91
97 71
147 7
142 80
102 67
106 46
12 136
90 49
149 30
57 94
135 95
107 75
14 26
73 128
84 139
33 121
1 45
39 96
142 1
89 120
53 1
119 81
45 139
124 124
97 126
21 125
107 57
123 138
73 115
135 32
31 8
108 73
3 139
64 124
42 123
116 85
79 108
66 83
82 45
3 44
84 55
40 28
136 112
28 2
53 135
0 35
12 97
19 57
19 133
29 52
36 105
123 25
71 81
93 108
128 85
5 40
30 91
42 133
137 81
48 58
132 42
137 122
18 68
114 6
18 83
126 105
69 16
77 100
20 130
121 70
49 147
22 110
40 139
85 58
30 126
53 42
26 75
30 144
119 20
59 20
140 22
61 86
7 149
55 72
137 146
72 138
130 83
143 114
20 88
5 65
140 140
112 99
89 144
95 9
10 130
0 22
43 49
89 123
109 143
26 123
19 58
81 60
73 56
26 108
135 119
141 66
18 4
123 43
11 141
73 70
18 51
7 123
75 22
124 131
128 143
85 51
9 12
130 39
37 131
15 38
4 87
61 27
105 78
89 6
73 88
69 99
16 16
86 2
105 9
131 145
24 68
97 106
48 71
6 108
141 59
21 141
132 77
132 28
137 100
100 18
138 5
74 12
11 133
64 52
54 67
92 136
80 55
60 32
54 139
38 2
42 65
138 128
16 114
85 134
11 147
145 43
66 34
80 86
19 12
136 110
67 1
99 68
28 34
132 119
91 41
108 53
94 119
124 73
2 128
98 66
2 135
25 1
42 97
129 79
147 28
137 134
80 144
87 102
138 79
109 5
123 97
43 11
36 73
142 85
113 47
126 50
40 88
102 134
26 73
147 34
130 132
40 148
125 39
52 94
145 134
13 45
19 51
11 91
63 42
3 43
140 91
33 0
8 145
63 145
96 39
16 29
95 7
34 91
35 114
10 65
103 136
131 30
25 30
97 110
103 59
114 133
48 21
127 111
86 91
115 120
66 66
134 71
31 126
137 71
47 26
56 89
127 101
102 96
129 131
97 41
146 69
2 51
5 53
98 84
55 127
97 85
116 70
73 68
53 87
1 93
133 87
47 148
128 72
28 70
18 86
91 15
130 27
2 129
126 7
31 44
51 7
19 103
74 31
54 18
25 37
23 63
54 145
106 28
130 99
103 34
50 128
23 36
116 113
122 81
75 25
86 114
97 89
123 122
106 60
42 52
125 71
149 131
98 81
140 32
57 64
104 112
133 0
85 104
148 138
76 113
76 40
97 14
80 34
68 94
101 105
41 60
23 48
57 42
138 138
94 105
75 86
14 6
129 139
72 134
117 56
128 141
134 91
8 83
116 51
22 77
111 35
9 59
75 98
60 26
143 66
31 104
27 21
130 26
118 24
121 0
83 34
144 98
146 117
0 37
1 38
80 56
50 139
64 20
24 71
131 89
115 105
63 78
113 104
87 107
112 96
87 65
110 73
132 141
49 57
15 128
112 31
29 28
36 137
97 101
137 99
39 116
53 140
129 86
77 85
57 114
49 42
43 120
31 115
100 123
148 1
48 116
85 120
120 5
87 114
64 72
90 97
64 121
74 49
100 24
105 65
42 123
70 83
99 94
41 0
124 118
27 72
105 145
114 118
89 64
7 33
95 70
109 100
78 7
25 61
47 95
101 135
6 130
114 110
137 3
20 4
89 142
22 117
96 66
92 50
143 55
83 26
33 77
62 30
123 36
136 2
116 36
106 90
46 132
50 39
104 6
72 7
91 69
8 90
4 51
135 108
55 48
79 147
36 42
41 74
97 39
99 95
23 104
122 98
10 13
26 104
78 107
123 103
139 22
107 9
3 87
107 33
71 90
56 104
71 56
68 116
112 36
65 83
71 53
48 16
38 129
89 54
136 60
73 129
25 6
100 70
59 21
106 26
113 148
133 143
74 83
118 40
54 106
70 108
47 66
104 56
8 6
14 16
10 5
29 60
144 18
99 50
121 147
116 60
12 83
147 35
71 38
29 106
16 8
119 141
142 59
19 89
119 20
74 10
94 139
46 31
87 26
82 93
90 36
78 54
29 35
56 133
44 14
110 109
28 95
61 72
63 4
88 86
67 132
30 64
112 50
19 142
61 37
64 125
66 136
110 2
128 35
143 126
26 69
97 33
22 78
57 61
125 77
68 121
144 143
36 117
59 140
103 141
120 37
61 121
54 31
50 62
7 93
93 44
94 16
59 48
70 49
51 125
37 133
49 93
107 12
47 137
60 146
20 139
44 25
116 1
71 10
38 124
70 114
94 80
144 108
134 125
40 32
43 118
116 69
29 127
139 30
115 53
38 135
12 95
105 134
6 73
35 18
45 10
5 92
115 148
12 7
44 137
123 93
138 112
106 115
121 77
12 125
51 87
17 102
40 106
64 11
88 83
37 74
23 141
61 22
14 97
15 58
7 64
141 68
38 130
14 87
74 28
93 56
23 42
45 110
41 125
117 57
142 109
103 8
63 114
31 17
51 128
83 107
106 4
8 55
111 85
65 19
138 81
144 77
142 60
104 139
12 93
132 22
66 136
39 140
103 13
88 92
105 128
95 63
116 19
44 63
126 53
126 114
131 7
67 104
9 28
132 42
35 100
64 107
126 11
92 55
137 22
137 12
121 10
85 61
136 58
134 149
98 1
14 130
78 125
134 119
48 68
94 27
15 49
51 98
64 61
36 67
41 139
20 52
125 45
65 28
0 49
119 11
145 126
43 38
50 139
135 122
115 106
63 147
44 118
27 7
91 130
67 108
23 90
120 93
132 58
11 43
49 38
131 117
127 109
120 140
54 44
59 97
105 131
116 133
20 102
145 111
115 75
84 33
11 66
18 35
6 92
57 18
11 38
47 83
134 40
2 112
56 77
67 133
70 116
79 100
101 99
68 70
109 80
87 138
96 104
20 126
149 62
76 27
64 84
138 132
146 148
27 49
5 45
9 111
71 88
73 52
61 40
76 48
11 41
59 8
122 74
122 149
132 116
121 135
123 125
83 97
66 3
61 58
46 97
141 9
76 59
131 32
80 42
121 63
1 134
105 78
47 120
67 42
20 2
24 61
136 133
127 122
25 143
140 104
74 78
29 11
93 55
81 115
67 91
52 111
146 40
110 76
22 111
58 59
37 28
29 81
34 66
33 95
0 6
11 120
115 9
34 25
36 21
75 44
43 4
63 119
112 1
8 143
146 30
55 113
96 118
53 59
10 6
18 90
84 68
132 89
124 93
35 60
26 16
147 47
124 25
2 107
143 66
88 4
49 96
103 116
131 132
54 34
127 123
143 72
119 77
81 142
123 144
123 81
98 60
39 52
62 83
9 27
123 30
27 138
80 0
30 118
2 31
76 38
148 81
74 134
6 111
21 20
72 55
103 142
90 35
90 56
106 50
103 129
52 124
52 98
1 87
27 12
104 111
63 72
128 2
28 83
100 62
145 108
143 100
65 138
27 90
5 103
33 139
109 82
121 44
132 149
6 7
65 63
107 50
96 10
41 4
20 8
97 20
103 118
110 142
101 133
61 12
46 93
2 105
113 47
77 23
113 120
3 26
3 50
9 138
54 1
36 92
5 92
90 79
107 118
45 56
118 25
128 14
37 140
56 127
101 109
123 110
83 136
9 10
73 70
54 36
143 93
0 7
16 72
24 98
27 67
107 70
116 96
98 106
84 2
45 8
79 56
77 4
104 48
94 129
120 0
25 113
92 75
60 102
144 52
112 135
19 117
143 6
125 17
2 100
6 82
119 38
26 94
57 79
15 111
19 21
125 14
10 64
97 46
149 70
136 66
80 25
48 78
6 96
57 13
7 125
134 113
131 88
120 142
133 80
39 59
38 59
145 61
34 8
64 88
138 135
143 127
109 130
104 14
146 27
119 63
46 74
63 83
15 97
58 16
116 6
59 82
104 121
53 36
24 91
117 137
25 114
126 23
103 117
35 135
16 133
72 37
46 100
29 99
61 25
144 115
129 23
97 4
19 10
122 0
112 146
56 36
95 9
98 34
130 47
135 137
1 127
66 135
72 116
117 146
110 26
2 22
33 100
12 7
112 100
68 30
13 148
120 12
38 103
20 104
53 76
143 110
6 118
101 99
107 61
14 78
110 61
95 57
96 44
52 35
97 20
136 62
58 132
122 17
147 22
31 88
130 136
67 88
34 57
114 77
108 140
10 147
72 131
33 53
76 92
129 11
103 134
127 75
65 74
65 118
146 69
53 48
40 48
22 136
59 73
81 134
61 148
122 81
17 48
120 53
70 6
123 78
41 34
112 147
140 138
136 133
128 131
94 120
0 24
126 54
12 74
92 56
116 57
2 115
16 49
10 16
31 25
70 95
106 70
52 24
26 65
57 138
33 73
24 136
28 94
124 55
16 25
131 147
65 0
129 33
143 34
128 51
59 72
27 32
35 140
86 113
73 55
105 116
53 106
52 23
124 28
23 31
11 96
38 94
79 73
7 102
9 149
13 113
133 112
114 134
53 60
127 1
137 42
22 103
24 8
2 59
43 139
32 41
145 12
27 108
137 32
96 92
108 116
147 64
81 71
133 128
144 129
97 14
48 6
140 36
34 43
26 137
0 54
30 3
32 74
84 19
118 55
6 40
85 39
13 2
32 118
31 103
46 83
61 148
5 9
108 110
24 8
61 27
20 0
58 14
4 74
49 113
116 77
34 117
99 44
61 116
0 132
5 49
58 48
53 50
98 121
112 14
58 23
30 105
78 145
90 50
92 139
133 52
142 96
129 88
28 55
44 7
87 18
48 149
78 68
64 126
67 5
95 128
14 122
126 101
15 16
116 149
65 124
15 97
8 100
28 33
130 124
147 1
15 55
147 136
141 125
69 77
138 113
111 136
132 12
4 83
37 41
25 106
59 11
40 103
72 76
63 90
48 128
41 147
94 149
147 59
99 73
101 141
15 126
82 132
49 149
131 74
103 108
50 47
24 14
38 9
101 105
116 15
35 28
77 63
126 0
137 116
93 57
143 105
53 39
3 138
104 54
127 0
49 91
32 64
67 12
54 30
4 67
106 126
43 59
111 14
74 32
143 118
97 88
119 78
35 60
45 96
6 76
38 90
116 93
112 43
110 122
51 129
53 86
50 51
41 67
16 21
57 119
92 90
67 25
140 13
36 138
79 113
139 140
124 14
78 33
118 42
108 92
103 25
108 55
115 135
93 79
79 79
27 75
98 49
64 104
113 102
12 11
9 22
133 48
149 139
106 43
43 67
85 33
17 57
73 81
34 105
20 22
124 43
13 123
48 32
65 43
67 51
91 113
58 111
125 98
36 97
24 35
70 113
94 42
1 107
26 17
136 28
20 125
129 86
64 55
46 121
147 133
12 72
115 18
19 53
124 13
117 64
22 100
146 71
71 60
12 130
11 67
131 33
34 59
63 123
75 99
149 17
20 81
59 111
128 58
116 15
44 130
112 111
140 144
130 128
7 71
59 145
144 135
23 4
147 81
74 61
91 69
111 88
93 139
63 60
111 50
118 113
42 15
35 87
148 65
95 148
68 118
99 88
47 39
18 68
93 20
134 69
45 136
147 70
6 121
17 114
43 121
76 80
5 116
148 126
127 63
52 23
128 8
86 100
89 140
149 26
111 26
148 79
83 29
91 17
46 100
107 139
107 84
70 35
113 85
138 117
75 0
105 4
12 14
4 30
73 55
61 38
101 85
23 36
3 65
66 139
105 19
75 102
37 121
72 21
34 87
124 83
38 41
92 131
65 4
118 27
16 76
140 6
94 99
122 86
15 4
59 8
20 44
45 17
13 12
146 122
23 141
14 7
4 106
67 38
78 44
28 137
95 141
59 119
49 54
84 99
65 139
44 91
59 67
23 94
55 43
120 121
50 102
144 100
117 143
124 99
69 140
114 17
73 106
110 144
75 108
74 148
142 146
93 50
7 5
59 73
103 96
43 65
38 30
110 29
146 56
8 64
125 102
102 23
86 69
100 138
142 115
126 90
68 45
83 33
54 66
57 47
23 90
131 13
140 149
118 51
137 30
3 58
96 124
41 47
114 122
134 74
109 40
70 6
14 4
42 103
144 93
106 126
42 138
20 149
120 142
76 21
22 96
4 85
54 116
0 73
142 4
96 123
130 10
56 114
133 42
88 122
80 55
82 140
133 96
28 4
22 58
122 135
82 84
102 141
105 80
65 135
68 125
116 62
33 66
102 117
123 145
10 95
69 89
142 63
13 6
63 56
127 3
38 140
109 10
112 4
109 122
2 64
131 31
62 115
73 91
25 110
26 2
78 38
54 119
83 117
32 49
148 146
46 129
92 14
135 107
120 45
23 12
125 47
2 106
16 13
130 101
35 139
14 142
7 112
145 41
73 121
71 25
66 24
116 64
89 117
119 72
99 22
135 3
28 68
64 77
148 109
146 121
123 65
81 7
32 83
43 46
136 104
122 21
89 51
90 31
133 84
117 39
142 148
94 42
3 26
90 139
104 120
11 75
95 113
80 57
27 102
83 109
123 144
88 15
114 121
25 62
33 27
57 22
115 91
3 101
116 136
14 80
32 134
96 97
15 113
121 23
137 2
37 121
99 100
97 53
116 137
146 95
138 5
82 79
134 57
40 31
16 92
30 53
46 83
87 65
44 24
78 135
127 57
80 129
106 90
68 113
33 107
33 1
130 58
125 50
115 36
51 49
127 70
79 72
97 135
128 111
102 140
117 25
30 76
16 39
8 135
137 104
38 100
43 77
135 140
100 18
75 16
26 112
111 92
8 139
77 82
40 28
5 119
13 123
49 142
5 13
147 47
19 140
27 145
98 68
83 125
113 144
11 112
74 124
47 29
72 85
14 37
23 78
94 9
24 108
40 135
43 99
65 0
7 42
147 5
73 138
83 123
17 74
148 131
129 98
6 115
115 50
55 95
93 145
65 83
81 16
94 146
117 107
11 111
95 42
56 81
107 90
109 34
24 37
19 139
26 79
103 104
147 69
9 49
86 89
109 50
14 36
87 83
69 71
29 0
25 24
128 137
47 73
68 36
145 90
89 86
53 16
108 41
98 36
56 16
14 142
128 137
117 120
121 27
107 100
121 32
114 22
11 71
7 89
127 14
40 9
131 95
131 70
79 121
126 126
12 28
101 80
39 65
146 66
70 7
45 37
17 43
147 94
20 102
24 74
42 102
88 146
138 62
48 132
52 4
149 61
127 8
114 123
127 56
35 57
85 90
42 55
95 110
53 68
30 129
70 30
85 8
121 111
0 66
67 71
141 9
84 56
54 90
1 51
47 70
111 114
33 103
66 88
16 113
32 144
120 71
72 141
124 78
128 52
64 138
72 92
40 55
84 31
11 48
35 100
81 89
71 58
121 127
110 105
100 92
147 11
43 60
81 61
119 15
107 38
148 20
54 62
124 69
94 140
55 62
70 60
17 74
127 102
51 125
34 130
127 21
76 93
22 90
33 68
83 15
36 15
86 45
136 77
50 123
59 98
6 58
12 116
41 80
121 102
113 104
73 15
101 96
59 148
98 112
25 1
67 55
21 60
81 4
8 59
71 138
31 52
15 115
10 64
22 127
68 111
140 60
138 78
124 124
61 103
53 141
105 116
138 25
101 120
112 84
149 115
149 22
124 13
48 105
3 41
112 35
84 49
79 32
66 12
63 63
15 59
96 115
124 28
63 104
31 32
74 29
42 28
23 82
44 59
106 24
103 57
145 34
108 113
29 65
92 91
130 15
106 129
113 18
0 62
104 34
141 93
63 48
61 142
34 19
134 80
97 107
114 18
21 15
66 69
49 18
126 114
98 107
130 28
127 144
64 36
128 87
85 48
0 30
128 110
37 86
81 142
11 92
143 48
61 144
39 35
65 68
86 75
137 100
138 92
11 81
45 12
58 79
47 30
88 71
74 94
4 2
59 63
70 86
68 34
87 110
138 57
92 147
41 122
76 37
34 39
32 3
13 51
149 79
40 21
52 7
17 21
100 79
62 20
26 46
78 115
108 105
107 104
4 98
61 145
101 110
45 122
139 37
73 82
111 33
85 96
67 32
14 77
47 24
91 7
56 95
38 75
140 143
120 114
24 99
110 8
20 33
111 149
34 123
86 69
118 78
133 83
57 71
20 25
83 113
51 143
69 23
99 40
68 15
34 99
136 4
75 127
112 73
119 131
60 22
88 41
33 142
57 37
41 3
119 149
64 43
86 136
122 47
117 144
38 77
57 0
25 15
100 42
91 96
25 23
66 30
37 91
133 105
85 47
100 92
141 74
8 125
106 22
132 90
40 85
6 18
122 4
44 145
46 99
87 63
117 17
19 148
88 27
66 62
55 117
57 32
74 122
5 117
58 102
22 106
94 17
95 117
15 146
20 144
91 41
91 101
110 103
6 123
135 119
27 135
48 48
44 24
27 46
134 140
127 69
56 25
140 85
82 7
107 104
69 70
82 87
44 125
101 26
104 48
82 58
9 67
114 108
66 51
142 100
117 147
121 77
26 30
139 128
1 72
143 25
49 26
69 0
88 65
135 62
61 96
6 33
18 61
12 132
17 129
141 6
62 108
141 147
131 133
92 13
64 129
16 98
78 52
53 81
66 76
32 70
19 21
109 85
101 37
57 12
99 40
139 135
50 57
133 102
16 15
98 40
131 55
31 95
27 101
136 137
16 47
127 32
5 120
137 105
46 41
96 51
136 4
48 72
10 144
95 4
42 11
69 39
101 55
49 87
102 29
16 28
140 59
31 24
52 27
79 42
42 10
42 87
21 34
8 20
44 37
119 101
26 25
139 101
106 127
11 66
86 40
18 88
63 56
70 31
98 105
27 43
132 100
89 133
129 70
72 3
127 10
32 134
7 13
82 69
95 68
4 20
11 144
87 128
33 127
62 43
144 112
47 108
38 56
110 97
70 19
132 52
31 18
105 42
16 82
4 75
122 21
145 13
70 28
26 77
124 98
15 18
92 37
8 86
101 98
10 14
124 13
19 98
30 103
101 79
88 140
82 145
80 117
148 33
112 40
100 78
11 12
17 16
103 50
20 93
67 22
21 96
13 13
50 86
77 110
142 44
129 14
88 44
103 24
73 56
32 87
120 81
105 77
122 85
96 110
77 38
40 114
54 28
79 149
95 30
87 57
101 141
82 122
20 131
47 74
35 115
113 79
52 143
117 16
139 71
87 0
103 55
41 82
30 82
25 100
44 10
62 134
106 59
7 43
31 119
82 56
60 54
41 132
25 28
48 75
58 106
0 79
57 109
63 49
131 31
9 82
43 145
13 26
81 11
26 24
85 76
19 48
26 107
37 38
110 101
77 28
120 41
138 112
36 83
104 12
68 84
34 108
125 115
89 147
70 93
98 2
7 114
139 63
101 113
10 67
69 35
13 44
101 133
119 125
94 113
65 43
3 128
109 70
110 4
132 18
33 129
114 138
26 6
130 125
104 42
77 32
52 141
142 36
98 65
110 138
83 35
124 29
135 31
28 78
26 143
23 64
73 135
38 140
109 86
26 121
49 133
15 38
147 36
86 85
5 67
46 113
95 93
139 75
121 48
80 72
127 67
82 35
138 69
95 22
103 41
18 67
0 143
7 119
16 20
123 61
58 111
15 81
144 18
35 23
107 129
126 39
107 142
40 148
3 139
143 46
129 130
36 45
97 50
108 111
32 58
139 106
39 98
96 36
106 125
119 124
23 47
146 66
74 104
4 48
36 17
6 36
72 107
7 102
82 72
123 58
47 9
70 89
124 148
87 44
105 123
59 70
84 115
95 24
93 18
106 62
100 37
14 97
81 124
115 8
88 146
48 42
74 123
130 1
134 123
6 149
89 96
67 104
147 74
124 122
21 114
33 60
88 63
64 74
128 64
24 6
23 120
24 47
57 90
141 73
112 85
100 45
106 28
27 102
22 1
4 41
106 24
103 118
130 93
86 141
20 110
79 31
6 101
122 41
17 15
128 33
119 98
27 92
24 139
37 8
27 128
137 105
122 74
90 27
73 125
144 70
133 121
14 54
39 78
110 87
33 34
115 75
89 8
57 31
0 120
84 73
145 22
21 142
49 142
100 99
59 85
90 16
37 43
119 35
147 26
80 115
122 77
2 128
104 101
148 47
95 70
1 147
122 85
128 47
53 49
69 106
8 37
12 70
79 52
29 58
12 49
57 36
104 73
62 138
36 62
75 33
132 78
107 82
48 15
31 132
47 83
144 126
3 70
57 4
54 79
147 66
108 88
110 56
39 39
141 113
47 9
122 106
78 138
143 75
5 109
7 49
133 127
103 146
97 87
73 7
123 117
56 9
122 33
125 1
108 87
71 111
142 51
115 13
31 55
124 139
115 142
148 127
20 44
97 21
135 46
12 81
108 116
107 95
72 110
15 146
91 10
14 71
24 30
68 57
90 72
29 2
81 100
43 73
135 62
119 48
104 57
62 29
28 70
71 98
74 0
136 62
1 110
136 29
43 96
34 43
141 73
131 37
48 38
120 59
26 3
74 88
60 146
45 144
143 90
91 96
93 118
134 38
10 115
94 145
101 149
17 85
27 138
30 76
54 42
114 132
146 106
15 146
53 71
106 114
130 108
96 40
147 61
132 102
138 89
95 64
11 36
125 36
52 89
57 2
71 141
29 18
15 62
48 86
130 141
6 0
38 108
66 94
104 77
89 149
86 3
41 84
115 56
139 104
136 110
46 121
131 47
42 20
45 41
120 34
132 82
149 49
103 32
124 64
141 55
141 60
49 68
68 124
67 40
79 4
73 9
52 128
63 57
113 148
53 90
145 72
132 54
53 25
11 147
46 2
77 89
132 135
105 36
8 34
89 9
107 112
14 82
9 62
108 88
38 29
40 52
58 149
104 15
75 42
17 63
101 62
0 125
78 25
2 84
88 47
134 66
25 147
141 40
110 76
98 106
19 28
75 38
46 54
78 22
109 13
115 16
141 115
96 28
23 120
119 113
58 122
7 77
17 66
0 34
65 97
98 10
110 67
85 44
145 113
37 79
123 3
88 125
38 144
20 4
23 75
79 125
75 119
24 111
3 18
136 8
62 113
52 69
58 137
4 90
141 12
71 24
128 109
25 110
74 117
21 69
114 60
70 62
97 79
77 12
58 141
32 53
70 85
55 104
101 115
88 100
39 90
74 45
122 102
51 111
88 131
61 91
16 72
104 81
21 76
144 64
62 111
88 143
34 146
6 45
7 7
89 74
37 77
30 1
49 6
139 84
130 143
122 75
140 36
14 145
60 22
146 85
8 51
110 147
135 131
76 123
125 37
34 121
38 33
67 110
32 99
111 118
57 71
61 71
78 19
16 149
12 142
70 40
96 131
145 149
16 111
12 60
61 72
36 19
81 67
49 53
66 38
94 66
44 25
113 125
131 116
43 133
9 63
128 79
140 49
18 139
1 15
67 144
44 44
95 8
8 34
98 20
117 43
70 28
58 27
47 58
126 38
127 127
47 4
115 59
133 60
127 117
32 46
110 24
93 56
123 60
29 61
19 123
12 51
78 46
137 139
32 62
38 139
42 52
134 68
139 35
14 14
37 57
143 89
148 76
100 47
40 50
127 148
87 85
108 135
75 43
141 84
61 13
137 81
7 112
58 122
112 104
74 116
57 98
110 25
147 80
100 56
13 127
65 68
108 70
35 49
17 52
124 63
125 67
128 114
137 139
84 36
25 35
87 147
104 66
13 67
96 63
75 92
56 21
79 75
142 62
48 121
124 2
145 55
26 88
34 25
78 34
121 98
29 124
25 147
134 117
50 57
20 61
21 144
134 47
90 65
122 77
135 80
135 110
53 125
112 66
41 58
46 122
70 28
98 100
64 57
136 114
112 63
136 49
64 14
4 37
42 77
95 129
52 129
104 108
140 142
148 32
129 47
83 14
112 135
105 134
147 60
55 119
12 7
122 60
76 60
63 16
108 117
124 115
31 131
148 36
15 77
65 97
55 36
91 69
23 87
134 23
132 17
121 64
63 130
70 58
133 97
69 27
135 71
101 113
76 73
109 31
58 139
43 143
42 77
40 132
78 53
133 81
27 13
6 41
74 127
123 33
80 6
36 50
61 59
18 95
83 58
57 95
140 149
131 111
137 1
144 2
8 92
56 41
101 74
118 119
119 82
31 131
148 52
73 142
25 101
125 133
125 68
82 82
36 91
113 21
30 22
136 140
6 24
59 59
64 99
36 97
56 61
50 141
4 113
115 144
124 93
50 143
9 135
51 1
41 78
106 37
72 87
145 51
132 55
8 76
32 60
63 26
17 65
81 69
140 31
108 48
38 107
59 99
87 123
53 141
112 14
23 82
9 21
88 42
100 125
71 146
142 90
7 85
53 71
121 127
41 93
7 148
45 98
97 145
0 47
68 40
17 129
120 34
86 93
74 111
133 123
20 124
31 98
22 60
38 94
91 14
109 53
5 130
60 101
12 2
38 120
57 96
133 123
110 104
122 141
33 12
145 124
140 101
10 16
118 120
95 54
74 87
50 111
107 62
143 83
38 47
41 104
134 19
48 20
131 16
62 61
28 143
18 25
127 120
149 58
11 65
137 118
126 11
26 96
121 44
134 40
38 10
109 146
2 85
81 12
135 125
123 86
50 15
48 4
121 38
110 135
64 5
55 29
2 141
11 42
25 27
92 27
144 75
91 63
144 125
132 10
142 47
96 143
52 118
54 5
90 19
124 36
77 145
82 143
30 98
118 40
17 105
53 108
44 135
123 53
63 115
52 144
15 36
50 84
84 132
132 67
111 67
87 92
93 129
55 100
141 22
43 0
34 93
82 18
122 143
49 31
58 84
141 87
7 124
86 110
117 75
144 133
72 22
85 2
33 23
143 146
92 148
116 61
17 95
127 14
73 137
92 2
25 31
58 138
12 20
68 129
27 64
107 2
32 108
32 49
70 89
98 95
0 8
34 48
111 94
46 53
42 76
12 30
40 41
133 90
5 110
88 113
58 37
92 25
0 78
65 72
36 4
68 18
147 40
104 43
15 47
104 31
140 121
32 37
110 34
128 9
86 81
19 5
64 2
74 103
65 7
148 71
11 68
93 62
104 116
115 134
69 82
134 68
103 145
113 47
8 62
144 121
3 11
134 33
128 129
69 70
15 119
135 132
104 80
83 59
76 122
147 76
47 83
94 62
88 78
141 52
27 24
32 115
0 77
106 32
88 77
123 51
42 67
143 63
95 78
121 15
42 3
96 143
127 53
107 81
144 135
11 41
103 83
13 5
129 59
41 94
6 105
140 91
47 85
81 16
141 69
49 37
88 68
20 94
26 55
28 122
139 138
80 2
84 126
45 139
121 3
124 14
121 149
44 12
96 48
75 6
88 101
108 2
103 110
138 134
113 108
126 113
91 67
119 48
48 37
135 100
130 136
109 137
50 76
10 31
24 19
30 126
10 123
40 56
58 70
128 50
55 77
136 145
114 36
33 43
43 40
4 90
84 65
65 44
149 78
68 91
95 108
71 49
117 46
138 0
79 19
35 13
128 113
23 120
145 113
18 71
35 108
65 79
16 7
133 1
77 19
59 97
38 114
142 8
79 23
88 64
146 59
110 57
83 105
43 38
96 16
77 79
15 88
122 11
119 140
114 110
80 4
146 104
71 0
85 64
108 134
122 83
79 109
125 22
129 18
124 117
117 10
52 131
112 107
14 96
137 39
125 127
18 50
135 15
8 95
125 35
22 19
130 45
31 83
83 97
3 0
3 67
133 119
73 94
54 9
21 115
41 30
143 98
90 0
29 68
42 17
131 7
126 3
33 13
122 57
91 38
144 140
45 51
33 134
79 27
2 97
59 20
83 66
132 65
109 75
18 60
109 4
83 109
53 72
13 111
119 13
45 85
134 19
139 115
131 79
30 142
101 79
25 53
47 11
54 70
80 137
73 99
51 147
108 141
80 50
20 93
80 81
6 52
102 60
64 61
50 121
16 75
103 60
100 24
118 114
72 143
88 40
100 149
63 98
17 71
38 36
126 52
88 103
123 10
119 141
53 66
76 120
5 48
52 75
80 119
108 68
61 104
148 77
107 18
54 90
66 37
69 3
149 85
129 40
138 101
110 69
15 119
84 7
80 72
116 2
107 44
106 8
67 115
93 118
39 105
102 89
37 52
90 81
58 48
58 104
53 38
117 68
49 35
24 52
65 89
106 142
97 113
49 118
74 71
15 92
75 68
142 124
53 48
100 102
15 13
3 84
31 67
72 63
3 74
82 144
4 26
3 75
114 117
110 37
90 148
60 36
20 137
32 30
52 88
146 17
142 48
128 115
38 89
65 29
133 35
97 135
88 68
79 146
65 141
57 43
65 78
37 35
1 6
57 118
16 45
23 6
109 80
77 17
85 119
121 130
24 109
138 130
140 91
76 25
5 0
62 39
132 131
60 11
0 106
129 127
10 93
129 109
108 59
51 63
15 82
4 121
73 58
61 42
15 129
138 33
136 79
90 25
96 134
35 54
28 92
78 26
32 35
66 66
13 66
137 27
103 63
147 65
50 40
133 61
108 128
105 49
20 100
142 104
59 90
97 148
71 129
63 98
20 137
130 96
23 65
146 137
123 1
77 65
98 60
124 97
92 66
101 115
0 123
35 118
143 135
85 138
93 148
127 67
105 127
123 27
76 10
34 116
104 98
82 135
3 62
53 122
14 78
9 39
36 140
125 117
91 67
32 138
25 65
50 104
91 81
52 31
6 31
28 34
34 98
1 98
89 102
101 113
21 107
103 17
99 37
45 125
22 51
119 49
74 70
138 70
1 88
28 139
116 149
147 144
104 59
137 66
145 42
49 32
129 8
4 71
85 93
23 79
133 57
88 51
97 109
48 41
125 32
83 93
125 123
131 149
105 134
29 54
38 41
124 86
105 92
76 132
0 101
133 102
53 129
102 50
44 48
131 9
34 74
108 88
144 97
121 99
63 109
84 117
116 20
91 11
77 78
39 88
147 22
118 86
14 51
106 147
70 50
29 132
117 61
11 22
137 10
17 42
80 48
52 2
71 9
80 9
14 140
8 85
71 44
5 81
9 21
67 30
83 2
108 106
96 66
103 121
91 46
122 129
115 20
6 121
24 78
38 4
8 85
13 65
53 49
129 50
134 18
23 105
76 144
40 32
52 69
100 24
6 52
103 125
59 19
8 68
32 20
27 100
119 85
82 82
52 98
112 45
50 98
81 89
109 131
23 85
2 140
29 30
67 131
148 124
27 34
24 2
51 68
110 37
38 127
33 33
62 28
40 35
0 128
129 49
91 137
5 103
35 5
68 115
16 40
51 113
47 6
49 32
65 126
44 107
102 122
60 36
46 47
91 139
2 48
124 26
100 83
75 98
54 30
29 50
48 40
55 17
68 122
132 64
45 149
125 37
23 32
121 148
9 62
40 129
106 119
98 86
93 71
40 61
61 14
34 2
111 51
49 86
74 119
51 59
8 6
68 50
12 95
46 120
20 11
107 56
4 147
132 15
83 19
147 90
9 48
116 12
119 115
126 15
117 60
44 68
36 85
122 45
44 14
3 48
10 83
64 58
100 44
59 136
22 68
16 3
17 139
123 22
89 111
42 7
5 95
30 22
136 129
86 62
77 116
35 140
83 10
141 71
65 80
92 140
129 102
133 105
92 80
101 67
51 44
86 32
41 85
48 143
47 16
13 81
149 97
96 81
90 75
26 84
113 46
0 147
119 51
0 70
125 124
132 43
10 94
95 61
25 144
49 90
6 26
104 53
107 86
117 77
132 134
11 56
54 76
34 133
101 6
46 30
79 54
56 97
142 18
115 78
95 5
123 58
111 50
36 142
14 5
8 121
36 121
8 49
23 139
55 148
87 10
122 20
141 105
105 43
2 66
43 147
145 62
103 55
127 32
98 24
114 147
146 137
32 6
17 35
100 129
7 137
73 69
127 100
54 134
104 53
14 94
124 98
74 104
1 58
31 100
118 16
62 123
101 52
17 43
50 123
115 52
62 144
108 95
78 92
12 131
37 91
5 122
57 32
51 112
21 137
147 96
98 88
50 72
69 63
127 99
98 136
149 109
4 13
42 109
2 83
59 48
31 91
81 68
146 66
64 68
6 60
148 43
138 143
145 8
51 133
11 84
26 136
126 112
136 119
144 126
106 17
82 63
139 80
68 71
85 43
125 82
85 108
53 71
60 70
93 72
1 92
43 102
88 44
116 126
46 83
88 59
111 30
144 149
20 12
25 71
62 133
14 32
134 1
104 95
77 54
118 25
125 99
126 48
61 52
60 122
136 40
77 127
75 95
49 77
78 8
27 102
67 9
127 27
106 143
111 137
119 148
47 110
125 149
4 31
108 109
124 87
134 105
101 23
41 50
135 89
43 40
46 123
114 85
146 16
9 109
94 110
28 100
29 19
9 111
141 13
145 14
20 31
74 124
129 44
115 136
8 95
121 64
81 64
89 16
57 129
138 80
24 93
29 110
121 118
110 16
134 94
145 62
19 54
22 144
7 50
76 148
8 88
50 105
113 5
115 15
37 43
135 135
108 134
6 109
87 99
148 66
70 90
45 35
66 89
18 54
78 125
106 105
12 115
79 43
55 51
87 26
67 116
113 13
104 37
79 1
98 79
124 98
116 106
109 110
38 57
31 45
33 115
5 74
23 72
24 92
115 86
149 28
144 109
135 38
123 36
143 44
94 74
103 7
40 82
96 143
66 99
80 100
141 64
79 33
39 12
1 110
14 24
79 29
109 133
89 21
42 127
145 107
33 100
137 82
5 146
94 35
100 38
24 18
119 6
105 54
92 144
86 144
5 32
105 4
139 46
89 5
86 39
52 58
45 129
134 133
26 76
22 8
48 140
129 68
118 33
85 49
143 100
50 57
98 127
11 67
137 70
37 34
20 123
20 30
77 23
71 53
134 90
138 122
89 67
36 117
25 51
47 59
126 44
18 149
129 51
6 97
90 142
32 112
122 127
137 76
93 14
21 104
121 4
90 119
73 128
126 85
50 80
132 41
136 76
27 74
103 127
104 100
100 71
118 101
88 145
35 93
106 76
138 22
137 87
107 37
95 117
15 60
43 91
12 59
124 98
63 36
45 16
20 86
101 41
8 44
58 15
104 137
48 109
116 51
120 32
56 81
8 27
24 87
91 20
116 21
95 112
65 120
130 22
134 108
77 106
85 111
73 127
24 19
84 127
129 99
87 7
34 84
13 10
131 114
130 38
136 148
129 28
135 94
58 62
111 39
70 95
50 29
92 61
27 13
59 71
90 22
134 25
62 19
43 130
78 16
60 90
54 140
116 126
72 134
21 21
124 75
83 111
19 62
124 13
136 6
37 63
103 22
12 83
20 18
61 74
97 48
27 68
85 73
83 131
39 63
32 42
66 77
30 33
96 39
16 70
13 36
38 124
127 59
81 147
109 40
18 84
36 8
114 128
62 63
79 147
67 6
57 116
37 43
59 122
129 53
145 77
112 122
125 73
7 68
102 41
77 4
10 104
118 95
43 124
78 14
31 19
17 68
78 27
89 125
48 49
63 22
33 47
53 38
142 147
49 92
109 90
65 14
106 7
85 54
89 116
35 45
84 48
117 64
96 131
148 26
114 95
24 129
42 77
31 146
22 117
144 0
141 130
116 120
109 111
52 81
122 53
49 139
70 64
101 17
72 42
3 97
79 144
141 96
23 10
94 67
55 10
127 118
32 28
143 9
81 87
140 12
98 134
108 37
61 110
32 67
141 77
86 85
80 95
101 64
130 92
110 94
131 23
143 8
121 149
80 39
141 145
91 10
49 141
105 22
77 118
101 49
106 41
132 87
122 19
34 0
10 25
59 0
95 117
47 2
29 47
69 6
142 76
25 133
129 25
89 23
120 97
31 80
51 95
32 36
58 24
128 27
17 54
66 88
96 50
115 43
115 77
121 87
53 112
116 139
41 90
1 135
15 112
37 85
82 110
99 23
49 115
70 149
12 7
20 48
11 107
121 26
107 127
140 9
114 142
102 67
65 144
123 65
33 121
36 22
139 17
106 130
24 55
4 42
84 70
43 147
124 56
33 129
26 120
114 55
149 39
139 62
52 108
55 21
137 139
72 72
129 80
14 22
131 47
93 67
64 64
90 130
14 51
6 97
61 95
0 36
5 36
120 31
90 79
105 40
117 85
15 137
96 144
119 38
50 25
76 92
13 13
86 136
136 137
140 87
2 53
10 102
39 8
98 65
121 90
102 51
22 89
131 129
36 7
84 49
74 131
129 29
18 74
26 65
3 112
121 118
6 49
63 78
78 40
131 63
95 139
11 119
127 6
82 25
5 35
73 81
99 10
53 126
113 6
92 76
73 86
132 81
114 104
85 77
98 80
52 80
128 57
50 31
22 97
134 67
26 46
13 19
62 104
62 117
132 40
146 96
87 15
69 7
142 43
28 146
30 109
23 111
19 52
75 44
127 87
53 1
103 83
35 76
92 90
22 38
66 10
148 73
94 69
131 88
10 89
76 89
138 141
36 45
142 24
27 48
70 77
96 54
120 108
1 87
100 101
111 123
43 57
67 14
27 7
89 46
55 62
34 125
65 72
78 139
109 99
99 24
58 82
69 55
39 46
31 29
30 52
69 55
67 28
85 69
134 21
14 137
50 144
128 79
95 15
67 119
56 138
71 47
88 1
30 78
113 96
147 52
14 132
116 42
74 22
148 130
24 99
8 80
108 3
51 38
20 127
5 66
31 92
16 102
83 93
67 92
46 6
137 70
127 132
110 83
62 0
26 124
9 139
67 52
84 1
85 1
47 52
29 129
12 92
1 107
148 9
36 145
95 142
98 47
119 148
46 102
116 148
136 72
149 119
37 136
108 5
46 137
65 7
110 82
119 1
44 26
147 117
79 141
132 40
139 31
62 88
86 65
27 9
8 70
35 107
93 84
58 80
13 112
128 37
68 146
142 41
122 125
104 72
67 74
12 8
68 69
76 36
117 140
18 135
0 125
17 130
69 134
144 99
78 14
35 83
82 39
86 68
90 47
10 85
58 65
25 35
139 15
48 16
86 18
57 121
112 13
127 67
135 82
1 142
125 43
42 136
134 22
22 61
134 66
56 29
122 51
39 75
112 62
112 85
21 55
49 84
96 125
19 56
114 14
73 123
14 52
46 145
124 115
9 122
41 7
75 66
48 73
68 27
30 24
83 116
130 141
3 101
53 106
86 111
43 57
82 79
12 1
86 101
84 75
125 22
57 131
42 102
14 26
112 60
81 134
80 21
124 63
55 88
28 102
65 91
14 91
108 20
112 131
30 24
85 85
0 82
11 3
49 128
138 103
50 45
8 40
55 22
2 55
46 47
120 84
41 88
64 3
17 70
142 12
58 124
134 17
71 90
79 38
78 7
137 113
6 36
1 48
84 136
135 145
137 4
105 89
61 20
14 39
43 78
139 48
122 97
63 8
114 103
48 106
144 8
78 35
13 130
102 13
143 42
44 148
20 78
91 124
39 10
136 57
103 79
120 102
91 77
73 91
19 19
112 46
11 121
125 78
94 35
80 19
20 8
67 138
147 8
66 96
41 35
13 5
139 38
94 94
8 3
73 70
147 111
70 18
11 33
44 11
76 19
6 143
40 117
69 89
64 147
30 65
60 96
28 10
87 68
79 56
49 44
79 25
30 117
1 64
29 14
69 24
104 63
82 60
111 8
36 18
68 1
39 103
37 70
145 40
10 129
133 74
98 132
0 41
62 39
57 60
25 85
118 131
9 28
94 74
78 131
69 116
32 72
98 114
83 90
63 132
62 112
59 80
30 114
25 118
57 62
95 35
39 106
42 49
45 35
40 93
130 48
31 82
40 96
147 114
136 135
76 95
94 131
127 66
46 50
133 56
15 129
40 68
89 34
92 144
142 92
103 62
12 16
79 136
49 34
47 25
136 14
95 47
84 18
82 112
143 115
93 80
135 12
45 77
134 11
142 126
34 147
87 25
108 5
119 99
1 24
36 139
20 4
87 9
144 105
41 32
131 100
62 136
32 129
66 129
139 96
19 32
122 0
47 129
87 95
9 111
135 85
17 106
66 144
79 137
146 35
148 61
59 94
127 107
6 89
117 92
82 97
141 37
130 68
75 133
38 144
81 144
51 94
57 1
141 132
138 68
13 92
148 40
136 46
61 22
6 49
135 125
35 61
143 47
30 33
117 44
136 60
87 13
9 121
139 92
114 58
74 111
53 97
133 19
148 17
108 115
10 131
112 31
40 13
20 99
109 4
8 56
133 113
70 91
67 8
44 123
93 53
113 46
147 147
96 94
121 27
51 82
3 4
9 48
18 119
20 148
96 112
86 1
70 47
100 97
55 77
34 13
96 110
137 11
89 109
35 111
90 93
47 128
111 99
41 118
147 26
24 11
64 133
103 55
2 96
39 89
15 114
109 1
145 124
15 20
1 111
26 59
60 44
52 11
21 92
121 90
92 83
72 32
97 4
32 33
40 69
35 86
19 109
144 18
81 4
112 6
87 98
66 114
103 93
149 110
4 76
17 44
9 14
131 37
56 17
60 14
51 2
78 24
9 46
54 74
48 90
106 146
53 126
5 26
121 8
76 34
85 36
126 40
96 142
7 83
134 129
122 13
43 99
14 22
59 80
70 38
81 95
69 87
23 1
142 67
79 88
126 1
127 144
87 79
19 67
87 132
142 25
147 29
45 47
120 4
26 110
146 102
134 96
132 1
34 135
17 101
132 87
8 6
148 13
56 127
103 34
121 98
122 84
36 24
39 9
4 81
41 18
24 23
48 59
7 27
87 145
79 131
17 106
3 137
64 125
103 80
141 58
86 138
126 90
148 106
24 51
100 54
87 141
5 46
102 131
72 113
19 102
22 71
122 93
17 110
49 39
68 108
103 24
93 124
44 81
132 89
12 45
54 66
39 57
138 130
92 132
13 65
74 118
12 131
57 143
92 79
53 116
110 79
113 63
79 77
10 69
34 115
143 74
36 34
43 9
58 34
52 126
121 43
26 103
143 57
126 4
94 69
11 93
67 128
76 7
101 92
141 93
55 46
12 141
54 127
59 67
113 33
123 40
54 64
98 24
124 130
21 74
72 86
15 39
31 26
7 133
74 146
78 69
11 106
54 81
57 100
120 103
126 39
22 21
89 27
67 102
145 9
6 138
25 92
53 6
113 88
101 83
14 59
118 41
83 81
72 23
137 89
92 105
70 141
144 84
15 79
124 79
82 134
80 63
17 9
51 75
72 71
115 141
117 53
56 127
97 123
136 59
65 85
4 2
55 37
45 100
145 135
142 145
70 54
0 108
33 34
128 72
29 28
72 32
51 26
66 103
43 126
117 104
52 119
46 51
31 93
52 145
18 35
52 73
110 130
125 57
96 84
63 90
113 124
70 38
20 103
93 144
64 115
31 38
8 69
79 132
132 137
0 103
129 66
90 2
123 149
6 60
30 26
113 73
27 71
16 126
82 70
96 36
94 141
84 129
3 146
105 107
116 103
68 105
135 89
102 65
142 91
138 146
53 139
9 104
68 98
27 8
145 22
85 65
140 128
129 34
44 14
41 50
24 108
67 125
27 13
42 147
144 133
126 96
79 16
11 134
138 57
58 3
108 69
126 127
80 99
114 114
8 97
95 146
71 85
121 54
75 79
13 131
101 91
97 133
46 65
47 2
58 74
108 26
12 73
55 135
56 23
144 2
26 33
117 85
25 88
93 52
25 57
0 124
108 89
13 42
117 43
14 18
24 67
101 23
96 4
100 134
39 130
1 120
94 143
103 6
98 14
60 2
20 27
43 118
55 66
58 49
63 27
9 116
47 112
21 40
136 49
84 140
110 113
64 101
116 139
17 98
48 81
60 20
88 125
2 24
127 98
146 73
76 90
20 27
70 52
143 86
17 59
133 4
34 5
34 85
57 23
73 122
37 117
122 106
130 100
87 67
19 3
13 2
86 58
92 58
110 11
149 60
106 92
71 114
56 137
36 1
26 100
123 136
134 38
85 107
149 127
71 35
46 8
37 78
17 106
8 58
81 130
101 9
34 59
33 110
39 1
65 127
30 139
106 117
3 90
47 13
88 52
13 104
89 9
70 107
28 54
94 48
15 25
48 17
121 69
110 12
29 2
49 116
8 91
81 10
16 141
1 62
110 49
92 20
78 103
73 65
105 62
98 39
90 50
120 2
18 121
119 101
37 47
47 103
136 48
88 43
132 41
15 111
134 110
97 28
80 103
40 87
59 127
135 61
62 66
84 125
116 61
17 87
18 148
37 42
16 46
54 47
118 11
13 31
76 68
2 149
77 134
10 135
15 36
102 120
129 114
140 39
112 26
117 39
89 7
24 129
60 33
85 120
69 21
37 9
146 56
61 129
61 5
11 121
88 12
94 39
20 137
102 102
25 5
136 56
120 29
51 124
6 122
8 53
129 123
103 12
122 34
65 32
27 137
104 36
93 32
107 40
118 143
21 122
144 31
31 13
78 132
109 81
64 145
3 131
123 17
89 2
71 91
71 101
91 90
81 113
43 141
100 94
41 77
13 6
144 31
118 135
83 1
85 25
96 121
82 29
9 92
127 99
61 90
17 2
34 115
141 147
120 81
126 19
146 127
32 57
120 61
102 112
21 149
82 84
70 100
141 97
135 4
95 149
1 142
103 45
9 112
94 1
46 24
16 128
89 38
75 37
96 73
62 21
1 95
72 79
94 131
12 128
20 134
140 53
16 3
99 42
133 118
117 18
95 77
38 38
13 40
129 40
129 128
99 68
68 12
58 5
26 36
86 107
86 3
122 116
149 18
39 121
78 85
141 116
21 82
103 133
23 126
2 82
96 70
77 35
58 130
109 100
61 26
69 18
12 3
81 7
120 10
58 38
61 47
126 58
40 55
101 134
133 79
71 134
113 38
58 44
38 99
38 2
90 25
67 106
144 40
31 31
4 126
136 87
145 43
124 7
135 119
108 106
113 26
145 41
85 127
10 37
66 6
85 43
80 83
6 34
16 23
49 70
108 78
6 135
75 94
38 9
75 85
88 35
46 109
55 35
69 37
138 8
93 118
16 133
26 52
113 85
106 6
27 79
77 9
90 95
69 96
115 5
91 24
28 135
144 11
39 10
21 133
142 110
130 149
136 28
39 97
41 111
103 51
132 42
89 92
85 111
94 4
11 117
145 146
118 8
21 118
10 70
48 37
19 7
57 101
6 126
95 78
59 88
84 79
100 107
22 114
14 65
66 135
30 128
78 30
63 122
77 106
129 50
83 96
145 79
74 34
125 121
24 55
113 136
137 134
62 31
84 107
56 77
33 87
144 111
16 129
9 38
143 137
9 64
92 83
149 72
113 92
23 87
118 21
18 148
122 130
101 68
103 111
5 118
49 86
149 143
118 121
87 6
147 44
47 136
77 52
10 26
120 145
52 145
47 45
128 72
94 112
29 55
144 30
0 31
120 138
132 130
25 39
64 131
38 143
120 49
43 2
52 123
109 20
101 132
12 28
12 57
97 87
87 146
93 93
116 99
29 100
72 30
143 104
46 118
17 24
86 90
8 6
93 31
11 97
11 134
5 105
50 92
146 6
21 34
103 115
76 133
88 20
75 5
14 86
111 64
134 123
40 3
6 129
23 119
130 27
31 24
60 76
107 71
126 127
145 26
93 3
44 45
111 79
44 122
56 95
146 17
39 47
5 136
80 34
102 131
64 16
109 76
92 40
114 109
61 115
112 46
31 60
63 58
69 124
128 31
5 37
69 77
87 101
102 136
130 136
138 3
149 74
145 60
71 5
77 43
140 135
64 47
66 30
23 75
3 132
113 121
30 120
137 32
78 126
69 90
0 140
96 45
115 115
31 94
44 40
146 149
14 36
125 9
71 61
106 115
146 74
8 144
94 130
55 66
10 88
5 148
17 121
91 129
29 26
8 20
80 110
58 8
49 134
119 79
15 149
75 64
143 5
146 104
52 37
94 43
129 105
15 55
80 43
117 30
66 88
127 3
48 41
44 45
103 111
83 45
56 142
84 33
131 135
99 40
114 117
105 102
52 73
77 102
40 75
41 128
132 54
50 132
49 60
40 130
57 16
66 55
20 19
96 121
37 28
53 0
52 85
59 46
12 73
56 97
5 81
42 65
131 46
4 86
107 51
57 88
93 28
53 117
80 95
146 41
129 148
143 121
46 23
81 132
62 16
105 99
149 58
71 121
86 132
74 22
19 0
129 28
9 109
112 17
134 11
75 9
53 61
108 100
2 137
108 43
47 110
108 66
120 136
139 74
22 84
83 47
37 144
134 74
147 111
138 6
67 120
22 138
84 84
12 89
111 141
143 42
43 88
23 0
133 88
139 76
115 18
30 113
141 145
140 139
6 100
136 147
28 89
89 108
88 137
133 108
53 24
126 91
38 93
24 140
86 39
30 109
37 25
67 137
22 63
41 71
134 109
20 97
57 138
103 89
133 63
58 147
65 83
90 13
29 102
113 46
130 55
53 89
70 25
89 0
83 138
25 12
57 60
89 55
127 37
85 1
15 10
110 135
145 57
9 1
90 66
70 91
21 109
27 109
2 116
6 74
119 114
14 54
23 6
30 140
119 25
44 24
127 95
131 65
54 80
99 97
82 102
140 144
86 35
29 9
40 117
120 131
102 36
133 140
89 141
91 132
118 100
148 82
60 29
80 39
111 11
91 69
72 17
6 98
41 69
74 22
104 39
13 7
10 134
96 80
22 57
52 104
141 65
94 126
118 9
55 2
148 113
19 94
55 145
145 28
141 48
95 74
30 5
76 119
47 43
66 137
4 71
86 108
145 10
39 81
105 28
76 84
106 117
92 59
5 72
8 74
40 130
96 83
149 120
135 32
131 125
39 0
39 92
112 45
21 131
76 36
99 1
117 34
106 85
59 135
75 132
40 132
88 78
129 98
10 98
106 2
124 14
146 93
89 56
5 79
2 55
27 35
18 99
77 69
63 130
130 134
135 132
105 85
141 63
94 88
21 35
111 146
67 69
4 109
94 8
128 99
119 88
21 96
53 101
139 113
12 106
129 68
65 28
96 96
49 25
122 148
24 116
148 77
101 62
134 148
48 104
83 64
51 37
119 80
0 77
26 4
39 15
16 111
27 8
135 94
29 116
32 66
52 78
21 48
30 28
77 28
79 34
68 46
79 138
57 145
53 102
69 27
138 140
127 24
71 78
69 72
143 146
0 1
26 92
4 66
115 35
3 127
40 79
102 42
111 2
36 84
1 139
7 94
12 54
91 132
34 123
132 89
25 37
77 126
57 22
71 80
66 72
142 43
63 16
85 149
11 118
31 38
32 79
66 32
139 30
63 61
38 37
124 125
12 108
86 146
128 53
30 105
18 147
44 104
101 56
81 110
67 3
53 19
141 134
17 134
40 110
1 10
60 37
64 112
63 19
0 81
21 145
65 62
111 88
61 57
148 77
76 132
94 120
99 72
109 7
113 45
117 133
78 27
48 23
51 145
131 7
100 121
19 60
96 23
112 137
35 134
75 89
143 68
92 82
29 5
100 136
5 91
55 43
72 70
48 32
39 73
62 54
26 6
86 67
97 16
13 34
40 45
24 130
145 64
27 110
113 47
141 108
4 56
71 42
114 60
46 131
128 100
51 89
100 5
96 122
26 115
114 138
32 59
88 56
107 44
1 149
135 12
13 18
128 139
44 98
43 51
91 126
124 93
90 100
70 51
111 32
74 23
62 7
78 76
141 107
43 138
77 76
128 15
50 31
71 57
71 135
13 21
12 35
137 45
43 130
9 128
54 32
139 120
7 48
127 128
32 143
27 124
75 91
116 111
5 81
46 5
80 121
136 71
123 111
67 87
123 31
112 42
114 112
121 102
102 103
0 17
98 111
128 17
73 136
134 48
80 63
76 59
109 11
122 92
138 114
67 20
83 46
103 147
99 77
17 58
122 58
17 74
63 107
58 37
61 52
144 24
138 133
6 125
75 133
12 55
103 123
102 18
99 21
125 80
117 72
114 13
66 43
9 95
146 101
0 7
60 49
128 93
95 39
50 33
147 134
23 119
64 39
79 147
142 109
32 103
90 14
131 18
43 108
140 95
94 41
44 130
27 131
94 109
24 21
77 97
114 135
142 137
51 14
2 21
106 41
69 84
136 96
21 83
6 113
4 46
149 37
131 45
117 24
73 107
27 82
78 72
28 140
86 138
80 31
126 127
141 5
54 34
47 85
58 88
71 123
23 76
147 3
133 10
74 126
116 2
50 143
138 46
59 68
76 73
84 133
22 90
32 91
142 126
57 85
11 57
11 95
23 117
139 8
5 5
8 77
55 6
139 49
108 104
48 10
18 80
101 91
50 49
100 136
31 127
86 145
114 66
108 33
140 105
41 18
126 87
72 131
24 94
64 34
145 25
72 37
70 86
31 92
31 37
147 18
7 49
123 34
37 14
98 89
97 143
55 29
7 7
50 121
86 46
29 31
109 111
16 21
22 69
117 75
112 53
7 51
22 21
100 77
10 72
132 122
76 95
13 10
28 81
7 139
80 97
98 9
47 6
38 75
109 11
103 59
47 53
27 32
101 101
83 35
57 78
106 106
90 49
49 13
117 138
3 46
16 71
110 101
51 129
69 131
70 39
100 133
128 45
72 15
69 9
40 135
131 94
123 127
126 115
31 15
92 66
42 73
147 66
37 135
67 50
40 130
39 62
80 125
129 95
36 69
112 92
118 17
25 55
143 84
68 94
43 122
69 53
50 105
36 50
141 122
74 41
40 15
61 126
106 25
123 103
54 71
90 63
41 17
61 9
72 75
100 60
82 55
132 106
64 104
74 148
20 122
27 68
23 35
44 36
65 94
108 111
91 36
118 141
149 54
102 111
22 133
51 47
29 115
8 126
73 105
16 89
61 129
34 37
132 141
36 61
125 111
15 32
144 23
136 117
106 23
110 36
3 29
1 123
52 24
98 112
104 56
63 108
68 27
34 3
136 68
14 15
8 138
133 41
34 59
131 67
59 129
99 146
12 129
118 18
45 11
129 56
106 11
65 31
111 14
104 149
139 16
43 90
22 108
84 139
44 22
40 104
123 92
74 23
74 139
1 15
62 37
130 100
61 113
146 10
149 74
118 68
37 87
118 114
71 1
69 40
44 74
104 72
19 44
124 13
21 38
17 69
140 21
76 130
94 125
125 58
131 121
147 110
121 69
74 76
123 25
102 97
118 21
106 81
64 8
102 135
66 99
141 128
30 5
9 61
51 93
117 143
91 58
126 139
88 27
15 29
16 79
51 67
5 55
45 119
48 143
65 83
34 144
83 41
76 129
50 62
147 102
16 75
108 37
96 91
50 130
68 69
56 4
44 43
131 65
70 59
34 132
57 136
124 80
18 4
86 100
137 33
108 26
110 63
108 53
69 144
111 103
13 125
77 6
14 23
145 5
118 37
6 131
61 148
12 44
52 149
67 55
18 114
27 65
124 105
62 62
76 149
120 60
124 45
36 125
75 68
97 36
91 146
100 89
133 7
87 6
10 82
8 77
136 67
96 117
84 127
64 20
11 132
121 12
45 39
145 28
70 92
66 39
42 74
130 3
49 60
48 74
21 105
21 142
16 62
62 71
30 95
113 13
18 18
119 79
120 77
4 96
50 102
142 96
82 71
146 60
119 40
82 6
50 137
92 120
40 7
72 69
38 84
12 85
123 122
123 36
33 91
118 137
11 95
121 108
83 106
32 74
19 132
146 62
96 122
116 93
55 117
84 144
137 91
26 57
34 135
131 14
149 41
81 39
120 104
70 79
148 63
91 27
111 115
69 37
12 138
50 118
87 19
83 88
109 7
106 94
95 39
55 34
110 69
68 19
94 138
44 59
112 62
63 84
52 72
35 38
44 32
53 12
142 134
11 109
40 59
61 33
96 137
144 28
121 90
53 124
138 123
7 56
107 123
99 72
10 104
142 46
106 42
113 10
14 91
139 119
37 129
147 26
9 91
29 107
84 49
46 107
136 87
54 121
47 48
37 37
17 91
134 70
38 55
53 56
34 63
129 141
5 139
92 56
127 136
78 19
7 137
75 108
135 70
17 91
133 21
83 107
79 86
3 143
40 51
13 12
146 37
66 106
64 91
149 76
89 53
9 63
49 109
74 15
148 14
99 127
24 144
32 106
29 147
107 19
93 12
4 3
34 16
89 119
43 100
114 30
41 49
42 69
94 29
113 19
67 125
30 25
102 12
67 133
90 113
126 119
19 12
119 27
105 24
115 48
46 16
132 60
137 36
138 76
25 21
35 126
117 55
121 12
66 120
49 120
87 35
133 57
60 13
11 99
35 60
105 127
80 72
65 81
9 124
123 39
55 84
42 64
67 96
85 47
31 74
81 34
10 44
93 126
139 81
145 62
68 149
137 139
96 11
47 143
15 17
128 21
94 12
53 129
20 141
65 113
105 58
79 124
111 40
74 121
51 6
42 21
55 64
141 77
35 122
47 64
92 59
31 27
118 65
73 94
85 55
103 101
37 36
68 98
25 95
37 118
106 88
37 47
107 106
52 81
8 146
125 72
105 58
63 105
78 120
24 99
56 20
116 141
83 42
148 18
39 132
51 65
39 136
72 136
111 19
70 80
67 43
76 65
81 16
48 125
112 79
84 94
149 46
102 139
41 98
124 65
20 118
85 93
32 59
120 121
90 135
118 107
110 116
34 8
89 126
78 97
8 4
68 114
122 141
84 67
102 128
144 37
124 56
74 149
123 134
144 1
51 103
121 40
144 17
9 77
88 53
124 129
125 79
80 12
100 139
75 107
122 132
44 64
136 41
139 38
91 90
92 86
42 105
92 142
105 23
87 87
17 37
99 58
18 112
148 24
63 85
126 34
19 66
77 100
75 99
149 61
48 20
137 69
29 64
83 24
3 112
49 100
19 126
69 40
28 48
110 47
94 96
80 23
22 25
49 81
105 126
142 126
52 36
138 16
132 99
35 82
62 39
122 82
119 124
124 93
17 108
40 115
49 38
129 47
88 63
100 87
141 40
11 15
89 29
9 31
46 74
78 45
4 55
26 128
62 55
78 19
135 65
144 121
117 139
104 147
97 58
71 122
110 0
126 25
9 68
31 52
3 70
39 144
91 133
87 28
0 40
90 134
130 69
2 119
128 24
21 115
68 127
137 96
49 99
3 16
89 97
46 28
91 9
40 45
72 95
140 57
143 72
91 149
131 51
99 123
101 14
144 74
35 48
114 105
78 78
40 68
117 107
111 9
90 107
129 131
117 118
124 96
80 122
147 49
54 149
105 117
98 110
140 131
10 143
96 34
146 81
103 97
86 120
16 19
7 110
105 108
93 102
36 82
77 41
34 123
113 149
144 148
43 22
85 21
144 69
29 18
30 33
67 100
53 0
143 136
24 147
47 8
8 13
147 102
91 72
62 120
86 21
51 11
58 100
66 46
119 121
91 73
98 66
47 10
50 76
29 61
50 99
98 26
4 74
32 90
62 121
4 8
35 39
13 98
39 62
63 43
91 84
121 27
79 17
120 96
46 78
92 118
41 131
118 125
124 54
19 30
50 36
136 125
43 41
35 95
30 82
116 147
0 48
32 12
52 42
131 0
31 10
29 67
76 23
37 117
145 30
23 18
75 63
70 50
127 23
7 94
148 3
82 59
43 106
24 44
131 28
122 113
137 8
42 130
45 8
53 11
106 142
3 1
40 14
3 15
47 112
116 109
38 75
17 11
83 80
24 48
90 51
46 147
46 131
14 5
88 139
37 4
8 118
65 107
70 12
88 110
16 122
46 68
4 114
77 77
61 42
23 84
125 148
76 149
13 100
108 142
93 144
36 34
102 26
107 43
76 129
149 69
130 3
125 134
129 70
145 83
142 61
122 20
115 18
45 25
6 29
67 112
89 35
65 125
130 136
143 30
49 67
51 84
62 2
90 96
108 50
97 90
6 93
90 18
135 61
135 69
110 40
15 149
5 71
78 75
83 73
129 105
128 128
141 36
31 58
63 69
58 68
115 15
29 51
73 70
93 110
106 147
137 102
48 109
10 81
112 17
53 31
135 136
8 21
106 95
40 46
18 121
141 26
72 129
61 58
79 45
73 44
0 118
0 101
117 64
62 71
31 36
20 87
36 134
0 137
27 64
15 123
127 87
11 145
102 3
65 104
85 27
105 107
51 60
124 16
100 75
123 28
4 25
94 129
134 40
73 122
103 131
32 133
125 96
28 74
81 26
65 5
5 94
127 62
31 123
54 139
135 9
129 70
22 124
102 13
97 80
39 4
110 78
104 27
17 61
11 105
58 36
81 146
66 90
147 56
58 33
49 85
107 112
94 95
81 10
82 129
23 76
15 146
45 17
86 68
113 125
147 64
43 133
63 77
2 70
27 112
92 59
26 19
45 41
110 139
77 96
53 26
125 54
77 27
120 0
134 114
56 2
86 46
128 81
58 45
106 30
66 9
20 69
25 126
139 68
107 87
60 39
20 98
21 137
49 129
50 107
96 109
83 72
103 143
68 98
105 9
25 15
132 136
67 106
0 95
125 105
130 4
42 35
69 55
93 99
27 41
116 18
13 106
141 49
84 12
77 27
84 47
134 43
104 115
36 27
141 111
50 17
110 135
9 43
15 64
76 40
65 143
47 43
109 71
84 127
146 117
106 60
129 10
84 116
124 29
45 23
138 52
20 139
128 80
14 40
122 109
138 17
51 0
130 58
119 84
120 123
68 88
31 11
62 138
87 109
25 67
147 62
96 23
124 0
113 84
104 32
148 21
120 52
108 117
134 133
134 137
2 117
72 115
144 87
82 55
88 18
38 127
78 142
104 81
142 29
53 32
34 125
50 102
19 84
79 43
54 89
0 25
109 59
5 147
53 113
147 37
31 62
9 66
36 38
24 9
138 54
20 79
34 11
0 16
53 104
5 68
8 16
26 75
99 45
45 121
6 143
131 93
41 40
39 15
82 64
84 92
48 75
12 0
34 78
129 101
112 76
31 102
35 70
80 16
101 14
128 125
83 85
5 3
127 113
22 60
84 22
143 94
12 71
105 93
90 146
67 2
51 15
146 33
4 67
11 118
139 146
140 24
16 138
57 61
44 121
143 49
84 11
40 37
64 106
40 32
109 74
63 144
38 108
149 70
85 118
74 58
137 63
21 112
124 20
90 62
125 133
13 31
95 75
112 78
25 116
71 110
3 93
18 59
105 136
146 106
89 51
45 53
48 144
24 37
112 84
103 39
111 76
15 4
29 48
96 135
128 1
110 68
66 147
64 8
83 18
137 90
115 98
66 74
109 98
53 58
28 80
50 139
44 86
109 47
53 4
145 60
11 79
11 124
104 90
98 32
84 56
126 1
79 140
67 126
36 49
101 124
105 70
148 77
102 10
72 139
139 80
128 17
71 117
114 77
106 149
127 86
148 75
38 123
7 30
17 88
115 36
93 133
128 146
112 139
47 126
37 143
87 69
145 27
18 116
128 128
111 99
67 111
116 50
65 131
80 91
127 84
80 5
84 103
56 44
21 103
119 30
62 75
77 22
14 78
20 43
7 101
26 138
59 115
100 40
52 62
67 10
104 78
72 39
127 89
118 91
97 141
132 39
92 33
79 34
127 144
129 39
93 20
86 122
87 124
42 52
92 91
118 50
121 13
133 16
29 44
115 72
85 21
92 85
16 22
94 4
63 53
139 3
78 11
107 134
96 135
133 108
28 146
101 112
38 106
32 40
98 101
10 41
65 99
59 135
39 75
59 72
64 20
102 31
133 71
62 81
64 107
18 35
130 75
3 118
134 29
49 67
70 86
69 78
35 69
93 135
105 143
33 63
119 92
121 55
129 46
84 106
26 149
135 87
39 52
123 113
33 15
133 61
42 76
130 125
74 0
86 138
81 88
82 130
36 58
39 55
89 28
25 98
37 8
6 22
148 105
55 126
27 67
125 21
148 94
58 61
147 48
107 35
95 35
38 50
69 135
53 118
68 26
83 142
0 108
31 101
22 11
22 64
149 97
14 76
60 82
117 48
2 97
143 134
114 138
34 149
20 123
63 93
112 2
100 56
121 65
121 135
14 10
67 98
50 65
18 96
112 129
16 86
56 88
29 13
24 14
29 41
128 112
58 81
32 134
12 87
39 139
28 128
15 126
39 114
80 61
124 9
89 65
148 12
112 119
9 126
123 45
75 70
53 144
61 69
120 67
98 112
138 36
69 128
26 4
39 104
63 138
55 30
54 7
11 76
140 138
86 39
24 121
55 75
9 86
124 27
133 97
90 93
10 63
11 47
48 109
59 79
125 38
27 106
53 83
107 124
105 132
130 91
11 99
120 135
20 16
40 92
46 7
133 87
145 38
61 103
10 147
138 14
136 143
88 70
24 3
130 88
148 100
33 76
92 87
30 18
102 41
7 125
9 43
137 112
46 130
120 129
141 101
69 83
23 140
132 52
109 4
78 2
97 4
79 15
148 125
85 90
35 118
121 117
117 75
133 123
103 53
88 116
149 80
88 58
68 36
113 113
132 51
88 63
125 57
106 138
82 6
45 3
8 114
24 50
139 67
141 142
23 127
87 86
85 26
35 118
2 83
73 111
42 54
41 140
66 90
94 63
25 43
32 94
41 125
79 119
141 139
130 76
64 64
88 146
24 114
131 24
10 86
13 17
43 120
112 114
104 89
19 139
126 97
69 117
115 23
107 95
125 106
135 32
126 119
72 79
12 97
112 17
127 48
51 147
131 67
90 115
11 148
115 22
109 121
39 5
141 34
82 137
85 99
126 148
108 35
137 6
48 109
47 120
65 91
45 69
58 34
120 116
25 101
32 61
136 137
17 0
109 85
54 149
45 120
106 98
128 52
23 53
48 1
118 50
98 18
111 76
143 42
135 8
120 67
113 140
83 5
129 22
72 138
11 122
118 22
61 128
121 131
112 44
145 65
59 17
79 45
2 112
83 8
11 97
90 77
70 148
20 82
42 28
57 42
56 83
136 118
144 88
37 61
44 65
122 64
85 128
149 77
94 146
37 84
141 113
62 33
121 49
62 62
46 122
12 62
108 54
36 140
115 20
69 87
90 147
63 76
8 1
14 71
52 58
85 17
107 126
39 36
85 146
13 133
81 136
120 73
59 38
16 71
100 25
50 129
45 9
21 43
47 40
0 20
52 7
136 39
26 49
136 9
35 101
136 6
15 109
67 15
53 12
44 78
125 122
64 149
110 5
13 51
117 10
35 69
63 54
5 91
21 20
36 115
8 81
131 121
138 81
42 112
136 55
73 73
102 121
132 40
70 7
80 139
102 135
121 121
60 93
40 96
13 56
110 16
63 125
83 149
22 38
86 109
121 91
38 80
63 109
87 98
69 49
97 139
43 51
130 1
101 42
142 102
84 3
58 146
136 31
112 84
148 112
66 102
147 62
76 32
32 112
104 116
60 94
112 56
86 19
63 5
139 54
28 29
125 130
140 138
93 43
117 80
29 127
118 71
44 99
24 122
120 95
83 91
131 22
92 6
39 2
148 46
11 25
18 19
0 53
105 115
118 138
99 7
9 49
77 128
81 9
134 13
133 0
21 95
63 106
92 135
61 54
30 99
116 23
114 34
63 58
4 137
47 147
27 88
58 127
34 69
45 48
12 10
28 112
101 68
83 106
137 119
138 18
70 69
9 38
4 138
138 109
56 55
26 86
104 119
57 138
59 19
144 61
132 51
36 119
143 62
127 77
39 60
106 85
24 42
89 68
131 121
18 148
85 69
27 8
38 80
12 85
73 13
94 73
98 48
104 23
1 18
81 106
15 66
68 139
20 8
31 104
107 125
142 90
41 87
92 42
135 55
52 103
1 10
85 147
11 27
87 82
126 105
37 92
78 34
99 33
32 137
39 112
134 143
108 101
81 12
14 122
141 90
11 43
26 106
138 147
69 9
38 19
64 126
149 34
44 141
9 97
134 55
35 39
146 92
67 129
112 110
17 127
69 15
23 74
116 3
90 88
11 100
16 12
42 135
10 64
30 102
70 88
54 128
69 7
65 141
2 31
1 52
95 134
103 72
10 2
137 97
25 31
110 92
17 84
4 149
20 104
145 137
91 109
52 135
17 41
48 89
130 98
94 45
49 139
57 10
89 23
96 91
125 75
109 142
53 11
32 45
4 105
146 0
55 28
120 75
64 98
89 0
141 146
62 105
10 112
140 140
63 50
94 6
139 52
125 61
49 6
17 92
41 123
91 88
65 0
6 103
119 135
132 33
93 78
52 4
137 68
41 22
129 44
52 50
3 51
30 1
46 101
38 95
115 14
130 28
56 106
89 3
94 132
131 120
87 0
122 125
87 148
40 53
18 43
45 135
91 129
12 64
4 97
62 25
13 45
50 5
32 78
14 100
68 97
58 113
126 49
122 112
11 66
79 23
101 97
101 127
52 139
19 143
110 92
121 71
69 97
84 107
36 62
110 137
121 101
74 109
109 108
120 133
92 134
22 138
122 135
68 33
35 103
61 90
34 28
99 77
8 57
0 8
42 96
35 124
110 6
6 91
105 96
136 111
30 67
83 81
5 82
124 99
142 91
34 33
13 18
109 15
112 44
73 22
6 119
96 91
124 22
130 17
29 133
37 81
31 42
69 128
108 96
142 120
27 76
80 6
31 2
69 26
96 57
52 5
146 55
3 28
16 75
69 114
74 68
8 101
4 18
15 8
112 12
99 116
40 51
56 78
116 120
130 7
73 29
104 17
59 94
9 36
104 25
54 15
121 60
111 24
15 30
78 120
90 50
105 39
84 83
38 12
115 34
117 63
110 81
135 26
83 102
33 81
83 51
30 46
45 111
102 86
125 102
111 141
42 96
100 44
27 8
86 82
135 96
128 117
134 95
134 16
18 148
106 102
125 17
24 97
28 136
79 48
81 142
81 2
38 38
80 47
25 133
11 59
24 10
43 49
47 140
109 59
100 29
27 78
13 111
60 81
55 17
16 28
69 142
18 116
136 34
51 71
148 73
26 103
53 103
5 148
96 143
76 63
43 49
31 59
82 113
58 36
128 34
91 121
10 80
29 23
59 75
128 38
88 140
80 48
122 129
30 78
30 108
88 118
130 131
126 13
148 11
61 104
11 90
133 105
107 148
108 90
105 58
121 11
18 65
131 31
63 57
50 3
27 77
0 142
88 33
21 57
33 14
7 56
126 47
125 104
115 46
38 27
81 80
45 48
91 114
115 52
71 58
88 62
76 84
34 109
31 130
18 123
6 10
117 88
103 56
18 37
137 29
73 108
60 75
104 12
111 106
64 23
30 77
72 50
73 69
106 79
94 48
99 129
43 4
32 123
129 71
93 120
15 143
10 27
89 81
24 131
57 145
94 100
36 146
52 123
124 1
17 90
23 120
136 112
12 27
20 87
13 49
12 98
87 51
131 82
17 130
43 39
103 27
9 7
99 135
17 22
114 17
59 93
99 7
53 78
139 66
99 14
24 11
143 55
87 37
83 134
12 142
91 135
11 100
83 79
71 19
77 91
80 39
75 113
67 137
9 11
101 71
15 139
32 135
98 2
89 76
14 141
97 74
2 137
0 45
84 81
87 39
96 99
81 98
103 60
31 130
55 46
68 140
73 127
93 132
133 112
25 113
14 83
36 108
138 44
103 99
12 91
24 109
18 28
115 33
67 16
35 104
97 126
88 109
71 91
44 32
1 105
90 91
59 127
22 7
60 143
92 83
27 130
8 39
122 56
97 76
15 11
0 36
140 130
3 46
58 119
9 16
130 50
102 146
100 61
88 134
146 104
65 82
111 54
74 79
113 62
14 41
14 3
66 119
67 55
67 46
15 78
40 20
136 106
5 100
92 134
54 141
6 143
75 53
32 51
57 72
137 128
42 127
121 69
65 130
130 33
58 131
38 27
142 1
20 108
117 121
124 0
116 7
0 16
23 57
117 69
131 55
80 149
120 128
12 116
65 129
15 125
41 37
18 110
29 14
86 114
23 68
118 18
80 67
123 139
24 14
60 95
101 144
138 9
39 114
143 34
25 64
13 88
133 99
16 51
14 68
137 16
37 138
80 18
8 49
79 29
149 119
114 70
89 51
41 138
9 97
100 46
124 14
0 74
69 134
9 30
56 40
33 139
135 65
14 19
27 142
87 25
4 76
110 52
89 138
109 40
117 146
104 140
56 68
57 136
22 93
48 9
44 81
113 147
122 130
71 110
29 141
61 107
127 13
59 31
106 85
49 9
0 17
136 132
6 15
38 138
73 139
65 139
113 34
137 31
83 23
17 42
31 10
83 56
8 22
122 3
62 20
71 85
109 147
126 130
72 131
144 69
114 109
43 75
144 35
139 35
47 124
111 104
36 122
15 85
127 84
9 117
103 70
139 68
102 61
31 110
135 55
58 86
94 89
96 71
120 103
4 121
32 0
103 59
16 103
22 64
107 119
134 27
104 77
109 95
123 94
48 148
78 130
119 82
123 75
20 46
89 115
56 75
107 129
23 42
79 131
5 118
57 68
56 80
58 69
96 47
117 50
8 122
136 145
106 124
81 31
56 37
144 30
15 20
138 76
82 106
58 88
37 18
110 27
18 28
61 92
122 53
123 120
43 123
111 98
109 140
138 20
14 50
126 143
78 93
115 145
70 5
21 24
111 4
128 48
58 57
33 40
71 112
46 148
58 17
114 9
59 26
73 131
119 40
68 60
128 97
100 68
115 34
64 17
105 38
86 144
143 108
4 41
108 18
18 142
95 109
18 54
95 119
61 26
62 25
64 29
52 94
35 94
121 57
71 132
36 13
144 10
80 10
70 129
74 11
22 64
112 141
96 65
39 85
143 86
36 49
109 136
36 7
15 89
48 13
60 121
143 18
74 109
27 86
149 73
84 8
62 26
15 9
82 24
133 35
103 137
119 70
7 67
47 67
98 1
121 99
50 57
47 43
27 33
147 122
78 90
22 5
63 63
15 99
123 135
19 59
139 3
114 46
106 10
111 77
145 74
30 64
60 94
109 65
16 108
149 41
127 16
38 107
129 63
19 55
126 127
50 21
10 96
45 82
80 40
84 87
84 76
109 129
108 106
122 142
86 101
9 66
56 100
134 89
6 87
0 22
13 9
15 72
20 111
57 64
96 108
93 36
77 98
50 63
11 22
12 54
147 44
54 21
112 17
24 29
149 1
116 104
90 76
124 24
6 75
87 132
117 30
16 81
14 126
37 0
73 108
18 119
28 5
57 100
61 100
48 127
98 98
34 54
80 106
71 129
32 53
18 42
117 121
2 140
13 102
114 31
127 25
104 28
115 104
105 100
94 62
29 75
81 38
97 75
102 71
60 55
145 25
11 126
6 59
126 136
50 102
31 48
5 55
86 4
24 46
95 41
88 25
19 146
49 114
81 28
93 41
22 114
23 134
115 24
28 109
95 56
146 51
120 14
75 105
14 5
126 142
114 85
127 52
124 11
126 135
123 42
10 92
11 86
29 41
145 3
106 14
111 42
17 92
19 107
68 118
32 127
46 22
21 123
60 63
147 57
85 94
20 145
134 140
73 133
64 79
20 134
115 18
15 77
4 43
122 132
41 145
39 134
89 149
26 138
84 46
59 80
35 88
68 143
106 13
62 55
39 110
136 50
120 118
23 25
104 19
62 137
74 94
116 25
91 18
85 35
5 53
20 21
58 60
138 130
66 58
96 131
26 25
41 51
26 92
101 133
98 125
141 140
39 66
71 42
57 103
41 141
73 58
126 95
146 10
52 83
110 44
65 44
40 49
65 54
6 135
139 18
36 116
29 111
14 19
106 132
118 106
139 22
8 105
85 35
71 115
6 86
75 147
34 24
73 62
76 68
117 129
66 133
100 50
108 16
108 43
97 36
31 86
115 110
90 140
85 70
133 118
83 142
45 0
143 129
127 44
95 73
36 57
105 5
90 122
55 75
80 132
69 31
18 28
89 106
17 113
38 120
140 67
128 104
43 140
79 27
112 34
35 100
34 49
32 126
27 89
80 102
129 99
8 76
20 113
53 112
28 113
104 37
85 10
131 141
12 18
130 5
27 26
111 111
98 37
77 90
109 90
49 63
27 126
26 145
42 106
86 128
94 106
124 96
59 147
75 112
46 106
20 142
122 128
127 45
57 87
61 12
70 49
104 102
35 20
95 12
20 66
65 79
8 3
98 30
22 43
18 1
99 113
106 113
20 114
144 133
123 62
132 115
109 12
105 61
95 44
128 48
19 36
135 34
134 11
49 117
66 41
44 98
19 17
11 58
31 55
148 7
76 28
60 96
44 30
69 80
57 10
20 17
83 70
14 124
144 34
140 76
63 37
96 29
74 5
81 9
103 44
82 75
72 122
99 24
9 126
136 100
136 16
17 93
37 109
131 56
50 48
79 137
0 126
52 121
40 75
111 12
47 9
38 126
104 14
75 11
96 92
36 123
136 148
96 111
2 29
106 1
81 100
71 4
0 103
136 70
27 92
106 94
122 112
100 64
81 67
97 2
131 91
5 111
4 59
105 67
18 25
137 109
27 144
128 149
11 43
63 89
49 21
79 88
84 137
46 112
52 97
112 63
28 70
32 10
83 63
132 123
28 60
60 88
6 57
65 109
17 70
130 52
62 7
11 29
87 120
123 57
1 54
15 38
58 121
140 18
0 41
125 126
9 131
7 44
130 58
14 149
94 139
1 139
10 129
73 145
29 73
148 74
99 146
18 45
113 103
93 125
95 93
82 132
88 97
26 70
34 127
71 122
149 94
110 75
49 3
88 84
43 36
40 132
43 84
33 65
108 70
84 106
54 108
102 28
125 106
101 63
99 18
32 138
12 3
91 15
137 15
87 44
95 4
47 79
61 146
100 26
37 66
57 140
51 6
148 82
25 75
110 74
15 37
128 94
65 113
27 6
124 121
139 57
66 19
8 123
36 88
2 128
134 104
29 91
28 140
8 119
38 125
131 91
145 144
105 64
97 96
29 105
16 40
33 33
19 69
104 40
110 55
62 4
51 47
119 89
54 66
34 143
74 56
77 139
124 77
44 21
110 133
36 29
1 25
49 5
42 132
139 80
124 40
68 46
63 89
93 92
47 27
28 88
60 61
36 23
6 111
84 0
66 108
106 57
79 32
126 109
126 133
70 19
125 75
147 66
118 144
65 114
130 10
78 85
81 65
13 124
116 94
116 104
89 53
105 35
56 19
28 49
39 6
17 94
6 18
34 111
17 148
7 79
78 98
146 58
65 94
7 123
111 25
18 138
67 3
63 83
19 6
2 111
95 10
69 54
116 131
75 97
101 13
56 5
31 13
66 115
2 17
117 139
18 130
116 136
85 114
132 20
32 21
130 92
32 87
59 76
82 139
41 50
72 49
138 20
104 42
28 78
58 116
142 104
13 49
69 73
9 14
29 103
66 8
36 148
70 32
129 97
62 138
21 46
37 91
26 108
85 90
1 78
59 97
53 28
81 118
90 70
11 117
10 95
3 75
32 72
143 63
134 95
69 110
93 57
22 49
28 28
0 88
127 108
84 69
70 20
19 8
37 105
48 23
95 6
122 62
51 39
93 29
135 18
79 75
74 116
80 143
133 103
139 5
95 137
62 125
141 123
50 70
38 134
122 54
36 118
138 125
121 118
36 35
77 128
97 148
14 75
144 116
35 96
30 144
133 94
32 68
114 54
136 38
16 73
68 62
118 82
105 125
41 99
36 56
17 71
9 104
129 138
29 84
142 84
11 8
45 16
66 133
12 25
23 1
88 9
47 120
49 103
60 34
29 23
120 37
23 138
132 75
143 49
4 76
17 25
142 27
4 113
71 117
31 58
63 132
104 75
16 140
86 105
141 54
76 67
125 62
105 16
135 133
14 25
114 132
101 39
61 42
72 103
2 143
59 43
129 33
66 83
108 143
116 105
68 114
17 69
58 71
5 146
59 54
126 132
84 39
89 85
6 40
74 119
3 145
25 148
59 85
53 116
128 96
90 42
13 3
94 129
65 71
10 9
64 49
9 111
139 52
70 110
20 129
56 138
89 47
123 130
39 107
72 40
21 1
74 19
136 79
29 56
133 139
55 17
106 117
142 124
67 5
87 134
61 32
84 68
113 86
104 76
85 76
9 142
34 115
75 117
142 57
38 9
140 74
40 19
39 32
120 134
54 65
138 7
32 94
49 111
91 71
5 43
146 89
138 115
9 35
40 95
83 118
70 13
63 16
6 34
80 57
79 40
137 111
2 103
63 51
118 141
19 124
114 37
23 135
40 11
93 96
41 109
102 40
114 62
108 16
20 91
67 24
134 114
114 131
136 30
82 90
27 135
37 8
48 52
87 80
11 112
85 84
61 125
16 59
34 11
44 69
135 127
20 8
18 30
137 56
52 77
22 96
2 109
4 41
3 15
29 30
77 40
40 41
43 108
93 63
128 122
111 40
97 72
83 15
68 26
20 59
86 10
114 126
107 51
53 141
44 125
95 128
126 66
129 19
89 101
97 5
92 43
66 45
47 7
59 88
97 71
134 8
135 124
70 142
102 18
98 127
27 96
119 110
42 22
126 115
44 75
140 82
36 67
24 70
101 75
148 45
126 102
42 53
115 83
67 95
51 1
0 145
76 89
25 142
73 146
69 78
5 118
68 116
123 9
103 17
67 1
56 8
109 58
53 61
21 72
21 93
88 109
9 114
12 74
61 38
80 9
110 136
78 113
93 140
95 30
58 86
99 32
51 34
11 96
55 105
138 28
93 37
57 60
129 146
17 132
63 54
36 120
79 25
144 67
134 136
48 41
109 58
67 25
5 110
47 23
140 23
55 92
83 142
118 62
17 67
73 64
91 145
25 64
122 25
114 16
27 18
12 145
143 63
18 147
56 128
20 101
125 40
117 127
45 45
53 53
14 97
17 49
58 17
36 50
116 39
14 54
146 139
22 64
132 76
75 147
64 29
78 45
12 126
36 21
58 146
34 87
0 102
108 98
73 45
119 4
71 107
60 110
7 62
134 18
123 38
30 145
93 48
2 146
61 108
132 4
12 23
46 9
75 100
63 87
141 23
59 82
11 17
80 48
111 100
28 56
117 55
65 114
47 25
10 58
32 130
123 125
18 111
6 120
76 73
113 44
104 108
118 91
59 34
145 124
25 46
29 123
139 51
76 12
31 36
26 133
78 77
119 20
15 10
37 129
94 106
125 33
65 24
143 26
53 29
106 130
105 27
99 0
33 8
65 118
10 60
91 13
81 82
31 101
92 32
98 62
125 52
119 119
56 5
91 131
31 21
85 97
75 49
61 121
110 72
123 37
118 148
142 142
131 24
42 109
14 55
84 142
132 52
116 146
98 17
81 6
47 65
66 8
27 92
90 141
132 14
135 70
44 111
117 105
86 119
23 3
112 43
125 52
38 22
94 12
101 120
135 130
39 61
129 95
57 120
47 4
50 102
82 45
112 135
65 137
90 145
81 54
133 52
6 21
2 84
74 64
87 96
148 35
134 64
36 125
17 35
29 24
51 134
33 14
91 87
30 100
44 123
35 111
86 17
82 41
8 126
8 142
41 12
88 108
141 107
140 122
57 14
91 85
10 65
147 73
78 23
28 29
135 121
74 13
20 105
62 34
6 86
142 53
21 59
146 30
33 89
133 86
65 36
119 86
127 78
24 14
13 73
50 126
81 111
121 106
126 136
47 96
37 0
28 63
100 30
36 120
32 134
122 45
71 120
32 7
54 143
65 66
59 114
45 62
78 63
51 66
149 81
14 68
51 73
123 73
148 118
57 62
111 28
29 70
56 12
73 5
95 13
139 37
135 101
145 136
141 41
20 146
19 137
57 30
146 149
148 16
74 81
42 87
39 107
38 112
50 41
12 112
140 30
48 2
93 138
143 33
40 103
44 114
66 132
51 71
109 48
70 24
28 97
7 58
139 101
144 128
92 118
66 139
77 49
54 98
60 90
109 95
6 25
99 106
2 34
108 89
11 28
88 120
59 64
87 27
136 45
123 134
64 144
124 58
20 53
109 35
62 15
12 46
120 96
89 9
126 123
30 14
57 4
15 91
113 100
2 77
95 140
148 45
85 122
0 137
31 106
25 112
80 1
9 135
144 42
121 3
0 21
102 104
55 114
143 35
76 36
80 75
107 112
129 46
70 48
115 102
15 50
137 91
91 85
109 22
84 20
104 16
21 87
114 62
109 108
40 18
103 80
131 27
147 56
118 114
106 30
50 120
111 36
27 133
124 65
141 87
19 71
47 138
117 98
6 81
109 15
40 140
48 32
15 92
114 104
123 127
34 146
124 60
57 102
132 133
110 66
63 34
128 142
135 92
47 94
12 135
32 106
141 148
59 60
20 40
64 127
38 74
51 29
15 56
96 53
16 76
19 130
52 2
80 83
75 107
11 62
118 110
39 87
97 22
65 55
99 87
94 102
18 72
131 26
128 0
58 119
32 67
10 86
27 3
53 26
13 7
32 55
144 71
12 135
24 0
26 148
41 36
142 74
23 127
141 27
71 128
114 88
18 112
109 96
1 108
117 116
54 91
116 142
14 6
138 99
138 65
129 61
15 73
41 16
12 47
84 113
121 57
107 95
99 126
102 121
22 8
23 23
86 15
137 137
81 104
103 66
138 60
46 10
28 108
147 5
10 97
148 81
149 128
124 132
53 2
90 60
30 22
58 130
101 72
10 130
19 125
40 24
7 27
128 59
75 117
35 51
64 54
142 142
55 137
106 25
85 121
37 138
14 131
3 120
3 112
133 135
142 73
132 93
105 72
129 19
70 66
139 142
67 14
60 24
134 115
7 59
70 81
119 144
120 78
48 81
41 60
147 117
147 122
136 12
128 131
34 39
31 122
9 141
78 27
89 18
134 68
28 106
131 61
121 139
32 9
51 39
42 134
123 26
111 31
126 37
19 42
51 107
31 29
91 140
98 30
64 119
71 19
97 6
43 129
73 118
119 77
120 46
1 64
28 25
139 26
63 47
27 147
44 29
23 78
65 36
123 29
69 78
91 37
147 33
102 136
147 52
45 31
1 79
43 35
41 5
105 36
93 116
20 65
96 117
131 72
29 67
47 101
11 143
122 78
123 14
98 118
39 93
106 100
113 138
96 59
124 36
8 112
133 30
38 59
7 104
97 131
65 69
132 106
104 79
40 102
78 108
129 82
132 109
131 69
76 74
141 121
23 102
100 50
85 90
112 35
43 108
11 133
117 39
44 29
131 113
123 123
45 92
142 54
22 8
149 3
46 110
77 100
36 22
20 32
145 68
88 109
29 149
16 40
134 16
65 141
27 124
89 72
0 67
124 8
90 138
19 56
64 70
60 113
1 102
5 65
29 100
145 46
64 134
134 77
22 3
9 108
113 88
8 51
36 35
14 148
12 144
28 90
78 71
110 8
13 72
149 90
120 16
14 49
17 15
128 11
100 56
133 136
13 141
124 104
63 80
104 13
115 122
139 64
45 87
132 42
96 50
102 28
127 11
130 62
86 47
140 144
123 3
101 79
136 81
144 29
122 65
80 103
65 139
121 75
149 66
83 103
129 15
128 57
19 113
87 37
139 81
31 91
74 121
88 86
144 20
62 62
100 149
118 94
0 36
38 70
110 55
107 17
52 35
104 44
142 13
104 149
115 139
135 8
2 147
6 19
27 103
5 104
74 77
73 91
64 92
80 130
55 65
121 138
80 123
141 149
95 1
102 7
7 60
54 50
101 28
144 129
119 32
32 124
80 130
10 50
21 5
49 101
126 41
137 141
130 138
135 77
95 136
113 7
16 74
114 126
10 113
98 100
28 136
50 95
113 35
128 147
13 93
122 141
15 39
86 14
145 31
94 44
18 39
147 88
92 80
16 143
22 68
110 1
92 31
100 93
58 69
33 116
137 127
139 66
80 33
132 112
125 149
126 8
15 54
45 26
82 77
129 84
53 91
63 149
32 34
147 48
63 54
43 105
12 93
15 110
147 65
100 114
7 42
91 84
54 20
32 99
67 138
60 133
141 37
137 39
26 29
45 25
11 60
143 115
0 6
20 63
54 4
23 13
67 126
91 75
89 60
20 113
85 122
54 125
61 45
62 10
114 110
104 127
40 115
67 8
76 59
146 115
36 35
56 110
52 49
10 51
61 137
99 104
112 91
26 88
18 68
41 122
44 64
87 56
107 83
144 19
40 141
9 28
50 6
7 52
142 59
26 114
20 31
94 113
55 14
11 43
107 1
54 137
83 27
91 45
63 102
51 76
101 11
135 118
28 24
139 98
124 34
13 142
30 101
48 144
20 35
32 126
128 113
106 37
137 53
60 97
85 42
65 90
121 39
134 16
60 128
15 38
138 135
85 113
12 20
11 56
80 31
27 51
0 25
94 142
41 61
111 44
1 48
60 146
134 37
126 124
0 15
144 7
108 99
13 80
146 106
118 22
4 145
41 119
141 67
42 144
81 43
64 9
127 42
18 46
58 18
54 100
146 110
104 88
43 80
4 122
95 24
3 108
141 127
28 110
61 2
59 72
20 77
141 72
18 51
3 120
73 131
69 117
82 69
72 25
2 0
110 100
90 132
27 125
112 64
45 31
87 7
16 110
84 67
123 91
16 70
76 122
84 56
21 10
96 120
26 143
141 75
6 52
87 101
148 75
52 70
143 137
20 33
99 124
130 37
26 76
13 14
79 57
80 34
147 99
113 56
138 73
132 58
85 148
97 31
52 108
31 64
94 126
48 5
70 58
143 126
26 113
4 14
105 39
120 115
108 41
94 28
55 51
123 32
95 28
124 133
30 18
125 118
74 72
123 93
129 126
31 69
48 137
33 96
148 64
87 54
127 2
30 12
105 23
94 92
99 43
108 6
128 65
0 70
26 44
68 92
98 42
68 139
94 119
24 39
149 122
56 83
33 119
95 52
116 146
20 66
66 71
132 105
4 39
116 44
27 101
129 149
73 93
48 37
53 110
6 108
57 129
81 141
93 2
48 35
20 76
103 4
103 82
114 136
146 35
66 89
102 141
72 111
102 94
2 140
54 46
53 53
106 81
26 96
48 137
53 109
36 51
78 107
84 43
112 101
46 18
109 59
69 111
47 140
1 103
129 143
76 84
67 0
47 71
31 27
24 52
36 3
130 122
48 36
84 136
107 90
43 13
68 43
72 64
16 60
88 17
87 144
118 30
144 104
5 148
30 51
102 104
10 110
148 44
28 23
1 92
80 38
13 3
137 7
58 67
58 122
147 75
97 84
110 34
13 143
21 113
133 59
92 73
56 80
88 97
15 66
90 51
114 99
142 30
110 101
41 35
135 131
59 93
136 121
123 98
92 115
130 95
85 73
132 68
122 102
92 49
79 25
51 114
117 46
10 118
113 53
81 93
88 61
12 18
134 114
62 87
67 60
20 72
115 66
93 42
1 48
109 82
50 82
146 84
119 148
69 125
34 62
42 60
10 45
92 89
119 38
135 94
16 51
54 24
137 96
82 101
41 145
17 135
113 117
13 104
129 13
13 49
128 126
7 3
114 138
134 147
149 106
141 122
130 136
126 29
39 126
87 50
94 68
137 135
98 129
53 98
54 59
121 91
29 88
6 133
76 97
57 26
57 60
149 103
17 13
29 70
135 89
77 74
146 10
87 59
140 138
32 71
56 134
58 148
72 126
28 100
25 146
42 135
137 109
54 42
146 22
122 42
97 63
100 32
17 100
106 42
51 144
41 31
16 5
133 51
147 56
82 132
93 113
117 144
122 56
41 51
78 115
3 68
92 94
117 12
45 80
28 93
9 46
91 101
133 51
36 67
63 107
100 58
93 74
148 83
88 105
76 136
27 38
76 47
57 2
115 147
45 147
99 2
69 130
145 6
125 107
44 149
43 21
0 141
49 8
11 26
145 86
54 81
101 58
46 59
137 137
34 134
57 79
55 105
55 83
68 10
58 28
126 117
47 67
111 63
18 111
1 140
23 127
143 85
50 92
77 129
43 107
91 135
149 1
146 95
105 75
141 18
80 113
134 121
49 40
49 77
138 47
17 20
44 126
43 47
45 4
78 100
136 80
31 116
92 136
12 54
105 55
124 61
97 65
19 21
100 124
133 9
85 35
78 109
69 4
23 82
67 57
65 12
113 9
111 41
11 92
36 13
37 8
87 30
7 72
116 87
118 139
134 118
111 17
34 31
133 99
136 17
118 131
111 51
77 116
29 62
30 136
148 22
16 84
14 55
135 99
23 86
94 14
52 13
20 53
85 116
31 141
21 91
108 145
38 51
144 141
149 50
130 48
27 115
122 79
85 100
122 97
70 86
144 47
50 81
57 1
92 51
136 82
124 60
95 76
78 148
3 114
77 32
130 95
17 69
33 99
13 105
24 70
62 32
75 131
118 100
104 40
81 71
110 128
145 8
11 65
8 5
123 36
37 120
64 98
81 123
39 23
29 76
20 31
134 27
89 40
16 76
1 114
75 12
62 128
143 68
40 54
76 76
103 143
93 94
87 63
30 137
72 148
96 146
82 71
97 119
40 77
140 40
25 110
24 18
21 105
24 111
134 21
63 87
145 52
128 85
103 24
51 103
19 68
6 94
49 137
138 84
69 41
81 114
25 51
76 124
82 66
47 41
39 104
8 120
104 101
86 106
14 41
138 49
44 139
48 3
86 115
7 70
104 146
69 21
12 2
77 88
117 58
5 144
114 50
12 21
98 101
17 36
78 84
130 53
112 55
92 110
60 111
3 40
147 63
68 137
146 108
92 65
101 134
90 69
6 49
118 73
5 12
100 78
11 72
100 51
103 51
71 48
4 53
102 35
130 65
142 132
131 131
71 65
87 86
76 122
88 100
99 31
51 62
145 130
85 146
52 86
73 51
13 35
103 93
103 141
65 6
59 27
62 52
66 133
116 84
86 18
66 21
134 85
17 63
34 83
134 107
134 102
6 113
83 16
68 102
89 62
72 60
138 89
3 63
141 100
13 140
128 92
102 148
77 49
136 128
120 5
23 147
30 129
91 107
5 40
59 1
3 137
36 82
58 72
95 34
71 11
42 98
111 139
55 35
129 9
101 57
0 83
145 39
82 119
108 136
3 18
43 17
51 105
126 86
124 126
81 65
26 52
35 41
134 58
73 45
3 139
7 78
135 48
96 135
49 62
91 103
90 4
121 50
121 120
102 14
12 59
13 60
101 147
146 115
13 35
53 103
10 108
83 141
7 12
82 45
80 108
138 8
2 9
11 81
55 136
112 42
51 117
19 69
100 104
39 112
111 61
113 104
126 98
136 102
77 40
110 17
18 18
37 86
42 118
7 109
42 4
7 1
72 3
33 65
5 140
80 57
111 136
5 130
3 132
53 148
98 79
99 33
34 53
36 53
20 1
117 130
70 53
142 77
12 117
134 148
94 82
93 123
7 53
92 147
69 110
87 53
110 46
142 118
134 22
66 21
129 29
17 135
144 143
73 66
30 52
109 24
139 28
70 49
108 47
5 120
96 88
92 146
139 111
131 87
82 146
40 120
61 124
138 101
92 56
90 133
27 88
89 45
127 92
48 105
131 6
24 125
14 143
84 61
148 96
127 60
59 103
5 56
124 18
53 89
83 71
141 131
37 116
4 128
131 47
119 63
31 108
64 77
24 68
100 102
18 30
19 30
86 19
9 1
37 129
54 42
1 144
133 120
127 52
141 112
32 117
33 11
55 80
64 130
124 100
98 67
122 111
58 135
115 135
54 51
53 41
4 46
30 2
21 45
40 93
94 125
1 24
139 122
125 69
31 41
36 28
8 15
7 113
13 68
81 2
145 62
109 124
94 24
76 147
115 117
21 16
105 119
147 22
43 102
149 43
141 90
88 73
57 68
96 27
96 54
115 42
87 21
122 94
98 73
6 89
5 28
134 142
29 69
78 140
90 90
62 96
147 90
126 99
42 115
87 113
91 44
44 70
2 52
84 39
113 8
24 37
112 72
95 14
33 63
55 12
22 142
24 95
19 133
145 97
3 60
7 127
99 83
119 101
121 127
13 101
60 59
35 68
18 116
107 87
12 75
50 52
74 114
42 108
34 97
71 25
35 123
33 27
51 120
63 48
103 4
115 94
94 84
51 12
101 39
20 77
33 27
105 21
23 19
120 45
89 98
60 6
125 128
90 35
51 129
105 135
40 124
109 143
15 146
78 106
53 76
65 79
140 31
105 101
25 24
64 16
119 83
146 10
102 104
36 40
110 141
15 1
117 72
99 127
119 134
45 66
120 85
8 1
122 100
69 117
42 135
5 100
142 82
117 3
95 132
20 93
70 114
41 29
131 16
91 129
50 112
129 44
76 44
93 91
18 144
107 81
54 99
81 127
105 136
105 93
48 17
92 75
56 71
119 33
0 46
2 46
27 41
111 64
113 73
130 130
99 110
128 106
17 79
117 69
0 112
139 18
106 124
114 37
106 110
146 68
24 5
36 92
28 45
92 39
54 117
135 111
14 61
23 28
22 131
2 94
134 130
131 85
143 22
55 53
87 137
102 12
3 78
113 2
13 19
22 20
131 0
98 65
34 105
17 125
116 93
110 99
4 62
103 100
101 101
7 42
21 87
56 107
3 96
59 53
84 85
5 88
46 19
117 106
122 114
37 76
144 33
140 105
40 63
93 63
54 148
91 91
122 145
100 3
23 32
57 80
41 52
41 115
143 26
28 85
93 74
122 104
50 148
120 106
70 14
146 139
145 22
54 6
113 135
113 126
141 34
44 22
97 7
117 144
40 5
47 142
67 71
51 66
82 75
7 14
7 6
36 39
91 44
2 119
28 61
35 19
101 114
145 41
145 36
31 139
39 7
9 11
33 88
21 77
105 73
101 136
66 2
127 14
97 11
16 36
31 140
125 15
51 66
103 1
143 9
5 36
113 36
73 40
49 125
69 81
135 83
53 72
1 32
55 93
124 86
120 118
149 122
48 140
4 68
2 32
129 70
71 80
57 90
3 103
144 112
105 124
146 92
1 51
125 27
94 138
116 111
66 76
53 4
76 58
64 13
72 65
84 50
70 37
113 138
47 14
22 146
93 46
118 123
138 17
110 124
126 3
1 52
112 125
57 92
5 83
115 52
74 70
22 32
32 39
17 47
77 64
95 137
93 86
95 128
20 130
117 140
47 131
81 87
60 103
100 108
94 45
65 144
131 144
36 21
106 8
125 110
57 82
77 62
107 9
20 106
38 115
116 129
5 92
111 116
109 82
131 8
102 27
75 2
37 136
133 11
79 64
135 113
142 51
83 99
101 0
62 30
96 39
140 131
53 4
144 51
118 7
21 141
43 110
12 31
2 140
138 113
23 41
50 44
126 85
126 52
82 114
102 79
56 17
73 78
92 115
130 102
109 96
64 98
35 109
65 60
38 3
115 42
146 48
53 91
56 141
130 120
121 49
90 135
21 27
120 16
96 125
61 85
0 81
127 124
95 108
146 133
144 41
35 114
59 115
11 149
51 48
115 65
94 39
131 48
88 87
128 63
15 137
70 20
99 40
104 12
88 111
76 33
9 93
125 80
36 103
7 105
136 135
130 86
126 105
12 124
47 120
84 112
98 138
25 21
137 22
113 19
73 119
64 128
105 119
26 122
52 36
107 18
104 82
78 55
42 20
144 110
60 10
2 79
37 39
39 78
77 118
67 66
44 78
29 44
112 64
149 117
20 70
144 26
143 22
147 42
122 113
39 2
148 91
84 113
126 31
79 44
80 82
131 123
41 15
140 47
84 139
75 28
14 132
97 60
56 81
134 45
4 1
12 38
84 139
108 48
62 34
113 144
128 133
76 96
62 16
84 24
126 80
25 73
91 107
99 59
29 64
51 113
62 91
92 135
45 37
81 62
140 55
59 83
130 49
20 102
132 53
109 122
138 128
28 20
95 79
89 19
104 32
34 149
30 37
80 61
70 4
80 16
17 117
93 139
68 76
143 86
52 22
84 110
0 105
96 47
143 46
100 145
143 105
13 14
130 46
33 123
85 61
56 31
22 34
50 36
126 140
25 12
101 39
4 82
54 103
100 55
126 46
2 79
134 0
11 30
133 29
141 31
22 90
123 127
7 64
128 132
36 124
118 40
131 31
147 54
69 120
22 21
68 73
134 68
93 62
39 113
120 82
125 13
40 58
60 6
21 124
2 90
18 128
137 25
39 80
138 93
80 125
72 75
122 93
97 114
91 12
1 148
78 36
40 17
13 144
109 131
65 47
17 138
49 143
149 7
24 25
71 85
123 31
45 102
93 80
40 31
73 33
139 47
71 28
24 120
127 38
52 12
13 115
113 16
50 6
137 101
110 102
32 121
71 139
49 4
48 138
3 136
36 133
112 109
2 98
73 43
13 101
144 29
52 99
28 39
0 67
96 17
129 57
99 39
57 119
67 114
67 67
91 82
85 37
147 101
16 101
114 73
66 84
13 57
46 70
19 37
96 148
97 63
49 52
108 128
140 124
134 83
49 86
63 7
136 146
61 134
7 27
142 33
108 46
72 2
121 7
53 115
52 27
71 44
17 112
28 135
83 68
2 8
118 90
45 98
33 128
97 52
15 95
135 53
0 106
120 89
113 60
86 112
67 118
140 133
121 82
140 34
88 74
56 130
21 1
71 75
75 53
51 140
142 73
94 66
46 137
105 83
95 119
144 63
53 84
43 121
117 94
7 2
12 17
138 119
12 8
104 74
79 92
56 54
48 91
91 52
129 15
149 80
124 101
126 127
89 12
17 73
86 34
46 108
142 113
27 131
16 89
110 120
55 37
19 72
38 86
60 8
45 58
72 7
147 133
65 82
115 66
93 68
9 31
47 94
67 18
124 86
68 72
112 141
48 73
140 24
140 129
9 112
12 29
12 60
111 108
97 141
119 63
108 121
1 35
27 74
79 115
8 50
60 48
106 74
144 44
35 28
25 98
10 4
38 115
86 33
79 96
128 65
42 79
18 65
75 62
68 149
73 122
113 87
96 51
34 39
104 98
107 129
96 107
139 134
55 144
104 93
125 72
4 98
10 128
87 67
37 97
23 35
10 68
17 108
69 105
56 29
16 36
29 148
145 6
114 141
120 106
138 132
82 7
131 40
101 116
92 89
87 95
88 47
120 101
133 13
102 40
88 132
6 105
1 42
86 72
28 125
94 132
104 145
85 106
94 77
29 144
115 96
41 3
105 115
134 69
39 68
97 113
90 66
103 27
56 82
60 79
62 46
17 141
100 87
63 32
135 77
64 13
144 63
88 108
47 109
106 26
17 85
30 122
100 60
144 126
60 25
30 15
51 54
43 96
119 24
23 120
68 120
44 112
71 76
95 30
5 120
6 51
113 120
113 47
82 53
130 123
120 91
14 144
30 38
115 131
125 44
66 94
104 64
71 121
8 6
70 34
108 89
149 7
81 96
52 48
102 57
83 140
55 148
135 19
77 17
146 106
48 58
28 90
21 72
68 95
3 80
58 21
10 91
71 9
130 108
5 24
23 31
74 79
83 33
41 142
75 101
122 45
83 145
70 71
106 61
29 133
147 37
8 101
47 46
136 124
106 109
112 73
137 119
13 74
145 144
84 24
95 86
129 120
91 2
136 147
77 18
70 140
143 24
82 13
81 74
125 139
75 110
120 72
60 84
54 107
89 27
28 25
142 48
21 147
105 29
3 4
45 0
36 133
96 39
23 96
13 81
38 67
114 49
36 39
28 115
93 47
39 13
57 140
48 7
130 38
93 93
14 58
143 5
54 86
23 65
27 129
37 31
91 92
18 69
11 93
83 89
129 24
56 73
50 61
103 135
99 57
24 52
127 14
83 84
60 5
131 88
15 135
38 122
85 43
137 128
91 55
46 106
131 99
117 26
31 34
42 50
71 135
44 43
16 131
106 94
2 130
125 118
44 33
131 117
58 50
66 22
105 58
22 59
128 5
74 107
133 111
70 25
78 131
66 72
3 29
102 122
96 19
130 29
93 125
88 34
117 122
127 126
83 17
90 89
36 106
82 8
39 135
63 8
113 9
115 57
134 103
138 112
148 110
51 40
110 64
2 94
47 31
23 115
112 14
36 78
31 9
9 21
73 114
107 76
89 128
43 67
31 90
114 41
128 32
92 0
37 70
23 10
121 111
65 24
126 58
119 121
30 73
38 121
53 27
134 125
47 33
22 26
101 29
72 84
100 79
52 81
102 32
62 12
59 12
114 141
26 79
148 84
127 5
11 146
6 5
145 18
104 122
120 125
81 80
39 4
30 24
110 144
120 68
67 106
42 71
28 42
3 126
131 111
67 107
19 96
97 49
54 33
72 58
133 16
30 133
25 65
109 19
67 128
30 81
45 76
88 23
124 101
149 49
126 12
88 118
62 75
29 130
55 31
91 32
27 35
2 110
1 52
143 115
71 53
57 32
103 25
59 7
75 25
24 5
55 26
27 29
148 27
112 21
81 11
39 134
17 66
19 83
106 104
149 122
59 12
117 50
34 31
86 13
91 60
73 39
3 33
19 106
53 62
82 72
120 81
88 112
99 88
69 109
86 111
148 51
56 70
63 24
58 135
105 115
90 107
43 101
144 33
50 117
42 35
87 106
22 56
52 24
139 79
105 48
30 33
93 123
32 49
87 71
41 140
148 131
146 63
69 104
142 60
64 77
102 8
140 141
84 45
141 106
111 136
108 129
21 43
14 45
31 145
54 96
17 112
11 110
110 19
141 19
143 0
85 59
47 39
143 71
87 123
110 11
127 13
49 3
5 69
116 3
106 120
89 136
103 16
40 9
134 110
43 134
90 13
32 140
41 30
69 105
45 3
95 33
25 130
77 93
68 45
48 41
22 8
145 30
15 101
135 55
95 92
84 16
10 11
7 50
85 42
84 93
49 143
96 9
39 128
138 137
131 114
48 47
147 30
27 124
34 129
113 38
11 69
149 28
42 50
46 110
121 23
50 46
8 115
140 18
120 79
36 30
62 135
43 139
16 24
109 80
98 109
106 117
69 33
144 135
16 103
120 78
1 23
145 121
7 111
99 79
2 138
65 109
50 34
124 21
16 43
46 132
14 146
80 122
57 52
22 35
57 70
95 70
125 11
11 113
70 61
95 89
17 15
39 7
26 47
95 78
91 64
55 50
143 14
9 145
54 2
66 24
6 45
111 69
57 136
22 22
91 138
57 62
138 64
125 36
0 48
132 137
29 55
44 25
111 17
20 20
7 86
121 61
93 6
22 74
108 63
100 62
142 12
78 109
31 94
16 87
128 126
67 8
99 71
73 38
114 34
16 93
63 66
78 119
79 131
96 129
9 73
43 18
18 4
110 116
20 10
149 53
60 113
81 24
114 108
52 44
142 68
39 5
4 124
7 47
40 16
50 47
26 125
59 77
47 146
43 72
69 69
9 47
36 77
19 97
112 45
36 140
131 51
106 19
46 28
94 37
69 33
114 109
1 73
141 102
87 138
106 63
98 36
125 30
38 113
15 130
122 86
3 80
88 122
93 83
115 2
147 78
120 11
29 144
29 86
29 83
72 94
122 80
124 126
114 56
40 53
59 35
2 82
96 120
81 69
147 37
148 76
85 53
103 96
119 130
3 37
47 108
93 74
69 19
63 109
71 62
19 131
83 108
125 33
144 115
5 19
73 97
8 4
91 12
75 91
8 21
72 76
53 21
130 106
19 59
149 30
28 97
72 141
88 147
108 44
108 125
65 102
40 134
16 61
110 15
2 68
49 75
34 66
101 40
44 112
146 144
74 144
109 131
91 137
5 120
88 55
141 75
134 104
123 11
122 146
75 15
112 90
73 119
5 62
18 9
70 136
6 76
139 81
4 118
114 19
94 61
99 54
65 131
56 55
148 129
85 30
84 57
117 3
46 95
115 22
1 73
103 15
123 53
6 58
32 91
79 19
38 120
26 18
58 51
149 131
4 147
123 4
97 145
17 100
61 2
139 70
30 20
108 124
83 38
90 111
95 109
147 86
50 48
99 18
76 72
3 48
84 46
45 136
42 77
131 146
6 94
78 133
15 75
31 136
57 75
121 88
138 142
11 130
81 66
29 114
41 14
66 96
75 48
45 28
49 65
149 85
99 30
17 141
137 64
43 28
89 105
25 91
3 58
29 12
86 19
37 51
43 70
65 46
6 72
14 16
145 62
89 63
102 129
136 61
131 40
39 140
94 119
121 77
76 6
141 50
97 22
108 149
111 111
32 112
106 2
86 77
19 14
25 127
57 90
64 54
111 67
130 24
32 72
28 12
69 148
49 97
60 53
120 126
120 88
57 120
46 78
81 39
42 85
58 147
68 52
31 86
66 99
52 66
125 22
95 79
95 12
57 132
6 116
95 38
134 43
123 100
138 68
143 62
77 97
37 0
63 54
32 123
146 86
33 51
47 89
120 74
44 57
135 19
42 95
116 70
53 25
20 65
139 102
42 71
137 118
60 30
10 21
47 86
95 23
48 132
147 49
28 132
88 28
54 42
120 148
121 100
133 27
64 94
130 138
2 114
51 75
98 45
15 79
10 59
70 149
20 105
82 140
3 98
42 117
16 140
121 120
115 103
122 2
0 145
111 26
24 124
77 66
70 78
103 120
2 88
17 71
113 144
39 100
49 68
143 41
146 80
0 42
99 139
101 128
87 86
115 21
24 107
23 133
97 6
143 138
58 4
112 84
9 32
100 1
74 5
82 140
43 143
28 110
42 100
44 20
10 38
46 82
89 27
134 47
65 148
146 35
27 9
68 12
44 91
116 76
86 18
40 22
38 76
129 23
88 106
73 65
49 7
130 94
113 59
49 113
104 11
127 100
111 23
43 15
72 125
79 105
25 20
143 81
105 135
55 69
61 62
77 77
50 11
51 47
142 93
78 8
30 85
117 130
0 147
70 110
10 147
6 108
96 6
76 67
92 90
52 92
25 127
147 17
34 22
61 120
102 8
94 73
42 70
109 62
122 7
68 40
134 15
19 122
91 3
138 51
38 106
39 27
15 100
145 1
133 0
116 136
54 135
19 145
85 50
79 79
20 24
55 30
79 14
27 115
120 46
79 53
33 129
13 45
41 127
118 81
112 22
48 146
123 129
122 60
60 11
56 9
2 27
66 58
14 10
11 39
59 141
30 15
131 76
1 147
66 136
33 68
146 108
146 65
111 73
21 65
132 112
146 13
88 64
90 26
115 115
38 5
58 22
36 140
131 4
34 149
7 92
71 133
51 137
55 85
25 96
55 38
12 30
40 139
127 57
78 115
65 114
145 77
64 61
6 99
97 79
123 12
50 8
79 31
70 66
146 108
100 58
56 144
91 106
139 114
15 14
98 127
19 43
11 58
21 42
6 137
149 68
36 71
86 90
149 48
111 97
143 133
25 21
20 69
67 33
54 61
141 42
73 80
66 43
21 137
132 85
45 143
66 48
127 131
117 16
64 71
101 115
85 18
74 93
140 139
61 102
93 105
147 32
37 63
5 134
140 25
22 120
36 83
146 67
124 147
2 31
42 116
15 75
134 6
7 66
72 27
0 63
95 25
94 54
68 127
131 65
98 21
36 87
141 34
138 26
45 149
125 42
8 33
115 46
15 77
68 143
99 3
26 107
121 6
9 43
38 73
100 10
16 91
130 67
99 99
1 74
107 130
127 37
30 11
75 28
6 125
50 137
105 122
131 23
49 22
71 13
21 54
7 68
130 85
83 89
11 126
103 86
22 47
60 32
47 144
95 131
144 13
72 17
108 130
128 52
132 21
145 139
4 88
12 135
64 94
138 54
47 122
148 39
19 94
117 93
93 95
70 102
132 93
67 63
51 112
110 101
36 149
7 86
49 4
94 12
78 4
1 85
138 115
50 142
93 97
88 100
71 81
83 129
48 137
87 139
34 11
139 71
37 31
36 127
78 100
147 19
59 18
129 4
64 12
28 123
27 144
34 49
61 64
46 116
88 32
89 71
146 43
12 7
40 141
4 46
123 99
89 21
147 3
8 0
90 45
3 2
28 66
137 26
84 115
26 92
5 147
103 87
50 146
9 96
28 112
61 4
122 91
89 145
46 78
65 3
112 126
45 88
106 82
93 145
47 57
77 76
72 10
110 106
149 89
136 62
125 42
101 47
112 9
147 11
129 109
19 8
77 43
80 119
39 146
1 129
13 111
123 138
59 111
101 24
117 13
62 102
129 46
102 54
97 126
129 104
8 88
58 135
120 21
88 83
31 80
60 132
94 51
85 20
39 61
26 118
84 66
136 124
119 82
89 34
14 10
5 109
141 45
142 88
132 33
24 122
71 122
131 131
87 132
93 115
37 115
48 105
72 22
111 100
102 111
54 24
23 11
55 11
75 53
92 1
35 136
110 1
50 37
107 28
121 135
20 87
84 148
5 125
64 22
58 111
32 106
122 122
138 106
46 93
39 142
81 107
55 5
44 45
93 141
35 139
9 107
52 62
47 85
54 145
34 25
141 80
31 73
44 32
48 50
132 28
84 118
2 93
62 27
143 101
85 47
3 103
67 93
103 114
125 35
70 55
62 18
56 141
2 89
78 52
99 10
34 126
58 127
107 93
70 136
131 108
122 3
87 123
3 43
17 134
28 82
61 64
137 145
126 4
74 7
144 139
8 122
67 0
81 136
104 138
109 148
26 56
146 146
33 107
20 7
77 71
130 51
89 34
76 96
95 110
100 93
110 62
119 90
97 56
77 143
35 114
138 116
72 38
10 48
127 50
7 71
39 130
120 75
68 78
4 128
60 140
20 125
9 6
61 41
25 3
88 10
108 96
28 1
64 87
97 61
92 38
8 110
0 123
39 61
102 104
95 146
134 78
94 125
45 59
66 67
79 102
12 95
86 19
126 18
107 98
139 69
72 143
14 41
84 114
4 123
43 11
9 33
87 68
18 43
106 5
71 71
29 107
124 33
42 31
130 138
8 36
68 114
76 35
31 96
142 136
110 61
31 128
79 61
5 54
55 111
60 9
9 27
31 99
60 35
103 65
80 142
113 58
17 45
71 108
135 109
126 34
46 93
135 141
53 4
139 60
128 54
117 124
102 54
30 130
6 65
111 49
52 43
92 37
35 22
6 43
127 132
136 115
143 99
68 15
48 127
26 3
74 26
126 33
38 109
56 85
49 108
35 34
99 74
133 131
1 102
96 135
64 85
120 21
118 79
93 68
101 4
33 37
30 58
20 83
110 42
141 107
6 128
111 68
1 66
75 24
12 13
25 49
76 131
64 74
119 110
126 93
59 18
7 68
31 47
53 73
96 40
61 20
56 51
143 50
94 120
105 63
62 31
96 147
66 125
89 112
98 26
17 139
40 43
69 9
122 54
20 32
65 134
106 64
35 58
6 14
85 109
36 121
99 116
95 18
16 1
125 13
132 71
124 34
72 105
148 94
69 50
5 120
81 45
7 117
90 0
25 111
86 84
57 4
90 56
90 44
113 87
2 111
31 135
90 53
111 52
18 21
127 144
17 140
27 134
138 80
92 126
23 60
119 134
4 92
111 39
70 55
140 83
102 53
0 130
133 92
140 8
66 139
41 80
83 39
94 24
54 81
4 92
28 10
67 101
54 8
3 110
93 21
83 1
120 96
121 0
16 28
34 130
115 99
62 19
135 136
60 47
77 35
141 61
141 108
145 13
1 140
94 42
53 143
133 81
20 49
13 48
52 112
121 9
16 91
45 28
10 63
43 139
47 94
60 83
133 6
49 99
18 95
21 73
118 126
54 54
73 39
83 64
147 112
37 109
81 45
85 74
92 71
139 141
93 8
15 127
142 72
144 59
30 36
48 125
126 4
7 6
148 60
17 105
14 118
10 76
75 40
143 73
16 15
100 133
104 126
36 84
101 75
10 61
0 102
82 92
69 133
57 4
49 108
67 112
137 104
96 17
37 86
86 142
33 92
101 84
80 73
87 97
92 108
30 133
56 70
102 135
133 28
132 95
133 84
113 1
35 112
24 142
96 129
27 99
54 142
38 76
106 45
13 15
51 70
6 146
43 85
32 95
39 125
121 116
142 107
46 113
2 26
115 12
29 83
130 122
133 145
59 50
25 55
62 61
25 56
130 131
118 135
32 134
85 91
44 22
30 44
91 18
77 27
76 120
80 104
105 97
76 41
99 19
142 97
68 119
9 11
2 88
57 12
73 143
137 145
19 145
80 37
5 140
77 56
17 42
95 109
34 8
132 17
132 75
112 23
0 103
139 93
25 91
21 97
140 76
94 88
70 79
32 126
20 117
85 124
102 70
97 32
96 83
141 110
133 59
26 53
92 145
122 53
26 135
106 122
39 70
104 107
60 73
97 77
60 109
68 10
13 131
77 34
15 76
147 70
133 99
50 62
68 34
34 54
40 94
72 38
81 41
37 148
140 133
31 13
58 85
34 36
33 84
106 1
89 76
68 113
27 78
110 123
76 120
146 88
47 59
110 62
38 119
112 4
17 30
65 31
130 27
15 123
64 118
35 23
122 11
66 10
7 146
140 131
24 76
100 8
56 62
122 98
134 54
133 117
18 143
147 0
12 9
102 15
101 110
17 13
149 39
101 50
8 80
19 107
70 38
14 114
131 103
127 116
78 29
113 88
25 124
13 37
47 47
57 149
131 3
59 61
99 116
46 95
0 109
122 86
128 18
69 30
91 99
45 139
9 65
98 98
142 81
82 87
99 74
12 70
6 83
25 64
85 128
34 133
78 57
83 91
17 21
5 64
118 74
14 81
141 0
122 91
44 19
22 95
89 146
124 35
74 7
48 96
112 61
38 103
41 127
49 135
47 66
107 116
148 87
130 15
73 119
124 70
104 57
88 9
35 44
112 81
43 79
100 109
53 99
22 106
56 82
87 132
24 144
141 116
9 13
126 15
88 148
77 42
69 144
145 33
127 52
11 4
125 29
44 25
18 129
18 73
1 51
44 126
40 36
129 66
142 56
34 8
86 101
124 24
78 19
69 56
76 15
113 24
59 39
146 123
54 65
109 141
67 14
6 44
75 113
110 120
70 44
85 44
5 101
9 96
42 12
31 78
49 61
35 46
108 62
17 30
126 21
8 124
30 43
87 20
92 98
40 36
149 130
35 19
132 65
59 6
103 80
54 130
24 6
51 109
41 20
131 78
60 39
10 56
45 2
71 3
52 7
51 70
78 30
112 52
98 148
35 124
93 11
47 78
127 36
91 79
28 124
79 24
68 64
37 127
108 117
94 42
79 28
78 72
80 84
7 68
131 138
1 3
10 117
57 66
50 61
54 118
108 102
137 72
148 107
106 58
22 114
80 82
70 85
89 49
55 91
5 111
21 94
1 41
139 40
45 118
101 41
50 47
55 78
92 33
22 96
20 107
63 120
139 129
12 105
123 25
64 39
77 77
105 16
146 3
67 40
123 143
97 93
80 29
124 19
125 84
58 112
16 143
20 24
146 56
125 139
115 28
4 103
19 21
112 32
30 96
12 107
29 115
38 104
71 58
7 25
23 31
94 148
37 136
36 41
124 11
2 87
51 40
136 104
36 138
65 44
133 148
87 109
38 106
76 67
20 43
149 28
48 137
126 68
77 145
33 64
59 147
11 20
133 84
6 70
57 65
60 95
7 65
60 94
105 64
65 92
141 63
25 87
81 123
143 48
68 19
113 38
13 103
74 91
91 109
126 31
63 128
99 131
76 50
73 137
123 32
103 74
117 18
38 68
39 119
13 35
83 133
116 56
87 33
106 75
71 82
59 55
9 135
114 104
3 28
14 121
36 56
35 46
90 57
113 119
94 86
45 56
80 64
81 33
37 40
63 40
3 3
125 142
30 74
131 86
57 96
123 58
102 13
54 120
101 10
148 131
63 20
89 2
89 34
128 78
13 81
144 14
107 82
39 90
82 65
137 82
31 40
33 5
19 60
137 76
102 29
133 149
72 13
81 57
42 40
117 132
59 5
1 1
47 144
126 100
36 124
108 69
18 115
57 49
5 109
115 108
77 73
139 86
23 91
94 78
23 82
99 110
24 149
35 28
75 44
148 111
89 126
68 138
68 42
69 126
61 58
127 20
105 111
59 112
110 37
40 140
0 14
115 145
115 82
35 121
19 108
33 78
114 110
120 107
67 102
121 94
59 49
43 81
45 107
84 107
148 127
89 122
45 107
2 79
0 116
85 23
36 96
9 18
17 131
23 54
123 67
121 77
3 115
111 86
29 136
84 131
60 59
114 137
3 68
133 100
129 122
82 34
96 32
139 81
139 25
34 17
78 103
133 46
84 9
1 9
66 96
33 139
103 117
66 31
36 120
56 29
119 124
6 118
93 64
5 135
103 67
43 58
144 34
9 86
82 114
55 81
124 115
69 61
9 105
43 112
50 41
104 105
116 105
57 53
136 26
148 21
89 106
136 20
108 40
143 60
93 144
126 125
41 20
114 36
116 13
135 54
11 110
26 97
112 110
0 90
135 66
10 127
21 2
110 137
112 46
125 98
47 119
38 72
18 70
95 77
50 105
13 123
148 11
40 89
138 28
71 66
44 68
138 77
140 87
111 145
95 88
32 44
44 82
124 106
96 23
36 55
48 50
64 30
111 64
20 10
94 140
21 95
7 101
149 61
76 44
14 15
122 46
14 126
35 18
123 99
121 57
145 114
66 12
15 9
83 65
121 141
12 109
58 56
104 90
118 136
104 32
63 4
54 45
101 50
61 23
52 3
79 118
26 88
54 5
15 112
18 102
11 40
86 121
134 94
84 81
99 66
89 96
20 3
86 33
48 41
132 39
140 73
18 42
144 77
131 38
113 8
45 73
54 109
127 26
137 54
78 116
11 43
83 49
1 67
130 141
79 65
47 85
50 15
108 144
143 30
38 111
67 61
43 30
26 84
8 92
104 106
95 9
97 57
23 125
88 1
47 89
50 63
78 68
53 130
54 108
123 94
58 57
47 74
107 129
53 143
138 125
68 119
9 84
93 3
95 32
63 5
99 54
16 149
93 75
47 7
83 142
96 123
0 73
112 35
81 2
64 9
69 118
27 42
138 32
92 24
59 21
108 46
117 137
99 93
97 20
95 55
29 2
126 11
85 123
5 118
38 106
131 61
58 140
32 20
144 128
71 106
9 70
63 131
96 96
104 37
131 40
88 3
85 52
77 34
104 95
121 25
62 58
27 102
6 118
78 43
84 5
92 134
45 129
43 87
26 60
36 2
76 23
34 34
32 146
23 115
14 149
52 45
131 55
39 141
123 60
39 3
89 96
104 134
22 90
141 113
2 123
13 123
24 12
68 53
6 100
105 45
122 54
38 57
107 11
109 103
3 24
135 133
66 96
82 129
23 73
73 125
37 142
8 142
86 125
113 13
80 42
105 143
64 92
91 142
69 90
8 145
40 134
149 60
78 144
29 63
133 88
32 55
119 69
33 62
72 54
53 48
78 30
75 38
124 14
13 137
104 126
79 63
54 9
148 119
37 93
68 106
111 125
115 101
142 53
121 61
102 24
28 68
109 75
71 45
104 142
74 39
99 127
33 146
97 29
123 72
56 132
50 66
33 142
16 22
120 72
113 136
12 9
50 35
89 32
66 136
112 138
45 103
117 65
56 14
12 140
35 70
133 13
30 40
99 52
121 74
103 55
22 48
126 95
82 25
14 46
24 58
12 145
59 68
126 14
53 123
91 20
79 122
101 84
83 51
10 71
77 83
105 6
83 4
71 79
91 58
23 112
98 48
12 90
74 12
82 94
117 94
149 84
107 123
115 140
95 6
138 19
18 145
134 136
52 19
117 6
68 129
64 66
111 119
79 81
145 65
129 40
113 26
25 62
33 146
121 108
109 34
76 82
11 131
20 30
53 8
108 120
37 66
140 26
144 106
22 45
138 81
61 117
131 138
115 92
48 115
94 24
138 38
145 24
20 135
23 52
45 116
22 40
34 85
44 11
117 67
20 40
107 65
37 133
63 120
25 21
147 67
59 26
31 0
55 118
51 38
4 3
113 18
61 51
34 124
18 101
96 131
46 79
91 11
125 129
144 53
139 12
128 131
127 80
130 52
107 82
47 18
106 92
146 84
57 136
35 6
77 96
87 111
112 46
113 138
3 8
114 34
81 141
7 74
55 17
140 101
72 29
0 110
18 44
14 12
135 70
14 89
43 16
39 12
26 26
125 7
64 108
80 127
92 70
76 79
133 95
124 4
50 134
74 101
34 109
85 107
64 101
111 21
29 33
62 7
117 46
132 106
98 37
65 87
94 58
52 25
19 112
3 103
114 39
129 92
56 1
74 89
70 128
10 10
62 84
22 130
112 111
7 24
17 59
73 109
86 129
77 10
102 139
91 106
139 57
143 61
8 135
60 115
112 41
105 51
58 49
62 33
105 33
32 49
147 71
48 84
36 124
36 120
94 33
90 34
39 68
3 114
141 18
76 60
45 84
86 148
2 48
74 130
92 16
75 19
22 90
102 22
45 99
134 85
42 69
127 25
92 130
27 120
34 35
146 120
70 82
24 58
78 71
106 129
45 144
6 135
7 109
53 105
1 118
68 144
134 145
72 138
34 18
74 91
134 5
53 69
93 85
62 108
116 18
42 126
137 70
95 100
72 144
113 105
75 99
100 48
6 65
96 125
53 58
66 3
12 25
68 34
37 77
70 77
146 120
0 16
37 65
144 141
61 58
32 101
62 143
83 105
52 24
50 100
148 34
33 139
114 41
18 16
110 97
40 78
61 116
128 95
108 50
102 12
78 3
73 79
61 75
139 107
118 92
30 25
67 57
129 138
113 45
94 1
50 108
99 39
57 25
79 51
106 109
103 109
69 48
33 29
108 18
144 126
112 88
149 83
139 61
3 81
91 37
10 102
46 1
64 116
14 70
52 130
28 54
138 103
57 9
105 83
0 100
32 81
116 75
74 21
7 114
84 85
131 141
105 111
48 39
54 57
11 16
127 149
12 35
122 97
8 76
66 119
122 70
23 127
24 133
50 109
114 75
96 21
42 98
70 38
106 117
71 123
116 14
125 109
46 82
62 120
104 88
95 133
55 20
124 96
117 147
148 20
137 120
32 125
48 74
147 68
69 73
39 26
96 82
140 103
135 55
143 66
70 119
18 138
14 87
8 10
65 100
90 50
149 96
83 124
73 73
134 100
108 143
132 51
87 138
19 27
82 3
72 48
50 110
106 67
145 113
34 106
43 70
130 67
35 141
17 122
83 54
25 49
142 19
42 87
104 117
130 50
44 87
145 28
56 119
30 53
127 34
128 82
99 105
92 81
81 73
15 109
147 125
129 124
132 34
104 58
76 144
133 77
14 50
72 36
146 112
70 45
107 32
18 10
83 121
82 149
23 52
51 55
49 120
105 37
76 93
129 144
28 132
70 25
49 120
48 107
109 104
129 39
130 26
146 118
57 142
140 125
29 82
6 77
125 93
69 50
42 109
59 13
81 123
92 91
5 49
5 14
144 87
49 62
42 3
18 67
93 29
119 2
149 142
122 77
91 5
101 42
61 28
71 82
85 119
119 4
63 87
111 117
148 122
72 61
84 103
3 66
22 112
8 96
65 109
126 136
85 62
27 142
13 74
121 60
95 47
129 37
32 36
19 112
56 45
30 40
105 56
129 111
53 78
107 78
149 106
60 100
34 86
68 135
36 58
144 99
80 10
125 39
82 107
20 79
122 1
0 13
136 78
7 67
15 19
19 88
136 98
103 12
13 34
28 51
91 11
137 53
63 146
116 148
141 123
76 128
68 53
47 38
26 22
127 44
78 114
18 107
4 26
146 8
52 21
52 127
66 116
12 148
143 124
123 114
140 39
129 44
27 70
13 128
6 44
9 83
35 27
13 62
2 111
16 72
118 2
69 137
138 31
127 119
28 129
102 30
136 36
147 5
97 29
123 30
47 76
12 6
52 91
51 67
18 134
82 36
62 122
12 118
85 23
120 54
102 4
90 85
101 122
35 76
40 138
127 49
59 82
116 127
71 77
131 68
22 77
15 10
138 10
33 63
140 50
63 139
23 130
31 77
18 31
27 64
41 35
132 138
121 10
103 66
50 115
74 56
58 102
148 66
87 89
0 72
49 56
86 35
0 144
30 57
19 110
26 18
23 15
2 61
11 89
29 76
127 129
131 142
81 43
88 39
111 45
9 148
94 149
44 36
34 38
4 29
111 9
104 145
136 106
48 138
122 50
32 61
106 52
65 12
124 136
145 50
129 46
95 46
21 60
116 110
110 91
62 34
53 32
43 68
37 115
54 23
116 55
70 2
119 1
96 66
45 5
121 139
133 129
110 0
59 135
114 42
9 20
144 146
135 101
37 70
112 111
5 148
47 25
34 143
24 50
114 113
103 4
140 83
33 77
141 108
57 38
11 127
113 114
15 30
96 27
141 25
137 129
135 102
139 84
8 48
18 42
81 72
124 142
32 49
62 94
17 108
38 80
115 90
97 95
60 113
9 40
56 61
16 8
6 8
85 131
75 67
118 99
28 100
23 133
139 49
52 17
146 147
131 118
44 8
42 102
13 142
47 26
21 39
93 75
68 33
35 74
134 54
45 102
147 117
9 115
48 94
109 124
123 67
99 69
75 99
51 70
62 101
111 142
62 140
20 23
94 146
17 29
129 97
126 61
137 137
82 24
15 116
81 57
118 104
97 17
113 17
139 120
8 69
96 73
129 106
29 30
99 107
46 83
69 80
37 33
15 103
53 22
121 42
119 110
100 103
7 96
39 124
131 44
7 104
119 74
39 95
84 55
116 10
50 147
30 81
13 57
2 95
96 111
95 9
39 78
112 130
148 116
43 70
91 147
129 82
12 88
122 128
67 87
65 47
130 13
148 5
61 134
99 68
11 60
12 140
83 49
124 13
147 109
142 45
25 18
59 76
11 100
33 76
12 118
34 21
101 43
80 4
133 4
117 45
122 97
25 19
35 37
46 30
115 77
65 40
119 27
112 83
95 142
9 127
8 138
72 122
40 28
16 118
5 38
80 111
84 102
123 108
38 62
54 93
113 63
49 106
29 63
55 143
70 121
51 14
106 67
80 86
36 33
98 31
37 99
127 81
0 28
65 8
49 73
144 85
94 55
41 82
56 37
22 22
135 7
3 42
57 36
68 16
98 94
33 47
56 149
12 97
92 19
11 141
107 147
93 0
58 77
21 58
148 27
18 30
0 95
78 39
104 127
89 49
93 29
6 56
109 45
148 114
125 112
57 114
16 140
110 147
79 125
83 51
145 4
99 51
114 30
34 135
91 46
112 122
60 105
32 91
24 121
11 109
128 50
3 64
114 59
68 95
26 42
76 129
88 116
30 126
79 28
113 149
87 89
146 124
147 14
138 108
38 24
127 22
99 62
45 27
67 119
3 126
87 94
129 99
12 3
86 123
25 144
58 39
93 83
74 46
83 15
21 138
4 75
6 80
52 20
81 37
44 94
0 63
23 143
120 63
10 81
34 28
111 37
59 144
4 131
7 134
82 21
2 141
105 43
24 30
104 142
136 20
137 134
70 44
50 146
136 98
143 105
54 44
22 135
2 102
3 53
143 118
136 15
62 106
63 97
111 28
133 113
102 70
110 117
20 54
60 10
93 36
83 30
89 141
96 108
143 35
24 115
5 6
18 131
102 37
18 82
57 65
68 71
82 136
87 44
107 93
81 2
62 84
84 120
65 128
84 11
109 77
108 32
59 31
112 41
60 144
79 115
5 3
138 93
35 41
119 102
107 107
102 146
12 36
103 137
4 18
111 72
124 4
139 141
26 143
79 123
120 105
46 107
99 15
71 121
104 3
83 11
111 110
128 44
6 10
49 15
19 55
111 15
120 76
105 117
9 68
40 102
80 17
22 37
48 38
12 61
51 97
21 134
125 131
88 86
52 42
125 21
30 115
17 43
89 2
131 60
45 104
108 118
97 18
4 106
117 83
60 2
27 63
106 10
81 107
7 61
80 131
21 104
61 1
67 53
147 88
136 106
136 94
95 123
88 122
73 50
1 41
92 6
16 61
61 59
10 45
45 88
11 86
141 146
44 120
133 122
136 145
50 91
131 8
120 25
110 48
33 84
5 122
110 125
142 19
120 132
144 48
12 9
86 77
140 13
78 65
11 97
121 69
147 33
80 126
22 36
62 16
40 123
98 140
80 125
119 81
2 66
99 94
138 48
75 26
112 72
92 105
148 36
104 15
100 64
58 90
138 112
116 26
102 109
91 118
14 104
104 138
128 1
42 44
116 25
148 92
42 149
145 143
148 84
96 80
136 51
128 58
89 112
6 73
23 130
76 67
27 116
61 18
9 45
36 104
131 34
91 42
146 63
75 26
15 7
95 130
32 15
141 71
35 30
147 20
87 129
139 130
84 26
31 52
65 27
144 83
40 98
6 70
141 15
30 108
46 72
128 133
6 134
12 86
87 129
79 102
131 5
13 119
97 79
49 88
125 47
76 52
120 144
74 136
19 70
99 33
88 72
130 26
52 123
2 149
148 7
4 36
118 138
55 71
23 129
74 67
62 120
138 23
25 119
37 135
101 95
30 46
141 134
43 106
39 126
148 92
24 29
130 45
119 149
148 103
139 93
30 8
128 100
19 111
14 44
132 76
77 36
124 8
43 143
17 107
64 122
51 42
114 52
34 70
31 54
120 99
48 122
140 113
34 146
26 115
106 27
5 126
139 45
53 100
14 92
122 12
148 60
2 130
49 14
77 141
51 111
19 90
69 108
51 76
13 77
29 60
133 32
84 55
56 149
26 107
1 31
60 12
146 52
17 52
27 107
64 52
3 99
82 16
27 144
42 142
133 66
58 68
134 54
43 62
135 32
114 115
117 120
137 52
91 90
8 139
41 127
147 99
30 13
129 117
38 28
103 83
60 13
46 15
106 135
135 18
91 130
90 46
43 99
48 29
32 89
103 3
1 146
13 115
8 90
140 94
111 48
29 97
75 29
49 20
76 142
2 141
88 80
25 71
0 121
90 81
130 21
50 67
40 58
112 7
80 139
36 6
107 35
43 13
111 102
101 145
18 53
18 5
119 34
72 147
104 106
22 27
142 111
71 86
116 71
27 104
101 93
44 72
75 70
100 90
9 36
36 125
75 56
32 67
63 149
123 68
147 63
134 11
56 77
79 133
87 80
13 9
39 17
90 10
24 86
73 120
10 60
24 115
3 121
59 147
43 24
116 12
59 101
95 47
57 87
111 127
29 80
95 92
99 147
69 12
123 116
72 117
66 121
108 98
128 23
48 91
70 129
64 81
42 62
41 143
17 43
66 101
54 84
101 7
129 89
111 41
125 0
67 82
51 25
147 20
64 135
68 73
75 117
25 98
60 127
16 3
40 88
39 31
107 102
84 11
94 69
37 100
116 102
85 26
24 31
134 116
79 2
134 132
36 118
90 109
146 12
105 144
51 11
20 128
29 4
63 65
131 7
111 4
47 29
142 32
23 107
17 133
96 111
30 60
114 116
19 33
91 66
16 47
75 54
122 16
107 55
122 24
58 44
46 123
46 137
104 117
25 31
18 86
86 38
47 53
105 135
19 30
137 56
54 109
19 94
5 93
64 145
61 92
111 116
102 15
52 19
139 85
145 85
91 138
109 131
59 135
64 75
40 101
149 97
118 21
89 134
77 60
12 12
95 78
23 42
2 85
23 15
115 86
52 68
98 136
132 92
119 137
0 73
81 106
123 30
140 13
69 132
125 120
144 68
100 7
126 138
142 63
99 127
134 78
60 61
121 55
96 111
33 143
28 132
62 46
89 30
90 141
4 70
37 137
133 118
17 64
112 138
17 101
136 147
23 20
80 4
15 77
13 87
101 74
31 35
60 64
112 114
92 68
142 51
131 86
16 108
65 13
131 5
71 148
59 140
89 38
95 100
54 110
24 31
136 53
23 19
47 59
97 92
134 38
132 102
5 73
87 102
135 81
107 124
105 68
17 47
19 125
149 111
122 78
66 138
100 31
51 17
22 95
149 52
46 57
24 81
62 133
47 136
146 35
116 122
59 18
118 80
18 89
37 95
128 9
9 97
139 20
80 80
127 123
6 53
117 76
116 112
103 51
16 85
70 34
20 102
20 50
39 27
134 146
18 139
35 39
75 86
3 25
36 82
14 125
15 131
137 51
141 87
24 46
117 17
115 60
62 79
135 105
129 144
113 109
90 99
47 63
85 21
84 143
46 23
41 7
84 15
87 100
49 78
7 40
90 116
45 3
12 41
17 77
45 52
53 7
123 139
134 38
18 82
102 40
141 149
3 33
50 9
36 138
38 57
3 116
59 106
0 23
125 19
3 146
70 11
46 4
16 17
5 100
71 68
127 131
119 48
119 24
95 55
5 73
72 84
64 135
117 53
132 80
8 55
27 10
59 99
81 44
80 119
80 144
116 138
90 20
133 63
41 68
56 20
47 50
34 40
37 96
91 93
116 8
63 121
134 21
9 60
75 142
118 125
0 73
131 142
74 145
59 134
139 97
95 19
49 93
139 56
66 102
73 143
12 140
44 23
98 1
120 85
55 102
50 98
120 133
76 50
4 83
12 66
88 55
144 28
71 103
40 134
55 109
23 111
96 94
32 94
66 48
27 137
136 98
18 74
61 45
48 84
81 76
31 101
119 104
55 135
141 95
93 62
142 40
99 72
111 74
78 82
107 0
122 83
112 58
94 74
81 84
29 24
66 124
17 130
44 30
5 72
94 139
79 7
69 64
37 55
135 123
92 131
138 68
80 91
113 38
73 20
115 80
25 22
59 128
26 130
22 74
24 103
6 88
53 47
133 94
120 107
23 63
112 85
84 8
25 56
71 128
101 17
45 145
36 7
74 51
62 53
15 79
142 59
103 49
110 83
95 36
39 129
46 53
64 105
26 85
68 91
48 50
117 64
43 96
13 123
71 116
126 1
89 111
134 75
83 106
62 99
97 113
46 87
116 30
107 22
121 16
25 2
133 141
41 143
40 62
62 131
46 86
7 83
30 18
119 103
76 75
68 67
116 69
67 11
101 19
124 51
34 140
33 11
108 86
38 100
119 66
118 116
45 37
43 10
29 9
22 113
132 35
111 15
78 9
121 3
121 70
142 29
108 83
39 28
103 117
52 140
108 139
141 143
87 26
92 77
134 19
148 70
119 62
39 14
27 17
107 128
11 101
10 21
141 142
25 136
24 131
1 134
1 9
62 112
40 92
2 27
42 137
125 82
30 45
36 50
7 67
16 16
3 44
58 29
4 3
62 112
29 113
139 140
17 52
59 64
62 34
22 36
55 68
143 63
25 46
91 74
78 96
12 28
140 90
4 65
79 85
23 30
99 132
41 103
126 104
61 118
38 118
19 38
82 146
63 70
22 10
86 123
51 138
149 84
14 95
49 19
70 88
61 148
6 92
86 13
130 142
122 75
107 103
45 42
18 88
7 22
120 38
6 13
58 19
31 80
124 56
94 32
102 80
26 141
90 91
130 106
104 62
40 60
9 78
59 98
88 142
90 53
14 116
129 59
120 32
77 127
148 89
137 136
5 71
119 75
118 36
45 108
126 138
109 128
136 3
137 64
65 86
49 17
33 84
137 37
50 80
8 72
18 76
118 131
113 74
41 61
68 13
81 18
115 7
10 25
84 40
31 10
126 24
43 21
8 120
37 89
8 14
39 132
131 97
1 122
129 146
106 54
113 74
96 25
81 106
147 139
16 10
97 120
65 61
0 57
52 80
111 60
93 35
147 65
58 11
11 43
149 59
54 99
142 5
85 18
76 145
86 108
110 0
109 33
51 99
149 51
62 49
88 62
137 138
48 70
116 101
106 79
131 10
36 19
90 121
1 26
23 25
134 149
105 105
36 41
25 81
0 80
62 54
45 35
128 69
46 133
146 110
19 138
66 140
66 100
110 77
103 74
14 113
113 12
141 50
54 120
146 107
100 34
86 0
137 54
10 73
51 93
129 57
37 70
41 110
12 77
8 125
64 129
118 141
87 139
40 126
14 54
82 27
73 96
60 113
27 101
88 45
13 55
25 71
48 105
10 146
97 1
109 9
107 101
48 86
111 15
20 126
78 43
102 78
110 109
102 76
61 47
40 41
37 138
69 97
49 40
59 136
115 136
47 100
93 62
17 146
149 14
40 115
27 115
107 85
3 82
17 136
104 35
68 34
110 104
2 121
19 78
88 46
10 83
49 120
71 61
82 88
21 123
9 46
129 62
80 81
15 46
55 94
147 41
42 85
56 47
15 94
112 85
97 89
37 148
12 14
17 82
45 48
63 105
16 23
105 45
145 130
138 90
68 149
51 134
99 69
82 137
55 148
109 19
95 108
82 148
127 146
2 143
65 135
142 113
84 89
116 2
4 3
1 94
117 107
136 94
95 112
120 70
147 93
24 148
94 99
114 22
29 140
118 83
62 22
123 87
86 45
2 36
56 130
89 99
104 22
41 90
29 118
63 126
120 66
51 69
68 95
122 138
145 83
70 66
78 148
115 83
137 33
107 134
13 88
40 73
25 120
52 143
41 26
116 12
3 130
73 93
89 92
1 7
16 8
22 97
18 109
56 53
134 7
84 96
126 85
112 13
90 81
1 82
61 26
79 22
141 32
34 25
77 36
134 31
109 92
80 77
0 1
141 11
14 133
120 41
113 72
31 115
96 124
22 24
138 115
117 40
126 57
106 86
11 116
49 67
38 49
6 20
112 12
103 137
135 133
99 135
23 52
113 138
46 76
44 82
106 116
97 0
3 138
9 0
10 42
141 86
127 59
33 117
148 8
16 17
63 97
105 49
93 54
90 106
119 73
22 100
134 45
46 35
48 79
55 96
41 14
2 60
48 29
90 54
79 75
101 91
93 121
76 131
66 93
125 10
15 30
29 13
48 20
85 20
104 117
122 38
56 60
41 105
55 52
108 0
114 19
100 4
17 42
136 43
8 70
140 0
48 103
66 112
133 14
69 102
116 146
34 14
111 106
144 24
122 148
146 26
119 3
87 10
40 79
124 85
10 110
63 76
49 52
87 134
103 26
138 71
32 15
105 33
48 143
13 117
95 149
80 48
137 82
63 71
56 24
120 101
37 132
113 39
146 142
123 104
14 100
38 48
68 34
45 35
68 134
38 0
82 124
121 21
88 29
34 55
114 135
84 142
20 107
32 132
45 32
61 122
123 138
100 44
102 28
121 25
74 67
117 31
58 71
141 26
125 77
3 29
91 43
113 74
133 73
79 100
34 131
132 25
19 89
18 79
34 96
143 75
45 75
21 130
115 136
112 118
30 75
67 58
26 111
134 96
14 63
14 55
74 33
25 122
110 47
110 147
53 83
81 72
49 11
65 16
90 134
24 137
132 38
45 67
0 84
29 18
75 69
14 109
54 68
82 79
102 75
116 27
31 23
3 96
116 105
35 10
55 149
81 81
0 44
4 43
63 78
124 145
59 86
103 65
43 71
6 61
0 130
140 143
96 141
6 59
113 23
16 49
143 23
72 101
38 61
13 70
86 139
44 38
109 23
135 88
57 13
106 133
139 94
36 15
92 42
77 6
109 58
71 61
41 134
105 43
36 88
99 126
63 63
113 17
66 55
80 30
135 130
18 113
132 49
14 143
51 98
33 67
15 34
105 95
88 31
10 5
104 103
89 25
140 115
43 24
63 60
31 17
147 23
88 62
70 13
2 25
127 92
11 66
43 143
24 123
25 140
148 57
20 107
92 109
103 106
14 97
113 7
131 75
86 145
115 115
27 124
119 144
148 84
67 87
50 107
128 56
134 100
146 94
5 64
105 87
67 103
16 69
66 60
141 19
84 3
9 11
48 84
82 80
127 24
49 49
148 67
101 11
12 47
132 44
66 29
132 141
14 56
145 79
60 63
130 40
43 119
104 141
53 66
135 68
53 116
97 68
95 71
73 29
101 65
97 51
14 125
81 49
63 114
86 62
92 41
133 52
66 136
48 122
68 68
129 29
14 2
40 111
96 111
140 91
26 124
24 47
101 69
138 32
102 139
69 128
44 85
74 98
77 58
67 25
120 104
51 129
77 25
144 81
40 57
101 67
10 149
36 90
36 133
61 34
30 98
103 46
88 55
83 3
15 146
73 9
85 0
110 119
91 59
49 101
144 33
105 50
62 56
86 146
28 65
7 136
99 43
126 25
102 110
57 109
116 95
20 12
128 103
29 90
25 44
97 99
51 16
6 124
20 88
25 43
4 120
87 144
14 11
25 16
87 137
36 17
120 84
70 116
74 68
100 82
126 110
1 51
33 127
134 90
38 127
38 95
148 47
127 77
66 92
5 79
31 101
14 69
76 110
11 41
3 33
75 123
112 29
93 35
133 90
44 139
19 142
145 113
39 100
133 0
55 115
135 113
113 63
113 122
40 51
69 119
89 126
64 56
37 83
65 71
84 111
149 129
21 54
93 135
44 15
63 99
114 121
98 76
39 142
132 94
117 78
39 83
106 134
128 30
76 145
37 11
105 29
50 88
12 59
30 73
32 71
30 125
66 35
48 51
117 37
55 94
47 71
106 8
89 145
133 97
114 83
66 19
33 11
64 19
133 48
75 135
57 15
134 3
42 143
58 101
53 17
74 66
14 14
53 148
63 19
83 126
55 129
33 27
102 30
29 23
105 140
23 8
49 110
50 77
58 93
30 87
71 88
42 113
58 2
70 97
23 33
12 73
129 45
20 75
120 68
140 146
55 103
99 129
3 63
103 60
118 16
10 122
58 29
106 143
102 90
131 59
49 66
78 63
14 24
19 143
98 73
136 144
75 144
142 32
74 131
73 93
128 58
142 60
6 23
63 34
91 36
114 120
52 53
37 70
136 33
30 18
130 21
22 44
85 63
16 104
109 76
81 97
59 64
45 53
20 81
55 33
20 25
119 134
84 95
149 1
98 81
23 135
101 101
6 24
20 43
71 124
137 101
37 7
138 137
15 143
12 117
44 8
128 63
47 66
142 134
120 93
125 134
130 21
69 115
92 140
128 32
54 94
116 40
61 19
149 130
79 75
125 52
77 2
72 57
111 113
142 85
59 101
142 116
3 131
139 92
114 113
95 98
121 111
83 61
34 129
60 93
5 105
112 88
65 5
138 15
103 109
96 6
58 111
36 85
138 111
132 103
82 132
112 110
135 82
84 51
64 95
27 52
62 63
110 132
48 87
101 81
77 88
135 45
81 20
127 134
25 120
99 13
144 57
107 145
125 123
76 108
25 59
118 76
74 109
36 84
15 42
121 113
38 53
147 26
148 5
109 89
69 112
9 101
13 24
79 123
68 106
104 83
104 73
49 29
72 35
147 79
138 87
2 53
140 39
127 4
23 44
70 55
84 87
42 94
70 15
144 8
41 99
63 64
31 133
15 5
134 54
113 141
123 146
21 65
29 30
60 148
79 86
100 66
57 25
54 120
134 113
99 97
71 17
12 142
67 108
87 92
107 7
73 128
40 146
138 71
32 101
1 146
103 63
21 63
76 15
45 23
111 143
136 148
40 119
68 126
103 140
53 60
73 144
19 136
71 97
84 97
1 99
32 29
2 0
135 44
132 132
67 115
122 15
143 117
74 129
114 1
135 62
104 143
50 41
128 91
143 128
72 45
133 88
29 99
31 83
135 34
2 110
27 66
36 67
97 41
56 122
37 63
41 134
61 92
105 56
48 65
19 115
122 134
61 136
61 64
47 87
135 2
36 10
131 63
41 131
1 34
101 33
95 108
103 79
15 84
99 90
105 51
131 76
37 99
57 50
42 41
51 140
50 3
44 82
90 103
101 117
119 46
143 99
4 99
89 106
118 34
59 133
46 121
120 100
35 46
58 136
80 90
97 15
109 7
79 59
42 137
134 18
27 20
72 140
48 102
120 71
149 31
70 141
40 3
146 28
129 42
5 116
127 31
26 44
0 38
125 83
92 54
108 95
41 133
55 107
89 29
50 107
32 63
7 125
107 91
117 64
88 145
53 145
50 124
144 77
125 121
78 41
32 73
113 45
53 42
112 35
129 100
21 9
44 49
84 69
55 29
141 3
78 36
98 46
34 44
74 63
63 111
129 61
20 10
31 148
111 27
81 140
25 149
116 59
142 89
47 83
97 133
23 69
93 97
129 125
143 76
122 3
108 95
119 99
76 76
84 63
62 104
86 127
1 89
97 25
48 97
120 58
84 98
78 103
97 78
143 138
80 38
132 13
145 121
113 40
88 102
141 131
129 13
20 89
131 122
68 148
113 86
124 86
94 114
83 50
19 88
84 12
88 133
145 144
134 22
127 77
134 14
39 50
73 96
115 72
51 24
148 20
104 127
137 103
67 78
94 109
13 127
84 60
68 23
122 69
40 78
24 15
146 25
58 23
54 95
22 69
27 101
53 38
93 14
105 109
140 3
125 38
24 75
23 1
120 144
42 125
122 67
66 32
126 68
36 134
40 92
96 10
109 29
121 20
5 126
32 65
58 5
57 36
61 37
52 114
91 6
86 31
46 67
109 9
4 108
102 123
107 122
70 96
46 38
3 23
112 96
57 2
19 24
105 141
131 65
102 132
90 134
63 21
36 129
110 84
82 146
103 105
14 94
7 66
72 64
41 143
56 51
8 140
123 86
116 19
29 62
96 116
79 106
69 128
61 78
49 56
108 30
0 76
117 8
133 86
16 15
82 73
42 69
127 51
3 105
140 145
114 36
146 27
6 123
64 72
64 107
23 46
84 30
102 129
7 147
15 58
20 30
13 8
142 28
95 95
90 86
90 63
86 82
55 14
34 92
94 29
76 20
117 14
48 110
40 67
40 145
92 46
97 28
70 101
124 74
23 55
13 140
63 8
70 130
81 125
65 122
149 123
78 62
146 81
85 127
74 14
146 142
90 28
77 144
65 28
37 118
2 92
139 102
68 55
109 60
146 146
121 48
97 108
101 58
99 45
106 145
67 131
132 117
28 125
70 39
4 134
104 119
39 106
112 140
69 123
141 107
61 128
9 78
136 50
47 51
28 13
51 72
113 20
106 61
2 147
3 113
114 130
23 148
104 63
0 130
86 33
120 7
27 120
122 55
31 91
44 135
109 64
56 124
122 12
89 43
24 71
2 122
82 109
40 70
118 146
15 4
6 96
16 149
105 12
147 54
55 0
137 10
124 69
98 133
90 113
129 97
105 33
96 38
74 89
53 43
84 144
118 14
100 124
130 130
45 118
21 117
24 50
70 45
56 0
69 116
134 57
17 6
64 9
73 81
113 102
106 51
84 66
78 58
78 30
44 129
26 20
36 92
18 131
100 71
99 141
29 79
110 44
123 52
108 61
13 48
16 66
4 39
94 44
0 17
75 114
81 140
14 90
69 148
45 88
133 131
135 1
86 128
45 77
61 0
93 22
68 67
93 22
96 134
55 8
143 3
106 52
8 28
8 42
123 114
133 138
142 89
18 75
68 142
25 68
117 125
46 116
51 42
122 22
131 143
135 134
52 103
24 77
88 8
33 53
66 70
32 74
84 78
39 120
5 78
24 72
101 7
104 8
4 67
54 117
33 20
77 79
4 133
89 117
101 59
137 116
113 131
9 102
142 138
59 61
44 114
2 115
105 56
79 75
104 17
2 12
52 55
50 85
16 66
139 74
54 149
58 63
113 39
28 25
7 143
16 59
5 88
52 132
34 27
63 131
101 49
146 143
130 94
35 64
17 120
62 93
105 107
133 106
66 59
46 28
35 108
25 145
147 20
122 96
103 122
98 14
4 56
100 136
15 82
101 45
147 147
63 97
95 61
9 143
97 112
58 67
82 114
95 15
43 136
54 95
29 114
127 48
117 144
11 47
23 83
141 139
19 60
119 73
70 98
64 29
138 147
70 139
23 137
35 20
145 29
14 89
110 116
29 53
6 17
84 106
57 90
84 96
1 77
1 58
27 52
100 23
97 8
107 59
53 148
5 149
147 35
102 122
90 56
40 98
19 63
23 149
55 45
106 48
113 78
18 40
104 80
97 19
17 98
16 129
132 119
98 63
103 117
4 88
66 138
40 50
35 63
20 65
11 58
15 101
49 37
122 40
71 2
117 33
68 125
87 121
75 101
70 136
28 11
86 82
2 71
61 125
83 124
19 68
34 28
6 60
26 50
34 22
2 31
75 143
47 124
72 1
6 125
97 0
81 137
99 74
112 123
124 88
94 106
94 57
72 5
42 89
78 46
134 89
0 103
96 24
15 66
49 101
136 50
108 48
101 32
84 147
31 102
109 77
119 43
61 73
80 0
127 103
17 58
132 15
21 78
135 75
136 26
48 97
141 118
43 66
74 18
100 55
19 103
140 43
145 35
48 58
20 29
107 12
37 55
131 121
11 72
12 42
50 79
102 64
123 23
135 57
133 88
48 76
62 53
119 9
107 72
69 11
140 85
15 10
4 123
2 141
126 96
106 10
12 14
78 100
10 145
145 99
72 148
105 42
35 105
29 135
49 69
147 110
144 14
81 123
63 84
98 101
120 30
85 136
38 102
113 62
127 117
75 115
68 95
11 127
15 128
58 78
71 108
29 42
31 123
5 77
32 55
77 82
89 143
128 20
93 8
20 42
144 37
63 25
47 41
75 131
65 65
32 104
92 60
86 95
45 16
147 100
21 136
55 127
18 20
51 58
72 131
142 113
100 3
21 98
102 123
113 93
138 20
3 60
54 20
63 26
8 4
38 106
99 123
124 70
94 93
91 85
79 124
37 14
139 9
73 3
37 148
27 98
147 129
53 142
58 96
38 110
132 12
20 101
137 8
145 136
6 107
20 28
66 46
26 8
98 130
79 74
10 144
35 130
22 66
38 93
11 49
70 28
1 81
34 27
113 35
0 79
60 37
80 67
147 41
83 3
148 129
2 52
128 68
31 4
10 100
60 134
102 9
122 13
34 147
43 24
105 32
0 26
137 36
103 70
1 64
116 30
10 34
36 79
45 9
69 17
111 121
10 108
67 62
64 90
18 18
2 14
18 105
75 148
111 31
144 22
80 9
70 55
78 130
123 81
51 147
60 67
23 57
110 109
87 3
115 106
130 123
3 39
31 124
1 97
50 90
101 0
77 40
18 80
124 61
96 148
137 85
76 80
98 50
6 64
115 145
32 12
48 17
32 3
17 45
118 141
68 122
116 55
77 11
149 143
35 61
20 11
41 55
72 82
149 140
110 96
65 34
143 116
136 28
125 127
9 26
67 71
60 86
18 8
46 7
96 139
2 17
17 146
77 118
84 64
28 4
101 78
125 107
148 25
130 98
19 138
6 52
27 33
17 99
89 70
38 41
29 19
67 135
43 119
70 18
87 35
52 51
26 89
28 89
110 10
42 140
4 37
12 67
67 26
91 7
118 124
2 104
133 107
7 136
31 0
97 133
62 34
12 34
26 62
42 30
36 13
5 97
117 108
63 119
78 23
140 83
3 134
88 94
19 23
10 59
146 43
62 44
88 5
126 12
40 1
67 83
108 90
110 127
85 123
60 113
96 112
116 41
31 47
28 60
62 116
132 17
138 95
143 121
102 15
51 23
116 75
135 29
22 14
24 30
22 7
83 94
41 90
135 33
104 147
75 58
121 70
106 140
64 0
14 126
146 102
74 23
2 54
104 81
148 27
53 136
43 142
141 116
17 143
30 103
102 52
131 70
86 102
15 13
19 35
60 70
79 55
89 54
51 26
36 72
53 102
145 135
114 35
88 83
29 126
39 139
111 50
149 118
130 125
63 53
66 34
60 125
32 48
111 2
28 112
144 85
139 86
124 126
79 125
0 77
92 100
133 7
76 92
123 144
132 34
47 121
80 107
149 20
1 57
75 44
15 45
37 70
66 19
27 121
10 30
2 139
26 33
41 25
126 18
34 109
132 84
113 83
10 18
87 114
40 114
94 93
149 3
92 75
38 149
14 142
121 140
137 147
36 68
16 51
122 120
53 34
97 33
102 106
55 139
9 39
144 24
35 53
6 46
60 50
57 73
103 119
38 101
120 139
129 89
121 127
77 113
148 16
84 76
93 51
103 104
78 107
122 55
5 17
55 69
64 137
7 5
70 56
75 119
115 136
144 138
118 75
11 38
23 51
110 21
79 24
35 5
11 3
125 102
149 45
57 21
41 128
86 37
75 127
76 9
23 93
146 141
19 61
113 46
93 15
80 26
108 103
141 37
146 23
121 14
104 117
105 58
138 4
118 44
112 134
46 6
100 37
55 49
75 37
71 63
38 15
59 130
50 80
139 128
136 28
28 62
126 86
131 106
95 51
57 14
6 141
124 116
115 69
92 68
80 5
64 62
103 37
19 111
132 61
48 118
44 120
21 113
66 93
144 135
92 92
50 42
137 13
129 73
14 124
130 32
139 128
74 59
45 101
103 61
143 147
2 105
26 137
76 76
61 65
81 15
146 99
9 42
62 27
54 133
49 43
142 44
31 79
92 8
108 12
133 4
37 123
6 104
52 53
95 0
37 79
98 140
100 111
68 118
81 39
26 138
10 42
113 142
9 81
26 11
46 76
41 114
109 132
87 17
70 24
17 51
1 110
102 98
73 110
64 61
78 8
126 29
100 94
25 34
0 122
42 125
100 136
1 138
57 12
40 39
12 52
33 54
111 26
98 15
143 35
130 19
119 89
59 111
116 47
31 13
62 110
122 17
68 115
141 27
45 92
10 67
33 105
124 130
69 132
45 60
133 21
4 51
77 12
64 2
97 127
17 21
96 112
118 149
84 82
34 81
64 142
61 45
63 111
17 145
85 123
65 82
62 145
81 50
144 11
107 33
14 21
114 67
28 10
68 139
35 134
108 135
4 25
40 96
144 129
106 136
83 74
30 136
65 0
122 42
32 100
125 120
118 59
86 113
121 104
136 95
43 98
50 72
134 114
85 28
91 65
101 59
19 107
17 124
109 146
63 50
49 84
120 144
137 121
93 38
38 119
90 3
11 80
123 46
82 114
49 25
106 67
9 40
18 127
88 114
11 41
106 50
102 113
20 67
35 119
62 50
53 104
5 94
10 85
6 149
26 97
95 137
12 116
24 47
118 140
90 32
144 129
0 57
40 147
56 107
84 43
42 107
61 110
118 134
104 121
111 44
42 61
32 91
12 140
2 112
112 32
15 70
45 132
92 14
111 17
46 144
4 83
112 31
36 31
25 80
102 13
47 15
89 35
14 50
143 36
128 146
34 101
23 35
135 104
52 41
97 20
54 10
133 69
47 134
75 113
134 72
87 44
62 144
113 64
109 95
15 119
137 79
1 18
73 137
113 78
4 73
79 41
55 45
73 77
105 80
90 90
1 93
23 20
112 52
33 60
149 13
141 39
58 108
82 123
34 28
1 9
0 104
122 53
8 122
118 106
113 112
121 55
127 132
75 134
36 128
38 4
5 84
95 134
124 118
17 113
128 80
19 63
106 97
78 5
65 39
66 61
12 114
110 0
140 12
0 107
55 43
124 78
145 5
141 2
115 128
82 61
141 107
38 23
11 81
35 6
130 138
93 80
11 46
147 62
56 21
107 17
31 137
90 81
61 52
50 98
25 36
21 88
119 6
35 104
132 17
36 79
78 88
52 40
0 128
122 147
70 96
130 81
34 24
77 53
15 91
112 111
144 119
115 92
10 96
27 89
108 84
87 20
138 89
86 147
38 83
31 22
73 67
58 122
119 41
73 22
68 132
93 26
16 98
15 108
144 2
115 73
37 33
87 96
57 120
16 41
125 70
24 131
139 132
115 9
3 97
130 127
20 145
60 139
53 123
28 137
120 141
126 130
72 108
113 15
139 67
97 139
119 79
64 57
71 67
80 9
118 93
93 128
85 98
73 127
83 42
127 22
60 44
31 5
139 46
11 49
122 25
32 6
32 35
47 2
30 23
117 8
117 24
75 11
57 30
55 22
68 22
63 147
119 107
144 117
80 107
46 97
108 96
119 31
37 46
87 107
140 31
83 78
21 0
