150 9958 100000
121 131 317
46 128 586
143 146 9
143 148 -3983
52 55 -2449
55 148 -1670
17 78 -619
49 51 152
105 117 759
62 62 11
2 11 -3601
11 42 2182
134 127 5343
140 142 1824
33 30 2307
48 48 5
49 91 -4236
85 106 944
128 122 -926
64 61 -1378
0 8 2971
32 33 1456
142 136 -2009
118 116 -915
90 104 3570
69 66 570
118 106 -584
111 114 4678
111 140 1101
131 124 544
30 138 176
24 15 -1476
7 10 -1129
103 142 -1312
103 90 -2076
4 18 -4787
26 20 -1482
90 94 -654
78 87 269
17 26 2875
80 102 -501
100 147 128
81 139 -1297
122 125 -300
95 136 -939
24 24 49
104 112 -2054
31 93 1317
57 53 236
39 124 4425
2 57 -1413
88 75 -46
62 104 5522
38 59 -3600
88 88 12
10 7 1181
49 48 1083
69 74 1523
100 102 769
145 140 -4306
61 68 -1295
126 148 -5482
89 86 1279
110 128 108
134 121 4484
9 11 -2934
17 17 38
41 135 -326
85 80 2526
89 89 26
86 92 -467
68 69 369
125 148 -455
27 92 -1335
98 97 -1481
62 61 2983
122 148 -793
141 149 1187
40 135 882
69 73 -310
32 121 3121
83 79 2330
67 71 4868
29 62 -42
33 37 -2723
93 99 -3742
57 45 1087
53 59 -3388
102 93 2158
55 132 3125
70 123 5698
141 142 2496
99 92 1419
48 63 -4898
29 119 -127
87 79 2680
76 147 -4420
48 114 -778
48 145 -25
37 100 847
9 57 -704
46 52 3026
74 60 -1787
79 88 -4654
104 93 -1730
120 123 3936
141 144 170
4 101 -690
118 137 -1499
109 115 1505
109 115 1512
17 17 13
24 123 4209
135 146 2312
112 115 -1295
67 102 1213
116 133 3200
5 10 -1145
2 14 -2099
73 67 -1144
61 131 1810
76 89 -4752
126 132 -734
84 96 2970
30 98 -1178
147 145 4239
31 41 -403
46 46 15
51 48 917
58 47 2828
74 67 -2996
108 115 1957
56 48 3194
110 114 2875
43 32 -1285
74 62 -3466
116 105 1556
142 145 2530
67 83 1782
106 106 47
58 49 1982
15 23 2855
94 96 3059
115 107 -1338
94 104 4247
139 135 111
109 148 -630
143 144 -3510
83 92 -801
63 67 72
93 113 -274
120 141 -1211
27 18 -3002
0 4 3346
15 17 2562
108 110 1472
63 74 3114
51 59 -4277
55 66 906
55 58 624
55 108 -1442
78 83 575
30 107 -4283
108 139 1471
142 145 2511
39 34 707
134 137 -343
131 139 -3099
143 149 -2528
92 102 301
8 11 -3093
70 136 991
47 53 -1547
149 135 274
107 105 1083
92 127 4001
82 75 -1909
87 81 1119
35 135 1835
10 6 -81
136 141 -386
39 66 1681
20 29 -3562
57 120 -1750
51 51 13
126 138 -223
28 28 3
33 72 1979
5 14 -1830
112 123 1999
58 82 -504
0 126 4272
69 60 -315
14 8 1606
99 94 1296
16 15 -5166
133 148 -3457
47 55 -3424
72 62 -4748
12 9 3078
117 117 10
138 146 -1215
74 73 -1837
56 56 8
74 115 -1344
16 91 -4843
11 49 3213
106 129 -23
107 108 -566
123 120 -3846
35 117 2703
62 63 448
114 114 48
62 82 1786
86 127 3516
121 120 -2956
119 136 837
83 78 -528
10 105 -1494
8 1 1007
98 139 -2244
14 106 -1975
109 106 -13
90 116 -1662
5 1 758
75 75 49
113 118 -2205
98 96 438
78 82 151
90 99 -1903
99 104 5515
68 65 -279
7 13 -487
115 109 -1462
46 54 3852
40 44 2649
74 144 -2992
35 40 972
120 128 217
51 75 -4563
31 135 -788
99 102 1645
88 143 4154
80 89 -1515
118 108 -1031
11 50 2187
31 32 -1068
109 118 613
147 142 1793
47 49 -834
116 124 5016
127 134 -5316
121 143 -452
112 115 -1278
16 65 -3532
38 34 -2105
136 140 261
133 142 -676
74 83 -1229
88 80 2333
135 141 -1400
37 107 755
22 27 -949
83 145 3044
44 52 733
132 139 -3120
67 69 1536
15 91 300
82 132 3011
79 80 -2359
27 26 2377
139 141 -1340
5 7 65
75 77 1385
149 140 -466
73 111 -1731
135 147 -673
61 84 -1595
9 4 568
73 61 1356
85 85 40
48 45 -890
123 121 -895
21 25 -4571
96 124 987
134 124 5228
123 124 -136
143 148 -3985
120 128 215
9 11 -2939
124 129 -4684
30 65 -3731
72 69 -2748
71 71 38
39 144 -418
102 95 21
131 132 32
35 30 5208
149 139 189
134 137 -312
64 60 -2742
101 146 166
109 111 -745
66 92 -1137
94 94 35
107 113 2736
132 134 -4686
140 146 3093
53 57 -221
29 147 986
39 43 1852
105 131 2965
32 41 682
89 87 1278
29 17 2248
34 40 -701
34 61 1422
57 55 -1591
63 66 2143
23 37 -2467
46 57 2134
20 144 -3132
31 95 -764
74 67 -2974
46 58 1126
71 101 -1499
98 103 197
146 148 -3998
103 95 -2374
19 22 4024
76 86 -3501
55 53 1894
137 137 14
15 18 41
27 87 -873
149 137 -1696
125 134 -384
64 69 -2399
115 140 -1189
122 137 -1066
122 134 -710
30 31 -2567
51 50 -1139
86 84 -532
143 139 -2333
68 77 -433
3 3 0
86 89 -1212
37 35 -168
106 119 -705
25 106 584
80 131 2608
65 67 -834
9 12 -3009
32 33 1417
101 114 711
28 26 -394
97 109 -1769
63 89 261
117 105 -732
30 119 -5198
61 145 2283
0 4 3330
7 3 -984
3 7 991
118 138 4020
22 24 -2513
45 63 -3926
43 39 -1842
81 113 539
63 103 3702
134 137 -306
143 147 -2973
66 60 -852
126 144 -5011
73 84 -248
104 143 -1512
51 100 -3456
147 147 36
55 59 -1563
81 109 -2306
148 148 31
21 32 -3263
141 146 3730
31 40 -1611
122 126 4765
127 123 90
106 117 1956
121 148 -4471
7 5 -9
34 63 -1106
9 6 -757
111 113 3625
80 138 3074
44 39 -2540
15 22 4077
46 126 4357
140 144 -433
33 125 -2339
28 35 -5623
111 145 5422
125 130 3207
22 15 -4026
126 144 -5022
64 67 -3929
17 92 -849
140 141 -626
119 112 3574
145 141 -4916
138 145 12
137 141 622
99 92 1426
27 125 -2286
145 138 33
18 129 895
106 147 402
72 145 535
9 8 215
9 26 1148
112 114 1101
71 61 -2349
116 117 2306
55 49 2613
112 118 -2189
128 124 3563
111 115 2305
127 128 -3594
51 132 381
31 40 -1642
47 56 -2911
81 80 -753
2 81 -1754
13 4 556
58 57 1020
100 96 3429
130 142 -879
6 75 -3374
125 140 464
92 98 2533
69 63 -1525
27 28 2762
49 110 -2559
51 102 -2724
8 76 1257
84 136 -625
55 58 632
35 117 2694
61 65 -1600
35 73 1726
132 132 24
67 68 1169
123 128 -3644
60 75 -1823
131 143 -726
128 139 -98
136 139 919
55 58 664
116 147 741
146 144 -3517
3 8 714
38 103 388
101 104 1747
76 81 -2422
69 86 -25
62 63 418
128 122 -940
113 113 0
123 132 -677
2 27 -1913
3 119 -3591
126 142 -2721
50 46 -2062
28 66 -2982
98 123 1560
100 97 1536
87 90 94
132 148 -4762
50 52 949
66 133 982
130 128 -1874
22 73 -2109
95 116 -1385
79 108 -4358
85 149 1804
52 123 1290
116 110 1382
98 103 219
136 140 254
39 43 1859
78 126 3906
13 9 37
124 124 30
64 69 -2405
142 149 -1283
27 122 -1955
59 136 625
73 70 -1860
113 108 -3234
50 119 -3307
132 132 49
142 139 -1132
101 135 -2076
82 81 1220
124 121 -748
48 58 -2991
59 45 4310
36 109 -3925
70 79 4814
109 118 608
78 118 -428
104 96 -1191
51 47 720
30 110 -3441
79 103 -425
131 131 25
28 55 -3860
97 92 -949
10 59 -3227
4 19 -4798
36 32 -3119
105 126 3738
116 110 1411
135 142 1086
13 9 55
3 81 -530
113 106 -2862
54 56 -2801
27 21 1925
104 136 -4761
75 82 1967
69 71 3383
79 101 -684
134 131 4713
53 130 153
41 43 678
49 98 -335
134 128 1732
27 53 764
43 38 1020
64 63 -3953
94 110 409
76 75 -5600
101 102 -2145
141 149 1154
134 125 447
115 126 3387
57 124 1976
131 148 -4757
116 116 19
51 96 -69
97 95 -704
78 84 -251
3 8 730
127 137 -5644
134 148 -60
58 117 320
98 100 -2953
9 135 -2302
107 133 2725
113 116 -3155
96 119 -4416
86 79 2675
149 142 1359
41 39 -1165
27 21 1933
99 116 269
37 34 1526
124 130 -1584
103 104 1466
14 3 901
48 45 -902
132 129 -4133
87 91 -1832
82 80 447
21 32 -3249
127 121 -852
18 17 2603
41 54 2985
102 90 347
114 147 -3500
77 131 3614
130 127 1776
128 129 -1158
116 112 3170
67 120 1125
92 103 2715
82 85 -2037
8 2 542
65 115 811
124 138 16
135 136 -977
42 44 265
93 97 -1339
133 124 1830
20 119 -3682
13 148 -4015
139 135 80
13 94 -2692
4 113 -1053
52 121 343
53 90 -1545
142 147 -1745
95 103 2445
12 10 2375
89 138 4591
36 42 -1307
51 56 -2222
140 139 714
113 134 -3372
53 71 1837
101 118 -2555
13 139 -2347
2 54 314
9 64 382
143 139 -2332
79 100 -3604
122 121 3738
66 63 -2127
0 4 3336
82 134 -1675
48 119 -5375
68 66 930
4 109 -3873
131 128 -3009
84 81 1636
69 60 -291
29 106 580
71 67 -4831
106 144 -135
133 124 1807
90 91 -1937
75 78 1839
131 139 -3125
97 102 -684
134 145 5208
81 140 -2008
32 84 -44
86 103 2193
81 84 -1603
102 95 19
23 119 -2642
132 120 -3215
90 90 36
24 20 2410
53 79 1068
73 94 -291
61 62 -2956
101 131 977
147 144 -515
0 11 -139
90 142 813
141 147 734
2 131 43
75 86 2133
104 132 -726
40 36 3726
20 51 792
78 77 -415
75 77 1377
67 114 4049
47 50 -1822
3 11 -2405
58 52 1895
22 117 -1187
95 90 308
31 131 2294
130 142 -849
8 101 -389
80 76 3307
123 149 -3988
115 127 3298
53 55 -1820
99 90 1979
37 34 1500
86 146 2090
1 38 -1504
108 107 605
6 26 1963
88 134 197
112 119 -3488
120 130 2161
124 123 188
79 83 -2299
77 96 3141
90 116 -1658
17 118 -1018
7 9 -468
80 75 -2336
90 92 -517
88 80 2340
71 65 -3965
103 121 422
81 97 -538
61 69 -982
96 91 -4262
42 34 -1612
5 79 70
0 11 -120
36 42 -1345
1 40 -4342
103 145 1162
140 146 3075
73 92 -208
68 134 -1560
44 47 1638
36 37 -4448
144 144 1
43 36 1866
66 74 954
122 148 -781
59 51 4351
26 113 -1646
84 81 1649
134 127 5335
4 11 -3463
134 130 3640
67 70 -657
35 43 2839
92 92 7
118 106 -592
73 60 27
148 137 -230
26 86 -3178
60 112 1822
33 32 -1387
61 144 -2482
137 138 5550
10 8 921
54 51 -549
62 67 484
114 124 805
81 80 -748
53 104 2003
45 51 41
3 1 1735
12 64 3441
70 70 8
94 100 -359
37 93 3730
136 147 296
27 19 -3021
63 110 1297
33 135 -1096
91 123 5427
119 132 4853
113 121 1030
111 108 364
1 10 -1839
132 133 -1269
113 112 10
149 139 216
71 124 -54
86 88 -2012
129 126 4970
26 71 224
54 50 -1715
38 97 -1261
120 120 43
36 73 -2895
72 65 -3381
56 55 -446
139 140 -652
95 112 1760
65 70 -1544
113 105 -1654
65 65 13
60 62 -1636
67 132 4303
71 75 -5459
117 106 -1942
8 8 1
49 68 -2582
7 3 -960
76 95 -3744
98 94 -2586
35 92 1507
33 119 -2905
30 35 -5168
12 4 3566
137 136 1007
29 46 1109
115 131 2674
135 135 42
114 118 -3252
22 18 -4030
127 133 -1905
106 105 1242
18 22 4052
76 81 -2423
149 144 -954
65 112 2110
76 77 -4216
132 123 695
86 123 3527
145 136 -4500
104 112 -2043
101 99 -3787
35 149 1565
32 47 3713
88 123 5585
56 49 2115
41 39 -1156
7 121 -12
26 69 -3147
68 68 42
14 91 -2574
41 33 806
127 144 -4913
8 7 327
76 104 96
66 73 -915
47 50 -1814
73 144 -1160
75 75 27
141 148 -305
69 66 563
7 13 -470
99 93 3795
44 42 -248
108 135 1520
5 5 47
103 98 -143
4 39 -3646
98 128 -2125
38 40 -2812
81 89 -2292
103 133 -610
12 63 -569
64 62 -4345
80 85 -2453
145 143 -1205
129 123 4881
97 131 2403
7 103 -368
6 10 149
43 103 1378
97 108 -2168
7 39 -3608
78 85 -1935
27 27 43
71 69 -3297
5 8 -227
105 138 3474
61 81 6
66 71 2796
125 121 4026
17 79 2300
107 113 2724
12 60 679
37 98 3859
80 120 -607
75 101 4014
57 59 -3189
14 7 1925
15 22 4078
124 125 -4759
63 71 4924
29 22 3722
129 122 216
93 107 -2972
96 93 -531
13 111 -4116
104 102 -3808
77 136 -428
111 110 1819
122 149 658
35 61 3112
99 104 5502
95 93 2140
87 127 3503
124 134 -5207
105 136 -1068
52 121 333
117 109 -1909
125 143 3525
14 12 -1631
120 122 -723
139 149 -168
80 83 73
25 18 -336
88 120 1666
83 147 -1215
82 107 -980
86 84 -531
101 137 -4103
49 51 169
118 115 930
108 129 398
134 122 763
66 61 460
8 71 1128
79 88 -4629
13 142 -1209
10 12 -2307
99 106 599
75 82 1977
116 134 -185
87 89 -1201
116 105 1531
85 84 1694
49 57 -934
122 145 4505
127 148 -5403
131 135 -3056
53 54 1489
108 144 311
102 97 779
114 116 -4178
75 85 -121
105 108 -1614
134 140 883
149 137 -1727
128 128 34
109 137 -901
15 23 2840
21 18 -4943
125 126 5070
30 41 -3014
127 128 -3612
72 72 20
1 7 -703
62 128 1772
16 145 377
12 67 -513
22 106 -3147
83 80 -44
0 13 2813
14 47 2490
129 128 1224
66 63 -2091
40 40 45
16 30 239
88 82 1897
121 123 951
26 16 -192
78 119 -1716
97 99 -2347
20 38 110
71 68 -3669
52 100 -3222
41 40 -1200
38 41 -1644
2 90 -2737
108 117 2389
81 83 -699
10 1 1909
60 124 3644
30 132 -340
140 143 3092
29 26 5121
120 134 -1462
129 142 2203
125 136 286
106 134 -530
121 149 -3008
69 142 798
129 121 3963
24 35 -1303
10 37 -3250
9 1 1230
85 115 2456
125 128 1281
69 64 2431
94 131 3520
112 129 -2841
9 3 -472
61 107 -2167
65 67 -840
10 2 1426
79 134 -4444
105 119 -1902
54 51 -566
45 56 -2222
49 58 -1936
75 139 1814
2 51 -303
81 85 -3265
25 128 1703
140 141 -631
10 27 -535
110 107 -835
112 132 1353
146 149 -2524
18 18 47
88 84 1522
63 70 -639
133 140 -2497
131 132 12
0 76 4192
2 116 -4446
138 146 -1232
66 64 1872
27 16 2131
0 8 2971
77 106 -580
63 149 1068
60 138 3620
23 19 -2778
75 125 693
11 4 3501
100 146 3098
58 144 -1826
47 90 -3131
17 62 -2239
107 119 -829
138 143 -1243
92 95 307
3 1 1702
74 64 946
129 122 229
15 41 2350
12 68 664
86 111 -2012
115 108 -1913
76 133 -1931
11 11 39
88 89 797
102 98 2264
46 47 3945
67 63 -19
121 130 -805
32 41 680
1 1 9
54 50 -1752
100 118 330
110 116 -1364
107 138 4471
4 31 -2005
93 107 -2992
100 99 -855
32 32 39
133 149 -2020
12 13 3047
114 118 -3266
43 43 22
72 90 -2745
23 55 -878
86 94 -582
86 81 1084
106 135 1104
33 40 -1922
36 32 -3148
73 76 3818
105 118 -584
134 131 4756
49 58 -1937
73 121 2874
76 107 -4640
55 138 3619
59 97 2316
24 26 3941
126 127 -123
65 97 1108
81 142 -152
100 94 391
114 117 -1896
134 134 21
32 34 200
124 139 -3606
81 87 -1024
33 109 -2157
119 143 4104
77 136 -452
47 73 -3448
93 91 -3735
46 51 3259
42 41 -1137
35 107 922
126 147 -4498
115 117 452
67 94 855
77 80 985
91 141 264
34 41 537
118 137 -1477
35 44 3586
46 74 2341
26 20 -1503
80 82 -406
35 37 185
121 131 322
52 59 -4041
10 32 -1892
122 134 -706
1 55 -3516
64 60 -2697
88 75 -17
125 132 4332
5 2 300
124 122 -4479
40 42 2394
7 4 93
17 105 -450
20 147 -2608
58 45 2120
120 133 1974
28 94 -4221
108 109 486
86 133 1613
139 136 -885
36 48 750
31 149 -1059
103 138 1174
140 140 22
137 137 46
45 51 41
16 21 -167
121 123 947
58 45 2092
43 42 527
10 28 2209
60 72 3147
56 50 1140
135 147 -656
43 43 47
53 56 -1338
109 140 325
34 31 982
119 112 3559
95 91 -1657
122 139 879
100 91 -883
9 13 -3
67 136 270
122 136 -48
68 67 -1138
29 144 425
92 91 -1356
76 79 -854
117 118 -1303
146 138 1277
134 122 761
108 110 1501
102 99 -1609
131 139 -3118
116 116 30
85 76 5777
115 108 -1920
52 59 -4046
66 71 2780
99 95 1677
99 94 1301
105 119 -1881
124 147 -4246
89 86 1267
142 144 -2274
127 129 -4773
76 110 -3741
10 12 -2299
34 36 3006
82 138 3487
60 61 1339
79 79 27
63 70 -620
123 133 -1922
7 9 -470
132 145 526
13 13 10
21 22 -907
78 88 -1734
91 90 1981
1 0 -3939
54 45 -585
76 84 -4040
99 135 1715
118 140 -255
49 95 -2540
10 140 -2352
6 9 834
29 39 834
35 35 17
14 14 39
134 146 3967
79 128 -2793
124 133 -1771
126 134 -5428
38 38 18
32 36 3184
111 122 935
131 130 -1069
66 129 -1931
85 81 3312
79 87 -2613
27 15 -3026
83 79 2367
58 55 -583
48 56 -3157
108 146 3835
36 60 -2910
96 143 -311
63 60 1265
88 121 4627
97 139 -756
111 107 935
29 17 2230
56 52 2017
12 128 800
124 140 -4292
135 141 -1395
21 19 -4929
2 4 -162
88 79 4694
53 57 -197
48 64 -906
13 67 -3508
92 90 596
130 140 -2704
35 101 3959
116 109 394
102 100 -732
82 143 2265
36 116 -4261
10 7 1189
18 18 38
53 50 -256
21 120 -3115
126 133 -2024
79 88 -4665
113 130 205
13 27 -1200
132 126 781
83 97 222
133 126 2036
70 71 5583
17 21 2416
148 136 763
27 16 2136
28 68 -3864
27 114 1766
120 138 3744
49 86 -2297
69 61 1022
10 4 1229
95 142 1078
33 44 694
99 93 3755
118 105 616
18 27 3063
32 61 1580
121 148 -4483
26 48 226
39 38 2834
105 105 31
88 83 2388
149 145 3849
20 23 -1063
13 13 15
114 111 -4613
14 15 -2859
40 113 2639
135 148 -1721
146 148 -3986
109 112 2848
55 59 -1562
10 146 662
8 9 -155
132 137 -5029
110 117 904
28 130 -1843
85 125 807
43 39 -1811
134 145 5225
63 64 4026
118 114 3316
92 90 581
11 11 2
36 32 -3123
0 2 3485
125 133 3041
134 148 -29
87 77 -656
55 122 -840
8 0 -2939
70 64 4634
131 134 -4700
33 42 444
84 88 -1435
104 121 -1016
102 117 909
6 98 738
23 18 -2785
120 128 242
6 7 1322
38 33 -839
18 25 361
108 127 5199
138 142 -2465
146 139 -2332
80 109 -1543
20 18 -3897
47 55 -3419
43 35 -2826
127 138 -145
45 95 -2657
130 149 -2204
99 96 4337
31 40 -1637
111 149 1597
73 69 394
134 147 987
26 19 -5355
51 54 587
88 128 1904
35 37 205
72 70 -4991
64 144 -3925
126 135 -3764
115 139 -503
59 45 4289
148 145 5266
113 110 -1794
65 63 -880
96 97 -1877
6 12 -2184
58 45 2113
87 122 -1067
59 57 3240
94 118 -11
37 41 2026
118 109 -550
104 96 -1185
128 125 -1231
97 92 -973
113 138 1781
49 123 1218
94 101 2564
16 76 545
103 103 13
40 99 -812
98 102 -2227
35 103 4203
79 77 -3335
16 55 -3230
13 14 -1352
98 92 -2502
35 39 991
9 12 -2989
40 34 739
73 83 627
8 47 907
86 95 -180
80 77 -981
76 76 1
62 61 2980
130 125 -3152
121 121 23
27 142 8
124 128 -3474
67 88 -558
98 96 451
85 114 4847
39 42 2361
59 56 2094
101 139 -2174
73 66 949
60 118 -377
45 56 -2227
0 51 3172
63 81 2561
131 126 745
117 114 1949
31 122 -1676
116 107 513
33 41 -758
38 38 12
60 67 -1181
22 89 -3065
6 2 1541
1 6 -1966
25 111 -202
69 65 -620
92 107 -579
66 74 980
69 92 -571
12 1 4239
89 104 4898
24 32 163
104 96 -1180
12 13 3037
104 120 -3951
122 122 3
143 137 -4262
68 71 3694
5 1 769
35 48 5438
111 135 1880
17 17 49
142 149 -1299
11 53 2441
133 136 -2716
37 35 -173
33 43 -55
31 31 29
13 2 730
67 131 4319
85 77 1535
120 123 3928
3 96 834
41 34 -469
40 42 2413
42 33 -354
111 110 1841
63 104 5130
116 105 1572
134 140 908
64 63 -3944
111 113 3619
33 84 -1425
146 149 -2497
26 22 -1354
23 21 2171
80 87 -242
92 121 3093
12 76 4459
64 69 -2400
70 140 1197
147 141 -700
134 122 768
72 62 -4740
116 117 2310
145 144 -4743
6 108 -3018
74 67 -2997
71 77 -4114
19 25 340
148 140 980
42 49 1084
138 144 -4785
71 143 -1288
122 141 -474
55 54 3367
19 26 5433
48 137 -5563
123 145 -140
17 23 282
133 128 -1723
29 45 4327
76 76 15
109 110 1054
107 112 2701
35 30 5239
41 88 -2152
94 91 -1224
91 137 -293
64 67 -3886
33 36 1783
67 143 3570
23 21 2166
32 36 3191
49 130 -580
81 87 -1024
126 145 -244
68 147 -606
127 146 -1395
71 115 -3171
104 97 -3100
29 27 2738
44 46 -2292
98 108 -3675
49 51 157
23 54 2484
107 113 2710
91 128 1778
74 119 -3557
21 62 -4671
129 135 1148
19 146 4268
30 116 -4806
71 71 10
24 136 -518
16 36 -299
95 95 45
118 105 604
135 147 -695
124 124 17
31 81 485
95 142 1084
84 85 -1662
73 76 3851
2 1 487
144 141 -142
97 120 -834
70 72 5043
60 120 -66
13 9 44
119 105 1925
144 138 4800
147 145 4269
65 67 -872
14 11 -1524
16 23 -2323
105 135 -100
21 70 -4915
79 87 -2613
112 128 -1642
60 62 -1605
35 38 3826
44 71 1884
5 63 -4048
64 145 890
148 136 759
101 116 -3491
127 138 -130
38 33 -856
30 45 -712
99 100 914
27 27 44
108 118 1082
57 121 1231
83 89 -1520
24 19 -1475
37 73 1572
27 24 -1527
51 53 -864
109 116 -303
65 129 -746
74 62 -3459
112 142 -644
36 43 -1797
125 132 4288
80 81 821
3 2 1248
12 105 858
104 143 -1518
148 145 5302
143 142 -1207
64 74 -906
101 104 1739
68 63 -1219
95 96 2643
125 143 3537
93 102 -2107
100 97 1533
101 125 -3308
90 117 638
68 60 65
24 23 1305
105 137 -2055
7 8 -293
58 91 -2221
3 97 -1112
42 46 -2019
98 95 -2223
110 125 -1184
104 104 30
130 125 -3174
86 84 -523
28 18 -5804
67 69 1544
55 45 2750
113 148 -3491
128 142 1045
128 127 3677
141 148 -279
103 127 1307
133 130 208
6 122 -2399
117 105 -728
92 122 -611
60 63 -1225
27 22 1041
72 62 -4738
79 89 -3883
3 33 -670
107 106 -120
96 134 -4228
52 82 -2385
131 139 -3115
30 44 -1591
44 95 -1773
33 67 -2350
90 104 3556
38 129 -3093
64 69 -2410
75 111 86
2 72 43
132 132 12
28 145 -275
84 105 499
87 85 -2170
49 57 -939
60 67 -1163
123 132 -661
9 12 -3020
90 102 -283
122 131 4012
121 132 274
103 114 448
121 133 -990
16 113 -1401
113 124 1823
125 131 4320
120 138 3751
25 26 5086
27 43 -37
22 20 -92
121 120 -2934
43 72 2069
57 93 530
75 88 61
42 60 -1526
98 145 1364
17 102 -585
9 85 -4305
86 139 -269
119 109 753
55 57 1672
56 52 2022
112 128 -1654
148 135 1757
140 142 1833
141 146 3744
12 8 3269
51 56 -2223
67 68 1181
54 46 -3826
85 79 4902
82 119 -1832
32 35 -1490
37 75 -216
86 82 -133
47 51 -663
106 138 4642
100 97 1513
105 118 -585
95 97 717
55 48 3681
43 32 -1315
0 13 2799
117 109 -1904
51 127 975
0 142 1528
8 65 -2849
123 146 -1405
8 2 565
45 107 -3572
10 12 -2340
75 85 -127
97 101 1433
15 66 2859
117 111 -2689
36 40 -3673
10 11 -2212
17 24 -997
61 63 -2507
139 145 3647
54 126 553
51 55 -2744
103 103 20
31 50 785
9 125 -3547
20 17 -1343
21 17 -2384
102 132 3119
46 54 3830
77 85 -1477
18 126 5831
49 50 -991
51 103 -296
54 52 -807
49 47 873
96 110 -2638
100 100 38
55 84 -264
35 71 5457
81 82 -1191
67 61 2540
87 88 -2010
12 13 3036
61 75 -3105
80 112 1297
64 109 -3755
106 134 -545
94 100 -329
121 138 775
55 51 2793
6 8 1010
87 83 366
43 93 1063
10 67 -2862
50 54 1773
7 8 -275
102 91 -1632
149 143 2568
142 142 44
70 69 2239
16 47 213
80 79 2388
87 83 345
84 85 -1653
122 121 3726
124 132 -468
100 97 1528
36 44 -1084
139 140 -651
26 71 214
117 125 -2067
34 52 2622
131 129 -4169
53 52 662
69 120 -424
39 39 34
71 128 -3551
69 68 -310
4 47 556
48 85 -5624
127 134 -5305
48 112 -1839
105 114 2742
72 85 -5051
28 18 -5808
23 16 2381
36 39 -3651
69 70 -2185
60 121 2863
80 146 1833
76 119 -5497
20 17 -1333
127 149 -3908
66 138 2707
149 142 1327
124 138 -14
113 118 -2246
120 130 2160
45 108 -4179
113 110 -1803
112 129 -2823
116 139 1367
56 142 655
114 139 -2850
66 70 -2772
31 96 1869
83 88 -2327
16 17 -2605
134 138 5198
65 64 3079
7 4 84
141 145 4992
4 16 365
30 35 -5201
92 142 1375
124 135 -3540
21 132 83
35 36 4676
115 149 -643
110 140 -694
129 135 1134
10 37 -3255
103 91 -4050
13 6 -778
81 100 -2040
129 143 3452
144 142 2318
72 106 -4135
70 62 257
39 48 4448
83 134 -2140
129 146 3415
80 80 36
18 87 2175
103 90 -2114
146 142 -1202
112 110 -1728
53 54 1506
133 146 519
42 36 1349
23 92 -1100
35 71 5423
67 82 1335
47 106 -4468
4 10 -1202
8 40 -3345
69 114 2550
128 138 3507
94 93 2532
123 121 -897
130 139 -1995
87 80 310
77 88 -1310
115 126 3398
10 13 708
106 117 1999
31 34 -929
67 83 1811
44 38 249
78 115 526
53 67 -3063
59 52 4116
135 140 -765
122 133 2728
35 41 2186
124 130 -1601
106 148 -603
36 32 -3131
0 126 4264
83 82 -444
37 102 1610
87 83 361
19 27 3028
38 37 -3617
8 0 -2957
90 117 598
23 32 -1101
3 35 -3579
5 12 -3454
95 96 2639
33 42 435
93 116 -3455
74 64 946
41 48 3303
4 6 -1309
111 118 1395
29 74 3427
144 137 -696
59 126 5419
40 75 -999
52 95 -2474
88 87 2041
55 55 10
136 142 2052
47 45 -704
16 141 -4577
79 82 -2765
25 94 1242
90 101 1876
32 41 671
19 63 665
77 79 3368
139 148 -1640
67 70 -655
53 67 -3052
89 89 21
11 0 209
43 79 1873
102 91 -1598
53 51 930
72 70 -4973
82 112 1716
122 130 2880
112 147 -2422
73 64 2788
8 7 296
68 69 362
124 130 -1612
84 80 844
86 109 -1246
130 146 340
54 90 -3008
101 126 1711
133 142 -717
102 100 -722
17 16 2652
125 131 4319
143 140 -3044
121 136 -3745
147 136 -263
119 109 768
52 98 -243
47 70 -5327
6 6 25
6 1 2011
83 79 2338
115 118 -901
116 109 393
13 4 534
110 115 468
25 130 3587
119 112 3571
37 40 793
125 121 4060
91 101 3841
38 93 100
117 129 -1967
100 93 2884
79 83 -2316
117 149 -1121
106 135 1141
107 106 -135
1 9 -1154
69 73 -316
95 139 -14
46 94 127
133 128 -1709
131 134 -4673
57 128 -1536
76 75 -5559
29 111 -190
35 39 1013
64 71 956
132 134 -4678
92 94 -110
85 124 5632
17 117 299
118 111 -1317
5 8 -251
100 130 2765
103 99 -4054
5 9 -424
44 35 -3529
125 148 -480
74 73 -1824
148 149 1477
105 129 -1193
1 119 -5307
42 89 -2528
101 91 -3763
91 114 4531
86 84 -550
70 105 2087
141 146 3708
57 51 1144
35 62 110
115 117 445
94 96 3060
61 122 -2133
88 81 3134
123 122 -4610
114 146 -498
126 148 -5509
73 60 29
30 38 -1384
15 27 3090
14 78 -933
64 105 -2538
101 106 -3204
126 141 -5203
29 16 4878
11 14 1556
40 31 1697
137 143 4299
82 128 28
140 146 3095
51 53 -855
10 13 696
12 66 1581
109 111 -709
122 133 2709
59 59 28
3 132 1263
93 101 57
102 91 -1618
20 55 -1917
9 14 -1370
104 101 -1677
44 133 46
59 115 2052
129 125 -100
23 20 1093
113 106 -2846
52 58 -1853
14 0 -1340
15 47 5413
76 87 -3519
31 38 1243
74 96 879
30 84 -3713
10 4 1238
44 39 -2564
0 11 -146
133 120 -1905
104 118 -4256
40 39 55
47 57 -1780
121 125 -4015
56 99 -2077
146 147 -2930
17 117 333
62 66 2543
18 17 2592
67 74 3021
34 38 2156
33 134 -2751
18 19 60
93 97 -1374
103 134 -3993
142 145 2522
117 147 -1541
134 131 4722
88 92 1573
90 135 -242
126 126 11
128 149 -280
45 114 155
20 50 -356
11 1 4152
42 37 -3122
108 120 1358
81 82 -1154
55 48 3660
68 63 -1217
42 42 24
66 121 1951
10 5 1154
97 118 -1139
31 52 1663
56 45 2274
20 96 697
83 102 -515
73 83 623
131 147 -3720
52 55 -2484
7 101 -651
125 122 318
28 100 -4612
90 110 -260
74 100 -2566
37 62 -29
133 127 1928
97 93 1390
46 47 3981
59 106 530
37 66 2489
134 144 408
67 63 -43
35 97 2546
39 40 2
120 127 3893
90 101 1870
63 114 4104
78 81 1342
37 127 5339
14 11 -1494
33 115 -672
30 76 339
31 94 -1186
78 132 3114
95 97 755
85 85 42
148 137 -221
2 10 -1394
124 120 -3707
122 128 997
140 149 532
101 107 -3001
19 149 1718
143 146 -8
80 118 -935
131 138 487
14 13 1396
0 2 3491
17 88 -2361
55 50 1601
13 2 721
96 138 918
18 106 914
20 23 -1065
9 85 -4329
18 22 4066
54 53 -1444
52 146 -158
79 89 -3870
67 64 3958
11 5 3407
101 94 -2490
27 25 -2675
75 113 3674
136 144 -257
12 148 -996
65 148 -1334
25 91 -41
54 58 -2664
102 90 326
66 73 -903
16 20 -1242
107 137 -1060
74 69 -1486
55 79 2909
94 96 3086
45 79 184
9 5 494
20 29 -3558
78 89 -994
125 127 4917
46 54 3837
94 119 -1358
139 140 -650
53 96 811
104 101 -1664
32 44 2074
121 128 -2716
0 22 2519
98 102 -2213
135 140 -724
104 102 -3823
44 33 -612
16 19 -5128
58 105 -457
4 1 690
116 117 2312
26 21 -411
85 81 3308
51 51 14
112 110 -1747
128 132 3040
1 1 8
131 146 -758
87 125 -1409
83 78 -521
101 116 -3487
106 110 1060
133 129 -2894
19 113 3744
5 3 -922
96 96 16
30 33 -2237
73 62 -1585
106 134 -536
148 144 484
70 71 5586
78 89 -990
60 63 -1207
98 91 -3879
8 145 1056
126 133 -1987
49 60 -2607
12 1 4243
74 73 -1858
29 26 5088
88 75 -52
45 54 637
134 129 532
69 104 3549
112 112 27
93 103 353
122 128 996
115 105 -292
131 123 678
143 149 -2532
47 137 -5378
73 113 1855
7 48 856
107 146 3248
53 50 -259
74 68 -1833
30 96 -763
108 112 3272
24 97 1183
137 143 4303
105 105 2
110 107 -847
4 138 721
31 123 2940
129 130 3127
91 146 3981
23 83 -297
4 6 -1323
0 2 3523
36 30 585
31 66 85
36 139 -2940
39 38 2841
121 133 -973
134 120 1483
132 142 -1983
31 39 -1581
145 148 -5248
2 20 -1092
91 145 5251
115 136 -1377
57 57 22
48 91 -5248
67 110 1210
5 61 -1491
126 120 -3956
95 104 3859
16 46 -3708
148 136 752
20 28 1939
141 140 674
110 135 74
112 129 -2818
71 93 -1520
124 139 -3595
79 77 -3350
94 93 2509
76 88 -5552
133 123 1962
45 50 -1118
30 39 -4189
49 59 -4144
112 108 -3221
95 102 2
138 148 -5221
52 125 -3680
126 139 -3843
12 0 300
98 102 -2206
134 131 4728
149 144 -980
99 147 981
116 110 1393
117 109 -1887
63 74 3100
4 0 -3256
19 27 3048
74 144 -3020
80 79 2396
96 96 7
36 36 13
138 149 -3781
32 124 3900
27 21 1919
129 148 -590
27 24 -1514
123 126 98
11 13 2961
56 57 1189
29 23 2518
73 69 405
141 147 745
92 140 -431
137 148 287
47 50 -1835
131 121 -273
123 139 -3775
97 136 -1672
61 63 -2524
26 65 -3767
111 141 437
95 98 2259
1 12 -4199
16 138 367
123 129 -4808
60 70 -1851
79 79 13
38 42 -476
107 113 2722
98 113 -420
132 134 -4660
41 142 730
75 76 5636
9 123 1455
103 100 -3160
95 93 2140
11 97 1322
75 130 3847
110 106 -1044
39 43 1877
111 111 50
12 4 3564
89 88 -746
8 3 -677
104 103 -1406
82 88 -1858
80 88 -2261
71 62 -5311
107 113 2743
68 123 3843
92 106 -782
13 100 -3084
117 121 1952
20 65 -2289
61 62 -2925
90 96 2380
19 73 1895
128 142 1047
147 143 3028
28 29 -5463
63 133 3076
109 111 -710
35 30 5212
93 145 1481
117 138 2721
133 127 1929
38 111 -3819
92 103 2731
29 103 4067
29 21 4639
136 135 991
20 23 -1078
108 122 609
14 12 -1632
132 132 23
117 123 2897
36 93 -758
141 143 3750
66 67 -2034
58 54 2709
75 91 223
49 49 27
16 117 -2307
2 3 -1199
35 42 3335
53 114 1017
106 137 -870
114 122 -3698
83 128 -434
54 71 333
20 15 -3858
86 87 10
83 88 -2338
16 118 -3644
39 149 599
127 135 -3640
12 0 298
75 143 4178
40 52 3352
122 139 863
45 47 772
73 105 231
42 40 -2354
91 134 80
147 144 -539
101 99 -3767
59 47 5056
73 73 32
72 62 -4707
20 104 1921
60 65 -294
72 138 519
42 49 1051
17 134 -2217
135 138 3555
80 79 2382
72 147 -3719
131 134 -4709
47 47 17
110 141 -1346
131 121 -272
62 70 -228
133 130 173
14 89 -1957
14 6 641
10 3 201
57 95 -1587
56 107 -1324
144 141 -156
41 37 -1967
124 136 -4542
71 68 -3691
67 69 1545
82 77 -553
41 39 -1132
75 120 1714
35 39 984
8 12 -3179
103 90 -2080
143 149 -2538
42 51 1207
133 131 1318
25 29 19
109 135 1114
43 38 982
110 130 1997
36 37 -4493
42 131 1564
95 148 -1679
44 97 -1024
123 141 -5125
51 122 -3608
53 56 -1347
44 43 -704
50 59 -3120
95 137 -1971
125 146 3514
9 3 -492
93 149 -2325
20 42 -378
104 91 -5472
133 143 562
129 143 3455
67 147 554
83 126 3315
35 72 4902
59 57 3249
127 132 -590
95 91 -1633
98 95 -2210
76 138 -190
115 109 -1493
96 111 -4418
30 71 258
39 43 1892
106 116 -316
11 5 3415
102 113 1849
127 121 -865
75 121 4699
45 46 -3201
74 93 333
93 120 -2229
44 41 -1393
11 53 2444
148 139 1665
94 97 1164
127 124 -90
41 41 37
7 11 -3393
119 128 1890
5 118 -3223
90 94 -652
123 121 -894
73 65 -264
130 135 -1930
64 66 -1815
80 86 -217
1 79 -629
32 36 3173
77 75 -1348
0 42 1991
119 131 4866
135 144 -1222
17 91 -2222
28 26 -390
101 95 -2088
25 18 -335
119 105 1924
110 146 2334
125 132 4308
60 70 -1887
35 30 5222
66 73 -896
126 141 -5222
130 120 -2090
59 50 3160
11 1 4166
57 59 -3174
71 138 -53
93 103 353
39 42 2386
32 81 1573
113 115 -1292
92 98 2528
57 54 1722
20 26 1519
19 25 348
51 56 -2214
63 65 972
12 9 3062
77 78 467
3 120 -1953
142 149 -1316
30 100 -4181
92 97 1007
12 8 3256
58 56 -107
6 5 1294
26 18 -5387
124 135 -3546
23 134 -2489
41 33 774
133 132 1286
108 120 1361
108 148 -208
69 99 -1949
64 61 -1388
100 140 73
26 111 -5258
137 135 2034
98 94 -2607
97 129 -1825
134 124 5228
131 142 -1992
103 99 -4044
102 100 -729
77 103 2923
49 58 -1945
17 133 1212
20 27 -845
59 110 1593
11 8 3166
132 141 -4430
35 119 44
130 127 1768
131 129 -4174
93 98 152
77 138 4094
133 120 -1921
74 67 -2979
4 54 493
36 43 -1839
84 76 4121
118 140 -274
133 148 -3471
69 111 -2071
51 57 -1075
83 78 -528
84 147 -311
141 139 1380
78 77 -442
84 121 3136
67 62 -407
71 143 -1315
97 99 -2329
37 37 23
29 17 2231
145 149 -3772
13 149 -2538
91 110 1661
108 112 3285
142 142 37
1 10 -1868
33 40 -1971
123 138 -170
14 16 2309
128 133 1739
103 98 -176
34 44 1947
117 133 947
3 4 1071
121 128 -2702
41 44 1433
61 145 2292
58 67 -1797
47 125 -4583
51 135 -2660
53 149 -2044
127 127 20
75 97 2610
42 43 -477
51 133 -899
14 10 762
85 87 2244
42 38 504
129 147 472
116 118 979
22 28 1798
126 136 -4765
17 24 -1022
79 76 901
60 126 3883
7 48 812
133 122 -2684
147 148 -1007
20 24 -2383
138 138 43
139 149 -140
118 145 4057
4 46 -3366
120 135 188
106 119 -688
36 57 -1269
84 76 4122
24 49 3038
59 56 2062
80 140 -1223
66 74 943
118 126 4327
112 108 -3245
133 120 -1912
107 149 676
26 51 -694
94 97 1119
132 130 -1082
24 17 1065
102 91 -1642
78 113 1844
12 137 -1271
4 13 -490
121 125 -3976
90 91 -1932
36 47 557
72 105 -2901
147 138 4260
80 89 -1466
51 52 -200
47 53 -1539
88 98 4048
25 21 4652
109 117 1984
75 85 -135
41 45 2338
134 128 1718
1 8 -978
98 98 9
30 37 -5028
13 12 -3024
97 102 -685
137 138 5551
38 135 -1953
104 115 -3360
145 141 -4908
19 42 3486
77 82 590
101 104 1739
63 93 3373
44 33 -626
29 23 2494
20 34 -2034
76 136 -4679
96 98 -364
8 91 -4171
65 63 -875
54 142 -2191
39 33 1941
103 142 -1297
89 78 1001
7 98 -566
109 115 1516
54 57 -1680
84 76 4115
93 144 -3291
51 45 -7
27 20 870
109 140 329
110 107 -857
0 13 2808
40 38 2902
148 148 47
123 123 3
9 115 -1869
75 80 2397
42 31 -708
140 138 4313
132 126 778
98 99 -3877
4 146 -552
4 99 -4489
13 10 -650
99 101 3805
140 147 101
23 37 -2469
94 117 1318
39 105 950
30 115 -2947
27 82 -969
121 135 -2765
75 79 4736
119 126 5619
5 5 49
80 89 -1504
2 14 -2058
113 106 -2832
76 140 -4449
14 6 612
61 65 -1612
112 118 -2187
1 10 -1872
14 149 -1175
14 14 48
28 23 -2972
5 12 -3442
10 11 -2238
40 102 847
116 105 1567
66 60 -855
2 5 -201
89 89 27
129 123 4899
8 115 -2072
38 149 -2251
96 104 1212
17 27 502
109 135 1089
95 101 2141
78 138 3603
126 122 -4698
13 140 -3032
89 91 -587
81 146 1040
27 43 -39
53 79 1034
122 135 953
60 116 -1319
119 118 1354
0 56 950
41 110 -376
92 102 296
61 113 519
51 125 -3918
94 101 2539
22 73 -2113
43 41 -655
129 130 3098
2 1 499
119 119 18
19 16 5201
2 78 -3028
9 5 475
7 7 1
17 135 -538
102 93 2144
32 30 3745
58 91 -2262
26 26 21
107 129 -178
60 144 -1162
112 142 -657
125 127 4961
33 38 912
81 86 -1025
104 104 20
31 33 332
118 112 2211
37 130 3601
2 55 -3040
74 104 2050
133 146 511
90 102 -286
127 135 -3652
34 114 2944
129 122 229
50 84 -1855
23 117 54
22 15 -4028
89 78 1030
13 105 -2182
41 44 1425
65 68 330
97 96 1970
29 82 1719
101 141 -3501
48 58 -3002
68 122 -833
69 110 -283
96 98 -368
119 110 1771
119 120 1638
16 24 -3631
120 137 -1800
128 121 2779
91 102 1658
88 84 1508
95 99 -1632
118 111 -1330
23 105 -729
60 88 -1723
27 23 -212
146 137 -4238
132 145 512
67 70 -672
46 125 -663
125 125 31
35 43 2877
132 133 -1245
118 133 2263
5 130 -827
88 118 1380
45 53 -830
38 136 -2985
63 114 4111
6 86 -1297
28 24 -4281
13 19 -4225
134 125 432
36 32 -3164
79 79 27
6 17 -937
106 108 -369
110 139 1
35 35 49
72 61 -1788
60 69 337
94 106 -629
72 74 -1241
135 149 -228
60 145 3646
119 137 -150
100 101 2957
124 141 -4968
70 66 2821
68 63 -1195
119 135 1832
125 147 553
39 40 -1
136 137 -959
137 136 1014
113 117 -866
66 66 24
47 51 -674
6 12 -2186
127 144 -4911
47 56 -2920
72 63 -4330
79 81 -1556
64 67 -3925
117 119 -2645
48 130 -1651
55 51 2759
31 40 -1616
127 128 -3625
86 87 18
29 91 2
133 122 -2670
52 47 939
100 94 397
29 25 42
125 146 3547
45 101 -524
6 4 1352
79 87 -2632
70 123 5687
107 117 1820
92 98 2541
121 135 -2736
95 97 752
44 40 -2571
128 124 3533
141 141 9
97 114 2149
22 16 1165
81 143 1071
124 127 150
50 50 7
39 122 -93
47 58 -2800
145 146 -1229
57 49 987
134 125 449
52 110 -2470
81 84 -1577
89 111 -780
98 99 -3877
23 77 -1340
111 143 4136
56 47 2964
115 123 3328
57 55 -1622
138 135 -3526
42 32 -1774
25 122 750
21 26 497
98 119 -3978
9 17 -1731
100 135 803
47 61 -2119
132 135 -3038
39 43 1853
138 145 36
115 107 -1349
94 93 2512
127 126 144
62 95 1704
74 139 -1843
91 98 3929
67 148 -470
142 140 -1796
82 115 413
75 82 1960
136 137 -963
72 64 -323
9 1 1193
129 138 4683
106 129 10
25 25 45
143 137 -4239
101 100 -2886
11 0 193
11 11 13
110 112 1798
12 105 857
98 127 1517
100 98 3007
57 91 -3224
66 74 964
0 0 29
87 89 -1220
50 45 1164
32 54 3630
29 49 4206
72 64 -331
17 99 -2227
74 60 -1820
78 77 -420
111 132 4930
56 88 -2240
43 42 507
47 127 332
57 49 988
84 79 3208
87 87 5
59 117 2485
70 65 1596
33 132 1969
62 66 2584
8 17 -1902
98 111 -4003
0 11 -152
14 83 -393
63 107 414
67 102 1214
40 34 720
32 42 1835
50 114 1289
18 24 1534
54 69 -2976
140 146 3090
1 5 -711
0 14 1394
98 112 -466
84 119 -1413
146 148 -3970
102 134 -1600
80 88 -2247
41 121 2469
95 97 728
55 77 -449
123 126 100
114 108 -4272
125 131 4318
7 83 -2266
113 114 1047
102 121 2837
68 60 32
90 94 -674
124 146 -1268
100 91 -846
73 67 -1162
45 54 634
128 120 -180
51 146 -410
107 131 4012
33 38 916
92 124 3890
120 135 175
125 122 334
48 58 -3013
44 108 -3278
31 38 1238
73 72 3182
120 149 -67
44 101 349
92 101 2422
22 17 -1486
67 66 2126
102 135 80
54 45 -589
141 135 1435
118 108 -1009
35 35 4
47 92 -3681
17 92 -838
37 43 2685
4 42 -1284
21 58 -2350
36 102 -2892
78 101 2198
30 39 -4221
23 27 262
105 126 3746
96 100 -3402
99 99 36
66 76 2894
64 62 -4351
44 41 -1386
138 144 -4738
12 7 3566
37 40 778
13 65 -2661
87 140 -911
99 90 1947
50 47 1887
87 89 -1229
66 68 -889
10 6 -107
59 103 4006
30 30 36
58 48 3039
102 99 -1645
126 127 -114
144 137 -705
82 87 160
75 76 5613
58 56 -114
37 41 2009
83 136 -1469
24 16 3666
22 27 -992
108 134 -111
145 149 -3787
13 113 -516
110 140 -713
69 68 -313
148 136 772
19 113 3764
48 52 -1135
134 134 31
118 112 2253
117 117 7
92 97 1003
33 131 1981
36 145 696
46 73 491
94 90 703
124 130 -1589
86 75 -2078
43 86 -803
18 19 69
44 33 -631
137 143 4309
14 73 -999
33 36 1791
25 76 5370
36 35 -4638
11 2 3658
122 123 4676
0 25 -1151
26 19 -5379
122 145 4488
128 125 -1254
49 56 -2082
113 111 -3593
25 46 1130
107 146 3217
149 139 191
55 54 3352
54 57 -1683
44 123 1981
27 122 -1973
18 29 353
115 149 -664
27 15 -3043
119 113 3606
75 119 101
97 110 -738
147 149 478
46 100 -238
84 81 1613
82 89 -1060
117 115 -432
62 63 435
61 75 -3136
71 68 -3674
39 46 337
88 122 927
59 54 4934
33 129 -2224
72 71 607
35 84 1460
47 45 -716
119 138 5358
101 91 -3767
50 105 -1399
67 88 -560
54 103 -869
127 133 -1904
67 139 1197
95 108 -1473
103 96 280
68 98 2281
79 111 -4677
122 135 930
19 35 182
124 143 -1260
72 100 -3847
75 141 490
91 98 3914
128 138 3513
99 141 262
55 54 3346
103 111 -4179
82 122 -954
4 94 -3233
31 30 2607
129 136 184
126 130 -1843
93 97 -1354
46 140 -185
78 133 1862
11 107 -294
132 128 -2975
10 19 -3581
139 138 3617
22 20 -115
15 27 3068
136 144 -228
61 61 46
16 91 -4833
59 112 3365
132 129 -4141
139 147 -617
97 103 1703
70 68 1883
94 94 13
85 84 1686
35 95 1817
40 40 36
97 119 -2451
62 103 4096
70 94 1558
58 54 2750
124 145 -8
52 116 -3853
128 125 -1239
5 7 67
66 148 -2525
53 50 -267
44 41 -1377
92 97 1000
123 144 -4969
54 89 -4318
107 120 778
31 39 -1580
61 61 2
5 9 -411
31 37 -2403
124 129 -4682
135 137 -1966
91 111 -138
129 122 230
113 109 -2820
38 33 -872
1 6 -1957
45 149 -2930
86 123 3566
31 40 -1639
53 57 -219
16 89 -4210
132 130 -1061
64 70 -4589
135 137 -1974
79 76 883
129 139 1064
127 126 135
23 148 -2541
12 13 3069
80 129 -1568
54 79 -436
130 126 1866
19 28 5790
124 142 -2485
12 87 945
41 39 -1134
10 10 31
95 148 -1675
100 137 -1189
47 55 -3385
11 2 3671
106 111 -716
130 135 -1900
46 134 -1078
49 45 140
79 141 -4240
5 13 -443
1 4 -635
38 131 1106
25 85 -384
117 128 -798
12 144 -516
102 109 -1038
38 31 -1171
66 60 -860
26 25 -5045
19 35 186
63 67 85
110 128 116
31 32 -1049
70 70 39
101 104 1709
93 96 567
113 125 -2997
50 132 1527
33 33 41
134 126 5467
101 102 -2137
28 22 -1766
119 108 323
63 113 3089
116 138 5001
111 129 754
80 76 3293
129 133 2916
0 12 -222
99 99 39
85 77 1549
55 51 2766
29 23 2504
57 62 -3244
20 26 1529
31 44 1015
109 116 -311
83 101 1619
134 144 446
68 62 -1620
36 36 42
51 83 -2152
118 112 2253
63 93 3402
90 125 -1448
81 137 -3207
17 15 -2517
66 61 438
76 131 -637
60 62 -1594
93 144 -3312
85 83 2597
65 123 4148
0 142 1528
53 56 -1351
63 75 -548
135 136 -986
112 116 -3149
58 55 -612
16 57 -1580
143 139 -2338
95 101 2178
88 81 3114
38 43 -978
119 113 3617
26 25 -5033
141 138 4953
58 121 2234
58 55 -606
125 124 4799
41 38 1650
107 111 -875
58 51 2135
73 67 -1145
42 37 -3116
127 128 -3598
0 114 3293
58 46 -1086
95 125 -1173
16 108 -4678
36 49 -269
28 15 -5801
43 71 2599
58 134 -2206
95 97 715
109 117 1974
8 7 333
20 15 -3899
126 130 -1854
21 28 847
79 83 -2310
91 92 1399
77 105 664
121 122 -3687
44 33 -643
2 2 16
17 20 1356
119 106 713
70 110 1925
82 85 -2054
127 148 -5387
43 86 -764
59 53 3434
111 119 54
47 61 -2102
37 126 5451
119 111 -9
105 113 1704
48 56 -3155
68 64 2779
30 35 -5175
64 68 -2714
54 67 -4509
98 90 -1897
13 1 1218
129 143 3467
3 63 -3100
21 29 -4624
96 130 -626
112 137 -3681
65 124 3946
130 147 -2600
36 140 -3596
102 115 488
113 119 -3523
55 54 3358
114 133 -1015
53 63 -3086
115 112 1352
95 144 -1217
110 116 -1347
145 148 -5226
56 59 -2034
37 69 1939
67 104 5084
18 118 1536
117 133 931
147 148 -1026
1 6 -1957
3 76 1917
21 29 -4581
126 134 -5439
118 128 550
39 86 1067
80 87 -261
101 99 -3769
53 134 -3440
51 56 -2247
48 47 -195
20 26 1557
147 143 3019
32 35 -1491
81 88 -3066
13 39 -3112
109 113 2887
58 57 1008
84 80 847
91 137 -285
85 89 985
3 77 -2299
72 95 -3042
12 1 4231
107 111 -888
99 128 1758
51 47 721
118 108 -991
24 44 2262
86 93 1900
5 5 8
85 91 371
75 89 848
43 38 1018
149 145 3827
21 131 82
133 134 -3399
25 23 2508
108 115 1946
0 116 -942
93 104 1752
134 140 911
3 3 30
3 40 -2635
85 87 2246
116 118 970
58 149 -839
55 136 -940
109 119 -702
96 95 -2618
57 120 -1708
48 59 -5211
97 134 -2315
101 139 -2154
0 9 2815
33 105 -986
130 131 1156
136 135 1011
63 77 817
140 136 -213
31 31 45
67 62 -439
26 17 -2814
50 114 1272
39 40 -29
17 18 -2525
75 81 3174
108 118 1059
91 117 2564
29 25 43
87 77 -695
77 75 -1351
47 51 -669
97 108 -2181
61 65 -1619
118 140 -271
74 73 -1853
143 146 24
17 74 1217
81 87 -1050
122 123 4648
146 145 1291
52 51 288
117 127 2871
57 100 -2337
143 149 -2512
72 81 -1749
64 110 -2720
23 19 -2771
22 20 -127
0 8 3000
75 75 30
47 110 -3419
8 29 -4135
124 130 -1608
96 129 -3723
139 147 -598
121 141 -4186
131 126 758
119 112 3548
26 22 -1346
43 42 506
54 48 336
113 114 1063
6 5 1298
100 93 2902
95 125 -1176
111 106 755
2 4 -180
28 119 -5609
142 140 -1808
106 119 -672
41 116 -1753
3 18 -3791
132 129 -4133
128 125 -1277
124 120 -3726
39 34 697
41 31 467
83 146 1795
118 119 -1297
21 29 -4621
44 35 -3553
95 97 725
116 126 5233
85 141 618
144 147 561
53 57 -214
66 137 -2784
23 18 -2813
93 93 44
58 146 1704
71 71 42
89 112 2828
106 108 -369
125 145 4822
29 58 2242
7 38 -795
129 122 258
95 146 2314
29 24 1228
108 121 4329
129 127 4852
101 108 -3620
107 106 -159
46 55 507
46 55 519
79 85 -4871
57 55 -1582
138 138 44
142 139 -1106
18 20 3911
92 110 306
55 56 534
9 3 -481
125 126 5053
113 117 -906
96 98 -392
29 42 3202
135 137 -1989
42 36 1366
16 56 -2714
95 104 3829
113 119 -3566
125 135 1263
84 102 360
129 121 3924
78 77 -422
73 64 2773
113 107 -2665
55 53 1883
36 104 993
17 26 2909
77 76 4242
117 117 14
96 114 190
3 76 1952
43 46 -1541
14 6 631
4 110 -2861
85 81 3287
110 109 -1019
64 72 404
88 79 4701
35 35 50
113 120 -1926
59 48 5240
68 74 1862
15 25 352
125 134 -389
131 144 -4301
56 50 1121
64 63 -3967
27 27 27
92 97 1005
21 20 -1018
116 143 3763
57 92 -1859
118 141 -896
21 17 -2407
10 54 1702
17 28 3277
95 121 2809
94 96 3040
131 128 -2998
79 87 -2642
27 118 -1514
71 65 -3945
118 114 3285
104 149 -4048
129 121 3962
111 109 789
33 37 -2711
110 142 1121
49 53 -713
21 19 -4929
48 46 -4117
70 74 3746
16 115 -2745
96 136 -3579
90 94 -663
48 138 -47
62 61 2994
83 94 -935
131 134 -4678
96 92 -2917
32 37 -1315
35 40 966
33 138 2441
149 147 -389
72 94 -3430
122 121 3750
56 93 1665
99 104 5532
85 86 2254
7 9 -434
76 87 -3512
92 96 2934
100 103 3181
8 6 -978
127 133 -1898
56 59 -2010
123 127 -33
127 128 -3612
25 19 -321
10 5 1188
126 133 -1992
107 130 2904
103 98 -149
143 147 -2966
64 71 936
88 78 1822
119 115 2238
43 33 106
2 1 516
37 41 2006
41 40 -1180
130 134 -3545
84 94 -55
64 67 -3917
121 149 -3028
14 65 -1249
131 147 -3736
8 4 346
91 91 26
52 119 -4222
89 81 2344
42 108 -3028
117 114 1956
8 9 -177
131 144 -4296
99 99 13
96 129 -3713
114 105 -2670
96 99 -4288
137 140 1275
22 23 -1190
47 75 -5232
146 142 -1187
9 9 19
16 38 -1148
31 46 -1299
55 50 1600
5 0 -3191
116 110 1411
67 71 4866
101 90 -1804
126 149 -4067
15 16 5173
29 105 1789
51 56 -2237
41 50 1215
58 123 3169
108 112 3257
82 78 -100
59 48 5270
49 54 776
66 81 467
118 118 3
52 100 -3209
77 76 4256
38 77 -2509
90 143 2071
145 137 -5510
31 41 -431
125 138 4811
34 39 -634
49 58 -1936
70 60 1927
61 71 2375
124 149 -3811
38 119 -3801
30 131 -293
130 130 27
83 135 -483
77 83 1064
10 2 1436
10 4 1228
10 8 898
38 30 1443
3 10 -164
20 22 144
142 144 -2298
76 84 -4072
93 141 -3476
44 37 -3349
84 88 -1433
131 129 -4167
137 140 1255
118 117 1361
14 1 2632
16 93 -1098
120 149 -88
128 126 3810
86 148 -1909
46 46 29
20 28 1955
19 27 3051
10 0 -2042
55 59 -1529
17 20 1377
134 125 426
59 125 425
64 71 940
28 21 -805
137 141 604
135 137 -1986
34 58 761
53 55 -1831
148 138 5285
3 77 -2323
122 121 3730
75 81 3183
16 25 -4784
83 83 9
59 105 1732
93 101 42
3 0 -2251
10 12 -2331
132 134 -4694
142 142 29
71 71 47
75 137 -92
14 140 -1660
28 15 -5803
27 27 12
11 22 2703
87 78 -199
125 132 4307
113 142 -672
114 116 -4195
10 20 338
15 72 5076
43 37 -2613
3 14 -892
14 2 2145
67 62 -428
73 133 1880
134 143 3939
54 54 21
142 135 -1010
115 116 -1840
103 100 -3136
15 24 1533
73 100 -709
13 65 -2639
134 129 548
5 105 -2646
144 147 560
47 50 -1815
86 98 2017
39 42 2385
117 125 -2075
51 51 24
102 92 -266
12 92 423
50 54 1774
111 105 1962
23 99 -2519
36 30 581
69 69 20
51 100 -3479
124 132 -484
125 147 538
112 107 -2610
131 135 -3015
34 38 2188
71 70 -5550
52 46 -2955
83 82 -464
99 127 5387
118 111 -1331
114 113 -1006
82 89 -1074
85 101 4174
113 106 -2859
19 19 16
100 122 -106
86 138 3328
33 38 903
47 45 -708
46 79 3425
25 45 4342
69 72 2782
81 81 35
90 119 -2058
67 78 1217
118 105 636
131 140 -3803
82 80 443
32 36 3193
28 28 44
39 49 3394
0 3 2279
69 134 -1879
46 55 502
113 140 -2491
17 15 -2550
86 100 -981
118 119 -1307
109 138 4646
72 68 -3113
5 64 -51
122 127 4612
106 139 1058
35 42 3348
36 43 -1811
61 61 14
2 139 -3084
34 84 -161
66 61 439
59 50 3163
75 106 818
113 111 -3594
28 46 -4325
123 126 86
36 40 -3673
52 49 117
9 103 105
6 3 319
72 60 -3066
104 131 -721
90 116 -1656
49 58 -1951
82 127 3654
94 102 388
40 37 -772
82 95 -67
76 149 -3952
93 100 -2842
133 132 1324
84 120 213
109 107 165
113 112 -31
116 142 2516
57 75 -3428
35 49 4405
128 144 -1287
86 108 -1678
138 141 -4908
71 63 -4868
23 95 -838
29 20 3604
77 77 40
62 61 3006
20 24 -2364
1 4 -630
134 137 -318
17 21 2440
51 55 -2742
11 138 4181
6 8 1023
105 115 343
124 143 -1272
36 94 -3249
8 48 1120
25 21 4634
99 119 -109
64 94 -3081
62 65 1340
47 59 -4983
56 54 2884
142 144 -2261
93 103 348
49 48 1058
66 64 1884
58 53 1257
48 48 19
71 82 -3554
127 147 -4370
77 79 3381
74 142 -704
124 126 269
29 18 -298
23 20 1123
119 127 5505
88 114 4643
53 102 -1828
124 133 -1744
60 86 308
52 48 1159
46 48 4155
70 80 2434
109 113 2851
141 138 4996
143 147 -2949
21 23 -2111
52 95 -2455
90 103 2151
35 43 2867
116 144 196
70 140 1179
65 72 3434
21 23 -2101
129 139 1077
110 112 1812
86 76 3565
15 21 4975
112 147 -2410
119 114 4607
85 121 4823
141 140 693
22 16 1178
95 118 -434
56 75 -2308
42 66 -672
114 107 -3721
18 23 2850
127 122 -4580
100 95 806
20 16 1320
38 71 1657
56 51 2291
123 132 -640
11 11 0
24 122 -405
52 79 430
45 91 -4315
1 4 -649
19 22 4042
55 51 2790
130 122 -2859
60 113 1853
8 5 315
67 94 839
113 109 -2798
112 106 -2800
33 30 2297
37 48 5270
84 137 -1610
73 132 3171
78 123 3808
10 58 -1025
69 135 -250
85 93 4144
76 79 -879
48 55 -3641
41 106 -1421
8 31 -1704
87 127 3523
6 7 1320
111 125 640
16 100 -3985
81 130 706
85 75 190
30 42 -1867
147 146 3006
68 113 1887
13 47 1090
134 141 260
142 145 2508
101 104 1745
144 146 3537
143 146 6
43 36 1850
18 20 3914
1 3 -1664
87 143 2139
38 106 -3092
80 78 -518
42 39 -2304
124 121 -740
40 36 3754
84 82 416
63 70 -616
44 30 1656
55 103 2431
51 59 -4282
72 67 -4295
147 140 -22
66 82 -779
111 118 1394
35 97 2520
59 46 1095
47 58 -2785
105 117 761
5 2 273
135 137 -1979
38 40 -2836
54 51 -541
91 92 1423
21 97 -2252
98 111 -4021
95 94 -384
101 94 -2523
96 94 -2998
96 93 -547
105 110 -103
21 15 -4941
113 119 -3523
132 146 -723
25 22 3717
79 90 -2530
96 117 -1710
24 26 3917
24 80 935
110 119 -1717
98 132 850
2 12 -3739
4 103 -423
4 7 -7
46 53 2396
52 46 -2986
64 103 -277
10 1 1916
74 105 -1627
143 140 -3053
112 116 -3125
78 80 564
74 125 -2985
95 103 2434
119 105 1913
124 128 -3492
117 111 -2687
18 24 1535
36 41 -2480
26 28 408
94 106 -641
61 141 -2655
12 98 2923
79 85 -4831
9 88 -4109
36 43 -1838
142 149 -1286
93 119 -3828
25 17 2218
21 139 -3043
102 103 2448
63 69 1589
112 119 -3489
7 9 -471
16 19 -5136
33 34 -1216
12 55 718
109 105 1204
127 136 -4651
135 142 1096
125 121 4021
109 108 -390
92 140 -453
28 106 -4915
31 33 341
33 141 -2489
121 149 -3041
25 29 -4
106 117 1987
24 21 3478
16 132 -118
75 111 92
117 115 -388
123 141 -5103
105 115 350
101 134 -3727
7 10 -1143
57 50 -33
92 133 2102
67 61 2522
34 32 -155
72 95 -3019
62 62 0
17 22 1491
90 98 1965
64 136 -3674
30 147 -4073
124 146 -1244
29 26 5082
90 91 -1943
124 144 -4777
110 111 -1760
67 136 300
119 131 4866
113 116 -3153
22 148 -3761
26 25 -5034
27 17 -490
38 114 808
88 75 -24
135 146 2295
15 83 2519
24 15 -1516
74 81 -476
92 148 -1414
93 97 -1349
90 97 432
83 84 -865
50 57 55
139 147 -584
61 111 -3087
113 109 -2837
95 129 -1083
32 101 2444
82 127 3648
129 127 4844
140 145 4316
55 47 3453
24 15 -1488
89 82 1105
111 108 368
64 129 -3811
43 31 -202
131 141 -4460
12 1 4236
95 102 27
12 3 2555
54 45 -578
54 54 34
0 8 2965
8 8 14
4 2 183
36 32 -3121
30 44 -1587
90 103 2169
1 8 -953
64 64 44
74 66 -913
39 37 -808
78 84 -248
79 105 -2712
108 112 3275
59 51 4351
105 148 -1799
135 144 -1252
109 110 1052
39 113 2639
11 105 747
75 113 3665
99 90 1946
50 55 -1534
12 149 496
30 80 -2918
131 146 -752
78 76 3827
86 120 -328
133 133 40
33 34 -1221
137 144 793
70 65 1617
39 33 1958
53 47 1604
99 97 2377
3 6 -268
34 37 -1478
69 63 -1544
27 72 2024
113 118 -2236
24 26 3905
139 143 2376
95 93 2116
72 120 -3185
95 97 748
143 140 -3055
66 72 2245
60 74 1838
14 12 -1632
108 111 -280
71 73 -3675
31 41 -412
96 146 -303
75 135 1929
120 132 3238
134 131 4737
53 75 -3662
143 139 -2328
55 96 2666
21 16 229
51 69 -2404
54 46 -3793
73 132 3163
40 135 889
87 84 -515
24 141 -920
95 93 2112
95 93 2108
29 27 2730
54 115 -2856
134 144 419
80 77 -944
131 123 681
19 25 357
83 110 -512
34 40 -700
102 92 -260
95 92 -263
0 14 1397
27 110 -1090
112 112 8
90 112 1473
149 144 -953
47 94 -3799
110 115 507
143 141 -3681
93 144 -3313
36 43 -1800
120 142 1271
45 49 -84
47 78 -3418
126 134 -5409
87 76 3567
63 74 3122
106 143 3386
78 138 3602
101 104 1713
58 149 -810
130 131 1140
111 117 2745
91 109 627
66 60 -851
118 128 525
121 123 986
32 31 1131
25 24 1193
15 22 4045
124 148 -5249
121 120 -2942
13 9 20
122 125 -287
119 114 4640
90 93 1812
57 57 9
125 145 4787
65 80 839
9 21 666
129 133 2908
90 97 463
48 47 -167
34 74 1941
28 138 -285
17 115 -122
60 69 365
122 132 3984
25 25 2
92 148 -1397
88 140 1065
18 73 1920
61 71 2402
128 128 18
20 21 1089
134 122 769
103 91 -4035
86 129 -1290
12 12 6
134 139 1608
111 105 1977
68 70 -1847
8 26 957
110 106 -1028
100 103 3219
2 1 522
28 44 -2044
118 112 2219
130 133 -166
78 113 1853
63 69 1606
80 124 3142
120 129 -931
5 7 68
111 130 3824
13 0 -2752
45 52 -199
31 39 -1595
46 51 3248
122 142 1995
62 67 455
66 84 -1140
136 137 -992
105 146 2195
48 57 -2019
58 51 2137
104 138 -257
95 123 3767
8 111 -4337
129 131 4194
95 97 726
95 103 2428
58 138 2955
92 104 4143
35 81 3074
105 126 3716
142 135 -1023
44 45 953
146 139 -2311
121 131 322
113 106 -2855
128 130 1932
124 146 -1237
22 131 1021
34 118 -318
21 28 887
60 74 1845
8 2 549
65 62 -1294
0 14 1391
87 89 -1223
53 111 -3612
115 114 2417
32 35 -1481
95 91 -1622
70 63 670
80 84 -774
111 125 618
144 149 1010
68 146 2393
109 108 -434
14 35 -2703
18 139 1916
103 127 1316
57 76 2152
97 128 -642
35 43 2849
38 91 -3660
17 15 -2550
7 0 -3230
64 63 -3954
106 107 216
75 95 1905
53 114 987
100 96 3445
126 143 -1475
65 65 9
108 116 126
11 2 3684
47 49 -809
23 85 -2867
47 75 -5268
11 145 4208
138 137 -5483
103 101 -229
7 13 -488
9 13 20
82 82 8
93 105 -1950
64 65 -3015
109 138 4645
13 3 -485
35 44 3612
69 61 986
32 32 46
0 12 -223
51 59 -4298
130 147 -2597
69 138 3261
60 73 1
65 71 3998
123 141 -5117
109 115 1518
133 122 -2654
147 146 2988
74 68 -1809
7 123 960
55 109 -990
29 15 -298
75 82 1953
33 38 937
98 115 -1761
72 66 -2166
112 148 -3419
75 112 3658
43 30 2420
127 123 57
14 0 -1368
24 48 4112
93 130 -121
119 115 2254
72 65 -3409
34 85 -1877
23 15 -2781
11 123 4365
10 90 -1340
40 36 3739
65 60 327
121 137 -4775
130 131 1162
40 37 -764
52 46 -2950
36 36 40
36 61 -1561
133 131 1331
138 138 19
1 8 -958
9 0 -2734
145 140 -4280
9 9 45
99 104 5505
42 44 249
19 21 4964
31 33 361
123 134 -5345
65 104 4198
138 144 -4780
20 21 1104
41 40 -1209
1 11 -4112
110 110 29
139 142 1146
133 126 2035
77 86 728
41 30 3050
26 22 -1346
91 113 3477
58 51 2141
116 109 387
89 143 3351
8 2 523
129 120 964
19 35 165
39 33 1944
25 26 5094
124 143 -1256
80 82 -406
40 44 2656
126 129 -4914
108 112 3251
96 92 -2910
65 113 2141
24 24 3
3 78 -1864
50 54 1795
46 100 -242
20 131 1142
14 3 919
124 144 -4780
84 81 1611
87 75 -2015
29 16 4843
60 70 -1842
21 19 -4937
146 142 -1199
123 140 -4481
135 137 -1968
60 78 49
35 108 304
2 6 -1468
26 127 277
126 138 -263
31 145 2768
18 21 4981
7 48 845
16 58 -2573
86 84 -548
139 144 -1126
86 76 3531
110 120 -125
61 75 -3122
42 147 -2173
62 141 304
14 105 -802
127 140 -4408
35 144 580
102 100 -733
116 111 -406
48 46 -4118
111 118 1379
114 113 -1026
26 38 -1413
96 108 -4105
107 119 -848
133 148 -3489
20 129 -3006
88 83 2361
83 124 3066
33 31 -308
82 86 185
44 37 -3389
14 10 733
107 108 -577
86 84 -551
97 107 -1606
128 136 -1000
38 46 -2500
49 56 -2094
80 87 -280
136 137 -995
106 107 185
69 144 -1503
9 8 227
51 47 727
109 117 1962
102 107 -880
39 87 1039
100 147 137
68 87 306
104 92 -4068
65 67 -855
124 129 -4669
8 111 -4337
22 20 -123
123 148 -5422
67 60 1218
104 98 -1579
16 27 -2094
38 142 -912
142 139 -1103
79 87 -2620
122 147 260
105 105 18
127 124 -112
118 109 -563
88 76 5577
48 129 -4700
30 131 -310
92 148 -1392
80 82 -387
99 138 5260
66 63 -2112
94 97 1135
41 43 665
16 27 -2127
15 21 4992
61 85 -3261
107 111 -886
102 97 757
41 40 -1188
58 84 -915
133 141 -3170
38 34 -2135
29 136 660
68 74 1884
128 122 -944
68 131 3146
7 0 -3255
124 137 -5537
146 135 -2269
19 68 1926
81 128 -1179
133 143 536
16 67 -4412
133 138 1772
38 34 -2128
124 128 -3477
1 4 -642
12 8 3256
53 54 1487
15 71 5639
105 117 788
117 114 1974
89 80 1532
120 145 3715
87 86 70
107 112 2686
54 99 -4948
67 90 1554
48 53 -1764
129 148 -559
28 26 -347
44 31 -952
39 43 1887
32 35 -1476
128 135 -31
62 142 2795
149 138 3808
80 76 3271
9 102 -2347
54 47 104
126 130 -1823
57 68 -1655
113 110 -1807
5 45 -75
121 127 931
90 100 -1021
7 20 -873
80 78 -489
8 149 -2737
97 102 -708
96 90 -2326
84 135 377
78 121 2870
76 128 -3674
42 51 1199
45 64 55
113 130 218
129 127 4833
100 147 135
50 57 100
66 73 -893
49 59 -4136
110 109 -1029
111 105 1964
80 84 -808
17 24 -989
63 73 1230
61 113 523
6 30 1887
94 95 412
98 95 -2184
100 91 -879
89 140 295
67 109 174
25 20 3558
10 12 -2313
121 120 -2914
0 3 2283
45 52 -170
31 56 -324
1 6 -1968
43 64 1688
39 36 3706
122 121 3753
102 126 3879
81 82 -1178
17 129 -1700
112 110 -1749
44 114 1069
79 81 -1575
48 53 -1791
46 47 3956
50 59 -3119
134 129 546
54 138 249
102 100 -757
26 15 -5389
6 13 821
24 15 -1476
106 106 34
129 125 -59
107 136 -26
83 91 -2158
43 135 -995
40 42 2390
70 62 258
63 65 973
65 64 3079
118 144 -754
108 105 1652
56 87 -240
83 101 1611
68 69 359
54 56 -2827
110 119 -1750
75 100 1099
108 135 1524
80 100 -1251
0 73 417
0 10 2089
17 15 -2533
101 92 -2414
61 143 1047
92 102 288
42 34 -1615
17 29 -2211
15 22 4054
11 8 3142
95 117 919
37 42 3191
109 146 3366
29 22 3730
143 142 -1228
84 110 319
40 33 2012
4 71 782
113 125 -2991
103 96 273
59 54 4916
102 96 2703
71 69 -3294
57 68 -1647
116 113 3210
84 89 -693
26 17 -2840
133 134 -3374
3 2 1240
85 84 1724
4 13 -500
85 87 2237
95 101 2172
107 118 473
106 107 176
114 144 -4048
112 107 -2649
128 120 -197
37 126 5443
109 109 14
107 145 4479
119 118 1328
74 123 1992
124 132 -510
105 106 -1152
105 110 -143
39 35 -959
21 27 -1894
21 141 -4379
8 26 953
51 127 988
56 139 -493
102 92 -251
28 26 -381
65 69 651
86 89 -1223
133 129 -2857
128 140 -770
71 70 -5557
67 66 2107
64 120 -2821
5 1 760
66 96 1788
76 84 -4037
33 33 48
19 139 1934
69 68 -319
79 111 -4650
10 11 -2207
127 126 134
13 7 514
85 115 2491
15 113 3796
15 58 2575
64 61 -1411
28 136 -4796
34 43 1202
50 77 -2021
57 54 1711
47 57 -1792
41 43 707
118 117 1356
42 145 2027
10 143 702
65 64 3103
103 102 -2403
1 24 -3958
24 25 -1139
29 27 2742
19 18 22
21 28 862
84 87 569
132 129 -4175
119 116 389
78 89 -956
101 105 -1977
112 127 1956
33 94 -1523
15 19 47
131 127 636
66 69 -514
111 109 780
36 44 -1095
41 31 490
131 125 -4277
133 131 1340
49 56 -2110
134 131 4713
58 48 3051
7 70 -4735
8 1 1034
32 142 1402
134 136 690
60 70 -1861
139 144 -1125
50 126 2282
62 60 1672
61 70 -3170
113 142 -679
143 141 -3687
65 62 -1289
75 130 3837
49 72 524
113 105 -1649
134 122 742
31 134 -2413
135 144 -1239
117 132 2236
106 129 -33
142 148 -2748
28 21 -817
124 139 -3610
46 121 3345
15 137 16
12 0 282
65 73 334
7 68 -2858
57 112 146
72 80 -2577
71 71 39
112 106 -2810
109 148 -621
8 149 -2722
121 143 -480
19 127 5649
85 99 381
67 147 560
41 122 -1245
148 138 5260
33 41 -729
64 81 -1424
30 93 -1303
97 104 3150
73 131 3164
30 40 -4242
128 132 3024
16 19 -5133
147 141 -698
64 69 -2405
128 131 3042
42 84 -1831
28 22 -1750
85 86 2272
134 145 5189
129 122 224
19 44 3760
98 135 -2186
97 134 -2320
89 97 1763
146 144 -3529
18 26 5418
99 92 1394
118 149 252
89 77 541
124 142 -2470
15 73 1937
115 108 -1916
102 96 2691
44 30 1669
7 69 -2525
114 110 -2812
79 81 -1542
68 126 3904
105 107 -1022
22 145 1488
81 86 -1014
9 133 -538
145 142 -2476
131 142 -1972
41 40 -1210
87 81 1074
55 102 22
115 118 -905
31 130 1179
72 65 -3399
5 123 971
61 68 -1320
76 76 40
42 138 2049
6 116 -2908
4 8 -328
59 59 26
114 108 -4308
115 126 3383
34 37 -1455
23 22 1265
10 145 1934
39 127 4526
12 8 3272
68 77 -433
138 145 14
58 98 1634
13 2 758
73 141 -1289
23 15 -2813
116 125 224
17 34 -712
59 47 5027
83 76 3237
93 91 -3713
140 143 3087
55 46 -476
77 97 1245
48 80 -3125
0 4 3308
123 136 -4675
16 76 568
127 140 -4411
102 125 -1173
113 115 -1337
74 72 1323
120 121 2998
132 122 -3964
62 65 1330
38 36 901
137 144 749
98 95 -2203
29 18 -300
60 73 12
92 104 4116
35 35 45
34 96 2802
8 124 1059
114 113 -1008
32 32 2
69 84 -574
93 90 -1783
100 112 2576
80 107 -1388
106 119 -673
106 115 1535
73 61 1353
12 73 648
118 119 -1316
6 108 -3007
5 4 73
81 78 -1278
130 127 1781
3 16 1424
58 52 1907
95 98 2256
32 97 1014
96 111 -4433
22 98 189
6 140 -2282
125 122 339
71 132 -552
104 92 -4066
58 132 2511
79 115 -2395
109 145 4662
133 134 -3419
14 3 930
117 112 881
24 29 -1138
47 45 -697
53 52 665
140 137 -1209
82 86 168
66 88 -2643
49 45 119
76 143 -1436
111 121 4633
50 69 -1256
19 26 5395
141 138 4988
82 89 -1069
111 115 2278
64 63 -3941
84 80 835
127 135 -3646
42 43 -452
100 93 2913
62 64 4401
0 5 3252
70 62 267
97 137 -2672
97 146 1603
12 0 306
87 88 -1964
85 79 4881
145 148 -5217
117 144 -2062
28 15 -5768
42 35 -3308
136 140 255
133 121 1032
130 133 -172
52 134 -4101
116 131 4507
88 104 5671
39 30 4263
99 109 644
65 110 368
50 142 -468
136 135 1025
82 148 -1749
75 84 1542
68 71 3731
82 129 -1159
58 51 2138
121 145 782
35 36 4681
106 119 -662
112 142 -643
53 46 -2345
103 116 -3790
106 140 359
96 122 -3536
129 142 2236
36 148 -4576
118 113 2260
119 113 3592
137 144 749
42 38 525
110 133 1843
95 100 -742
120 123 3920
17 19 -2496
101 141 -3486
138 149 -3763
41 101 1792
114 116 -4184
82 131 3015
3 3 44
58 47 2833
82 110 -49
106 121 3884
92 94 -73
51 57 -1100
75 100 1107
128 123 3715
100 98 3003
58 46 -1111
17 37 -2166
83 78 -523
148 143 4061
86 133 1605
56 81 852
21 21 19
60 99 -1621
18 20 3932
85 76 5783
99 103 4108
113 114 1046
70 63 700
72 66 -2182
13 11 -2903
18 40 1137
141 136 451
46 55 508
128 122 -961
87 112 1580
34 37 -1469
123 126 101
65 109 -665
117 114 1947
67 145 4785
109 114 3881
62 66 2560
9 12 -3010
134 125 453
93 99 -3728
16 16 29
56 58 187
35 30 5212
86 96 2454
119 118 1359
36 36 25
91 90 1985
52 128 -2396
88 120 1704
0 87 647
0 4 3307
41 42 1193
27 18 -3015
111 136 853
94 92 135
53 143 517
65 74 2197
128 143 2270
85 146 4343
126 126 38
14 11 -1530
84 79 3192
29 20 3592
102 100 -732
45 133 -898
85 85 15
116 111 -411
130 134 -3561
31 117 105
84 80 846
14 4 1970
40 70 -1068
93 97 -1352
18 111 148
18 29 370
47 67 -4635
5 13 -458
72 68 -3105
88 79 4688
13 0 -2727
8 53 -673
132 131 32
100 119 -971
130 130 36
45 49 -98
106 134 -516
59 48 5225
116 114 4270
117 149 -1102
79 75 -4685
66 74 987
12 18 -1227
110 117 950
61 68 -1300
43 30 2409
112 109 -2785
144 136 268
3 13 507
109 108 -393
32 104 4141
8 1 1030
34 124 3736
33 101 1022
120 138 3735
30 137 -5390
117 140 -1610
90 98 1951
32 100 -455
81 98 981
129 134 -486
133 140 -2535
38 33 -861
48 104 239
99 94 1289
84 99 -1322
82 76 3686
1 116 -4918
115 134 -2055
99 113 3469
58 52 1911
25 23 2516
22 29 -3674
76 86 -3474
25 85 -398
41 142 717
119 124 5404
102 92 -261
99 100 913
39 55 835
44 68 -1817
31 39 -1591
127 124 -92
117 105 -706
141 141 16
113 128 -1691
130 124 1616
137 139 1963
20 122 -2795
87 123 3585
101 133 -329
20 19 -3866
51 58 -2115
101 122 -2999
49 72 520
23 16 2375
84 82 439
107 116 -495
65 67 -857
110 120 -78
91 103 4082
104 96 -1156
129 126 4956
45 65 -2998
12 10 2374
22 124 1504
8 10 -875
49 57 -930
101 104 1729
128 149 -273
115 147 -1121
139 140 -657
57 56 -1098
131 145 523
44 36 1148
59 64 4304
94 97 1151
46 50 2072
32 39 -513
97 131 2376
98 93 -91
56 57 1181
109 140 356
92 92 39
110 142 1146
75 79 4775
15 22 4050
47 50 -1846
29 144 414
28 109 -4872
130 127 1775
25 56 2117
122 120 798
11 7 3424
8 37 -4121
7 8 -244
56 52 2042
51 59 -4306
95 108 -1488
44 35 -3551
94 103 2806
20 19 -3841
79 89 -3860
1 104 313
39 34 692
47 56 -2924
128 124 3536
2 149 -3247
64 102 -2704
62 122 783
26 27 -2335
41 87 -147
124 133 -1744
54 45 -581
109 119 -722
118 116 -913
15 17 2563
122 135 936
71 64 -897
100 136 -193
119 115 2251
79 88 -4625
115 112 1306
132 129 -4177
144 145 4811
103 131 712
35 42 3358
24 55 465
132 132 34
22 31 -1221
48 79 -759
28 15 -5781
81 122 -2125
118 129 -627
75 80 2358
126 148 -5490
69 146 2011
120 123 3929
126 146 -1519
76 87 -3520
69 62 -1925
121 137 -4749
66 67 -2067
123 130 -1754
2 127 704
40 70 -1050
36 44 -1099
107 109 -137
92 119 -1472
28 18 -5773
8 3 -674
139 145 3623
105 116 -1529
27 48 2588
136 148 -726
64 62 -4345
91 133 3493
123 129 -4810
43 130 931
1 96 -872
36 39 -3656
139 136 -886
18 25 360
42 41 -1126
107 113 2737
135 139 -71
104 112 -2033
108 140 794
129 136 188
79 114 -16
128 149 -291
105 107 -1020
58 51 2141
3 11 -2410
80 76 3264
14 98 1308
68 64 2806
36 37 -4489
24 25 -1151
128 134 -1674
71 104 238
97 120 -817
28 18 -5797
100 100 17
88 93 3915
124 130 -1570
15 57 3593
112 118 -2179
21 148 -4660
20 41 -1558
68 149 -170
103 131 714
69 81 1030
128 138 3524
128 138 3527
118 113 2248
112 119 -3516
69 72 2825
60 62 -1615
122 147 239
135 147 -655
15 23 2852
112 124 1837
128 142 1058
80 124 3109
149 136 -675
31 118 -1271
65 63 -920
137 138 5578
121 138 771
76 106 -4793
112 108 -3217
137 140 1266
109 105 1204
76 109 -4760
11 102 585
110 118 -434
76 83 -3195
121 135 -2761
61 61 11
24 21 3449
68 71 3723
106 110 1053
29 22 3720
32 120 157
2 14 -2089
5 110 -2795
125 133 3037
76 133 -1944
81 84 -1556
20 17 -1322
24 100 -287
57 99 -3262
112 125 -2941
121 128 -2719
136 137 -985
24 64 3201
43 70 -2923
133 139 -1821
39 31 1668
115 113 1348
68 133 1867
41 35 -2145
4 6 -1295
102 123 3782
120 134 -1452
123 120 -3847
130 121 850
59 59 44
59 101 3752
4 13 -499
100 91 -850
114 119 -4589
116 109 367
115 149 -687
129 136 165
53 82 -1741
27 20 892
81 87 -1037
136 148 -697
42 44 285
115 127 3296
7 18 -4747
87 127 3546
125 130 3193
17 20 1392
7 124 788
142 135 -1022
63 67 88
63 70 -626
73 90 383
29 84 1297
92 97 1019
42 105 -1358
117 147 -1509
81 77 -1755
107 110 900
127 142 -2585
134 140 919
143 147 -2983
138 147 -4184
22 25 -3680
92 101 2426
102 142 1105
12 94 307
67 130 3214
101 94 -2514
98 92 -2460
68 140 -675
51 51 40
78 79 2929
34 43 1175
143 141 -3683
70 140 1201
26 81 -2156
89 87 1262
44 39 -2553
17 24 -988
0 0 42
62 72 4796
129 125 -100
114 112 -1024
117 119 -2659
71 68 -3690
68 130 2062
136 147 319
52 54 838
58 50 984
107 114 3749
9 4 573
86 91 -1860
92 104 4134
135 148 -1678
39 31 1629
101 94 -2516
2 32 -3306
125 136 294
10 37 -3227
51 137 -4681
3 57 -219
125 126 5061
117 108 -2326
122 128 1011
116 119 -360
132 129 -4166
82 77 -537
94 102 416
109 114 3901
72 73 -3088
123 131 -645
99 133 3464
124 126 288
93 142 -968
45 80 -2166
89 134 -577
46 57 2137
20 21 1089
30 107 -4297
61 70 -3185
59 149 1347
100 111 -1012
66 79 2048
31 37 -2383
111 107 929
75 130 3866
62 68 1655
40 128 913
124 131 -464
74 77 -2245
39 34 706
63 142 2398
118 141 -910
49 58 -1968
46 134 -1062
76 100 -4509
143 146 13
94 95 449
15 16 5208
4 14 -1885
103 132 701
85 77 1521
140 139 693
118 124 4058
46 57 2175
113 140 -2522
55 51 2751
87 75 -2051
74 70 -3694
98 102 -2204
142 137 -3027
77 88 -1292
116 107 514
31 31 22
72 148 -4754
42 62 -3192
90 131 2821
87 81 1075
42 42 10
85 148 336
114 117 -1938
20 27 -840
62 65 1348
134 130 3626
17 23 310
149 149 41
108 118 1065
39 31 1624
41 83 203
19 127 5658
24 27 1538
82 89 -1066
117 110 -886
18 29 384
51 47 701
23 103 1576
17 40 -1412
25 26 5079
19 54 5295
92 98 2521
18 27 3067
121 134 -4396
40 41 1257
135 146 2293
122 123 4648
81 77 -1749
123 129 -4847
121 149 -3021
93 96 596
47 50 -1850
90 108 -1740
82 79 2802
106 105 1247
107 149 667
113 144 -2985
65 68 312
133 121 1038
129 132 4216
71 137 -5608
123 128 -3657
112 106 -2778
39 102 820
131 129 -4191
91 94 1287
20 25 -3547
1 1 47
38 108 -3498
74 145 1764
20 16 1310
26 23 -2542
52 68 -2490
89 80 1549
72 65 -3408
5 6 -1237
134 125 438
32 98 2512
57 138 1955
107 118 466
2 9 -703
131 137 -5035
43 72 2055
55 53 1875
136 149 741
36 30 583
73 74 1860
78 88 -1759
39 135 835
108 148 -161
108 136 528
113 133 13
127 131 -578
32 33 1455
79 77 -3353
118 119 -1293
130 130 0
132 124 563
39 39 20
5 100 -3563
93 99 -3731
18 29 374
93 114 766
42 43 -457
122 136 -57
31 30 2611
141 141 43
119 114 4647
122 130 2881
110 112 1788
125 141 -184
97 92 -976
105 111 -1931
19 20 3925
108 105 1649
68 149 -173
36 41 -2467
80 82 -384
58 49 1975
90 105 -151
71 62 -5302
117 123 2883
122 143 3249
27 103 1346
117 109 -1918
87 79 2688
119 117 2705
74 61 -511
148 137 -257
32 143 2634
78 80 548
39 73 771
37 42 3187
74 70 -3703
41 33 776
14 14 35
39 41 1203
17 16 2664
97 142 398
58 68 -616
144 142 2330
1 0 -3944
47 104 444
141 146 3700
1 14 -2581
143 149 -2508
82 76 3686
127 141 -5068
132 141 -4427
142 135 -1042
16 20 -1248
50 134 -3143
118 118 34
9 12 -2988
86 82 -138
77 82 603
11 122 -266
60 72 3121
105 148 -1831
105 114 2720
84 107 -530
52 145 1081
34 39 -662
98 145 1337
90 96 2383
12 69 1028
36 77 -3355
21 18 -4962
117 114 1986
141 145 4977
36 36 23
70 64 4656
144 140 489
82 89 -1079
69 65 -644
100 99 -846
85 76 5803
46 81 1842
90 91 -1922
29 42 3194
88 78 1793
35 68 1778
64 68 -2722
6 132 1535
50 48 2127
29 19 -315
144 148 -433
108 113 3312
92 101 2421
103 92 -2671
40 30 4274
26 20 -1475
82 126 3789
94 90 694
44 129 -2881
67 98 3487
71 62 -5297
105 146 2220
51 148 -4389
117 108 -2328
16 33 -2052
66 73 -894
124 132 -485
5 50 -1204
72 60 -3077
121 121 29
52 93 -353
32 41 678
40 38 2861
12 14 1661
41 32 -631
47 55 -3395
3 42 -298
61 66 -391
110 137 -1934
11 94 237
14 14 7
111 144 602
85 87 2243
57 57 25
26 18 -5391
12 2 3787
77 75 -1363
93 112 -333
112 112 21
80 125 -1654
3 2 1238
73 62 -1606
123 142 -2646
50 47 1904
8 138 1027
125 122 331
0 12 -207
131 135 -3018
57 57 17
47 77 -3897
82 82 27
23 19 -2784
65 60 339
97 108 -2169
37 41 1989
11 6 2155
54 52 -814
103 96 260
22 26 1377
94 96 3043
19 15 -4
102 123 3793
65 73 314
110 117 941
136 146 3277
91 144 453
96 100 -3371
61 96 1374
129 133 2929
126 133 -2015
147 149 480
62 142 2789
149 141 -1120
4 100 -3602
65 68 337
22 16 1153
118 149 248
62 64 4390
71 79 -742
109 117 1945
9 7 496
73 72 3171
126 121 -1004
84 142 1409
34 30 3566
44 39 -2562
32 39 -505
142 139 -1109
117 125 -2077
144 138 4794
114 135 -2778
87 86 51
101 102 -2102
4 112 -1101
1 1 25
138 143 -1206
38 134 -3621
115 117 470
97 100 -1445
56 68 -486
65 66 1209
15 19 42
20 24 -2348
44 122 -2633
110 114 2889
52 95 -2432
3 9 549
13 125 -3514
80 75 -2349
45 53 -838
69 85 -2260
65 122 -541
75 77 1410
57 48 2036
88 78 1785
131 142 -1973
18 121 4769
8 147 -3184
4 4 39
49 46 -3042
37 41 2009
129 131 4243
5 47 668
97 94 -1072
26 80 -2934
1 23 -2667
8 70 -4451
88 83 2370
16 29 -4813
85 78 2021
91 105 1826
144 144 38
103 109 -3419
39 44 2599
80 121 2362
110 109 -1008
106 114 3914
95 98 2238
128 146 2254
28 44 -2022
36 148 -4568
119 106 742
18 48 5603
15 23 2822
84 98 2567
104 97 -3094
135 139 -53
100 93 2882
31 33 344
94 99 -1239
36 58 -2232
41 104 3472
96 101 -499
113 122 -2638
119 115 2250
29 19 -283
56 59 -2049
21 22 -909
9 29 -3924
85 75 174
8 13 -161
45 52 -175
83 88 -2340
40 30 4274
61 71 2373
127 149 -3937
7 10 -1141
34 87 336
114 109 -3843
17 51 2141
139 145 3650
144 141 -166
122 121 3727
34 74 1947
55 86 296
93 103 315
74 95 -1752
48 132 -560
26 102 -3448
116 136 475
30 101 -1285
59 54 4913
116 138 4974
0 87 657
0 6 1984
11 147 -48
126 148 -5525
77 78 494
148 140 967
18 41 2338
121 149 -3022
55 103 2465
25 133 3434
131 127 649
133 137 -3749
2 11 -3623
115 115 44
68 67 -1140
95 125 -1168
79 128 -2796
16 45 -497
6 11 -2134
59 124 5195
23 38 1207
123 137 -5682
127 131 -595
36 40 -3687
32 32 22
118 144 -733
85 78 1983
122 146 3224
41 36 2509
101 116 -3492
131 133 -1285
26 18 -5406
26 27 -2327
22 22 22
97 116 -2078
6 97 -790
33 73 -1161
137 141 624
62 67 474
94 90 731
19 119 170
92 137 -1690
6 83 -972
103 97 -1650
73 73 28
82 81 1242
97 92 -951
51 57 -1079
103 103 19
35 72 4864
4 0 -3286
5 8 -244
95 124 3616
146 138 1299
120 124 3758
133 142 -709
129 131 4219
127 135 -3643
105 106 -1171
11 3 2452
36 33 -1707
85 119 262
104 95 -3827
67 63 -41
143 143 41
53 48 1840
127 124 -75
88 80 2342
140 145 4321
72 73 -3123
99 93 3769
130 125 -3148
49 140 -3276
110 105 184
32 80 809
46 57 2139
98 124 1375
30 32 -3661
99 101 3807
104 129 -4942
4 41 -2458
41 42 1208
52 54 869
139 145 3656
38 78 -2030
1 143 -1186
140 143 3106
96 90 -2334
12 4 3576
62 109 650
5 10 -1106
52 51 254
66 112 912
105 114 2739
43 40 -1849
11 9 2986
143 145 1270
141 149 1168
49 58 -1945
29 68 1569
111 142 2901
73 60 57
16 29 -4814
23 16 2402
21 15 -4964
49 99 -4231
138 143 -1199
2 7 -176
102 125 -1163
19 21 4959
114 106 -3884
45 105 -2533
8 12 -3187
16 21 -204
95 92 -271
59 59 10
42 36 1369
14 5 1860
140 139 717
17 79 2315
62 66 2561
127 137 -5639
126 140 -4565
92 127 4034
72 140 -3790
61 83 -715
107 107 29
30 43 -2337
65 83 919
92 99 -1375
132 123 706
1 92 -3779
100 124 4366
46 139 479
80 136 -1453
13 10 -650
35 36 4719
124 148 -5282
110 115 509
117 123 2898
145 141 -4934
1 1 30
88 83 2385
14 29 -2528
127 127 20
91 98 3935
119 111 8
103 91 -4063
48 59 -5179
116 117 2312
96 90 -2350
72 72 17
22 18 -3996
0 148 -1251
102 98 2291
3 121 1001
2 8 -475
120 133 1989
36 31 -2034
74 73 -1853
80 79 2426
60 138 3613
111 144 613
144 139 1187
2 9 -691
96 108 -4111
29 25 28
12 11 112
55 50 1579
87 89 -1220
130 134 -3549
3 10 -147
16 127 513
2 131 75
8 8 22
19 15 26
68 66 950
40 38 2882
91 111 -138
97 97 30
105 115 334
142 149 -1275
110 140 -681
69 132 2788
133 134 -3382
32 41 671
84 77 -122
73 124 3686
112 147 -2382
101 97 -1379
93 102 -2096
25 21 4620
148 135 1740
95 96 2672
121 123 989
0 11 -138
132 123 726
6 101 597
144 146 3538
90 147 -919
120 135 173
14 57 717
3 6 -253
30 34 -3534
140 147 90
126 124 -227
14 7 1931
41 44 1412
19 21 4985
50 55 -1551
55 85 -1979
103 100 -3153
34 62 -1544
122 123 4651
50 46 -2063
81 79 1612
42 38 490
8 9 -168
57 128 -1543
42 38 494
0 38 2467
81 82 -1159
93 98 136
114 123 955
62 70 -232
58 59 -2178
20 45 789
46 122 -356
48 51 -869
140 142 1840
1 75 -5370
120 138 3704
124 142 -2460
80 87 -256
95 99 -1640
18 27 3071
51 47 724
36 35 -4649
77 76 4263
52 82 -2372
125 124 4836
3 0 -2271
4 13 -499
33 41 -734
117 118 -1339
97 146 1591
56 50 1121
27 27 33
29 22 3743
2 68 -3066
80 148 -2193
60 64 2797
70 141 548
36 85 -4843
110 114 2844
58 77 -1094
58 47 2853
79 125 -4072
126 129 -4910
115 118 -890
97 102 -730
70 64 4636
119 117 2664
138 135 -3488
32 40 -552
84 75 -1509
82 130 1932
137 147 1303
145 140 -4289
7 10 -1162
91 91 17
102 118 -417
14 73 -964
36 94 -3238
74 60 -1790
138 141 -4952
52 58 -1828
121 148 -4496
133 124 1795
11 106 -459
21 26 478
38 39 -2793
48 134 -5219
108 136 533
50 46 -2058
60 71 3721
71 126 204
127 129 -4793
105 113 1680
106 126 4932
24 21 3476
70 119 179
112 113 60
132 139 -3108
63 70 -627
46 107 -389
47 109 -4425
24 27 1536
83 146 1787
106 115 1565
93 128 -1994
51 54 627
45 55 -2683
34 104 3987
76 117 -2819
81 80 -743
10 4 1240
126 144 -5021
67 61 2532
81 103 1156
60 74 1874
61 62 -2950
5 135 -2760
130 137 -3903
40 31 1693
66 62 -2514
41 35 -2115
11 6 2148
121 144 -4017
6 6 3
92 93 2423
142 143 1279
6 5 1290
64 67 -3903
116 111 -398
18 16 5193
27 19 -3019
29 23 2522
67 137 -716
20 18 -3897
126 121 -997
131 130 -1113
103 91 -4027
68 88 -1713
113 130 227
60 61 1325
3 19 -3735
34 66 1000
76 128 -3634
29 28 5491
14 11 -1520
80 84 -813
62 112 3456
15 38 3998
128 131 3019
19 22 4025
87 79 2698
86 75 -2053
124 138 -17
52 50 -916
93 104 1787
92 94 -103
48 65 -3973
3 118 -2292
81 88 -3076
57 52 915
92 96 2931
7 93 -716
121 132 264
24 23 1346
26 65 -3798
26 33 -2285
46 59 -1041
98 104 1618
43 100 -1803
136 141 -425
101 91 -3791
107 113 2703
29 19 -311
94 91 -1238
38 49 575
78 85 -1979
43 128 -974
111 106 788
54 52 -827
54 50 -1743
66 66 8
64 79 201
74 66 -899
126 146 -1495
108 115 1990
4 6 -1330
104 92 -4077
40 100 61
52 49 115
5 79 78
25 137 -361
129 132 4204
18 20 3905
93 95 -2051
93 142 -994
81 117 -390
13 4 562
108 122 636
124 138 23
104 100 -4568
24 16 3662
122 131 4023
127 123 51
113 134 -3395
127 147 -4343
60 97 755
20 25 -3508
49 57 -920
77 79 3402
133 124 1816
119 143 4120
76 76 21
74 134 -3425
48 59 -5220
109 147 385
4 17 -2234
137 140 1254
98 99 -3860
96 117 -1725
39 57 2432
62 110 1703
71 68 -3675
64 84 -3005
98 100 -2993
148 139 1680
113 130 225
144 137 -741
106 146 3393
16 29 -4791
24 48 4087
49 123 1196
7 17 -2206
50 47 1871
25 105 1754
20 72 1160
94 92 126
73 97 780
99 146 3999
1 2 -478
122 130 2881
96 127 1093
59 55 1617
82 104 3768
127 149 -3896
98 97 -1496
43 35 -2784
17 21 2416
144 149 988
108 109 478
72 73 -3102
11 27 1710
127 121 -892
125 142 2299
77 88 -1275
144 136 308
65 142 1467
35 33 2969
50 96 1084
98 147 -2901
7 13 -440
149 135 282
125 125 37
127 139 -3735
13 12 -3003
85 85 24
124 123 180
99 93 3755
30 131 -332
97 146 1592
9 136 -3279
71 70 -5546
106 116 -296
132 120 -3171
90 106 -1326
59 45 4328
54 59 -4878
51 78 -2722
149 144 -988
79 147 -3510
77 84 213
129 130 3117
103 90 -2106
124 123 201
33 71 2506
84 83 917
137 137 33
146 141 -3677
82 80 460
82 77 -536
11 11 42
38 53 -137
96 123 1122
30 41 -3027
81 96 1403
136 142 2044
118 143 2779
63 72 4386
11 97 1325
92 95 327
16 22 -1133
8 0 -2932
85 98 4261
81 80 -746
91 112 3448
25 51 4365
128 144 -1250
8 3 -653
9 120 -2459
21 25 -4594
92 96 2962
141 143 3750
87 75 -2024
62 61 2979
40 42 2386
52 48 1187
44 54 1537
107 107 26
60 65 -266
94 102 406
120 132 3229
55 46 -485
20 28 1932
50 53 304
74 61 -515
100 121 3607
66 66 6
58 72 2516
5 11 -3357
38 70 -3946
131 142 -1975
101 94 -2528
24 53 2293
10 1 1892
93 141 -3485
82 90 241
136 137 -992
106 125 -111
18 24 1561
129 135 1143
105 148 -1817
51 75 -4546
93 95 -2059
106 111 -732
92 146 2625
127 139 -3713
76 105 -3617
78 75 -1807
81 80 -776
104 93 -1701
24 22 2555
105 108 -1594
122 131 3998
8 146 -195
23 26 2622
48 53 -1757
47 49 -814
61 134 -2887
124 121 -737
6 111 -3337
123 120 -3877
118 118 6
102 121 2852
119 148 119
27 123 2686
63 121 4103
69 73 -326
54 126 516
89 138 4633
86 89 -1251
57 129 -2693
65 69 683
8 106 -3563
83 75 -2396
84 79 3202
130 120 -2090
28 18 -5804
46 48 4192
48 135 -3601
8 98 -277
5 10 -1125
146 136 -3251
112 132 1329
118 148 -1242
51 129 -3807
55 47 3466
4 66 -1958
128 143 2265
41 31 461
19 77 1458
23 118 -1307
143 149 -2514
110 135 51
36 129 -3956
86 117 688
101 98 134
111 106 782
78 105 188
56 56 2
139 136 -900
102 91 -1634
109 117 1956
26 21 -418
74 120 -1927
75 137 -90
88 117 2712
24 145 4044
21 21 14
135 149 -228
43 34 -1160
39 81 2096
17 20 1364
64 102 -2675
5 97 -2067
8 49 69
37 93 3731
78 85 -1966
120 121 2999
100 100 35
7 3 -955
63 62 -377
45 51 51
92 101 2456
144 146 3573
87 119 -1933
50 94 -1920
30 36 -514
14 4 1945
86 77 -695
108 126 5334
146 146 3
87 89 -1230
83 77 -989
96 91 -4284
129 149 888
101 126 1696
13 2 737
11 13 2980
105 116 -1529
122 129 -177
107 116 -481
55 53 1866
85 83 2549
100 96 3434
57 53 254
32 43 1357
72 99 -4716
62 74 3475
96 140 -3371
110 129 -1047
66 68 -912
88 89 818
50 51 1180
92 92 19
122 145 4499
147 148 -991
98 94 -2580
67 65 878
76 82 -3629
64 61 -1400
110 120 -110
99 132 4744
84 80 861
39 112 2598
23 29 -2469
69 120 -419
139 146 2382
15 19 27
126 146 -1509
102 92 -256
107 119 -828
21 145 570
42 34 -1632
115 143 1877
43 67 -2260
106 106 6
20 28 1940
86 103 2220
69 121 2525
142 137 -3039
147 145 4287
26 30 0
131 123 688
106 108 -405
0 12 -228
129 147 477
34 37 -1445
27 64 1627
22 18 -4011
59 55 1580
48 57 -2010
92 100 -484
18 70 70
53 47 1590
94 127 4115
36 43 -1823
44 44 19
119 131 4909
6 4 1357
134 126 5475
131 131 48
1 12 -4211
23 21 2157
142 140 -1775
142 144 -2301
33 34 -1248
5 10 -1136
78 79 2917
49 79 313
31 147 -1461
52 51 278
4 12 -3515
93 104 1775
33 31 -300
100 94 426
0 11 -117
73 66 945
103 102 -2392
86 77 -712
41 38 1663
82 80 447
58 99 -2254
21 16 209
3 73 -1850
69 109 -1329
91 119 -116
38 30 1439
116 105 1568
25 22 3724
75 86 2113
28 25 -5440
98 135 -2163
89 76 4791
13 1 1236
90 141 -1671
58 137 -2533
74 95 -1764
58 54 2711
147 147 23
46 48 4149
53 45 896
23 20 1113
53 146 490
102 128 114
128 133 1753
63 66 2143
125 127 4964
122 131 4002
94 95 433
116 122 554
26 23 -2547
130 129 -3043
106 109 62
117 117 1
136 147 319
18 21 4998
33 41 -739
75 80 2377
23 22 1230
75 88 75
110 145 3589
100 91 -879
114 113 -1028
118 117 1386
100 99 -859
21 25 -4592
98 142 -1117
37 42 3173
18 51 4700
81 100 -2018
113 112 -16
28 25 -5437
50 47 1865
37 40 777
16 106 -4272
50 103 887
8 4 347
93 126 1754
66 62 -2505
138 136 -4477
88 77 1319
118 121 3293
45 47 739
43 35 -2803
42 59 -3124
87 122 -1068
20 21 1071
127 140 -4439
94 127 4121
91 95 1665
1 6 -1993
5 75 -4612
11 11 42
68 66 932
79 81 -1562
61 74 564
77 89 -517
105 126 3746
146 146 24
64 68 -2755
11 77 153
122 146 3229
114 108 -4289
43 102 -1028
23 33 277
131 132 22
65 72 3436
26 22 -1371
14 6 644
129 134 -507
64 117 -1813
11 105 737
25 27 2699
105 127 3623
34 40 -692
29 16 4876
15 29 364
6 3 314
29 91 8
106 111 -730
30 63 -4670
29 85 -363
136 149 747
2 12 -3712
118 106 -579
57 56 -1099
45 104 1177
28 22 -1729
145 146 -1255
10 103 775
68 128 141
2 10 -1355
55 93 2146
69 146 2006
44 36 1108
96 119 -4375
31 69 -515
30 31 -2569
110 130 2006
30 38 -1397
37 120 1487
66 61 471
108 119 -276
123 131 -664
16 31 -2389
88 87 2024
142 146 1233
86 83 357
72 72 22
93 140 -2815
122 146 3198
118 139 414
128 128 35
75 128 1948
145 146 -1246
44 34 -1874
91 109 628
21 25 -4577
92 94 -112
65 138 3945
97 144 -1900
52 69 -2138
80 131 2628
71 65 -3976
94 94 23
133 144 -2987
108 118 1069
21 77 -3476
20 24 -2353
72 63 -4307
21 19 -4912
0 9 2780
84 79 3226
52 56 -2014
65 116 -1040
69 70 -2213
144 137 -723
55 46 -464
118 106 -580
106 109 52
22 137 -4008
44 120 -1923
85 132 5108
124 120 -3729
126 130 -1847
3 11 -2418
4 11 -3456
37 41 2015
61 74 538
22 22 8
42 32 -1796
130 129 -3070
100 91 -871
66 148 -2513
126 123 -31
142 136 -2026
135 138 3554
31 39 -1576
61 91 -2936
75 86 2098
136 141 -413
56 117 437
87 99 -1863
42 41 -1145
99 91 2
87 111 -2011
88 84 1490
44 149 -2009
16 29 -4810
8 13 -186
57 55 -1625
145 149 -3781
71 60 -3634
44 127 1930
62 125 474
70 146 4235
115 112 1344
46 58 1146
53 50 -264
148 142 2830
42 110 -1547
128 136 -1014
139 137 -1913
70 137 -23
129 124 4731
141 139 1368
18 17 2573
98 102 -2194
77 79 3394
108 108 8
102 94 -367
118 111 -1307
123 133 -1936
129 121 3937
56 45 2236
115 131 2658
87 104 3664
76 75 -5592
106 105 1251
83 89 -1524
81 89 -2282
132 127 646
68 126 3904
107 139 868
26 21 -403
19 21 4991
141 146 3703
90 136 -1248
55 145 3628
22 16 1139
83 77 -1003
108 109 462
3 8 704
72 95 -3056
60 71 3705
45 58 -2075
23 19 -2788
51 73 -2753
98 97 -1467
47 84 -3733
11 1 4174
17 56 -80
0 3 2288
27 19 -2989
89 80 1537
72 67 -4296
78 129 -1038
52 59 -4041
70 92 1649
12 0 266
39 32 550
31 34 -892
18 29 345
76 76 14
111 143 4147
10 8 897
31 42 738
118 136 -481
48 119 -5400
99 119 -91
62 68 1627
113 146 550
48 119 -5374
117 105 -730
0 12 -221
95 95 27
69 64 2461
46 59 -1057
18 27 3066
57 149 -1825
104 144 -5046
33 42 432
64 60 -2714
139 138 3643
83 109 -1593
100 104 4609
87 117 696
146 146 36
118 117 1362
38 36 868
121 144 -4018
19 45 4639
41 32 -621
66 120 -957
95 99 -1615
99 98 3923
110 127 3728
102 96 2682
26 20 -1507
3 4 1035
31 38 1214
64 119 -4450
67 70 -659
124 125 -4749
47 115 -2937
60 70 -1851
99 90 1950
112 110 -1743
33 46 -1614
52 129 -3586
112 128 -1641
96 99 -4276
67 72 4296
118 120 360
70 72 5002
24 18 -1497
136 149 750
149 146 2552
59 58 2211
62 140 937
11 8 3135
51 143 -394
94 95 427
129 122 231
14 48 2707
142 146 1253
59 56 2083
44 43 -706
77 87 703
52 47 952
56 55 -447
101 101 30
116 114 4256
42 30 1895
134 144 428
57 56 -1127
105 105 25
89 113 2825
78 135 70
28 141 -5213
27 112 697
52 102 -2461
104 90 -3498
92 97 999
48 59 -5187
37 42 3190
23 16 2352
86 138 3347
67 110 1217
2 0 -3442
100 105 930
147 148 -978
122 137 -1061
114 111 -4633
91 98 3915
48 132 -524
78 86 287
108 145 5091
52 71 1197
102 96 2664
117 123 2877
21 93 -884
103 103 42
11 13 2965
130 131 1143
50 142 -474
37 41 2038
113 138 1797
97 91 -2363
91 101 3833
113 137 -3761
9 5 492
114 129 -3907
36 138 692
148 139 1654
29 28 5473
99 148 -26
117 118 -1333
58 47 2856
20 21 1104
31 49 1788
69 66 569
7 38 -783
17 146 1715
28 22 -1760
135 135 50
28 122 -4735
94 100 -366
0 138 4001
93 101 51
127 137 -5658
66 74 987
101 110 -2106
24 21 3468
58 70 -2515
79 80 -2347
75 149 1630
124 124 32
1 0 -3950
95 140 -718
46 56 1006
87 131 2918
43 52 1453
139 148 -1613
16 145 378
69 84 -586
50 58 -922
140 147 86
24 98 2676
106 111 -725
41 44 1445
43 147 -1701
60 60 43
4 75 -4685
77 97 1223
102 149 -199
105 107 -987
55 58 636
132 137 -5034
136 137 -995
108 116 137
73 143 2420
19 27 3077
47 144 -4617
24 21 3468
146 141 -3693
79 89 -3846
132 129 -4145
124 120 -3700
101 111 -3906
81 141 -2649
116 128 1496
47 113 -1616
72 87 -2853
45 56 -2209
139 149 -145
86 85 -2200
111 111 1
49 136 -3530
8 10 -875
84 80 825
97 101 1456
119 114 4649
114 115 -2359
102 133 1809
121 132 289
26 17 -2820
134 120 1526
127 144 -4913
70 113 3719
53 105 -1698
10 40 -2451
70 69 2269
89 82 1103
94 93 2536
124 132 -488
76 94 -4125
15 15 48
92 139 273
42 73 -1571
73 64 2773
28 143 -1526
7 9 -462
22 18 -4032
88 120 1672
46 147 -156
133 123 1955
0 86 714
7 0 -3250
40 67 -344
106 110 1062
1 14 -2552
144 138 4829
83 83 23
97 128 -645
60 69 340
78 132 3129
105 113 1690
68 72 3151
89 124 4657
85 85 26
44 31 -948
43 44 767
127 127 7
44 109 -2828
132 126 785
126 120 -3945
9 1 1204
118 113 2294
0 7 3282
73 65 -275
61 134 -2867
94 103 2825
14 2 2133
60 74 1879
6 6 6
67 145 4808
122 137 -1078
117 140 -1604
68 74 1881
22 26 1410
146 139 -2312
33 39 -1898
31 52 1685
136 137 -983
80 78 -487
0 50 2033
60 71 3693
47 138 150
63 70 -611
43 51 1707
10 48 2008
78 140 -712
19 23 2835
58 46 -1115
11 12 -47
19 28 5800
27 28 2763
47 84 -3727
118 132 3577
38 38 15
135 140 -728
133 131 1326
127 140 -4445
94 99 -1232
118 119 -1308
19 110 1962
88 86 2056
30 85 -5422
140 139 738
92 90 597
76 131 -659
145 145 42
87 78 -197
94 116 -961
50 90 -1235
44 70 -3671
25 19 -302
67 125 38
46 51 3284
63 65 936
87 80 328
47 129 -4496
34 30 3552
80 115 -14
81 122 -2155
148 148 24
129 121 3962
139 138 3658
98 119 -4001
55 52 2540
23 21 2181
122 122 49
14 108 -2392
107 117 1835
55 49 2631
60 71 3706
75 127 5592
95 101 2155
112 115 -1298
68 91 -1578
72 63 -4312
30 36 -492
11 44 2412
110 117 902
75 84 1536
4 112 -1095
49 137 -4528
49 54 783
103 90 -2074
123 125 -4925
93 96 597
3 1 1719
117 127 2831
86 75 -2063
21 135 -2975
93 141 -3456
85 82 2102
77 145 4064
52 86 -2223
107 109 -132
111 116 460
98 96 417
118 111 -1347
119 137 -196
0 7 3263
8 12 -3177
123 133 -1927
48 56 -3142
125 124 4805
28 22 -1763
57 47 1820
60 117 965
128 131 3024
85 80 2526
94 144 -819
110 107 -845
108 109 485
125 126 5048
98 143 113
110 112 1817
52 143 -128
125 120 1104
88 82 1912
77 87 732
85 84 1713
96 118 -3056
16 22 -1105
77 86 766
69 109 -1339
42 35 -3282
134 142 2730
130 149 -2163
36 36 25
113 110 -1791
68 71 3691
47 49 -794
117 141 -2263
59 93 3731
50 56 -1074
127 140 -4442
0 12 -224
4 61 -1540
44 37 -3384
41 31 463
149 143 2604
54 101 -1159
41 122 -1227
82 79 2822
68 67 -1155
35 42 3323
46 57 2167
108 141 112
58 51 2145
4 4 41
127 122 -4554
68 72 3155
79 112 -1064
118 145 4041
28 35 -5600
113 142 -673
20 118 -2378
25 77 1128
75 103 4293
96 101 -475
132 123 721
80 83 75
75 81 3184
96 116 -4003
31 40 -1650
12 64 3416
4 68 -2912
18 21 5004
32 122 -600
95 127 3724
50 58 -909
113 129 -2864
64 68 -2753
86 92 -493
132 149 -3299
0 37 -1130
6 3 320
43 80 -517
74 125 -2993
83 80 -16
123 122 -4643
12 120 587
32 122 -581
52 51 293
98 90 -1893
72 72 24
22 128 -1971
93 94 -2446
80 80 0
1 5 -690
25 122 733
142 145 2534
82 75 -1924
133 149 -2028
8 9 -177
53 93 283
107 145 4485
125 125 44
80 83 80
139 148 -1636
31 41 -417
119 111 -5
35 31 2612
63 73 1241
39 69 1131
51 45 10
73 70 -1840
75 78 1853
70 65 1618
34 52 2609
79 119 -4600
109 111 -732
114 149 -3040
111 115 2275
98 104 1649
30 34 -3493
109 124 4686
51 51 41
81 83 -695
68 96 2734
44 39 -2558
33 36 1772
117 134 -2460
41 43 707
30 31 -2565
15 134 342
117 131 2225
31 39 -1584
9 7 501
4 81 -1588
7 1 715
105 132 2960
23 27 266
124 126 246
12 3 2537
85 84 1714
136 137 -985
56 47 2958
74 149 -2041
35 105 1916
85 110 2035
120 140 -560
13 115 -1839
52 108 -3970
39 139 747
1 0 -3940
14 6 638
125 136 278
116 118 955
10 94 -2002
57 48 2028
40 32 583
58 59 -2154
15 16 5184
119 142 2886
101 90 -1831
15 24 1566
97 124 2883
110 148 -1657
42 39 -2292
31 34 -891
71 78 -3617
76 100 -4502
35 30 5218
48 59 -5216
77 82 610
101 100 -2871
80 80 48
45 47 731
114 123 956
9 123 1438
55 59 -1534
113 117 -904
125 124 4844
19 24 1534
10 135 -1581
51 51 37
84 93 2464
132 132 36
31 56 -315
104 97 -3109
87 75 -2023
55 121 2875
33 36 1768
101 123 1614
45 133 -875
134 147 969
10 74 183
78 76 3800
97 120 -857
136 145 4553
94 90 715
17 25 -2183
43 31 -193
8 3 -656
1 113 -1744
14 92 -1200
58 88 -2371
63 71 4959
86 99 -1875
37 36 4530
74 63 -3056
116 144 174
8 128 -2434
90 130 1723
81 87 -1030
38 117 -1126
89 88 -771
21 20 -1043
131 134 -4693
50 45 1167
51 107 -3626
104 94 -4217
104 101 -1684
104 90 -3521
109 117 1970
3 123 1937
133 133 37
32 34 204
46 59 -1053
84 108 -1140
105 108 -1620
97 101 1467
94 95 433
104 135 -3776
18 15 7
25 24 1171
107 132 3992
80 87 -237
28 88 -5652
76 98 -1517
41 41 44
1 61 -2218
4 5 -34
111 143 4151
117 148 -2535
17 37 -2189
125 137 -715
103 136 -3344
39 33 1975
30 42 -1849
110 111 -1781
64 71 958
123 134 -5355
71 61 -2353
141 147 723
1 14 -2569
77 86 754
93 90 -1791
73 118 -377
7 7 23
130 128 -1888
18 18 37
71 74 -1817
83 84 -836
147 138 4257
104 102 -3808
78 110 54
69 73 -326
76 140 -4472
88 82 1927
43 32 -1289
107 116 -467
3 114 1015
56 54 2896
57 85 -3616
21 17 -2367
6 77 -2017
96 112 -851
102 127 3762
25 23 2514
134 132 4739
109 127 4784
67 66 2116
32 78 290
96 93 -518
128 130 1928
79 81 -1551
59 48 5262
103 92 -2663
40 35 -942
83 78 -528
35 38 3825
10 1 1930
134 137 -309
105 123 3661
63 88 -504
117 113 910
23 88 -2624
138 149 -3783
134 140 907
97 96 1957
67 61 2521
104 132 -744
18 51 4723
28 57 -2226
62 70 -199
51 60 -2759
29 23 2484
91 99 12
89 149 807
10 9 729
14 11 -1502
109 109 28
110 108 -1467
106 110 1080
79 121 -31
116 111 -395
39 58 1441
82 80 426
149 140 -492
122 135 943
35 34 1699
102 136 -927
34 33 1280
84 82 410
114 113 -1005
138 141 -4907
84 86 577
47 138 160
89 78 1032
60 92 -210
133 143 555
34 34 43
114 106 -3846
102 93 2130
94 96 3046
3 7 994
132 128 -2967
55 50 1586
106 108 -396
50 96 1099
129 142 2193
134 130 3600
124 131 -473
74 68 -1824
75 88 79
93 120 -2223
64 147 -3380
47 57 -1788
104 122 -4715
5 141 -4151
47 58 -2802
122 142 2019
5 8 -236
9 68 -2379
34 38 2194
4 13 -528
90 115 196
130 144 -3153
104 117 -2914
6 128 -1465
53 50 -272
91 101 3798
51 58 -2086
110 116 -1370
3 4 1044
68 92 -185
89 84 731
93 99 -3747
34 32 -139
44 124 1845
78 87 236
57 52 893
2 4 -167
1 19 -5467
130 121 887
106 112 2839
22 27 -946
56 59 -2018
116 136 471
90 92 -527
78 85 -1976
107 115 1401
108 149 1296
141 147 730
139 137 -1906
23 28 3019
17 129 -1663
63 64 4025
92 97 1012
118 108 -1031
149 146 2583
124 120 -3693
100 101 2915
93 95 -2061
125 124 4810
125 142 2315
88 88 0
3 6 -290
85 83 2553
119 112 3537
100 112 2535
1 1 8
34 33 1301
28 22 -1735
59 133 3431
108 113 3308
50 45 1170
37 101 3750
119 116 394
100 97 1508
103 98 -137
123 147 -4394
2 7 -191
82 126 3779
34 38 2180
68 85 -1944
75 147 1187
24 23 1320
115 148 -2147
41 124 3220
133 128 -1711
72 61 -1754
89 77 575
112 139 -1783
91 92 1415
48 53 -1771
72 136 -3998
105 111 -1941
113 141 -3181
86 85 -2193
148 146 4029
9 7 486
12 148 -1005
38 32 -2269
147 139 645
15 17 2552
66 63 -2090
112 108 -3225
63 113 3086
61 147 -1910
11 136 -342
114 134 -4438
84 87 549
54 48 340
66 139 -905
78 82 147
126 133 -1983
62 65 1348
61 67 -2486
13 6 -771
76 76 46
25 28 5479
35 131 4897
111 111 1
11 0 184
89 88 -739
7 136 -3746
116 146 3750
121 125 -4004
53 55 -1859
96 93 -546
148 147 1046
81 83 -712
80 84 -779
26 20 -1502
90 94 -670
79 122 -3725
47 48 257
135 140 -756
12 112 2493
120 122 -743
94 104 4238
40 113 2649
10 7 1208
32 145 3872
78 118 -429
97 124 2881
91 114 4529
94 91 -1254
16 26 266
132 127 662
23 27 224
75 87 2072
130 135 -1896
69 67 -1481
11 1 4173
99 97 2418
110 107 -840
119 148 86
81 88 -3084
79 75 -4703
29 16 4880
119 119 6
67 64 3934
45 54 633
113 115 -1318
40 54 4163
73 70 -1826
75 85 -126
123 130 -1735
53 46 -2343
92 99 -1340
70 149 1729
147 139 638
47 52 -898
33 114 1730
45 47 727
133 137 -3756
20 28 1943
92 104 4119
147 142 1763
119 106 723
15 19 68
65 113 2176
30 66 -2521
67 77 761
53 55 -1832
140 148 -921
34 34 14
126 122 -4712
24 44 2230
92 143 2633
25 28 5476
112 143 563
26 20 -1494
75 116 494
82 111 -1841
35 51 4561
131 121 -227
114 144 -4026
111 110 1817
29 15 -325
47 58 -2761
2 110 -3051
100 138 4363
32 102 299
117 139 -927
22 119 -3836
99 134 34
12 9 3040
9 51 403
35 47 5204
30 30 34
134 138 5201
149 146 2581
89 89 31
139 135 93
27 17 -448
36 95 -2872
28 25 -5445
47 65 -3733
4 11 -3458
126 125 -4998
10 14 -712
36 37 -4467
35 32 1527
127 137 -5673
125 123 5002
65 68 313
78 77 -443
72 100 -3843
0 14 1417
78 147 -602
45 82 -2598
119 111 -6
14 93 1175
93 147 -2724
51 59 -4289
86 144 -1460
66 72 2250
74 71 1842
102 97 768
17 23 294
132 121 -242
72 120 -3174
135 145 3579
115 113 1390
111 113 3639
17 18 -2504
59 56 2058
134 139 1593
67 66 2097
102 93 2150
36 89 -3866
109 116 -301
101 123 1619
10 40 -2458
130 128 -1876
111 124 5411
115 114 2387
82 79 2834
120 138 3727
19 23 2812
99 98 3911
96 103 -220
112 147 -2401
50 137 -3531
31 38 1235
104 100 -4593
103 103 1
69 126 3538
121 144 -4029
58 46 -1074
100 105 924
67 74 3061
83 82 -454
143 147 -2947
144 148 -462
79 108 -4311
134 147 990
93 100 -2850
42 66 -659
83 75 -2355
105 148 -1807
128 126 3775
15 29 364
122 123 4647
90 123 3479
41 38 1652
120 147 -499
57 52 887
47 55 -3396
16 17 -2615
78 90 349
132 147 -3711
110 111 -1744
88 75 -23
50 58 -919
55 120 -82
32 41 681
72 62 -4746
39 44 2589
18 24 1546
88 82 1905
99 131 4787
50 106 -2583
41 85 -2380
114 143 -497
143 138 1251
83 81 785
4 101 -709
77 78 510
124 123 178
43 30 2411
136 149 737
57 50 -41
0 36 3349
9 16 897
13 131 777
43 44 772
78 81 1322
117 144 -2088
125 130 3186
92 101 2444
31 89 -1807
103 99 -4058
97 92 -952
140 146 3097
9 3 -470
120 122 -724
114 136 -3741
26 75 -5301
32 40 -505
30 56 -2940
11 9 2976
41 35 -2126
123 129 -4821
117 108 -2351
69 101 1878
72 132 41
35 39 1004
73 60 52
127 143 -1356
22 25 -3641
96 137 -4589
25 20 3584
51 81 -1426
52 109 -3493
67 99 -425
99 108 208
91 122 773
93 91 -3752
48 52 -1110
85 85 31
132 133 -1266
24 26 3907
94 125 -780
15 19 43
7 7 37
114 110 -2822
13 5 467
101 91 -3790
66 118 -1307
15 35 217
82 84 -355
25 31 2438
89 143 3381
65 61 1668
36 130 -878
89 132 4113
115 129 -1524
60 74 1839
68 68 28
76 88 -5527
32 66 1165
6 109 -2580
100 129 -323
10 10 41
0 58 1069
52 121 367
56 112 1312
90 133 1514
67 72 4335
82 81 1227
82 86 174
17 25 -2185
18 23 2845
81 86 -1026
78 122 -840
124 134 -5189
38 57 -409
88 117 2736
32 41 707
39 32 535
96 94 -3019
38 109 -3055
70 66 2830
89 97 1791
111 107 932
101 96 516
94 103 2825
4 146 -556
79 85 -4836
52 105 -2314
61 66 -411
18 21 4966
141 137 -549
144 138 4791
44 38 257
109 143 3379
2 11 -3633
139 146 2368
78 84 -260
124 133 -1740
64 68 -2730
48 74 -1802
78 80 522
42 41 -1147
106 111 -732
142 136 -2008
47 146 -1100
61 68 -1321
82 76 3718
113 110 -1774
39 31 1670
67 140 507
60 68 8
67 63 -27
98 138 1351
46 52 3014
7 82 -2729
22 18 -3998
130 149 -2162
6 29 -3123
85 141 626
25 21 4657
115 142 660
145 141 -4916
142 142 2
126 129 -4915
4 48 805
58 48 3034
109 119 -695
30 98 -1146
73 126 3927
87 78 -230
17 38 1437
72 91 -4693
50 101 599
32 36 3179
67 145 4789
65 69 655
20 19 -3837
90 109 -1337
131 125 -4295
81 89 -2297
72 67 -4271
20 18 -3889
148 136 738
38 131 1085
9 17 -1711
105 138 3471
131 145 503
136 136 27
15 38 4006
20 24 -2342
61 61 37
104 101 -1676
72 98 -840
109 113 2889
59 45 4306
53 79 1050
148 143 4041
144 147 584
98 94 -2576
72 69 -2765
64 72 386
40 78 835
83 85 -2523
54 48 322
49 52 -92
126 137 -5779
101 145 1458
23 120 -982
60 85 -1938
26 23 -2579
26 93 -1319
148 136 752
67 62 -421
40 38 2896
122 147 257
52 48 1173
117 105 -709
45 90 -2405
104 118 -4248
24 122 -429
6 1 2018
19 79 4840
101 99 -3767
25 99 -41
41 108 -1828
71 60 -3632
70 99 288
4 4 43
65 72 3440
122 144 -323
121 122 -3691
67 67 23
83 81 775
48 102 -3612
60 91 -1577
135 145 3545
100 91 -856
25 62 -61
102 97 760
14 11 -1536
52 58 -1863
3 124 1793
118 146 2787
136 139 953
81 78 -1283
118 105 606
7 1 741
70 73 1888
52 144 -3708
65 69 690
95 90 281
97 99 -2375
107 117 1814
59 126 5444
52 70 -4382
119 105 1946
68 64 2772
126 124 -201
147 145 4247
22 37 -3686
15 26 5420
32 120 161
97 90 -402
42 40 -2341
0 8 3004
7 91 -4469
55 55 12
96 148 -4339
120 135 197
28 26 -370
88 77 1354
124 121 -764
69 66 583
9 9 1
121 145 785
47 127 329
39 35 -934
77 88 -1266
3 11 -2430
56 78 -467
83 88 -2305
2 4 -167
97 92 -949
124 136 -4532
119 105 1908
39 37 -760
20 27 -821
20 135 -1900
101 97 -1376
1 6 -1986
53 49 777
133 146 538
106 111 -732
108 117 2374
96 97 -1894
68 73 13
67 78 1244
9 146 1
65 90 685
126 146 -1515
134 149 1393
101 92 -2400
101 141 -3498
103 92 -2649
41 35 -2121
63 66 2150
37 37 5
117 122 -1736
93 95 -2073
132 122 -3921
3 53 50
6 96 1105
19 20 3888
107 126 4734
61 142 -158
132 139 -3105
44 76 2013
3 24 -2236
45 96 -32
125 147 545
4 87 -2650
130 138 1639
147 141 -701
117 148 -2538
99 140 948
53 54 1498
121 121 49
78 82 120
74 105 -1627
126 130 -1825
43 39 -1842
85 84 1723
7 7 13
139 139 35
15 28 5844
67 123 5010
91 101 3797
21 17 -2410
41 32 -619
80 138 3114
103 97 -1660
100 90 1063
57 48 2050
95 91 -1629
54 45 -584
18 29 376
61 71 2373
86 79 2671
13 2 734
122 130 2902
94 91 -1244
87 98 2073
116 112 3164
71 149 -3854
135 141 -1377
1 3 -1688
100 102 765
87 88 -2008
93 99 -3708
130 127 1785
42 31 -699
9 5 489
119 117 2700
100 116 -584
57 57 6
62 70 -226
27 23 -199
91 114 4519
52 113 -645
83 149 -772
106 106 46
39 94 430
148 146 4027
14 148 -2630
67 72 4325
66 60 -869
43 84 -1320
108 110 1505
64 74 -891
148 146 4003
29 28 5496
86 87 17
24 15 -1476
96 96 24
35 33 2968
65 64 3096
81 135 -1232
39 128 892
83 81 781
10 11 -2239
22 134 -3680
112 115 -1258
96 98 -394
125 140 464
115 108 -1923
100 95 791
59 49 4180
134 129 563
7 12 -3476
17 28 3266
110 142 1120
62 65 1336
98 91 -3852
143 139 -2346
89 77 541
39 36 3691
144 136 274
141 142 2475
4 8 -288
60 65 -264
0 11 -135
70 137 -15
7 9 -481
50 49 1051
94 94 44
97 102 -681
44 137 -3747
87 83 345
13 5 500
9 6 -785
142 141 -2469
5 133 -995
103 95 -2393
126 134 -5415
107 113 2737
110 113 1853
2 4 -131
149 145 3830
85 84 1714
16 19 -5136
28 29 -5457
133 124 1794
1 5 -707
103 110 -2405
71 77 -4106
30 138 156
80 76 3265
67 64 3979
57 130 401
33 39 -1911
85 102 2034
27 27 17
100 95 821
93 145 1470
110 108 -1472
57 47 1850
48 124 -28
62 65 1333
13 10 -657
32 32 37
49 57 -953
132 146 -732
132 131 39
6 12 -2195
93 104 1777
70 104 5770
42 30 1926
82 77 -546
109 105 1194
62 146 4018
37 43 2700
47 106 -4465
1 1 8
118 141 -937
134 133 3429
104 92 -4093
64 72 373
52 58 -1838
71 138 -42
5 12 -3484
77 80 1008
76 97 -3017
70 61 3230
116 108 -50
86 125 -1418
73 92 -173
62 146 3998
132 143 -750
110 118 -396
108 120 1372
64 134 -4331
29 146 3926
0 9 2815
85 123 5788
55 67 -1174
28 15 -5800
144 145 4809
65 60 324
83 82 -417
87 141 -1564
38 31 -1191
126 129 -4919
28 24 -4284
6 13 823
69 73 -325
51 58 -2116
148 138 5273
25 93 3713
91 93 3770
67 60 1232
26 143 -1118
130 133 -128
19 109 919
50 57 54
29 23 2530
22 17 -1472
145 149 -3784
110 117 949
24 23 1335
29 98 3872
90 131 2835
29 98 3853
122 120 790
35 138 5365
135 136 -958
103 112 -653
105 127 3616
144 136 280
112 107 -2634
139 144 -1145
126 144 -5045
49 56 -2102
108 112 3279
58 80 -108
92 128 382
49 84 -2875
41 30 3049
114 136 -3753
24 110 467
104 94 -4190
142 145 2488
16 22 -1091
43 34 -1133
61 64 1473
106 115 1534
114 110 -2802
40 30 4305
51 57 -1075
38 148 -3713
23 72 2256
140 142 1873
64 70 -4587
70 93 4027
15 114 4825
117 122 -1747
120 121 3002
13 11 -2887
2 116 -4444
105 131 2970
35 83 2365
22 19 -4008
116 148 -293
142 142 45
5 60 -2806
41 36 2526
102 95 52
96 94 -3022
45 55 -2703
3 10 -178
114 106 -3849
105 117 773
99 103 4095
47 45 -711
101 110 -2138
68 71 3724
125 129 152
21 132 94
14 109 -1964
149 146 2573
118 110 438
36 34 -2958
8 10 -841
47 54 -91
50 83 -984
21 111 -4790
142 137 -3034
145 145 20
124 148 -5248
20 59 -3501
25 24 1212
79 81 -1548
138 149 -3751
122 126 4731
47 45 -697
134 126 5488
83 105 -393
87 78 -209
69 70 -2207
2 22 -927
74 73 -1847
116 116 2
72 123 681
115 127 3288
64 100 -3441
93 101 57
99 91 37
67 72 4308
139 148 -1639
111 145 5421
2 12 -3700
89 77 535
8 2 560
40 70 -1064
23 124 2756
90 97 474
66 67 -2052
8 0 -2938
109 128 1154
15 22 4087
13 8 209
134 121 4450
65 133 2171
130 120 -2075
7 9 -444
32 32 3
15 93 4061
86 126 3623
89 79 3893
10 3 198
64 76 1052
4 36 21
128 127 3655
114 119 -4577
138 137 -5516
11 17 1198
91 113 3498
97 90 -414
71 62 -5276
43 40 -1843
36 103 -458
33 33 50
42 137 -3510
126 145 -218
129 149 916
14 10 723
87 127 3529
5 11 -3350
135 140 -761
26 26 43
103 101 -259
70 66 2805
128 130 1903
21 53 -1139
3 11 -2434
99 102 1659
1 127 196
28 112 -2094
22 21 975
7 99 -4452
37 41 2018
105 108 -1572
41 39 -1132
117 108 -2366
23 16 2377
123 122 -4617
12 10 2368
72 99 -4725
101 100 -2869
3 93 281
82 107 -940
109 116 -336
54 88 -5091
28 24 -4287
143 144 -3520
1 96 -890
86 83 320
43 37 -2609
133 126 2038
107 142 2021
30 44 -1614
3 4 1042
37 30 5033
90 146 2044
102 111 -1794
105 111 -1932
70 121 4774
69 137 -2236
73 72 3147
5 59 -4363
57 106 -2661
84 79 3192
108 110 1488
75 85 -125
45 134 -4307
107 117 1835
43 47 2404
43 33 127
60 67 -1154
1 13 -1190
42 136 -2491
117 129 -1991
112 109 -2767
55 52 2534
42 44 284
8 123 1261
109 117 1963
40 114 3698
47 56 -2932
64 111 -4498
56 114 2370
64 71 973
144 146 3575
54 50 -1709
112 112 29
16 71 438
92 91 -1364
4 8 -330
21 32 -3273
26 25 -5021
144 149 1036
43 37 -2648
82 88 -1848
128 145 3533
50 75 -3370
45 59 -4265
112 115 -1261
93 97 -1336
43 41 -642
59 113 3420
38 43 -970
129 123 4906
117 135 -848
61 73 -1295
63 77 813
111 118 1381
70 66 2801
2 132 30
11 3 2438
11 130 2578
13 27 -1201
102 95 42
91 99 43
124 143 -1230
56 56 27
13 19 -4224
92 91 -1366
123 127 -4
59 53 3458
3 86 -1572
3 148 -3504
126 148 -5498
43 41 -629
94 101 2546
144 146 3579
96 113 -822
4 83 -2299
83 88 -2335
65 65 29
11 58 1255
46 53 2379
53 48 1835
136 142 2066
122 133 2740
10 66 -791
103 110 -2383
49 129 -3673
49 50 -1019
72 65 -3398
46 119 -1216
54 47 122
76 84 -4055
95 106 -1043
40 31 1694
89 88 -760
85 76 5775
41 136 -1313
38 31 -1185
47 55 -3427
33 41 -721
117 117 41
46 122 -376
50 56 -1048
136 142 2069
108 106 433
46 48 4177
50 120 -1682
42 77 -2004
130 130 29
90 103 2156
26 96 -782
123 128 -3637
146 135 -2268
99 129 551
91 100 907
19 28 5792
31 38 1229
118 109 -581
72 111 -4853
89 92 795
99 120 1556
49 103 -123
130 120 -2100
98 112 -467
93 100 -2860
40 42 2402
8 0 -2942
122 131 4000
77 75 -1355
26 49 -847
85 87 2233
9 3 -460
83 86 -301
103 122 -3270
40 30 4303
84 80 863
67 134 -369
99 112 3416
84 132 3415
9 1 1210
104 141 -5210
1 89 -4547
53 49 736
103 93 -263
62 125 480
64 80 -2214
114 111 -4593
142 137 -3023
119 135 1831
11 10 2273
39 104 4643
108 112 3282
72 65 -3389
71 70 -5540
99 128 1745
121 133 -978
23 116 -2247
121 134 -4429
64 66 -1849
60 61 1361
55 53 1865
12 6 2231
138 145 12
15 66 2848
96 145 964
146 137 -4264
70 71 5595
126 134 -5450
78 129 -1057
88 142 2931
28 29 -5454
75 79 4758
26 123 303
60 138 3620
102 120 -103
3 11 -2421
81 147 -1919
66 141 -2251
122 136 -25
116 111 -379
145 147 -4191
43 36 1878
34 117 1042
3 12 -2511
58 95 -561
26 26 32
44 44 4
100 94 384
16 38 -1173
53 113 -4
52 53 -619
50 133 275
113 119 -3523
13 12 -2990
38 141 -3378
8 101 -375
64 71 929
35 46 1321
81 76 2478
40 32 600
129 145 4713
86 119 -1974
100 148 -903
53 50 -237
65 62 -1308
111 148 152
109 110 1082
46 127 4264
26 18 -5364
68 66 925
17 24 -997
97 113 1099
11 5 3410
145 147 -4192
39 42 2381
115 115 12
0 13 2777
91 116 267
121 141 -4204
118 111 -1330
120 129 -957
10 28 2202
75 84 1535
18 87 2184
94 102 391
95 104 3866
90 91 -1913
30 33 -2239
10 11 -2237
106 147 410
145 141 -4933
55 45 2726
110 111 -1786
76 83 -3164
85 85 49
7 55 -2812
82 115 389
128 134 -1645
110 120 -114
31 134 -2411
60 63 -1227
8 9 -181
17 17 21
127 131 -612
30 35 -5171
45 111 -4484
47 49 -815
0 0 9
125 149 973
96 91 -4278
90 149 -528
41 32 -608
65 61 1638
19 82 2060
66 69 -557
75 114 4728
49 49 13
124 128 -3476
2 145 553
68 70 -1850
15 125 789
44 121 1030
127 133 -1882
122 132 3981
22 94 -2430
27 21 1958
78 114 2883
25 16 4854
63 132 4367
97 107 -1609
92 92 39
124 140 -4305
8 91 -4156
9 10 -647
46 97 1233
119 137 -189
63 74 3073
26 17 -2817
42 37 -3125
79 79 11
116 149 1197
119 113 3585
86 113 1573
99 141 291
4 45 -134
5 1 784
70 68 1879
52 45 246
34 43 1214
50 48 2121
38 43 -973
75 76 5634
34 96 2781
31 42 767
60 100 -723
21 17 -2367
51 128 -2619
1 2 -436
1 14 -2544
37 34 1535
58 149 -840
34 34 26
131 147 -3755
77 82 576
135 136 -960
11 3 2457
144 142 2356
6 5 1303
104 96 -1157
12 12 34
75 89 877
113 115 -1305
47 49 -826
1 10 -1832
104 93 -1722
65 70 -1563
97 97 17
126 133 -2024
98 92 -2464
32 31 1122
20 19 -3871
15 17 2589
26 81 -2159
62 68 1648
40 30 4269
63 149 1070
110 113 1854
87 119 -1936
42 30 1925
83 103 1882
86 76 3534
107 111 -868
66 67 -2037
114 129 -3917
2 10 -1349
15 132 5059
105 110 -136
11 11 20
124 133 -1755
17 17 26
46 81 1799
11 5 3439
128 131 3048
102 103 2451
56 83 116
149 138 3831
81 85 -3248
43 43 2
101 108 -3627
71 68 -3673
117 106 -1914
91 95 1686
88 112 3610
16 28 639
78 83 606
80 79 2415
56 52 2053
123 120 -3878
104 102 -3818
17 104 3245
55 102 12
16 60 -3243
12 13 3037
3 11 -2399
111 111 21
40 56 1334
81 111 -3055
46 50 2096
138 143 -1202
95 134 -1582
125 121 4069
83 82 -416
113 116 -3152
85 82 2128
99 101 3821
44 43 -714
7 4 56
118 145 4029
22 15 -4002
140 144 -455
12 6 2245
51 46 -3200
79 88 -4646
89 87 1237
101 108 -3610
149 142 1335
22 25 -3657
144 149 992
95 91 -1638
89 81 2339
40 43 1920
86 123 3545
12 4 3594
86 89 -1230
26 18 -5401
6 1 2026
77 84 170
136 139 940
57 111 -3380
24 38 2469
103 101 -229
10 10 3
112 115 -1276
96 120 -2775
53 106 -2906
98 96 422
91 103 4066
72 118 -3513
60 65 -276
36 109 -3897
38 35 -3771
107 113 2702
127 137 -5637
86 81 1074
115 125 -1629
97 94 -1067
9 46 -2841
60 68 3
27 108 -2542
54 46 -3788
9 4 545
119 116 381
59 50 3150
135 139 -69
121 122 -3657
7 78 -2813
54 46 -3812
10 7 1178
83 79 2343
64 147 -3387
117 109 -1897
134 134 46
27 67 -2300
82 77 -540
59 83 2130
18 112 3715
16 18 -5143
26 18 -5397
47 50 -1856
54 58 -2687
50 86 -1321
117 117 46
122 131 4019
125 125 50
63 66 2157
34 31 959
16 22 -1098
8 12 -3183
107 148 -785
109 110 1072
129 133 2934
39 42 2371
1 5 -705
104 102 -3805
16 16 49
110 114 2866
125 128 1316
80 94 -855
66 86 -617
100 112 2545
39 35 -948
135 149 -235
116 134 -201
81 122 -2130
83 89 -1557
31 32 -1057
18 26 5448
96 102 -2614
74 75 -3623
110 113 1835
16 19 -5150
8 10 -864
132 147 -3713
0 12 -218
28 115 -3364
15 19 63
50 71 2095
124 123 170
52 53 -635
115 119 -2204
78 80 560
22 15 -3992
44 137 -3726
43 77 -1502
17 142 488
90 94 -681
110 127 3751
125 128 1306
40 31 1702
76 82 -3664
27 19 -3025
16 17 -2580
38 37 -3618
61 72 1827
5 2 292
111 114 4675
146 143 23
109 120 911
141 135 1421
55 108 -1434
23 29 -2443
143 141 -3681
102 94 -337
92 106 -781
7 110 -2809
110 126 3864
125 136 283
125 130 3190
18 25 381
63 104 5120
61 96 1404
101 104 1742
54 51 -571
28 26 -360
49 49 23
137 141 618
29 21 4643
116 144 199
4 11 -3422
105 117 788
127 133 -1874
89 101 3209
136 141 -382
49 122 -3445
137 143 4311
23 131 2250
133 133 10
46 54 3851
148 146 4026
131 121 -243
103 91 -4030
115 118 -883
114 107 -3679
11 9 2983
138 137 -5516
28 23 -2972
136 137 -984
52 53 -634
111 110 1826
84 79 3235
12 3 2544
126 147 -4502
74 67 -2998
67 62 -434
9 5 479
147 140 -67
82 137 -2013
115 105 -292
149 137 -1701
122 141 -457
49 53 -702
103 136 -3362
8 42 -983
98 134 -3817
53 59 -3396
2 8 -507
52 117 -1559
102 124 3647
96 120 -2745
98 123 1564
41 30 3055
49 63 -3844
112 117 -854
23 22 1266
133 129 -2874
81 80 -774
47 129 -4526
141 143 3744
58 47 2835
26 101 -1271
78 104 3880
110 131 3113
36 59 -4424
119 113 3591
21 16 253
120 133 1973
128 122 -943
144 136 307
3 73 -1875
23 45 1868
95 100 -750
98 143 132
107 143 3221
36 56 -2410
38 55 -2007
146 140 -3044
6 20 447
113 118 -2212
16 17 -2611
91 149 1427
5 11 -3367
41 100 -1145
19 15 -11
115 122 -1319
22 20 -92
17 18 -2508
52 97 -1738
107 107 35
22 36 815
104 102 -3835
144 149 1016
104 110 -3836
125 127 4932
92 98 2520
52 50 -894
46 46 20
35 37 217
65 77 -118
77 82 585
124 146 -1268
72 68 -3081
129 138 4673
128 125 -1236
47 54 -87
37 63 355
42 58 -924
37 38 3636
116 126 5235
35 75 -35
147 140 -23
66 69 -511
115 112 1355
84 93 2464
68 149 -139
134 128 1741
69 70 -2202
3 4 1071
85 136 1082
13 12 -3012
98 142 -1110
11 5 3410
87 82 -96
88 84 1525
31 43 265
114 117 -1912
4 51 -92
85 83 2554
64 78 -2723
148 138 5279
116 142 2506
57 46 -2118
130 136 -2885
103 111 -4178
71 67 -4829
119 106 747
133 127 1959
133 141 -3186
77 86 758
123 124 -124
145 146 -1261
8 6 -959
54 56 -2826
140 148 -921
32 40 -533
143 146 -2
125 120 1110
121 129 -3896
21 15 -4917
76 123 19
57 49 976
101 91 -3793
64 61 -1409
121 144 -4027
106 116 -312
98 93 -126
133 126 2071
48 57 -2014
30 39 -4205
57 49 1005
146 137 -4260
62 74 3488
116 109 369
109 147 418
128 137 -2027
116 120 1299
121 126 1040
95 129 -1081
59 47 5052
71 142 -2531
128 149 -261
109 137 -876
134 127 5376
118 135 529
38 114 810
10 134 -3265
114 109 -3854
33 43 -76
25 33 2748
135 147 -679
60 119 -1739
126 129 -4922
76 89 -4740
92 130 2274
26 20 -1488
25 18 -317
8 1 1046
124 146 -1266
38 124 1597
21 17 -2386
3 66 -956
62 101 3825
35 42 3324
74 72 1313
23 18 -2780
129 138 4670
53 51 920
118 115 917
64 68 -2757
99 90 1982
72 72 23
110 111 -1785
95 126 3848
100 102 794
82 84 -369
100 95 815
1 14 -2564
115 114 2394
74 124 1826
57 83 -1020
53 59 -3416
24 24 45
76 75 -5590
109 118 629
20 19 -3836
44 132 1293
65 74 2195
10 1 1883
40 147 194
28 147 -4501
23 28 3003
10 122 -2498
59 84 1282
100 103 3201
91 96 4337
70 115 2398
64 74 -865
73 147 -598
149 140 -504
70 100 1176
26 136 -4380
22 18 -4027
55 52 2534
42 42 46
82 85 -2074
20 16 1315
71 63 -4875
1 147 -4176
43 30 2414
32 33 1417
95 99 -1660
125 149 981
63 69 1592
51 56 -2225
92 96 2944
93 129 -3163
71 65 -3962
63 103 3711
130 139 -1992
127 136 -4651
36 44 -1092
123 129 -4820
3 125 -3027
123 125 -4956
12 2 3753
145 146 -1241
53 57 -210
54 148 -5003
53 76 1922
118 146 2768
51 86 -2463
106 127 4826
100 99 -883
34 30 3553
15 135 2022
121 144 -4039
95 104 3840
61 72 1835
122 145 4504
19 75 127
18 61 3280
6 4 1345
133 146 547
82 79 2791
48 53 -1770
93 97 -1364
139 148 -1616
59 54 4945
103 95 -2381
109 108 -432
14 7 1918
6 48 2136
95 103 2439
90 90 6
7 44 -1025
117 116 -2270
115 117 473
66 67 -2061
111 134 187
33 130 880
91 96 4344
35 113 3621
115 145 3159
60 122 -853
66 91 -2488
78 76 3804
21 97 -2251
145 147 -4220
75 88 85
60 119 -1697
141 141 32
63 65 933
94 90 712
83 75 -2375
45 45 13
122 131 3980
36 39 -3661
65 61 1659
89 85 -937
68 60 36
79 104 992
12 96 3344
30 31 -2601
130 126 1869
86 98 2037
47 53 -1536
64 73 -2765
111 110 1817
91 142 2768
54 52 -817
1 88 -5319
106 119 -656
96 95 -2622
73 63 -1173
43 41 -637
61 73 -1296
22 27 -963
40 74 2661
75 94 1467
123 148 -5434
109 133 2872
127 127 44
122 133 2738
86 85 -2198
145 137 -5506
54 47 111
1 45 -802
115 146 1852
90 149 -485
74 64 929
38 103 387
42 67 -2711
45 102 -2692
53 136 -2796
89 80 1542
127 145 -98
107 136 -28
34 31 947
13 12 -3016
86 144 -1429
59 93 3722
2 140 -3788
68 60 53
129 123 4893
70 68 1880
2 1 496
61 80 -772
69 114 2557
65 81 1628
117 144 -2108
10 10 17
16 27 -2090
113 109 -2817
118 109 -557
113 116 -3144
84 78 334
77 81 1785
42 82 -1459
55 50 1616
118 126 4291
66 70 -2773
23 99 -2483
78 76 3820
10 12 -2331
85 85 20
78 86 287
33 69 -795
125 133 3019
4 2 227
114 107 -3700
127 121 -885
84 79 3206
92 127 4033
99 93 3795
116 132 4513
119 114 4610
77 79 3376
0 4 3308
27 25 -2688
5 12 -3488
35 30 5211
12 33 1844
1 4 -654
118 109 -598
59 67 389
94 149 179
90 97 458
75 134 261
69 66 597
101 146 203
87 148 -1906
61 83 -704
38 33 -837
129 146 3459
69 68 -310
32 100 -451
145 147 -4195
4 7 -39
78 131 3149
127 144 -4923
134 135 1677
126 121 -974
108 147 820
68 112 1822
53 49 770
49 46 -3075
102 134 -1606
136 146 3298
83 148 -2241
113 109 -2817
101 97 -1404
8 135 -2499
16 21 -205
129 129 32
17 123 3203
54 52 -801
87 124 3398
109 148 -614
80 148 -2169
149 135 300
132 132 47
116 116 35
31 39 -1602
64 61 -1426
146 141 -3674
102 106 -1049
127 131 -612
50 51 1196
32 74 2117
74 65 -2106
52 45 239
109 110 1049
101 98 100
123 144 -4953
129 124 4707
94 90 695
117 130 1098
131 130 -1102
41 37 -1982
59 48 5235
129 147 448
39 116 -585
82 126 3764
109 145 4623
40 87 1089
27 35 -2861
24 17 1048
60 73 17
88 89 789
36 128 -2794
129 144 -73
109 111 -720
92 95 307
67 64 3939
117 114 1941
87 76 3558
119 123 5532
64 63 -3950
26 54 -102
80 121 2350
40 39 70
53 45 886
65 131 3477
61 145 2319
51 46 -3229
86 84 -553
18 111 191
4 91 -4490
14 12 -1628
9 6 -795
38 39 -2783
97 90 -411
49 52 -76
14 4 1953
33 124 2486
88 75 -25
60 60 2
89 104 4908
3 3 50
82 86 189
54 130 -1321
79 75 -4686
131 120 -3229
88 83 2366
27 23 -177
104 128 -3732
18 99 331
51 56 -2219
108 110 1488
17 29 -2176
32 43 1355
106 139 1042
91 111 -108
90 99 -1907
114 110 -2812
61 128 -1166
138 135 -3488
49 50 -1009
33 34 -1231
78 126 3881
77 77 8
39 44 2590
21 21 14
42 48 2144
106 145 4664
36 58 -2265
56 59 -2024
58 130 1378
1 11 -4099
112 115 -1264
35 30 5244
14 1 2630
48 137 -5564
104 90 -3518
65 149 152
102 119 -1758
42 147 -2165
74 60 -1813
86 96 2451
113 118 -2211
86 148 -1890
65 71 4005
148 138 5301
115 108 -1911
65 69 696
116 109 362
77 80 1005
132 131 44
45 90 -2409
81 138 2282
108 111 -281
85 115 2500
137 136 1040
71 68 -3676
33 109 -2164
90 91 -1937
51 91 -4390
91 97 2393
78 88 -1760
134 140 896
110 105 160
94 147 -267
78 130 2033
42 99 -3183
29 20 3575
52 45 232
120 144 -1056
92 99 -1337
67 62 -453
16 22 -1089
132 128 -2979
107 112 2678
76 87 -3538
50 96 1095
122 121 3754
101 94 -2497
84 75 -1508
72 135 -3038
11 14 1555
50 57 65
5 62 -4446
30 101 -1262
42 54 1813
6 4 1345
77 131 3622
124 126 254
84 143 2645
4 3 -1029
110 119 -1748
61 61 25
42 37 -3143
61 147 -1943
36 41 -2503
121 126 1053
131 126 757
129 122 228
5 2 294
18 28 5828
76 113 -1934
99 147 1008
116 145 4981
113 109 -2794
25 130 3612
57 105 -1466
55 56 534
124 143 -1252
55 53 1871
62 65 1369
20 15 -3866
43 37 -2611
73 65 -283
88 98 4040
87 85 -2172
24 23 1305
53 48 1839
27 33 67
12 93 2821
129 123 4884
63 69 1604
9 97 -1575
57 45 1118
82 107 -950
25 18 -346
6 0 -1930
111 134 194
43 40 -1866
94 93 2508
45 55 -2699
116 108 -77
81 136 -2235
40 127 4566
32 34 190
21 122 -3880
1 72 -439
8 1 1052
119 115 2255
76 81 -2431
71 127 77
85 84 1719
110 109 -1032
111 111 20
53 125 -3038
113 129 -2890
43 39 -1831
84 110 323
32 30 3703
124 127 169
4 59 -4416
144 148 -428
5 108 -4270
36 31 -2056
146 144 -3485
52 49 125
9 6 -780
68 94 -328
145 146 -1239
49 73 -2601
37 33 2795
35 42 3353
116 116 4
14 2 2147
24 111 -1345
79 79 8
96 142 -1516
138 149 -3793
58 141 -1955
12 14 1681
85 83 2586
102 104 3887
8 7 310
140 139 714
1 44 -1710
120 128 215
92 95 294
130 135 -1924
93 94 -2460
8 6 -967
28 149 -4052
134 131 4717
85 83 2578
84 81 1617
38 42 -465
84 105 469
108 115 1980
119 121 4620
108 136 555
90 101 1881
132 127 654
2 6 -1473
62 71 5342
127 147 -4341
47 92 -3663
125 131 4334
124 122 -4466
32 32 20
32 35 -1462
18 60 1928
123 120 -3870
80 99 -2100
108 115 1964
118 115 913
78 115 506
85 81 3299
21 117 -2097
54 51 -546
107 145 4507
108 149 1293
97 99 -2353
62 62 13
94 101 2569
27 124 2512
124 127 130
40 147 168
34 35 -1630
42 42 43
98 95 -2184
106 149 878
108 107 596
132 127 636
97 120 -828
77 88 -1294
35 32 1537
102 99 -1601
19 142 3031
147 148 -994
51 53 -840
148 137 -222
9 25 -3938
43 30 2412
39 35 -939
127 131 -604
110 113 1809
17 18 -2553
4 11 -3430
56 58 150
109 138 4634
43 42 529
36 44 -1049
106 133 2897
77 79 3383
113 113 16
20 123 1812
3 6 -281
94 96 3046
143 148 -4010
12 6 2259
5 131 333
136 139 918
104 102 -3844
7 13 -484
64 64 27
91 128 1767
132 143 -755
74 67 -3005
52 57 -837
53 98 432
117 147 -1509
85 147 1347
65 73 323
48 53 -1757
92 98 2534
7 20 -837
95 138 3567
77 75 -1356
95 98 2247
24 115 901
14 104 2930
106 119 -689
7 11 -3419
27 29 -2659
11 70 -1279
12 9 3044
104 93 -1695
82 139 -83
116 130 3391
10 104 2188
118 139 418
99 103 4067
49 53 -733
148 136 753
77 125 -699
144 142 2345
110 124 3626
78 81 1356
123 133 -1950
83 75 -2364
108 132 4606
103 103 22
51 52 -230
76 77 -4234
123 131 -625
40 33 2010
1 21 -517
128 140 -770
8 8 50
110 107 -869
97 90 -391
43 87 -819
56 51 2280
26 92 -3700
141 142 2505
88 80 2318
86 119 -1977
25 25 14
25 27 2734
63 74 3085
106 113 2883
127 132 -590
127 135 -3673
75 97 2623
8 6 -953
112 110 -1748
37 34 1503
102 137 -1958
47 108 -4896
101 141 -3496
119 146 4100
91 101 3799
105 149 -361
100 98 3050
0 9 2778
25 67 401
10 4 1246
5 5 0
66 80 -358
15 16 5200
27 67 -2279
48 132 -546
65 73 300
108 109 452
54 48 341
50 80 -1035
116 107 532
74 66 -892
116 105 1581
32 41 668
107 105 1042
86 86 19
125 125 47
115 134 -2057
128 145 3504
50 47 1887
6 137 -3485
95 147 -679
90 97 470
107 133 2739
99 104 5512
68 121 2889
14 147 -1612
79 96 -176
132 133 -1251
33 35 -2895
29 115 2108
1 9 -1171
119 116 415
62 124 5270
54 111 -5083
102 131 3134
65 71 3988
107 115 1361
47 121 -561
120 148 -1529
56 54 2873
20 15 -3865
6 74 290
126 134 -5434
123 140 -4487
29 16 4882
19 116 562
4 27 -1757
87 82 -116
100 126 4622
73 106 -974
125 120 1067
120 147 -520
36 82 -2761
125 135 1265
39 128 889
112 144 -2940
117 107 -1745
74 109 -2838
63 103 3719
148 137 -271
121 146 -487
82 83 471
85 76 5781
134 133 3451
128 138 3498
126 121 -1000
64 68 -2727
88 78 1792
105 118 -546
3 0 -2255
70 67 738
110 127 3762
19 133 3755
42 43 -477
59 59 47
115 148 -2134
35 117 2683
4 10 -1173
146 142 -1200
57 56 -1118
57 45 1118
49 58 -1962
66 67 -2058
46 77 31
144 141 -123
124 148 -5241
131 121 -243
110 127 3732
107 143 3235
9 4 527
113 109 -2794
127 134 -5282
148 145 5296
1 47 -114
89 77 538
118 121 3270
64 76 1072
41 102 -344
65 73 307
54 48 349
0 6 1997
100 110 791
60 64 2777
100 101 2958
13 3 -453
113 129 -2896
65 61 1639
32 41 669
29 27 2724
18 23 2826
95 104 3840
105 105 16
101 102 -2114
147 142 1762
29 18 -307
60 72 3144
94 127 4150
129 125 -90
115 149 -646
82 78 -56
98 141 -3616
46 143 2855
88 75 -29
121 146 -467
45 80 -2174
137 135 2040
84 82 414
120 138 3737
79 85 -4857
109 106 -11
33 40 -1938
115 146 1895
135 139 -52
58 139 -645
82 134 -1685
34 84 -184
38 45 676
23 75 -2701
52 95 -2472
46 85 -1491
50 49 1030
82 136 -1012
18 23 2848
37 35 -139
3 3 36
36 49 -297
13 0 -2734
35 41 2181
10 7 1208
125 127 4942
17 21 2449
37 37 28
70 66 2830
123 139 -3782
47 62 -5051
36 65 -3226
128 121 2763
41 36 2535
13 13 0
114 117 -1926
25 23 2485
82 79 2807
1 10 -1834
86 83 320
10 4 1256
61 114 1585
6 5 1272
28 16 -612
49 92 -2817
130 133 -131
102 104 3892
26 28 412
106 112 2855
86 84 -539
42 52 952
16 23 -2335
11 144 -632
100 147 124
86 88 -2017
91 90 1951
46 58 1142
22 16 1169
13 11 -2908
149 149 14
106 105 1219
101 100 -2899
23 21 2172
43 102 -1016
102 103 2466
36 36 42
131 130 -1095
29 17 2232
52 143 -162
80 142 613
105 107 -1020
116 106 356
27 23 -175
148 149 1464
59 113 3382
112 117 -860
17 18 -2548
66 80 -367
69 74 1516
41 69 -49
61 121 1566
108 119 -286
101 131 998
127 120 -3831
57 54 1725
40 42 2373
6 1 2045
40 40 6
13 93 -233
131 132 1
59 57 3226
38 35 -3775
48 46 -4144
76 76 27
21 58 -2380
83 81 743
121 136 -3768
38 105 -1892
23 25 -2422
25 20 3579
51 56 -2225
12 5 3516
122 144 -325
75 121 4701
18 27 3056
108 105 1629
146 146 49
133 131 1302
49 48 1082
12 63 -563
30 72 -336
28 19 -5788
45 48 941
123 124 -161
144 143 3586
127 135 -3674
97 139 -745
43 33 100
15 120 1845
34 92 -147
57 123 2166
93 91 -3749
85 79 4881
39 33 1965
90 100 -1038
5 0 -3208
21 15 -4920
78 84 -248
2 117 -2144
86 149 -463
85 84 1727
112 117 -823
17 108 -2065
141 149 1165
141 139 1350
121 142 -1695
121 145 765
90 100 -1043
36 44 -1059
122 134 -725
58 55 -598
60 117 927
31 147 -1468
25 19 -312
24 136 -481
69 101 1883
1 7 -695
0 89 -551
32 41 663
15 25 357
69 128 -229
138 144 -4755
4 10 -1197
121 123 955
43 40 -1833
71 64 -916
50 45 1166
34 133 1958
105 147 -779
102 124 3647
43 33 109
94 95 452
41 36 2543
84 87 569
69 66 572
35 30 5237
51 56 -2258
122 123 4689
108 130 3489
33 78 -1151
117 114 1951
80 78 -487
30 37 -5017
42 39 -2289
115 122 -1308
149 145 3847
108 112 3278
96 135 -2605
86 127 3500
101 90 -1834
99 101 3818
41 33 800
126 136 -4781
92 132 3360
137 144 751
85 106 961
21 29 -4608
49 127 1147
137 148 290
26 92 -3694
70 63 655
30 30 36
104 99 -5450
41 40 -1209
21 28 848
94 93 2514
23 20 1107
81 113 547
127 129 -4791
8 7 330
117 108 -2325
92 98 2526
30 145 161
97 144 -1902
90 131 2836
66 128 -746
38 43 -961
47 67 -4598
121 125 -3990
21 141 -4359
117 112 912
65 67 -824
16 76 577
140 145 4314
147 145 4264
65 60 316
95 137 -1953
63 103 3694
75 94 1484
39 123 4571
105 111 -1916
21 19 -4907
34 30 3571
145 143 -1226
9 70 -4236
143 139 -2323
43 36 1865
69 66 584
35 115 2260
55 56 518
76 83 -3159
82 87 173
86 143 2119
8 128 -2458
127 147 -4351
25 25 0
69 72 2783
124 128 -3511
7 81 -1520
43 34 -1158
58 45 2125
63 67 79
33 126 2702
131 133 -1280
133 131 1311
36 101 -737
1 148 -5224
92 103 2700
135 149 -236
83 76 3232
121 141 -4172
53 51 907
132 129 -4138
22 131 1009
102 95 64
125 132 4287
41 38 -10000
38 41 3100
40 33 -10000
33 40 7202
104 94 -10000
94 104 5501
96 95 -10000
95 96 9596
143 144
64 35
16 73
112 11
123 106
81 18
12 57
75 71
62 22
33 75
124 68
57 98
48 113
102 41
137 143
72 114
29 139
69 20
133 89
1 92
34 70
134 74
147 23
38 60
77 77
97 31
124 2
89 114
57 19
35 64
35 114
37 30
130 83
90 86
52 70
39 64
25 111
22 121
98 117
149 55
8 44
89 37
8 0
110 23
113 113
84 86
146 87
135 93
16 78
122 5
5 2
80 63
61 40
21 146
4 105
21 90
86 110
62 21
107 8
51 87
37 130
121 28
62 116
18 133
56 149
107 0
42 74
76 119
82 147
27 49
21 55
57 13
116 30
85 87
52 77
131 141
58 28
144 45
15 93
141 100
45 38
40 67
6 70
65 49
16 94
7 14
142 114
118 146
23 94
19 37
19 25
100 23
143 63
38 35
103 14
38 50
59 111
0 57
46 25
81 87
71 20
82 62
131 82
144 134
127 70
104 6
2 5
104 5
138 30
27 37
128 20
121 39
108 127
117 39
136 128
16 115
66 110
20 29
86 25
119 121
37 145
130 46
145 99
140 27
13 144
108 4
50 104
96 93
71 96
141 37
63 30
5 42
74 72
122 18
33 115
146 121
59 125
146 101
131 20
97 80
54 79
89 19
126 106
146 148
85 4
146 139
19 114
133 18
7 17
46 10
13 26
43 135
85 17
79 16
50 130
62 90
58 63
25 5
9 81
98 41
136 4
89 92
99 101
139 130
14 98
5 136
67 1
84 130
5 47
65 116
66 131
38 1
76 61
38 104
114 104
36 42
102 113
99 98
132 9
101 32
60 120
110 89
54 146
110 135
133 6
69 80
113 102
97 149
17 22
42 9
25 56
86 6
1 139
48 83
129 43
91 8
115 80
118 138
84 19
7 84
53 100
47 148
122 128
46 39
50 61
58 26
86 107
34 123
113 65
65 39
66 97
36 127
26 5
113 134
137 147
103 37
40 32
54 83
145 13
130 63
121 8
35 18
9 30
106 70
24 142
90 90
116 131
20 126
142 73
66 112
68 98
128 108
41 106
23 44
120 90
57 49
49 123
62 19
104 145
97 137
135 91
42 111
25 94
104 77
30 140
80 146
35 59
121 87
26 7
103 133
19 35
22 135
72 55
100 145
10 112
45 129
135 59
114 148
88 119
114 70
142 79
23 103
10 82
138 113
142 145
44 10
47 45
99 25
75 101
29 113
40 118
127 46
58 99
5 104
77 127
70 29
111 1
59 85
65 116
133 116
87 60
127 55
119 121
28 62
36 15
38 83
18 93
24 2
39 82
9 144
95 29
108 89
53 128
34 109
10 135
4 112
6 117
4 3
50 124
87 7
149 10
58 103
95 3
99 144
50 133
116 87
55 55
87 104
26 1
64 125
125 119
148 124
57 132
28 80
147 21
52 83
47 54
8 112
84 65
21 84
43 42
111 63
72 51
98 141
35 139
53 41
16 90
137 112
117 52
34 99
48 17
83 146
123 0
112 60
117 105
53 75
115 37
149 12
28 38
4 80
109 145
117 39
129 116
115 20
45 92
133 79
41 24
132 14
54 22
109 118
120 26
129 98
83 77
88 87
91 74
40 14
112 106
2 103
147 77
90 135
47 9
96 86
13 71
28 51
103 59
70 144
73 68
32 59
137 41
94 92
143 19
131 75
85 120
27 6
112 70
5 128
74 116
128 21
122 76
122 67
108 62
26 43
116 60
89 106
34 91
17 125
56 17
60 37
99 97
79 14
148 129
47 78
76 80
5 41
78 46
26 147
129 79
14 34
70 40
88 114
136 122
70 81
85 113
138 4
98 84
13 110
87 86
29 44
55 39
55 6
71 19
97 34
132 138
117 55
31 71
74 123
147 92
126 57
90 5
113 41
130 60
29 123
81 28
20 81
128 7
128 140
33 143
18 102
115 86
52 79
7 52
16 15
93 2
77 13
9 67
63 110
66 85
26 111
89 108
102 26
82 7
130 57
34 34
90 116
15 83
111 56
57 90
109 29
18 0
51 20
139 62
146 42
39 120
107 12
90 80
16 27
4 146
109 19
27 49
31 74
25 115
20 31
25 3
73 123
50 75
53 72
135 42
51 119
33 71
0 89
67 6
11 121
23 0
39 0
94 77
110 47
77 1
1 71
91 90
45 68
120 137
137 34
106 35
96 119
102 34
56 137
140 36
89 41
140 121
127 65
127 16
123 68
8 56
75 104
1 137
106 12
146 101
144 100
115 123
116 5
91 88
77 126
103 50
96 119
28 67
45 71
95 13
27 48
79 25
90 121
68 74
110 17
6 79
84 34
72 103
53 38
20 61
96 124
144 58
74 133
115 148
96 57
127 85
56 25
94 114
103 132
11 116
18 13
137 75
71 31
111 91
12 4
105 5
46 12
34 98
107 137
48 90
77 81
8 105
95 51
90 118
30 92
43 58
19 65
107 0
126 107
88 105
10 51
122 34
146 42
101 78
131 108
66 68
31 71
142 51
93 85
55 69
135 52
117 52
83 137
27 128
127 29
30 118
66 125
47 33
78 83
62 130
20 10
115 54
140 120
132 60
4 10
33 84
10 103
83 29
61 16
12 109
58 50
15 107
15 65
114 99
4 55
67 100
46 112
138 96
26 129
59 149
127 121
129 39
98 102
11 19
147 52
76 51
43 44
90 4
56 77
17 11
7 55
110 119
147 30
34 108
96 107
34 90
100 87
95 27
122 67
10 130
95 52
55 60
69 60
32 74
53 56
110 86
105 61
132 47
12 97
24 102
86 26
120 140
129 103
146 41
124 7
70 94
60 1
87 4
80 15
108 27
2 88
73 59
23 137
15 14
65 109
109 14
112 1
94 45
130 82
34 56
22 88
31 149
66 144
110 45
84 85
15 14
74 112
94 141
149 113
129 129
93 133
13 21
102 113
137 19
142 44
82 122
99 55
3 76
79 113
107 23
62 20
53 25
44 137
60 131
141 108
96 128
123 77
121 100
81 141
51 82
54 142
11 136
147 78
39 133
24 35
39 42
60 19
60 91
148 107
81 133
19 145
142 76
11 103
54 118
101 45
5 131
20 40
128 57
25 141
125 20
20 75
91 148
64 71
69 72
63 10
104 82
108 107
118 86
141 15
78 36
122 109
105 51
85 124
29 14
8 64
64 114
118 7
130 5
94 103
100 39
30 90
30 32
58 50
112 133
34 50
9 81
54 46
109 36
41 14
74 43
14 23
146 18
65 45
71 92
49 50
67 31
105 113
27 1
17 57
9 79
104 135
2 110
101 51
49 103
119 16
99 53
15 27
18 140
74 136
95 114
132 80
94 62
62 126
90 43
139 83
28 5
107 29
110 22
37 15
42 27
92 10
136 88
108 72
103 115
98 20
126 144
37 36
58 123
50 62
35 46
9 135
74 30
16 142
2 106
12 22
102 106
148 7
139 105
47 51
66 96
86 125
92 45
21 126
87 4
123 115
21 3
4 24
69 60
146 117
73 26
125 2
4 57
20 52
89 100
112 106
33 105
14 71
76 63
25 55
30 77
33 98
110 7
98 58
46 95
106 118
28 128
86 52
129 64
80 149
91 129
23 0
10 129
105 84
105 40
126 80
132 66
5 71
125 142
130 15
14 30
147 82
79 96
110 74
86 40
104 95
124 121
115 54
100 72
122 127
15 39
78 63
48 130
78 44
55 68
78 33
2 26
105 17
118 76
45 83
41 25
19 18
119 54
18 115
41 86
31 63
18 149
130 28
86 0
32 68
142 104
73 49
22 24
143 70
65 105
90 97
68 144
64 122
47 56
118 50
8 146
33 90
68 144
95 51
55 133
112 73
61 84
108 78
126 76
120 122
3 140
131 37
68 115
99 26
90 105
113 92
10 26
149 134
108 135
25 63
52 67
77 0
28 7
19 13
44 50
62 37
60 110
49 15
47 105
41 45
122 143
54 56
25 48
116 60
112 57
75 41
71 29
94 39
57 93
58 30
11 39
101 18
98 43
53 0
44 30
50 109
83 92
80 62
53 80
76 72
57 144
87 147
5 123
80 26
11 120
77 52
62 75
37 72
128 103
45 31
125 91
129 129
70 87
88 117
137 68
6 21
34 99
65 99
82 25
30 97
26 12
126 65
33 23
7 33
126 65
22 107
60 61
51 37
93 133
68 77
143 88
73 44
40 108
63 29
90 90
52 12
32 47
140 62
20 116
67 55
120 121
88 100
34 75
64 96
46 14
53 22
132 80
97 68
98 5
7 33
11 95
23 113
93 79
86 106
76 12
38 123
37 119
124 128
74 142
98 133
136 101
100 39
13 78
108 41
4 74
14 115
91 48
62 136
42 130
59 135
33 20
54 40
76 37
35 99
51 12
56 32
108 124
102 131
51 58
114 148
103 103
116 124
115 99
28 2
101 114
66 7
112 126
117 132
108 37
12 86
141 74
9 28
135 115
98 36
33 48
109 120
44 126
2 92
11 20
145 77
61 100
145 42
61 139
91 50
23 67
132 100
90 79
26 21
102 68
138 86
89 78
87 18
136 101
70 49
49 101
76 39
140 147
107 140
88 30
131 31
75 121
139 46
68 10
62 54
119 40
137 111
117 95
64 107
87 120
136 78
12 28
75 139
5 42
140 61
47 149
134 117
98 142
101 16
97 135
50 58
30 134
125 104
74 102
84 47
74 36
92 14
41 125
4 8
100 11
134 115
73 47
77 5
31 83
80 142
52 46
137 123
76 58
2 26
119 56
149 76
13 36
4 4
15 32
3 112
121 80
114 89
84 116
20 124
74 14
92 1
57 95
6 146
45 38
92 99
125 131
125 70
90 122
13 85
79 34
126 70
115 56
24 37
32 149
123 109
137 30
128 40
75 3
113 74
135 41
85 22
142 93
12 89
93 91
129 37
129 111
94 100
148 30
71 20
30 69
6 67
110 144
33 67
13 84
47 100
97 148
29 93
54 34
72 56
145 2
119 130
41 45
113 106
60 143
125 102
99 84
92 59
75 96
36 43
53 35
48 140
109 130
16 89
45 86
82 126
70 32
146 68
143 18
32 122
15 14
134 143
38 34
77 133
94 96
104 25
132 26
147 125
65 147
46 101
28 120
102 109
4 30
97 15
75 127
89 86
38 70
82 87
57 113
118 38
62 122
20 15
42 38
95 100
124 91
115 1
141 137
43 89
44 65
133 54
21 21
108 147
65 58
63 120
94 6
113 59
21 64
71 17
104 92
74 74
119 10
34 48
140 63
51 28
24 39
115 125
131 137
101 123
70 55
141 113
100 62
22 76
5 25
60 91
149 126
67 16
88 64
30 131
33 101
32 66
136 50
31 87
79 146
148 122
113 46
30 60
51 112
69 57
24 73
34 117
62 85
128 71
19 63
29 138
56 5
25 20
121 7
81 9
54 87
61 103
85 65
88 109
10 10
132 126
18 44
58 23
109 4
24 60
63 41
126 92
109 37
99 56
20 83
38 101
6 112
133 60
27 68
103 38
125 109
141 33
123 149
113 121
76 142
124 149
147 49
75 103
36 103
52 98
21 5
9 130
4 95
37 41
11 107
12 12
2 92
76 117
26 10
78 106
64 129
99 70
130 43
70 133
28 29
96 56
126 71
22 24
110 145
45 140
76 86
62 113
136 7
47 32
10 109
125 74
14 56
39 75
27 66
139 61
30 110
72 125
128 49
32 90
104 102
114 51
147 128
29 37
8 70
60 42
13 116
81 13
83 98
51 74
14 5
81 139
140 23
16 101
26 95
43 147
70 49
118 110
131 70
80 16
95 74
10 56
89 21
82 52
88 34
2 143
140 2
84 105
58 1
36 7
95 118
8 71
26 33
58 113
8 106
50 83
32 97
92 141
123 110
17 119
132 68
82 79
45 27
40 102
112 104
100 109
143 16
0 37
7 122
101 138
34 80
79 68
121 84
8 70
98 9
67 19
8 143
76 72
54 0
14 46
104 52
54 126
83 37
81 90
115 46
127 134
104 73
146 126
113 69
105 104
82 122
114 147
135 12
43 66
23 133
41 32
137 79
96 94
16 6
77 46
35 59
89 69
26 35
61 103
93 54
101 42
18 141
148 129
12 107
26 57
134 17
72 52
53 105
16 12
68 64
7 4
106 68
95 28
136 111
127 40
100 146
102 31
14 38
116 0
66 122
4 60
75 11
131 74
40 3
20 136
10 13
125 78
81 50
122 112
14 105
142 140
128 52
136 142
38 8
139 74
148 47
122 15
28 137
101 147
148 79
128 43
13 69
35 50
134 77
57 10
109 137
129 121
32 92
143 123
13 87
144 143
98 56
74 96
119 15
83 100
84 81
140 149
92 41
24 28
104 20
144 7
60 125
5 66
43 143
76 87
100 106
39 136
130 119
56 111
145 2
41 134
3 36
144 22
101 57
63 145
86 73
7 134
54 108
59 148
13 97
36 146
138 149
45 6
85 44
125 76
18 5
126 136
119 81
119 124
32 9
69 70
62 70
81 42
33 2
60 94
140 120
62 62
9 121
73 118
80 52
24 6
86 38
108 88
6 49
40 86
29 50
143 147
138 70
33 79
80 21
130 103
51 18
18 90
100 43
14 121
138 83
111 143
46 37
20 89
39 80
25 47
63 71
66 16
19 108
7 15
130 16
25 67
148 132
103 74
43 61
89 118
96 82
36 34
64 147
97 46
120 23
94 66
38 80
11 18
20 133
143 111
46 141
14 59
52 46
115 110
67 39
93 49
83 56
50 110
36 10
73 0
2 67
63 97
93 132
148 51
92 118
4 117
122 69
30 115
108 83
76 83
40 121
21 51
109 46
62 24
105 140
25 91
67 84
144 15
13 36
147 112
86 3
78 3
94 69
39 144
54 20
82 26
131 142
8 134
19 51
118 84
31 52
127 103
75 101
147 87
54 7
6 32
117 18
109 2
44 87
54 69
104 112
66 143
43 145
40 115
9 142
106 0
131 90
4 124
134 2
37 149
117 12
136 133
38 68
67 100
59 54
122 109
76 86
112 106
16 112
17 95
89 79
0 50
17 66
70 23
4 107
33 34
34 106
103 27
14 74
6 49
71 15
63 98
89 72
126 73
25 129
127 57
1 95
31 121
48 104
28 69
146 133
64 31
132 90
82 97
68 18
64 26
142 86
101 67
26 68
18 85
96 48
122 121
80 135
135 9
120 144
8 58
141 124
93 134
11 22
116 92
38 7
130 99
118 108
57 63
66 134
35 90
10 74
38 38
16 24
51 143
136 96
89 145
49 115
23 52
113 60
46 50
94 125
79 76
57 53
61 93
15 66
57 36
20 28
7 19
116 146
47 39
89 18
105 74
129 19
56 24
116 16
118 27
21 95
147 84
135 120
64 101
91 62
28 8
37 96
114 123
135 35
128 55
120 64
56 61
10 141
42 90
137 58
78 14
55 76
62 52
37 96
23 121
20 6
74 17
79 111
13 16
138 72
17 30
31 19
20 94
17 110
65 68
42 95
123 31
141 103
98 6
61 75
149 27
52 84
86 129
55 111
138 35
71 117
78 98
121 75
86 131
85 33
17 137
27 69
109 45
132 138
136 74
76 83
62 85
87 68
72 57
41 99
102 74
24 77
99 68
134 7
114 121
11 71
7 76
130 76
105 93
111 145
0 133
16 122
137 147
31 89
44 138
19 98
87 108
35 2
72 98
78 139
75 11
4 55
12 103
110 136
113 14
37 114
25 43
44 56
28 85
79 114
128 6
17 141
134 37
67 110
91 22
93 55
16 146
148 114
69 102
132 109
106 50
67 39
70 130
41 68
12 65
82 136
134 120
35 7
133 45
72 92
5 135
8 3
107 98
106 11
144 66
31 51
126 106
139 6
144 32
48 56
102 88
29 137
95 5
104 36
67 138
67 19
6 132
83 147
57 74
16 66
29 130
28 104
47 49
126 51
129 129
64 16
67 33
37 57
100 80
80 111
126 106
27 63
43 86
71 63
69 141
142 65
121 98
143 34
13 1
84 107
140 27
33 67
93 33
147 142
115 44
149 131
117 141
61 90
140 114
89 61
95 140
108 40
11 103
102 81
126 136
84 15
140 90
98 75
10 21
132 8
78 99
54 35
144 71
63 52
38 64
140 143
61 144
129 113
5 110
88 126
19 73
102 6
76 139
57 127
51 57
66 58
54 83
126 34
77 15
101 98
22 9
33 146
71 1
28 117
148 17
122 97
123 1
83 72
20 116
24 20
25 78
77 3
49 117
148 84
68 42
14 104
37 138
19 20
75 69
48 56
15 132
97 127
75 107
149 91
119 72
96 135
79 90
114 79
17 51
42 67
27 57
148 109
104 39
21 52
46 116
40 149
117 131
143 24
35 83
11 121
10 85
56 92
18 37
50 31
126 90
126 8
33 97
44 70
88 50
66 16
42 76
114 13
65 144
118 2
149 76
33 20
0 124
143 108
138 23
114 12
59 130
79 32
120 101
19 125
73 20
80 41
130 89
60 66
62 134
97 48
28 121
50 7
6 31
141 61
104 102
24 29
101 135
15 65
145 56
122 24
14 45
147 107
126 115
43 31
43 52
14 118
21 11
42 25
89 46
42 112
126 71
26 115
71 142
69 137
33 5
87 131
136 29
81 55
37 55
41 112
117 147
45 124
110 27
33 88
25 74
104 137
18 115
108 75
138 98
97 147
92 117
38 139
2 81
19 4
124 146
118 35
2 0
63 20
97 45
54 125
62 43
68 3
44 32
85 144
66 25
125 37
134 44
40 120
53 27
79 132
44 85
73 113
60 29
86 131
149 30
122 83
139 143
120 138
62 64
77 43
37 80
112 25
92 82
115 124
27 145
17 22
22 102
17 101
15 141
19 123
16 37
145 85
134 131
146 5
107 19
20 88
67 110
67 0
9 149
85 90
13 47
136 64
74 112
33 70
3 62
144 118
78 131
64 131
87 26
74 26
142 50
94 90
66 3
87 96
50 61
81 12
93 76
93 53
126 85
58 13
120 24
52 93
56 50
5 60
119 130
149 9
19 40
92 102
121 46
145 54
91 64
86 66
86 7
35 96
90 117
98 17
39 108
123 58
109 91
87 59
118 59
136 112
137 112
64 14
1 59
10 62
60 74
79 100
49 33
111 59
93 121
94 116
69 135
6 136
98 40
67 4
143 86
86 81
90 2
83 15
7 112
124 115
37 61
98 31
92 80
38 56
138 22
148 99
143 71
118 112
83 30
115 52
76 122
123 34
127 53
145 66
44 88
104 77
124 71
118 53
29 123
67 52
100 44
122 73
64 136
101 49
34 58
89 135
11 101
125 131
24 8
43 85
114 148
110 146
128 1
58 76
70 39
23 91
127 62
60 34
94 131
127 61
93 29
124 33
3 114
77 144
120 37
136 132
59 115
79 49
94 51
107 117
129 3
7 82
19 19
104 111
7 19
23 139
91 33
115 41
133 62
130 63
77 116
113 145
109 10
58 84
125 39
114 38
106 29
113 147
32 102
122 76
50 55
3 23
92 32
97 69
122 117
70 90
92 115
139 83
37 115
41 8
99 135
41 47
94 68
109 129
142 129
109 3
86 106
5 139
135 8
148 134
102 79
82 148
136 77
121 8
143 135
120 132
77 1
117 69
146 30
13 112
32 84
102 73
62 72
68 141
116 89
60 59
10 4
9 19
84 36
92 136
134 48
23 72
100 105
63 92
7 29
69 19
65 92
19 75
35 46
111 128
91 139
141 62
95 127
105 118
37 30
45 49
12 133
94 62
49 147
82 130
45 43
135 146
25 11
80 39
127 148
75 124
15 18
99 93
42 121
111 128
83 71
28 67
26 35
82 36
37 53
33 25
142 105
147 58
143 59
62 43
4 46
36 94
60 104
54 50
18 6
35 36
105 49
85 76
2 99
101 124
116 120
45 89
8 134
57 67
97 23
51 30
13 83
40 66
112 31
115 19
28 131
147 81
17 73
124 114
74 147
91 6
67 107
60 45
25 121
84 96
123 31
70 124
143 26
69 146
37 11
65 125
71 123
110 111
38 90
107 85
4 0
81 51
74 148
39 143
5 77
77 122
70 83
139 48
50 73
144 90
66 93
68 148
135 144
78 75
137 11
47 15
30 145
64 24
96 101
118 41
145 89
54 117
128 53
62 113
77 30
72 110
12 5
97 100
21 16
46 113
83 85
44 21
102 42
18 67
87 43
19 103
135 15
91 82
35 8
67 101
130 139
72 31
39 25
31 121
102 90
25 61
30 25
138 22
146 47
124 86
88 124
2 69
96 117
5 122
16 11
80 118
125 2
62 1
75 75
53 129
46 140
130 57
1 82
58 75
23 71
58 68
58 48
83 87
55 49
132 23
46 14
8 45
91 148
13 14
125 54
77 75
63 125
119 100
71 30
49 17
51 24
56 19
44 125
95 56
43 109
44 133
133 95
46 59
139 4
44 103
28 121
79 148
49 78
123 85
26 60
132 149
65 120
147 148
83 17
59 55
15 21
46 139
63 125
48 48
2 5
147 143
49 121
0 93
86 141
41 62
149 89
60 125
103 0
91 113
141 81
91 72
0 91
131 104
25 69
94 35
51 82
107 49
69 22
86 48
30 47
71 39
70 104
99 15
82 139
123 7
55 118
54 84
101 117
89 66
25 111
33 80
25 112
62 42
127 109
84 76
77 6
64 29
0 5
8 124
78 103
122 104
140 11
62 50
56 74
44 118
10 52
39 30
149 100
54 68
91 145
98 39
70 35
61 62
145 48
73 95
73 12
36 106
35 91
22 83
111 12
88 97
29 143
100 67
128 101
140 90
118 140
127 53
103 10
5 36
103 80
148 43
108 28
10 19
58 5
25 8
100 49
11 139
112 115
2 67
38 61
2 129
102 57
78 141
29 76
82 23
34 52
111 104
117 145
23 107
62 112
119 135
116 12
15 148
73 24
48 58
8 68
7 43
111 91
104 83
58 107
107 119
122 119
114 31
41 71
138 103
7 79
25 7
105 111
111 70
55 98
136 8
18 131
99 73
116 110
71 31
51 71
3 146
116 65
25 22
26 73
56 147
103 50
33 130
7 118
68 37
141 30
0 83
37 25
61 9
89 105
18 138
85 85
9 98
110 127
50 96
16 96
137 111
39 109
106 12
82 142
25 112
14 14
21 133
49 79
16 10
43 34
142 14
48 112
6 134
4 91
65 56
66 119
8 146
82 24
116 26
48 138
144 147
17 111
141 94
56 8
41 2
68 131
115 5
13 119
65 129
95 81
34 113
49 58
39 146
46 123
111 4
141 15
97 75
46 128
143 100
92 11
43 75
54 28
71 109
1 35
125 42
117 149
18 86
54 118
113 115
36 51
68 106
38 40
108 109
71 92
149 21
33 113
144 144
139 37
25 60
102 147
32 45
117 41
37 135
72 8
9 34
85 118
122 129
104 42
92 4
30 77
34 61
78 120
6 119
96 124
108 10
136 125
75 123
61 53
101 23
122 14
136 35
61 11
63 10
19 73
56 90
29 86
147 148
137 147
56 124
134 22
42 103
12 144
36 123
148 56
93 23
146 25
103 122
35 148
148 0
56 51
137 149
120 96
70 14
6 96
33 8
19 99
88 88
119 66
25 63
122 109
43 144
58 46
45 74
123 35
77 40
109 13
110 79
88 15
70 129
131 128
114 122
63 145
5 112
15 138
93 138
66 84
125 20
54 70
14 116
129 22
109 137
128 11
100 93
42 149
0 66
102 115
40 91
45 11
94 0
13 88
74 72
17 104
141 130
77 144
126 79
65 140
46 36
55 78
26 32
20 96
40 22
28 147
111 118
116 65
63 45
39 64
64 51
132 45
132 39
78 104
18 101
142 45
126 39
28 68
126 90
64 50
83 126
28 51
138 1
44 46
107 41
114 31
124 122
87 53
39 97
113 52
116 145
149 95
86 86
52 20
127 82
61 86
72 70
134 106
46 43
38 81
68 20
5 73
25 30
121 45
111 34
72 53
19 65
81 106
43 141
7 127
133 2
144 23
124 135
113 2
36 10
9 137
65 24
122 69
11 77
121 59
39 27
82 137
43 137
26 125
120 66
2 49
46 113
129 32
105 13
87 144
113 147
136 21
107 77
104 41
3 122
71 10
130 137
102 11
43 66
136 40
5 147
123 26
115 106
47 70
133 71
117 22
133 77
19 57
52 132
116 127
53 129
134 93
46 64
27 105
22 137
130 86
55 130
85 24
48 0
109 148
67 118
43 20
32 52
31 105
52 57
79 64
12 80
11 91
138 13
35 89
126 116
76 86
73 35
91 91
132 109
115 24
60 31
62 100
45 75
20 101
75 54
81 143
89 18
101 105
106 112
59 140
30 7
18 34
107 145
83 65
29 92
79 0
108 20
11 17
35 117
99 127
20 146
11 7
31 146
114 48
131 100
109 80
27 37
119 44
112 110
126 54
148 118
20 68
44 94
68 147
52 16
3 12
144 119
44 34
23 42
120 10
0 103
75 100
37 112
40 128
62 32
97 131
55 60
116 110
79 89
149 146
95 112
23 104
36 114
108 147
47 3
128 76
69 122
121 47
29 34
14 88
31 35
10 137
119 39
128 48
69 139
107 3
2 86
121 61
80 24
0 103
130 31
56 117
97 71
9 46
94 121
1 53
97 145
90 134
119 86
83 114
112 14
59 22
88 14
99 70
47 54
20 86
98 19
37 118
82 4
24 122
110 68
34 92
86 14
111 147
121 98
59 127
14 91
69 107
38 102
133 121
60 1
84 109
26 111
46 77
78 144
84 96
13 88
42 54
66 14
118 99
2 22
89 76
146 80
82 78
21 92
51 95
137 45
95 42
139 10
140 19
100 74
73 55
144 29
142 99
85 49
125 8
137 25
118 21
61 30
89 57
106 115
21 131
132 20
38 37
33 110
93 72
18 124
121 89
34 58
139 58
50 56
1 2
11 131
144 79
142 78
82 138
38 25
50 32
128 58
6 44
121 58
1 102
48 142
91 61
54 68
148 84
108 42
114 78
118 149
145 7
136 51
109 5
85 63
22 95
129 9
121 106
0 62
77 119
6 30
110 13
94 142
145 41
101 126
20 25
31 130
139 1
62 35
24 142
22 120
91 54
94 81
122 67
105 68
81 12
40 20
128 69
32 27
132 59
72 27
89 48
139 25
68 109
133 104
50 22
111 20
53 61
22 7
68 70
60 149
105 90
71 105
27 90
81 142
38 3
63 62
142 39
47 80
42 11
75 3
146 49
101 23
62 42
99 92
32 30
70 93
76 116
14 139
105 79
107 42
42 90
149 112
64 59
86 95
32 59
137 64
135 139
70 8
36 105
33 44
36 58
50 42
51 101
17 101
146 0
64 130
61 91
122 139
57 39
23 118
114 51
132 75
2 112
111 9
82 107
58 13
35 52
10 107
36 147
123 94
71 123
78 112
123 104
118 114
41 44
120 84
50 29
134 16
104 28
126 7
135 23
3 62
126 22
116 95
83 74
20 48
101 105
106 79
1 26
138 2
30 97
139 59
23 43
11 32
17 85
19 135
27 109
22 67
119 112
122 14
87 41
124 125
139 105
94 32
15 93
128 74
86 124
20 84
19 8
145 77
138 123
53 136
30 105
26 78
59 120
144 100
38 141
38 73
44 30
145 136
57 0
59 75
70 25
40 62
70 27
141 54
136 126
38 108
32 69
23 139
36 121
61 41
102 102
57 13
137 106
82 108
36 64
77 5
83 62
62 122
147 36
130 111
43 110
135 69
59 73
93 61
126 97
17 12
93 141
15 101
114 55
105 107
114 104
10 59
32 97
55 85
100 65
139 45
112 88
98 53
6 17
52 17
63 11
4 102
73 73
139 22
112 93
63 125
5 107
94 136
69 50
53 140
116 1
75 6
109 93
45 63
29 125
127 118
110 45
33 41
52 78
16 143
67 69
97 40
129 91
20 55
15 9
17 81
120 112
13 47
118 106
54 6
97 36
122 33
62 127
97 31
43 106
134 146
131 46
85 134
96 111
134 147
137 124
35 9
44 104
13 94
65 112
89 136
122 91
68 71
40 60
90 121
72 143
7 142
40 65
101 88
60 18
80 122
29 104
141 121
7 79
85 89
35 127
109 39
102 66
17 51
123 105
16 25
4 78
69 71
119 82
58 107
10 107
137 65
148 14
140 28
7 70
31 76
11 133
123 39
114 15
88 68
2 6
10 67
32 135
92 12
44 87
149 132
108 120
0 36
81 42
64 39
30 105
58 35
28 83
123 60
86 62
111 98
76 30
11 138
103 117
102 146
39 38
19 32
83 46
46 104
39 45
141 144
82 61
56 27
136 62
70 129
82 143
63 40
58 29
6 144
24 68
149 134
103 51
7 62
111 27
145 53
23 131
26 76
75 30
148 38
122 66
0 144
25 90
134 19
14 136
127 53
15 5
50 52
22 127
122 7
60 16
104 74
44 35
68 127
53 86
52 47
124 134
19 116
26 133
44 108
52 13
5 129
80 19
46 67
34 113
65 83
7 137
29 71
108 98
101 113
82 33
122 93
133 41
93 8
36 56
15 35
127 107
91 146
67 10
90 49
143 141
39 91
140 95
80 2
73 95
136 84
94 16
100 101
39 148
52 25
114 88
76 134
130 39
55 85
51 63
117 121
26 49
45 93
112 32
70 35
79 80
70 49
74 107
47 16
85 95
48 142
117 106
99 61
55 127
90 3
27 112
110 21
63 121
85 74
43 66
122 78
16 108
118 0
78 97
51 61
124 5
149 128
68 143
94 11
58 74
18 41
126 22
19 93
111 15
126 16
77 58
105 10
8 33
46 73
72 122
76 45
11 147
102 135
13 78
146 29
139 74
5 131
129 22
3 15
136 146
90 12
101 96
98 72
45 34
10 4
1 71
89 1
16 65
50 95
119 54
82 8
25 43
86 3
18 7
65 20
49 134
105 24
45 117
81 133
69 118
25 71
17 2
144 67
142 96
131 112
91 86
0 124
76 139
112 16
3 105
16 16
132 29
100 61
81 127
70 119
75 93
121 17
9 51
123 140
46 7
100 63
120 18
94 6
38 139
64 79
149 101
147 117
93 117
14 129
92 48
8 28
134 59
13 146
17 81
104 6
1 132
91 61
17 44
125 93
91 30
109 28
148 13
29 91
77 142
49 80
85 62
43 82
69 92
114 124
136 14
54 142
89 138
126 75
71 60
73 111
6 63
137 50
51 60
13 111
132 86
12 78
37 105
117 74
122 121
47 70
49 12
137 50
63 63
49 46
17 37
55 75
4 88
81 73
1 82
34 94
49 80
35 84
127 18
137 74
116 37
138 84
91 10
29 0
63 131
73 36
91 11
91 74
48 74
67 95
78 28
27 48
37 79
85 22
59 133
75 93
14 44
108 75
141 35
128 73
100 128
78 32
21 118
79 83
71 119
105 48
136 14
3 139
15 56
112 141
61 95
107 147
140 122
116 8
143 138
13 3
125 63
32 38
39 121
97 138
100 102
128 131
125 44
55 31
92 137
63 91
106 6
24 9
133 90
101 106
8 75
39 10
35 99
110 88
54 55
66 70
28 92
69 14
47 132
68 70
133 32
136 76
109 10
138 70
38 132
125 55
118 73
50 144
127 36
143 134
116 55
122 18
149 1
5 39
3 3
87 90
41 3
13 71
116 90
139 43
33 106
9 77
23 7
12 1
135 131
51 36
25 4
24 4
97 75
67 3
56 149
27 127
59 23
127 124
31 99
29 64
137 124
71 106
31 47
104 130
93 31
31 96
137 114
104 40
86 75
7 82
131 127
73 109
118 46
117 84
142 12
139 12
62 100
62 19
33 86
108 79
23 31
119 2
76 119
108 99
55 118
145 63
39 129
50 60
101 9
128 16
73 127
51 129
39 92
139 148
39 54
92 85
74 118
50 28
107 143
22 124
4 116
135 22
131 82
34 75
14 105
102 118
118 94
125 146
91 101
6 137
112 132
122 78
4 74
74 23
148 37
7 126
141 108
27 10
68 109
105 21
62 147
110 106
46 125
120 33
55 70
93 148
116 147
83 55
106 114
83 122
43 35
70 142
122 54
101 127
48 110
85 75
14 146
53 69
47 131
83 39
21 2
96 37
108 14
7 53
42 86
73 125
112 101
44 65
138 109
77 148
111 41
140 8
82 118
120 121
20 92
88 40
149 35
117 5
17 131
127 139
29 52
15 20
101 37
54 23
135 144
88 44
126 38
127 122
47 11
121 104
34 118
59 97
22 130
103 86
55 59
113 147
58 148
16 120
126 3
15 51
115 57
125 99
67 38
130 86
19 47
26 148
74 87
117 132
136 137
15 124
34 7
60 5
38 132
19 78
98 9
40 55
7 66
149 17
120 112
98 147
80 123
30 96
111 120
67 103
149 82
12 54
149 117
126 14
102 129
74 108
102 105
11 86
41 137
78 135
76 43
69 2
131 10
111 101
136 108
58 40
120 83
131 104
140 42
27 134
26 68
107 69
18 42
3 95
38 72
119 41
101 95
61 27
89 127
141 71
52 55
89 137
144 45
88 132
140 23
1 100
8 110
76 147
130 37
60 3
38 130
64 146
34 69
23 31
128 42
122 24
90 141
60 100
72 82
80 111
3 79
38 130
50 53
2 146
111 101
142 137
48 10
31 84
98 66
56 38
115 94
64 16
55 149
145 88
89 120
25 28
67 124
74 16
135 134
80 86
63 9
55 68
19 11
118 126
141 64
93 47
30 6
109 65
100 60
2 111
14 95
77 21
62 38
91 23
85 63
69 92
96 36
136 43
61 0
118 17
74 130
41 100
56 122
41 80
104 43
22 91
37 74
12 148
110 25
69 27
128 131
67 92
38 88
8 133
28 120
111 104
10 28
149 125
126 10
42 146
45 31
36 123
28 82
53 101
5 132
59 33
5 87
62 88
3 59
131 44
90 34
143 82
136 49
24 89
16 3
32 98
139 134
83 63
83 35
51 88
50 117
32 91
3 127
115 74
142 140
29 124
30 136
106 32
122 37
33 132
26 91
117 115
147 130
27 134
88 42
130 132
84 58
27 2
89 30
70 100
109 116
113 55
49 140
131 52
126 62
5 54
74 56
24 32
129 43
115 35
47 105
39 4
81 139
41 69
63 131
56 5
123 84
149 130
37 12
29 135
91 80
45 148
132 77
44 46
74 98
25 43
14 101
59 39
122 76
39 81
130 68
147 64
134 72
141 29
84 78
116 16
0 77
116 14
105 59
139 126
61 61
113 41
141 8
5 78
71 102
35 103
46 61
57 67
21 54
123 59
19 37
87 73
149 47
140 81
70 99
49 84
65 77
55 91
21 43
68 82
28 122
143 21
118 93
103 140
83 137
1 109
110 138
136 36
70 71
146 92
46 102
128 98
96 37
9 67
1 41
15 88
33 44
107 18
135 19
15 145
29 28
1 97
53 136
47 130
10 21
99 144
105 100
138 7
118 104
76 86
21 64
131 6
10 84
107 28
68 94
22 116
39 36
72 90
75 74
137 89
41 26
81 99
130 109
7 24
49 26
136 115
135 117
60 30
102 142
41 141
95 121
5 105
16 24
146 45
29 80
114 49
129 70
55 17
53 98
103 39
93 63
34 5
133 75
6 104
48 25
98 96
79 121
119 53
11 45
113 52
90 58
47 101
72 22
51 17
142 16
7 26
113 81
148 23
64 14
79 15
14 76
11 138
83 77
113 141
100 0
39 79
4 39
1 130
47 101
23 87
36 49
133 4
91 85
113 2
148 130
75 50
146 57
137 94
55 58
18 74
89 123
78 69
85 101
79 131
148 103
26 99
66 65
114 127
25 23
1 123
26 22
17 140
41 98
14 82
93 115
77 2
44 52
58 146
147 110
22 113
70 147
114 133
66 71
19 100
34 129
82 74
147 2
142 124
117 49
142 128
58 90
52 3
97 145
69 13
3 33
31 45
22 53
107 133
91 109
108 11
93 16
44 84
146 96
23 116
124 51
128 144
32 121
116 145
10 43
11 1
102 18
57 78
114 84
97 41
52 70
125 8
53 133
98 35
28 47
52 91
85 24
73 66
31 72
45 78
88 83
66 27
133 89
44 40
77 124
9 69
20 58
104 46
43 76
48 136
70 105
100 72
42 95
4 19
141 46
98 72
79 109
41 34
145 122
42 135
100 148
38 119
95 88
83 145
5 79
33 47
58 49
67 30
145 105
17 147
54 14
141 143
65 66
42 78
84 136
15 142
52 0
120 3
128 87
74 106
27 45
136 130
79 123
35 134
105 45
123 99
3 9
67 109
94 85
12 137
133 26
30 68
109 106
16 0
146 100
132 115
59 25
108 52
12 126
144 134
3 70
26 61
37 137
131 133
114 56
67 69
81 33
9 119
102 86
106 121
27 131
8 64
129 13
129 27
106 69
66 34
7 106
4 55
72 52
63 108
11 112
136 9
99 45
45 82
50 6
47 146
84 97
146 49
139 93
77 104
47 95
105 32
104 60
103 45
149 19
135 35
59 129
135 102
27 145
137 23
113 91
86 12
108 138
71 135
2 42
35 131
8 21
123 39
26 67
91 123
112 23
2 31
74 69
97 5
82 58
11 14
139 25
122 56
71 118
6 124
10 101
25 149
85 15
126 36
114 6
91 49
148 63
133 119
77 19
116 42
114 141
117 69
41 22
100 139
65 62
49 120
111 21
71 123
96 68
74 119
147 53
80 96
86 66
116 125
94 123
141 75
138 63
116 110
147 125
147 143
13 39
137 22
112 47
128 29
104 71
95 147
100 89
4 20
100 68
90 29
23 43
68 78
42 99
121 72
140 26
81 72
78 113
117 23
23 56
2 68
27 119
115 50
27 20
145 9
31 99
82 61
104 78
37 97
120 90
8 97
72 93
37 91
69 78
73 71
129 73
29 118
97 104
48 118
4 87
99 14
48 3
125 120
46 84
50 142
96 36
133 139
149 26
119 2
88 35
79 100
133 107
79 2
91 94
104 93
131 16
104 49
78 118
104 98
45 48
30 61
42 94
24 115
111 147
115 62
4 143
57 50
18 76
72 6
15 95
134 23
135 121
108 48
125 33
77 94
47 90
72 102
100 143
57 30
19 79
135 131
53 149
31 108
13 7
115 36
51 127
140 1
34 105
109 147
56 66
119 86
92 45
33 50
140 131
116 90
78 4
66 46
128 38
114 42
30 37
99 21
85 32
135 53
65 30
50 79
114 48
97 38
57 139
17 2
14 1
91 111
30 147
32 22
84 135
93 4
35 126
128 61
105 17
119 79
98 143
33 90
47 136
72 127
41 14
53 142
79 73
37 125
139 86
99 60
77 93
97 50
11 116
80 40
61 56
36 13
91 25
49 46
41 49
9 54
94 76
71 105
99 114
69 27
88 77
89 81
25 40
61 82
120 131
28 33
141 9
33 36
113 74
20 96
141 147
98 80
23 116
133 57
48 138
49 137
58 149
70 47
142 25
20 67
22 76
63 112
19 118
104 131
129 132
119 83
11 87
123 36
101 30
147 81
133 146
131 54
69 50
13 79
112 33
25 120
72 14
85 17
128 81
75 112
36 145
12 121
141 27
146 57
55 114
27 44
93 145
23 69
26 149
132 144
6 116
109 94
64 14
147 56
67 50
144 14
38 51
21 24
34 71
10 125
122 56
116 58
140 107
139 144
16 103
11 78
108 56
44 42
122 9
109 98
149 110
104 118
83 72
69 144
115 35
106 43
16 17
67 98
92 40
63 95
48 76
105 76
81 97
52 24
76 19
47 105
26 34
51 23
28 149
18 47
133 70
74 74
139 4
5 13
2 58
96 37
109 93
144 14
111 67
36 109
57 70
19 92
23 76
110 134
148 55
138 79
138 51
7 3
117 121
51 104
119 104
91 81
107 19
102 92
79 107
123 26
73 109
149 56
64 68
42 138
38 88
123 143
53 53
57 137
115 107
118 55
119 5
112 20
138 2
2 117
47 40
130 31
85 65
123 149
45 90
147 119
87 37
139 118
110 142
41 122
51 63
73 20
142 19
47 116
88 87
69 31
38 68
86 59
25 145
111 72
93 87
114 85
123 133
111 102
16 133
70 51
70 75
49 70
28 61
69 98
66 90
145 49
130 36
34 76
24 0
94 27
24 67
93 41
88 134
41 64
53 120
15 63
78 103
0 63
43 93
8 74
66 44
51 69
37 86
50 143
138 44
66 101
130 65
83 74
123 113
60 89
119 38
68 53
142 128
69 35
55 70
39 85
126 64
79 136
57 2
128 60
30 81
0 113
74 134
35 99
59 17
30 94
36 120
2 134
27 13
8 38
12 61
20 49
144 119
26 61
105 44
42 146
124 16
1 96
89 99
132 116
67 60
148 18
97 92
140 111
30 18
148 138
130 126
130 147
141 135
90 24
59 132
128 2
6 142
47 80
112 65
119 94
65 1
25 101
75 31
83 67
112 25
70 46
61 7
4 88
148 68
31 109
20 48
47 18
5 125
85 56
38 58
67 21
28 55
20 108
63 33
123 105
28 25
45 135
65 103
66 115
11 113
44 8
42 121
123 40
121 8
108 89
107 137
61 3
130 140
22 113
2 7
71 132
11 89
43 51
95 87
18 27
67 131
49 42
104 16
13 94
78 18
130 128
96 17
69 34
20 111
68 134
6 0
84 76
29 113
111 111
38 139
120 113
129 139
11 83
97 4
94 104
77 36
148 69
23 70
116 55
58 37
15 88
75 37
118 109
57 101
42 124
81 143
6 145
80 67
59 34
35 135
122 101
109 138
132 97
119 38
12 109
58 31
149 50
11 12
44 8
70 55
4 97
81 61
14 141
112 34
8 133
14 101
141 32
27 41
81 148
78 35
92 52
117 94
40 53
12 115
99 8
11 55
139 59
36 5
84 37
81 42
43 41
77 133
5 123
52 19
127 39
79 84
139 91
72 11
30 135
112 33
88 121
18 82
3 91
49 15
37 64
128 31
42 113
52 32
32 91
79 143
131 76
126 102
98 74
83 117
39 63
69 39
101 61
109 54
36 117
72 80
104 71
80 18
126 130
20 27
40 44
100 22
69 123
77 55
84 36
95 129
37 82
10 35
87 78
11 69
72 5
0 96
99 123
127 17
81 141
88 43
106 114
71 85
13 77
129 24
80 61
10 43
66 97
96 125
101 83
56 92
98 72
45 130
29 31
143 17
53 100
33 38
55 11
126 136
44 29
55 111
144 86
109 52
143 75
20 25
36 119
8 42
106 42
145 125
17 112
111 72
2 46
41 8
19 31
118 56
47 147
17 80
134 72
28 51
75 144
60 4
50 102
95 35
103 46
29 86
54 10
110 80
73 14
8 49
54 59
113 115
17 140
121 7
135 105
67 116
131 141
85 14
136 127
16 30
105 1
28 142
124 0
15 112
95 45
19 35
61 53
37 52
144 23
8 33
56 108
31 132
86 95
56 136
53 90
115 34
98 129
90 40
24 6
93 134
110 30
18 7
88 100
53 3
139 47
92 18
3 39
32 145
44 116
142 135
10 101
54 146
8 13
0 124
70 75
109 11
1 119
54 94
26 40
66 136
18 59
33 33
5 68
87 81
88 48
130 4
111 3
101 66
18 63
8 53
86 98
4 21
74 91
5 22
89 87
145 17
141 94
67 97
75 109
87 17
78 40
86 24
46 65
134 41
23 139
66 88
86 56
24 15
75 86
121 37
107 112
109 30
96 8
123 100
104 127
35 134
57 125
39 108
96 100
27 71
103 59
26 137
17 96
51 24
1 59
14 57
146 9
94 125
105 17
23 132
98 132
123 21
31 128
24 145
25 57
70 109
133 61
29 76
104 143
69 113
22 145
107 108
103 78
51 44
54 129
96 38
42 135
112 66
73 29
86 7
37 80
147 28
74 69
122 123
63 16
58 127
26 67
145 56
98 77
86 129
49 123
48 122
62 101
148 44
37 60
95 78
35 130
25 26
101 99
1 8
59 19
140 118
101 70
129 0
24 113
134 118
146 124
54 78
104 1
80 66
2 65
25 28
37 94
135 35
138 70
89 119
90 75
19 137
125 76
100 46
92 144
102 9
141 79
57 75
145 32
121 140
60 64
93 47
33 114
71 77
43 67
34 145
45 32
40 29
119 131
132 90
116 48
93 62
123 26
97 84
38 20
3 34
91 149
98 83
50 31
106 127
54 114
47 103
137 14
65 49
0 135
130 104
24 33
80 31
113 28
140 38
20 67
59 141
7 60
33 66
68 24
139 85
42 106
2 82
61 122
129 106
16 36
84 123
84 101
11 127
37 104
108 5
71 39
53 124
6 135
87 80
104 121
76 36
55 81
47 97
25 86
31 110
134 106
78 121
15 128
54 14
104 19
84 116
100 20
32 23
142 62
62 113
103 147
37 5
18 22
67 104
144 111
87 4
9 96
68 113
132 10
94 97
99 52
8 1
53 100
90 9
149 106
145 10
138 113
28 6
11 10
121 72
44 69
82 122
69 132
122 81
5 13
16 73
62 75
111 149
114 28
56 6
79 82
147 126
42 44
101 92
8 68
89 75
44 48
59 19
76 39
97 32
103 32
22 26
12 25
126 15
128 62
90 144
14 149
83 128
92 15
132 2
122 4
94 17
53 106
55 73
103 127
40 128
28 76
42 132
61 34
3 117
101 146
29 73
23 1
116 35
81 95
134 135
79 71
124 127
98 145
28 24
103 83
14 22
120 7
79 120
69 48
68 23
100 95
49 75
67 19
91 62
15 62
68 107
13 147
124 27
58 134
99 148
4 91
21 94
93 14
19 9
113 20
112 3
38 37
41 108
25 47
142 66
142 37
65 114
120 149
126 79
102 71
137 125
81 58
123 121
46 4
6 19
27 119
128 89
107 32
113 3
104 125
75 12
141 125
88 76
19 63
3 126
3 39
17 128
30 20
43 100
105 62
4 48
83 42
122 24
110 27
28 60
8 21
58 23
104 118
29 27
107 77
76 145
21 6
96 37
100 16
55 36
113 140
147 33
79 12
19 8
90 55
35 92
6 70
105 129
118 7
116 86
108 149
134 136
123 88
109 135
49 97
85 27
133 37
30 60
114 132
55 27
49 53
118 148
136 2
54 6
52 0
54 134
149 134
60 21
71 138
53 105
83 74
31 59
148 116
116 128
70 22
75 104
136 133
135 106
69 43
123 82
135 36
111 141
64 110
88 36
62 126
144 14
87 12
126 52
47 94
137 46
142 59
135 98
118 19
125 125
41 55
21 0
111 61
72 63
136 70
136 85
105 1
33 128
30 95
81 74
32 28
10 105
61 60
121 126
49 128
139 106
65 48
45 57
58 25
147 15
29 140
47 97
145 147
117 134
115 103
21 34
118 64
87 96
120 57
125 66
67 3
117 136
60 30
21 117
133 113
144 18
25 135
91 19
53 125
4 33
39 99
3 27
108 123
78 143
6 71
122 77
132 116
119 26
65 95
114 146
1 139
88 14
35 56
90 40
101 51
10 54
33 126
92 15
102 142
16 139
115 142
66 129
144 63
129 135
138 69
57 80
111 96
72 19
103 5
15 50
60 77
12 24
142 23
18 91
45 55
73 40
63 26
10 44
128 25
91 69
55 104
128 128
29 35
95 27
116 7
87 63
42 88
130 71
116 130
138 87
121 127
76 130
109 117
86 85
87 141
86 30
53 110
104 126
76 114
132 86
30 46
57 96
148 95
44 57
117 113
62 31
81 71
133 79
103 44
89 51
94 89
71 50
140 28
53 87
102 100
102 36
74 137
74 16
81 55
146 70
15 34
63 144
111 139
145 96
89 86
16 46
10 66
51 135
100 49
24 56
4 25
69 61
149 97
112 54
25 22
0 42
82 86
97 20
25 68
149 6
110 15
26 75
37 11
20 22
119 21
93 75
6 86
92 145
128 75
27 49
90 2
105 18
17 93
80 18
60 48
70 22
139 22
15 11
2 0
16 61
29 49
97 93
120 38
65 44
130 5
115 84
146 6
9 68
7 7
45 115
112 146
37 98
58 66
40 130
148 96
143 32
16 134
27 131
49 31
13 117
98 97
63 125
134 16
10 120
108 45
42 85
110 97
30 137
7 125
144 58
148 79
108 5
46 18
114 16
132 94
48 102
14 58
54 83
147 149
95 101
91 50
100 21
105 23
96 113
35 96
69 75
51 47
66 66
29 117
119 77
49 91
133 40
147 2
62 29
129 33
19 8
99 71
57 58
5 26
67 135
141 40
61 65
41 3
33 46
5 132
97 117
108 134
111 39
135 48
135 38
51 27
52 137
28 149
23 112
86 138
25 142
61 61
13 133
97 67
0 137
91 52
145 3
110 66
81 73
121 96
25 87
128 141
28 28
82 5
35 106
110 146
131 40
134 105
17 112
8 85
29 51
135 116
6 19
120 30
66 12
113 40
76 108
15 90
10 140
40 111
114 42
95 132
102 54
130 141
94 132
65 84
148 132
37 134
121 133
106 110
105 54
1 124
59 133
44 10
4 52
63 26
138 2
63 107
31 78
8 30
149 120
2 125
124 15
2 78
105 56
97 3
30 73
19 138
50 19
105 38
48 51
9 51
138 97
105 126
147 146
132 29
3 119
99 18
18 98
121 8
136 134
33 145
66 20
35 113
69 16
74 74
138 50
20 33
111 50
119 52
145 15
143 79
61 35
29 127
97 49
42 77
75 129
149 122
104 44
74 57
104 97
33 42
94 99
14 69
80 139
84 147
14 62
70 35
123 140
70 79
74 68
4 68
53 125
103 92
78 18
43 113
1 6
83 41
137 79
147 118
130 37
71 31
15 18
64 25
6 2
127 29
28 134
124 130
148 7
1 48
36 54
102 87
112 105
27 39
125 65
118 116
69 94
138 83
80 36
148 84
24 85
148 132
44 25
145 13
15 132
149 145
8 26
14 112
141 136
80 121
102 134
21 148
18 50
108 134
149 147
80 118
61 32
56 68
39 104
78 21
27 27
104 78
3 18
79 42
9 35
69 60
78 82
124 96
140 15
60 140
85 136
121 116
56 45
9 117
73 17
79 134
116 129
95 105
138 11
85 43
8 70
105 123
14 146
108 57
18 59
31 56
29 102
104 149
27 92
40 75
69 107
6 75
134 138
80 149
123 39
11 130
60 102
85 73
115 43
17 149
70 35
41 83
99 2
114 53
30 45
126 61
148 83
28 52
142 3
42 33
46 125
8 21
16 21
6 14
84 34
24 77
95 61
84 101
13 112
5 118
115 124
20 48
90 13
27 72
17 48
88 148
29 68
135 142
40 51
76 18
149 101
51 29
118 104
79 113
7 82
80 19
120 109
17 144
52 45
2 7
70 27
103 110
12 12
85 87
8 135
104 37
109 113
27 43
12 83
95 15
129 15
61 104
17 142
54 21
61 22
54 114
54 106
142 77
31 88
65 124
35 78
107 50
20 58
41 13
20 94
87 136
17 38
62 66
143 125
82 34
39 96
123 68
56 111
43 93
31 141
28 101
148 130
58 49
43 16
77 9
50 95
9 123
48 54
106 131
11 35
30 83
81 53
128 49
131 98
60 85
131 97
48 126
46 104
26 122
15 121
128 72
30 145
86 78
0 75
97 144
128 60
115 57
46 137
76 51
56 133
141 23
37 147
9 77
81 130
74 77
102 29
29 45
123 56
46 79
23 119
112 41
131 98
42 65
71 132
116 138
72 85
0 2
82 14
133 36
144 52
108 142
46 38
84 149
98 54
43 26
13 16
43 73
94 49
127 67
148 88
76 34
6 108
8 50
26 82
93 114
109 116
138 23
84 21
111 99
76 117
10 107
21 5
95 73
90 103
32 19
68 118
113 21
41 71
135 105
34 41
66 77
102 9
73 29
77 117
41 68
105 103
37 120
124 112
5 57
117 29
3 1
134 97
120 71
13 55
41 56
98 25
80 104
85 95
43 22
115 14
119 41
22 55
62 70
149 33
8 12
19 133
67 106
47 47
103 6
3 130
108 92
79 75
47 135
8 14
107 22
95 59
145 21
61 97
96 114
105 134
140 15
122 58
33 19
74 110
104 72
83 115
147 60
23 35
98 52
87 65
118 142
6 103
7 81
86 56
3 77
85 70
99 32
47 8
22 139
119 7
132 114
6 14
45 92
107 91
78 85
16 111
81 47
10 17
142 71
143 64
6 58
105 124
73 5
130 142
64 5
111 57
114 42
143 91
74 41
113 144
103 131
84 81
66 39
21 11
115 41
87 67
120 89
96 117
114 2
10 137
1 10
40 90
39 58
0 26
66 63
60 28
139 20
136 18
18 50
146 117
16 23
108 145
106 92
55 36
77 148
28 117
53 116
56 26
7 141
104 102
120 20
117 5
115 51
103 147
147 127
30 11
110 39
50 18
143 80
132 142
100 119
57 49
114 31
147 6
134 79
18 24
64 125
82 80
27 82
102 9
54 15
6 25
1 31
43 116
45 21
130 127
114 119
38 27
64 54
98 130
1 47
61 102
122 50
76 137
94 15
50 118
114 146
9 5
61 124
72 63
138 110
26 49
66 73
146 25
86 44
43 0
43 143
5 99
2 136
46 38
143 64
80 7
144 10
96 86
50 95
116 148
42 52
107 94
36 100
92 75
115 76
50 107
115 50
47 98
92 62
96 12
92 111
92 17
90 94
59 96
139 149
49 28
48 85
54 58
65 104
114 99
99 68
3 93
90 8
145 5
96 42
62 132
111 24
131 42
66 123
141 19
136 149
129 105
66 40
141 13
45 4
54 20
123 76
14 81
30 123
35 114
22 125
147 62
57 74
95 61
95 83
17 116
46 42
120 99
129 30
63 60
26 146
12 122
32 94
23 69
6 44
131 130
129 49
39 117
111 81
18 76
107 38
104 64
138 16
25 24
105 96
146 68
8 52
75 99
71 100
20 83
122 97
117 6
99 10
101 143
78 140
91 64
82 142
112 139
147 39
68 122
96 104
102 112
91 91
126 69
41 101
14 127
46 57
37 35
71 20
93 28
15 19
30 106
25 56
34 80
101 59
76 49
71 108
125 67
37 104
70 132
6 127
88 149
128 115
83 91
147 71
39 14
57 0
136 119
136 110
1 119
71 69
96 15
90 83
84 37
123 6
146 65
2 17
102 20
115 106
66 4
80 80
35 49
99 88
71 19
119 45
48 105
46 65
78 48
94 96
95 137
18 110
94 113
123 4
34 99
64 73
58 67
120 34
117 42
101 115
23 99
101 43
147 83
129 32
36 118
23 92
49 132
73 99
95 24
29 137
76 62
47 33
124 34
18 96
76 40
28 137
82 99
99 63
81 38
49 20
101 38
16 132
121 3
58 35
112 117
74 77
29 62
133 28
92 77
60 62
0 120
111 40
102 42
118 29
51 109
25 56
87 83
129 140
99 43
83 95
47 54
90 32
79 22
123 108
31 148
100 124
76 75
67 145
123 51
16 31
126 66
2 23
18 145
20 117
91 98
81 22
41 121
123 140
5 16
141 79
80 120
142 67
74 128
30 53
86 14
124 112
35 66
71 131
88 125
5 22
83 100
108 102
47 79
41 108
5 11
104 2
51 72
21 29
122 8
61 68
66 84
120 29
26 43
57 31
56 27
53 19
82 11
51 69
142 99
28 46
31 80
16 116
38 112
90 21
141 4
22 109
91 23
56 91
112 35
114 118
100 149
139 40
20 23
131 66
116 19
90 123
112 122
2 52
112 100
103 54
115 12
54 12
137 109
64 16
8 107
112 123
5 26
12 61
137 22
140 31
50 87
46 8
32 137
20 30
131 0
12 89
58 59
113 89
57 106
14 40
4 29
76 51
126 136
108 103
43 102
57 56
36 26
140 40
92 45
148 29
69 28
94 89
35 17
11 74
41 113
32 54
12 43
45 24
13 88
6 133
89 29
74 86
58 1
83 125
0 109
34 16
49 10
10 23
104 98
99 106
131 107
132 57
104 38
17 103
110 15
138 86
132 104
49 0
133 86
38 96
62 42
47 13
31 10
146 53
15 6
47 107
85 121
13 73
54 42
4 69
34 116
82 62
128 51
146 99
78 123
139 86
16 119
41 134
146 13
20 121
4 71
119 57
6 2
121 139
92 2
36 92
33 42
146 120
73 148
10 140
104 25
73 95
35 115
70 91
107 102
23 10
56 75
47 149
71 6
80 110
122 56
68 81
130 43
69 10
122 11
63 83
5 15
93 33
90 75
133 62
13 142
79 13
121 92
125 89
16 44
101 14
88 46
2 129
149 31
6 100
30 79
129 86
57 62
26 74
84 143
28 29
149 52
106 62
55 16
15 36
36 140
55 43
97 149
62 98
20 46
3 122
66 63
15 15
116 40
143 104
60 83
101 13
51 60
67 99
30 130
35 78
92 145
115 97
10 6
54 7
116 147
92 47
15 149
29 91
53 130
107 133
88 19
123 38
4 124
79 148
131 45
130 11
22 144
133 130
83 43
147 99
131 33
121 112
108 34
52 17
130 72
34 101
29 97
67 23
104 53
27 96
45 37
133 36
76 89
42 127
128 97
104 83
47 59
36 73
104 7
38 128
50 138
62 109
0 9
74 89
121 108
27 8
2 72
101 82
123 122
139 138
17 109
138 123
26 12
35 77
64 58
102 0
52 34
115 56
85 63
85 130
111 90
102 2
144 5
14 133
78 129
19 126
109 47
31 86
100 85
88 128
13 22
25 24
99 147
50 48
77 147
48 1
71 7
48 40
27 82
102 0
118 57
60 36
110 132
107 65
141 22
94 105
72 33
148 118
11 44
27 138
48 114
8 20
13 22
76 93
142 122
12 78
90 134
101 102
86 13
62 30
71 33
38 129
139 13
114 121
119 28
70 89
32 79
120 128
143 146
14 126
24 92
11 77
88 118
141 112
62 149
96 6
38 79
18 29
110 78
7 26
48 6
91 10
45 79
108 143
104 5
76 71
132 19
79 143
61 74
12 132
52 2
134 133
80 37
145 71
65 127
43 114
55 108
95 4
16 39
140 20
51 52
62 116
123 95
109 29
107 140
46 68
144 28
118 26
110 44
23 128
113 16
37 27
61 96
31 136
41 81
8 103
97 81
108 85
80 29
140 135
119 12
16 104
106 10
80 29
75 108
9 68
77 60
23 133
1 8
102 31
12 21
32 126
20 86
147 12
129 115
67 120
61 74
40 110
9 8
142 105
26 51
68 77
131 61
93 74
104 139
134 19
12 75
47 140
111 121
104 39
108 139
100 126
4 21
111 148
63 114
138 38
141 138
108 72
56 112
44 117
128 111
34 11
74 27
109 18
80 12
38 44
113 4
56 86
67 103
121 91
82 40
49 96
114 146
63 91
144 21
34 15
92 134
104 101
25 70
129 70
4 73
28 147
89 132
147 11
7 88
149 109
8 114
122 36
73 66
45 131
101 130
13 61
74 91
115 133
137 115
107 17
18 20
24 74
103 82
73 144
34 133
128 75
95 47
56 23
108 26
108 64
146 66
127 49
82 119
4 70
122 64
122 73
24 27
139 40
60 72
5 113
29 92
58 95
72 88
102 77
123 40
89 131
88 47
41 65
131 71
4 1
16 138
73 66
12 130
70 132
67 68
143 137
80 0
56 76
131 120
126 45
118 55
22 138
132 105
78 119
113 84
132 36
94 48
37 82
120 12
13 54
99 43
104 11
121 78
70 73
7 36
82 114
105 136
90 24
63 38
36 79
92 36
19 96
79 1
52 20
85 104
45 45
38 17
36 99
2 75
107 129
21 118
18 149
59 31
22 88
148 122
101 72
11 135
77 122
34 83
43 24
18 76
120 103
139 39
78 44
80 53
75 123
58 21
132 76
131 133
14 45
44 5
1 11
137 69
1 141
69 27
119 12
132 126
81 127
110 139
84 77
132 15
119 127
10 19
148 62
88 73
27 142
127 80
83 120
75 98
100 68
13 18
54 112
11 90
79 149
86 125
83 19
48 32
47 145
110 140
147 9
104 42
148 94
138 97
20 83
62 113
116 42
44 108
30 27
10 51
126 20
128 149
7 82
30 31
9 85
51 18
46 80
47 118
39 92
74 9
86 77
96 65
4 133
148 141
139 68
3 1
34 34
124 133
49 79
130 29
120 126
124 101
107 52
81 99
99 123
62 47
149 74
105 54
43 75
35 72
20 128
51 104
53 132
86 81
48 5
114 40
145 148
35 128
17 124
48 21
44 109
83 2
139 54
117 42
31 14
108 45
121 125
108 49
85 131
97 99
20 96
14 60
106 24
69 3
63 110
20 11
47 92
55 5
65 132
109 17
88 32
24 97
72 21
27 34
50 119
23 136
134 74
147 119
129 14
92 81
124 27
114 19
59 82
132 147
64 129
43 137
148 1
26 92
21 18
146 102
66 34
67 58
64 64
10 124
54 51
139 23
0 21
88 141
27 112
11 23
70 26
82 96
141 147
9 111
129 142
99 84
71 71
143 56
62 132
1 31
110 132
129 14
61 126
110 120
96 134
25 22
95 100
29 108
100 141
12 113
64 66
34 119
69 33
70 67
114 127
72 43
76 1
25 106
110 102
113 82
19 1
35 62
149 72
97 111
70 137
107 120
58 89
6 25
145 138
69 1
97 18
58 56
30 27
93 53
104 123
104 40
82 39
124 111
102 114
77 40
61 109
33 139
130 36
8 78
133 2
46 109
41 85
16 61
93 64
32 123
87 87
101 43
80 31
40 37
39 147
69 119
31 128
111 9
133 130
36 119
5 5
43 87
64 14
80 95
40 12
144 44
23 53
65 10
25 40
108 79
35 87
146 80
104 146
143 100
96 112
129 44
90 99
112 44
36 38
14 96
82 99
145 82
107 47
20 20
139 47
18 90
116 3
2 127
19 120
109 85
132 141
8 148
1 147
36 92
112 14
69 7
140 43
73 136
13 32
23 91
127 148
86 146
60 87
141 65
39 40
111 93
96 71
27 101
38 73
40 64
127 40
5 91
72 116
26 122
55 84
72 144
121 118
71 132
30 132
85 79
142 142
118 117
102 8
30 108
123 101
18 54
101 67
90 53
88 43
109 141
64 109
80 92
14 141
42 50
138 126
60 26
53 61
40 10
0 122
134 108
96 74
44 15
72 52
119 107
81 149
96 54
89 81
73 107
0 69
45 49
35 142
49 75
88 115
37 50
99 136
69 57
7 136
96 97
141 102
109 115
28 104
115 38
23 39
112 116
71 123
148 68
143 112
48 1
28 78
90 125
96 101
11 109
28 40
66 39
35 112
105 139
66 46
126 97
52 67
127 0
94 20
90 130
30 11
35 95
143 72
29 82
108 3
4 81
49 135
103 3
58 69
71 99
125 124
106 136
136 101
5 86
70 114
87 55
135 127
8 16
112 36
148 45
110 91
107 147
127 142
36 80
118 32
127 111
105 77
55 50
65 17
20 22
62 128
86 146
58 10
143 15
57 40
8 88
74 50
137 45
137 110
136 139
74 115
51 59
146 61
51 122
148 122
121 104
116 71
103 31
38 27
14 37
97 42
16 126
126 109
19 96
43 33
136 89
35 10
26 139
40 76
108 41
97 84
47 62
48 88
3 13
113 139
92 83
128 0
47 123
134 130
121 116
125 116
4 2
104 91
63 90
96 50
135 112
83 62
125 126
50 18
119 84
139 56
128 13
65 50
117 109
102 135
114 25
36 126
54 103
25 24
62 93
64 143
88 59
46 44
122 40
113 0
68 23
113 47
35 102
32 84
128 116
86 107
107 15
3 127
122 45
119 123
24 25
69 39
98 56
87 57
21 14
128 17
81 49
139 12
73 28
123 147
127 93
140 22
118 30
26 146
60 20
145 76
139 87
29 146
21 41
22 38
4 108
22 22
149 87
39 132
63 43
79 91
135 16
147 119
5 79
148 116
2 85
66 94
85 134
6 109
149 121
2 142
39 59
45 62
31 132
20 34
97 137
81 106
94 132
125 101
6 145
65 74
80 53
77 138
70 54
124 16
133 10
7 144
23 72
87 0
64 119
1 42
64 89
87 78
148 33
26 10
17 64
107 102
4 148
64 95
87 79
41 28
147 118
23 44
114 100
125 0
136 149
59 100
127 3
34 29
42 120
127 62
55 28
140 129
96 72
70 133
30 26
127 35
74 133
69 118
126 65
119 14
47 133
54 112
143 113
36 3
31 75
94 38
82 66
120 105
90 80
19 76
47 1
28 54
120 55
131 3
14 86
108 55
136 133
89 64
77 108
102 116
60 40
57 87
93 100
32 126
69 139
19 76
82 41
92 91
10 113
111 127
140 86
49 82
12 20
89 103
132 14
33 59
91 99
60 97
92 54
23 142
55 120
7 65
117 53
136 63
13 144
130 58
66 80
127 83
86 126
91 16
48 80
59 58
61 93
109 0
149 13
139 72
115 129
10 71
56 75
7 120
10 147
60 99
31 38
64 89
135 72
85 62
26 88
58 75
146 110
36 36
79 122
116 13
32 103
63 90
61 78
80 136
111 97
52 119
31 41
131 138
139 114
88 21
118 80
149 108
140 30
66 35
11 68
23 12
52 5
49 113
118 72
133 95
9 30
116 133
12 76
31 70
125 101
45 91
41 30
120 41
140 19
93 137
124 134
16 1
132 36
143 74
101 93
130 93
7 113
47 2
41 126
24 5
144 40
82 47
45 141
17 75
61 147
125 94
109 40
100 24
39 133
89 18
90 118
91 145
58 43
9 50
50 147
75 94
94 67
99 82
65 116
40 87
85 23
34 20
5 67
133 9
115 66
26 124
59 9
83 46
148 128
101 24
138 72
137 127
35 31
84 6
119 106
64 63
49 96
129 46
91 52
92 142
94 8
51 32
111 17
81 34
44 138
24 74
79 31
127 0
77 19
12 63
33 9
60 11
69 30
83 96
41 49
108 107
15 129
8 48
43 55
19 29
56 88
70 28
12 144
70 77
71 119
44 134
45 142
84 117
126 22
85 29
97 61
64 12
2 133
142 52
146 132
36 139
77 105
75 13
107 40
4 144
134 33
69 147
132 87
18 23
114 2
9 94
40 5
14 93
66 17
135 119
60 65
5 12
48 84
113 15
94 50
67 93
41 106
82 146
47 129
0 73
12 44
143 26
24 147
130 41
64 131
114 135
17 147
39 35
29 74
71 40
23 77
88 0
34 42
105 138
38 57
13 33
67 25
149 51
103 58
12 121
79 27
2 124
114 66
110 118
88 132
144 22
89 78
10 58
22 121
75 99
82 30
18 132
81 127
32 14
50 94
90 121
147 46
77 87
141 21
141 81
140 11
83 66
100 103
63 81
129 82
20 16
66 59
124 128
44 75
55 105
95 4
21 21
6 107
147 14
75 114
82 28
31 53
142 131
121 41
129 82
4 140
123 96
88 139
127 34
9 115
100 81
34 80
66 51
14 16
23 28
35 85
62 115
68 114
64 37
85 61
147 16
40 62
136 24
13 84
38 45
139 120
58 32
76 72
128 23
1 59
104 124
11 111
133 66
38 18
94 117
101 42
147 29
79 140
91 79
32 71
67 13
94 35
57 76
38 34
137 14
113 12
80 52
138 31
8 137
123 85
19 149
44 90
143 39
136 2
49 39
130 91
98 149
120 64
149 113
31 28
104 66
93 47
82 129
103 78
7 123
143 103
103 48
127 19
87 136
12 110
119 122
6 32
3 139
118 65
111 116
1 123
8 3
47 119
115 47
95 25
80 57
112 82
73 91
136 137
65 146
142 118
69 64
90 69
83 56
62 52
54 115
6 51
133 22
53 69
71 88
77 62
7 16
26 111
37 80
11 17
111 36
77 7
52 61
83 54
130 47
129 144
115 109
80 25
50 136
8 138
0 13
112 1
56 78
116 146
112 127
10 72
39 82
94 66
5 95
148 49
48 143
38 97
75 65
37 132
76 123
0 87
129 72
35 105
98 11
112 94
137 32
138 31
139 0
37 53
58 95
80 24
88 90
114 42
61 16
140 97
22 92
125 1
52 62
49 69
9 26
141 124
16 72
17 84
20 94
79 87
39 23
120 116
0 22
46 75
89 107
68 24
36 136
106 89
54 117
20 17
96 140
142 64
75 52
52 94
102 116
86 13
61 2
63 100
79 123
37 96
68 63
22 67
142 105
112 65
63 142
109 132
87 125
82 61
75 117
110 49
12 42
64 0
111 139
134 56
33 57
104 104
140 96
98 101
4 149
109 56
19 86
134 135
4 38
122 23
75 140
145 38
99 35
112 74
112 37
37 56
22 3
143 22
33 147
22 37
148 74
5 69
118 106
46 148
102 32
9 17
41 72
58 37
72 136
93 117
54 76
145 104
122 129
147 68
22 142
13 11
130 72
90 11
48 38
88 32
145 123
98 114
85 21
35 25
54 8
62 31
121 124
97 51
132 87
13 112
85 20
121 80
64 50
110 49
70 62
76 115
57 96
57 62
43 91
3 126
20 15
99 27
85 109
83 70
91 1
54 57
138 115
46 117
27 11
23 135
89 115
115 16
94 35
71 6
58 86
54 95
5 148
147 75
25 109
100 91
6 105
115 99
23 12
148 19
20 39
17 115
128 86
97 82
98 85
140 92
49 28
142 74
144 131
65 89
108 133
126 94
1 94
23 91
23 55
32 52
136 57
100 54
66 135
34 7
130 46
133 78
29 51
5 103
95 121
118 108
111 26
24 14
131 1
94 49
75 26
31 85
27 31
128 119
143 102
119 89
6 113
66 67
101 68
146 122
115 106
98 120
135 87
98 31
58 48
22 75
148 59
124 94
66 41
95 13
121 110
95 25
48 33
125 62
54 45
104 67
116 81
118 15
55 33
136 69
82 82
44 8
126 68
35 23
23 8
54 81
126 135
4 39
30 146
29 91
98 23
20 142
52 72
9 126
147 118
107 0
129 95
142 112
108 67
13 40
127 49
121 140
20 113
75 25
1 102
54 32
7 42
119 127
113 49
95 6
12 59
1 17
104 33
98 34
4 112
134 94
81 81
119 111
12 72
121 16
101 13
7 29
121 91
98 6
131 8
121 101
91 2
50 88
94 22
31 70
90 24
84 48
7 59
113 108
37 135
108 117
36 33
90 9
99 129
117 81
0 70
41 5
11 14
56 8
118 2
122 16
54 96
102 73
63 95
103 15
32 90
6 28
20 137
48 93
30 60
104 130
104 11
136 22
87 146
19 10
109 51
39 84
81 8
62 22
89 119
14 26
42 83
41 15
26 131
37 72
30 117
80 90
99 87
21 142
29 57
6 13
14 83
78 18
147 145
125 30
59 65
93 31
69 43
118 32
69 140
0 110
59 128
24 102
7 68
145 128
33 30
129 67
130 63
31 144
30 48
92 79
52 88
35 24
125 21
101 87
20 42
59 32
47 55
138 42
101 98
94 21
77 95
90 77
34 61
39 18
144 129
40 130
13 50
10 130
28 124
44 79
109 103
126 114
148 148
77 113
91 123
101 26
63 117
46 50
98 119
109 66
25 94
81 137
84 15
91 9
14 15
123 26
110 115
79 70
89 87
99 55
24 89
140 97
118 97
15 5
97 130
141 28
37 59
45 121
62 145
129 49
126 106
100 43
6 4
7 34
22 83
140 14
83 141
20 58
109 126
15 58
48 56
75 106
136 108
109 125
54 10
101 65
90 103
85 50
115 68
114 134
127 89
61 95
38 44
25 18
17 88
95 6
9 116
37 126
39 130
72 127
58 84
58 51
94 103
32 144
110 2
2 115
20 121
72 99
50 75
75 30
90 75
45 79
35 56
98 15
56 142
120 92
85 112
10 73
17 121
143 131
103 1
80 142
102 125
90 80
17 81
133 32
123 44
27 27
62 87
11 140
107 44
72 55
113 95
40 21
133 26
50 70
4 22
120 67
45 64
98 103
127 31
145 137
50 118
6 116
74 113
114 142
52 39
89 5
11 51
16 149
82 70
53 29
61 90
135 99
41 144
97 22
9 21
31 50
82 125
92 92
108 35
47 24
26 75
77 32
75 17
3 80
10 31
136 56
38 16
91 8
78 149
44 118
20 79
1 2
132 89
8 87
117 82
101 37
71 84
43 145
132 103
112 55
106 118
41 134
102 87
47 51
8 121
51 147
64 101
43 109
38 63
65 22
103 142
22 81
51 17
83 109
127 17
71 144
48 35
24 32
84 132
148 30
59 77
114 71
32 23
44 49
135 77
37 68
83 130
84 21
50 84
111 149
116 101
146 21
34 101
98 140
54 1
4 22
112 53
33 94
63 65
100 117
93 58
127 111
105 69
52 114
137 88
10 143
51 136
59 72
84 132
5 92
137 129
54 141
33 130
59 107
84 134
14 81
116 28
32 122
80 148
135 54
143 46
6 32
7 75
68 136
42 3
80 42
88 103
2 63
130 31
17 33
64 80
80 78
135 109
33 148
113 73
75 55
139 56
111 91
78 130
115 16
23 95
141 97
83 99
98 85
67 80
120 71
42 124
98 79
48 130
36 67
104 38
115 74
13 147
28 92
25 133
41 13
33 85
114 74
138 37
29 40
122 44
29 7
20 28
135 66
96 100
24 58
57 102
78 50
141 76
98 66
78 45
107 81
25 68
88 78
20 54
28 100
69 60
63 1
84 118
56 77
123 135
149 10
140 3
55 93
84 94
85 46
114 101
40 40
135 78
49 90
95 66
137 11
143 90
130 132
148 139
25 5
117 65
123 11
104 5
45 112
26 38
17 51
17 39
33 119
116 127
71 125
125 17
124 3
106 16
101 134
127 83
111 120
77 66
136 112
89 38
135 122
114 58
86 7
146 27
11 81
99 31
57 144
24 12
57 116
97 41
21 60
38 60
15 51
117 30
75 41
139 54
120 44
55 12
127 144
68 63
37 29
98 47
67 89
133 116
71 108
123 119
34 50
81 81
102 136
63 15
44 20
46 104
49 143
95 106
119 53
26 58
66 99
90 18
54 42
91 80
11 54
85 27
115 8
56 121
40 73
3 126
45 47
41 75
146 13
123 129
18 13
11 40
120 68
131 82
125 113
104 67
12 79
120 37
144 26
57 64
21 148
70 106
66 20
2 110
136 57
132 148
94 79
55 124
3 123
128 145
135 87
50 27
76 51
37 44
72 132
5 110
90 16
134 16
76 123
142 23
133 142
22 36
145 117
80 114
61 138
25 120
60 24
105 14
8 32
2 34
96 54
35 12
80 96
32 76
104 99
127 14
6 118
144 58
34 90
21 2
26 118
91 101
35 137
76 104
127 12
114 2
118 6
40 60
11 108
70 56
12 128
45 51
90 2
22 41
131 1
9 116
39 41
148 95
126 129
87 145
83 46
12 128
67 8
142 148
35 13
97 2
29 68
120 35
125 139
136 119
72 105
24 26
111 113
148 59
102 62
126 67
38 136
88 30
103 59
93 81
4 50
142 16
47 22
10 106
125 29
38 139
129 59
57 25
0 46
66 82
65 110
121 59
79 25
91 133
28 140
4 34
82 3
79 131
71 138
13 34
121 62
40 11
15 99
107 139
110 109
21 110
68 144
30 41
101 105
80 107
112 124
16 57
113 56
16 76
38 48
42 64
62 104
52 101
117 80
62 16
68 127
89 126
90 107
66 114
24 43
34 11
77 92
66 27
112 36
108 111
143 131
135 49
115 0
80 92
113 116
26 33
65 132
124 84
6 50
146 0
99 107
126 127
138 39
81 17
110 38
34 119
21 6
126 147
30 38
77 54
23 149
51 120
140 89
15 141
138 140
121 127
140 107
27 116
146 53
72 140
78 108
145 149
55 53
18 69
87 15
111 40
11 67
87 102
93 146
76 5
54 41
36 121
73 84
59 56
125 146
71 63
72 109
137 13
10 148
53 92
14 135
84 107
34 85
11 136
8 138
62 54
115 7
12 99
77 60
110 127
109 74
6 16
119 133
67 133
10 94
74 122
43 74
88 84
55 9
77 111
108 18
135 128
128 85
33 144
138 148
20 9
81 148
92 113
57 109
126 12
19 37
120 95
59 79
5 139
5 131
70 110
67 76
126 5
62 71
43 127
134 55
58 38
147 91
36 6
135 123
11 134
48 136
138 3
61 45
17 57
134 70
16 37
12 14
31 65
26 1
123 78
138 119
116 129
76 1
131 71
18 37
84 48
27 131
116 140
15 4
45 93
139 29
149 37
115 65
118 125
48 107
130 96
107 131
11 49
84 100
126 74
94 137
2 55
34 50
9 51
37 54
12 36
141 19
89 140
47 75
69 132
85 4
53 12
38 68
24 73
91 97
95 90
118 114
77 82
58 108
28 49
87 24
114 110
66 93
60 18
18 128
52 118
70 146
19 85
115 130
100 78
105 49
143 148
116 71
126 82
43 94
100 124
111 28
44 13
18 79
0 101
30 149
110 0
84 143
80 77
130 124
87 125
149 64
109 55
66 34
50 19
101 40
51 128
55 108
36 87
38 84
124 112
75 14
14 52
51 125
142 5
45 21
76 79
64 137
61 79
6 63
144 122
37 50
114 24
30 114
98 45
7 91
83 58
42 143
79 110
99 38
36 95
142 63
74 124
78 128
16 82
32 131
65 127
99 108
134 77
6 110
14 145
27 47
10 143
0 106
18 11
17 17
60 89
21 81
50 84
80 108
109 103
41 65
79 15
113 72
118 109
89 19
91 60
22 48
130 143
79 42
76 90
15 80
137 23
133 142
69 92
35 20
52 41
6 112
102 86
78 32
90 92
134 141
54 5
139 139
133 52
122 147
76 8
64 100
112 19
75 124
125 42
148 8
41 102
57 145
22 144
95 144
142 107
25 50
93 149
111 9
75 130
8 144
127 88
37 71
58 128
82 94
132 32
72 141
58 40
25 50
127 130
89 33
50 70
9 126
143 107
1 55
103 16
149 103
28 3
92 30
70 139
50 31
64 135
145 82
116 79
147 92
94 3
55 40
67 84
84 135
86 70
133 73
79 104
82 147
130 71
100 32
131 35
80 148
29 104
15 28
76 114
112 87
61 103
87 27
39 12
41 123
110 130
95 51
115 1
62 21
109 52
104 82
83 149
2 113
53 134
87 72
17 119
68 72
141 128
129 113
68 81
143 60
28 112
126 32
3 1
38 22
76 142
33 60
63 32
50 36
68 83
56 13
101 118
5 102
11 106
38 142
58 47
97 9
127 116
82 14
100 128
78 24
69 20
62 115
115 74
46 15
129 79
128 88
48 82
46 131
149 109
96 41
129 2
8 31
116 76
125 100
57 52
125 95
92 133
117 18
80 0
39 90
95 132
72 97
44 5
78 102
63 86
50 139
43 57
141 127
116 147
30 56
2 109
88 32
46 75
65 17
81 4
93 143
55 109
90 112
104 104
77 144
72 73
37 119
3 46
144 145
111 39
132 143
14 85
21 91
69 114
83 70
119 132
41 116
110 42
125 48
126 29
142 59
52 65
147 141
48 132
55 71
34 55
18 109
34 102
113 16
133 122
12 107
103 64
138 41
130 15
66 131
75 72
27 62
32 103
86 71
28 1
112 106
149 77
122 58
66 149
149 66
39 142
30 44
149 37
89 107
102 13
30 29
64 6
58 32
61 15
144 88
0 67
54 51
43 69
19 62
22 32
19 0
63 64
57 148
101 64
22 91
10 144
43 140
32 23
117 23
42 35
61 9
43 119
4 135
35 3
135 25
10 54
25 37
2 147
62 107
135 72
10 68
149 91
42 102
53 107
94 77
14 11
80 122
115 129
2 132
51 121
77 26
7 90
112 100
55 108
145 116
78 2
38 69
117 101
91 5
23 125
106 53
41 35
119 120
49 101
149 43
82 101
74 109
17 97
140 5
86 119
2 104
122 141
88 85
147 30
106 129
80 64
66 146
141 97
22 62
38 58
22 76
24 142
45 108
95 136
0 125
145 116
76 133
119 88
134 42
35 108
131 18
11 4
101 15
48 72
9 32
126 64
135 74
27 46
116 147
14 79
137 13
16 118
55 119
63 36
37 27
111 20
81 18
123 122
11 65
29 23
62 149
85 19
147 113
29 146
15 93
28 90
51 138
129 126
12 41
85 116
8 67
4 9
75 16
57 89
60 17
8 23
136 26
59 76
78 112
64 23
142 127
81 11
149 7
45 134
36 5
117 148
21 89
118 8
105 82
107 40
105 105
113 65
55 138
136 44
8 23
100 94
22 128
107 17
18 22
72 100
9 46
18 113
94 24
149 48
126 4
111 146
22 15
83 63
19 59
8 6
122 59
147 74
42 36
24 106
104 11
21 0
69 45
53 126
132 56
6 134
113 75
106 129
52 149
140 108
148 135
52 111
85 143
143 114
52 123
26 90
118 53
97 88
149 93
95 47
127 67
14 88
120 108
127 121
0 75
102 108
124 115
77 122
80 29
144 33
66 93
91 88
145 14
128 133
131 52
124 69
20 82
144 31
46 69
76 60
28 25
25 73
24 92
114 53
126 10
94 43
59 59
59 130
93 66
148 75
135 88
29 134
110 141
83 62
15 37
78 34
7 41
22 12
146 18
40 90
15 31
49 59
23 119
58 51
53 111
47 18
24 17
143 142
146 49
18 63
28 134
95 65
21 86
41 144
122 106
31 99
4 99
41 36
99 22
54 103
80 106
93 46
109 67
12 18
1 74
128 115
55 131
0 103
135 91
34 54
67 47
65 133
73 38
6 125
118 74
14 134
7 21
85 33
91 50
131 66
38 42
76 136
98 1
40 114
29 87
23 45
34 67
8 32
44 87
64 77
106 109
12 91
45 103
2 2
98 48
148 68
22 115
36 128
33 92
10 92
69 19
124 46
124 117
28 125
40 131
70 72
119 32
114 56
105 25
65 127
104 147
1 142
139 35
94 27
125 14
125 65
4 62
79 76
144 45
61 37
81 109
140 136
62 63
82 118
68 57
146 79
122 32
46 47
51 42
139 14
124 120
137 58
80 6
114 11
103 5
91 130
34 129
75 10
128 97
70 114
61 118
132 144
105 79
38 103
99 72
48 14
86 47
117 56
20 114
66 16
67 87
101 41
100 22
137 56
53 79
132 132
7 97
99 74
68 22
100 47
6 84
44 82
93 128
106 51
16 125
83 46
50 48
67 44
12 41
77 120
90 0
133 24
139 67
123 17
22 32
15 58
102 136
30 8
32 121
81 75
79 49
60 30
40 133
75 0
44 50
37 46
145 75
25 88
92 94
29 51
130 129
113 96
78 98
94 13
38 27
61 113
75 137
36 61
22 66
102 82
52 59
75 94
102 132
132 61
56 67
139 125
14 31
90 24
70 117
54 103
34 148
117 132
61 140
20 15
62 20
9 31
54 18
52 115
126 72
42 114
17 69
128 126
23 119
52 148
132 10
38 112
119 118
39 95
103 68
30 45
90 106
58 41
80 31
41 67
96 68
38 125
70 100
140 103
97 19
78 130
52 117
23 125
7 139
79 34
12 133
80 77
80 16
62 145
42 97
91 74
97 99
3 141
21 87
20 89
101 35
85 61
67 134
77 18
75 111
61 84
106 2
16 40
111 30
11 42
74 23
11 83
53 2
3 40
19 86
94 64
29 71
4 35
15 84
30 125
64 99
71 47
51 40
88 0
52 133
57 15
22 9
44 105
63 129
58 6
33 94
30 37
23 137
149 80
117 11
90 62
4 111
73 4
66 23
68 104
39 111
24 92
0 128
114 93
45 26
102 128
51 112
121 120
22 1
83 71
33 121
145 119
81 49
115 85
21 50
66 125
149 10
135 148
58 48
86 97
100 87
139 54
47 33
48 87
122 32
71 46
129 41
60 70
127 59
27 51
129 105
80 127
27 93
34 63
25 86
110 105
14 77
7 33
71 99
21 43
39 115
112 72
114 58
17 92
79 79
1 138
54 48
12 59
83 130
5 6
104 75
22 141
142 90
97 107
89 138
46 30
104 19
50 122
51 79
39 84
127 102
38 125
52 35
136 35
91 76
30 126
121 38
92 24
106 55
10 33
33 88
16 79
111 33
78 78
97 116
99 3
103 105
144 27
45 45
88 149
7 109
140 46
79 115
47 141
65 24
48 13
56 45
58 136
97 106
78 24
2 98
52 66
119 77
92 65
63 111
46 98
123 81
50 20
145 133
79 22
59 57
102 39
37 139
45 24
67 61
149 72
63 44
2 12
71 52
132 51
110 122
87 83
104 20
70 24
95 10
89 7
149 43
91 90
90 54
9 74
66 97
99 88
17 53
64 109
13 90
33 4
22 50
32 110
106 18
109 137
60 85
59 75
68 53
114 143
120 122
18 88
105 141
149 111
120 88
142 116
142 66
118 9
132 32
127 2
83 79
119 70
17 34
69 71
74 84
147 124
138 125
93 33
25 27
86 31
128 42
3 38
126 105
60 93
3 45
106 80
142 45
0 91
138 77
115 60
37 53
48 112
124 17
117 135
26 117
75 149
63 141
1 2
81 48
141 133
114 95
16 56
138 133
61 149
135 94
76 129
89 56
136 149
50 95
60 110
71 94
75 122
0 79
36 114
129 74
43 139
35 99
114 11
90 36
130 126
27 90
8 114
53 64
20 25
13 4
88 124
7 53
70 110
5 55
24 67
30 51
109 75
69 102
93 66
35 79
45 2
53 57
22 20
12 68
75 138
103 129
129 122
1 120
55 104
129 123
60 71
11 109
133 69
6 147
5 113
118 126
19 71
109 114
78 100
100 87
95 34
58 9
4 37
16 124
79 50
31 97
144 81
0 74
110 65
17 82
83 15
96 131
122 78
60 104
52 106
136 105
26 22
29 87
99 123
25 79
62 86
67 108
136 41
96 143
71 10
98 78
68 127
27 82
51 90
88 22
86 53
67 37
19 61
118 107
112 4
3 80
10 1
63 25
28 106
136 49
35 79
142 126
64 101
98 100
117 20
126 102
54 7
82 108
85 135
85 45
149 112
30 100
67 60
39 78
95 61
131 59
81 109
73 86
43 57
102 21
37 130
6 34
116 121
117 51
92 106
81 38
116 56
49 108
86 79
137 131
113 103
66 84
109 49
34 140
24 141
81 79
14 60
145 148
109 25
75 21
93 5
101 129
8 106
98 36
66 145
61 36
46 62
58 62
31 88
28 73
1 58
90 56
32 136
122 71
94 52
18 141
142 122
109 127
103 144
123 79
144 59
142 3
104 76
94 79
40 78
53 138
96 127
88 66
112 102
25 35
69 143
77 30
92 108
8 144
40 135
112 96
18 133
29 123
108 63
138 107
85 46
125 50
5 80
21 104
66 123
138 41
12 83
51 87
6 109
60 94
102 120
101 123
34 16
136 46
62 2
58 24
32 93
53 39
2 39
40 64
107 117
93 71
50 70
36 125
79 68
97 63
126 55
85 41
50 37
106 99
112 51
32 58
8 18
112 130
36 147
11 61
145 96
82 3
92 79
100 143
13 71
85 110
5 44
15 44
2 125
0 146
32 139
34 136
140 97
27 60
18 107
58 97
35 131
40 14
100 53
121 52
61 94
75 38
81 22
125 137
72 77
89 56
71 143
13 51
7 107
73 98
146 127
106 94
105 87
84 142
51 123
49 35
56 67
44 57
53 9
16 136
26 79
124 85
97 61
15 34
74 9
22 20
26 109
52 114
78 113
75 101
115 16
61 119
136 64
37 63
31 133
6 24
118 148
54 67
88 100
114 76
126 147
69 132
24 8
39 38
116 39
57 12
44 51
38 142
19 88
75 111
48 45
118 146
130 60
73 77
69 137
92 52
63 107
133 63
78 81
5 71
77 95
14 63
17 139
109 115
145 134
65 50
82 105
149 127
115 104
98 140
69 18
117 70
111 16
118 148
74 65
26 34
107 116
115 79
84 138
79 123
63 2
46 142
81 93
131 104
87 93
70 71
86 63
31 123
149 54
3 85
72 53
117 117
129 48
128 134
130 148
85 14
75 16
56 28
133 16
131 129
8 96
65 64
31 122
72 19
138 18
121 148
108 115
132 67
143 84
128 136
76 13
121 83
76 62
123 15
80 134
19 9
54 148
0 78
126 120
67 1
21 65
106 68
52 147
132 107
80 34
58 66
16 23
85 136
13 129
62 45
122 101
74 29
147 98
80 65
112 29
2 92
146 55
72 30
23 23
137 12
118 29
89 27
72 135
98 122
84 35
11 24
147 81
56 8
137 36
96 11
35 43
125 43
27 45
123 79
97 122
12 135
20 121
31 137
84 2
82 149
106 144
140 4
41 87
19 110
100 3
6 33
107 56
23 36
85 144
15 69
94 43
59 67
120 103
66 83
62 41
148 27
98 31
149 1
83 139
124 49
87 124
32 25
92 26
100 29
126 51
137 2
75 25
136 140
119 106
78 74
56 59
2 100
94 33
76 0
147 143
39 116
2 20
20 113
45 85
75 97
81 46
35 80
37 32
49 73
47 143
0 116
114 108
95 43
32 44
93 19
20 120
53 89
137 50
107 61
22 22
86 141
124 140
66 121
75 66
3 119
104 144
143 10
123 130
116 69
97 131
61 52
11 76
36 142
118 28
60 58
123 0
97 16
83 149
111 97
46 10
25 147
47 113
116 2
140 101
133 11
119 47
131 66
21 7
17 50
73 48
8 32
52 85
11 111
52 100
81 4
125 18
88 121
77 44
11 83
126 132
73 68
149 79
13 43
110 111
77 52
61 122
97 95
33 86
34 26
3 12
128 20
90 5
5 10
103 43
37 12
53 72
121 2
125 74
37 1
132 21
68 7
73 118
138 69
140 48
20 62
74 85
42 77
85 63
143 17
101 65
16 90
121 140
38 23
98 8
118 42
65 12
86 116
121 127
66 37
91 69
120 42
21 145
106 5
106 88
23 141
93 125
119 20
133 149
66 148
83 28
117 83
49 95
96 148
6 138
110 115
30 14
44 37
122 82
107 18
59 56
28 31
141 9
21 97
16 93
87 130
84 92
129 26
123 124
94 14
62 126
87 31
83 107
82 4
86 13
68 73
143 96
106 112
58 113
10 64
119 16
22 1
77 29
4 131
93 13
31 12
34 72
118 77
129 38
110 133
98 85
78 9
85 22
139 102
71 122
12 101
115 18
20 50
131 1
13 50
131 91
58 111
9 132
122 104
113 2
58 21
98 109
137 79
59 109
126 135
98 129
8 20
82 13
70 40
101 61
129 123
128 75
149 133
31 42
10 90
5 69
71 34
112 88
147 40
37 66
28 5
58 23
140 38
116 126
134 67
72 54
148 104
118 8
106 125
113 46
95 84
70 41
103 124
48 139
97 26
132 69
119 62
58 0
77 62
21 43
111 70
55 21
15 88
12 10
71 36
8 22
49 76
9 105
22 75
73 121
44 117
111 111
66 140
32 48
120 86
8 58
15 97
81 77
89 32
143 89
53 98
16 115
148 132
120 24
17 144
114 67
34 142
33 110
89 134
69 135
100 106
58 54
124 118
34 44
116 78
78 41
75 133
103 68
95 54
6 48
105 10
41 98
12 84
59 103
81 140
41 10
134 140
60 20
125 111
142 10
62 63
25 47
65 100
59 118
128 114
3 60
28 55
103 19
94 129
32 0
141 13
92 100
74 86
90 115
71 148
134 4
141 113
18 16
30 43
19 13
121 108
5 120
139 82
109 62
93 9
75 116
135 118
3 39
122 73
141 76
64 43
26 110
48 27
47 90
51 117
131 32
74 37
92 87
20 18
86 124
128 85
130 56
93 130
9 86
128 145
40 36
1 128
68 1
112 134
17 148
139 41
112 107
139 92
3 5
18 19
79 102
97 78
63 141
116 142
117 142
112 43
24 43
102 46
74 16
20 111
12 89
61 112
16 6
147 7
72 123
133 118
107 57
48 36
19 64
143 91
79 106
18 3
111 45
124 134
64 116
35 50
45 110
94 16
81 123
91 131
25 56
96 42
11 126
25 11
48 35
135 113
140 116
84 55
20 88
3 147
31 90
39 134
10 31
145 122
75 96
16 96
121 52
81 78
60 130
66 39
15 75
62 137
90 46
34 118
69 14
129 57
34 13
108 32
108 4
44 60
77 116
74 132
9 22
15 134
110 104
149 41
4 78
25 4
138 113
57 100
146 24
71 100
43 43
25 85
145 3
9 133
55 38
67 5
94 99
21 57
89 22
7 94
17 83
45 125
107 64
99 97
64 56
83 148
72 111
146 75
116 99
120 74
1 126
5 8
71 51
50 104
5 67
144 147
81 43
65 111
94 74
135 13
4 39
105 61
62 89
64 60
119 119
0 144
63 10
77 131
119 90
37 13
61 24
41 74
113 103
122 23
76 133
128 83
82 67
36 75
25 89
36 24
107 141
86 60
46 142
72 50
88 92
110 148
75 70
71 1
118 25
72 117
126 32
39 31
83 102
131 83
16 7
97 38
8 74
39 27
103 128
134 118
134 44
102 83
140 99
136 53
48 78
58 84
49 138
127 7
14 91
138 31
89 40
23 11
80 102
67 24
40 92
4 99
96 64
115 119
145 61
137 126
68 11
2 113
37 83
1 94
132 42
79 58
137 62
49 70
90 72
70 127
100 105
97 138
145 34
115 24
62 142
122 37
34 49
42 135
109 79
129 135
1 75
126 34
128 34
56 28
127 69
21 105
87 98
76 54
131 35
91 124
64 127
12 113
90 89
144 33
76 73
112 90
130 63
66 131
72 100
89 62
59 18
25 25
16 129
0 57
89 148
147 9
99 126
91 21
58 48
107 16
54 62
120 124
59 128
23 33
115 4
138 45
82 34
116 46
146 27
2 81
64 93
25 93
92 127
58 33
120 57
98 59
123 54
17 37
67 53
132 41
10 16
136 122
120 70
44 124
113 26
32 19
45 87
24 27
80 51
51 143
11 115
105 68
110 76
41 121
129 132
90 53
86 121
119 57
78 61
30 105
132 147
114 13
104 79
14 54
87 42
131 85
137 66
78 62
90 5
127 5
140 148
34 36
9 90
60 129
127 33
137 10
82 88
48 65
37 57
65 41
94 131
96 85
88 72
117 2
26 29
63 69
34 100
4 55
87 71
71 143
102 95
17 36
98 120
44 51
72 3
142 72
147 63
15 21
12 80
147 143
55 7
74 124
17 19
55 41
81 125
2 90
43 35
101 83
44 118
40 32
73 29
65 115
144 41
37 25
95 122
31 147
48 3
125 145
94 93
104 125
40 134
91 118
107 8
113 88
127 110
106 123
14 18
34 2
37 89
55 93
117 92
34 111
24 70
104 55
5 62
106 68
2 16
73 141
35 33
65 13
33 60
64 57
45 81
97 43
41 15
107 102
66 57
96 93
141 35
30 71
149 98
21 1
30 107
124 32
122 37
92 72
136 8
56 99
40 79
101 66
146 138
148 94
39 23
117 132
118 141
13 23
145 82
84 68
148 89
123 134
63 102
12 22
99 129
48 89
5 13
52 31
146 127
132 23
98 105
66 40
40 25
137 27
33 79
141 5
64 129
53 23
41 44
21 107
81 31
149 37
87 66
3 70
124 67
58 58
38 89
59 6
52 62
95 89
73 95
143 132
105 56
118 46
40 95
132 125
147 17
88 77
106 93
119 57
90 65
105 49
63 69
144 55
5 98
30 53
46 119
116 61
99 79
51 62
70 69
111 69
73 42
94 101
89 121
48 74
50 136
82 74
112 30
105 81
126 18
93 147
44 97
68 82
48 141
16 130
67 112
35 146
83 141
2 37
116 32
1 18
128 27
125 9
24 76
55 78
51 44
106 71
82 134
140 110
13 43
7 60
143 24
68 30
47 98
34 147
36 121
46 70
130 132
112 105
105 107
36 127
44 86
67 38
47 120
26 130
32 40
36 144
58 93
4 112
57 125
30 99
136 101
110 4
132 45
71 128
119 26
51 29
74 30
90 131
15 113
73 82
125 23
72 141
83 41
85 114
58 139
7 146
127 30
70 50
69 128
141 33
79 1
137 145
42 67
138 38
129 94
109 75
0 46
105 22
139 104
126 80
67 3
148 8
148 4
144 137
101 116
121 46
59 131
111 89
9 70
53 23
74 134
87 116
25 111
65 50
25 85
18 48
23 71
23 125
80 63
141 73
95 64
38 52
52 90
59 17
55 141
137 9
93 40
89 113
101 59
138 44
56 22
136 17
92 124
145 108
59 43
25 13
148 123
134 58
74 126
149 104
69 31
99 143
109 122
11 144
96 80
119 14
59 113
3 62
120 102
138 91
116 136
113 123
1 7
69 18
49 135
84 61
63 101
98 111
48 148
87 1
46 43
130 35
23 130
6 44
95 109
15 147
104 146
82 94
9 111
14 51
111 43
125 2
140 10
104 45
105 53
83 58
12 7
22 19
104 82
24 26
41 56
67 41
69 108
61 20
57 50
36 29
132 148
141 77
63 23
23 95
135 82
33 60
34 13
9 109
44 64
88 149
46 77
122 1
49 136
133 28
130 131
141 79
100 63
90 102
82 128
122 51
50 0
7 14
119 69
14 7
122 62
73 68
21 2
134 66
86 71
23 89
31 69
123 91
70 73
62 7
78 119
63 7
87 68
86 134
46 131
57 71
73 98
46 129
51 96
86 28
35 2
17 13
99 39
23 135
94 109
108 77
97 119
71 113
5 15
98 65
110 101
84 44
95 47
51 103
59 146
0 133
67 72
15 111
124 40
106 58
31 85
91 94
70 46
65 138
45 12
119 69
9 127
98 78
71 12
118 131
148 124
117 101
54 99
78 50
133 19
87 105
88 112
130 63
60 39
76 141
109 90
75 81
89 125
7 70
0 82
58 79
116 79
132 64
62 93
137 117
17 100
24 48
11 47
0 122
47 141
98 94
24 58
2 22
120 63
16 67
26 145
121 56
130 125
76 49
29 61
23 39
140 137
84 0
138 54
130 89
88 148
48 24
92 37
11 79
70 95
99 59
95 119
37 5
104 75
141 41
18 132
110 141
2 12
138 34
55 2
7 77
116 9
61 74
75 103
129 117
19 73
48 126
113 79
131 70
14 84
63 118
115 24
146 80
122 30
126 23
130 122
42 80
8 125
2 129
2 126
35 53
6 130
125 10
18 57
58 78
93 85
147 2
106 41
64 88
119 80
46 35
40 16
110 26
47 9
59 100
46 11
31 0
57 53
140 119
45 41
46 55
32 103
133 116
101 88
60 138
146 82
93 42
109 58
56 118
95 27
13 65
28 20
88 25
130 41
34 100
131 31
43 60
43 137
19 86
35 107
3 22
27 79
51 125
63 113
148 25
87 5
42 79
77 61
127 35
143 69
35 51
53 97
77 20
108 75
48 60
149 84
41 139
43 37
5 114
102 86
36 58
106 70
131 83
113 93
102 90
13 74
50 70
37 91
32 68
87 113
109 73
122 39
98 35
31 47
29 37
121 98
139 149
131 3
141 20
84 19
39 119
57 113
73 81
11 1
52 93
22 118
104 91
122 9
35 101
4 59
149 39
96 26
136 93
98 35
120 111
58 122
149 114
32 15
108 13
82 91
21 58
94 140
62 68
30 10
45 133
92 105
57 136
9 50
33 130
122 87
31 127
66 75
57 133
17 3
91 71
97 105
18 90
70 39
17 23
144 143
15 102
57 1
146 36
99 64
129 123
93 81
121 96
32 52
121 98
28 31
12 11
17 25
42 82
143 23
132 82
143 0
62 18
38 27
119 63
12 142
146 92
98 106
78 137
86 124
4 55
27 130
45 25
130 26
66 128
144 12
36 121
103 123
74 124
1 44
102 4
48 92
99 8
41 98
10 148
49 132
83 118
86 55
142 23
24 128
146 109
45 44
43 44
147 10
74 61
82 42
16 62
85 124
104 144
42 60
26 79
34 99
12 76
40 63
93 78
60 70
129 31
145 2
98 89
21 22
8 82
14 147
15 39
40 95
72 141
26 33
81 17
134 132
149 131
137 60
76 29
137 92
84 93
18 106
24 147
147 64
34 33
141 52
112 50
19 87
75 0
74 1
92 14
93 40
94 48
44 95
126 97
110 88
66 134
116 84
19 105
62 113
35 17
102 89
143 11
31 14
85 124
147 27
147 64
99 128
65 77
124 147
136 60
94 101
124 68
35 78
30 74
122 34
38 111
41 43
105 92
12 14
57 8
55 123
135 129
137 48
2 33
54 34
113 54
78 55
24 112
13 49
81 76
69 60
135 39
103 65
6 129
66 144
15 46
90 92
10 116
84 133
62 11
26 107
137 43
61 32
53 19
66 4
70 60
103 56
36 57
90 98
145 7
123 44
52 65
14 60
28 86
28 9
40 74
133 6
3 0
5 29
127 21
123 17
28 14
32 33
112 88
34 141
122 29
131 111
16 26
33 117
40 22
41 50
70 94
96 35
34 78
14 21
43 55
65 145
105 100
67 47
80 144
95 71
73 89
20 58
20 33
14 20
149 89
76 44
5 129
72 41
133 56
25 42
61 90
132 16
117 100
76 66
136 128
124 92
23 130
65 136
84 56
47 148
46 9
17 5
86 110
95 33
80 88
144 91
99 133
88 142
61 66
6 38
18 106
33 145
92 88
48 65
27 68
72 33
55 108
1 67
117 95
143 16
121 68
36 43
93 68
137 33
74 129
48 121
58 122
41 102
112 67
6 107
121 58
107 110
22 70
30 134
136 33
53 84
104 67
62 31
101 133
105 114
56 114
24 30
12 24
83 119
78 73
51 54
12 67
26 130
53 16
52 130
136 16
92 134
67 21
149 7
52 124
13 8
47 110
73 54
129 138
37 32
142 110
72 54
10 9
109 39
51 111
90 138
140 97
15 29
91 43
27 36
109 43
131 96
115 18
91 124
105 114
94 114
27 112
123 59
26 70
127 75
93 85
81 127
15 146
123 39
149 108
19 79
6 106
139 119
124 1
126 6
126 13
127 61
99 59
92 113
121 55
66 22
144 39
17 0
72 102
31 133
56 27
28 63
119 33
15 4
123 65
69 122
114 2
137 122
25 46
128 40
30 11
105 87
136 78
37 51
108 78
88 84
130 88
13 147
137 79
26 55
148 91
146 53
60 123
119 112
27 44
45 26
58 105
5 116
34 109
114 23
81 37
27 73
107 3
72 108
53 86
2 132
108 17
14 104
23 55
101 124
126 64
140 114
92 125
121 51
84 35
65 39
110 8
111 22
74 135
49 70
43 69
13 102
57 94
41 91
87 137
73 115
119 123
75 71
17 131
28 41
44 24
145 112
68 86
143 98
24 92
139 85
61 0
26 73
128 93
80 147
108 136
10 30
110 113
21 33
98 50
33 54
59 99
96 4
146 141
22 31
125 45
18 101
86 37
5 57
121 44
71 57
124 83
97 52
66 58
92 31
52 87
25 121
87 23
95 100
82 55
5 131
13 98
97 122
3 98
56 131
87 70
23 28
30 83
19 137
112 56
69 1
15 14
52 84
66 36
39 16
52 124
85 57
83 79
140 45
91 11
20 45
112 50
75 20
128 20
24 23
102 129
14 63
42 105
109 82
83 128
120 24
36 56
2 77
6 51
48 58
95 38
116 121
73 100
133 122
72 79
119 86
96 112
134 68
0 126
143 137
55 1
76 59
76 96
105 105
78 139
117 2
11 18
40 11
118 88
102 124
114 81
16 103
145 97
53 55
34 12
70 12
50 68
106 32
28 84
20 122
105 140
105 56
98 42
54 91
10 5
67 122
131 10
61 37
56 40
17 8
102 19
124 114
130 93
69 92
119 89
66 118
66 42
88 111
97 75
0 82
83 70
90 84
51 79
146 143
37 28
137 136
20 139
95 16
64 115
118 100
98 69
5 14
98 55
57 109
44 47
31 62
43 44
60 129
121 61
62 95
57 81
133 11
19 20
58 22
53 21
80 115
11 79
120 144
60 110
94 78
75 147
8 40
1 118
68 142
93 85
104 137
114 76
51 137
32 73
139 20
78 96
130 137
87 47
116 103
78 0
23 27
14 11
147 104
48 55
4 148
21 79
111 57
138 56
20 105
5 84
56 13
126 109
5 121
27 70
84 66
43 88
41 80
111 18
57 146
94 86
120 144
89 117
141 49
32 49
104 92
141 62
57 4
31 64
20 94
98 10
138 52
63 28
64 96
136 101
83 87
137 49
28 119
8 41
79 110
106 127
41 4
3 71
101 120
77 43
54 119
17 18
25 77
100 64
54 32
3 1
91 58
146 39
103 17
84 77
2 120
87 27
45 99
35 141
5 44
143 5
93 34
21 107
113 147
16 75
29 18
40 20
127 68
50 143
82 72
28 119
35 129
97 114
97 97
129 38
21 97
57 22
33 95
50 60
79 129
62 117
132 56
132 4
11 14
81 146
106 102
133 39
117 50
73 50
93 116
137 63
137 5
57 3
100 62
37 68
106 25
48 114
107 54
92 137
74 36
51 136
35 105
55 49
125 129
92 71
62 111
17 121
121 112
6 60
39 143
66 85
71 2
26 35
70 67
91 34
92 75
104 62
126 127
131 143
91 91
34 93
101 19
72 96
130 133
104 79
49 24
121 141
119 54
69 115
80 2
68 137
71 93
86 127
60 61
101 92
106 70
34 76
78 78
91 78
67 146
71 102
118 60
73 138
33 52
93 89
53 89
71 87
85 70
42 130
72 53
80 149
114 37
23 47
17 61
14 28
146 146
145 123
37 135
147 131
26 116
10 42
124 55
96 76
13 62
18 61
73 87
34 49
17 86
113 80
49 85
19 125
76 68
54 144
135 76
43 98
139 123
22 7
44 91
84 56
147 16
115 7
131 94
109 64
116 77
96 75
110 47
42 148
78 102
111 127
50 26
102 144
131 102
62 147
148 66
116 142
75 74
116 24
32 3
6 1
123 8
25 108
86 99
121 4
107 128
101 74
135 77
55 67
100 100
31 101
65 147
97 105
121 28
10 37
54 12
25 92
120 142
23 99
87 44
98 59
88 2
76 90
25 75
90 136
147 15
44 83
125 135
56 4
111 20
130 137
29 139
99 51
120 146
8 73
20 78
30 1
61 118
78 85
8 7
3 34
12 144
85 135
1 68
2 103
149 15
140 48
118 69
107 143
138 73
83 93
138 139
128 80
113 65
149 106
84 145
41 30
142 29
138 124
33 63
71 102
88 76
149 33
123 37
120 5
62 114
114 86
123 40
23 69
81 108
122 134
142 76
63 74
2 7
47 124
51 146
77 2
36 35
58 97
93 58
21 32
135 103
60 99
50 124
51 135
59 32
124 141
81 85
12 60
97 70
62 139
36 77
16 124
47 37
93 64
57 4
138 13
17 56
0 54
81 13
85 49
129 10
76 58
118 4
125 33
54 87
147 128
57 133
8 30
70 132
32 80
67 93
5 3
11 46
2 110
51 27
12 37
133 134
82 99
0 129
94 141
116 115
25 64
70 141
133 34
52 78
46 8
39 35
65 80
147 143
147 97
70 102
78 11
147 78
137 77
40 46
90 47
62 110
3 115
134 38
37 91
28 69
84 113
117 96
139 9
45 88
51 10
125 131
145 61
28 94
126 96
54 146
124 99
62 130
72 5
34 6
6 141
52 74
87 119
125 91
57 44
92 149
129 64
48 143
114 50
28 49
91 107
65 56
0 64
111 3
42 112
149 143
83 1
18 1
61 18
78 127
92 75
5 135
65 44
66 96
57 1
137 134
120 43
71 123
15 73
127 62
67 114
51 42
147 3
37 5
49 45
72 56
10 130
50 81
87 120
143 30
66 85
27 57
59 9
127 34
19 68
106 131
135 17
30 72
50 7
84 140
66 15
4 55
115 46
92 42
135 8
96 112
69 69
72 66
83 113
85 84
21 85
46 105
43 15
102 75
120 112
35 106
108 135
105 1
88 40
64 117
45 19
83 11
43 40
42 33
27 43
8 86
37 14
48 27
141 27
77 124
93 0
141 25
130 16
46 149
56 60
123 58
40 30
39 147
100 116
124 128
68 88
99 7
141 79
72 41
119 116
25 39
147 88
15 84
134 113
14 5
128 4
92 85
68 94
94 37
148 37
130 84
144 46
127 14
77 104
112 14
149 125
47 92
39 40
16 69
12 101
55 143
96 145
116 116
27 15
5 15
22 147
107 40
96 82
32 14
8 102
22 132
51 110
117 94
142 7
17 145
111 106
76 50
117 107
7 103
123 93
140 149
135 58
44 136
28 87
105 149
78 136
107 72
61 36
77 108
30 39
64 60
135 81
77 145
144 71
147 126
34 23
6 3
99 45
136 4
59 109
22 37
67 68
92 131
107 80
138 112
118 28
103 7
71 28
123 70
75 34
64 128
78 131
41 55
75 62
110 37
99 40
101 49
56 121
107 84
94 142
33 10
141 22
40 110
77 104
63 36
27 136
15 139
82 75
33 103
49 93
136 15
10 132
138 105
131 133
32 134
81 8
127 87
148 47
0 139
26 126
82 132
105 121
33 70
26 108
24 10
94 53
129 107
31 23
77 24
71 87
57 67
14 23
124 122
12 92
78 6
51 18
129 99
129 56
113 90
65 27
38 147
35 111
63 94
103 41
73 107
13 33
42 19
39 31
131 52
21 71
38 43
65 100
81 23
116 125
148 124
121 68
78 3
88 111
137 75
14 38
32 114
136 73
122 113
26 51
39 108
106 139
134 63
46 11
62 5
144 138
37 105
1 91
147 99
111 128
138 73
16 62
7 76
95 70
47 25
105 28
128 116
75 44
71 139
69 13
2 36
89 135
22 135
42 73
70 140
49 17
21 126
144 149
15 32
95 28
45 83
38 139
137 81
70 109
92 147
138 26
116 95
82 33
102 12
140 147
38 47
109 13
107 94
47 15
38 26
140 41
139 117
64 92
4 28
107 69
6 130
84 67
98 124
125 126
130 28
111 6
27 9
34 99
85 84
148 115
113 137
35 148
33 83
5 118
126 102
47 72
76 36
16 36
82 75
51 119
120 104
47 37
107 96
115 125
142 11
25 81
106 20
107 9
81 98
15 22
129 24
15 46
89 15
114 97
128 130
84 14
131 143
84 127
81 0
60 10
71 36
41 58
141 0
43 103
135 66
136 120
55 8
137 29
146 114
46 81
62 18
43 45
115 68
86 105
77 47
33 72
117 128
24 137
11 17
12 46
105 68
37 114
142 117
27 33
93 69
60 89
63 31
101 16
54 32
77 40
125 127
68 117
129 12
93 128
55 12
83 59
121 130
127 7
38 131
127 23
19 147
146 103
106 149
120 31
137 58
142 133
140 56
98 122
46 18
109 109
35 128
90 122
29 91
127 11
143 12
95 94
143 41
11 125
106 65
132 73
75 99
71 103
124 139
106 131
142 40
6 42
98 16
22 105
125 146
107 46
145 94
61 112
132 83
19 44
122 54
56 100
65 133
118 68
17 105
141 64
21 148
113 83
121 88
140 71
34 18
107 17
139 101
60 85
79 56
10 0
132 123
21 68
143 120
46 104
78 55
114 141
88 39
123 100
62 21
31 139
42 112
125 30
113 149
14 97
86 80
36 103
134 15
67 10
106 129
79 42
40 144
113 60
93 23
122 27
59 36
63 21
34 114
48 40
21 80
57 36
110 92
47 144
130 127
143 139
58 48
147 123
1 82
19 83
142 85
149 1
11 2
32 79
126 113
40 28
1 93
68 103
93 111
98 17
145 24
134 69
16 38
87 100
21 129
48 93
105 112
99 11
87 126
92 66
86 43
107 35
11 19
92 90
101 23
39 101
5 142
52 122
115 11
51 58
98 133
82 2
61 10
77 113
93 58
61 97
109 111
100 132
25 58
120 41
66 17
8 100
56 49
71 10
9 42
85 22
26 57
62 14
61 48
50 90
73 72
55 67
72 82
95 139
129 31
65 44
75 90
139 3
38 31
85 13
39 18
100 133
84 101
34 68
120 145
50 66
116 29
76 111
2 15
117 121
123 67
83 112
51 102
146 125
19 15
59 73
57 43
74 102
21 122
137 124
64 138
18 72
139 98
23 124
44 104
53 79
36 64
105 103
83 36
104 79
7 97
127 47
101 95
88 37
71 133
49 70
14 11
146 92
44 19
9 64
87 86
95 74
66 110
125 126
47 71
148 85
68 108
3 55
22 83
121 36
138 56
28 67
99 55
18 29
66 30
92 30
69 48
143 86
24 55
111 26
37 3
43 5
109 100
146 144
2 63
138 58
129 15
65 24
64 63
42 132
97 58
70 141
124 100
109 107
70 142
47 46
81 117
47 93
120 75
109 98
6 16
63 138
32 61
107 35
97 27
19 119
1 56
64 42
0 73
39 82
36 80
16 61
89 17
145 20
105 146
15 61
148 126
55 106
141 126
71 79
52 78
13 4
45 135
118 93
1 107
128 48
103 45
93 22
87 58
100 64
69 107
10 47
81 97
47 136
127 83
127 68
115 37
55 112
80 110
71 35
90 119
36 34
95 49
52 117
56 29
146 132
126 22
106 135
120 57
28 127
92 17
37 106
112 132
78 146
15 142
60 121
17 34
13 91
33 89
82 110
45 17
74 67
28 54
96 114
19 107
22 1
69 106
66 126
88 136
135 12
24 81
116 141
2 82
55 36
125 128
131 1
0 27
39 109
28 35
87 63
98 131
14 4
83 11
18 133
103 59
146 83
45 82
115 115
65 64
86 66
24 141
95 17
118 129
100 121
100 95
110 53
57 115
70 107
139 30
36 54
52 43
5 137
145 52
123 30
122 28
16 48
135 125
23 47
99 78
10 73
24 149
80 141
93 36
108 66
52 24
115 56
2 26
35 83
5 140
26 59
125 51
140 136
27 24
71 56
31 99
70 20
64 83
121 34
82 80
95 26
133 26
91 149
47 22
90 96
86 0
85 14
133 119
50 135
42 99
64 118
104 18
113 134
91 89
97 120
112 41
27 74
94 93
42 7
116 18
107 22
60 149
40 14
130 102
61 115
22 79
131 51
103 83
101 78
113 134
73 39
63 108
17 65
94 70
128 55
147 56
78 32
133 44
44 145
70 58
118 19
143 143
138 6
125 42
140 71
10 136
78 100
124 79
132 20
107 34
97 102
1 125
24 128
5 55
63 141
120 17
82 8
71 137
145 6
43 95
141 34
20 130
60 137
32 87
34 24
12 131
112 89
8 45
113 63
4 137
102 40
145 71
17 56
50 80
122 47
122 86
15 40
104 133
13 39
24 122
78 89
131 117
131 73
132 52
137 13
14 28
85 93
149 131
138 98
71 132
35 105
51 31
91 137
109 6
29 26
51 20
74 107
113 75
92 90
57 26
73 74
143 145
48 33
139 38
34 7
31 130
24 98
101 42
19 35
108 12
127 17
83 50
18 81
65 34
140 25
112 10
16 140
95 39
9 74
58 99
24 133
37 13
29 32
45 65
132 96
105 85
18 28
91 115
83 115
126 49
110 90
109 72
123 149
10 120
146 43
3 51
115 11
45 103
54 41
17 0
62 35
113 101
5 105
113 3
129 129
14 95
131 146
16 78
125 147
55 100
119 27
78 111
9 116
106 71
117 94
33 83
147 15
84 34
84 64
32 42
116 125
94 90
7 32
68 41
33 101
101 126
81 65
87 129
86 27
11 77
49 148
1 0
54 109
99 28
72 105
80 92
71 112
31 63
16 78
132 120
99 125
65 130
74 147
51 127
66 73
104 86
105 6
94 32
86 137
110 120
12 72
90 12
20 28
96 28
81 57
95 26
78 45
65 79
44 30
31 95
108 60
38 138
36 96
28 14
92 68
46 30
42 77
5 114
50 48
9 8
146 23
41 140
69 36
138 26
68 94
3 13
23 112
26 97
115 21
41 125
54 29
5 67
12 26
65 10
70 36
99 50
65 69
58 113
129 124
27 63
58 28
136 114
5 135
51 109
3 107
113 61
105 19
128 29
22 86
136 32
126 80
124 39
111 107
120 57
14 82
12 145
125 10
46 143
58 103
122 85
60 136
63 15
16 21
119 86
132 36
25 75
33 120
3 103
19 141
38 73
135 122
30 98
57 122
44 87
141 90
77 36
94 115
23 91
146 41
21 131
141 149
119 34
18 113
1 78
120 33
116 136
43 45
36 47
16 134
68 21
59 52
77 124
23 120
9 39
21 81
0 19
113 136
112 137
27 75
76 91
15 9
96 100
96 116
73 76
96 66
78 121
81 124
128 2
98 119
140 24
137 93
82 97
105 101
89 122
127 27
123 34
138 129
20 111
100 33
145 76
23 123
61 8
146 75
72 22
71 77
57 93
121 98
76 97
134 69
66 127
98 94
45 89
54 87
54 131
32 114
55 81
97 115
10 27
127 132
1 82
127 134
58 120
64 0
102 50
146 129
35 143
67 145
109 19
83 62
79 31
47 145
126 21
90 27
21 136
136 98
79 100
21 85
132 67
56 39
104 67
73 118
31 99
84 61
132 13
128 6
99 120
83 52
131 101
148 57
15 20
132 128
23 66
0 86
39 74
87 41
51 146
90 140
64 130
79 35
57 60
146 63
9 124
135 1
90 7
88 105
149 145
43 60
149 106
94 106
128 25
72 78
51 102
55 81
126 4
99 54
126 0
52 123
34 34
63 96
138 123
116 76
54 0
22 39
12 15
33 12
122 65
49 63
145 53
62 79
68 75
43 69
13 70
26 58
85 0
25 79
37 41
88 31
2 64
92 60
120 31
79 146
144 87
80 85
127 105
101 5
87 106
11 83
128 77
15 64
51 145
123 74
145 110
137 25
2 126
60 27
41 60
79 17
54 96
54 134
132 57
0 48
141 19
4 50
32 69
50 68
31 66
82 84
5 141
138 27
60 63
67 4
58 37
70 69
126 131
76 57
4 54
121 95
115 138
44 52
79 63
74 90
122 127
136 27
104 10
108 132
141 35
105 31
23 2
63 70
144 109
140 116
114 65
40 116
8 102
84 33
78 38
17 13
145 111
111 143
98 139
95 112
26 65
4 51
55 14
114 143
71 49
55 113
59 125
124 26
123 146
84 41
0 27
99 109
101 54
86 144
42 78
123 106
93 134
55 44
143 79
114 113
28 54
40 82
80 18
100 140
123 20
13 1
108 9
12 108
111 17
54 84
139 112
126 58
55 55
139 7
76 143
29 87
36 108
84 110
65 52
27 81
32 16
121 7
18 143
41 11
116 37
8 104
23 122
58 16
101 106
108 39
93 19
61 11
83 62
95 135
113 145
21 34
62 29
61 120
77 83
78 11
107 73
15 7
102 122
25 43
97 101
15 130
145 15
76 90
0 6
78 144
101 65
111 97
4 8
136 6
6 87
118 69
110 102
109 98
119 95
63 112
23 119
18 133
35 121
85 102
93 14
51 146
37 69
121 49
44 143
131 30
8 68
101 71
107 129
51 9
117 88
138 126
2 5
87 114
34 125
19 39
87 109
111 96
128 87
59 132
98 75
68 54
1 56
14 115
45 65
83 76
9 46
7 125
41 31
81 9
133 14
82 62
70 74
104 2
102 19
11 4
72 142
143 94
22 13
90 104
83 49
69 0
120 133
112 95
149 114
141 49
100 126
19 83
80 117
21 10
71 35
139 131
51 54
44 83
67 114
143 132
73 73
4 23
6 90
114 136
100 87
33 37
78 78
101 33
132 112
80 52
8 82
135 132
70 83
89 46
74 134
142 13
97 39
45 95
1 57
25 56
8 143
31 105
11 114
99 68
129 92
88 58
88 128
57 4
9 3
18 140
45 35
104 74
95 55
82 85
52 68
79 53
13 44
134 54
122 90
138 141
19 34
149 83
32 54
9 22
50 54
92 35
110 35
132 104
84 147
84 2
95 53
113 64
11 36
104 73
5 47
111 83
77 82
103 91
109 33
32 10
142 115
116 46
13 3
23 139
119 99
126 64
82 123
135 132
132 13
34 80
102 75
109 26
90 145
18 24
98 98
147 94
3 3
54 99
19 79
129 8
141 96
47 133
52 75
30 131
107 144
135 56
121 96
29 29
36 73
135 145
65 16
112 92
91 70
58 133
16 148
33 94
70 67
7 54
23 133
136 54
41 123
101 88
45 147
74 52
16 27
78 12
42 121
17 27
69 138
83 102
88 128
48 75
52 105
14 124
73 71
34 77
39 11
131 82
125 28
22 109
21 101
33 136
102 90
59 86
64 88
13 131
31 85
124 136
27 140
104 94
18 43
91 77
3 125
71 71
51 100
134 1
136 7
62 136
148 87
136 20
129 80
145 115
29 139
148 5
65 5
133 54
38 116
21 87
41 80
57 132
70 142
31 136
37 29
75 120
111 148
76 126
105 85
47 131
98 129
33 44
79 92
85 135
92 138
113 121
42 20
134 120
55 98
20 126
21 10
66 21
33 2
20 83
41 63
123 149
131 66
128 39
131 86
103 20
19 60
12 89
125 117
61 100
31 67
6 79
22 18
10 49
117 60
145 60
41 92
97 115
23 32
112 133
34 119
134 96
15 94
46 131
105 89
6 144
44 144
145 98
78 148
48 137
146 110
111 125
121 69
142 42
149 33
30 149
9 34
148 72
111 149
14 94
147 149
123 142
25 130
80 70
87 142
52 13
45 3
81 14
49 18
84 66
140 23
72 21
15 32
56 17
104 21
24 6
67 124
84 50
87 120
142 74
24 111
24 106
114 20
63 56
14 0
140 46
94 52
88 14
85 37
139 8
67 34
140 122
84 133
105 26
75 144
133 145
64 120
110 25
108 38
123 87
129 137
108 39
130 132
80 147
34 110
145 66
98 131
82 5
55 38
41 84
87 145
91 74
106 133
110 116
32 48
60 130
33 128
65 66
10 40
100 112
44 123
143 32
88 104
75 49
101 101
90 92
12 83
144 70
128 52
105 23
34 78
63 67
135 0
132 105
113 50
83 132
7 2
68 70
111 31
82 57
43 75
25 103
40 144
130 6
0 37
12 97
66 29
59 51
89 22
54 139
96 65
37 6
60 141
58 30
57 56
114 135
133 22
78 37
42 49
21 117
35 114
80 137
14 72
84 38
6 143
146 122
55 38
80 132
45 99
144 134
49 97
113 101
42 130
110 0
95 122
19 82
6 147
110 116
85 67
58 20
111 24
80 104
51 112
6 108
41 97
13 33
48 51
138 52
81 131
141 0
72 15
73 127
92 131
25 22
118 48
58 31
53 124
27 119
110 104
53 137
91 95
56 85
143 36
58 74
41 55
37 33
114 113
12 6
2 3
60 86
35 37
39 128
26 128
7 128
82 44
140 102
3 90
38 64
9 119
70 134
124 144
69 35
69 61
59 24
61 84
66 20
76 138
98 25
45 35
134 58
146 23
22 112
145 83
7 145
34 108
127 141
130 121
130 144
13 140
20 34
98 36
48 148
88 78
98 80
118 65
53 122
17 110
83 5
7 81
82 38
30 86
33 128
10 76
47 128
34 100
138 82
42 4
120 92
114 105
64 55
69 10
107 26
109 32
0 26
3 38
118 44
101 37
62 135
146 53
36 25
2 135
3 148
46 53
83 43
71 78
36 57
15 99
43 45
36 117
63 95
115 65
54 107
21 29
77 116
102 98
101 109
15 33
53 23
52 145
117 17
30 71
109 29
57 43
41 59
92 91
46 149
59 147
48 130
68 38
74 144
116 37
34 35
120 36
116 111
122 132
109 128
110 103
59 29
120 45
45 19
117 71
32 83
59 9
134 14
2 83
64 97
82 128
70 121
5 89
43 115
12 9
69 21
90 81
94 134
127 96
142 63
47 111
34 21
116 19
28 34
62 91
21 24
146 120
97 114
63 115
5 60
85 84
126 113
53 117
17 125
48 21
7 89
143 147
143 60
38 67
68 128
19 136
86 130
82 80
25 47
102 27
80 3
41 131
103 52
11 37
129 45
140 39
134 52
92 15
93 28
111 73
92 2
66 88
61 66
109 82
73 118
48 15
5 5
0 18
87 18
123 46
81 80
124 97
38 114
87 0
64 59
113 22
76 31
49 136
38 7
6 72
24 90
44 129
53 2
23 10
42 3
138 44
137 119
32 145
89 102
51 45
42 58
88 74
50 99
128 148
28 36
19 2
58 21
105 6
70 74
11 106
39 14
4 17
148 106
28 80
9 142
62 117
85 16
108 19
146 104
142 120
43 126
5 85
111 52
119 45
148 78
7 37
116 82
39 77
102 50
32 55
137 121
11 87
119 87
57 9
138 29
105 31
40 15
9 66
129 2
116 17
70 121
105 43
24 53
26 88
117 124
31 16
59 117
38 99
62 14
72 141
85 94
141 94
36 53
119 41
8 108
30 63
21 5
77 112
0 113
39 142
72 111
18 93
9 131
140 24
88 6
115 17
29 114
1 29
60 74
97 18
51 89
63 26
81 34
39 12
12 35
66 123
62 102
131 83
59 108
20 101
83 129
39 25
18 2
138 143
22 41
122 87
93 119
103 19
108 38
77 41
110 142
128 36
136 124
149 83
122 46
75 107
67 90
43 0
102 50
14 149
132 144
127 131
61 54
119 62
4 132
33 12
37 114
54 47
26 2
133 82
122 66
69 9
57 49
10 12
41 105
55 52
63 5
88 36
24 14
98 72
149 95
17 90
79 149
4 63
70 102
94 30
48 0
21 105
139 103
41 75
92 100
9 139
41 57
85 19
130 59
111 35
31 91
83 46
19 23
139 0
62 64
134 111
89 37
69 105
26 133
120 63
39 56
71 13
0 126
9 101
52 76
29 28
87 94
112 84
132 58
25 99
85 120
40 96
136 17
37 42
129 91
118 120
88 120
131 91
63 124
17 60
12 88
26 108
145 35
140 107
59 111
128 86
96 15
5 104
69 32
25 113
128 20
115 36
86 9
27 142
10 105
103 126
129 138
8 56
147 31
73 42
2 127
24 67
4 130
55 135
11 54
51 45
59 56
6 119
22 144
123 36
127 129
114 148
2 35
100 37
17 138
3 87
24 14
144 118
3 147
91 3
9 96
6 11
47 46
74 35
3 60
42 20
15 75
142 113
76 24
120 122
30 55
147 119
129 105
73 119
56 58
67 81
5 58
130 38
149 77
10 135
92 84
119 11
0 96
20 117
75 27
93 136
68 117
62 116
95 89
146 4
48 63
71 147
133 28
72 36
73 115
88 52
23 132
27 57
28 83
40 71
50 34
108 26
95 93
93 96
63 22
148 128
143 90
90 105
83 1
18 99
101 141
4 107
117 48
68 137
40 58
13 63
6 126
100 2
81 103
140 76
125 71
17 101
68 36
32 133
49 70
131 54
67 58
147 41
65 93
149 108
64 144
148 17
62 125
134 128
100 40
49 97
94 65
96 55
91 12
20 43
58 40
21 119
149 148
52 86
142 74
58 13
138 143
0 10
139 13
88 60
10 19
137 14
4 118
29 78
27 136
103 110
51 81
39 19
45 31
21 51
41 94
137 74
97 104
114 38
114 63
42 68
85 24
16 110
57 130
9 84
70 141
50 115
84 93
92 17
91 29
102 103
47 17
94 80
34 9
8 1
32 114
125 42
140 110
52 37
24 65
85 77
39 140
29 62
35 84
52 76
92 126
7 131
58 132
70 115
41 25
97 41
52 133
128 114
94 68
69 105
40 65
83 37
94 72
13 21
14 36
50 107
16 140
46 35
113 62
144 48
100 82
75 137
87 101
130 117
107 106
39 75
75 48
115 9
112 123
76 139
80 58
29 8
78 20
132 17
127 10
121 96
49 23
2 147
75 134
140 144
39 35
92 116
101 106
91 128
9 66
7 97
117 39
19 85
94 76
71 134
30 83
15 49
65 53
46 88
45 45
95 39
31 119
118 83
17 69
2 91
7 133
31 29
53 50
145 141
146 63
10 69
93 102
58 81
6 108
145 28
97 34
43 85
80 115
78 17
65 58
141 17
10 12
54 79
80 78
5 68
71 125
122 107
8 29
67 7
77 102
20 85
81 25
120 26
30 77
47 96
58 74
48 55
107 85
145 49
65 4
16 55
40 50
35 117
111 145
45 54
89 111
22 32
52 7
57 107
88 73
74 53
21 51
108 66
25 7
73 30
59 49
117 82
91 146
7 11
122 10
8 99
59 98
43 17
98 33
105 54
74 73
140 9
67 41
42 28
102 9
63 98
30 63
56 128
81 128
66 39
51 24
96 1
21 36
44 28
1 33
6 112
108 6
14 122
10 39
84 3
146 137
35 117
108 102
16 95
22 132
45 93
105 29
76 49
141 14
124 119
98 62
24 39
5 22
113 49
68 31
56 44
129 92
58 26
46 94
38 143
22 82
121 58
12 149
78 82
113 24
85 76
146 21
6 62
111 41
75 22
28 41
33 20
100 136
81 77
122 139
98 85
59 98
26 146
120 59
136 135
88 55
47 83
64 74
40 59
18 20
40 106
4 91
53 23
40 136
72 33
42 99
100 4
59 28
0 51
89 95
144 47
42 98
113 68
12 133
8 86
46 42
35 143
54 111
126 132
140 91
129 118
108 120
123 135
143 35
46 114
91 21
52 69
97 76
86 66
130 144
32 74
30 79
39 50
35 24
65 87
3 26
148 10
29 100
14 13
101 48
72 142
50 10
30 9
41 61
69 120
23 35
28 142
40 129
146 36
143 148
67 83
116 94
127 105
125 121
73 108
50 88
97 61
108 136
110 59
127 125
99 119
82 144
115 42
15 27
91 68
53 9
19 99
13 20
30 115
97 11
20 146
48 115
91 4
54 49
48 9
97 101
110 71
135 127
66 42
120 28
33 94
49 98
53 129
4 52
92 1
71 31
62 71
141 88
124 133
144 21
139 106
114 107
120 128
135 130
64 84
82 132
98 44
76 103
94 68
105 107
149 35
55 119
22 70
108 123
117 138
99 74
116 4
134 24
102 101
99 124
103 134
106 52
126 117
13 48
0 105
44 118
100 112
139 35
124 119
136 6
4 72
102 87
31 53
14 80
50 105
12 133
79 66
98 69
129 86
19 21
43 101
60 119
47 11
15 10
109 33
126 106
119 19
142 129
6 135
134 138
34 140
103 128
48 106
143 81
70 116
80 46
48 77
110 148
106 111
22 8
112 59
23 126
28 34
126 70
44 76
109 99
38 121
144 102
70 19
128 11
40 50
80 103
145 80
98 98
38 142
39 115
94 68
0 80
138 8
115 121
148 79
32 123
48 76
22 61
87 128
46 122
15 32
145 111
63 15
81 146
13 73
128 87
82 143
58 5
23 36
40 93
30 145
58 106
18 72
26 81
76 36
76 68
96 101
25 88
65 71
122 80
53 41
107 95
14 31
133 108
44 114
32 3
122 71
83 19
20 76
67 104
27 69
116 94
46 60
127 48
56 22
107 9
128 147
57 64
90 149
112 63
109 33
107 127
112 99
116 82
21 86
75 44
16 52
100 116
33 29
98 96
75 42
2 86
146 47
56 59
60 59
125 23
121 96
40 95
146 10
24 13
130 89
44 52
136 36
36 53
19 106
67 115
3 69
43 21
67 108
113 120
21 54
77 120
129 126
73 38
128 50
53 2
130 83
136 54
133 109
21 115
119 102
147 119
24 116
94 47
0 13
59 130
147 111
53 111
97 102
30 120
119 77
11 59
18 131
142 56
111 106
9 80
109 25
73 108
85 125
88 47
81 24
137 68
57 115
59 59
75 31
116 114
20 127
84 129
11 100
121 18
85 112
101 30
34 42
16 56
45 46
42 91
121 129
148 134
135 95
103 11
144 34
46 22
33 70
13 142
85 106
91 124
142 62
64 85
40 105
126 17
4 120
138 139
34 36
10 51
67 52
132 67
5 59
27 131
5 41
101 86
55 139
45 115
111 37
98 108
84 49
72 37
6 51
146 128
77 135
19 31
100 24
105 84
26 86
43 47
77 86
85 1
83 148
30 68
107 2
130 25
64 109
85 58
148 136
23 138
96 34
59 83
147 131
109 44
83 38
70 89
19 7
35 9
11 6
3 67
135 108
92 7
99 19
36 95
146 99
51 147
103 108
68 87
128 109
130 89
131 15
67 128
143 101
20 98
144 89
91 68
103 103
41 144
143 132
17 7
131 126
128 93
77 57
110 3
127 3
73 7
88 76
130 94
44 133
121 134
131 105
138 149
86 116
58 85
136 140
65 54
140 113
70 117
27 148
82 25
36 17
128 84
56 91
137 29
81 108
52 9
46 14
110 50
126 10
115 131
55 0
3 25
6 19
143 53
27 77
106 129
19 55
104 7
63 11
55 122
123 101
57 83
40 124
115 111
6 40
8 109
127 18
21 20
33 112
120 6
81 83
68 93
34 37
82 118
113 30
50 50
110 71
76 22
11 93
13 103
123 85
82 136
77 106
139 12
101 109
10 126
56 110
50 15
3 41
88 106
100 116
124 16
79 127
97 16
29 40
2 60
57 51
14 22
17 112
131 94
106 31
84 71
143 34
122 149
143 93
94 26
136 120
121 9
141 116
136 143
45 112
53 103
122 97
124 42
133 40
144 123
116 87
89 91
30 109
51 82
63 121
118 39
23 45
6 107
27 34
103 6
126 141
67 17
81 60
137 10
23 142
43 13
28 83
44 5
58 89
142 33
93 116
96 77
105 51
61 119
68 93
57 112
85 48
129 11
48 8
114 54
47 94
124 15
60 59
9 70
75 18
127 63
108 85
61 17
76 30
133 129
125 59
2 62
83 71
71 118
59 60
143 11
42 69
68 100
128 77
123 96
74 37
96 139
149 53
86 75
22 14
0 52
66 77
117 113
81 113
94 6
75 136
141 70
23 52
72 70
104 92
45 10
59 137
122 33
124 94
27 16
5 130
125 32
6 103
94 103
4 93
142 94
147 88
56 100
139 68
149 23
49 44
146 127
149 85
141 3
117 63
132 77
127 95
142 135
36 8
20 32
131 82
120 48
145 135
78 90
48 56
26 2
73 149
1 70
109 142
40 92
10 105
8 43
147 135
40 14
11 137
47 61
25 0
66 134
84 41
128 39
44 37
149 87
25 39
147 60
14 62
25 123
110 101
143 73
99 113
76 54
92 113
22 55
124 43
18 133
19 41
146 104
118 55
102 124
32 58
125 142
46 9
136 136
73 147
97 99
84 88
43 94
5 105
14 78
24 41
101 48
45 123
27 147
139 132
92 115
0 21
40 12
32 124
77 117
48 92
103 59
19 119
34 149
101 142
77 109
42 115
3 102
126 130
32 61
60 133
21 86
46 117
18 137
125 117
7 130
117 14
71 88
147 107
19 82
72 68
17 97
55 87
76 80
91 88
119 2
28 90
35 13
110 47
37 110
116 74
93 56
113 54
77 53
31 100
26 72
7 15
135 102
12 85
66 98
104 98
145 7
118 127
31 42
103 139
135 103
115 109
105 60
136 21
146 93
109 109
144 30
21 15
20 95
142 20
98 122
47 138
103 5
100 115
48 71
148 33
38 35
123 41
114 126
89 42
141 53
98 135
120 144
49 143
26 45
115 144
100 38
93 115
94 53
0 83
94 10
81 108
3 143
0 97
22 8
132 145
45 122
126 11
84 43
126 91
122 92
29 110
70 92
15 23
106 84
98 13
81 101
29 116
1 135
4 51
43 27
92 15
0 72
122 0
69 46
48 92
14 35
114 12
6 134
38 121
147 63
72 135
70 93
96 113
35 23
17 112
29 57
5 82
104 43
53 26
14 7
126 75
134 77
107 21
129 48
97 109
2 44
107 8
11 86
48 98
68 82
138 105
133 115
111 73
148 106
60 54
92 133
70 65
49 96
68 97
103 127
36 84
149 94
65 19
130 43
89 62
47 16
80 135
32 127
30 95
61 125
67 124
67 59
12 52
69 32
12 33
61 19
125 125
73 33
139 85
90 113
0 112
133 86
1 98
60 88
148 22
131 3
114 130
99 85
140 4
31 51
146 1
144 141
128 83
61 44
94 144
116 127
102 113
89 58
5 10
96 43
95 44
39 147
17 12
102 87
112 59
27 7
61 3
104 64
147 68
63 25
82 105
139 8
5 77
6 88
16 142
92 93
45 8
78 115
41 121
78 62
85 72
14 75
122 70
148 97
1 58
106 144
114 146
68 144
149 57
119 94
84 8
39 114
57 43
139 85
12 83
141 121
50 37
57 56
19 11
131 77
48 132
54 127
60 44
148 34
9 148
9 76
49 123
79 51
31 57
86 77
25 45
117 127
134 43
61 143
17 120
131 23
125 10
133 141
41 12
91 94
148 81
78 148
52 83
82 59
112 109
43 90
92 59
108 39
57 129
97 118
60 0
20 136
6 73
81 76
36 95
104 126
146 98
33 60
19 67
43 101
42 147
125 139
49 27
22 66
90 117
140 23
118 50
57 148
113 81
20 4
55 94
114 58
46 123
5 115
16 19
106 42
14 93
6 45
114 84
49 77
44 34
120 82
25 45
110 112
43 47
60 18
87 132
147 137
84 100
14 11
140 90
130 149
104 79
122 98
106 33
113 96
108 88
147 141
74 101
30 104
32 147
91 141
29 51
116 128
8 51
14 136
110 141
11 83
71 10
58 140
31 64
127 124
22 58
126 81
63 142
47 143
67 142
60 79
23 88
5 104
108 138
101 36
101 114
78 113
133 2
3 55
95 66
100 104
3 56
75 138
136 2
121 57
138 9
85 68
28 39
109 4
148 140
86 98
137 105
45 60
46 66
138 90
71 40
14 136
56 44
38 94
132 86
144 120
8 109
14 94
96 72
82 9
104 93
81 32
112 46
121 100
59 74
122 6
64 46
102 51
55 113
143 34
82 94
109 72
85 87
23 62
46 80
61 136
91 97
135 45
44 65
113 2
87 81
137 115
148 34
71 15
74 131
54 135
100 43
32 42
11 124
100 91
108 73
99 10
13 72
56 42
84 113
117 123
50 119
126 105
145 100
101 5
111 8
87 26
114 13
54 79
126 94
39 37
84 42
77 119
24 18
115 98
73 55
51 67
57 74
117 140
24 136
101 113
71 39
36 110
93 21
136 38
137 96
20 79
18 128
112 19
51 97
86 144
27 96
138 103
69 80
140 138
114 61
36 1
79 73
11 73
140 92
139 16
128 34
7 62
120 84
88 80
136 114
99 33
68 54
4 22
126 54
20 99
128 61
49 38
93 92
81 59
6 99
84 91
117 39
113 100
18 1
10 126
51 54
106 133
5 122
71 13
28 94
75 148
110 88
118 41
61 37
77 24
134 58
38 90
70 37
76 21
46 78
38 99
125 0
61 3
64 33
140 121
42 124
54 55
49 115
46 82
6 114
5 72
115 148
149 34
109 13
117 71
117 136
113 91
10 99
137 47
57 122
144 34
127 119
3 59
56 0
142 41
90 52
139 146
108 56
41 16
149 142
50 148
94 16
123 91
82 64
56 126
3 143
47 70
60 2
65 13
113 93
22 6
99 101
38 2
117 141
149 73
144 43
147 80
11 1
51 90
50 23
55 124
74 105
75 39
110 77
34 145
29 25
88 106
139 128
77 62
122 36
94 123
7 117
24 135
144 99
28 137
35 4
4 56
105 23
57 65
87 116
147 11
68 119
39 128
113 117
42 76
84 85
20 46
134 91
89 8
76 45
97 124
93 70
18 24
107 132
108 140
4 60
97 34
111 49
92 133
143 141
56 57
93 41
65 102
105 114
14 18
71 65
123 106
14 91
126 136
51 26
44 32
137 110
128 121
124 78
91 87
70 15
135 132
24 53
71 89
84 91
123 110
30 55
103 54
81 94
88 15
108 124
130 31
113 1
139 100
89 25
84 127
19 1
144 42
88 14
122 133
24 86
116 55
90 82
118 135
46 14
104 72
4 115
50 38
113 55
62 130
17 66
118 52
55 53
33 32
22 123
87 105
58 132
31 38
13 83
137 13
33 146
38 55
63 73
53 42
8 75
3 136
30 72
75 87
16 55
12 99
93 28
54 29
58 61
7 44
2 98
113 37
100 85
41 19
99 23
53 9
78 138
143 23
115 149
24 49
11 139
66 97
44 67
32 34
10 96
59 144
78 34
18 141
125 129
31 88
14 95
116 146
73 145
54 121
147 83
58 26
68 61
142 91
149 94
13 122
118 26
57 86
51 7
24 73
149 62
75 18
54 138
110 115
40 69
110 97
38 45
76 87
45 10
139 89
143 4
35 117
60 15
53 147
125 22
57 60
27 111
6 128
133 51
89 100
93 86
124 10
146 128
108 62
147 57
6 118
146 57
133 130
103 39
34 58
122 38
7 55
125 33
70 20
124 106
2 120
88 53
62 17
147 40
28 52
66 76
7 33
63 54
26 132
122 59
125 147
109 9
134 113
25 43
80 57
14 36
3 59
37 99
65 6
13 113
63 38
0 95
119 118
37 13
91 62
113 91
148 124
14 29
29 136
19 13
78 85
70 58
146 73
90 34
61 81
148 47
58 95
52 17
73 10
129 120
56 11
26 68
118 147
91 69
7 84
99 102
108 137
139 122
14 21
131 35
50 34
14 55
99 25
93 148
21 142
142 38
1 143
63 139
27 71
50 0
76 79
28 83
61 130
52 99
123 52
82 125
56 25
72 45
46 92
99 25
79 8
3 30
79 43
51 84
83 76
85 119
125 19
51 140
66 70
144 40
27 138
117 141
94 118
149 37
45 58
1 103
77 54
15 14
92 109
45 59
134 24
119 126
68 36
69 116
82 0
149 58
140 52
32 19
134 138
112 135
141 37
78 54
41 20
104 132
78 38
108 59
61 85
6 57
47 30
112 91
27 12
57 24
38 103
59 88
26 67
135 31
1 119
94 104
58 103
3 132
141 35
9 22
137 28
8 134
39 140
21 68
78 99
109 120
60 92
31 111
61 78
137 78
112 25
57 60
78 81
93 76
119 129
127 1
42 96
4 125
140 16
44 106
17 134
126 15
80 124
133 58
20 0
22 136
90 49
147 1
101 106
57 49
39 99
31 25
32 81
115 50
123 51
55 58
44 118
31 105
111 139
54 17
127 46
41 0
55 60
21 92
118 82
100 53
69 4
87 85
90 136
29 60
127 11
34 48
77 78
130 22
148 65
63 7
15 146
35 149
26 66
139 55
102 147
82 29
36 15
35 33
62 115
67 126
13 120
7 122
94 96
86 122
125 140
31 36
91 2
135 46
52 6
14 7
127 57
27 2
12 107
57 17
4 133
106 52
49 59
118 45
15 87
130 143
43 76
86 124
115 61
64 25
109 83
11 109
128 25
81 143
72 124
88 115
88 85
121 122
149 77
110 114
130 82
61 24
104 49
30 131
131 38
52 25
1 148
123 58
55 123
75 129
12 136
39 126
111 37
33 48
119 132
54 120
70 148
84 45
41 7
28 28
67 99
17 82
53 60
55 32
93 80
86 0
89 137
101 87
53 124
73 141
25 70
9 119
131 15
60 48
1 143
43 88
51 25
9 131
74 42
52 93
135 44
89 92
75 26
144 64
39 24
26 40
99 123
98 4
18 29
133 117
148 72
58 81
105 34
2 73
68 136
92 100
4 78
141 134
53 132
27 54
52 70
51 2
119 116
70 80
51 84
0 2
58 119
40 27
58 75
39 47
83 16
81 54
55 41
17 113
146 35
81 67
83 122
140 68
131 16
120 144
139 72
50 147
110 39
84 27
27 142
133 113
40 105
126 48
131 108
102 14
62 11
44 7
16 7
98 58
143 55
89 68
79 5
142 146
12 27
8 78
70 100
34 68
149 107
39 35
142 4
81 123
101 121
126 109
77 46
131 52
30 47
8 59
27 46
97 39
10 95
30 95
97 148
138 100
57 80
28 103
63 105
70 36
122 48
62 41
87 78
46 60
139 40
23 132
17 69
82 23
142 37
23 126
88 109
95 31
143 144
25 120
128 85
120 57
119 50
122 111
43 147
48 146
54 6
116 22
116 48
125 12
86 35
92 55
131 139
67 66
32 22
112 100
87 55
104 59
98 126
149 33
45 34
34 103
137 140
74 62
46 90
110 95
145 40
10 33
12 42
82 7
42 120
140 1
71 51
0 147
90 147
127 101
51 54
68 2
29 43
41 25
43 118
27 78
22 41
139 92
53 89
66 93
10 130
131 4
90 99
42 79
34 8
121 65
37 65
127 144
129 117
119 148
107 44
36 6
55 45
73 96
109 118
125 90
14 44
69 108
46 79
100 90
67 49
79 37
1 111
137 74
26 121
62 12
68 59
69 21
128 102
94 54
87 50
3 90
127 71
132 132
137 46
22 89
115 121
16 26
147 119
126 146
97 77
138 41
141 25
97 106
141 11
127 54
78 1
89 25
29 3
17 121
140 45
15 112
132 4
59 2
132 57
43 55
61 74
112 143
33 114
104 6
100 45
26 62
117 30
108 120
149 135
61 20
4 105
138 13
19 130
111 58
7 57
105 38
7 9
17 122
103 114
15 65
114 133
134 110
98 65
98 79
15 114
75 37
62 68
7 147
87 23
68 9
147 83
32 6
40 108
71 20
1 67
69 97
4 94
2 88
99 120
22 116
29 123
18 25
68 9
83 108
29 112
31 105
117 61
143 136
123 8
94 130
49 123
148 19
103 71
7 0
35 71
90 128
56 82
131 5
89 85
4 135
85 35
116 16
127 113
119 129
74 86
47 74
144 144
127 64
37 86
27 54
109 104
86 28
70 74
75 73
30 139
26 20
26 23
28 29
4 108
93 101
117 28
94 116
14 130
97 73
140 36
91 113
94 147
148 55
60 131
66 91
11 138
23 61
143 46
44 15
115 55
24 49
131 135
28 58
5 52
35 95
36 55
57 5
144 61
118 2
117 110
108 69
20 105
31 62
143 86
79 79
97 52
141 99
146 103
45 45
70 147
117 121
144 78
149 124
111 131
134 43
54 138
108 15
113 121
44 0
102 142
99 57
146 5
106 66
25 115
8 72
80 143
4 60
138 58
60 104
142 126
4 26
103 106
135 9
121 68
37 135
37 91
33 82
78 123
38 19
101 78
115 86
83 141
43 80
56 56
28 67
3 2
32 67
36 146
52 93
106 121
69 106
45 102
97 11
66 140
3 63
97 44
52 112
133 112
123 22
77 116
7 18
36 60
104 21
118 76
127 128
22 119
131 83
92 146
46 89
55 121
135 109
51 122
141 24
36 8
131 62
34 107
14 124
106 78
51 103
65 140
13 74
17 127
57 15
0 93
123 89
2 62
42 70
21 98
81 60
78 30
63 133
87 146
61 6
22 99
15 31
16 114
98 10
33 114
116 120
64 135
136 86
42 113
108 51
16 62
5 137
58 4
145 82
145 95
39 20
58 94
56 137
48 110
106 122
99 146
66 14
53 24
79 82
145 52
42 21
13 53
21 25
77 16
51 119
28 46
86 73
97 125
106 110
111 58
98 35
84 30
147 117
121 132
44 33
40 66
40 82
146 36
59 57
90 55
92 125
17 35
106 126
117 144
83 47
14 2
96 107
12 105
106 93
114 77
37 25
149 41
111 4
77 44
73 87
59 33
126 7
63 45
87 145
46 57
122 9
124 42
37 35
30 22
92 84
142 1
1 55
63 6
110 92
90 108
81 132
20 77
49 15
122 25
8 134
120 66
75 134
25 144
141 23
97 63
56 99
144 129
13 37
40 57
120 121
2 64
6 56
97 91
16 32
109 46
99 58
19 44
36 27
100 131
16 108
147 17
100 62
38 116
75 116
51 99
2 130
94 119
57 130
97 60
73 64
134 5
27 60
44 136
25 98
29 130
72 115
101 37
90 70
56 143
127 5
114 11
75 131
75 143
116 6
105 108
90 144
5 96
76 52
68 75
74 97
123 23
47 58
137 30
86 31
148 115
83 40
79 29
42 33
88 22
45 130
77 41
40 49
35 99
66 23
85 117
75 36
108 97
58 12
34 93
99 129
140 98
31 135
71 27
21 79
137 57
4 84
3 123
133 34
75 16
76 135
31 25
149 35
133 17
109 79
108 35
74 149
98 67
10 107
147 130
30 20
20 127
68 56
43 137
75 128
103 68
1 52
25 77
140 69
75 68
52 1
37 51
31 41
86 73
31 43
17 68
110 19
134 32
119 16
118 58
129 103
66 42
66 134
14 1
74 118
97 70
45 46
117 43
45 92
53 122
54 96
50 147
22 105
110 140
50 32
11 109
41 43
130 40
47 66
5 2
59 5
137 127
87 140
70 51
148 46
40 47
52 26
130 28
15 86
67 29
53 68
125 127
81 50
98 13
123 35
75 10
53 52
129 106
7 52
26 37
55 0
17 42
81 50
45 33
24 37
138 55
14 3
73 28
52 80
36 118
21 132
132 132
34 107
50 33
54 132
115 59
84 79
71 148
26 9
127 104
3 149
112 17
137 37
47 98
138 72
89 63
22 125
102 34
107 49
86 34
35 50
34 9
109 121
141 17
122 22
11 140
22 28
15 146
64 14
110 73
32 119
106 130
13 105
84 33
132 134
144 136
88 11
85 76
15 136
41 133
9 35
128 86
54 34
11 21
91 49
10 58
107 78
35 24
95 57
81 25
137 106
102 77
108 133
80 129
118 132
12 49
110 3
34 62
121 79
73 136
112 36
84 141
17 51
92 128
131 103
91 103
145 137
34 132
131 71
32 36
22 139
74 85
40 45
68 4
58 31
104 7
128 105
93 6
88 56
50 18
101 68
29 135
105 85
117 83
39 81
79 42
49 125
130 4
100 49
8 106
11 135
9 82
80 122
128 122
96 118
123 31
30 112
131 140
139 86
136 138
124 126
16 69
28 136
121 6
14 107
35 108
19 98
21 120
117 34
18 81
136 41
109 100
97 148
31 114
96 23
12 66
141 142
17 33
120 124
83 63
140 104
72 118
70 19
10 92
141 91
57 64
69 80
83 74
83 98
75 14
5 26
86 47
97 120
112 128
43 18
87 3
24 94
31 142
77 67
66 21
111 15
1 3
36 54
7 75
15 124
101 84
129 23
100 38
66 19
46 62
93 113
71 142
33 100
17 111
118 29
82 87
33 73
78 41
146 94
1 19
45 63
40 45
144 40
63 78
128 34
81 110
130 34
5 120
73 120
90 78
63 116
44 146
130 133
39 70
3 80
81 17
133 93
0 125
9 17
104 106
117 129
6 22
19 120
87 98
147 84
149 89
136 119
20 142
124 14
18 72
126 17
48 102
130 91
73 5
20 32
92 117
13 21
133 22
6 92
125 29
134 42
92 25
4 21
105 79
93 17
102 134
49 49
9 9
136 32
31 79
64 54
113 104
48 1
138 111
87 64
42 62
132 39
68 21
46 139
43 126
98 43
142 46
34 97
82 53
29 129
123 85
49 94
58 55
27 83
55 45
1 64
90 34
53 41
28 136
26 98
47 22
36 47
88 47
37 9
146 66
29 125
127 100
13 10
3 51
60 138
4 3
18 78
79 120
123 56
98 52
123 47
94 28
144 52
75 129
109 66
34 106
106 34
10 123
133 135
133 35
20 113
79 98
138 78
62 92
78 62
13 121
2 9
77 53
32 129
72 33
25 42
80 108
8 51
63 79
71 87
120 67
53 14
65 89
38 110
129 147
55 5
92 132
84 90
123 38
90 136
16 29
76 35
52 110
36 0
32 120
87 64
52 57
103 132
125 127
5 100
13 15
51 6
22 22
144 26
149 40
7 44
52 86
125 87
102 26
48 94
29 129
126 76
77 145
133 54
120 37
60 149
35 95
24 122
59 24
144 70
131 75
26 33
38 97
143 27
99 114
120 45
17 44
11 112
32 106
92 38
149 146
22 85
99 37
34 89
51 148
55 41
138 20
131 136
0 124
92 58
132 69
28 121
11 114
110 102
28 52
90 56
24 127
77 61
47 63
82 94
45 117
88 56
39 43
72 94
4 146
142 111
83 89
53 13
149 115
104 56
130 72
10 98
104 6
7 60
18 85
137 0
98 60
29 17
48 129
103 32
52 36
48 110
129 40
135 18
101 30
25 44
136 79
65 85
67 72
81 4
84 13
95 62
91 8
59 18
17 116
7 29
101 8
109 18
121 98
55 28
52 140
121 113
147 143
102 125
35 126
96 127
2 25
81 71
86 16
103 81
142 40
90 126
23 15
24 112
84 44
147 105
107 71
47 127
63 141
40 53
113 59
97 12
1 82
32 9
9 46
7 16
134 3
36 137
129 61
18 8
66 66
105 137
108 71
56 135
29 90
132 132
35 32
79 22
103 92
31 62
64 110
10 111
128 89
36 49
144 140
64 84
144 99
72 147
54 61
89 96
116 43
100 40
25 96
48 144
29 124
54 144
31 90
22 99
76 15
133 103
104 90
130 118
34 110
45 0
112 146
91 119
116 122
47 64
103 63
125 87
47 124
28 53
3 3
104 30
48 109
120 70
46 122
91 115
19 136
114 21
68 56
125 18
79 119
114 83
100 58
96 78
78 22
141 94
149 68
58 8
43 8
7 144
120 70
107 36
79 47
83 96
106 62
54 80
19 83
63 113
39 88
107 19
32 90
134 83
28 115
148 53
10 85
35 6
113 49
89 97
135 64
18 107
7 15
15 86
16 137
46 9
76 138
80 120
23 37
90 81
43 64
135 91
102 139
6 125
32 32
12 6
51 133
70 48
54 23
123 80
19 90
112 88
96 57
129 131
21 134
57 65
42 27
99 71
104 32
149 127
134 94
109 18
14 103
14 127
53 46
49 86
23 115
54 104
29 135
8 56
17 128
144 8
109 98
11 29
42 42
137 106
116 112
44 124
113 89
34 18
147 143
82 13
133 142
66 53
58 95
82 75
60 31
45 27
22 72
102 95
47 70
30 69
73 142
138 129
125 142
86 79
41 68
122 147
51 75
124 114
78 113
47 106
13 63
9 107
124 83
138 24
94 92
69 147
46 46
32 108
93 145
122 116
74 21
25 15
81 135
49 86
9 125
145 14
144 115
39 100
74 63
125 93
120 63
29 141
136 65
21 62
41 34
135 51
71 74
1 102
85 56
84 0
113 81
43 10
125 149
27 69
53 95
72 82
92 101
59 90
38 38
86 1
87 102
49 121
144 9
110 137
69 91
37 5
91 114
61 6
147 56
106 34
83 24
7 124
37 22
82 60
118 1
91 138
24 139
2 47
109 102
7 78
125 1
111 120
138 25
81 146
82 5
92 37
7 119
75 126
145 108
91 106
52 145
42 46
96 104
129 28
59 73
63 71
19 77
44 104
103 114
148 49
135 80
145 129
48 135
102 44
47 68
28 97
71 125
69 68
19 102
51 46
120 87
117 94
87 76
59 138
45 40
70 31
43 2
126 106
0 46
136 104
62 18
108 91
112 102
95 113
139 115
82 86
133 55
81 101
65 145
131 59
121 89
102 148
135 122
29 149
45 91
25 3
149 56
18 141
73 21
27 141
138 112
14 122
106 137
104 65
27 86
97 35
27 55
123 146
136 114
1 87
137 80
101 86
122 88
59 16
79 128
109 125
39 46
87 116
8 116
95 20
84 30
59 105
0 108
9 139
6 114
129 136
8 145
122 134
67 36
33 110
86 7
123 10
130 61
26 113
64 110
113 90
90 128
6 61
140 39
137 108
22 42
92 104
12 125
106 86
91 16
9 142
132 16
66 142
104 124
55 48
80 46
11 144
24 90
80 128
111 6
1 118
117 21
68 91
143 67
6 118
99 93
22 61
138 44
15 55
91 120
9 40
116 15
75 14
147 67
130 15
27 104
35 29
79 46
84 81
93 20
112 38
12 28
4 46
127 33
45 85
142 125
44 137
39 34
86 92
48 43
5 2
51 55
54 127
34 72
79 54
17 143
56 30
21 124
115 84
35 90
103 25
91 131
63 13
50 136
9 60
0 134
111 98
74 33
107 45
115 92
143 62
145 10
42 23
125 138
90 35
108 136
126 87
3 114
109 121
88 121
70 130
43 113
23 133
109 58
130 29
95 45
79 144
96 65
149 92
148 98
102 51
137 32
93 75
128 102
67 70
115 14
138 22
114 36
84 60
70 92
104 26
55 86
17 29
28 18
50 56
116 105
14 118
126 94
84 96
82 27
72 98
54 70
112 7
144 147
28 125
54 60
52 71
86 131
87 7
120 113
15 62
25 48
110 102
18 85
100 88
89 81
143 102
122 121
92 131
36 114
107 103
44 28
29 24
51 110
34 42
104 117
109 85
126 94
44 9
42 95
0 93
18 136
129 66
17 21
16 129
15 77
37 146
89 120
111 71
68 55
136 109
34 120
32 39
29 71
29 96
125 128
69 119
124 117
85 127
2 45
55 41
96 61
60 86
48 0
93 8
133 14
32 94
103 33
9 39
49 142
53 56
148 13
14 23
16 50
105 96
73 93
82 71
42 142
91 35
33 71
31 53
5 139
103 13
29 41
83 58
70 62
20 65
101 38
63 139
113 10
114 120
98 134
9 104
124 38
41 144
111 44
62 148
141 128
45 47
111 10
80 103
121 7
34 75
103 63
103 129
114 41
143 54
48 43
120 96
134 58
35 81
32 86
124 139
128 94
139 9
84 125
134 128
55 119
129 102
51 144
88 59
47 68
17 1
45 55
12 10
131 79
41 17
106 135
60 29
31 81
20 116
102 50
80 34
101 102
90 46
125 70
70 126
12 22
52 82
120 60
20 101
87 21
63 104
127 34
66 27
38 118
111 80
102 3
129 68
96 7
134 101
76 54
39 6
141 111
129 18
64 4
89 34
59 70
32 110
4 0
144 79
69 69
21 128
59 13
98 17
51 27
97 86
31 89
92 3
79 131
22 88
142 133
94 81
134 126
73 143
140 135
95 39
149 134
69 60
98 147
6 141
75 26
88 70
90 15
5 98
85 111
113 87
78 92
85 15
27 75
126 3
45 110
40 133
53 20
21 148
61 143
2 141
80 33
104 138
0 59
102 78
99 149
74 30
139 13
135 55
28 9
49 126
98 16
65 10
48 146
41 103
146 87
25 73
37 73
43 148
97 2
131 77
62 132
40 136
106 146
47 35
94 38
54 46
64 125
26 59
66 90
33 32
30 60
36 77
9 142
51 5
59 0
88 119
33 132
144 8
25 85
33 103
46 20
62 63
106 118
21 108
95 72
119 144
20 130
119 119
119 59
96 18
104 38
129 92
60 109
1 12
132 112
67 103
22 67
7 34
129 97
124 30
133 105
122 137
104 20
95 12
44 61
119 82
59 90
103 33
61 72
69 90
71 105
53 136
137 97
110 3
131 77
44 6
26 129
35 9
85 128
88 137
63 25
23 66
100 20
52 79
15 59
101 112
1 93
29 95
82 53
40 29
108 97
15 111
49 109
89 61
51 103
140 9
5 9
30 129
83 35
22 132
144 117
119 139
38 1
27 141
35 58
23 34
112 20
25 148
91 123
123 16
70 82
56 113
149 20
88 114
141 62
88 145
102 46
140 87
90 11
95 62
148 59
113 64
45 140
12 55
35 86
105 73
52 135
18 136
24 93
38 82
69 64
90 76
98 48
28 8
147 66
102 116
22 107
47 137
107 37
96 16
22 37
129 107
50 32
69 94
17 21
93 34
15 63
137 120
100 109
19 126
81 17
2 36
138 124
131 55
17 51
124 102
7 128
58 58
130 107
60 131
49 79
75 92
64 91
131 48
95 12
122 88
56 59
31 42
57 84
62 50
99 139
76 41
90 45
47 135
122 11
67 41
142 74
92 71
131 95
46 84
4 94
114 4
115 75
113 108
149 50
11 103
20 56
32 102
137 149
99 31
117 81
101 136
96 22
121 58
128 110
116 126
92 32
132 31
59 84
112 41
106 139
78 72
11 144
52 93
50 147
5 62
110 149
90 58
59 42
143 99
88 82
56 77
108 97
131 40
93 8
48 116
74 72
47 65
99 18
114 76
109 0
134 78
87 107
65 55
114 97
34 89
13 90
114 119
142 82
149 70
71 73
47 34
88 93
149 11
15 25
125 146
76 76
22 49
140 33
124 20
3 91
27 121
79 40
34 97
67 141
132 122
141 47
123 96
14 2
104 51
70 99
117 123
52 3
23 97
103 61
92 9
6 26
102 6
95 34
132 73
126 66
23 41
24 113
99 58
19 104
135 149
83 94
57 47
72 74
20 39
68 132
135 50
34 59
22 34
35 125
0 107
110 90
42 125
79 145
148 19
136 110
62 28
80 138
69 57
85 73
129 130
121 93
130 95
85 6
19 52
65 105
122 93
36 88
27 58
7 65
101 52
109 22
142 61
23 90
31 117
76 72
149 137
121 127
4 58
30 68
78 120
7 148
140 96
124 45
132 36
125 118
126 140
35 109
10 123
32 22
7 43
79 18
40 33
34 70
28 87
132 71
110 85
93 24
37 18
65 22
131 60
80 93
137 10
138 147
21 114
42 66
29 42
2 17
30 82
142 83
124 75
99 108
37 58
44 32
21 87
125 21
108 66
52 19
115 149
57 24
31 12
114 6
117 65
96 97
55 40
51 141
49 94
69 83
13 114
50 33
4 89
128 136
117 76
14 108
75 73
40 13
92 22
108 135
78 65
14 6
97 112
67 72
147 117
144 104
71 48
12 72
93 9
47 136
64 95
123 27
48 70
64 116
7 129
122 73
59 56
3 56
83 7
134 60
96 91
38 2
75 146
116 5
137 27
81 149
126 46
131 60
119 72
114 49
9 0
16 122
21 41
3 35
39 14
125 54
93 24
11 84
38 56
17 71
46 20
15 145
8 5
107 58
116 15
102 35
64 86
72 44
40 148
143 18
3 85
19 4
48 118
89 83
128 124
0 25
16 94
8 104
82 17
95 31
24 42
0 86
67 84
9 8
66 38
10 110
114 83
14 137
22 44
91 60
90 56
139 123
94 126
34 86
23 20
59 139
147 32
97 142
104 65
101 76
110 89
129 22
149 85
92 94
146 101
77 64
96 92
87 145
28 70
52 49
66 113
21 99
145 110
67 25
55 58
70 87
127 82
133 59
35 28
106 118
34 11
12 129
25 2
21 60
14 7
47 1
114 43
88 32
60 78
81 44
83 84
76 87
122 138
64 13
12 54
70 84
84 105
68 124
30 83
111 47
140 96
112 90
21 91
96 41
65 87
15 76
19 70
37 122
67 98
126 33
145 106
2 110
53 49
131 128
34 119
7 117
99 86
58 103
18 116
70 47
35 77
103 149
69 40
95 100
140 105
38 106
113 134
106 77
95 127
86 43
6 91
55 147
40 43
58 20
40 42
32 58
67 131
30 131
88 24
46 9
20 119
44 49
117 40
86 91
13 142
80 133
117 59
13 31
107 130
9 42
112 91
92 136
33 71
38 32
148 24
80 105
136 135
135 123
101 146
100 76
64 50
71 13
17 73
57 71
146 126
121 107
54 26
139 128
49 138
8 60
136 43
125 138
104 148
141 129
35 61
62 4
44 37
3 42
36 98
147 59
85 142
134 29
143 31
10 39
79 132
17 49
7 53
135 43
136 45
11 29
10 118
92 21
89 12
12 99
137 57
67 124
60 48
3 85
87 59
12 125
123 61
32 129
34 23
42 46
137 146
19 79
49 26
39 96
50 135
119 73
56 87
91 60
70 109
94 118
20 16
107 19
78 89
100 32
4 137
149 24
30 63
138 71
51 105
32 45
55 54
89 144
110 31
76 111
66 78
3 55
123 21
68 16
136 131
6 23
85 27
49 40
91 40
46 8
77 38
137 16
132 142
136 16
35 71
92 102
1 46
39 38
67 109
73 109
122 77
94 131
123 30
34 119
44 52
77 99
1 80
12 29
143 109
91 148
17 20
114 45
124 104
72 66
37 129
74 141
149 39
107 118
91 1
132 124
136 36
57 94
91 43
124 130
42 124
106 104
79 76
129 126
147 66
125 51
43 61
14 110
26 58
64 28
71 36
73 54
58 42
120 102
4 1
22 17
78 33
46 21
130 76
35 96
100 78
121 1
7 76
115 112
6 138
101 20
49 71
86 81
129 127
74 70
73 120
85 19
119 0
37 39
50 92
103 126
76 67
122 10
81 7
91 116
61 4
129 77
18 8
37 75
34 84
96 53
104 76
43 95
33 23
120 149
114 80
29 64
32 101
135 143
84 53
35 107
96 57
128 12
148 14
62 130
103 91
48 49
11 58
45 63
22 67
61 73
41 115
90 121
86 68
76 132
45 34
113 25
144 19
22 38
129 27
89 64
24 142
106 140
104 33
15 148
67 7
28 90
14 54
6 0
27 19
79 84
69 59
14 43
114 104
39 95
8 51
15 86
86 46
59 87
51 99
20 91
39 53
140 103
31 80
89 135
49 52
142 86
25 52
30 61
15 57
132 83
85 85
48 40
3 39
93 27
138 81
58 88
62 63
136 39
2 69
61 46
114 122
57 66
98 34
25 115
57 30
88 3
147 6
122 116
120 79
140 104
107 114
22 114
122 91
46 13
80 135
93 84
17 0
32 52
104 30
38 17
10 4
23 108
125 140
43 117
142 24
2 140
65 43
96 110
25 62
10 117
33 117
73 104
143 128
113 135
32 127
16 124
112 2
46 55
127 141
14 31
31 16
3 143
82 127
84 122
59 121
148 14
2 73
53 46
65 115
75 140
126 101
107 32
115 27
9 147
14 40
143 62
118 31
87 92
81 48
6 43
52 32
108 106
54 122
82 42
149 110
12 101
63 147
34 96
54 79
54 69
26 2
92 49
67 33
114 9
122 59
8 105
0 126
97 131
115 88
146 33
137 40
19 104
34 9
73 75
122 10
64 86
66 113
22 124
94 23
38 94
147 128
49 33
113 99
8 110
90 102
14 100
94 140
31 114
136 2
138 131
78 14
55 110
62 104
53 23
148 96
63 24
84 89
145 130
114 125
23 24
96 9
21 129
58 100
48 60
144 119
99 114
56 87
7 99
40 99
62 96
39 18
144 84
73 136
31 72
39 130
82 70
130 30
134 39
97 76
14 66
46 46
124 90
105 67
85 14
33 63
23 98
49 71
20 65
131 13
26 122
15 27
116 39
145 32
20 83
48 96
146 67
48 83
40 96
60 80
32 55
139 70
51 40
146 134
94 126
0 129
144 130
20 5
33 24
5 64
8 85
99 124
85 95
44 57
142 90
21 90
74 55
62 86
98 79
93 61
7 140
123 134
134 99
126 122
55 110
20 88
90 17
28 26
109 24
25 29
124 22
85 55
102 63
114 25
36 62
6 59
107 45
24 12
53 17
27 133
22 58
50 106
114 47
119 2
57 12
31 91
45 33
137 61
67 66
140 143
128 27
110 142
75 80
58 85
123 36
101 18
62 106
93 127
130 39
51 25
115 43
66 135
83 84
118 142
134 33
53 93
80 117
89 7
57 96
91 143
73 20
5 67
106 26
18 135
109 0
143 129
114 67
9 61
72 71
110 120
143 15
32 71
24 104
94 39
112 107
41 42
116 125
15 86
25 116
142 74
121 6
117 15
114 149
124 92
24 103
30 2
89 140
17 116
122 130
20 65
109 24
76 94
111 50
23 96
8 58
62 96
113 91
49 12
37 7
18 118
105 14
39 90
51 40
36 124
18 42
2 30
50 14
15 44
28 99
8 44
2 60
69 78
0 14
18 10
120 24
45 15
84 0
145 26
1 92
85 110
21 92
136 117
12 90
16 140
9 116
48 5
29 105
21 125
62 21
139 147
31 74
112 101
51 73
128 114
111 5
23 15
106 84
117 73
43 90
3 27
26 102
95 51
4 102
28 66
8 98
134 113
30 96
25 107
41 109
48 38
1 72
40 49
127 54
18 72
54 47
30 31
141 101
131 111
34 123
98 74
42 137
58 106
59 135
130 96
24 128
84 45
59 14
122 56
70 112
57 82
20 7
7 21
100 54
21 18
50 99
58 133
141 15
85 142
11 114
147 31
143 99
74 7
28 22
22 140
78 11
50 57
24 20
147 94
84 137
77 68
47 115
26 65
124 12
25 67
33 63
97 101
9 122
57 40
65 26
133 33
25 102
143 142
36 40
70 125
121 107
118 113
112 97
69 123
19 42
79 130
105 95
104 112
90 116
14 147
119 113
124 33
148 4
17 95
10 135
130 137
126 51
23 126
72 39
95 116
25 114
141 47
125 20
108 129
64 135
38 129
44 90
123 95
146 20
132 87
38 43
101 148
115 98
10 2
100 1
78 82
25 70
113 99
68 122
22 2
126 123
19 145
124 82
113 7
141 119
17 143
68 13
32 0
64 53
33 94
94 123
61 33
62 35
53 18
0 135
19 60
51 119
88 66
85 58
112 17
22 115
6 119
13 69
114 125
27 22
42 22
123 79
147 56
95 84
59 9
108 141
65 124
98 34
94 26
64 97
106 48
2 149
5 13
3 50
125 81
105 110
45 117
142 13
28 80
141 78
122 106
50 18
129 102
100 94
122 112
123 92
102 99
39 32
3 74
148 119
110 132
144 69
120 116
7 146
49 51
56 75
82 45
139 146
58 121
21 137
71 70
134 93
113 64
78 67
1 118
135 148
144 129
111 24
17 104
42 114
50 37
90 122
38 3
94 110
114 32
114 141
73 131
33 139
89 100
138 137
145 55
58 82
118 28
48 7
66 88
87 71
50 70
53 23
82 3
102 9
105 124
100 35
108 133
20 106
64 97
139 71
2 132
79 118
81 85
8 25
6 75
82 145
105 133
52 34
39 102
134 15
32 0
132 30
142 37
110 5
93 128
109 29
44 47
111 32
16 28
123 17
61 27
1 32
83 38
86 81
18 111
47 113
69 14
63 109
51 50
104 7
48 21
138 17
142 12
32 1
43 14
46 146
9 143
11 147
91 93
21 84
31 86
130 145
91 30
36 13
118 145
22 66
97 69
120 111
62 62
120 13
38 128
29 3
23 67
40 114
23 45
50 41
13 110
114 64
96 20
38 114
73 130
79 6
7 134
97 96
128 145
48 95
105 119
36 6
20 75
70 24
71 118
53 4
101 118
32 99
140 73
22 60
4 61
24 26
127 19
51 129
36 64
40 51
148 55
35 45
52 68
22 1
139 129
1 106
19 124
101 51
67 4
29 3
93 108
121 80
105 54
22 48
101 73
8 58
141 128
80 72
77 109
2 57
16 67
118 71
26 38
49 35
139 26
118 10
142 32
29 135
105 72
80 24
81 43
51 90
104 68
107 73
13 73
139 117
72 73
35 142
66 118
10 7
131 138
90 62
104 115
89 53
23 71
101 90
35 9
11 120
9 71
101 62
53 58
92 96
4 132
16 71
133 48
139 66
81 10
107 122
60 31
149 97
48 119
20 131
144 94
25 124
117 76
53 117
95 92
61 139
97 73
20 52
96 10
132 23
98 83
9 79
133 18
144 79
141 49
105 113
54 133
66 67
80 77
77 17
83 23
95 133
97 71
112 138
39 54
71 83
142 4
109 63
106 94
61 69
53 61
13 82
130 100
128 130
46 81
133 133
27 16
147 107
40 144
35 44
143 21
82 134
118 145
68 108
77 70
2 95
131 135
42 123
39 85
16 120
97 147
109 139
114 118
51 63
54 25
50 93
68 38
129 119
146 65
54 27
93 102
20 99
112 106
68 116
22 9
82 7
40 94
1 95
115 39
142 94
4 70
53 72
75 39
129 6
59 10
141 118
124 20
0 37
6 93
1 102
12 98
114 79
78 21
95 95
38 19
29 29
146 27
13 28
87 42
73 94
60 1
98 20
40 84
37 101
41 52
65 84
124 119
95 140
140 33
123 80
126 75
130 18
129 55
139 39
59 21
135 135
111 54
46 63
15 42
123 126
89 26
115 34
46 47
103 83
2 127
142 65
4 119
147 92
111 50
126 89
48 85
113 67
122 88
7 113
74 92
25 147
11 104
114 89
59 93
116 88
12 81
112 129
85 133
101 103
9 49
54 45
70 132
126 148
82 6
41 86
107 48
137 15
16 148
113 79
77 76
19 128
119 136
136 136
96 98
118 34
52 122
11 30
63 120
29 47
48 96
50 17
75 15
79 14
87 2
23 128
53 17
69 128
103 107
94 149
26 3
70 123
120 118
33 73
19 6
28 53
117 37
84 92
77 31
26 71
82 114
121 108
35 72
26 29
58 136
63 125
130 76
60 112
148 69
12 27
25 12
61 81
23 120
127 6
37 96
79 78
122 146
38 72
83 41
29 111
100 61
141 3
111 72
125 104
62 104
136 87
25 99
108 121
56 19
73 145
83 133
6 1
53 129
56 123
97 1
112 109
115 101
108 121
13 119
71 117
88 46
136 48
143 33
46 25
8 34
148 147
36 146
87 47
2 143
3 132
98 58
61 121
54 121
146 119
128 63
97 102
62 22
83 129
15 91
96 9
110 104
132 129
66 120
106 83
71 42
16 135
51 119
80 83
42 2
73 76
23 94
112 27
127 20
117 30
97 93
22 45
101 94
88 33
1 2
143 40
71 76
1 18
33 126
87 39
127 134
29 144
17 41
105 113
6 83
34 82
143 4
32 108
47 28
107 59
14 0
90 145
7 66
115 92
34 58
1 136
146 45
31 98
73 89
124 15
16 19
103 145
128 52
111 25
10 0
68 12
76 58
25 126
99 28
82 104
130 61
37 36
80 142
137 34
100 140
133 25
11 92
85 142
91 93
53 25
64 133
118 74
51 24
92 65
43 28
144 6
0 49
93 56
61 8
22 125
2 113
62 8
69 64
141 70
4 3
126 0
20 73
120 108
46 17
17 37
64 23
95 80
75 110
146 47
142 28
112 117
52 72
133 125
22 27
124 70
119 91
46 29
18 115
122 23
20 141
97 144
21 1
139 73
100 127
110 5
141 46
132 143
81 9
123 62
53 128
4 99
75 86
119 41
14 79
62 105
97 88
59 11
52 102
143 90
22 42
1 109
55 111
119 146
63 50
118 98
102 24
86 111
148 132
124 87
68 110
64 1
61 55
12 70
110 85
59 72
79 114
100 74
3 115
12 70
39 148
137 55
105 77
123 102
125 140
113 31
26 101
111 136
105 115
120 37
132 40
12 11
121 113
100 26
57 79
15 137
136 54
20 92
27 7
96 62
97 140
10 140
25 108
38 103
37 88
61 77
59 122
147 63
113 71
91 94
56 70
39 56
146 49
28 70
55 24
49 79
93 99
57 29
68 20
26 133
14 2
42 5
94 25
133 52
8 145
117 16
37 143
89 113
147 68
34 131
129 6
96 17
31 33
81 9
136 95
97 17
120 116
86 43
130 47
17 121
67 148
57 74
64 34
99 75
124 114
132 118
63 31
108 119
9 72
115 72
55 137
23 67
43 16
1 41
80 3
82 83
20 43
98 88
87 99
133 35
127 11
2 98
87 104
45 22
9 142
57 92
14 15
47 19
4 35
86 54
62 141
77 132
11 147
107 117
48 129
145 134
46 30
13 58
63 84
19 139
28 139
29 5
76 106
106 42
88 66
91 115
20 115
127 143
29 42
52 106
78 36
65 57
0 7
41 32
1 116
74 149
103 5
83 116
57 126
101 104
120 0
54 20
123 40
7 54
70 1
64 51
135 107
80 117
40 84
40 115
37 20
7 26
0 42
99 102
112 124
134 70
20 6
89 101
108 12
120 76
79 32
22 2
36 8
137 7
89 96
35 6
79 19
125 28
54 123
51 97
114 41
89 89
31 50
108 36
118 27
59 137
106 9
50 60
139 113
59 3
141 52
82 37
9 97
123 33
41 105
100 36
69 26
2 89
0 82
95 61
133 111
42 7
18 99
22 73
45 35
109 48
126 126
53 72
80 16
66 84
8 81
139 93
133 25
38 38
105 116
70 95
123 27
124 60
119 71
2 61
107 97
93 33
64 80
42 115
64 136
93 36
105 100
141 44
28 76
59 50
26 109
66 77
141 67
52 18
33 81
79 118
74 110
39 18
96 23
17 119
41 41
24 80
18 23
1 29
149 7
50 11
118 132
91 16
117 143
95 132
28 127
86 43
7 143
136 111
61 17
131 70
31 62
119 23
43 71
65 66
148 25
24 101
94 110
147 11
101 80
55 33
102 112
1 62
35 146
5 67
119 138
50 112
19 8
99 123
73 80
42 37
75 127
91 65
38 66
19 31
124 130
17 96
100 48
33 71
51 142
3 119
46 95
75 131
27 116
130 31
24 57
100 137
34 127
89 132
104 0
137 13
96 22
70 115
28 101
11 99
23 37
42 21
145 13
19 81
141 6
1 26
43 94
77 130
88 62
72 39
72 124
95 49
130 147
77 43
149 138
82 16
14 10
36 133
31 123
118 130
0 112
77 107
7 69
13 22
44 96
53 11
64 51
31 112
67 129
148 102
47 138
68 133
8 53
17 31
70 57
149 142
24 52
83 145
8 117
108 6
74 120
30 123
93 13
5 6
65 24
125 99
16 84
95 39
58 118
15 116
126 123
91 55
105 20
138 107
101 83
115 104
19 117
48 19
143 72
43 99
107 7
82 58
78 120
143 14
55 139
66 50
139 8
10 52
53 98
11 103
133 20
96 139
142 21
126 139
75 147
86 73
64 26
87 83
121 32
32 128
5 107
90 58
28 70
127 14
147 132
59 79
26 4
129 149
91 117
26 149
121 107
68 104
69 11
84 51
136 68
121 77
61 96
8 84
9 115
33 41
120 94
69 66
43 146
14 82
2 133
120 98
0 58
58 70
70 72
140 6
98 24
67 79
130 90
11 40
55 125
28 27
93 47
46 93
45 105
82 2
33 143
26 116
88 131
48 45
6 103
148 12
19 67
12 70
127 1
119 10
121 42
70 0
30 100
0 112
68 111
12 50
6 104
113 37
149 24
82 141
91 62
8 90
148 148
85 47
112 148
48 148
147 10
95 108
7 60
49 96
61 67
57 102
39 21
149 79
140 128
123 78
67 113
111 97
8 121
16 128
22 19
55 64
69 23
62 10
5 33
50 122
56 75
72 76
73 46
40 69
110 100
76 116
116 94
16 0
144 52
19 135
86 57
89 57
106 36
17 96
9 113
46 84
141 85
77 94
96 60
82 114
88 77
124 64
84 87
37 6
78 32
7 143
9 126
87 62
23 75
121 100
101 138
47 71
108 18
27 94
110 5
65 35
58 85
64 138
28 91
44 82
96 70
58 78
72 105
127 18
17 133
126 108
37 96
16 62
122 47
106 98
49 112
27 91
127 138
0 16
145 115
116 19
13 101
139 138
61 87
139 9
31 69
93 127
100 69
84 113
95 81
49 76
79 100
48 126
63 1
3 16
35 97
58 24
4 120
145 100
144 52
24 3
54 145
149 147
45 41
66 142
46 93
123 116
34 4
17 90
75 110
7 145
120 20
67 99
95 120
145 129
132 54
4 149
131 92
50 87
91 7
118 149
0 32
114 112
62 103
45 10
82 10
60 109
29 24
129 78
4 89
97 61
134 25
38 22
59 103
15 15
29 74
58 104
92 149
37 85
4 132
104 96
109 46
122 114
16 100
133 126
87 40
25 9
127 16
113 19
70 149
17 98
27 34
54 94
14 16
9 123
53 78
64 56
109 3
22 18
23 46
108 63
102 61
90 0
40 10
101 123
62 31
82 113
102 45
61 100
149 106
73 53
115 42
137 21
77 52
33 108
9 92
55 40
81 29
120 52
104 131
67 116
70 30
117 33
33 26
97 79
13 137
87 30
133 55
53 117
69 53
74 73
122 37
55 148
50 107
6 14
37 3
48 14
11 34
65 17
43 56
131 87
86 15
59 78
2 27
31 67
149 80
118 41
140 129
124 138
27 79
35 98
29 57
85 36
77 3
84 132
18 115
49 29
136 57
70 31
132 83
43 130
17 97
87 83
87 62
140 19
40 105
55 66
53 142
147 110
147 22
137 81
2 149
76 102
8 43
134 101
66 137
117 59
135 97
147 74
103 1
121 91
14 143
62 115
121 14
36 127
101 18
74 103
19 37
3 144
54 41
119 61
43 23
137 119
72 46
72 83
125 77
126 60
116 27
25 7
101 59
13 48
105 69
146 114
43 117
67 128
61 94
146 122
123 84
59 15
119 44
56 65
142 71
45 142
130 103
77 73
6 27
35 42
8 19
136 123
143 28
142 132
57 40
74 8
134 104
81 98
65 58
100 93
129 76
68 3
112 140
4 83
10 139
86 77
139 41
28 89
139 88
91 18
107 38
57 5
36 49
107 121
48 98
29 38
57 25
66 28
118 23
13 136
87 15
14 45
44 59
139 41
131 42
12 106
44 54
30 91
70 149
118 112
83 72
6 141
9 52
146 68
14 145
33 112
44 13
45 32
48 84
19 126
145 60
47 63
139 15
4 19
88 8
78 5
70 50
104 120
144 87
71 138
94 98
32 12
20 121
126 99
66 47
0 63
7 39
127 6
135 35
147 14
95 128
147 122
142 124
31 17
35 115
129 24
121 40
119 136
19 122
86 47
37 147
142 126
52 120
67 57
85 8
127 34
125 21
133 134
98 87
64 50
144 35
25 39
144 15
142 56
130 31
46 96
128 28
45 39
72 116
8 110
31 140
127 103
129 118
9 26
113 127
31 36
8 36
50 11
51 94
93 130
118 28
4 120
109 105
123 45
100 39
134 109
75 144
137 44
39 114
132 132
122 15
77 63
104 57
72 13
120 74
32 69
50 69
4 136
86 70
55 55
11 97
115 116
50 123
124 114
43 109
18 19
135 53
4 3
52 45
146 14
129 111
30 47
144 48
24 67
113 144
99 89
54 32
122 1
78 116
61 36
89 54
74 86
75 82
72 44
19 12
14 68
81 129
21 98
58 52
102 75
74 114
137 86
60 71
11 119
70 132
100 61
52 124
21 61
134 126
6 93
41 54
53 33
94 56
83 104
98 114
82 91
12 100
140 12
123 4
21 56
74 43
130 146
45 53
9 89
141 2
118 32
118 93
22 32
64 39
22 118
120 9
49 126
12 25
55 147
72 139
48 78
62 106
4 98
47 70
110 131
68 136
11 68
44 111
71 47
50 78
146 79
0 6
97 116
32 149
55 14
67 14
112 1
7 122
24 24
71 119
64 82
77 98
124 71
105 126
33 51
83 24
98 139
92 49
2 31
77 81
59 32
51 72
80 78
76 75
105 133
17 93
115 47
19 114
68 81
57 64
101 36
15 37
16 123
94 133
144 73
74 56
24 58
116 5
113 149
2 121
107 140
15 91
59 30
110 146
132 89
94 107
63 85
94 103
123 3
24 5
52 15
72 119
115 100
63 41
40 143
40 22
46 62
57 145
67 60
28 58
77 15
5 139
1 75
93 108
71 140
130 104
95 44
50 58
136 82
5 37
131 138
135 127
19 27
74 31
27 95
52 37
8 59
123 139
57 32
45 86
41 14
61 48
88 133
107 98
60 101
117 17
54 11
106 45
25 9
103 89
23 86
18 5
27 121
61 100
5 55
110 131
51 141
38 95
97 124
143 2
55 122
141 136
84 108
145 11
71 107
8 59
40 147
90 34
12 49
37 21
69 65
84 70
135 23
52 42
129 40
99 119
131 141
145 138
94 136
61 128
122 106
48 147
99 84
85 110
59 100
6 118
7 136
117 49
92 60
93 9
139 77
130 71
105 50
111 13
96 34
41 23
34 36
74 104
124 1
72 78
1 29
11 61
107 101
130 59
137 102
71 61
2 6
90 93
46 148
96 85
149 113
90 21
8 139
143 77
87 129
92 135
92 53
19 118
80 95
52 29
9 21
101 24
31 47
63 79
146 79
55 93
7 94
101 120
15 20
122 82
79 129
105 62
87 86
69 143
109 130
119 106
134 144
124 55
29 66
73 139
102 16
4 41
72 102
96 62
56 16
144 49
129 126
131 29
128 66
68 75
37 38
92 56
12 114
60 92
1 28
22 138
33 118
32 121
64 60
78 129
68 78
69 32
88 92
22 29
138 62
100 67
71 30
96 143
65 40
57 104
141 117
114 1
18 1
11 132
19 125
36 75
69 137
135 20
61 99
131 148
46 50
75 84
14 17
83 26
3 91
109 5
21 25
88 91
138 10
142 92
145 102
45 43
58 78
3 6
87 77
143 47
83 8
125 135
149 98
14 97
80 65
111 27
16 145
74 137
15 28
142 139
11 28
109 11
29 104
37 60
94 9
93 83
133 119
145 24
74 10
28 66
19 99
36 135
28 31
91 147
40 108
122 82
17 138
124 22
58 88
46 42
64 80
111 135
64 139
42 11
60 68
15 34
126 102
43 76
122 81
113 132
101 26
88 76
2 105
135 113
10 43
70 72
138 84
106 127
26 15
132 43
100 41
7 40
99 70
137 81
62 3
97 149
42 141
36 91
10 60
137 132
120 140
146 133
81 126
0 3
75 36
147 3
3 60
20 68
145 38
121 69
124 52
9 61
40 120
4 50
109 131
148 47
54 90
133 39
102 1
11 15
15 50
96 44
80 138
19 129
65 99
27 5
129 100
23 44
79 46
58 8
30 71
128 19
49 16
35 98
147 30
98 44
18 85
53 26
13 13
138 123
56 111
3 22
15 38
38 74
124 22
138 84
98 149
140 61
21 132
60 15
35 59
14 90
122 95
137 48
23 92
34 68
9 74
76 51
130 123
120 105
93 29
99 60
142 98
80 41
17 15
29 98
26 40
118 135
98 102
123 90
32 78
79 19
86 90
17 80
72 139
56 147
22 81
71 69
138 95
115 142
98 106
55 101
27 97
31 83
146 112
54 65
3 137
75 89
2 116
71 90
90 129
115 6
16 18
136 109
105 109
124 29
15 148
143 116
88 82
87 53
75 61
96 25
39 66
33 95
84 33
121 13
0 62
0 61
10 43
76 31
66 98
74 149
56 92
99 123
148 149
33 9
126 21
115 91
29 144
43 7
69 1
31 144
35 123
104 147
142 99
134 133
10 88
147 29
52 75
64 68
72 68
65 39
28 24
114 68
61 141
105 2
79 115
113 133
13 107
36 96
21 25
69 76
56 0
110 37
19 115
76 138
134 68
23 58
65 11
58 95
16 5
75 85
99 42
29 72
61 24
62 73
89 51
35 1
74 27
62 146
5 66
27 107
13 124
98 59
75 105
8 97
124 149
141 55
99 21
83 110
49 135
42 96
3 87
55 76
30 75
91 78
7 106
140 14
8 54
75 144
132 124
95 147
104 20
31 17
26 92
57 124
13 72
96 146
40 127
103 45
82 26
128 0
103 72
99 63
131 87
100 88
86 120
13 82
82 126
48 67
99 108
7 89
6 149
58 6
104 34
28 136
7 21
61 104
129 142
58 63
5 23
0 148
132 58
48 67
56 79
85 137
61 42
112 17
117 140
104 109
132 18
142 14
123 125
77 122
80 30
20 69
123 84
59 125
134 88
93 45
135 137
66 33
128 127
137 149
123 96
59 128
94 24
86 135
31 121
68 127
143 107
109 88
95 3
39 109
122 92
126 16
14 84
131 106
133 29
46 69
143 92
139 132
13 97
16 4
123 5
93 30
140 53
129 102
9 70
24 35
96 149
59 33
74 144
141 16
69 55
34 39
111 145
36 38
4 100
22 22
26 145
72 75
111 142
63 73
124 80
12 41
13 59
70 29
49 92
9 119
84 73
125 20
77 38
36 136
55 57
127 77
92 136
27 29
64 126
13 20
7 126
79 122
103 148
99 50
93 120
144 54
54 139
21 50
54 71
81 41
49 138
130 43
79 0
32 73
39 148
117 56
19 41
46 126
63 42
13 90
92 110
97 4
46 101
128 133
103 16
78 117
31 10
89 135
113 58
72 82
1 85
89 54
82 44
77 0
51 146
139 147
144 62
111 51
75 101
128 99
68 57
139 57
96 86
113 56
18 148
115 76
46 60
98 135
137 5
136 104
67 109
107 106
4 33
35 100
40 40
18 28
135 144
105 26
89 102
28 62
135 36
80 73
48 145
87 141
82 104
92 47
17 5
103 110
40 101
123 121
75 138
89 120
76 27
92 76
51 28
109 58
76 54
55 92
72 62
111 46
69 80
68 30
31 129
94 31
26 147
5 133
67 39
117 128
56 120
88 104
47 135
27 48
119 137
77 123
122 66
105 17
104 101
125 80
69 61
77 64
119 99
139 16
133 74
128 36
3 51
1 35
52 44
41 134
117 141
64 106
68 63
59 78
122 146
14 8
17 29
25 34
109 129
97 89
77 109
7 40
30 58
3 0
15 32
147 103
34 0
123 102
108 96
59 123
110 36
102 21
26 19
85 39
92 52
11 145
144 121
29 72
120 60
4 34
88 110
88 128
13 119
115 29
54 138
144 129
49 141
46 43
106 6
1 78
88 25
0 120
79 65
21 37
82 149
96 118
48 16
24 120
55 16
100 67
4 7
67 15
142 70
143 135
16 105
43 126
145 2
52 115
119 135
114 35
2 99
89 44
62 45
94 24
50 92
96 65
83 6
29 33
41 119
145 74
28 142
79 31
103 102
90 4
107 39
33 137
124 6
1 12
70 60
28 90
11 137
58 98
91 31
65 119
71 59
11 10
144 26
118 57
119 121
128 61
34 132
4 138
38 2
6 29
71 114
109 83
26 76
124 52
38 67
111 124
111 10
49 1
78 77
119 16
29 73
22 101
122 102
10 123
122 82
35 66
107 2
27 47
129 91
2 9
123 91
16 145
108 86
6 47
7 132
37 13
114 4
58 140
89 109
88 111
10 95
101 101
17 27
70 101
123 14
15 42
118 42
72 70
43 116
48 86
78 68
82 57
110 45
31 23
50 3
39 77
47 6
54 0
116 58
127 115
84 40
68 119
108 113
64 121
56 55
123 30
87 7
30 22
1 81
39 48
121 63
113 138
80 62
134 66
105 133
51 34
47 126
115 114
32 17
76 29
75 21
135 49
149 102
101 61
103 43
17 28
122 53
33 64
78 124
72 145
75 134
110 42
68 126
133 33
47 81
20 112
65 105
123 117
99 19
2 18
70 3
144 126
140 105
115 142
41 64
1 15
15 69
82 20
65 4
52 7
131 80
88 104
74 149
23 56
67 106
105 85
77 60
135 42
113 76
17 29
70 126
39 115
38 53
4 56
140 3
86 47
46 21
145 116
5 34
31 46
67 115
139 12
79 9
38 82
79 43
123 2
24 139
109 42
34 132
89 0
77 100
120 132
54 143
80 93
71 10
56 64
88 4
17 44
22 105
28 94
92 43
65 73
119 83
113 147
122 84
49 145
121 84
135 26
123 110
63 149
118 17
74 53
98 94
74 70
47 145
70 50
69 40
19 137
80 123
127 63
0 13
20 54
135 11
120 26
31 4
67 123
44 38
45 3
82 39
143 45
35 30
18 28
143 9
91 85
118 41
4 67
95 48
31 33
41 49
59 47
127 29
123 128
54 141
57 37
73 117
39 14
49 87
15 136
49 73
47 0
34 96
7 79
92 110
49 41
116 14
112 131
36 116
88 44
65 75
0 137
116 96
126 4
82 38
134 39
59 94
41 80
0 17
59 74
70 139
145 107
113 52
16 41
104 64
45 47
63 128
116 2
95 17
12 117
16 83
79 25
104 16
145 55
58 100
77 1
85 46
18 21
5 28
135 57
138 102
21 61
22 13
55 144
73 0
33 0
50 49
80 125
18 90
111 58
103 63
149 24
22 0
144 121
121 107
140 129
28 29
118 47
128 120
20 22
124 111
7 65
75 111
127 4
36 39
71 107
29 1
59 24
72 98
6 41
18 3
31 43
7 31
9 23
84 108
138 117
125 26
71 18
73 64
144 54
30 48
94 95
127 93
23 28
22 29
120 16
62 39
142 2
10 43
139 114
78 19
34 114
89 11
86 114
2 48
64 0
57 65
9 127
111 88
108 27
131 32
68 35
68 141
87 146
113 54
127 110
125 8
70 132
38 27
102 82
136 18
120 118
14 118
8 119
17 41
67 81
105 39
40 99
84 98
11 1
141 117
38 2
13 41
16 126
84 83
29 110
119 69
104 23
99 83
100 119
105 122
84 134
138 79
86 7
19 72
146 142
48 43
109 138
27 13
59 9
111 77
95 5
100 11
67 35
94 47
139 126
58 136
94 109
26 80
32 14
98 53
19 66
44 111
41 132
127 31
21 10
69 10
8 116
1 32
53 140
107 110
5 89
79 48
70 104
20 61
122 146
140 62
75 148
74 133
141 98
117 123
105 118
126 28
19 80
19 100
43 100
104 140
35 133
108 142
89 119
73 52
39 137
6 108
21 32
1 108
86 102
48 111
77 149
63 115
84 139
92 143
9 73
96 88
89 91
25 59
106 97
144 132
126 115
25 81
46 135
104 15
33 36
62 114
27 133
79 54
12 49
116 85
11 39
54 5
12 120
6 90
41 23
1 98
84 21
95 118
72 43
81 15
102 4
90 86
11 124
17 145
87 2
113 68
132 148
97 103
14 16
115 26
54 33
119 54
4 19
82 148
53 59
83 61
11 100
73 126
82 62
26 16
52 92
122 122
148 146
24 19
75 74
49 9
58 77
38 59
90 41
56 47
126 112
95 11
117 116
139 61
38 143
114 48
58 140
125 125
20 34
7 2
114 42
48 127
66 8
89 4
11 132
82 110
123 139
2 82
26 106
93 124
60 68
86 4
118 61
16 92
69 17
120 81
99 110
32 121
11 118
17 128
45 0
56 45
84 12
99 31
119 45
139 103
72 49
33 136
24 121
94 143
120 47
8 52
108 8
0 110
73 107
102 12
78 32
108 9
36 24
12 36
7 131
82 50
42 142
126 73
23 43
87 35
31 16
87 147
59 61
9 110
27 47
93 31
143 123
84 76
131 120
108 103
97 100
122 27
49 81
65 95
92 114
46 95
55 9
110 82
34 0
33 128
131 29
47 36
60 117
17 62
108 121
66 27
139 61
57 20
121 114
14 85
104 19
79 17
50 8
65 97
57 106
88 65
31 22
31 94
114 45
143 0
123 40
108 25
60 117
141 129
50 27
139 48
96 138
93 61
44 99
19 136
119 141
13 140
72 19
14 77
47 41
79 15
88 1
25 51
85 45
141 36
42 129
49 62
134 3
93 5
4 43
23 124
145 44
19 33
145 74
46 53
131 101
32 4
89 46
51 104
98 133
2 45
110 71
131 122
87 2
74 51
20 43
102 107
77 123
32 120
116 75
108 13
71 50
107 113
61 44
113 30
81 110
50 17
8 60
40 57
119 65
125 9
129 109
7 101
42 87
5 14
36 133
47 101
120 4
3 133
17 88
146 80
43 108
91 33
87 116
122 83
104 7
58 118
4 107
58 94
131 43
114 90
68 58
87 83
17 119
2 68
94 144
79 90
132 18
98 135
134 146
119 55
9 15
114 1
63 119
39 6
90 116
139 108
44 111
108 112
87 44
104 108
85 13
17 11
34 48
74 131
14 93
26 86
88 95
15 38
99 68
52 118
125 69
78 99
90 36
2 8
134 145
61 115
123 35
89 10
107 111
63 36
15 112
70 95
68 128
112 86
125 110
110 32
136 106
31 21
1 4
140 17
127 2
56 93
22 16
123 69
67 65
107 22
97 116
37 148
147 15
127 67
7 67
122 39
18 32
56 90
69 104
3 5
66 67
1 56
123 139
123 137
56 61
49 28
20 70
68 76
11 147
15 25
86 26
137 144
6 20
39 111
47 52
125 141
92 122
108 26
66 89
71 102
30 92
115 10
41 104
58 2
130 5
75 112
58 110
1 92
97 107
143 101
89 149
116 42
38 134
119 31
114 130
145 83
119 66
105 126
132 20
112 21
61 100
56 100
96 122
72 47
36 128
128 44
109 142
104 40
78 39
139 23
61 107
106 140
10 140
2 9
3 45
115 75
149 95
59 149
57 33
50 127
22 27
143 17
40 9
57 8
50 94
88 120
40 70
38 7
36 76
45 81
69 44
94 74
117 63
36 35
42 38
100 40
29 120
91 134
28 67
53 78
91 59
106 0
20 90
28 115
6 50
35 63
4 51
98 117
23 15
87 98
6 55
119 49
32 84
31 91
30 22
81 145
22 24
116 88
135 52
111 134
126 4
33 17
149 72
68 38
62 131
15 42
110 140
28 64
57 41
17 143
10 75
56 141
137 82
3 83
70 90
133 116
128 28
72 13
4 45
47 63
123 13
5 2
125 90
18 16
110 46
71 12
147 9
27 89
57 109
86 113
36 118
35 92
55 53
6 89
110 149
131 65
76 15
97 90
75 101
94 41
10 29
27 138
72 11
146 15
146 119
24 2
38 134
102 59
123 23
53 107
12 94
65 131
127 141
141 10
111 104
143 26
95 10
12 66
105 87
37 34
27 118
85 84
76 68
48 46
26 43
16 11
87 98
145 148
142 115
94 104
55 41
84 75
90 65
63 72
78 74
74 73
128 148
92 18
4 16
32 9
133 111
122 67
132 41
106 142
135 39
145 120
94 136
107 83
71 118
85 149
5 36
34 74
53 134
139 94
19 48
34 23
38 41
95 87
144 43
50 37
30 48
41 63
82 141
118 104
112 98
19 39
119 3
58 66
108 20
13 113
21 29
60 73
91 1
33 35
36 100
109 90
6 20
95 149
0 17
45 54
45 127
62 12
21 6
146 141
46 95
87 133
5 102
62 109
149 10
19 91
77 130
16 112
100 117
6 48
11 113
43 15
27 1
73 86
119 118
7 50
107 86
145 18
61 56
20 56
82 43
61 7
115 128
116 136
112 90
75 13
146 21
28 22
65 3
118 45
30 29
68 49
13 98
38 65
103 128
138 137
148 46
42 23
66 7
105 59
48 2
78 8
64 39
33 133
5 19
137 41
121 86
127 21
113 31
109 19
34 38
48 142
16 22
13 13
148 75
125 9
55 128
8 133
136 51
123 79
149 117
73 22
85 8
143 54
119 2
5 34
46 143
71 102
46 89
67 111
18 63
62 52
56 134
85 55
72 55
54 47
124 49
116 39
1 140
7 98
16 44
36 50
126 81
109 70
131 95
137 47
118 36
149 56
93 112
67 41
128 6
128 126
3 51
54 116
108 41
50 16
49 37
19 3
59 121
49 99
17 57
55 102
16 16
94 62
3 138
102 52
43 132
45 7
98 119
134 139
92 126
138 119
41 142
45 107
74 82
116 87
56 102
82 120
7 78
120 94
119 86
34 103
81 126
79 20
31 116
145 21
45 48
138 37
80 39
51 130
88 30
0 15
149 106
136 44
65 38
41 72
35 16
84 140
13 101
60 14
8 103
24 75
135 33
0 49
140 47
84 37
101 75
118 142
115 72
70 6
34 113
52 34
14 0
114 33
85 139
55 124
126 44
56 133
143 57
51 134
78 36
45 88
54 32
94 86
95 122
59 136
137 0
9 59
50 107
73 15
87 88
76 8
129 118
12 110
94 77
91 41
30 95
73 12
114 79
65 88
57 104
86 9
54 106
137 32
111 125
90 38
138 63
54 40
57 91
52 88
124 63
126 148
135 125
4 106
0 76
74 61
92 91
66 5
70 129
81 87
103 40
134 6
8 104
128 115
147 13
0 78
57 94
51 16
61 59
143 7
4 129
37 44
38 104
2 29
117 39
19 105
80 16
71 65
139 4
39 138
107 117
23 127
141 40
17 144
52 133
96 30
135 53
146 15
148 99
71 141
85 26
106 122
113 125
97 92
20 34
31 18
69 131
87 143
83 43
124 85
141 39
68 121
123 1
66 143
113 136
2 141
73 119
149 54
55 134
42 53
55 126
16 145
48 125
10 80
133 130
59 134
73 89
52 35
123 33
13 103
98 149
141 26
75 106
130 18
91 119
21 139
25 62
45 106
26 4
108 97
116 41
127 25
103 53
28 98
54 5
94 57
96 27
7 98
7 50
19 144
3 100
120 104
51 70
135 25
53 94
86 61
131 38
16 39
57 27
30 83
22 37
41 54
87 72
80 39
69 4
19 80
121 144
43 146
115 24
75 134
27 117
121 26
146 78
113 129
77 72
106 138
136 8
30 67
131 89
105 1
140 4
148 89
71 59
129 147
89 63
39 125
1 27
42 12
92 27
125 22
69 56
96 139
15 65
121 83
18 98
24 124
72 60
128 122
124 13
119 114
47 45
101 64
148 82
128 30
117 85
88 146
125 77
15 117
136 81
31 4
146 65
41 63
72 58
120 51
51 87
38 3
126 148
71 130
14 123
64 105
123 102
23 74
79 145
142 17
53 89
35 88
12 107
31 65
123 109
41 32
75 22
138 91
20 137
2 43
33 38
5 72
15 107
135 142
102 43
134 32
77 141
109 11
32 144
141 113
144 142
140 114
49 20
97 23
4 47
101 21
30 145
8 101
88 69
51 102
105 0
95 110
81 65
114 127
30 31
121 142
148 135
94 140
57 112
47 145
8 60
139 103
141 137
42 3
121 37
118 3
55 94
17 66
144 28
139 94
113 132
38 119
35 118
43 88
48 47
116 133
66 109
129 79
74 21
73 51
61 130
140 64
72 21
14 113
114 2
48 102
128 1
145 81
49 133
130 13
7 53
0 31
130 68
9 66
71 142
148 71
43 100
66 77
84 69
102 125
140 112
126 111
74 27
48 30
91 60
126 95
87 95
94 133
113 78
25 67
133 141
88 42
2 122
46 32
28 2
69 117
136 78
148 50
87 100
126 80
147 4
29 135
106 110
131 103
83 92
32 86
93 26
124 2
8 101
118 94
17 13
8 48
128 10
3 61
114 87
35 9
89 118
63 24
118 94
28 66
3 128
7 42
99 28
107 75
52 25
102 35
51 117
30 135
58 141
61 73
4 45
106 135
48 50
9 59
36 142
100 67
43 119
97 116
135 95
22 20
112 96
130 72
105 33
123 121
3 45
19 64
6 26
44 149
18 33
97 136
29 59
106 53
7 46
72 107
144 110
137 123
41 123
33 42
23 95
116 148
38 38
138 116
128 55
86 25
3 23
143 57
82 146
104 51
49 128
93 87
143 147
28 125
68 98
121 36
80 79
28 130
89 63
41 136
139 58
88 61
42 97
142 2
47 121
113 90
102 140
32 55
143 55
86 149
80 98
103 45
115 15
104 85
41 148
7 35
53 67
64 87
54 136
137 34
113 92
25 0
34 62
122 118
4 97
51 56
45 14
58 34
103 95
94 144
148 34
62 48
90 78
139 5
43 22
81 102
93 142
82 68
96 46
13 27
145 134
127 145
56 46
57 91
44 125
70 97
63 40
67 89
85 143
92 148
115 10
22 133
5 149
51 95
39 29
144 27
38 110
99 6
64 86
142 3
141 43
40 50
8 117
92 84
140 67
71 51
15 15
122 47
94 114
57 56
64 113
13 146
61 42
11 96
79 9
51 15
71 72
39 10
61 83
6 147
22 136
100 132
114 85
6 108
104 109
21 74
103 8
90 71
127 135
118 70
71 113
141 96
112 118
123 115
113 69
134 85
120 10
11 114
80 129
41 75
39 70
38 46
55 57
42 131
116 35
79 27
146 119
22 106
85 7
45 50
125 35
134 93
103 125
36 47
65 61
41 8
145 39
124 20
16 50
98 76
2 128
149 56
49 5
49 85
0 137
41 114
131 83
79 44
93 90
32 30
29 133
76 109
117 75
29 120
94 142
32 116
97 61
55 42
10 121
32 53
30 102
31 106
17 55
149 5
40 21
105 0
110 135
120 125
83 50
77 104
3 39
17 17
56 48
22 134
2 66
50 85
53 26
91 133
51 82
1 54
32 140
27 78
119 34
90 44
149 57
100 4
1 54
85 3
61 107
41 52
10 11
40 136
29 103
56 74
66 129
79 87
40 13
50 5
106 21
131 121
21 145
40 26
131 24
114 7
3 20
85 146
123 54
52 27
5 78
107 97
4 18
58 56
137 130
30 60
31 116
13 117
90 119
18 82
99 115
7 44
138 84
12 78
61 25
5 117
74 20
39 60
58 135
69 65
95 132
111 96
142 69
4 122
60 60
30 20
70 8
148 113
57 35
45 144
8 85
105 101
39 86
92 122
2 93
29 8
142 63
64 47
48 63
105 125
25 92
128 79
140 84
136 82
64 19
59 131
142 135
109 78
79 36
3 23
13 61
119 134
53 71
55 3
145 69
48 113
103 63
45 87
93 114
140 0
33 8
78 5
92 75
93 28
148 13
99 24
92 61
105 133
135 133
15 32
54 119
101 100
0 68
85 41
134 122
105 122
142 96
13 33
139 148
142 32
12 97
98 130
8 77
93 29
119 90
138 49
100 11
135 131
20 65
47 95
142 30
88 122
59 44
38 133
77 59
47 51
73 45
55 78
21 94
1 26
80 64
73 99
69 82
128 93
65 9
125 64
62 98
11 102
89 95
87 104
32 127
119 10
110 141
60 88
146 3
40 134
69 122
79 63
83 53
138 76
139 2
82 15
56 11
89 7
31 4
1 30
21 35
131 61
141 50
126 35
40 62
3 123
110 7
70 130
110 39
10 112
88 59
119 146
46 98
113 1
6 35
125 110
19 49
12 100
144 28
28 88
10 24
99 145
20 30
68 93
16 79
145 31
23 149
130 78
56 11
79 148
135 121
16 58
2 55
87 124
38 144
32 84
104 29
130 139
99 103
45 135
11 148
120 43
13 7
106 137
61 4
114 96
12 142
40 54
88 34
137 125
146 96
137 136
133 25
127 139
97 3
19 74
84 133
130 89
121 95
132 122
135 40
114 48
45 50
109 96
20 135
23 97
2 109
119 13
29 149
61 13
99 85
88 146
62 89
36 24
144 77
16 74
80 76
89 115
107 43
40 116
102 118
101 77
21 128
40 10
133 45
123 145
99 24
68 102
104 144
140 68
111 75
33 49
39 46
41 86
74 13
30 68
59 141
83 9
136 43
33 3
68 142
71 85
39 41
11 139
20 15
41 31
62 6
83 8
99 61
82 61
61 110
83 43
3 59
14 25
68 89
51 146
144 49
136 120
130 109
42 0
59 18
86 69
38 19
22 130
44 77
127 27
136 135
102 107
93 77
30 9
92 25
1 42
3 112
106 38
109 63
52 72
118 7
54 71
92 58
136 90
93 22
82 129
94 77
118 137
56 11
96 74
127 51
109 83
55 50
73 85
132 124
64 92
28 144
11 64
94 125
100 4
68 114
93 141
77 111
141 108
20 68
6 129
45 7
83 6
70 98
93 99
122 111
135 144
4 72
115 59
118 38
13 100
66 61
136 85
95 147
47 34
38 108
55 3
39 60
99 90
79 148
107 69
32 27
127 99
101 1
139 142
39 129
133 142
51 101
21 77
83 129
52 106
98 136
148 64
65 104
107 35
60 42
119 105
54 125
27 73
83 20
89 86
132 6
132 51
17 44
139 52
107 70
57 101
145 37
100 4
148 3
39 93
47 1
52 38
86 79
93 129
85 134
8 114
137 7
64 81
59 33
85 146
35 128
54 90
42 107
2 144
123 90
105 40
48 129
65 149
29 23
18 73
97 76
135 11
21 75
21 131
77 27
89 133
9 16
67 78
117 125
116 82
71 145
68 20
7 121
28 83
41 86
70 122
71 147
52 113
77 121
99 131
140 89
24 9
140 11
0 15
48 16
124 77
103 1
55 48
105 93
32 124
64 79
27 143
105 67
54 100
28 20
140 142
138 3
64 14
141 70
84 45
138 110
67 93
148 72
81 9
79 115
76 139
68 15
36 23
106 17
86 113
141 11
140 6
132 44
37 70
32 14
136 18
27 28
66 148
38 138
9 73
56 68
37 133
67 141
26 73
121 35
71 115
89 52
92 125
127 85
46 52
85 14
95 30
141 113
60 43
132 124
35 48
18 72
86 139
36 92
62 1
109 111
129 69
136 95
85 90
147 128
129 74
13 67
145 60
97 13
57 36
26 127
119 35
69 16
25 12
112 95
87 63
129 131
39 26
55 148
7 53
33 86
105 1
63 100
18 57
69 108
124 16
66 35
43 110
5 110
83 75
41 97
134 23
7 55
144 44
35 54
140 91
41 118
69 5
68 130
66 63
110 36
14 9
49 84
14 5
74 62
18 116
21 142
115 10
42 40
76 10
37 100
67 140
70 16
145 60
91 74
44 67
44 22
55 95
117 103
121 17
22 20
12 20
72 12
85 104
32 6
6 0
19 92
114 124
110 130
66 86
105 104
110 130
33 55
23 147
71 12
32 8
121 98
9 12
139 139
109 71
124 48
36 127
121 85
111 14
64 30
62 35
114 70
96 39
43 123
67 91
15 14
37 42
2 84
14 35
66 50
135 103
84 115
85 9
122 74
112 30
144 144
25 65
91 111
136 91
148 137
43 91
45 20
34 44
2 108
109 121
110 73
145 17
71 49
116 4
38 17
116 62
55 20
102 46
106 78
68 71
34 137
34 37
19 25
99 33
46 19
97 86
145 100
63 12
53 87
141 108
50 118
136 49
102 120
77 6
50 147
101 142
119 125
51 112
22 4
83 19
111 121
118 56
71 80
83 12
148 36
149 28
90 66
12 108
76 51
147 149
1 15
97 142
22 68
78 53
93 31
4 85
127 117
1 9
0 35
88 12
68 6
19 18
55 126
60 118
53 79
1 25
68 90
121 86
66 147
82 30
127 68
84 68
139 14
46 118
72 33
79 10
54 25
105 100
107 85
0 61
52 58
70 6
4 96
0 82
112 98
119 46
45 49
117 57
119 89
133 80
88 96
104 105
66 41
84 98
69 47
41 74
11 105
125 16
131 33
147 133
64 37
109 99
75 88
108 142
65 30
37 26
108 115
28 94
92 142
83 129
140 123
62 7
66 112
137 89
83 5
85 2
104 130
5 63
128 134
88 96
64 84
32 112
65 92
71 95
94 46
61 129
138 56
65 81
109 37
118 82
33 5
96 45
94 44
56 14
9 147
144 71
112 10
90 145
42 83
140 13
37 25
14 136
146 68
8 120
91 44
50 128
29 118
12 53
146 42
5 52
83 74
148 89
74 126
129 135
133 12
126 149
1 111
63 126
96 94
86 3
95 116
67 46
124 106
41 28
56 14
26 42
38 88
50 22
106 79
147 1
88 76
47 43
71 66
59 135
118 41
48 92
120 41
4 11
125 72
17 64
118 130
112 113
15 52
13 72
130 146
149 106
46 41
52 67
30 47
131 6
93 22
24 110
10 1
137 1
79 40
141 43
4 132
54 127
23 5
124 99
106 7
120 39
121 120
124 64
52 9
3 119
49 141
93 94
19 141
134 117
34 38
73 127
81 116
17 97
108 29
20 118
79 109
145 100
135 123
144 53
15 44
97 123
121 116
58 2
39 45
28 90
47 1
131 42
8 46
40 17
94 137
38 6
42 62
146 40
106 8
146 98
43 139
146 51
87 79
136 93
147 65
20 60
95 149
84 45
120 15
107 37
20 43
105 127
85 2
13 28
97 81
28 39
86 146
16 88
95 134
44 17
8 56
15 78
81 107
140 12
130 101
32 86
106 0
128 78
103 18
50 92
54 3
115 83
106 67
26 39
104 67
64 86
94 141
92 49
1 117
94 72
13 147
129 103
86 26
105 106
97 11
25 92
93 53
39 149
11 28
137 38
72 39
38 49
20 148
113 128
142 31
62 0
119 111
101 81
94 64
22 33
84 71
12 99
113 44
120 84
19 105
21 14
42 37
149 62
88 126
79 14
39 35
13 88
129 3
9 67
12 109
4 8
107 56
33 48
11 55
94 114
115 87
38 74
134 30
95 37
80 6
100 9
136 88
30 126
129 124
52 55
27 1
106 147
106 96
7 66
3 29
104 23
102 107
47 127
55 3
107 105
104 110
127 145
31 119
143 38
99 75
47 44
142 139
23 7
73 75
14 117
111 129
148 130
36 129
76 46
60 109
91 62
105 81
54 95
58 1
51 138
95 42
25 135
36 31
147 78
82 72
29 95
116 79
125 37
23 11
120 68
84 15
126 56
1 104
7 142
111 10
112 23
126 90
131 45
147 62
127 74
57 77
103 13
29 105
52 31
132 82
77 57
12 112
29 38
24 130
113 70
141 7
73 135
118 52
22 120
98 18
137 145
45 95
110 59
23 29
147 55
48 139
48 52
114 146
115 7
95 9
140 45
42 127
24 63
77 112
140 62
64 8
6 41
63 25
28 23
4 15
6 51
124 94
58 8
118 31
96 144
99 46
72 82
53 66
111 45
116 143
112 13
104 18
15 88
81 84
140 4
141 13
20 64
122 141
77 125
40 84
76 39
10 123
45 124
43 102
57 68
73 127
143 121
15 74
112 29
68 83
85 78
131 0
90 59
51 23
140 10
0 105
85 45
6 148
141 2
111 82
133 42
26 11
105 37
118 35
111 105
43 121
120 22
34 118
123 5
116 87
6 110
140 36
68 91
146 16
53 142
51 75
29 48
12 95
57 7
34 131
36 47
95 41
139 124
11 97
96 4
30 77
82 54
125 84
9 118
14 137
100 97
28 95
132 61
10 47
44 118
58 38
40 112
111 35
119 70
89 114
100 117
14 51
72 19
17 52
67 129
142 115
60 21
82 99
103 139
35 91
140 128
134 67
85 112
12 105
71 116
149 109
103 142
28 10
35 75
106 63
14 115
39 15
48 76
107 99
133 138
16 23
104 38
71 79
0 106
39 60
98 117
113 138
95 70
11 43
38 25
147 9
99 60
34 5
6 138
19 89
144 29
23 29
146 119
74 81
29 124
103 94
51 143
87 95
137 102
40 98
114 113
148 21
3 112
50 17
95 35
98 12
88 125
87 30
67 26
144 126
76 19
146 17
56 56
34 116
76 25
84 139
85 37
126 77
32 88
47 125
42 47
94 22
24 107
80 109
6 49
82 72
114 66
16 22
3 14
62 86
144 121
1 140
97 6
120 136
26 56
114 1
56 45
98 124
91 141
52 10
19 25
133 81
38 75
117 11
127 0
54 107
109 47
21 85
75 29
48 64
9 45
53 93
31 111
23 36
146 3
124 42
3 128
2 135
16 55
70 131
10 77
85 103
122 45
16 142
125 33
73 65
49 84
4 3
75 45
34 3
58 44
4 69
79 104
57 53
134 61
110 75
141 86
83 53
102 135
61 148
8 129
66 133
90 98
54 115
102 7
143 58
88 75
51 79
90 83
102 114
93 140
44 113
96 143
41 135
49 64
64 27
72 6
49 39
111 142
95 74
31 35
11 84
78 10
12 107
132 121
74 20
59 126
40 16
117 135
70 84
106 102
109 29
23 149
31 68
3 149
50 124
121 129
114 132
43 15
10 92
109 26
149 40
20 0
3 25
93 19
88 88
115 100
20 8
80 6
123 148
142 53
83 29
54 45
118 29
113 62
24 46
1 52
132 9
41 22
89 26
131 133
10 123
144 7
14 138
122 57
36 48
31 44
137 59
136 88
16 133
103 50
105 57
149 51
35 52
98 36
2 147
47 27
80 107
125 67
110 8
109 60
111 114
6 50
86 39
124 117
128 110
97 56
116 117
103 49
126 0
13 130
21 17
1 62
58 97
96 64
118 140
58 99
97 135
21 87
64 2
50 75
16 137
132 13
42 4
47 130
85 11
18 102
140 127
58 131
76 74
98 107
149 74
135 14
72 19
80 129
141 5
33 69
11 91
119 136
133 64
86 100
49 86
62 32
146 66
2 91
79 33
30 75
127 5
29 142
24 25
11 60
74 109
142 79
27 14
127 112
6 24
77 79
143 90
149 135
41 94
98 97
97 103
12 116
75 70
7 96
65 47
110 69
25 89
138 88
32 82
149 104
82 119
94 28
111 20
48 129
119 101
57 34
57 55
27 135
52 129
91 100
70 132
146 94
142 141
135 78
111 134
95 6
67 74
113 50
118 146
51 17
18 124
113 73
115 105
24 37
11 125
139 149
107 15
81 98
50 62
75 31
149 40
109 59
53 135
26 114
117 99
97 115
58 148
81 78
92 58
96 33
38 120
93 61
4 30
57 106
11 135
31 87
127 140
134 132
55 24
29 26
74 18
52 0
15 115
126 121
7 42
82 66
5 80
19 2
99 17
101 15
98 147
58 5
120 114
27 62
42 133
25 106
105 106
149 92
61 109
117 128
147 109
57 26
149 98
29 87
109 36
96 120
74 0
114 68
131 127
106 13
130 147
69 126
20 146
122 3
100 20
80 18
37 45
66 26
18 78
103 72
90 28
100 26
111 9
80 63
113 96
56 29
1 88
89 89
104 121
141 38
85 116
85 57
116 3
89 107
93 31
33 98
120 10
59 112
80 103
140 93
82 147
62 99
48 103
85 0
142 146
147 86
17 5
119 56
14 31
10 4
0 61
23 121
146 115
127 112
126 114
112 119
145 72
68 0
147 72
71 106
98 3
105 129
4 69
47 100
77 99
61 23
26 19
41 126
1 105
140 100
48 31
78 133
90 70
131 74
108 131
122 63
112 32
86 30
9 120
4 57
146 144
95 78
119 57
130 35
120 128
63 120
92 137
141 136
134 40
90 93
125 15
22 102
116 46
4 100
134 125
20 99
101 16
0 37
75 9
12 54
142 96
135 97
78 107
43 79
46 10
45 13
22 144
117 129
31 93
55 31
37 66
10 76
128 94
75 23
109 111
22 83
54 37
26 94
66 27
76 70
8 78
90 79
11 41
80 140
102 145
138 147
67 128
55 32
104 26
39 86
12 120
52 48
35 98
26 114
37 129
93 87
13 60
119 59
149 67
139 38
133 102
65 13
70 19
112 51
21 68
123 95
84 76
14 83
83 116
83 89
121 76
70 114
133 130
103 123
63 22
17 113
78 65
104 69
38 127
83 57
87 41
46 72
86 114
54 147
146 142
14 67
58 35
121 0
113 51
13 107
37 33
59 29
69 18
11 42
41 18
109 50
66 20
79 89
139 108
87 53
16 89
33 51
105 141
81 82
70 67
27 136
128 3
73 123
67 147
119 105
76 28
55 23
11 139
14 69
55 47
126 65
110 111
134 142
122 78
137 30
32 145
41 120
126 36
99 70
90 5
145 101
131 45
53 61
140 121
32 7
95 88
115 23
47 104
26 35
90 21
106 65
119 88
148 18
22 46
38 88
4 119
7 107
103 130
133 102
107 144
7 57
57 46
124 66
47 76
111 23
108 146
14 21
141 78
65 145
108 116
139 11
3 52
143 149
29 148
86 36
13 115
54 74
64 62
27 69
148 57
32 83
137 76
91 75
103 143
11 43
15 138
105 10
18 113
41 140
11 129
89 104
78 20
113 14
143 20
140 88
34 115
69 40
17 22
2 10
133 109
56 11
40 87
92 103
112 16
26 8
8 74
42 19
118 37
89 5
130 94
34 138
136 91
145 24
123 122
51 27
3 4
68 123
28 0
132 22
36 91
137 85
76 68
86 145
115 79
36 53
81 146
115 126
110 41
108 47
107 14
64 78
89 31
8 75
37 112
149 100
65 60
9 25
128 18
142 41
43 106
120 77
26 113
63 46
100 20
47 8
91 12
123 135
91 146
146 10
83 70
38 116
73 48
2 100
144 68
115 118
30 40
0 29
85 126
41 27
105 71
10 120
121 88
146 25
112 75
46 104
132 18
29 20
142 144
32 76
20 62
8 122
109 52
90 6
94 15
3 2
34 39
101 120
91 27
77 38
77 56
74 44
63 69
95 0
77 4
77 128
79 56
113 8
146 98
137 84
2 30
106 11
66 134
9 140
93 53
74 45
136 9
42 89
114 4
44 130
53 145
27 147
57 130
34 113
91 119
109 85
61 19
47 83
140 69
103 148
46 87
134 133
138 4
18 111
139 62
132 144
120 34
102 82
90 143
79 61
91 111
48 16
80 80
69 73
93 18
143 48
49 16
123 30
146 144
36 106
55 141
148 76
75 105
45 4
115 43
74 115
126 44
33 120
89 63
102 122
143 22
30 58
78 122
62 88
104 52
105 13
78 19
24 51
146 64
18 99
119 148
97 139
129 48
140 9
39 90
95 89
50 66
36 69
6 37
19 127
7 32
70 132
98 108
119 11
108 69
115 140
123 70
97 138
136 3
93 136
84 102
147 88
36 65
107 3
32 63
126 53
67 49
139 13
144 7
76 91
59 60
127 93
19 123
101 79
93 95
65 1
127 58
144 137
7 4
7 45
91 103
126 69
121 50
7 97
32 61
53 13
40 32
132 89
124 88
138 30
93 120
3 140
142 2
43 110
7 138
122 92
50 87
56 23
52 55
129 39
77 12
25 98
54 135
52 111
47 53
94 92
110 86
8 9
51 47
145 99
139 68
6 149
42 51
92 8
89 94
79 134
50 59
65 85
24 137
26 46
94 66
44 134
62 5
33 74
92 134
1 63
103 124
82 113
12 90
136 87
80 7
145 30
95 139
115 131
40 100
136 73
149 140
73 36
78 61
107 69
4 59
47 37
38 136
18 25
41 14
122 47
30 43
146 144
53 86
9 108
3 148
27 149
62 45
125 87
143 49
114 98
14 19
29 36
35 74
26 127
137 118
143 49
23 20
76 104
0 68
148 82
56 126
148 82
118 111
15 60
39 41
30 131
134 92
72 5
64 25
110 64
104 39
142 131
12 35
64 115
51 101
149 76
95 11
72 79
88 44
119 82
54 126
92 17
31 145
103 14
10 15
0 95
111 103
37 134
23 32
68 37
41 32
25 138
81 14
53 60
17 145
124 60
17 59
22 40
82 85
17 77
132 51
57 144
86 114
91 22
116 146
90 56
43 46
124 105
76 78
43 78
36 90
84 38
119 138
15 144
134 131
44 109
113 112
83 44
85 93
89 44
44 9
115 53
21 123
0 121
83 53
86 103
134 120
115 116
103 79
114 93
19 144
21 35
8 103
2 117
113 53
35 55
46 52
16 7
42 87
28 80
66 67
128 148
24 34
103 134
128 56
111 28
69 77
20 132
81 92
92 102
78 32
44 6
114 74
131 21
105 112
48 119
46 9
122 97
76 66
130 101
145 136
13 141
53 81
59 99
75 137
9 45
77 82
35 34
142 58
27 80
146 131
96 102
8 128
16 95
119 105
121 7
74 78
101 111
114 136
129 14
89 51
85 112
96 76
27 48
22 52
49 4
64 117
81 53
141 73
59 142
138 36
104 29
24 27
14 79
51 1
63 141
56 50
132 39
146 128
29 27
129 123
26 121
7 11
41 146
149 14
34 14
33 4
16 144
85 15
51 14
125 109
146 40
103 23
44 145
44 149
30 49
32 5
57 122
70 15
133 82
82 59
71 148
50 31
61 5
117 116
62 18
43 129
133 68
13 78
22 79
86 41
5 75
97 111
125 123
64 136
144 139
48 139
69 35
91 106
73 142
141 65
42 137
128 110
44 19
50 73
42 149
11 69
26 131
46 109
136 83
69 57
47 32
122 112
26 126
67 103
4 6
19 100
113 49
118 26
52 126
38 8
82 111
97 99
127 122
139 103
106 28
26 60
41 30
2 87
100 19
35 52
85 83
99 140
122 145
29 111
50 23
123 141
134 46
25 137
36 64
146 121
36 43
26 124
118 83
109 108
26 56
143 95
135 58
103 44
33 123
119 101
61 112
76 44
110 112
70 0
142 2
13 53
51 62
87 83
148 11
73 102
22 116
95 28
2 8
19 91
24 64
146 13
27 128
92 62
0 60
91 85
66 63
68 13
133 21
140 105
59 102
123 75
84 67
16 129
98 38
40 66
126 49
118 146
137 108
149 51
115 56
74 55
39 62
112 101
47 94
148 56
130 14
145 92
8 65
79 28
33 2
12 108
56 77
99 85
83 146
91 149
30 28
98 57
148 124
1 69
133 96
7 31
76 21
59 93
67 69
91 134
143 88
134 78
65 8
4 64
102 138
83 15
40 4
141 127
78 1
104 103
2 59
105 33
20 31
56 61
62 72
25 149
29 116
105 46
142 52
6 46
98 44
25 72
64 13
126 118
69 75
124 146
114 39
88 110
105 77
47 41
41 12
32 77
143 100
13 86
14 36
130 115
103 148
123 146
136 38
144 46
41 15
120 143
50 7
103 113
59 63
5 32
16 133
107 112
87 128
83 25
68 95
94 83
119 55
36 78
134 100
121 111
74 50
120 22
96 60
145 92
5 148
56 93
43 135
36 63
106 87
135 63
138 5
121 23
49 0
76 60
109 107
15 34
85 25
102 4
35 32
81 117
4 143
86 75
93 88
101 112
60 48
14 68
59 72
39 80
134 7
110 144
4 49
15 33
106 124
28 46
21 124
19 112
105 62
81 85
9 136
129 121
5 142
77 125
45 23
126 63
75 21
102 119
23 91
149 123
114 42
64 120
109 77
98 71
12 37
53 16
79 105
80 56
116 92
118 116
39 137
110 50
51 52
14 48
96 61
24 48
46 111
113 64
0 75
60 43
25 61
25 127
9 120
115 15
88 115
98 5
3 7
20 75
71 68
54 75
149 130
61 72
33 26
126 45
32 107
87 19
46 30
64 148
87 148
70 96
112 116
74 75
59 85
136 80
78 107
52 19
4 20
35 126
34 26
113 83
60 110
104 56
61 92
149 145
111 34
37 27
57 90
52 7
138 57
107 83
37 144
120 141
140 124
74 129
115 81
81 119
47 89
78 39
104 17
141 33
131 9
26 27
117 20
125 117
137 141
9 149
5 42
34 42
31 123
80 17
26 7
74 84
86 115
58 76
87 9
51 75
61 91
90 79
73 108
80 96
5 121
97 72
130 136
45 104
48 3
10 112
131 116
61 79
83 131
115 138
19 36
42 17
131 132
43 148
20 29
77 41
46 33
49 96
32 117
83 66
107 42
43 118
56 7
3 47
132 61
24 73
97 84
12 148
8 64
98 26
9 132
136 25
93 30
56 28
57 148
20 9
36 121
54 113
99 32
136 72
99 27
33 98
74 13
141 110
51 51
60 2
123 40
129 65
15 145
11 141
129 22
85 81
107 58
71 50
64 25
17 13
128 109
108 35
88 126
19 71
93 87
26 96
64 31
8 71
31 15
9 78
149 114
31 58
73 19
44 29
116 135
14 55
102 145
97 84
74 58
49 9
74 139
56 63
115 115
80 80
57 92
76 16
35 23
22 108
25 58
51 63
115 51
8 17
17 1
14 119
33 100
146 87
132 21
27 124
27 137
119 35
33 136
129 143
39 65
122 111
88 101
30 139
79 111
32 116
90 103
61 123
6 2
34 145
117 12
68 83
77 0
96 59
23 115
132 12
23 68
138 122
127 63
125 10
102 141
110 143
14 100
76 6
20 20
31 71
148 128
53 23
122 43
71 148
143 115
6 32
15 96
90 103
56 1
101 46
26 50
41 142
45 22
123 92
41 13
61 7
38 73
116 26
147 41
22 11
105 26
93 53
141 14
6 96
69 120
113 3
100 92
54 121
78 20
6 3
70 52
39 85
54 31
83 137
145 83
137 1
44 31
81 8
2 32
13 31
95 51
81 98
69 44
24 101
113 69
42 85
101 35
147 128
47 48
58 97
108 6
2 103
38 134
140 99
22 25
70 8
64 104
52 18
108 139
4 88
140 129
144 51
15 59
138 56
143 78
111 83
64 53
125 60
72 41
3 101
133 143
86 108
119 115
145 71
36 65
12 29
148 89
108 132
49 80
72 112
11 38
43 130
30 137
112 83
56 143
144 119
142 13
105 15
106 63
93 17
73 9
23 84
18 36
76 143
22 66
138 80
52 6
135 126
34 12
149 67
19 111
95 105
139 25
135 29
132 108
56 59
117 133
95 114
14 34
136 27
55 67
77 75
118 97
139 92
72 127
17 19
78 123
115 63
71 38
83 78
91 127
118 20
102 138
92 69
39 48
1 18
13 3
132 122
119 55
113 35
82 52
104 17
98 16
6 108
15 115
16 116
37 40
52 11
148 100
72 148
46 145
140 63
52 140
9 52
91 49
57 39
110 11
41 80
129 38
76 128
58 29
1 9
51 144
98 91
107 35
145 146
52 131
70 38
96 96
9 101
99 17
50 59
2 103
111 78
54 66
104 17
135 57
24 29
32 10
63 137
129 35
52 25
20 98
17 146
83 138
73 126
75 126
113 5
87 40
91 105
100 80
140 74
4 46
95 43
23 9
0 63
28 137
129 58
63 103
112 81
7 108
138 149
25 141
13 129
89 32
124 121
111 114
139 10
130 11
77 45
99 0
42 83
118 3
23 15
133 71
102 11
46 91
63 92
134 69
59 130
149 16
135 66
22 67
130 94
117 70
2 25
97 87
143 75
101 15
149 141
70 53
69 121
0 129
93 66
18 77
77 71
10 19
127 88
0 67
65 95
148 16
129 9
44 137
20 51
69 132
87 106
18 1
113 132
53 87
71 93
35 136
17 74
14 118
96 78
149 78
113 76
68 85
78 121
132 88
70 143
149 67
43 98
130 51
31 96
27 129
129 100
29 54
95 82
63 46
48 97
67 86
52 98
117 32
141 68
78 74
47 94
69 7
103 99
9 41
107 110
15 18
67 81
20 113
79 3
54 128
116 10
134 25
27 119
74 148
87 72
88 95
72 108
86 53
52 101
135 4
19 5
126 11
144 93
37 27
54 84
34 117
88 82
4 46
132 76
127 52
144 40
93 58
25 18
112 135
29 92
141 123
128 137
37 101
15 149
7 116
126 39
62 145
23 128
113 33
38 131
35 134
104 143
124 51
5 2
56 87
23 25
44 85
15 103
73 118
69 113
87 4
76 66
4 79
67 90
143 96
137 81
35 123
145 129
118 48
79 126
97 128
18 90
126 77
132 19
8 57
60 112
115 1
45 55
88 21
1 62
90 53
38 144
41 51
131 106
23 102
131 108
26 33
112 95
82 60
123 98
121 97
83 76
84 10
4 35
46 85
6 45
81 0
125 91
53 76
107 61
97 126
101 45
118 83
114 123
10 138
91 65
11 113
63 59
65 38
107 36
97 77
66 138
34 47
111 71
65 136
126 142
60 32
2 25
95 16
66 63
32 124
43 105
82 56
107 78
15 90
110 113
71 29
142 45
88 50
103 38
118 70
128 18
110 105
72 93
126 109
56 37
114 0
34 81
30 75
86 105
148 10
4 145
148 83
11 8
16 14
148 38
141 86
107 26
45 123
106 54
16 106
137 64
106 100
47 56
5 9
29 15
24 29
124 141
58 126
9 117
65 127
71 1
86 72
26 49
141 51
27 68
27 78
121 57
90 124
130 142
50 123
27 28
91 98
85 127
85 119
90 26
114 88
31 58
32 36
149 59
118 35
80 100
147 11
114 50
71 62
13 51
25 110
97 29
75 106
7 0
47 37
58 11
104 3
74 148
88 121
7 107
47 137
113 61
41 41
32 78
42 108
2 113
31 99
32 42
92 18
69 35
101 131
14 115
125 18
124 77
69 128
71 15
90 46
132 38
115 126
75 47
127 128
69 52
14 29
142 62
105 118
28 100
46 5
137 19
132 30
128 125
70 36
124 34
70 21
104 78
128 92
95 40
13 118
133 39
49 106
29 87
67 29
121 138
82 126
122 83
23 70
53 41
79 15
47 140
20 86
19 3
23 97
3 53
107 139
2 9
34 132
5 104
9 57
13 142
86 45
119 125
138 91
49 19
136 9
23 75
139 143
41 107
33 53
93 25
68 121
22 99
10 73
25 89
139 6
20 79
93 42
3 68
29 117
134 1
48 42
135 125
83 144
18 148
75 138
1 7
101 115
23 148
83 27
60 64
32 140
69 63
53 3
86 97
70 68
10 105
63 53
119 127
51 104
6 78
16 67
108 51
53 78
119 32
140 103
22 73
108 129
43 112
130 96
108 76
82 145
70 85
147 6
22 143
119 18
25 28
88 149
8 58
25 86
122 22
126 53
11 2
101 65
19 128
14 40
61 22
31 23
70 90
142 131
140 66
95 141
98 147
26 76
47 10
47 73
71 115
16 65
103 60
142 43
104 63
57 122
137 25
146 39
36 105
77 76
79 66
110 90
0 16
9 80
139 106
149 47
139 53
80 2
131 53
111 125
70 93
123 54
23 74
142 13
79 57
101 8
120 25
120 71
0 36
93 6
34 18
65 69
134 62
148 57
107 23
7 34
11 101
61 25
40 43
58 51
34 87
14 88
109 59
83 62
109 62
99 89
60 34
108 35
51 141
27 45
91 70
51 50
121 99
24 74
36 124
80 126
136 85
90 46
50 21
85 22
82 21
57 23
36 110
26 36
128 77
134 15
119 34
54 79
110 2
129 111
103 97
101 21
60 114
16 76
48 143
78 18
98 9
102 117
48 86
27 44
80 73
75 81
142 81
73 32
147 0
71 126
9 104
19 2
77 31
77 64
145 43
73 99
53 90
125 69
136 123
36 103
2 42
3 34
9 27
23 71
101 103
13 56
125 75
119 67
142 82
73 102
70 94
55 80
120 71
4 38
141 131
135 7
139 68
44 25
60 73
55 42
117 19
126 88
114 54
55 75
68 97
124 72
116 94
100 115
145 134
68 126
121 17
35 13
88 120
148 93
2 51
141 82
21 127
123 16
55 42
76 91
140 38
141 96
77 128
94 20
41 135
57 104
86 11
45 9
126 7
82 127
93 69
75 77
44 136
146 143
126 142
121 149
112 145
9 124
131 116
136 103
141 93
136 125
74 144
21 22
122 136
70 67
74 135
31 106
136 44
43 64
136 83
21 2
23 50
4 54
5 14
148 37
41 127
41 61
102 82
68 103
108 81
111 12
133 32
59 6
63 96
149 147
19 122
132 14
113 72
18 72
140 70
137 70
44 13
16 41
122 36
114 83
69 59
132 18
126 115
101 30
21 96
4 41
98 81
129 80
126 81
103 29
106 27
80 21
97 104
76 79
127 22
35 4
100 120
134 5
55 111
86 51
48 136
16 105
21 28
65 62
45 27
105 123
89 77
120 66
121 137
117 49
103 117
99 99
45 6
56 26
56 119
90 60
72 36
139 31
21 134
55 124
90 132
39 148
66 35
133 104
89 53
77 67
133 86
89 75
138 60
10 99
48 47
4 94
108 45
20 78
47 20
31 76
36 98
38 106
149 25
108 49
68 12
137 4
104 16
139 29
127 26
117 98
27 79
50 71
64 88
36 72
109 83
133 104
12 80
82 13
112 21
82 44
126 92
46 45
83 127
26 4
125 140
35 113
135 148
113 64
120 146
114 11
133 103
0 57
5 128
55 19
35 6
66 134
57 21
8 74
43 3
80 62
68 4
15 33
10 110
39 81
7 32
133 97
100 52
96 58
103 22
113 22
34 59
37 56
103 22
25 54
76 30
55 125
13 68
41 127
68 125
147 141
52 137
53 99
16 110
93 19
75 144
60 31
68 62
23 143
75 73
21 32
19 148
43 15
107 140
51 7
50 149
12 14
4 105
9 100
45 135
83 97
113 55
36 117
75 54
141 64
9 77
56 146
6 149
43 85
46 65
61 110
104 37
124 143
13 68
131 53
116 141
95 75
73 73
146 129
104 28
54 113
57 113
73 125
88 140
83 62
79 75
15 86
9 133
30 84
39 27
45 136
59 33
15 72
24 82
29 9
75 130
120 65
26 84
69 65
63 94
98 25
48 32
3 12
80 37
112 33
19 123
70 118
31 58
80 17
90 100
59 111
10 14
86 117
52 30
60 22
21 113
126 20
84 20
57 30
97 129
139 146
117 120
108 6
75 111
114 136
58 80
6 143
29 7
21 38
3 127
24 8
42 24
65 135
91 99
143 12
18 30
85 45
91 122
53 65
66 13
39 67
70 94
137 11
62 62
90 107
32 41
134 120
72 94
102 108
70 128
112 0
5 118
53 40
79 98
21 147
149 97
29 130
104 27
90 138
97 11
121 17
34 81
94 43
52 87
29 8
114 140
14 93
36 110
66 60
81 140
102 67
134 39
32 38
142 53
71 26
26 82
142 19
24 17
135 41
72 89
18 135
87 69
11 16
53 136
22 102
129 34
81 142
59 93
106 50
33 37
82 101
90 57
116 60
129 77
96 35
97 14
122 139
34 112
48 3
111 100
130 138
117 50
69 114
46 86
58 71
126 116
131 97
113 27
83 143
142 35
11 7
122 1
112 93
123 104
108 59
13 29
62 29
127 28
67 130
68 72
1 82
56 29
101 122
123 27
147 138
106 13
0 12
123 85
115 73
56 80
47 40
104 113
78 86
16 19
146 13
21 30
127 105
123 111
80 71
91 80
22 71
1 147
66 121
44 112
84 85
49 79
74 63
83 82
130 80
36 93
109 17
0 57
126 111
12 123
99 140
52 128
100 11
25 141
91 102
50 106
134 12
70 88
83 130
119 118
49 10
32 2
34 104
139 14
28 122
19 137
102 99
27 72
131 70
120 83
71 79
50 15
10 108
14 70
58 100
41 60
81 93
60 58
5 77
99 99
91 62
32 50
3 55
24 42
136 22
76 123
105 11
61 104
9 127
1 50
99 84
64 57
134 66
21 66
9 90
46 138
77 123
68 3
54 111
79 136
119 123
82 62
57 70
119 29
83 109
67 29
95 10
126 117
107 138
119 58
67 133
89 32
15 42
92 142
38 52
125 22
24 86
38 86
53 58
53 118
70 81
131 138
144 140
9 122
140 112
134 142
51 125
24 49
142 55
131 79
96 110
49 136
13 56
14 25
36 118
33 9
81 148
33 14
3 4
116 44
114 110
25 115
86 92
57 40
143 104
96 136
134 129
59 115
63 12
143 51
120 25
135 44
52 65
43 119
112 142
64 101
56 94
57 71
133 28
97 91
64 15
74 115
50 55
38 49
66 74
65 35
133 125
70 64
56 90
63 106
89 83
64 42
0 137
34 59
13 116
43 120
51 59
106 100
115 16
140 54
118 3
119 59
41 118
96 147
132 107
20 95
125 113
46 32
43 72
29 126
124 25
144 7
37 55
138 23
9 107
94 19
126 149
42 120
17 126
4 149
67 86
90 85
136 44
36 112
120 58
68 145
115 144
113 111
107 17
97 102
121 43
38 16
35 11
16 117
40 57
55 23
59 27
11 70
131 145
63 110
131 77
76 114
64 111
22 86
15 83
59 26
137 31
122 12
116 5
70 15
26 127
62 100
62 32
127 107
21 79
114 48
131 85
9 104
30 132
47 8
128 48
38 69
45 7
41 1
11 40
38 92
51 29
69 6
74 32
50 16
124 44
105 31
66 132
30 130
70 104
53 6
104 70
141 126
50 65
82 118
78 100
114 47
123 128
14 28
113 41
138 71
111 112
67 73
14 72
35 102
88 123
18 67
35 133
17 106
103 86
82 32
149 65
57 17
78 58
107 113
47 48
19 59
135 8
99 31
133 118
9 104
113 70
18 45
34 44
39 17
61 105
13 79
73 8
129 70
97 116
13 34
82 38
117 141
16 74
49 13
76 44
47 14
68 117
138 0
41 67
41 124
18 25
37 78
149 149
131 17
91 23
41 119
21 135
93 128
47 47
139 64
77 119
47 123
32 36
5 38
132 133
48 137
111 99
118 131
111 95
68 46
31 88
76 97
17 120
22 76
119 118
0 94
21 116
35 144
56 129
36 115
87 56
120 101
39 124
46 28
0 82
72 129
78 21
104 11
8 109
86 134
55 56
44 104
139 31
55 70
20 1
39 60
32 56
143 70
81 87
52 5
119 121
84 58
25 34
53 37
64 149
65 68
77 46
109 91
138 24
70 149
38 112
32 20
145 108
1 43
111 32
9 69
60 38
69 144
43 78
103 7
68 70
22 13
31 12
52 103
147 35
53 59
74 111
87 8
88 89
44 143
1 33
135 42
63 41
24 20
56 1
5 126
51 109
12 68
133 110
94 108
76 6
136 108
65 101
6 55
32 31
37 27
136 142
97 140
22 70
51 11
146 149
101 113
25 77
104 71
15 87
143 116
66 134
26 143
44 36
34 9
85 34
90 120
53 89
63 101
60 49
74 83
123 100
96 91
134 50
22 3
25 51
21 87
128 143
139 34
149 91
2 9
95 121
134 95
81 79
101 145
125 78
11 15
4 146
148 14
26 93
28 79
135 35
130 68
89 94
122 146
5 148
86 135
76 18
65 136
93 97
60 125
61 74
7 33
79 55
142 0
80 105
99 47
144 68
109 131
127 89
16 103
146 44
139 21
97 74
149 138
55 44
118 19
6 96
75 124
49 13
135 27
8 144
10 14
99 143
26 46
17 101
148 7
52 34
31 78
51 143
96 31
140 46
99 40
50 136
90 37
77 95
53 112
79 47
3 131
58 43
16 135
144 48
96 136
19 110
61 100
76 63
129 135
149 114
29 65
87 87
146 135
41 85
146 107
82 31
106 108
137 85
14 0
120 109
61 112
67 108
68 68
89 100
113 96
138 50
131 31
50 103
112 120
55 147
39 112
78 73
81 149
133 136
13 84
15 55
6 75
69 89
75 67
135 15
144 28
121 80
56 69
96 127
115 14
71 121
75 36
59 137
16 149
75 32
96 68
144 58
117 35
117 40
68 71
111 39
67 16
63 102
134 101
76 4
58 49
114 42
123 107
79 92
110 81
139 89
63 127
149 98
123 24
132 104
101 55
137 43
54 136
55 108
75 21
116 59
23 80
53 115
99 138
38 42
28 4
16 86
35 57
140 59
48 125
115 114
68 144
144 114
26 68
3 36
55 102
74 71
119 26
132 148
81 99
81 23
87 72
121 10
144 75
59 53
42 99
110 58
72 47
96 144
69 120
41 108
53 38
15 37
75 115
100 71
119 60
63 69
131 15
84 144
116 88
47 38
88 34
148 22
70 140
8 145
57 93
103 137
143 1
74 9
59 133
37 59
80 121
119 80
18 23
86 18
36 93
6 149
62 45
5 96
12 42
37 37
87 13
32 79
118 135
130 107
123 35
18 52
101 35
138 73
12 117
28 129
0 53
138 102
7 54
127 96
8 100
100 115
12 91
60 143
40 29
39 97
118 91
109 75
24 77
74 57
149 10
110 119
107 54
131 143
90 92
107 88
97 108
14 33
30 126
90 92
71 88
144 20
83 98
144 130
120 45
55 137
42 81
98 4
145 16
99 49
57 112
147 131
25 148
6 31
57 67
111 122
116 106
78 100
36 122
43 14
92 13
98 52
47 122
44 130
71 131
87 32
126 97
124 131
139 126
55 82
93 43
90 91
14 97
98 42
56 30
138 132
31 48
142 66
103 102
105 17
13 67
85 114
37 124
132 113
132 82
2 109
3 4
24 59
86 78
52 19
80 37
71 31
50 22
49 59
6 132
55 74
54 45
132 1
15 1
79 31
79 144
147 39
109 60
132 64
52 23
129 133
64 39
111 1
94 40
96 16
120 53
39 129
70 107
55 116
124 117
15 28
139 37
54 89
50 137
44 126
86 20
75 63
78 102
63 126
9 4
137 105
14 135
145 77
25 45
121 61
3 119
110 99
135 149
88 91
19 105
3 28
0 149
58 61
46 20
114 8
24 20
20 141
104 56
53 49
133 79
109 10
130 24
126 47
142 53
127 31
89 6
45 134
3 0
51 5
144 135
76 16
52 142
101 71
54 114
81 143
109 56
7 92
113 15
83 46
12 33
28 11
46 87
10 51
13 6
96 132
121 103
88 140
99 32
122 130
103 38
23 42
3 148
36 8
88 109
57 119
20 122
17 92
117 95
0 55
29 43
119 90
76 62
118 22
31 91
95 143
60 40
149 42
82 0
26 35
69 58
97 13
105 97
117 48
138 68
142 85
13 8
114 28
122 120
90 137
112 82
123 32
9 19
146 10
96 105
52 61
23 86
25 98
5 25
87 12
93 86
1 32
48 65
48 136
80 110
98 55
139 101
57 7
123 82
69 62
147 47
70 125
129 21
1 27
20 37
117 72
136 5
63 103
64 60
35 2
99 85
149 142
89 5
106 91
91 53
138 45
70 52
40 19
25 31
50 120
98 62
16 110
115 108
13 72
110 139
135 58
138 148
147 127
57 15
7 57
95 8
104 31
90 27
56 131
20 40
8 64
141 120
39 96
63 23
53 104
108 108
67 107
17 131
62 19
13 114
41 126
112 77
85 68
14 132
5 64
76 108
102 64
74 141
27 114
85 38
132 106
78 26
10 110
60 105
121 39
52 118
19 16
31 70
52 57
16 133
63 18
55 27
119 87
64 80
21 147
58 51
31 113
102 125
56 142
133 76
109 113
148 78
131 35
128 131
97 5
16 96
133 49
8 105
84 108
43 143
35 89
120 147
62 82
50 113
1 70
57 5
116 72
1 70
137 33
134 87
37 126
36 92
29 1
26 134
147 76
82 105
112 67
72 2
141 76
141 73
11 114
125 104
1 145
105 30
62 128
86 147
28 46
85 48
131 55
28 137
22 97
112 57
95 113
3 0
69 131
26 23
9 72
10 98
56 27
97 136
85 109
96 96
79 90
50 98
114 17
79 11
93 40
62 136
89 74
97 38
29 2
101 22
143 13
97 17
146 45
60 124
46 11
96 41
116 57
22 6
64 32
111 133
104 25
90 32
39 120
104 92
29 60
19 10
7 35
83 2
0 81
74 77
68 109
25 122
62 59
108 40
51 8
21 8
66 44
70 137
21 133
43 48
129 121
6 31
20 53
52 108
2 140
18 44
75 130
1 142
132 84
80 31
19 130
78 84
12 107
121 100
46 149
65 57
93 28
40 126
32 130
24 27
5 32
106 129
123 53
111 115
135 117
29 139
104 29
89 102
42 14
43 119
95 91
48 33
148 145
35 0
128 7
72 26
33 89
25 2
110 33
73 107
102 106
9 2
82 22
86 107
28 46
63 112
16 123
139 38
4 47
103 98
126 66
38 80
144 49
127 4
111 33
77 129
119 85
46 69
132 73
46 97
122 131
77 72
32 77
1 60
72 87
105 124
45 37
96 4
146 4
1 22
96 59
55 109
6 114
5 105
90 46
114 47
39 67
40 36
113 124
42 9
129 137
98 27
94 146
123 108
20 84
58 99
139 102
118 118
13 79
134 11
24 28
66 42
39 93
98 31
46 74
83 72
86 124
14 9
40 72
27 52
138 113
62 135
108 38
95 4
134 144
37 7
34 111
49 119
111 18
9 119
29 145
123 1
129 41
6 40
32 53
34 21
48 102
100 24
55 80
103 105
113 144
11 96
105 20
115 16
110 108
52 147
124 19
38 61
48 143
55 65
88 137
122 31
123 149
50 47
120 3
15 80
96 136
65 111
65 6
30 92
32 115
82 69
126 73
99 72
37 33
147 136
114 112
111 122
57 114
57 48
97 6
17 40
79 136
118 34
100 41
73 66
65 84
81 106
69 68
22 4
62 124
53 15
105 40
72 44
116 139
145 39
149 37
61 8
146 84
108 57
77 131
58 31
142 37
22 138
121 139
100 37
100 120
92 48
145 112
55 75
92 129
114 96
51 62
24 72
74 146
50 57
124 134
67 91
52 13
3 140
117 66
137 62
91 100
146 27
15 100
7 13
47 106
148 141
12 139
134 33
28 138
104 135
114 2
24 27
46 45
120 12
34 96
36 74
58 60
42 29
68 130
90 0
103 29
123 1
116 83
71 28
67 94
27 33
122 32
145 95
45 96
51 44
71 87
32 5
45 56
57 89
76 77
138 14
92 20
0 74
147 74
143 38
139 23
148 108
59 64
48 87
50 136
24 135
55 129
33 93
145 63
126 84
21 143
61 25
80 55
80 128
3 5
73 137
46 57
142 128
149 65
83 145
78 110
36 15
48 97
129 80
94 32
65 35
49 37
64 77
77 84
101 46
130 112
35 129
43 112
114 28
122 77
25 41
23 39
33 147
16 0
119 94
121 62
118 31
106 62
81 26
15 87
30 84
129 38
1 27
26 127
87 2
109 146
71 109
30 11
130 9
78 49
65 102
79 123
94 2
18 131
137 85
31 88
91 0
62 87
67 79
71 100
122 57
29 27
2 64
108 13
19 61
72 14
130 75
15 49
47 149
15 52
86 55
80 109
79 12
78 57
58 30
64 76
99 73
54 35
95 130
62 33
37 130
86 61
87 2
48 120
41 113
24 142
135 78
81 7
125 103
37 109
50 104
38 110
101 41
45 119
2 123
122 41
116 73
106 137
146 65
56 116
148 45
147 125
94 126
18 130
142 143
86 59
13 15
39 16
39 14
93 139
132 82
93 146
45 128
19 47
58 68
73 19
77 43
44 147
13 146
98 55
18 88
62 9
71 139
125 125
46 111
54 131
132 39
130 37
51 65
128 117
123 28
79 26
51 5
106 77
140 25
121 20
142 10
37 17
69 91
11 107
91 142
17 51
96 76
81 19
10 77
81 69
54 46
71 4
111 128
124 129
125 145
74 126
116 17
14 47
47 128
51 91
142 60
136 68
122 143
3 116
40 23
45 16
31 104
143 8
82 115
142 91
25 105
25 42
118 127
123 128
22 41
110 91
63 98
8 58
135 33
102 92
70 64
82 120
95 70
47 1
139 110
44 77
24 40
24 19
34 103
19 88
34 134
104 1
62 5
24 66
86 146
60 64
24 71
149 139
134 143
149 1
130 40
32 17
64 31
96 22
117 37
58 42
148 1
68 133
31 140
105 61
147 6
118 7
101 0
46 139
19 66
17 146
132 65
53 127
14 111
32 27
111 3
73 17
45 142
50 82
84 85
38 121
106 124
69 125
27 39
36 38
132 100
143 112
45 19
125 63
55 98
70 37
56 148
77 49
52 84
88 140
119 58
72 70
148 82
110 47
54 120
117 101
97 35
120 16
98 144
98 73
110 19
110 49
94 83
118 60
9 80
109 67
60 76
141 30
50 80
110 90
129 138
52 108
74 30
91 118
122 7
43 47
145 79
104 62
69 102
26 31
46 140
148 49
45 99
20 5
56 72
49 119
98 131
133 131
57 78
11 69
119 67
103 102
117 112
67 58
69 15
84 71
34 5
81 15
107 145
145 66
144 8
30 103
121 82
130 96
50 102
33 2
125 46
11 62
84 112
26 26
135 86
63 51
89 95
133 82
110 27
61 111
103 107
41 41
44 49
105 53
58 128
73 128
68 113
59 91
104 99
136 41
81 78
48 26
53 120
103 9
8 51
128 37
9 53
99 19
110 92
129 128
110 4
96 60
136 99
118 65
71 112
25 36
2 44
135 101
94 84
112 120
147 77
59 87
72 70
107 29
66 59
93 69
78 64
25 123
95 77
119 5
47 121
110 38
68 69
26 58
92 114
3 130
39 108
145 110
35 67
107 64
0 75
85 80
22 5
94 85
61 21
49 53
40 35
107 96
21 146
28 58
139 142
149 27
143 0
78 138
136 96
62 122
85 93
104 100
123 65
62 67
89 57
136 48
76 76
87 30
122 43
87 11
91 136
14 88
95 140
28 133
26 69
64 126
40 66
48 93
107 31
17 15
18 52
110 141
24 103
96 107
144 73
116 30
87 12
92 84
68 82
45 76
45 143
116 125
122 26
123 103
53 89
131 4
95 37
105 30
115 121
82 57
125 95
123 103
94 71
13 33
138 146
92 44
99 9
76 145
89 18
96 59
140 94
68 120
48 25
38 90
10 143
86 11
136 99
132 57
1 57
137 4
76 75
11 95
103 85
27 72
73 53
31 53
134 124
126 130
72 120
128 8
3 87
57 101
130 17
87 104
55 51
122 40
125 88
58 102
0 131
2 42
39 25
53 44
134 41
17 71
112 39
50 95
41 65
121 18
59 145
82 143
35 32
29 143
6 84
66 114
83 67
93 74
98 47
0 27
123 13
12 73
91 125
130 92
141 38
125 47
57 96
67 58
81 142
57 14
7 33
66 116
130 47
33 116
35 149
110 106
118 13
79 118
47 99
80 85
131 83
47 6
58 46
43 42
76 3
3 91
113 2
41 146
113 43
100 115
142 125
87 48
64 46
148 75
29 91
69 29
117 124
79 28
29 122
126 94
7 96
143 77
4 137
131 24
116 50
1 21
6 139
32 125
29 54
94 44
93 142
147 19
136 30
74 73
5 145
57 42
10 15
89 61
15 57
112 143
45 11
10 93
97 22
75 140
37 43
51 100
71 50
107 50
56 21
31 85
7 146
117 16
75 57
139 35
144 138
72 32
41 16
115 100
41 74
109 87
72 106
59 52
0 139
132 16
46 147
122 118
136 88
64 87
128 34
54 125
3 109
77 5
145 23
93 108
82 130
79 1
13 15
100 56
79 136
38 84
134 85
19 86
137 147
52 88
23 37
22 87
51 100
148 7
47 127
64 6
23 27
140 116
79 115
4 91
78 47
6 115
73 92
114 94
52 29
30 102
73 93
84 49
71 148
72 11
87 114
26 66
11 11
96 22
132 4
22 75
99 80
138 123
117 102
59 107
54 86
22 32
146 61
95 55
71 47
83 4
111 146
51 32
125 141
51 20
33 32
37 143
113 75
86 11
118 149
86 45
90 29
89 62
79 93
86 97
4 44
7 26
66 113
29 6
31 121
19 17
24 102
143 91
109 46
101 109
32 78
51 56
17 134
146 12
7 65
24 109
142 96
35 2
110 88
15 26
20 108
95 93
125 17
126 12
39 145
79 93
19 50
94 91
68 54
37 65
47 39
128 33
112 8
140 15
68 109
11 75
121 89
55 21
140 109
21 98
135 17
115 146
98 42
112 58
105 135
76 146
74 70
69 115
145 45
16 19
149 96
59 31
109 58
78 118
3 30
6 146
141 38
122 52
35 21
48 18
61 70
142 74
48 93
144 77
40 127
33 51
55 24
0 129
16 64
96 54
97 69
90 148
61 109
50 145
108 33
64 80
68 133
43 47
113 39
95 128
29 100
67 113
87 41
52 73
128 34
2 81
102 117
47 25
43 109
85 66
131 9
23 119
97 101
18 51
3 46
99 122
78 128
113 66
45 115
69 5
80 77
28 73
34 96
118 128
38 19
85 16
31 87
62 3
93 92
115 37
68 93
0 8
52 91
79 22
96 64
64 66
21 149
19 27
12 65
142 94
111 87
18 95
30 37
42 82
39 65
109 4
62 0
117 38
61 9
66 10
113 141
16 93
27 71
37 26
146 3
26 27
42 136
7 105
48 95
119 122
79 98
87 99
76 107
121 118
139 99
85 105
22 54
45 138
121 69
24 108
103 131
70 133
145 78
77 113
105 137
122 86
98 93
8 136
50 33
133 52
121 70
49 103
3 138
106 107
70 22
87 117
94 145
140 131
131 68
85 69
17 83
69 117
62 98
16 106
45 136
9 37
18 41
46 90
64 140
89 48
4 126
82 107
67 54
39 148
118 87
117 146
117 67
55 84
69 147
101 95
10 49
102 5
2 46
103 12
82 64
109 36
123 102
80 7
139 56
91 24
80 36
133 68
141 107
87 111
114 20
60 92
62 137
89 33
95 66
62 83
102 102
121 78
64 22
66 33
65 6
61 110
78 147
95 95
73 35
20 127
35 19
140 27
86 112
113 11
123 127
83 6
54 86
45 84
81 3
37 122
43 91
115 123
101 72
45 6
35 18
38 4
101 105
71 69
15 115
24 138
107 82
76 104
43 16
96 35
100 70
2 107
92 103
56 99
0 20
94 122
104 124
119 20
81 103
35 16
62 58
3 132
92 90
110 122
146 0
29 78
21 99
127 25
63 49
89 91
64 144
21 132
109 48
129 61
57 142
50 134
70 78
5 50
7 142
109 129
94 51
63 126
0 140
12 95
135 52
56 49
105 1
126 119
91 71
129 28
74 89
89 100
75 126
144 0
35 138
106 5
125 0
149 138
27 0
33 134
26 18
86 104
61 81
90 135
146 35
30 140
12 23
70 121
42 81
98 0
83 30
12 18
101 82
143 20
17 40
93 99
111 131
49 54
104 144
12 100
136 67
15 130
29 119
104 80
51 88
38 118
35 74
87 45
58 4
93 26
101 117
132 62
86 18
19 93
6 90
141 82
12 112
68 79
61 12
26 123
113 137
53 100
83 77
133 113
39 127
42 68
119 72
20 40
66 21
49 81
119 81
126 113
104 129
102 92
67 16
30 105
113 137
118 34
27 65
129 26
75 87
39 70
65 134
30 24
122 0
12 1
100 6
98 63
117 126
116 67
65 104
110 55
139 70
34 109
53 136
12 107
22 101
47 113
122 33
101 27
30 65
60 141
130 120
106 32
29 138
75 23
64 15
97 112
27 73
70 99
20 106
53 116
36 60
60 122
117 16
22 129
13 53
98 126
91 124
84 0
124 29
124 117
97 22
12 18
140 98
130 27
27 102
40 60
57 82
148 25
34 13
91 81
51 85
134 146
41 65
101 91
64 61
30 20
95 37
61 119
117 85
36 5
94 126
36 76
74 91
5 118
84 12
67 79
145 99
52 49
0 86
9 33
12 106
90 76
140 146
31 59
29 125
145 38
25 108
26 128
95 97
149 18
93 59
147 109
40 54
82 78
132 69
122 72
83 104
106 31
20 134
79 6
143 106
116 142
141 57
100 41
58 108
84 19
6 138
125 46
78 109
138 26
36 21
30 46
134 59
87 136
127 48
48 86
85 57
79 31
56 10
142 52
68 110
103 141
36 144
109 113
104 5
71 86
148 97
132 54
72 130
49 147
149 94
122 44
133 5
13 69
135 9
35 31
88 110
130 133
74 98
58 62
87 91
80 118
94 93
44 105
124 10
40 85
98 68
7 45
122 119
76 96
88 98
95 132
134 10
46 34
131 46
128 23
2 72
98 19
111 22
45 112
29 62
129 109
60 133
73 117
107 69
66 98
67 76
13 6
143 76
147 69
0 116
92 78
101 62
146 128
112 52
50 6
15 132
61 45
53 60
24 50
35 97
7 2
51 76
69 73
80 55
86 62
118 148
143 58
91 83
43 61
37 145
74 146
89 52
132 19
20 130
78 54
100 88
9 145
7 74
8 71
14 136
68 87
119 116
115 10
139 84
84 82
51 62
29 59
53 123
144 38
118 105
44 4
33 92
100 122
133 7
110 62
104 18
20 86
106 25
66 71
77 9
6 105
29 90
82 127
0 7
59 102
139 46
99 42
82 141
72 76
0 115
119 28
120 101
14 74
93 125
49 129
115 102
22 42
127 93
90 134
101 93
44 149
53 74
98 32
53 8
112 101
144 87
63 134
25 77
107 129
85 39
51 74
113 146
71 101
20 147
146 7
24 58
113 7
4 92
78 77
86 97
59 141
116 80
145 61
27 130
86 75
8 28
0 89
135 70
120 3
33 19
67 59
23 59
0 59
106 97
58 44
56 65
26 4
114 97
80 26
66 104
127 4
145 37
42 42
117 76
7 85
28 139
36 23
90 53
57 17
58 88
141 87
74 132
89 58
36 125
65 105
11 40
4 67
138 67
43 26
20 137
130 87
29 59
27 127
18 38
13 67
59 86
65 99
119 101
47 51
7 136
140 91
53 87
131 65
10 63
65 127
99 57
11 137
44 146
45 37
117 131
101 97
144 6
100 93
80 75
104 1
42 13
132 67
133 32
117 46
87 55
66 78
8 25
8 29
92 127
107 4
110 45
9 102
31 83
134 89
108 87
84 0
127 109
121 81
22 92
16 97
69 52
41 121
77 137
113 57
75 84
48 103
105 7
1 17
72 88
116 91
118 132
45 97
137 137
61 101
136 25
65 19
76 138
107 144
31 16
147 135
110 100
148 7
123 8
148 108
118 28
73 79
21 4
18 30
37 95
65 115
100 74
105 101
39 122
11 41
32 25
48 78
55 10
116 54
17 113
4 64
144 67
113 58
56 79
23 56
11 80
13 68
59 145
140 109
124 133
113 46
142 88
36 89
60 21
51 108
122 104
63 18
38 113
57 14
3 48
133 130
79 96
14 57
89 17
76 53
100 115
118 115
6 125
53 125
114 32
16 145
114 117
123 66
111 81
1 34
112 29
66 134
91 106
145 112
52 45
87 88
16 148
135 72
5 106
149 16
146 74
70 145
64 60
26 27
30 68
47 121
53 149
74 8
33 0
36 31
2 17
81 10
128 86
64 84
3 131
133 45
53 82
109 126
55 82
134 109
139 12
92 9
98 114
85 60
104 132
110 103
42 130
113 6
45 6
72 118
62 149
30 115
5 142
24 62
61 45
30 95
146 114
78 28
140 45
6 74
5 128
75 110
58 66
69 149
130 61
109 29
5 134
46 136
103 7
82 135
38 0
113 4
39 93
81 69
13 140
56 25
123 10
50 22
82 16
59 124
35 140
116 7
45 122
105 30
11 133
0 102
94 100
61 22
118 87
122 2
51 3
68 143
53 140
88 14
79 46
105 15
148 30
24 17
12 26
57 1
34 130
120 145
6 121
29 52
126 136
77 102
1 126
15 112
108 90
53 79
88 119
102 115
62 133
88 7
128 141
43 18
23 146
33 9
80 27
117 52
36 133
57 12
54 7
147 28
55 115
116 143
122 52
43 106
115 122
2 114
143 11
91 95
72 70
97 134
38 30
27 27
0 19
91 111
96 55
41 9
132 41
86 44
98 9
111 124
146 61
108 49
112 35
46 50
135 118
65 61
14 120
94 116
93 93
57 95
42 138
101 131
110 9
99 50
15 89
46 62
26 114
86 146
54 33
62 122
16 36
23 60
77 53
139 43
103 148
47 104
62 75
48 55
83 36
146 93
24 117
18 87
120 53
117 108
147 8
119 31
20 30
56 56
98 72
139 52
106 128
93 39
118 57
81 19
6 17
23 145
112 85
146 78
97 32
53 1
34 91
117 39
27 45
115 88
115 30
67 96
64 148
98 37
99 62
113 40
92 66
126 11
57 34
142 64
149 36
18 135
120 86
126 144
67 94
46 86
111 98
66 133
5 131
121 79
67 131
32 101
3 98
134 19
136 107
79 98
64 86
133 65
111 0
123 39
14 146
104 100
31 2
14 118
89 136
58 0
73 65
122 119
90 31
101 35
56 4
142 17
90 41
130 9
50 33
86 38
137 51
15 113
105 11
41 141
77 103
111 110
37 136
37 110
29 9
123 4
58 81
117 71
50 56
13 145
38 77
23 90
121 93
84 23
11 0
95 124
21 69
6 144
5 133
121 49
55 48
127 25
62 2
21 62
100 143
103 145
113 122
70 35
146 149
140 109
128 38
58 110
97 117
82 50
37 75
125 100
124 129
37 24
143 132
80 26
102 88
134 38
65 130
57 3
120 13
35 40
94 143
145 47
146 78
85 66
69 54
114 75
36 21
63 41
88 34
49 128
68 61
7 40
116 43
33 27
133 40
81 68
8 114
77 100
23 79
86 124
16 96
117 62
47 105
92 69
11 121
70 137
117 117
67 53
97 37
0 5
80 128
38 123
136 27
95 28
129 124
32 70
127 90
124 91
129 63
99 73
80 63
47 31
50 18
67 93
146 65
123 111
97 136
66 83
75 114
35 131
3 82
79 46
137 112
49 12
20 64
50 45
149 36
146 8
131 132
1 41
134 38
99 36
59 108
144 36
10 16
22 16
110 139
129 57
3 132
136 147
145 56
7 141
51 7
89 78
66 131
2 36
43 66
109 19
120 10
91 3
147 103
98 129
48 93
100 39
125 97
146 131
21 3
112 2
92 126
135 36
11 131
24 5
138 145
9 68
119 1
136 146
38 26
142 103
101 79
119 124
14 34
10 62
66 61
6 137
92 11
135 59
93 116
48 110
16 35
85 105
130 111
1 130
78 50
68 18
89 65
67 96
109 73
8 134
6 75
121 117
29 43
134 114
80 90
27 49
60 71
81 77
13 137
127 75
68 117
4 69
19 115
135 10
25 45
121 13
17 8
114 18
110 85
5 84
73 105
105 80
30 120
13 133
109 61
33 100
97 89
118 35
133 23
66 118
131 138
136 86
147 105
131 29
77 69
2 14
89 127
143 89
141 106
146 120
127 146
67 40
0 73
44 27
74 134
96 11
97 148
42 121
37 86
90 79
136 2
79 104
32 89
102 77
58 85
117 140
26 121
111 37
126 46
133 143
39 137
14 104
61 32
104 25
132 23
75 80
99 4
10 98
120 32
33 53
106 5
17 88
105 56
139 121
126 78
99 80
133 123
45 125
16 42
61 20
58 135
94 46
35 105
1 76
14 99
66 65
57 41
81 51
73 8
9 101
83 118
48 19
134 99
33 31
105 92
84 16
108 134
103 148
17 47
147 79
104 8
87 35
125 5
142 121
137 80
64 42
4 27
140 136
77 25
127 137
86 146
31 16
147 63
74 109
82 127
58 4
42 70
18 16
140 146
39 20
75 107
100 22
77 34
109 10
24 103
91 9
7 137
110 42
134 33
101 110
110 141
35 15
103 100
78 146
129 71
134 117
107 19
146 91
24 29
21 65
31 20
107 117
34 146
123 5
127 2
46 91
16 125
19 51
139 121
82 124
109 44
139 118
35 104
25 68
125 85
58 101
91 63
72 125
111 142
64 103
0 77
99 9
57 65
20 125
67 74
147 54
6 15
25 10
114 30
69 111
142 26
110 149
122 113
96 103
5 36
18 113
74 120
96 95
45 38
17 39
74 79
18 64
8 147
25 14
16 20
45 127
61 35
72 1
115 116
68 2
91 87
81 64
99 20
136 24
105 103
4 106
131 136
94 112
132 29
36 74
42 149
14 24
127 88
108 30
135 82
140 88
122 86
37 52
51 135
36 16
59 14
44 43
78 132
99 69
77 148
119 56
36 85
115 41
49 42
29 81
2 63
87 127
67 9
21 118
84 19
5 59
98 10
98 62
122 56
115 33
104 58
92 38
64 131
51 116
48 146
69 144
41 109
114 106
56 21
137 129
53 132
104 51
12 16
26 8
72 62
146 80
2 136
85 66
30 22
4 53
142 137
129 134
105 91
77 31
140 90
63 36
41 79
113 10
65 1
141 104
136 87
104 146
69 81
103 78
81 16
121 31
42 136
86 140
89 40
24 20
120 45
1 145
100 144
37 110
50 50
80 74
36 139
63 149
18 89
20 31
39 90
95 68
12 89
4 125
83 62
100 54
48 55
13 5
53 57
100 122
78 124
18 22
104 12
123 1
129 79
56 53
143 2
124 134
42 59
21 43
54 132
111 92
104 97
111 77
87 89
83 101
44 39
141 57
107 135
75 126
81 20
30 11
115 35
48 147
55 43
132 10
61 60
11 76
121 144
21 91
66 116
27 124
52 47
108 57
110 29
107 84
17 115
87 30
43 52
95 109
126 64
127 112
9 23
47 87
102 95
31 20
41 126
14 55
140 37
59 114
53 54
76 121
127 134
136 124
139 24
91 83
7 28
54 67
38 45
111 28
15 57
81 141
110 69
50 103
99 108
133 54
6 74
142 46
52 78
1 4
56 129
132 21
112 53
78 22
59 78
128 33
6 103
149 9
21 126
72 24
25 21
81 18
55 93
6 1
106 57
67 148
144 78
28 84
72 6
70 69
104 38
17 138
26 85
35 29
119 0
14 129
130 78
11 39
146 12
23 3
66 71
122 20
42 118
146 147
78 43
33 140
7 30
127 61
135 20
27 134
121 64
84 59
59 110
24 88
5 5
122 96
59 48
18 28
117 4
143 100
7 137
14 78
65 108
139 103
43 111
85 124
109 60
141 103
121 82
26 78
78 126
10 49
83 143
46 95
18 127
115 15
145 55
16 145
70 41
109 47
48 134
106 81
131 100
45 10
123 58
7 104
20 99
109 131
61 115
98 32
10 56
68 26
54 107
14 100
47 35
81 30
30 81
51 79
61 41
119 17
83 119
41 54
134 99
70 96
35 100
50 127
46 101
88 29
18 102
43 50
76 70
120 46
94 122
139 25
37 0
129 92
136 142
147 149
17 54
69 49
132 65
86 63
58 87
147 34
5 140
35 126
116 48
71 57
83 57
123 74
104 48
73 117
147 97
140 123
1 51
147 125
109 90
94 86
42 139
11 34
37 83
33 82
21 80
8 103
86 103
60 145
64 47
56 13
139 125
29 133
32 142
78 13
108 148
20 54
52 17
45 90
135 42
49 52
113 44
60 29
48 114
103 106
28 17
77 81
108 97
0 30
117 79
65 1
88 57
12 58
145 9
112 32
134 15
92 56
128 70
36 67
63 67
146 127
21 93
141 133
109 76
89 145
18 81
42 63
64 131
118 137
27 51
132 140
28 82
9 123
118 123
132 26
122 91
106 52
124 34
146 131
50 139
7 26
31 116
39 108
123 27
94 101
60 6
63 82
102 97
9 135
84 63
77 147
103 29
132 25
49 64
116 52
13 24
64 108
115 67
22 66
133 25
24 147
94 117
39 99
40 31
30 7
31 52
114 37
69 122
58 92
110 76
132 138
4 110
101 65
97 47
144 55
51 43
36 128
48 111
136 146
95 66
36 54
0 114
13 11
118 146
141 56
122 39
123 142
66 5
82 39
119 54
59 90
122 74
128 52
48 82
33 106
19 111
5 54
39 129
102 54
36 118
95 1
15 101
101 28
133 11
148 96
62 34
1 102
94 13
124 117
28 136
100 101
88 121
119 55
119 15
135 135
74 47
137 58
124 11
27 123
37 127
149 50
123 1
11 75
43 53
102 83
117 26
19 39
53 46
18 42
40 59
24 120
135 69
124 121
92 114
25 101
134 45
27 114
128 123
89 37
80 102
145 83
0 45
133 95
117 126
17 41
56 96
9 45
85 45
112 9
6 29
65 33
78 4
59 124
98 41
115 45
92 7
46 109
28 20
27 2
125 107
9 74
143 111
99 66
20 86
51 3
83 96
140 55
76 2
57 32
55 145
93 66
31 105
68 62
148 147
70 107
136 127
25 22
11 123
83 121
90 82
59 122
3 41
32 71
96 27
122 148
77 87
63 33
140 128
78 18
75 110
143 46
50 121
57 43
46 115
140 18
60 63
133 3
87 90
14 133
67 68
114 11
53 79
5 72
90 81
27 86
91 119
130 40
4 28
4 18
132 9
145 109
84 64
27 81
22 50
82 106
77 50
133 149
148 56
11 25
6 0
138 128
85 80
107 96
16 16
69 56
73 103
20 87
32 44
5 32
64 64
87 144
6 52
109 138
75 134
2 53
30 103
6 49
0 68
52 133
50 71
43 108
3 11
11 51
145 28
115 146
87 114
50 47
100 98
95 30
148 83
132 35
7 117
8 87
77 142
143 55
30 37
42 128
29 129
4 22
108 36
145 106
139 148
59 8
23 51
68 68
82 83
149 39
11 43
134 77
102 26
144 125
86 12
68 30
115 6
99 59
27 56
112 132
7 89
78 88
148 100
43 54
51 57
141 106
86 53
53 9
44 31
146 113
89 141
143 49
77 108
134 80
87 146
12 36
142 134
149 73
135 47
62 61
25 28
110 72
104 33
39 145
11 51
54 6
83 108
114 111
38 10
54 54
55 128
124 62
100 81
115 47
85 125
136 33
37 44
0 33
44 14
127 58
130 38
58 147
136 37
64 21
147 120
34 49
135 18
82 74
137 14
74 138
89 113
25 88
52 25
7 41
139 41
96 34
36 75
82 126
52 149
79 142
5 95
66 11
47 57
29 118
24 149
91 41
103 105
125 144
106 25
148 139
121 146
114 74
77 63
119 106
77 139
100 25
13 45
25 22
109 61
75 93
128 41
30 38
74 44
146 147
13 10
60 142
44 22
149 92
144 69
3 14
12 18
74 130
35 101
99 46
56 94
14 30
30 84
9 64
25 65
95 37
99 22
111 70
35 17
52 60
98 59
140 37
21 104
138 70
48 123
83 145
126 78
116 52
133 117
18 59
109 64
48 121
139 31
68 39
143 59
116 32
69 114
4 117
0 127
27 81
71 61
105 63
93 109
73 11
1 92
6 141
91 80
126 41
17 88
70 135
121 87
6 129
130 25
118 44
102 65
8 85
102 24
20 114
141 70
56 48
102 144
33 70
128 88
32 73
67 34
15 95
19 41
19 139
78 109
2 115
27 46
42 129
60 42
139 85
105 29
84 116
66 92
68 4
129 15
130 95
106 25
77 74
39 59
139 19
144 80
122 17
126 96
25 52
48 124
57 9
111 144
7 97
49 132
35 1
36 91
78 34
5 18
131 92
29 89
21 126
90 128
2 68
78 141
41 2
78 78
101 98
66 24
29 1
141 70
40 60
69 147
56 30
60 15
15 19
124 103
149 100
91 8
2 16
59 117
71 0
104 135
142 141
86 23
142 36
88 81
83 57
136 57
76 78
15 140
96 52
107 149
14 2
58 143
61 55
66 38
81 71
48 116
145 88
36 96
45 40
71 108
26 19
27 148
69 90
96 127
122 24
142 124
43 146
61 137
58 13
57 102
8 74
17 6
122 24
102 4
70 70
60 101
36 94
117 136
89 6
17 81
70 97
11 67
116 34
76 74
69 124
97 53
57 117
4 46
138 88
17 16
95 83
67 8
89 27
22 50
87 56
84 40
71 8
8 86
39 148
123 97
116 129
88 77
52 119
6 34
38 39
12 126
60 94
112 10
82 142
4 74
147 19
53 4
133 97
102 148
26 137
84 38
59 113
78 72
17 102
49 69
7 17
47 59
109 149
133 76
40 133
20 56
63 56
70 142
41 79
24 83
105 35
77 23
23 91
27 124
92 63
79 63
47 7
86 31
146 72
144 135
24 92
32 39
119 124
51 16
125 136
8 10
23 141
3 109
135 6
52 139
110 18
91 74
34 121
110 47
94 76
9 104
132 82
103 104
18 24
52 64
34 68
98 95
84 9
55 30
136 147
18 81
123 125
33 41
109 48
32 84
129 95
25 115
44 40
29 53
48 116
2 67
73 48
17 42
14 67
111 30
75 74
0 142
95 25
74 65
50 0
101 53
133 92
113 141
24 25
129 114
0 89
148 10
22 46
6 127
47 57
75 5
65 133
145 30
144 26
24 61
88 135
116 136
43 74
46 58
138 68
20 127
54 3
149 114
129 1
53 10
22 13
132 55
131 6
59 5
126 141
62 142
89 92
57 69
12 0
107 53
127 94
64 105
46 128
149 19
141 69
110 58
147 130
126 121
72 25
119 97
105 133
46 118
25 58
39 67
27 19
84 49
1 40
5 115
72 140
136 49
31 129
71 76
135 102
8 81
16 65
109 68
41 106
8 58
23 121
66 137
20 102
0 99
86 106
149 130
128 82
56 38
62 149
38 19
124 115
103 77
81 106
110 0
118 46
50 82
90 96
67 98
60 5
28 75
44 43
95 4
143 16
68 111
59 91
78 44
83 17
110 82
35 111
95 68
38 63
22 94
39 73
11 10
96 110
126 32
113 80
60 4
54 64
29 145
136 24
129 29
30 87
138 122
59 14
97 82
68 119
25 40
104 51
39 32
145 9
57 72
104 142
75 119
129 74
117 36
94 60
57 68
144 63
17 126
140 88
42 18
147 23
140 114
131 55
47 0
129 62
6 38
81 122
37 146
36 25
118 119
54 132
33 130
131 148
87 95
80 12
76 105
134 44
112 124
60 81
23 92
130 31
39 136
61 29
13 97
56 43
107 25
38 108
8 17
8 1
139 60
99 125
40 109
78 13
47 46
136 20
41 127
9 112
15 126
67 146
3 38
19 124
133 85
35 35
38 78
61 116
86 51
24 100
118 59
16 7
139 135
140 88
3 53
137 4
58 137
146 4
93 113
86 138
134 46
3 103
109 113
27 147
106 83
119 142
44 69
75 135
37 141
97 12
138 7
70 125
76 45
68 92
115 30
138 104
36 82
104 32
84 102
7 66
123 24
31 88
22 17
117 56
139 66
149 50
139 76
19 102
76 94
128 147
149 34
72 10
44 56
101 104
77 5
10 62
37 132
3 73
56 69
75 94
127 68
66 93
44 28
4 65
16 55
92 28
104 0
16 3
86 41
39 83
82 77
96 128
132 124
79 89
77 69
103 143
51 88
66 90
4 113
37 16
114 77
89 73
84 46
56 132
112 44
62 40
63 111
24 119
145 12
86 44
24 145
20 135
84 63
7 51
96 23
139 87
64 23
106 118
91 135
126 77
65 38
42 129
143 66
5 4
27 23
111 135
67 112
113 114
26 45
36 26
71 12
114 14
38 129
134 127
9 75
137 31
8 137
40 95
142 130
74 113
121 26
121 70
66 20
97 15
76 26
107 141
15 85
29 73
5 59
145 28
133 77
100 77
46 80
24 104
47 146
12 15
96 93
22 84
101 17
85 146
9 32
1 134
114 67
106 111
24 40
122 56
31 78
59 64
141 23
66 52
71 147
86 85
114 89
137 72
101 20
123 20
141 40
90 121
73 16
146 66
42 16
86 47
96 137
52 149
130 107
5 9
114 146
4 86
74 96
95 133
34 146
13 48
45 17
48 25
100 149
20 61
143 49
50 103
42 10
139 75
123 18
65 97
63 107
137 55
62 19
76 149
3 60
22 96
67 93
37 131
115 82
130 142
145 141
35 72
52 146
58 92
26 119
17 97
55 113
91 43
114 148
9 51
109 149
48 101
69 126
92 10
63 17
137 56
19 28
23 86
75 83
54 91
110 142
145 25
14 106
126 80
92 109
58 105
30 115
81 51
87 130
73 85
79 14
93 34
103 126
47 2
101 107
48 96
112 37
113 37
51 149
116 118
129 6
121 138
142 50
33 137
60 131
55 60
101 78
43 77
28 8
132 101
99 130
113 86
99 64
117 122
81 112
6 133
148 103
92 72
9 147
136 132
89 40
116 136
85 73
30 100
129 62
98 126
21 141
111 140
71 137
133 131
125 140
88 96
41 25
24 4
41 29
129 44
24 89
131 50
147 79
40 100
141 54
57 24
45 36
135 101
19 50
49 59
49 90
134 124
25 20
109 36
80 12
103 136
118 137
48 98
108 97
51 109
92 2
107 111
75 89
16 129
3 110
40 70
105 136
128 43
136 51
62 128
62 1
27 56
27 108
103 135
34 56
57 123
104 88
148 136
49 118
53 24
59 118
121 55
101 117
80 127
106 41
10 136
119 116
93 136
7 98
72 45
84 15
134 132
136 12
142 142
39 67
55 3
98 0
60 33
97 103
133 113
128 95
132 98
0 81
11 79
5 136
73 120
14 36
18 134
68 83
118 128
90 32
51 102
10 122
38 104
32 115
98 80
145 18
32 42
100 67
63 106
138 93
20 73
141 68
46 51
109 4
12 107
32 79
132 133
134 41
11 9
76 7
54 133
114 63
146 116
148 113
82 16
52 142
118 87
37 117
84 10
146 68
79 96
1 83
74 63
103 107
17 26
48 15
10 66
54 28
136 108
38 7
7 70
140 129
83 34
68 43
45 137
137 37
43 75
110 126
48 68
28 94
4 38
124 97
17 68
122 131
3 113
98 37
121 88
29 25
36 102
11 89
120 83
90 97
42 88
45 114
14 103
61 128
52 8
44 101
74 122
144 94
127 49
57 73
147 1
129 69
54 128
134 105
72 118
124 112
36 40
92 12
32 147
9 44
61 74
66 33
19 62
82 131
100 142
147 19
110 88
105 18
128 9
140 146
23 147
118 143
20 91
24 26
140 80
30 82
49 68
95 32
60 7
39 49
88 47
24 136
20 126
26 39
64 20
23 79
40 42
65 8
7 116
28 45
146 136
98 74
16 129
9 102
134 46
2 109
75 21
138 17
119 32
37 76
57 39
76 136
69 106
143 96
105 135
137 49
65 40
24 19
60 76
39 27
144 10
118 9
14 104
109 111
125 66
131 19
58 51
119 83
20 85
5 145
33 139
5 5
32 136
39 14
134 20
12 97
88 36
140 60
22 50
40 116
93 61
54 108
18 99
34 79
126 15
77 133
78 112
9 144
124 0
25 18
88 37
133 3
80 128
144 30
124 80
68 86
119 43
110 12
74 56
78 31
140 14
142 47
4 120
57 35
9 69
38 81
50 66
59 97
29 83
5 22
73 89
30 80
98 66
79 23
17 13
39 56
72 89
69 26
123 69
84 86
142 24
59 7
115 2
117 54
123 66
149 76
83 42
16 5
11 47
56 132
121 111
141 38
115 49
128 27
131 131
62 48
89 53
132 138
95 70
110 64
103 109
3 85
132 99
55 100
74 111
139 19
31 85
34 58
80 72
70 64
85 58
32 103
114 76
30 98
72 63
125 12
27 112
113 106
8 140
42 31
137 149
64 62
18 25
82 0
93 34
145 128
8 132
137 15
35 30
100 140
102 66
81 14
132 58
75 106
15 132
74 131
42 147
23 42
22 3
60 24
46 99
47 52
87 42
14 131
95 35
102 71
142 6
1 17
1 137
148 34
2 87
137 89
122 0
3 63
93 53
33 39
65 106
147 49
134 112
28 48
54 23
69 140
90 28
79 30
94 49
29 94
8 12
49 68
139 109
30 17
131 58
117 130
147 7
66 63
42 48
95 75
78 3
56 65
128 44
12 4
4 50
148 16
44 36
111 72
70 140
94 119
119 106
38 15
140 111
50 78
1 1
27 8
149 74
26 115
8 144
107 63
124 115
76 132
117 67
52 8
136 141
63 48
48 146
9 76
14 28
118 73
26 8
142 13
32 147
84 126
18 87
0 86
59 52
15 17
125 120
27 75
127 113
7 112
93 68
11 54
61 149
130 121
93 138
138 2
29 7
52 140
32 61
126 139
98 109
122 52
71 23
18 75
36 48
29 90
46 62
75 122
136 68
34 75
57 120
131 56
8 74
146 42
90 136
146 63
113 125
75 54
146 6
4 92
108 30
71 136
34 128
74 82
72 31
67 36
47 13
131 54
59 65
47 140
31 124
62 84
63 2
129 133
125 78
139 64
63 1
59 128
81 111
2 99
16 69
131 32
111 77
49 18
109 108
24 115
72 7
142 140
115 64
5 92
106 140
69 79
30 139
22 64
28 77
50 66
103 71
75 92
37 57
144 98
108 102
103 22
42 78
44 38
26 61
142 35
82 95
57 52
4 29
21 33
15 126
140 106
101 144
131 20
54 10
114 47
118 119
51 65
58 136
130 65
108 70
15 35
32 91
105 52
1 105
21 20
72 87
6 49
11 40
136 91
37 135
127 39
91 137
10 55
5 144
72 65
4 137
136 31
76 148
87 123
128 57
50 103
33 81
122 63
110 97
44 79
5 0
14 57
13 113
46 8
23 101
127 88
128 66
4 149
113 121
132 125
43 2
55 147
44 43
63 133
38 20
39 141
86 43
54 60
103 124
48 80
54 26
98 12
84 38
100 51
43 103
32 69
148 115
94 101
56 5
104 50
5 110
32 0
130 124
125 0
41 57
143 113
133 6
94 114
102 62
148 138
33 82
109 56
124 94
145 110
79 25
21 8
17 69
99 8
135 124
66 90
54 139
12 133
118 59
147 25
26 10
62 36
29 4
100 91
70 15
81 94
89 83
28 90
64 83
29 13
7 76
148 44
88 21
119 119
120 75
51 72
31 15
95 119
47 86
21 127
116 127
138 30
71 49
120 99
83 127
93 53
1 88
13 43
34 74
87 71
103 105
105 143
22 62
100 31
54 65
103 139
22 77
117 73
96 90
40 113
8 54
136 32
104 10
7 95
13 10
21 2
9 18
115 53
24 58
2 92
109 147
130 135
61 16
71 1
84 111
34 30
34 6
24 27
52 27
58 71
15 74
147 111
25 98
52 69
79 96
21 124
74 147
17 146
123 49
72 39
31 148
18 28
142 66
52 146
90 141
114 26
80 0
142 46
7 17
12 130
6 113
142 58
0 48
3 115
66 70
91 137
114 140
111 110
91 74
47 104
127 2
16 73
68 19
93 51
78 6
69 57
26 74
78 57
52 90
146 94
57 141
14 127
109 12
124 10
11 93
122 31
34 17
24 42
11 73
29 72
109 36
120 93
29 18
50 67
122 46
87 88
135 2
77 143
117 73
0 62
23 133
13 98
128 12
131 34
50 79
141 94
125 79
30 101
41 114
129 58
128 60
0 124
133 12
84 40
17 126
105 81
50 70
9 116
8 14
138 62
70 54
35 101
90 86
143 4
55 56
79 14
108 81
87 51
77 130
102 6
91 38
22 30
22 7
63 97
9 103
146 134
91 110
2 39
36 72
30 148
63 25
88 87
122 60
147 145
45 12
108 43
71 47
114 130
93 126
10 75
131 30
66 136
145 143
18 16
126 124
28 52
118 45
78 85
18 24
46 81
103 122
17 119
115 114
140 68
39 101
103 138
146 116
146 110
74 116
84 44
123 42
37 64
75 144
115 77
5 133
133 114
55 36
36 72
43 136
114 70
123 129
82 7
61 85
48 141
0 35
80 41
141 21
75 63
142 50
128 58
133 51
112 38
80 96
4 22
120 104
100 64
27 68
111 82
69 47
89 124
51 59
87 14
18 69
85 21
71 57
39 81
140 143
54 37
32 101
18 103
149 76
98 25
145 123
20 83
76 147
9 133
138 21
39 122
20 94
50 31
141 123
82 134
55 103
18 146
110 18
50 74
24 6
124 66
65 131
79 125
145 2
78 23
143 20
5 133
149 128
127 58
97 89
5 14
25 13
43 3
100 19
145 140
87 2
22 16
78 137
57 41
29 48
57 11
47 93
141 13
135 54
90 100
29 123
44 16
9 21
107 88
47 139
136 41
136 64
51 62
85 30
135 101
105 103
115 94
33 20
95 113
112 11
85 37
62 145
51 123
23 146
92 71
73 47
4 82
11 81
19 45
82 82
96 53
55 76
132 59
51 147
65 37
25 38
46 41
99 58
31 7
7 134
117 112
124 30
78 136
143 51
58 21
134 48
34 38
82 88
32 69
139 5
99 114
74 142
58 22
121 135
21 11
38 140
62 84
74 89
49 122
59 74
129 51
81 92
100 137
4 61
134 68
99 41
82 105
75 118
83 4
125 96
44 23
79 105
75 14
44 4
72 65
16 24
51 124
119 148
76 113
92 145
94 12
142 54
64 120
149 127
41 142
130 142
18 10
76 35
88 132
126 123
127 66
96 110
36 2
135 94
41 82
34 22
138 33
119 37
130 118
12 14
36 96
134 89
73 0
40 92
121 41
82 88
72 102
11 0
71 52
13 125
53 34
15 32
38 0
44 121
78 56
66 63
30 53
130 149
20 77
82 28
28 86
50 39
57 60
1 125
89 76
112 49
90 23
17 125
149 35
11 111
60 82
73 118
60 109
61 62
35 123
119 109
101 40
71 32
30 96
3 124
132 86
21 2
99 2
143 47
43 113
15 98
123 128
38 57
2 11
29 26
122 116
73 127
96 24
120 123
128 66
20 61
135 100
1 114
35 27
12 87
62 129
107 81
81 94
34 131
32 17
61 71
47 134
25 54
82 116
138 7
100 47
99 69
111 15
116 99
4 12
0 63
11 136
93 115
80 38
89 106
22 69
148 2
1 97
40 109
129 29
74 133
121 64
28 149
3 131
5 35
84 47
94 116
139 129
0 109
6 123
71 41
90 105
113 133
59 86
135 59
104 35
5 56
65 115
5 80
27 15
84 69
44 44
95 59
132 56
127 127
133 141
104 45
124 56
95 7
148 89
7 64
99 72
40 79
146 133
126 27
10 96
122 16
76 35
76 62
147 78
30 124
140 131
13 78
136 75
116 66
34 36
11 55
14 19
119 36
44 8
16 119
144 32
83 143
93 117
25 28
52 46
139 87
108 68
136 29
3 106
27 128
20 121
29 15
29 89
95 108
0 123
105 25
124 76
81 63
82 101
49 97
135 105
51 7
86 91
78 73
63 14
140 147
26 149
49 78
147 71
91 135
39 0
63 47
88 30
123 14
86 98
69 6
123 54
52 132
53 78
139 75
59 75
117 139
74 12
0 114
124 77
86 31
24 86
131 57
29 25
81 50
146 32
148 76
75 68
140 13
82 31
61 22
118 72
43 116
77 105
91 131
105 122
14 55
125 94
81 108
116 65
77 83
134 85
138 36
115 60
28 10
141 32
73 97
148 6
114 102
78 100
119 51
1 71
13 36
71 15
91 2
106 24
71 55
142 1
100 26
31 101
71 57
27 75
122 121
12 104
89 84
105 78
47 106
87 107
139 140
39 129
32 90
25 115
133 93
96 146
63 86
49 139
92 104
48 97
133 110
27 143
22 67
94 88
148 22
7 63
128 66
75 9
54 94
65 38
83 52
26 147
110 146
86 121
93 3
79 12
44 48
142 147
51 141
98 134
134 63
77 47
90 89
20 81
18 0
138 54
105 49
140 22
69 74
96 16
31 72
105 12
90 131
24 2
27 7
99 131
126 73
7 139
72 140
17 102
76 25
70 50
125 64
51 118
135 17
42 112
123 74
89 103
13 32
31 105
135 22
134 98
6 3
20 34
146 74
7 120
83 53
45 55
116 122
117 4
64 53
34 65
132 83
91 115
112 47
140 8
53 52
17 54
37 60
88 56
2 33
126 135
26 128
78 42
13 46
105 21
79 65
2 52
143 54
101 122
6 43
29 123
95 149
66 66
40 1
100 13
79 37
112 9
92 61
92 23
58 145
133 1
5 136
100 142
137 111
101 58
105 0
6 131
84 73
43 95
116 112
137 143
11 116
27 74
39 19
49 140
102 31
126 39
122 127
81 37
38 98
63 76
131 5
7 85
116 72
20 46
28 23
120 77
41 100
74 9
105 28
136 29
119 126
19 101
15 143
28 145
88 38
98 140
102 20
56 67
59 67
98 127
144 103
96 146
22 38
133 89
147 105
121 3
114 84
22 14
93 78
40 102
68 76
132 98
46 51
108 123
47 125
41 35
95 7
64 98
36 131
105 43
92 139
37 98
147 85
110 16
20 31
17 49
25 91
52 66
82 20
86 59
88 143
101 10
145 53
12 77
52 99
20 13
35 85
16 123
24 39
114 120
65 88
124 35
113 102
39 24
64 41
97 33
123 69
144 122
18 102
31 2
103 22
49 135
132 49
147 44
7 36
22 78
6 15
148 117
49 122
142 81
85 65
89 106
63 23
38 59
114 148
57 56
25 132
67 69
94 34
116 90
102 13
6 88
32 96
104 78
58 40
96 54
102 8
91 27
99 113
68 17
30 68
92 31
121 113
102 119
22 24
73 120
52 116
34 27
133 143
46 28
109 62
133 129
47 18
129 75
135 58
34 143
70 148
71 100
95 7
48 23
125 124
7 57
25 62
126 135
54 118
37 42
49 72
31 69
58 148
45 46
126 90
119 21
114 25
73 132
54 53
5 93
35 122
55 73
145 35
128 13
139 115
108 31
92 19
113 67
108 85
85 125
5 45
127 132
97 20
84 24
96 25
8 52
97 107
79 136
51 15
8 29
29 134
39 139
16 76
15 115
35 9
1 112
43 63
9 146
148 149
1 140
24 57
45 126
71 12
23 131
107 126
61 119
146 66
123 127
0 16
135 70
148 100
24 24
108 121
11 61
83 138
134 6
113 3
65 104
76 19
94 146
107 53
122 12
117 69
11 124
77 45
40 97
92 15
27 65
115 48
40 5
127 25
145 88
24 112
54 20
14 74
55 97
18 107
138 82
60 0
112 128
94 1
102 123
57 66
3 125
53 79
20 59
27 147
103 66
95 94
105 20
47 64
140 148
122 61
69 15
114 14
24 76
70 73
137 111
93 59
42 54
132 5
4 79
65 88
123 22
116 133
92 19
7 1
8 131
42 91
12 76
85 104
36 22
98 45
24 132
93 143
49 74
56 77
96 106
90 52
26 54
1 74
0 94
2 10
19 28
109 17
2 125
130 89
101 10
146 86
23 60
0 35
45 51
5 112
88 146
137 61
117 28
17 117
10 56
124 12
66 9
104 48
62 35
103 4
0 25
58 78
138 9
47 54
25 113
79 71
15 52
35 89
14 76
67 34
116 53
89 137
10 111
18 116
87 128
61 126
71 94
105 71
116 28
120 6
101 137
25 95
41 63
121 68
142 126
121 119
28 0
133 88
22 130
11 81
86 108
100 140
58 15
17 119
69 95
11 104
136 18
40 33
119 48
129 62
134 38
40 97
57 10
129 112
128 115
140 126
65 141
146 30
67 64
141 18
76 80
22 69
31 3
55 2
41 26
89 115
119 77
88 114
136 78
74 17
128 127
138 105
125 21
115 139
119 108
55 113
60 144
112 19
33 45
90 33
88 88
19 112
7 61
59 142
100 37
137 39
104 74
123 130
50 121
111 123
84 72
34 5
56 30
88 62
71 17
96 40
56 45
149 73
9 25
107 118
30 15
32 138
9 95
15 39
140 74
16 130
148 46
124 75
17 107
135 97
60 53
59 22
43 13
67 28
43 67
132 63
33 135
130 140
109 128
19 24
118 94
145 47
98 59
119 17
64 31
39 29
77 145
45 17
112 61
28 126
27 12
108 108
21 64
15 6
107 77
112 19
111 103
144 32
3 79
148 111
114 95
74 137
32 99
24 139
111 30
148 13
16 111
118 94
71 120
103 145
17 112
53 135
34 9
78 65
113 64
135 1
10 100
69 68
37 57
7 43
83 18
51 58
60 138
86 9
131 22
106 145
12 65
143 41
149 19
128 41
139 144
123 84
63 13
69 96
44 58
54 139
16 25
68 133
86 88
32 75
136 76
14 12
105 149
78 30
6 98
97 35
18 131
126 87
106 123
84 52
29 43
134 103
15 18
72 83
28 107
121 111
115 69
95 11
76 101
118 109
21 25
10 8
144 45
44 119
88 32
139 101
110 25
70 98
45 1
120 10
100 124
46 130
45 81
79 83
16 147
90 70
34 55
3 0
48 74
94 135
90 106
123 111
73 90
125 10
64 85
52 105
81 126
4 9
85 83
119 8
140 8
0 110
107 65
45 16
126 102
45 18
94 89
26 142
121 108
115 66
28 52
22 81
29 117
75 4
37 92
43 100
1 114
128 17
76 100
6 56
148 64
28 127
57 126
55 37
105 32
108 56
52 40
116 14
9 99
145 9
85 55
148 141
108 17
130 58
122 43
119 73
128 104
52 79
114 96
7 51
40 147
53 34
146 134
109 77
96 25
130 132
21 108
93 59
31 76
77 132
7 70
21 99
98 76
2 100
133 101
106 101
147 120
56 95
85 81
59 132
58 14
134 46
144 35
53 146
107 89
131 35
60 135
41 87
29 142
41 34
119 99
94 39
76 146
28 84
40 100
36 89
107 68
112 34
133 126
10 72
51 79
106 1
148 8
97 144
147 113
23 56
29 80
128 23
40 46
76 2
89 9
34 97
94 36
133 69
140 120
22 6
105 88
131 79
122 53
104 7
74 7
83 26
92 93
72 48
37 63
133 129
77 75
135 5
2 7
24 5
82 127
35 33
94 58
39 39
99 24
9 47
71 71
38 104
76 93
3 53
76 78
97 52
103 68
62 25
60 92
4 45
141 9
149 45
109 48
148 103
32 43
138 56
61 45
65 110
123 57
149 97
43 15
77 115
69 78
27 132
122 56
41 15
90 91
58 21
26 140
142 86
42 148
119 12
46 32
23 12
139 89
26 15
149 15
56 48
27 70
118 4
107 132
26 11
54 37
111 44
78 121
54 33
45 14
140 95
52 20
72 139
59 59
104 44
125 116
40 124
37 115
73 130
53 140
24 25
2 89
1 52
48 2
57 66
28 0
6 144
63 93
47 99
127 3
100 92
80 91
25 42
0 145
112 3
102 71
74 51
53 22
30 79
79 74
142 41
20 80
93 28
117 48
81 102
123 68
105 79
46 94
59 74
131 11
99 28
129 2
52 64
78 52
94 146
59 12
83 55
97 90
146 69
47 69
146 18
0 96
84 47
96 86
47 41
56 120
95 55
50 5
76 26
128 89
135 62
25 105
50 73
94 85
73 18
53 127
127 64
108 0
123 43
16 41
14 78
83 31
141 50
129 46
115 1
120 3
69 3
58 57
70 103
18 121
101 140
61 79
12 114
128 71
85 7
75 87
129 107
111 32
57 53
36 62
60 3
109 112
80 32
146 76
82 40
55 56
18 85
1 148
92 33
87 91
127 111
75 35
99 88
128 97
69 124
124 112
132 57
125 117
15 149
40 74
42 25
85 70
115 69
148 67
147 75
136 16
7 105
85 123
33 35
62 114
16 94
76 88
88 73
95 122
73 70
90 25
34 98
47 109
79 63
47 101
136 15
80 97
100 97
110 90
61 78
148 114
46 89
93 20
60 127
78 82
93 79
139 123
69 100
129 25
146 11
83 103
52 95
5 33
129 23
123 125
104 35
100 103
47 114
46 113
94 36
63 97
113 38
60 59
118 19
45 2
106 143
6 32
14 85
18 140
28 113
30 28
42 5
74 91
16 63
70 67
128 69
148 85
134 34
136 131
55 108
67 50
34 50
143 53
14 40
60 0
71 102
54 49
86 115
88 113
104 78
46 45
136 131
42 19
57 79
112 134
15 98
28 33
77 143
122 73
73 141
57 86
7 48
91 69
141 148
137 97
41 143
47 142
114 13
121 58
84 35
145 35
122 73
30 73
39 148
28 9
92 49
90 70
141 53
53 39
14 40
32 36
110 135
118 73
144 140
129 63
41 28
1 4
70 25
76 120
53 7
94 99
95 121
97 146
44 126
53 127
23 65
131 9
144 97
69 69
63 23
144 109
5 7
88 38
21 89
65 137
24 55
104 67
67 120
0 73
127 107
36 146
80 62
65 138
58 73
59 94
20 133
123 12
141 80
28 89
17 127
117 66
98 0
52 48
12 75
116 132
92 17
76 135
85 130
93 92
15 89
32 56
147 54
72 34
145 93
44 101
63 121
100 31
139 5
8 108
8 135
137 75
130 73
28 95
84 66
126 61
108 8
64 85
61 107
27 107
75 76
140 70
56 134
50 54
66 120
44 100
72 94
21 26
64 97
100 148
112 6
108 60
147 119
122 46
97 30
56 81
141 140
70 9
42 129
40 27
25 34
85 93
135 71
68 3
138 18
81 21
60 138
13 130
34 133
65 39
56 149
65 86
85 27
103 135
127 14
114 73
118 31
140 129
49 113
105 129
41 107
14 19
66 134
142 120
95 113
38 125
35 33
95 84
103 19
0 98
50 108
30 37
11 30
46 20
104 110
114 47
13 48
79 91
89 137
104 31
24 111
109 38
45 51
59 30
118 132
105 138
65 113
146 90
90 45
46 81
120 134
88 55
15 136
32 123
74 110
82 133
49 116
27 60
132 107
99 35
118 135
36 72
148 52
82 28
52 92
147 100
51 129
50 34
148 55
24 29
12 124
43 20
80 21
36 95
103 73
6 52
57 122
0 83
108 63
127 80
34 81
131 30
43 93
20 134
15 104
102 99
109 6
74 148
34 88
140 122
115 33
9 59
66 38
137 58
106 138
34 94
72 122
15 127
134 147
33 128
75 128
44 64
15 136
18 142
115 113
40 127
116 140
48 26
108 13
42 49
124 128
64 69
69 50
48 72
101 124
125 65
91 67
25 20
63 101
65 123
134 6
84 3
115 53
31 48
120 2
137 139
24 31
45 11
40 70
73 104
18 81
31 92
41 74
143 139
4 113
125 126
4 77
69 38
62 9
136 5
114 0
120 3
134 77
107 138
123 96
48 30
25 14
14 135
120 30
103 28
99 43
69 29
88 64
122 70
148 55
142 142
97 134
83 14
147 73
54 147
116 143
62 141
100 104
82 90
73 58
15 99
67 80
133 142
24 141
42 69
49 108
83 8
23 100
90 72
61 87
48 39
17 18
142 41
86 142
17 87
88 100
55 125
60 72
43 95
7 53
18 118
100 144
50 65
86 122
21 90
129 2
124 115
118 35
57 42
144 128
19 118
94 136
18 143
129 119
87 54
58 81
25 113
149 93
127 57
122 92
80 71
12 81
114 36
121 95
7 5
77 62
143 77
45 99
89 112
83 67
66 143
2 89
83 57
11 58
126 36
77 87
100 8
33 24
35 49
132 46
42 93
47 123
60 114
97 60
101 9
24 24
80 148
130 48
7 30
105 40
32 44
122 29
50 118
79 20
26 104
43 58
134 94
36 108
49 31
98 62
38 122
38 129
30 28
96 123
112 4
83 25
60 83
24 84
32 52
40 35
54 79
17 52
116 49
130 19
7 144
61 91
63 36
117 47
47 38
37 11
35 124
61 110
71 24
63 5
65 2
130 147
52 95
72 96
67 20
11 96
92 113
130 149
76 111
39 5
50 43
35 6
59 46
42 72
125 18
31 77
65 43
48 93
113 12
111 69
9 115
52 47
105 145
134 47
13 109
81 127
100 97
61 77
143 112
23 105
25 104
102 81
30 60
15 53
140 84
65 89
19 5
58 140
35 29
35 83
100 7
55 32
49 39
82 107
55 101
141 23
76 87
85 81
68 86
36 133
76 34
148 25
115 3
115 25
141 50
88 139
56 21
76 11
24 137
137 33
62 53
142 34
86 56
45 40
127 36
5 82
24 124
56 70
2 35
48 119
10 13
118 14
127 3
8 65
45 120
77 17
44 112
8 64
135 120
77 9
109 40
32 68
122 93
144 20
67 23
136 110
51 122
47 131
143 50
41 136
4 148
83 109
49 55
65 63
21 100
4 12
77 95
131 134
111 58
78 143
14 77
49 113
58 54
53 46
1 75
126 49
138 39
127 145
90 23
97 54
66 45
42 114
78 46
109 52
23 46
45 53
15 135
124 74
102 85
88 86
13 118
69 111
43 62
42 59
14 67
116 123
73 10
119 21
65 146
36 60
86 62
109 119
68 45
111 142
133 147
141 143
130 19
124 75
45 31
69 28
67 36
38 100
26 3
69 137
60 21
142 99
31 137
94 96
126 60
117 0
14 25
70 5
30 9
92 73
94 29
35 23
108 120
135 129
137 51
32 102
139 60
61 44
29 83
23 121
0 137
61 52
138 21
93 54
135 146
134 71
82 52
118 2
53 92
49 138
36 42
55 59
112 26
145 112
32 39
58 124
96 92
71 4
81 109
108 2
10 15
27 4
145 117
142 123
121 30
7 67
121 30
7 91
16 62
35 53
110 28
27 101
1 3
26 76
106 87
55 24
84 23
3 31
26 22
91 112
107 71
20 124
131 56
38 39
42 5
105 19
67 132
3 46
61 9
11 128
104 148
37 44
79 59
20 77
96 68
81 34
69 48
65 102
35 49
146 88
85 126
75 121
43 35
26 76
1 49
140 7
110 74
117 32
71 121
98 15
46 8
13 148
88 6
49 137
119 19
87 134
133 62
124 5
84 72
41 0
82 143
44 24
74 77
116 148
138 136
93 134
90 125
117 35
73 89
18 102
16 46
48 69
92 15
96 111
60 64
116 92
14 40
10 63
26 91
38 73
35 71
24 91
74 35
133 84
145 98
94 13
127 20
58 18
124 139
95 95
78 127
120 62
33 65
125 13
55 42
148 16
50 144
84 33
5 93
113 35
56 95
37 44
20 146
26 0
44 6
71 25
43 81
120 86
75 147
76 107
101 50
20 96
96 44
10 147
103 41
40 73
108 113
26 108
49 17
22 137
114 147
149 112
102 60
16 84
97 6
46 37
27 149
16 30
32 118
49 123
135 117
126 64
44 61
18 130
107 130
27 92
94 149
91 57
92 71
7 94
118 129
62 40
139 138
137 44
65 92
61 138
20 113
111 25
92 26
38 99
52 6
111 31
37 0
5 17
103 76
145 31
39 0
107 17
22 97
69 91
72 147
11 26
2 133
131 63
114 16
60 78
137 47
30 100
54 81
43 33
124 59
11 10
95 99
118 20
136 20
102 23
113 30
101 26
122 82
81 139
77 24
12 20
132 63
137 60
107 32
148 13
48 101
69 83
110 37
77 119
6 60
49 127
123 136
6 107
96 113
29 140
47 71
77 25
99 75
97 77
108 133
43 52
138 101
50 104
137 149
138 10
130 100
51 133
113 50
54 134
55 123
112 18
10 119
54 145
106 147
76 138
9 147
23 122
77 84
56 6
147 116
64 128
56 8
24 118
35 132
126 86
118 128
91 48
82 48
137 128
19 55
110 5
72 121
123 88
141 4
88 14
96 84
63 135
113 146
107 94
129 92
117 146
24 65
75 127
24 96
119 144
92 82
137 88
130 118
22 130
22 82
101 17
93 105
51 145
7 60
107 147
34 100
51 51
36 59
99 19
127 49
131 33
117 65
72 64
48 20
21 148
109 78
103 106
140 53
86 73
82 84
127 2
4 1
53 7
128 127
123 125
92 26
124 96
31 107
123 4
98 101
5 77
122 118
138 87
41 35
122 80
57 62
146 119
8 103
64 65
56 126
27 5
128 6
142 93
77 101
140 66
47 74
125 16
130 56
118 19
140 110
136 98
78 124
23 144
143 95
141 118
103 99
54 132
67 53
50 72
120 41
73 110
148 148
125 106
149 38
100 102
84 107
39 126
36 66
91 97
123 149
27 34
5 35
86 94
69 86
81 127
110 75
45 124
81 89
136 43
33 120
143 70
14 70
1 111
14 115
70 126
39 30
5 106
35 5
33 118
22 44
148 8
132 28
31 31
45 96
21 64
142 70
46 107
115 126
107 23
39 124
128 127
82 145
123 91
63 42
26 85
31 105
28 149
14 63
24 51
147 33
57 59
106 31
19 93
44 76
102 132
101 105
27 4
95 52
16 90
23 88
68 136
97 48
119 116
5 84
144 121
39 130
117 139
91 146
7 114
48 97
77 101
145 42
128 28
135 65
24 52
142 7
146 60
14 26
34 19
108 22
9 61
142 52
71 7
19 118
78 71
13 115
37 1
10 118
62 32
81 133
143 50
63 135
64 101
31 119
15 5
127 117
78 118
74 133
137 45
7 107
101 34
48 50
69 0
114 34
17 86
71 49
119 4
63 58
63 47
93 69
123 113
118 73
43 38
50 67
40 103
131 78
50 135
145 68
132 40
22 0
105 131
122 88
114 11
77 115
52 16
1 142
17 132
74 63
100 56
50 139
96 141
131 66
92 103
51 140
25 147
88 95
50 137
138 59
107 40
118 88
141 136
23 58
66 16
0 75
111 73
79 95
16 39
55 67
35 77
26 145
43 43
120 100
33 70
55 9
140 94
0 70
2 79
55 22
73 43
81 7
46 61
22 116
74 147
21 80
121 32
78 106
35 102
62 66
13 92
71 3
79 109
17 50
104 46
55 77
134 33
86 43
109 80
8 35
45 57
16 134
30 108
0 61
61 77
76 63
126 135
134 16
66 68
126 42
24 41
7 53
134 5
48 5
4 76
131 123
23 127
56 69
41 49
82 30
76 111
35 100
125 78
92 128
58 92
34 117
90 93
62 36
118 94
144 65
139 124
33 56
145 58
131 33
36 122
138 66
71 26
67 79
43 6
13 90
146 100
128 110
145 146
4 87
40 144
3 28
73 43
75 50
110 80
60 26
32 83
86 129
51 1
147 66
117 123
81 143
109 148
7 39
88 53
136 143
69 70
81 69
92 80
63 134
99 52
35 105
112 76
29 52
46 141
18 128
114 35
77 71
83 75
31 24
101 16
14 96
88 72
98 22
93 121
47 77
134 44
58 129
89 6
128 14
87 35
143 111
29 23
77 104
102 121
124 72
122 9
0 96
90 118
135 114
103 42
20 62
34 71
122 121
46 89
94 107
106 32
122 128
13 142
47 98
77 113
21 139
118 139
15 81
106 44
61 94
122 89
104 83
93 34
124 73
6 53
120 29
66 58
108 142
99 9
136 82
87 89
91 55
93 136
55 85
58 108
44 26
52 16
23 45
137 99
106 136
49 81
97 105
54 20
53 36
54 0
1 7
37 34
92 119
70 147
149 17
71 11
54 143
64 66
129 15
78 41
4 17
5 59
48 62
11 87
22 78
31 53
127 40
114 97
71 138
10 90
144 11
106 140
149 138
12 87
41 24
5 25
36 91
95 108
95 26
82 123
122 11
116 52
3 47
49 124
78 149
73 69
27 1
13 142
131 5
37 4
79 136
122 51
43 27
93 108
68 30
106 4
69 18
93 124
139 62
20 52
29 97
1 22
47 28
87 81
104 40
133 38
84 86
138 85
41 85
83 79
98 99
17 1
108 70
13 133
89 35
97 101
110 94
13 90
12 19
103 117
111 84
103 57
86 132
114 130
115 15
109 103
149 66
47 30
71 46
140 76
63 13
56 85
36 57
70 131
87 138
19 61
16 131
91 1
145 57
110 113
60 88
83 65
91 122
99 25
20 72
22 77
118 128
101 131
32 127
62 9
119 22
96 3
40 35
89 71
8 127
70 148
83 87
18 56
145 53
120 13
13 34
108 145
133 41
94 84
93 8
36 115
125 30
67 149
142 47
99 61
64 98
88 146
31 117
47 68
81 11
37 124
48 119
139 59
71 3
68 127
83 99
49 88
124 140
123 112
94 10
130 15
24 20
113 121
6 116
20 86
95 58
141 58
36 37
101 55
74 115
54 133
41 19
6 122
47 42
93 48
91 18
24 42
21 141
8 142
26 56
88 39
44 50
14 97
96 51
21 7
17 2
90 33
80 67
103 27
70 102
118 81
122 79
35 71
32 83
0 111
75 34
147 88
81 101
38 55
113 112
2 49
82 130
142 68
106 109
63 97
20 132
15 0
147 27
69 43
0 36
124 145
73 36
50 109
21 19
85 58
22 115
9 49
15 65
103 4
120 69
42 110
47 136
101 95
26 28
67 128
109 83
17 49
104 104
114 70
1 142
81 35
55 102
21 117
76 90
7 148
5 126
33 93
128 135
50 20
114 100
17 15
0 63
82 125
87 22
111 17
131 139
139 47
4 49
108 16
31 72
12 45
53 143
45 71
58 20
51 116
116 36
80 89
62 35
143 79
133 118
95 99
53 87
22 10
102 130
7 35
111 44
125 46
49 38
51 122
49 57
42 68
127 129
43 87
137 57
106 66
40 97
142 127
91 103
111 143
139 133
85 148
9 21
110 132
65 92
96 81
77 124
145 77
116 94
13 139
107 99
106 7
28 138
9 113
26 61
6 104
130 30
149 35
112 119
123 17
46 42
148 114
86 122
21 32
15 115
6 72
57 40
141 66
133 138
67 4
75 134
113 42
85 10
107 62
29 60
71 44
103 36
66 70
92 33
12 10
133 31
113 20
109 128
104 13
72 10
21 83
62 52
28 111
93 19
67 127
109 30
99 147
90 94
83 49
96 25
45 99
54 72
9 32
148 54
140 87
130 23
122 75
118 8
124 126
79 136
78 36
121 24
144 17
53 128
12 106
85 85
116 135
35 78
70 147
100 27
48 85
127 143
144 98
78 119
124 97
89 27
91 116
55 82
90 100
67 89
133 27
49 51
12 114
62 75
138 137
104 131
30 17
64 20
136 111
87 128
12 138
123 48
148 106
139 4
49 137
102 121
31 144
126 59
119 122
124 135
97 83
149 127
146 25
107 14
117 59
78 23
2 14
43 66
72 61
146 114
3 10
88 120
39 30
11 44
117 88
102 104
147 109
116 49
104 59
40 10
56 102
142 140
138 99
138 31
147 141
116 118
98 104
148 61
127 90
89 101
23 39
86 126
36 119
11 16
53 31
66 93
42 31
122 9
77 62
127 49
34 77
143 36
20 32
24 49
125 53
134 2
40 109
76 13
8 149
115 120
64 6
99 114
112 142
79 26
52 114
43 135
36 115
143 47
109 5
96 21
145 31
60 147
101 56
3 11
29 72
44 23
38 25
64 112
0 27
133 62
54 88
81 11
52 82
113 126
41 45
73 77
17 67
27 74
21 107
29 98
131 32
8 137
49 63
107 141
67 17
131 30
141 75
71 101
127 129
67 108
144 128
56 126
44 33
0 63
136 121
42 50
107 9
23 28
142 85
134 100
31 126
80 54
131 70
60 6
94 68
118 46
83 145
106 149
1 80
46 94
22 67
66 52
139 50
77 56
68 59
98 99
128 113
99 30
120 6
98 55
18 7
75 45
43 108
142 97
22 89
94 109
36 134
3 27
48 94
143 104
60 68
89 95
90 54
104 14
51 109
62 146
131 133
10 100
141 41
117 76
116 44
10 94
51 45
31 35
128 117
135 149
142 51
28 96
123 45
12 93
19 98
142 87
86 121
14 48
132 120
92 98
16 42
121 33
66 53
132 36
61 72
135 8
6 129
99 128
116 10
132 47
61 36
132 96
91 93
92 91
111 96
91 120
40 90
57 26
74 26
148 64
79 60
117 137
72 30
78 108
133 107
28 10
79 114
25 134
37 20
69 123
37 43
113 132
46 18
145 16
62 88
10 25
93 10
107 58
147 18
23 18
37 9
20 18
17 118
57 68
138 95
11 7
49 2
127 133
84 29
89 52
121 126
22 139
66 110
136 117
24 30
57 136
53 73
32 131
140 98
11 135
42 119
121 54
106 42
58 22
36 31
47 120
21 97
104 2
93 23
91 129
56 75
59 54
141 4
23 96
75 134
22 63
148 141
117 133
86 80
139 32
34 94
46 105
111 98
147 140
138 47
137 59
24 30
145 29
70 54
91 12
112 33
85 27
67 89
42 84
116 48
102 113
115 96
77 121
125 104
26 120
9 69
2 145
128 146
56 88
3 138
134 71
68 92
129 21
102 131
71 94
58 106
20 34
89 14
26 149
145 107
34 69
116 42
57 129
48 142
25 122
19 8
62 82
105 86
92 5
40 104
71 3
76 0
138 74
142 76
0 71
103 10
66 132
95 136
46 116
123 148
1 50
45 96
101 67
29 54
113 70
140 18
36 45
122 141
66 27
65 73
121 57
99 94
88 76
20 105
43 50
125 113
91 96
146 112
72 117
91 40
44 29
129 1
12 2
4 111
35 93
14 76
116 109
85 48
37 114
23 148
52 134
18 53
116 134
114 102
113 123
49 33
95 79
64 149
0 95
99 83
23 133
105 7
26 21
33 51
34 106
42 27
2 46
113 22
7 79
48 29
25 147
95 89
16 10
15 108
18 5
23 143
132 135
121 6
95 4
23 78
118 51
70 112
110 134
100 70
16 47
34 0
122 136
18 61
1 115
39 64
27 61
85 24
116 130
136 91
17 73
89 51
37 18
11 27
139 133
35 98
37 105
120 19
44 116
118 76
129 78
107 66
124 52
16 99
48 120
100 114
57 57
118 57
105 53
23 52
125 69
39 96
16 7
10 4
39 122
103 126
61 124
141 133
64 62
67 64
63 102
3 98
116 66
74 9
61 45
27 100
85 99
42 88
59 105
136 27
135 96
146 143
46 35
9 76
49 45
7 139
85 32
53 139
56 62
107 51
88 52
11 37
79 22
23 57
91 83
19 124
60 58
147 148
77 146
25 61
146 51
139 15
120 43
84 100
100 132
96 78
112 126
28 101
120 144
63 102
34 65
4 138
73 120
148 58
121 130
26 122
128 105
105 2
118 124
24 96
48 66
86 144
18 109
7 18
17 83
32 23
133 68
22 147
36 128
143 4
36 34
42 3
85 33
68 131
51 52
77 108
135 115
108 74
4 85
127 76
53 74
18 106
85 46
34 19
49 21
32 102
99 91
40 18
1 33
133 81
17 48
10 8
91 113
75 78
67 89
48 107
68 19
127 112
0 61
59 96
44 134
100 7
63 41
87 4
142 30
126 145
79 78
36 131
7 93
122 115
34 46
73 13
15 41
13 27
140 2
122 136
32 115
119 16
103 21
73 99
30 137
17 96
47 119
16 22
148 120
42 12
72 44
76 138
25 149
97 90
111 102
109 99
55 79
16 135
111 140
47 139
58 18
52 61
26 9
73 85
127 118
140 14
114 62
145 64
90 87
120 144
2 98
43 22
107 86
18 31
12 90
111 76
46 9
119 148
91 77
74 134
18 107
46 4
104 133
107 147
134 127
146 87
124 124
127 132
71 147
34 146
98 143
112 103
65 138
76 101
76 2
28 89
114 97
59 77
146 78
104 147
57 18
34 29
87 25
31 22
124 95
52 84
59 21
136 81
69 28
56 22
70 0
134 124
90 64
91 38
54 48
31 72
133 111
132 119
92 141
148 127
91 58
81 131
145 146
27 62
63 20
26 112
92 126
115 100
12 50
64 7
91 63
138 107
48 87
122 3
19 25
101 111
63 29
92 42
51 41
10 31
1 24
79 16
5 7
140 31
72 125
85 16
42 0
51 15
142 84
47 46
6 59
12 94
120 120
108 3
148 42
116 25
127 114
16 27
36 103
17 2
29 74
142 9
25 6
35 11
5 56
40 146
62 1
88 83
14 76
117 147
19 40
56 106
89 39
106 128
147 23
75 104
55 11
64 138
143 64
86 100
20 83
108 7
133 32
117 91
60 39
110 60
78 77
126 36
73 110
130 120
24 29
72 75
85 63
114 79
7 18
27 131
89 65
138 54
22 41
3 18
5 113
58 70
43 10
141 74
137 103
124 139
102 24
120 50
28 3
87 75
45 75
58 59
105 20
136 19
89 6
55 78
129 2
67 124
49 19
88 64
128 104
145 99
124 68
112 119
112 18
99 133
38 7
7 20
22 70
128 18
45 6
146 90
31 99
63 95
60 41
100 123
85 22
142 93
71 55
123 121
97 110
122 84
17 141
9 104
83 62
8 15
74 110
56 56
3 102
44 15
123 22
115 114
15 143
84 37
149 35
144 90
2 139
89 93
80 14
44 125
81 32
129 118
121 113
93 100
4 101
87 144
25 10
127 101
69 78
6 34
105 6
51 47
146 103
37 93
52 62
149 34
96 80
104 90
40 98
34 147
77 137
70 91
35 81
79 30
137 128
13 121
145 96
96 68
12 103
2 67
19 9
32 115
87 11
10 128
41 70
8 11
105 36
99 33
144 57
100 68
55 86
60 52
68 105
24 17
40 122
110 50
39 146
47 61
51 54
49 70
100 9
7 2
133 109
102 45
9 109
0 73
148 66
139 88
4 70
142 127
7 12
16 132
120 141
114 5
132 11
20 14
39 109
99 90
114 33
25 146
58 66
140 93
10 50
17 34
5 13
77 117
90 141
14 135
34 129
45 52
12 122
141 88
41 25
115 39
48 47
10 28
31 111
99 75
23 73
99 116
25 86
142 99
4 6
138 128
137 62
129 129
16 16
134 80
70 135
140 119
122 89
40 123
65 67
103 34
135 39
36 74
35 17
26 38
24 21
95 44
7 38
129 31
24 68
7 122
33 99
118 112
108 99
52 67
49 59
104 44
108 135
34 35
105 69
75 74
69 83
145 133
73 146
120 145
146 83
10 49
138 63
90 17
33 133
8 134
55 109
143 43
138 109
109 139
84 143
125 136
41 64
36 73
115 138
13 45
122 146
63 4
104 14
76 112
103 98
137 139
65 56
104 58
16 3
98 61
15 113
86 63
139 54
104 14
82 36
8 10
72 79
14 125
34 4
109 54
77 143
12 118
96 63
134 61
14 22
29 149
4 61
72 5
129 134
26 88
36 8
28 72
5 50
132 121
69 26
145 109
1 63
81 131
31 100
59 123
16 32
123 18
19 140
86 50
112 32
128 35
12 89
54 90
101 133
93 90
115 17
105 19
105 134
109 91
43 68
130 110
10 35
119 131
62 138
127 57
23 24
79 1
149 23
123 109
145 99
143 53
97 80
57 47
77 111
80 71
29 105
149 94
3 11
87 50
133 106
4 109
143 47
135 20
120 143
85 78
39 130
149 38
65 47
138 39
24 55
54 120
54 96
47 30
132 79
142 83
55 125
9 59
43 149
25 107
62 5
138 23
54 12
130 79
95 113
29 134
55 4
32 69
25 119
23 107
62 11
9 118
101 61
105 29
114 2
127 16
143 63
87 47
115 77
65 141
140 65
72 132
74 32
6 90
133 135
83 58
81 20
71 73
113 15
45 141
135 3
54 137
142 54
53 17
46 18
85 99
58 108
44 4
144 84
105 4
22 101
125 60
121 29
58 6
106 75
33 142
131 124
4 95
61 32
101 94
42 64
66 64
23 36
54 7
147 9
112 1
110 115
47 4
86 72
56 20
12 33
36 5
24 127
23 149
56 13
105 30
47 109
84 60
122 117
55 103
49 15
1 41
47 55
108 146
91 11
98 142
96 133
34 105
141 122
97 43
18 146
94 127
78 70
123 128
104 111
56 46
5 96
100 4
96 115
25 138
123 2
40 70
87 12
68 56
1 52
27 123
137 131
146 143
134 41
54 73
104 7
29 43
116 5
84 46
127 83
63 51
132 48
120 69
148 95
128 131
86 33
115 59
131 114
69 132
35 59
118 108
101 54
62 48
43 56
134 67
85 33
18 89
75 55
62 109
107 149
119 82
101 107
44 103
125 85
37 48
29 66
87 19
117 14
135 134
34 127
143 128
8 126
138 78
63 79
81 75
146 125
89 80
51 18
21 32
69 3
132 122
31 149
139 20
95 48
45 108
107 58
90 86
14 32
132 1
0 87
129 65
144 98
131 0
48 136
42 108
58 91
143 97
4 133
116 119
37 103
15 138
40 78
42 50
94 112
36 121
28 148
143 65
87 137
20 22
50 43
115 77
25 138
27 30
120 40
21 28
75 131
78 94
29 102
79 84
136 106
60 71
130 20
118 143
31 131
37 6
41 72
14 10
53 17
25 6
87 28
80 117
12 143
63 94
50 88
107 100
16 62
83 67
65 126
132 53
24 78
3 10
17 66
94 122
65 38
55 74
1 114
117 80
104 101
148 82
129 78
93 11
4 20
146 80
66 57
32 4
62 84
34 107
17 105
107 148
59 72
3 111
20 24
32 105
68 49
25 96
95 15
131 139
97 80
122 137
49 83
12 96
149 22
96 109
136 2
34 132
67 100
132 29
67 37
110 77
73 116
96 98
71 19
127 125
11 132
75 38
45 85
24 121
61 32
80 80
139 77
69 101
35 82
142 85
102 116
125 109
25 16
147 26
137 5
0 109
101 80
16 43
2 39
0 46
80 20
63 97
130 82
42 136
4 108
44 50
10 97
63 1
79 59
146 88
130 56
99 134
63 64
40 31
129 0
141 105
65 13
37 24
17 132
93 122
120 126
143 101
86 70
117 29
1 48
94 142
67 4
119 65
18 30
58 21
56 30
32 88
74 112
11 14
22 25
94 77
45 9
5 48
119 3
33 109
12 76
63 32
135 19
136 49
149 33
31 93
134 15
136 11
15 95
68 110
62 94
131 76
74 3
116 148
103 0
65 117
130 71
48 12
61 131
94 149
141 32
27 46
102 40
9 149
52 139
71 72
111 66
39 52
15 29
44 10
14 28
35 100
28 49
69 81
8 4
40 40
90 89
1 126
4 56
140 120
128 95
15 122
49 25
111 98
36 14
130 17
138 7
115 108
96 3
6 6
132 93
121 67
65 118
103 82
70 136
148 47
133 51
118 70
95 149
27 51
46 125
14 75
100 131
72 117
108 98
134 83
52 41
77 77
29 39
81 111
57 42
47 48
31 26
10 31
134 117
26 120
98 46
58 52
25 144
79 21
57 119
54 143
46 104
48 72
71 115
78 78
11 41
125 89
122 77
146 26
70 57
26 141
13 7
116 24
80 75
143 23
130 46
119 73
16 35
60 60
116 0
66 28
59 130
126 65
57 41
20 4
25 147
12 127
111 113
62 143
20 30
18 58
104 59
138 116
138 15
107 25
13 62
123 137
39 82
93 31
143 35
92 65
39 3
15 112
112 54
88 66
103 85
78 83
99 93
53 75
27 141
145 82
44 78
137 85
71 1
118 92
140 129
0 131
120 97
4 77
13 124
137 98
36 139
126 77
103 83
26 44
99 35
32 109
39 8
95 5
144 23
11 75
119 66
35 2
116 35
106 122
112 38
90 100
105 42
146 59
128 125
98 111
118 126
50 127
132 62
5 82
119 107
84 29
60 62
119 69
38 21
69 27
21 57
15 44
20 140
47 79
131 73
20 121
133 8
34 144
135 85
126 97
99 67
43 111
24 104
53 74
26 145
90 100
15 71
117 124
26 104
69 50
128 22
74 81
49 77
45 98
18 55
127 123
112 12
137 106
48 73
120 73
57 84
126 91
1 98
138 103
73 73
124 64
11 49
124 33
41 17
5 68
125 123
103 138
29 50
144 79
74 131
111 84
4 122
69 128
128 103
122 86
106 122
136 113
28 141
61 25
91 1
90 58
77 43
83 59
116 51
49 126
63 5
62 69
103 97
41 37
115 112
18 54
42 53
74 2
25 108
143 39
63 13
149 108
55 77
141 103
5 126
68 69
87 111
112 54
148 145
74 119
97 57
24 46
10 47
75 136
73 127
29 32
97 125
34 34
13 147
103 16
10 105
128 73
148 116
67 102
47 30
87 73
130 91
14 55
127 112
134 35
29 98
80 102
92 55
80 116
112 59
134 89
137 60
64 59
5 128
86 35
50 49
105 37
148 2
13 136
148 47
130 13
26 131
83 95
48 44
41 130
120 90
52 83
68 7
137 35
32 88
54 92
135 75
8 126
33 83
32 41
39 143
104 29
141 135
66 52
5 121
21 38
78 2
82 4
116 16
128 91
115 128
16 29
93 145
134 13
38 72
41 111
10 28
99 28
86 55
110 17
137 135
55 3
146 80
32 25
49 10
127 67
65 75
48 96
11 3
77 68
131 75
130 138
25 17
14 74
26 69
129 29
10 41
38 40
97 33
29 118
39 119
119 60
129 25
11 34
65 77
20 28
101 114
107 110
116 125
37 18
121 98
89 149
123 130
83 2
136 103
36 84
4 86
90 43
126 140
73 68
134 32
112 70
112 149
98 74
81 9
143 84
109 75
116 94
20 130
119 52
115 22
112 137
78 53
41 33
21 134
61 9
39 37
0 97
29 25
95 85
28 120
147 80
21 27
116 50
55 77
91 68
127 125
31 18
79 130
52 71
72 87
56 96
49 59
50 0
51 62
104 141
96 31
20 24
6 72
146 69
110 52
8 56
71 80
94 24
65 85
51 14
28 133
121 66
71 140
122 22
129 45
3 81
145 31
120 75
125 67
89 76
6 71
1 72
121 1
15 109
146 85
132 61
146 98
4 8
144 21
70 88
58 134
137 3
118 47
115 21
35 13
25 84
44 100
30 142
31 52
43 64
84 110
66 143
47 118
0 145
107 31
47 82
43 70
142 118
41 66
117 108
122 85
66 126
149 57
75 24
109 95
60 85
9 64
142 73
53 68
94 85
28 40
11 104
71 107
95 133
142 49
57 119
73 52
117 87
98 67
33 115
89 101
118 126
71 125
3 62
97 54
131 28
109 60
72 121
138 60
49 47
118 18
25 146
101 119
81 71
100 95
62 8
121 75
135 149
32 127
13 138
7 92
16 1
7 134
118 18
148 145
36 128
136 84
93 85
56 32
101 64
73 131
73 96
43 125
26 17
20 135
147 47
104 90
25 115
22 72
140 46
26 2
63 52
20 62
119 50
62 1
54 73
48 79
115 4
110 39
111 20
132 97
119 126
32 39
121 117
116 111
111 1
130 121
16 90
122 53
95 139
19 6
54 52
42 7
31 121
144 41
20 141
31 50
126 88
51 120
51 20
118 11
37 124
79 7
93 129
78 71
22 66
37 15
74 118
62 48
50 70
117 71
52 29
10 98
42 47
146 15
75 82
78 121
38 149
55 30
84 36
140 128
142 144
48 109
33 114
142 36
63 103
93 86
12 112
123 60
19 19
132 74
57 49
122 31
23 147
14 113
44 67
95 144
18 66
78 40
48 142
95 129
93 32
53 92
58 110
20 96
18 60
77 66
82 46
120 143
108 37
13 24
7 139
11 146
148 95
148 123
65 87
55 38
8 1
98 48
54 140
105 59
14 140
82 63
54 35
7 87
136 47
38 49
116 90
132 15
69 122
147 134
14 81
118 122
76 84
84 59
119 18
101 66
66 149
129 92
49 68
96 34
52 47
7 131
138 98
55 111
36 45
71 85
58 97
96 65
53 120
39 17
126 128
149 89
40 144
109 1
92 47
33 102
140 97
0 54
35 14
55 29
78 3
74 140
80 103
113 112
84 62
41 59
120 31
96 1
36 132
113 133
24 46
28 116
131 19
114 141
56 83
24 29
105 80
78 43
134 27
126 15
119 12
46 90
22 147
141 89
123 137
39 135
41 88
21 136
146 96
146 38
133 58
141 20
63 19
142 97
81 100
70 36
95 110
8 95
143 75
124 92
98 18
47 48
106 55
34 121
99 68
13 15
100 73
105 86
106 92
38 2
90 12
27 24
82 3
144 108
51 40
3 136
27 95
43 62
97 44
29 121
128 80
60 58
39 65
88 45
59 115
64 92
76 2
5 19
145 60
17 17
102 147
110 15
112 144
141 125
133 52
134 148
135 55
19 16
40 31
46 119
125 52
0 107
131 109
8 43
54 79
38 112
20 17
148 71
73 21
139 78
63 38
108 49
121 22
71 33
48 14
5 60
84 88
28 130
119 19
102 31
139 4
83 95
145 19
44 66
55 56
73 137
131 109
46 58
1 55
112 130
62 29
136 45
94 72
98 92
14 7
31 94
15 54
36 136
25 138
49 41
143 90
2 0
49 68
89 10
55 32
52 38
0 67
115 21
28 12
144 25
43 77
89 16
23 136
52 138
89 21
3 86
26 70
117 104
149 76
104 107
139 105
122 83
131 112
108 79
0 43
7 121
16 61
46 8
92 65
45 108
18 135
73 95
102 49
40 137
53 138
46 42
69 110
13 136
63 107
91 100
6 102
8 133
2 121
48 72
127 54
71 56
148 74
72 14
34 101
71 40
78 37
18 94
26 56
1 146
10 80
108 109
97 101
65 106
144 31
132 76
15 50
96 72
79 63
23 97
82 73
44 97
53 40
36 58
23 137
55 123
36 108
65 81
98 90
126 98
104 86
100 78
142 19
60 4
48 48
142 138
61 13
111 110
87 36
126 43
25 125
22 33
121 88
90 139
67 1
6 58
128 132
131 84
137 39
52 132
38 108
142 126
144 50
77 112
140 30
38 125
135 84
50 141
102 89
52 25
89 9
95 118
4 58
109 62
122 31
87 22
90 78
118 31
92 120
147 27
67 119
126 44
1 34
54 55
35 76
12 70
10 56
34 24
101 130
25 36
23 92
98 59
4 100
129 128
97 116
0 139
75 69
139 74
31 106
133 4
69 31
53 44
103 70
63 122
33 7
19 1
118 125
135 114
49 85
135 119
13 87
130 74
136 139
18 71
136 75
49 1
147 24
149 58
140 114
6 98
45 98
110 100
141 121
67 67
28 5
80 59
26 0
86 149
84 52
117 22
74 91
143 69
5 115
47 48
80 39
107 85
57 143
102 105
60 114
19 119
83 71
106 65
81 0
38 48
103 96
109 54
116 74
5 115
87 137
67 120
146 20
134 66
6 29
131 129
5 114
102 16
60 105
96 101
98 140
16 126
5 30
113 26
3 43
137 95
92 63
55 23
63 88
133 73
72 117
0 33
46 58
135 74
21 16
48 74
120 73
17 91
109 148
139 106
4 113
130 116
143 40
28 105
140 79
75 35
28 90
64 70
42 122
122 79
147 86
134 40
46 102
92 76
16 48
26 82
126 110
104 53
67 147
122 62
75 144
108 4
47 57
120 70
110 47
82 10
18 26
50 73
69 4
86 112
69 79
122 49
42 109
147 21
148 42
81 6
28 72
16 10
60 119
143 77
10 148
27 33
57 32
100 39
141 77
8 23
59 60
30 9
57 129
27 132
22 43
29 128
78 44
100 129
30 132
72 51
85 67
148 77
64 115
60 73
46 108
127 87
10 15
89 101
41 63
135 145
125 40
72 43
3 48
144 72
107 113
52 106
31 88
92 143
145 89
80 11
115 24
53 36
52 70
84 105
5 126
84 23
91 1
32 46
17 87
87 40
19 15
31 15
62 0
44 64
7 137
141 16
108 17
137 124
129 119
28 7
34 106
58 57
99 6
35 8
63 67
1 117
22 122
18 2
62 71
60 103
22 55
81 63
53 98
10 75
9 7
125 52
31 11
89 135
42 26
77 31
27 14
97 13
39 83
91 106
14 134
10 41
29 91
30 99
131 76
60 42
44 130
114 73
16 145
72 67
125 134
96 143
56 116
76 138
100 109
95 140
32 100
28 48
89 131
19 75
144 131
121 83
80 69
40 72
77 19
72 83
95 149
7 13
122 58
53 63
101 43
30 89
86 113
63 85
14 148
138 26
60 116
30 102
89 123
124 97
148 27
144 82
140 74
134 47
23 73
112 123
50 25
133 136
78 104
18 79
145 41
90 103
64 5
126 9
89 52
17 84
57 61
52 128
132 62
61 139
33 17
103 124
119 118
79 1
148 134
129 15
88 14
130 125
59 130
50 9
130 82
107 8
69 54
102 4
129 138
36 121
69 103
126 80
142 134
33 117
146 91
38 143
117 82
148 17
43 38
54 70
120 97
107 2
128 125
146 41
108 78
47 97
48 36
1 60
144 32
84 76
127 89
111 129
110 90
70 13
134 88
110 13
139 100
142 34
95 145
128 96
33 134
99 133
10 105
71 142
112 63
95 87
148 122
59 16
128 143
43 141
77 10
15 128
138 12
54 113
35 115
31 19
55 130
9 147
17 122
109 49
34 55
111 101
0 69
23 43
100 87
97 12
134 140
85 51
58 147
32 111
4 15
60 100
7 54
95 125
83 5
127 117
119 77
127 11
41 120
121 12
32 95
33 65
101 43
97 88
103 136
23 128
139 58
57 48
81 49
21 62
30 77
85 68
6 18
29 79
112 17
104 36
30 144
144 82
88 149
145 97
68 71
14 66
64 123
78 98
27 125
11 114
26 24
124 118
69 144
45 18
140 108
27 23
87 132
13 149
99 49
148 34
41 64
63 34
75 18
28 90
93 96
25 149
149 38
12 137
19 36
114 107
88 140
58 36
108 148
55 14
81 58
61 34
131 55
144 75
95 0
28 116
122 105
99 114
26 100
146 84
63 73
94 71
83 21
122 54
78 78
114 2
125 149
49 90
127 46
139 137
70 73
143 59
34 13
28 3
8 89
134 12
112 73
79 97
49 7
0 131
139 94
28 55
17 149
135 92
79 120
132 42
41 34
106 138
96 114
88 78
72 3
79 89
112 64
139 45
103 100
132 12
125 56
135 13
11 44
68 67
65 59
109 16
108 32
100 141
22 7
43 105
112 68
136 62
112 83
1 12
47 115
60 85
132 55
108 84
80 23
58 103
108 68
45 26
62 40
46 12
100 61
42 140
45 76
114 149
13 12
100 138
53 87
94 7
145 122
23 129
31 116
65 10
117 74
109 109
21 61
70 145
85 139
77 77
45 89
7 37
36 79
60 24
117 22
136 141
125 143
20 136
38 35
123 35
131 16
78 131
54 32
61 144
79 87
128 2
137 25
53 84
24 123
61 95
1 143
139 140
7 132
43 29
12 133
61 119
136 76
7 79
112 63
30 21
82 44
127 38
42 146
83 54
55 71
30 98
117 129
146 101
81 96
110 26
132 23
33 132
66 85
32 96
29 91
125 61
55 57
14 124
88 28
14 47
3 72
113 115
21 59
111 90
94 93
6 91
10 59
142 91
65 100
52 121
141 94
97 109
48 0
105 144
53 48
17 131
35 146
136 50
28 137
73 37
136 41
114 3
85 110
30 66
39 38
128 71
84 17
59 66
130 125
119 120
45 48
46 45
6 109
57 121
148 128
48 43
125 149
75 56
45 100
5 104
0 38
138 128
127 99
63 81
137 107
19 59
24 12
76 5
133 5
73 140
66 143
56 21
23 121
120 67
140 68
65 105
78 12
136 47
136 5
63 80
96 126
131 114
133 20
9 112
94 45
14 9
143 138
33 147
135 20
97 1
8 7
93 47
66 93
90 97
89 43
103 39
44 21
56 13
97 70
2 114
105 83
77 51
49 96
83 9
98 93
4 25
69 53
39 48
142 82
85 135
24 31
4 148
14 86
85 56
70 136
55 6
87 28
38 91
129 137
125 78
18 91
103 0
71 127
132 15
142 5
92 56
2 99
58 103
9 127
90 89
3 60
127 108
139 14
90 78
12 46
147 38
149 68
45 20
90 95
72 48
115 7
51 2
22 74
53 132
58 149
37 140
37 90
129 76
125 131
31 127
43 133
49 98
143 18
95 51
88 115
127 27
52 110
116 9
12 26
24 128
76 134
38 71
20 108
112 6
134 80
62 59
74 138
91 98
16 66
64 136
38 70
59 75
132 105
26 121
138 85
81 127
35 35
17 118
133 76
59 147
18 26
53 146
74 127
79 31
49 9
120 39
113 53
148 74
69 36
70 16
60 120
64 57
35 36
54 114
110 65
3 48
96 125
22 74
145 88
37 48
134 97
87 32
55 143
17 121
9 7
19 6
67 80
124 61
77 140
142 83
87 2
147 12
146 29
81 61
82 119
117 44
27 40
120 41
125 137
7 148
116 74
100 41
48 103
8 100
54 2
45 7
0 101
19 69
32 68
131 62
74 107
148 148
101 75
6 101
103 53
128 119
121 45
52 55
13 33
31 62
55 125
83 5
27 26
146 96
86 58
146 26
131 66
42 143
111 36
92 147
57 59
49 77
87 76
106 62
122 106
61 74
98 15
6 54
129 138
94 72
62 89
6 33
56 12
83 145
143 81
48 29
116 79
114 40
117 63
9 140
89 56
3 112
88 142
53 96
8 104
15 4
126 128
0 72
142 42
87 36
55 118
33 68
47 60
76 57
148 118
30 135
64 9
51 57
145 84
93 43
12 93
106 114
101 91
115 136
127 81
93 78
2 79
74 47
11 94
3 27
148 10
49 93
140 112
94 2
71 133
126 25
144 36
66 46
50 37
132 32
71 39
149 119
47 2
136 92
12 64
58 141
113 93
70 47
95 59
55 39
139 116
15 18
40 51
45 143
47 51
130 90
71 148
5 149
114 106
123 100
64 29
13 110
76 85
70 146
119 140
36 78
44 123
124 30
34 122
16 136
24 34
89 95
49 134
115 49
17 76
67 83
109 54
63 142
79 15
122 68
66 93
81 91
66 65
92 11
122 38
9 15
131 38
28 25
51 110
103 64
121 95
28 1
88 3
149 20
130 124
68 113
43 53
37 95
112 66
59 140
103 9
76 68
146 43
13 112
29 28
61 55
99 2
93 78
130 47
27 67
111 37
71 142
81 34
86 53
38 31
38 116
19 2
126 123
17 141
88 74
72 32
80 9
60 80
31 41
112 36
85 23
118 28
65 14
113 143
139 59
135 48
149 78
137 122
79 76
145 136
118 17
109 29
146 108
87 16
103 67
122 138
31 51
26 74
86 109
32 22
148 126
2 87
104 84
67 51
34 113
73 118
2 45
29 79
80 49
80 108
96 109
139 103
144 78
17 108
53 50
131 56
7 97
125 120
52 122
50 32
60 130
83 48
13 107
142 85
116 138
136 107
56 44
79 46
12 136
122 17
49 124
71 99
58 95
41 149
3 107
66 57
9 91
93 5
85 131
64 141
50 141
143 139
76 93
9 21
44 51
6 5
135 133
127 108
68 140
25 50
51 135
9 149
44 95
117 65
59 78
38 14
6 40
78 146
84 22
22 134
144 33
70 35
65 32
89 63
107 30
29 109
110 66
109 90
79 121
81 111
45 32
8 17
18 56
123 15
126 120
92 16
67 37
77 0
105 29
60 123
108 7
110 50
99 146
60 90
144 0
93 4
144 142
32 106
128 101
124 10
135 140
147 29
32 99
95 124
2 112
30 9
25 1
117 21
33 106
24 72
27 141
61 10
6 40
131 23
133 68
67 81
5 79
44 76
1 112
10 25
26 21
58 86
129 2
29 76
58 138
118 113
14 133
24 14
2 103
122 101
78 32
90 144
32 45
38 89
128 4
51 3
88 9
58 47
142 21
77 13
15 39
101 78
144 9
103 89
43 34
17 81
139 107
142 137
106 40
99 126
115 10
2 98
108 89
142 103
59 106
2 66
100 141
112 58
36 97
86 64
93 19
6 122
49 18
51 93
141 21
2 149
64 76
58 13
32 78
17 129
23 28
74 17
134 78
144 84
37 2
114 64
35 107
52 100
80 22
40 111
78 6
137 100
50 94
142 16
15 147
63 47
35 145
12 73
118 86
4 33
142 76
48 12
28 141
122 5
69 71
118 19
113 12
94 139
108 113
52 141
41 110
9 105
68 76
46 129
32 1
2 121
139 123
106 38
44 56
10 109
30 24
32 81
38 114
0 110
54 109
33 42
49 42
47 79
136 135
47 96
9 72
4 101
54 101
104 107
102 32
99 55
47 17
49 106
129 71
121 111
100 10
59 38
145 70
38 77
42 53
71 25
140 57
61 80
22 135
70 83
49 76
31 125
148 106
129 66
81 88
44 0
29 111
10 147
13 2
42 120
126 119
68 28
136 89
1 117
3 69
9 113
122 2
1 96
59 84
111 74
50 23
125 123
45 125
145 143
139 93
58 8
121 12
137 119
132 111
29 51
12 111
141 11
101 77
137 51
62 60
37 22
116 35
25 85
39 57
146 126
9 87
78 134
86 109
61 88
77 146
66 76
64 70
87 90
40 143
73 71
59 4
88 16
131 9
66 134
27 125
126 10
127 62
15 42
143 101
113 47
29 44
75 14
22 22
38 49
75 78
35 54
58 0
111 90
101 60
22 95
13 53
4 31
102 26
125 15
109 131
97 72
104 69
143 31
131 81
16 114
46 89
40 56
126 94
141 14
83 30
23 69
87 130
91 21
36 41
119 34
55 128
118 128
12 102
47 14
32 108
64 14
120 87
49 96
66 21
57 56
68 66
33 56
7 45
36 48
66 30
94 115
134 119
46 44
59 123
130 127
13 17
83 133
77 43
19 42
15 100
126 44
96 123
56 143
114 78
14 14
88 0
57 25
73 142
8 57
118 57
30 104
0 20
59 8
53 148
128 93
28 107
142 52
85 49
62 69
80 35
7 40
127 21
32 37
81 137
37 69
11 43
128 41
31 144
73 128
48 140
88 125
86 90
105 40
120 134
124 119
30 33
111 110
147 3
26 63
146 135
70 77
33 130
121 130
83 3
113 5
132 59
88 21
127 77
64 23
90 83
141 83
142 65
8 76
144 30
105 95
58 80
132 113
16 21
85 121
94 41
61 56
23 55
99 20
131 80
61 110
121 7
121 40
111 144
64 77
104 76
103 56
122 107
12 15
128 127
49 6
138 5
112 12
106 57
55 22
23 6
103 34
115 16
22 20
67 116
81 140
14 38
3 11
65 60
53 126
98 147
134 100
59 51
38 117
133 137
3 36
132 90
49 137
86 13
57 7
79 67
111 126
91 103
49 138
69 30
96 84
15 97
114 136
127 14
93 115
10 98
144 61
25 129
24 148
27 107
6 47
20 58
16 78
121 29
121 78
53 100
36 93
74 115
7 110
67 78
9 49
143 149
38 104
109 84
34 41
92 111
117 102
28 23
7 111
81 84
52 83
132 22
25 114
137 15
123 30
66 1
31 110
118 74
81 87
11 11
23 62
101 17
96 27
34 37
68 22
103 3
90 113
92 97
123 49
93 26
147 132
78 90
99 125
31 108
93 24
61 108
149 149
47 128
27 67
90 41
98 148
37 100
92 73
81 12
30 43
105 14
48 110
138 113
134 23
33 53
101 83
144 147
36 129
58 50
117 112
108 135
135 104
41 16
111 100
49 5
60 120
98 147
36 97
15 128
119 21
59 146
98 114
93 63
140 76
121 43
55 4
96 2
78 78
115 129
70 111
133 59
22 71
36 62
54 57
120 28
91 27
104 143
26 111
64 7
143 12
9 25
24 82
36 91
18 92
71 16
149 74
60 130
78 95
74 96
65 132
5 118
73 113
67 141
89 147
26 133
123 132
141 71
34 139
19 88
56 41
62 92
33 26
98 43
29 131
33 129
21 96
52 65
78 128
45 43
101 8
7 19
68 50
70 99
80 50
4 140
79 26
70 4
108 17
50 123
71 7
94 52
2 15
131 50
66 32
116 99
8 89
117 102
122 77
125 136
79 26
79 79
54 123
106 39
123 121
81 86
120 60
70 141
63 147
101 108
44 121
43 98
92 90
91 40
86 60
141 53
110 77
137 117
91 128
86 8
45 36
135 117
53 63
134 117
77 51
36 107
122 118
31 71
61 90
37 80
30 67
3 19
137 31
107 69
147 59
18 122
129 122
75 135
135 130
50 102
104 65
135 55
21 145
68 57
140 41
80 73
49 21
149 15
91 39
53 127
78 48
59 113
13 134
4 87
131 134
107 136
111 75
22 27
122 141
119 37
116 0
121 126
2 16
113 79
90 95
122 118
95 34
31 99
73 125
108 81
40 129
81 84
146 68
4 131
17 110
120 126
25 123
58 77
120 25
143 48
80 12
133 120
96 98
11 97
39 93
146 133
89 129
111 49
79 17
44 56
78 9
131 26
39 135
16 59
35 99
54 56
96 103
72 91
149 38
59 26
145 12
83 21
62 104
12 86
133 135
93 81
0 139
102 77
58 112
46 36
149 137
136 44
123 55
9 97
88 145
18 59
86 146
51 38
39 39
139 87
90 80
101 55
39 26
35 132
31 64
38 113
95 101
57 19
18 111
120 63
108 148
59 100
8 32
113 131
28 36
127 80
143 33
110 25
43 42
133 102
8 85
102 72
82 14
11 53
85 35
98 80
103 148
110 27
86 16
95 105
24 89
8 57
53 14
141 54
146 77
130 86
134 83
77 149
31 105
136 138
12 146
139 42
74 14
95 106
58 19
35 137
49 77
3 10
119 32
108 132
59 135
123 148
103 100
92 105
126 99
37 144
135 125
45 33
127 79
121 99
143 66
118 95
107 54
3 1
78 92
11 56
8 15
94 56
26 17
89 62
120 132
87 101
116 38
54 15
45 89
148 101
23 10
104 49
114 27
132 90
140 42
70 9
58 37
28 70
143 137
14 128
126 81
70 115
132 42
104 73
9 105
83 4
79 103
47 43
5 81
72 138
97 13
136 57
129 34
90 66
14 114
57 81
101 23
75 38
127 42
40 9
132 12
1 142
9 90
80 96
77 75
54 49
79 127
119 59
44 128
126 86
127 114
126 144
14 147
55 117
21 118
45 9
15 28
59 0
23 124
54 113
54 98
23 96
63 63
134 9
133 53
129 130
2 22
11 119
92 109
60 11
7 95
106 83
48 59
11 14
121 119
102 50
95 38
74 143
132 119
125 98
12 113
42 75
135 92
135 48
72 53
139 48
122 20
23 5
89 30
143 71
23 61
4 90
38 104
108 46
24 66
127 45
43 78
100 76
19 39
58 128
0 116
121 62
40 119
148 79
32 127
104 64
111 85
111 83
72 111
93 111
75 144
111 131
8 121
126 35
127 20
78 40
14 35
116 121
45 27
37 35
7 90
30 130
92 4
18 143
121 31
75 72
30 45
110 46
96 94
113 80
83 67
121 97
129 141
134 42
112 112
40 6
115 109
144 136
113 133
36 113
6 84
120 95
129 70
92 2
88 28
10 107
114 50
119 115
50 40
137 114
17 130
75 37
29 62
119 96
70 65
60 147
122 61
29 143
64 76
7 65
70 108
67 81
75 95
75 64
67 63
38 59
10 40
21 82
123 60
76 83
41 77
68 148
135 84
94 92
93 82
147 25
110 98
121 7
146 90
38 64
126 47
60 95
77 141
128 52
71 122
65 7
48 95
91 103
30 90
59 147
60 101
123 96
37 69
118 55
34 16
39 137
77 135
30 55
145 98
73 18
127 7
79 133
135 2
0 149
46 117
68 19
1 139
29 121
104 43
55 96
117 26
84 13
35 72
0 59
70 82
36 7
26 109
14 88
132 38
64 105
87 37
53 15
107 75
124 5
132 65
101 66
147 87
70 105
126 23
58 30
38 6
4 22
71 120
25 10
3 59
0 36
20 61
103 54
132 111
82 138
66 123
82 56
41 105
132 116
25 61
51 101
107 41
87 34
90 57
2 116
122 56
21 3
12 63
140 73
7 50
6 16
82 65
15 32
107 130
56 137
93 63
88 39
9 39
18 77
5 128
111 125
75 34
102 70
146 128
15 53
147 85
4 18
1 132
46 5
22 20
32 120
31 31
119 90
129 38
76 36
35 141
123 62
85 138
97 29
22 19
90 141
37 35
141 129
58 8
139 87
3 22
83 35
131 18
111 85
125 46
145 121
8 70
47 106
32 46
126 102
113 24
39 112
107 52
75 118
98 34
117 129
48 23
26 98
88 57
116 53
55 78
131 73
131 139
144 80
57 71
62 88
74 23
76 6
87 50
103 84
65 132
10 136
96 118
147 19
114 73
104 127
22 84
139 116
14 49
47 6
34 142
27 33
95 24
123 44
90 37
86 146
78 25
123 42
57 132
109 115
125 73
42 1
104 144
42 9
79 88
141 19
77 10
116 100
87 103
115 26
104 73
67 69
103 51
45 2
43 38
42 112
139 11
141 118
137 104
116 145
82 58
98 75
142 111
135 136
41 24
65 148
132 15
83 110
128 137
34 144
134 67
23 29
131 134
86 67
119 17
24 98
129 33
79 86
17 125
10 25
123 73
134 73
82 126
99 48
48 41
55 46
104 14
69 6
2 60
118 93
48 89
9 121
99 102
134 44
6 17
59 138
25 108
93 54
61 67
144 92
145 77
100 121
26 117
118 75
0 93
8 15
67 50
14 35
63 47
11 4
5 48
50 95
41 80
55 132
135 118
57 149
62 75
26 143
40 101
43 72
100 134
84 22
129 80
20 119
135 136
135 142
21 116
3 54
51 25
143 2
142 120
3 93
13 131
137 67
15 130
87 50
78 32
88 55
50 143
130 19
6 13
2 121
108 50
6 20
30 13
73 39
75 50
130 52
113 66
137 55
20 124
139 49
24 63
89 89
116 17
54 77
114 148
141 49
51 100
135 122
75 97
9 105
21 69
17 88
107 45
83 127
31 14
136 128
33 97
82 21
130 148
62 20
86 24
66 146
51 81
5 85
82 136
71 12
12 34
21 139
64 55
99 14
6 141
108 34
66 40
27 18
55 80
128 47
80 24
98 40
72 1
83 57
89 131
122 81
6 67
111 15
98 119
96 83
55 43
6 136
62 93
130 88
117 107
23 82
96 1
148 83
43 127
145 8
41 125
110 19
123 8
85 35
3 34
87 129
148 86
120 45
14 61
31 29
53 30
106 59
92 147
104 54
65 23
72 127
101 105
49 47
110 86
132 57
104 132
67 144
134 62
30 53
42 135
0 17
128 69
125 76
52 71
147 9
114 107
78 97
44 73
49 131
141 36
122 49
23 145
132 60
59 82
146 70
139 51
106 95
124 15
49 43
126 141
55 51
143 50
128 108
98 100
10 61
82 60
46 142
140 3
102 56
50 145
73 45
137 148
80 45
60 90
135 137
78 44
84 16
59 126
17 126
39 48
136 46
130 137
143 102
15 1
113 113
149 88
75 128
51 50
143 20
137 1
141 127
49 77
99 43
100 3
103 66
134 14
138 114
40 86
114 142
129 19
109 27
21 125
102 106
123 31
42 18
8 67
99 92
56 67
27 132
41 115
149 70
7 38
40 26
37 72
44 87
49 46
83 15
29 25
114 27
54 7
85 53
95 68
46 82
80 34
13 21
123 75
38 62
2 113
126 67
24 15
126 144
10 29
118 70
38 119
62 51
53 121
141 28
8 73
51 146
115 121
75 102
34 101
1 77
102 3
107 16
19 89
101 72
117 132
106 125
17 19
70 119
4 87
32 50
36 38
45 41
19 17
119 24
109 49
122 118
12 118
88 3
132 33
148 84
53 141
81 9
66 101
25 83
48 101
13 6
53 125
148 57
88 128
1 76
79 129
112 106
39 148
79 59
91 99
135 99
84 90
91 131
108 113
73 84
52 108
104 24
71 5
142 57
80 30
125 75
102 80
112 73
11 68
48 84
147 91
113 4
96 37
91 129
38 108
94 35
108 26
94 70
58 1
82 110
59 19
73 122
71 112
90 46
14 112
148 85
15 44
48 100
89 66
109 128
131 37
91 22
78 93
53 119
77 134
85 116
59 17
128 35
77 34
96 149
85 26
34 46
34 62
28 141
8 133
17 26
70 5
66 87
50 58
40 51
78 26
55 71
116 68
37 49
25 62
79 12
52 87
51 44
106 31
19 12
145 40
94 16
73 13
85 28
58 67
123 53
149 84
47 14
14 72
66 88
46 70
47 101
137 81
138 132
47 86
56 102
71 95
145 98
41 116
90 88
72 143
62 115
22 54
126 70
96 98
70 32
140 148
7 102
111 33
122 9
14 33
148 84
113 117
83 25
23 85
122 65
123 22
131 1
141 135
91 55
89 123
122 60
67 76
145 21
79 146
10 25
87 90
109 80
147 48
28 81
128 64
111 67
149 74
13 9
4 98
148 76
54 99
84 43
129 85
28 133
146 15
137 93
90 146
41 25
58 3
8 75
95 122
18 136
31 148
12 113
93 19
62 116
75 32
31 134
80 30
69 12
13 42
149 79
53 81
120 15
126 116
9 23
47 68
129 6
131 2
117 135
91 104
91 100
0 13
62 136
15 46
78 77
129 18
120 64
51 40
144 119
34 135
148 76
55 26
111 91
5 2
108 149
5 71
101 92
144 31
60 57
8 119
99 106
52 108
78 106
49 1
121 87
127 64
98 78
6 71
126 131
88 69
127 70
127 64
25 62
53 101
25 111
85 117
112 108
5 7
18 98
38 2
98 85
129 126
103 120
97 110
84 82
72 141
18 74
77 97
125 107
104 10
121 132
121 124
18 8
25 75
37 39
148 137
140 93
61 28
86 85
11 36
117 24
20 147
27 25
145 107
68 30
68 89
112 144
86 37
95 75
20 12
59 72
130 142
2 17
69 98
70 118
73 31
85 27
89 79
65 112
48 137
20 16
26 20
120 30
117 81
137 56
62 75
80 144
35 23
75 103
117 123
25 141
47 71
12 96
53 89
12 63
23 117
48 103
6 92
110 103
89 7
76 110
40 37
63 134
19 118
60 41
96 36
71 146
107 112
82 76
125 9
45 93
51 31
105 149
77 95
94 12
87 109
9 90
126 111
32 10
86 37
25 15
118 18
56 100
142 132
104 134
53 130
29 1
9 5
23 56
57 91
38 38
104 83
17 86
108 35
51 102
18 100
35 85
85 32
106 33
90 16
80 51
132 91
47 57
68 117
14 37
54 98
111 67
136 0
21 107
18 21
34 49
144 139
39 112
5 52
129 7
132 142
97 35
83 17
16 77
51 106
40 58
36 142
47 97
13 106
139 145
90 35
33 56
13 137
147 58
129 51
38 21
88 137
2 17
44 72
57 84
71 51
5 62
59 48
74 49
32 115
103 81
37 68
141 51
52 114
33 8
115 100
5 95
104 22
83 118
50 26
112 66
48 27
109 21
31 91
22 116
41 40
94 137
74 41
114 101
109 67
67 113
130 67
103 22
52 124
17 58
119 68
65 70
81 128
121 102
111 21
32 67
82 31
135 44
44 99
112 94
80 87
144 94
90 128
126 94
123 83
10 53
113 147
20 40
81 101
105 49
74 14
105 105
106 18
83 58
71 137
145 37
54 80
55 84
22 99
149 100
45 17
22 113
56 76
89 64
142 78
73 58
147 119
60 102
72 50
139 71
11 50
16 100
35 100
97 89
112 26
32 24
74 128
73 3
16 27
83 31
97 78
28 94
76 46
53 112
72 51
83 137
22 107
79 113
142 5
49 109
31 46
33 119
15 137
137 30
81 127
24 51
47 140
10 143
116 134
59 52
12 82
19 25
76 15
37 46
40 123
23 17
22 93
78 67
47 9
90 34
86 59
25 104
107 81
141 141
19 85
89 34
81 89
121 134
18 15
78 109
53 0
17 7
113 29
96 137
136 142
148 17
147 109
129 25
53 43
19 110
125 56
61 29
62 3
125 61
81 80
120 13
140 93
61 57
80 65
118 121
75 73
129 12
65 89
86 106
138 97
136 32
133 39
84 35
36 66
3 71
29 137
9 143
142 94
45 98
43 146
11 75
141 106
4 119
54 7
34 99
99 98
60 19
72 133
24 121
29 28
40 24
75 127
67 142
146 116
37 125
69 106
33 22
18 139
97 95
83 101
74 5
18 96
2 47
79 93
9 5
97 66
85 68
36 54
139 19
73 145
76 14
72 26
86 143
141 122
120 68
131 122
82 136
114 60
68 133
136 43
15 128
89 88
64 90
117 148
6 79
23 28
145 3
33 117
26 41
20 65
5 18
98 30
148 142
41 43
24 6
52 64
83 134
52 147
123 65
16 14
105 44
102 41
68 24
100 63
44 70
46 132
49 148
92 7
135 15
6 115
5 33
101 91
20 138
1 69
78 34
116 148
90 60
73 55
48 44
20 80
130 139
93 9
106 149
75 48
41 47
5 85
107 127
88 139
93 48
38 18
60 137
115 125
90 14
76 47
11 5
130 88
19 33
146 22
33 86
97 19
65 90
61 89
121 102
49 144
64 127
14 5
140 102
54 58
74 93
95 114
49 14
5 57
119 36
26 5
41 147
6 17
8 134
41 144
46 133
41 37
21 145
95 144
106 5
11 52
147 135
36 88
55 34
146 58
93 27
71 79
66 128
82 120
142 52
19 34
16 86
71 61
82 125
38 31
101 33
146 13
132 36
101 57
42 112
104 27
88 4
133 74
122 38
12 0
135 137
92 106
86 87
64 113
23 135
18 29
104 82
82 96
21 25
96 57
91 131
120 133
84 80
55 120
126 13
134 36
17 24
147 15
94 83
139 54
120 62
93 64
98 87
131 39
53 58
78 64
41 99
101 131
126 37
33 94
53 140
94 60
13 6
53 43
102 48
73 135
124 115
74 25
52 12
112 27
147 87
98 142
139 7
130 4
27 70
91 12
67 6
40 97
27 0
90 120
77 57
22 52
30 99
3 0
101 99
9 23
9 4
97 130
2 135
93 37
8 27
104 31
33 46
16 77
92 113
99 4
104 113
101 6
72 50
52 49
18 63
55 120
43 144
30 59
66 142
79 138
82 50
140 7
35 65
130 87
60 55
134 44
94 86
142 97
0 128
122 123
55 5
74 142
71 78
77 111
101 49
29 15
17 82
93 42
25 15
60 117
22 75
50 15
148 96
135 94
92 76
69 51
35 34
63 115
15 126
91 137
18 2
48 68
138 115
117 79
94 88
51 141
66 23
24 11
34 13
98 74
27 54
128 83
110 141
101 127
52 112
43 63
144 2
35 145
88 1
120 91
48 70
131 54
85 1
69 77
99 55
141 37
82 73
124 40
28 110
142 46
128 23
38 77
55 12
136 56
61 101
110 142
92 69
132 69
3 90
59 142
119 12
27 126
58 26
96 38
147 75
77 90
100 13
109 11
34 144
20 47
129 13
38 1
126 26
18 127
146 24
25 95
101 68
62 35
62 5
89 45
27 131
46 143
24 51
5 141
33 108
64 5
27 102
28 65
107 6
67 98
98 65
3 4
59 117
131 3
32 138
27 62
56 70
133 117
145 132
136 95
140 44
82 72
63 5
101 26
9 9
133 96
66 20
56 54
92 14
76 16
123 143
54 90
81 51
107 60
107 137
63 84
67 69
87 56
132 51
29 109
115 141
90 39
129 1
86 85
63 2
5 26
93 69
113 13
31 57
105 65
69 75
37 127
13 56
73 111
71 20
146 34
5 11
103 19
100 97
2 118
86 88
45 100
63 2
52 83
73 122
45 76
91 136
105 117
87 71
22 34
18 105
135 138
15 23
45 36
83 146
127 60
27 1
24 88
19 128
83 124
1 108
13 135
20 55
88 44
0 108
103 108
85 13
99 117
0 92
21 85
144 11
68 31
112 63
107 118
70 111
130 50
37 56
15 1
120 35
112 17
117 54
40 129
108 54
143 55
89 120
134 115
110 61
87 57
88 80
120 54
46 37
78 113
146 83
147 15
26 70
13 33
51 94
47 45
117 76
7 100
144 70
144 55
15 11
30 37
3 3
92 73
1 38
141 32
147 11
42 71
15 75
147 65
9 49
29 97
124 84
125 118
122 143
95 65
32 123
48 65
63 108
149 1
62 75
114 67
2 80
109 102
95 144
121 14
13 0
72 61
21 42
4 85
93 114
30 85
13 34
65 137
43 72
104 84
134 90
16 56
19 5
43 69
6 59
124 85
101 43
30 135
82 131
0 125
110 13
37 5
38 58
18 38
125 68
27 15
148 93
88 16
144 108
141 12
51 132
38 66
6 17
3 57
70 67
131 45
125 138
75 45
15 96
98 90
29 34
129 43
120 12
116 115
91 131
72 43
54 56
12 101
143 82
57 31
102 76
35 8
72 61
69 11
67 52
94 29
44 12
39 29
147 15
124 132
134 23
120 126
130 80
97 14
3 88
29 22
32 62
119 121
72 46
110 49
86 47
116 145
12 110
126 122
25 38
54 56
20 136
131 13
61 40
76 56
31 31
40 74
51 109
94 9
52 88
119 74
143 70
102 143
73 85
71 37
72 103
137 33
112 83
29 96
99 116
126 62
88 114
97 81
0 17
108 112
43 88
104 32
41 98
127 86
69 26
139 81
64 6
73 103
42 104
130 117
17 91
131 92
16 99
107 66
44 121
87 43
119 149
55 67
144 42
112 34
38 58
55 123
62 4
79 3
21 77
10 125
17 61
130 59
100 19
73 52
14 145
143 8
9 127
90 77
59 104
100 28
18 129
145 55
82 33
94 123
47 89
29 114
104 112
72 96
144 138
21 122
11 77
35 7
18 46
2 39
9 66
22 75
4 18
147 49
31 60
75 87
75 84
5 65
39 116
58 9
55 12
29 5
48 91
32 79
3 148
32 123
16 101
145 27
36 126
61 133
11 37
128 83
19 117
92 34
72 90
22 24
60 52
120 126
22 40
1 81
8 80
148 78
52 52
23 15
32 127
94 65
56 131
73 8
83 127
142 48
28 34
11 102
16 1
50 103
50 99
58 128
9 26
117 128
18 67
96 95
58 38
135 113
44 99
69 70
84 20
13 0
94 126
39 116
3 61
66 14
75 104
100 91
6 59
7 50
108 67
139 62
19 7
117 3
147 42
10 36
104 128
20 20
106 42
36 12
30 125
67 100
52 54
40 110
100 32
53 120
53 67
22 32
30 101
103 24
97 98
74 147
112 92
97 109
104 86
32 53
28 46
3 12
98 39
45 80
13 129
17 28
87 138
114 6
139 132
99 11
82 55
50 96
63 43
94 95
40 5
83 37
71 35
58 98
91 120
72 134
49 41
127 24
22 93
45 9
148 56
119 96
47 23
81 43
17 144
122 129
17 122
25 49
16 118
22 98
12 71
59 120
77 13
18 134
126 132
119 113
133 20
31 114
18 13
38 93
118 42
50 126
21 139
130 80
38 124
86 27
128 87
146 69
85 35
4 26
85 69
31 77
75 131
126 46
104 49
35 106
149 67
88 38
64 51
67 3
32 59
134 141
126 99
1 26
112 137
107 27
135 90
50 75
19 31
29 36
76 148
16 106
94 108
105 102
40 7
67 101
111 96
145 132
92 120
91 121
86 81
116 102
28 133
91 56
55 46
139 134
29 136
97 113
2 78
141 72
53 140
64 142
2 149
95 83
132 58
139 0
31 60
95 108
40 14
136 53
46 7
96 30
129 62
99 109
58 72
130 141
36 107
89 89
47 116
126 38
132 121
113 50
20 103
142 81
43 39
87 87
78 56
97 64
140 51
77 90
84 110
145 86
117 19
51 97
111 40
131 48
26 42
3 37
16 26
48 18
10 4
44 127
0 111
60 9
0 31
56 54
99 16
128 97
45 136
79 60
142 111
52 98
64 17
130 149
141 41
67 26
106 83
52 108
112 14
91 32
35 86
64 70
18 115
38 38
74 86
96 90
123 131
149 7
37 97
48 35
105 126
51 74
34 31
89 13
44 37
91 85
43 50
147 69
132 58
121 58
104 53
145 43
44 15
2 28
34 115
24 50
95 50
66 120
57 25
88 57
89 92
91 17
30 59
89 6
30 131
100 108
92 53
129 148
112 82
81 51
24 112
56 123
45 53
93 102
84 71
19 108
104 97
21 63
9 108
120 33
88 24
88 129
101 7
101 12
120 53
62 138
39 51
98 34
149 19
52 10
121 14
76 143
70 112
4 25
27 82
69 111
144 24
132 30
1 1
68 137
2 84
107 10
19 35
123 105
134 145
91 112
140 104
114 66
114 6
3 101
95 37
79 139
104 93
146 127
147 99
64 109
26 42
44 132
66 29
133 73
75 111
11 121
34 58
72 18
143 136
21 67
48 62
149 51
119 94
31 30
24 38
14 32
108 126
79 113
125 83
53 39
126 33
116 9
4 136
124 141
37 32
139 66
110 59
64 53
29 27
113 77
138 21
136 17
54 78
30 70
123 84
90 94
121 102
73 133
102 121
33 19
63 132
127 38
36 0
133 147
103 56
88 136
98 135
108 59
86 133
111 15
118 148
16 83
65 40
140 135
137 34
84 48
130 55
67 52
11 137
104 43
74 13
73 38
20 70
37 129
44 69
83 54
111 100
0 3
42 135
143 64
63 12
86 70
126 77
81 74
1 42
135 35
21 23
120 106
149 108
4 47
34 27
135 128
9 87
0 130
139 34
32 21
75 144
122 101
101 89
63 87
120 120
48 5
17 77
5 92
128 138
27 46
139 2
123 128
70 12
136 50
41 76
112 26
34 119
130 1
18 148
56 120
109 108
90 86
106 49
75 38
93 128
140 142
54 94
20 120
123 60
5 65
15 126
99 96
30 147
142 138
52 69
66 92
102 12
23 74
50 27
43 28
110 3
24 102
26 93
118 137
98 45
74 81
61 67
86 5
95 111
6 141
108 85
88 122
70 141
88 46
1 85
22 40
29 70
107 85
118 45
89 37
128 93
11 148
63 87
39 24
17 82
26 108
61 69
130 81
69 19
93 71
69 22
97 24
139 15
24 110
71 25
142 13
96 44
69 44
117 116
49 50
147 26
46 113
112 77
60 38
32 58
120 7
131 146
97 35
58 40
95 50
115 4
84 147
113 120
83 100
72 12
12 53
25 14
83 67
3 35
50 64
139 16
16 47
75 19
90 66
91 134
137 57
139 41
110 80
74 42
63 79
98 59
70 23
140 58
66 57
24 124
6 34
28 139
54 3
148 9
92 50
104 23
24 12
51 0
103 7
109 30
111 73
147 113
130 131
19 59
71 23
46 115
55 29
38 2
12 68
63 28
7 61
118 64
141 41
126 123
114 76
144 25
69 32
144 92
2 9
37 39
16 69
30 137
135 7
36 80
72 1
97 109
112 22
114 134
9 13
119 140
8 107
140 105
115 143
12 22
124 128
139 57
23 87
107 115
57 81
146 22
10 43
27 80
117 5
69 97
82 78
61 50
58 91
96 121
141 123
31 23
67 67
6 59
127 114
39 7
73 85
48 78
13 19
117 93
99 24
124 0
63 32
0 36
45 146
137 146
71 58
114 106
144 89
51 71
2 32
66 28
93 85
80 13
129 66
12 49
79 54
88 131
136 134
131 107
36 137
96 75
145 121
51 78
120 63
103 6
22 116
80 61
141 21
73 41
60 3
56 13
57 60
99 112
20 126
65 54
57 58
100 96
25 103
144 45
132 45
48 22
45 96
111 5
0 81
120 112
144 37
24 60
98 41
76 23
13 94
19 8
84 60
90 104
98 137
136 129
63 149
90 131
95 5
89 19
47 90
57 46
89 108
52 113
36 88
116 68
95 123
59 41
25 6
57 139
23 98
73 3
91 125
29 37
116 57
110 128
23 51
33 22
48 148
50 113
80 130
72 26
119 28
136 40
36 122
5 51
10 3
56 134
35 34
98 92
44 106
78 59
91 113
101 6
75 73
96 144
111 104
62 24
50 4
80 68
105 112
110 68
39 33
92 127
91 125
103 7
113 117
40 32
129 49
42 73
93 66
17 10
106 74
108 44
20 72
14 117
93 6
39 32
6 75
116 132
130 147
67 41
54 142
75 14
56 95
64 133
100 32
30 141
64 100
9 45
3 25
48 83
88 7
96 143
51 79
116 77
45 55
25 109
82 72
28 69
29 4
50 87
115 118
30 60
51 82
145 55
133 76
24 77
21 51
144 79
138 148
58 143
59 93
146 53
73 66
38 89
94 121
117 57
0 38
14 60
130 96
98 88
102 144
58 9
59 5
120 34
23 133
21 55
91 132
78 73
9 6
53 13
91 109
65 36
56 10
74 14
127 97
62 85
40 111
145 74
105 74
81 44
46 76
0 70
25 87
116 15
113 24
38 134
47 92
26 78
48 134
94 65
109 116
143 31
10 131
92 19
137 62
55 33
31 134
3 96
91 74
24 33
147 55
95 77
94 118
108 65
117 40
146 68
87 2
94 136
37 83
81 51
130 81
28 80
92 45
42 22
18 140
103 8
121 102
83 94
73 87
85 104
36 107
113 102
52 107
112 73
107 16
91 119
97 116
96 6
149 137
36 83
126 31
76 105
75 68
122 135
102 18
49 35
67 68
37 25
119 102
104 148
134 28
0 66
50 23
70 32
73 28
22 4
123 144
113 83
128 138
43 99
67 114
66 16
34 82
41 12
23 55
73 60
44 73
46 51
103 106
73 107
16 19
99 132
40 87
79 109
13 4
50 145
94 88
19 17
110 41
47 34
100 97
105 14
104 118
19 133
16 147
99 149
107 61
19 124
50 30
141 133
105 133
138 110
134 71
128 1
8 16
51 92
119 20
64 145
115 57
98 73
69 34
7 58
84 109
47 69
106 33
73 79
13 27
127 119
68 97
0 29
9 129
35 131
40 68
62 116
138 123
37 110
65 149
78 81
16 134
26 4
41 84
10 50
31 39
56 58
84 35
21 59
100 90
135 133
106 8
54 80
37 117
117 15
101 47
70 53
98 57
11 121
49 93
102 26
21 54
59 91
149 145
97 78
14 91
5 114
146 125
78 7
100 23
55 57
9 54
124 93
22 66
143 26
129 41
60 41
26 61
0 143
80 101
145 9
136 130
34 40
113 21
89 97
14 63
135 53
91 49
21 54
142 92
28 108
128 147
129 138
105 39
74 88
1 2
126 114
42 82
58 44
22 126
79 141
146 103
117 26
88 63
106 10
78 66
132 103
127 12
99 79
132 25
68 72
136 28
61 29
28 53
120 137
45 142
49 32
49 43
130 83
89 59
12 15
99 114
5 56
138 102
66 92
108 113
60 138
102 67
123 7
102 120
67 101
71 90
64 82
49 82
95 121
34 66
43 8
66 3
128 143
21 60
5 59
113 87
32 74
25 138
107 21
21 139
83 47
116 30
99 126
19 109
101 15
89 83
24 25
67 61
71 133
63 113
84 85
62 62
16 21
14 15
69 120
40 98
55 136
41 147
144 12
16 12
0 119
34 6
72 71
100 113
145 88
108 55
106 40
135 133
71 101
111 134
48 118
140 17
110 16
121 17
23 56
131 95
63 90
21 133
29 8
2 63
39 32
42 30
30 35
30 132
65 85
67 96
68 90
27 132
37 117
88 111
89 73
91 76
91 32
92 94
61 35
36 17
118 112
47 11
23 144
116 1
82 141
111 81
71 12
68 9
45 98
10 145
25 37
75 135
109 146
102 8
144 85
79 65
25 117
99 147
50 86
137 8
14 100
72 92
59 112
13 145
148 145
11 115
124 48
53 127
50 77
21 35
7 89
25 142
102 78
82 43
129 83
38 4
65 55
142 143
54 85
109 2
115 70
2 4
116 60
14 97
33 118
144 32
89 28
2 114
19 54
148 140
6 118
138 118
69 76
46 143
112 131
140 149
96 110
74 138
140 49
108 95
142 32
56 24
81 101
44 75
4 110
93 99
96 19
119 82
87 148
18 105
134 47
46 67
32 12
51 71
139 91
115 127
102 28
48 28
109 134
56 90
47 145
54 12
5 139
77 23
92 90
126 3
33 44
45 134
80 143
131 131
130 147
23 2
112 24
41 6
38 8
69 97
3 88
148 96
109 83
19 109
96 114
63 23
68 15
107 97
0 37
103 122
126 51
83 25
106 115
135 12
71 120
110 60
132 63
125 19
32 78
114 91
2 50
111 99
45 113
87 47
98 29
101 141
1 76
102 54
124 78
114 99
128 26
144 66
85 95
143 106
0 37
92 57
94 73
0 142
72 28
86 62
33 109
146 123
39 69
95 9
105 67
34 149
137 3
77 93
90 30
76 119
57 115
103 41
93 130
148 38
29 33
33 17
10 97
64 65
73 111
17 137
121 141
94 117
16 56
85 6
17 59
42 99
144 139
72 114
82 27
1 61
122 60
39 32
99 49
22 7
140 15
131 123
96 33
13 138
33 112
54 39
91 35
114 76
15 137
10 19
19 104
39 73
62 36
20 24
104 68
24 76
27 123
4 136
106 86
27 115
92 119
82 82
106 63
57 39
132 50
108 33
125 107
94 117
25 50
101 48
17 93
64 5
28 80
62 119
17 1
134 86
113 20
13 84
84 114
116 74
51 86
90 31
2 6
37 145
72 117
105 112
100 9
109 108
123 142
9 80
52 61
79 13
25 134
125 98
32 133
98 133
55 74
103 46
13 139
34 89
13 138
75 143
37 11
96 27
145 14
57 50
86 47
99 65
56 62
48 123
72 119
135 14
84 91
33 126
21 125
97 134
143 121
134 65
13 64
98 106
25 80
101 44
95 83
3 148
40 27
53 143
83 25
24 103
9 137
7 41
129 93
120 66
10 134
80 127
85 121
81 123
103 121
42 109
88 95
114 38
70 127
13 130
120 123
88 115
122 110
58 137
94 8
76 149
11 77
81 35
55 80
82 101
147 109
76 67
8 71
106 135
126 126
25 59
0 148
117 67
145 8
95 30
7 75
104 81
123 45
98 97
39 94
87 46
34 73
45 71
56 132
11 94
113 105
126 37
23 104
55 70
36 122
47 12
16 42
77 121
75 46
42 92
98 119
125 29
12 126
97 51
93 106
134 118
0 122
35 55
71 6
31 15
124 68
28 94
62 60
147 19
55 77
142 141
127 95
87 49
41 144
87 129
99 107
142 109
12 40
141 33
141 91
76 25
37 125
46 88
8 124
119 139
101 80
133 20
71 58
37 36
126 40
77 44
6 0
25 26
96 14
23 100
107 50
106 22
23 77
16 138
39 39
126 10
92 54
6 113
26 69
132 131
6 14
92 19
134 81
107 83
54 114
80 65
94 47
80 17
42 136
22 12
90 114
98 118
103 29
12 19
85 95
110 113
64 115
42 95
33 39
101 106
71 9
54 82
120 85
79 104
17 16
30 124
5 55
50 146
117 100
134 122
5 105
132 4
46 2
41 58
68 57
18 119
13 135
74 125
113 69
63 51
74 133
87 13
46 24
92 43
126 8
98 100
82 14
4 131
32 55
49 25
85 118
19 43
93 102
65 137
43 118
105 94
66 113
148 17
145 62
148 38
135 102
38 78
129 118
102 56
63 30
94 103
129 143
41 42
72 92
137 68
58 102
113 147
85 39
82 122
64 40
13 26
100 6
116 2
44 87
68 137
0 133
28 109
116 142
111 121
35 33
64 65
46 76
27 111
71 123
8 2
105 109
136 42
23 60
81 75
119 75
85 56
77 70
74 32
107 84
34 20
73 66
15 115
145 104
108 69
19 102
118 132
37 129
77 5
54 64
53 113
62 129
60 16
106 114
115 103
120 74
113 49
48 24
93 147
49 17
94 61
48 145
69 29
119 125
47 40
89 109
50 37
59 21
127 108
86 25
0 30
101 106
132 77
38 119
10 112
67 79
23 144
9 13
145 106
123 39
81 76
36 37
7 12
24 140
145 61
62 35
6 73
0 149
116 39
139 42
73 88
97 135
82 87
107 112
78 57
16 73
40 109
30 74
59 73
132 28
141 37
106 145
67 95
95 132
99 118
134 49
135 55
143 30
118 63
92 36
88 133
30 104
75 18
53 141
34 13
64 106
138 7
54 94
94 48
73 13
113 46
113 88
97 132
115 79
93 38
147 16
26 2
135 112
114 47
118 128
141 17
115 101
115 46
146 114
75 20
70 53
107 129
146 24
130 66
13 94
9 114
62 27
47 99
104 0
93 126
83 2
111 129
39 122
96 34
30 102
73 127
39 100
146 89
143 29
29 24
28 127
137 112
3 43
76 135
88 25
76 135
38 32
51 95
65 137
93 32
54 57
4 148
3 15
132 114
20 134
34 117
15 135
135 91
68 35
33 4
111 6
19 42
15 10
0 99
136 106
43 33
105 16
69 43
31 132
30 83
52 70
22 109
83 104
36 40
69 88
8 54
72 60
46 33
4 138
24 79
29 81
57 58
68 25
21 124
40 63
54 54
3 8
21 30
74 120
80 58
39 100
135 2
30 140
128 107
72 76
16 16
16 42
79 68
59 132
94 32
80 83
145 142
85 95
5 92
48 36
143 124
12 122
66 104
15 5
135 53
4 92
129 147
138 67
26 24
145 51
101 37
137 104
110 30
1 39
43 102
149 113
72 136
95 32
90 62
139 33
34 18
122 17
43 145
135 132
74 114
68 0
138 129
56 86
90 120
17 128
149 145
46 26
87 145
103 108
13 45
85 129
124 85
103 114
70 95
20 3
14 102
45 56
44 17
23 111
114 0
96 19
40 80
139 19
10 102
137 111
61 99
17 30
83 116
78 90
104 6
50 101
36 34
13 35
39 48
108 143
119 118
50 45
133 34
25 61
115 78
113 133
121 10
19 80
62 70
98 27
144 112
9 136
81 3
23 148
96 96
102 103
26 147
14 7
11 65
128 29
21 104
125 19
17 40
6 138
81 137
5 85
8 109
47 96
135 69
108 111
114 20
2 51
21 136
15 108
78 138
115 40
3 40
111 44
56 111
116 111
8 116
68 67
91 82
126 17
16 91
46 18
95 35
50 137
96 105
125 82
105 122
9 49
16 97
34 71
57 53
35 56
144 122
70 30
88 147
54 38
34 68
102 85
17 52
97 39
76 98
24 107
27 89
99 32
36 147
78 64
108 117
80 17
1 8
8 89
34 26
112 144
74 126
143 99
10 49
8 120
50 121
11 35
87 32
141 47
144 11
29 128
71 24
30 99
6 128
75 98
46 96
82 142
88 93
122 74
113 51
127 22
0 7
79 148
59 96
13 22
116 75
30 29
3 105
11 129
53 141
13 63
99 29
11 141
112 56
96 111
148 35
110 129
0 16
44 42
119 114
129 71
5 73
105 143
50 90
25 81
99 121
130 107
7 59
128 76
75 65
12 105
54 51
37 144
36 104
121 13
14 133
37 35
13 46
73 130
123 140
14 116
142 68
2 114
77 148
124 73
108 32
78 144
1 53
56 35
113 148
142 100
120 7
106 50
120 65
58 116
62 117
13 64
121 27
77 11
74 0
122 86
101 64
53 36
113 72
34 38
65 55
97 97
133 55
83 65
146 44
127 50
148 27
59 128
88 138
107 121
38 10
4 122
37 20
50 32
73 50
58 128
62 107
36 53
40 58
118 86
48 112
144 120
18 99
92 47
14 78
58 34
62 69
37 7
127 149
49 56
2 17
110 12
66 76
95 61
90 129
33 120
141 140
16 80
5 29
41 104
61 116
7 66
84 132
114 108
137 75
93 131
132 144
107 51
15 99
94 55
113 7
134 118
9 129
35 112
4 53
62 76
5 24
115 21
89 149
54 53
102 119
41 130
52 120
34 102
52 55
48 86
0 78
16 45
149 95
100 36
126 2
133 46
141 58
58 132
26 31
130 64
88 17
81 81
28 2
37 33
13 30
94 2
93 102
148 132
46 111
149 13
107 65
115 18
36 88
65 3
43 67
113 129
140 124
35 34
135 76
149 19
6 3
74 102
143 100
107 91
140 121
18 84
119 41
98 47
3 15
117 50
131 122
137 131
63 118
74 97
75 16
135 110
106 80
57 62
64 122
31 60
101 98
130 13
107 6
149 117
11 14
106 53
71 60
24 121
128 74
90 138
143 41
1 8
54 6
120 131
51 149
39 53
35 29
63 122
49 66
143 40
27 147
21 46
56 56
93 109
135 22
52 88
61 49
110 87
2 35
71 48
21 21
93 26
5 86
71 73
106 87
123 128
134 141
95 125
105 113
24 140
87 27
49 92
131 73
35 87
125 65
57 51
118 112
37 147
52 54
63 11
10 32
67 34
104 137
26 136
51 141
31 137
138 95
75 131
132 57
28 25
82 104
116 77
40 105
124 131
102 122
59 66
145 70
109 10
9 113
19 141
6 94
87 76
5 74
89 65
55 27
88 120
23 4
67 37
120 3
18 145
100 124
13 61
111 144
53 28
94 60
67 51
90 89
3 124
82 77
140 97
54 7
54 78
108 8
2 67
108 77
42 118
141 31
78 39
98 78
66 71
124 123
109 86
90 13
38 68
7 118
134 107
84 87
24 88
51 48
132 81
115 130
149 107
124 59
98 95
29 50
19 38
50 93
136 77
139 61
6 124
81 131
14 18
63 12
64 56
147 121
142 59
88 89
124 33
99 39
79 6
129 130
87 40
2 148
100 137
37 132
53 70
95 106
89 29
53 86
58 92
120 110
19 105
9 19
138 117
23 78
41 143
133 16
126 121
28 94
55 65
36 140
16 72
3 39
108 143
127 79
35 43
26 130
26 6
61 128
146 62
97 99
118 28
103 21
126 93
101 89
142 149
49 102
69 132
73 117
103 92
140 95
61 36
105 31
8 22
5 113
110 36
108 76
48 28
25 44
97 135
0 116
83 95
122 92
106 111
83 7
61 15
7 64
4 79
69 138
52 105
91 64
13 37
57 89
121 53
40 94
63 101
129 9
61 7
58 99
120 141
44 141
31 146
117 87
123 3
108 96
131 12
79 123
132 58
107 141
144 42
98 108
144 131
56 125
82 73
52 55
124 57
144 86
88 9
91 36
55 95
111 49
44 129
118 75
25 42
113 49
74 84
120 83
11 52
141 120
93 54
54 143
113 110
20 58
107 7
112 100
104 145
48 69
130 17
43 44
131 144
140 147
6 105
67 137
125 8
100 38
0 79
127 86
0 8
78 76
99 105
9 18
89 58
20 3
128 80
114 0
149 12
7 75
39 83
1 17
42 51
21 111
54 2
142 70
65 86
136 64
133 87
57 62
7 50
124 33
14 63
58 81
142 81
1 53
99 91
62 79
106 48
73 46
32 107
9 98
28 16
136 147
132 137
71 127
48 17
95 89
39 49
81 79
143 105
100 72
114 143
87 103
80 84
18 41
94 78
13 74
98 90
44 52
39 9
146 100
93 34
148 142
26 87
17 88
54 99
16 31
21 7
75 117
81 61
72 20
45 3
105 90
69 117
89 57
10 60
59 72
142 128
26 125
82 16
47 95
77 38
103 125
148 24
86 54
83 53
138 86
21 132
113 82
149 142
63 126
3 112
29 107
107 136
146 120
103 84
58 81
118 64
124 0
5 61
11 89
6 47
130 77
20 82
2 38
93 80
48 67
68 141
75 112
32 36
56 55
94 58
101 148
54 115
100 107
23 9
41 43
128 124
96 51
46 109
54 49
65 33
32 135
146 32
18 24
56 80
134 107
98 65
99 72
146 11
55 129
8 22
53 149
2 75
7 147
70 37
111 94
0 76
7 128
103 64
60 27
133 40
63 116
38 62
98 26
127 43
28 120
21 106
67 132
110 15
40 114
33 27
43 117
37 106
8 147
5 48
122 138
86 116
14 28
124 113
22 107
124 21
40 70
80 128
26 58
31 8
148 85
8 37
92 138
5 16
137 76
121 138
109 54
91 19
53 135
117 11
116 4
10 15
64 42
27 39
41 67
22 29
20 135
147 87
133 61
116 112
66 102
13 37
113 103
88 17
38 75
89 78
13 54
124 67
55 52
61 42
12 51
75 27
110 39
15 139
37 78
115 108
116 55
39 58
14 133
37 61
31 101
58 102
47 66
132 5
149 91
47 102
137 29
115 1
143 57
29 32
17 83
93 88
113 83
96 9
44 23
23 32
36 52
133 66
117 60
19 89
77 88
46 2
119 74
18 138
109 98
4 19
61 114
69 132
82 63
28 57
133 93
64 87
106 122
87 59
14 99
81 109
118 81
127 94
50 112
103 8
73 115
34 80
46 46
53 72
15 11
100 131
141 70
5 82
141 88
112 6
134 115
99 16
12 130
19 11
23 0
98 52
26 31
144 98
5 80
138 6
36 81
86 140
108 111
9 127
111 115
16 110
51 148
11 84
144 103
96 70
102 46
88 27
21 48
55 69
141 134
111 38
43 101
67 34
61 39
66 108
97 126
105 5
48 19
62 33
34 65
4 97
5 48
118 50
105 78
149 126
4 48
63 95
88 5
33 121
129 41
121 12
24 115
84 113
64 144
109 11
130 99
30 14
107 76
20 106
107 106
109 37
131 106
111 63
50 98
117 62
27 145
104 81
7 46
127 90
129 146
31 86
18 15
118 35
122 39
141 146
0 38
144 144
22 76
3 17
32 119
23 15
95 137
98 59
90 60
38 52
64 21
73 145
96 7
103 149
105 134
106 120
91 137
3 149
16 105
84 99
110 124
82 139
134 92
140 69
86 79
71 94
9 108
73 135
142 44
38 65
93 19
24 30
8 17
0 67
59 15
95 135
103 52
92 34
62 63
89 14
81 17
149 22
17 54
95 113
142 143
38 2
114 50
55 4
13 110
116 144
120 80
10 104
148 110
85 106
63 41
37 117
124 134
103 39
13 38
26 89
62 23
78 96
107 51
13 113
69 5
44 60
27 130
36 38
86 119
6 96
56 107
98 104
135 98
107 35
53 29
131 63
68 77
135 126
44 15
118 34
60 28
62 18
106 139
30 82
18 134
30 111
39 105
79 64
50 14
144 91
140 100
55 52
38 116
13 65
78 130
126 60
9 33
48 83
55 90
77 79
47 19
137 50
38 104
83 127
32 109
95 131
76 18
35 28
83 7
132 63
54 5
102 28
100 88
95 130
118 120
12 127
23 85
141 57
90 14
45 53
11 83
52 32
121 149
32 32
31 66
125 14
48 124
41 87
63 84
36 52
64 32
5 128
55 116
143 23
100 22
102 50
148 37
103 61
72 94
3 52
46 0
12 146
104 113
32 119
15 25
87 28
1 37
53 54
65 127
59 114
83 42
4 51
61 15
124 39
18 34
109 84
46 34
7 43
110 44
58 31
7 122
38 76
138 143
131 64
49 43
37 81
2 81
111 98
114 70
131 102
67 6
149 50
141 57
0 94
54 0
31 113
97 23
76 132
70 76
99 102
3 28
84 95
29 7
94 6
91 123
64 2
95 134
135 48
100 68
27 145
7 67
12 61
32 90
52 59
38 107
80 125
147 42
68 131
61 143
116 94
85 38
138 17
2 23
142 144
23 96
84 78
35 68
43 39
79 35
118 95
117 82
67 1
65 76
38 10
87 103
133 92
83 75
77 144
65 143
107 111
88 55
18 76
65 109
142 130
41 95
34 64
90 78
57 36
23 4
5 60
122 51
89 118
137 123
76 34
25 50
60 84
138 81
130 100
40 94
129 89
135 88
1 9
60 76
148 43
16 60
88 12
134 130
132 107
49 32
107 73
147 42
38 135
85 138
73 86
113 145
103 54
26 106
19 128
21 78
133 44
89 88
95 57
8 128
19 141
30 28
141 43
139 69
104 144
33 23
58 70
8 148
76 27
2 82
86 63
44 87
16 104
70 121
55 22
92 33
121 109
104 52
138 118
125 25
50 142
96 108
57 22
41 143
50 47
119 18
54 35
19 96
91 92
3 32
96 103
30 100
115 74
144 68
67 96
99 132
143 21
66 123
146 149
128 35
99 117
34 4
124 61
27 65
116 138
141 36
73 132
54 93
68 62
26 30
124 32
22 34
148 143
61 147
27 148
132 16
125 60
102 96
50 118
121 65
61 3
130 60
122 51
121 47
31 120
1 98
141 145
56 47
89 0
109 108
84 73
62 64
127 33
62 90
144 24
78 23
65 39
109 99
70 5
107 144
57 20
42 114
139 88
42 44
149 73
7 7
140 72
114 56
137 56
100 34
48 5
106 122
33 72
116 110
116 18
103 31
101 0
96 36
72 84
76 79
123 97
135 89
79 25
12 139
54 33
147 78
30 15
134 53
77 41
28 87
137 145
132 11
83 41
1 113
69 74
57 55
96 87
40 122
32 82
11 139
43 138
1 74
29 35
61 138
39 140
62 19
137 44
106 5
24 92
131 67
5 39
13 102
105 39
25 122
4 133
50 148
14 21
80 118
142 95
30 14
122 52
137 32
136 10
146 115
135 99
30 23
135 47
134 56
28 52
58 99
59 79
123 45
119 49
130 4
2 54
47 84
85 38
87 128
77 119
109 71
35 65
52 144
67 136
47 23
42 33
75 110
16 122
76 143
4 64
44 4
31 74
6 116
9 37
109 44
94 128
129 83
45 149
104 96
29 149
40 128
17 104
41 148
23 99
53 9
99 41
140 63
11 105
2 129
30 60
43 139
39 135
124 33
38 25
74 78
18 66
92 42
89 102
19 48
79 136
61 148
81 3
4 132
62 47
42 123
23 138
108 103
112 73
79 146
70 45
122 58
59 143
124 39
121 45
16 17
104 25
117 140
57 142
43 64
135 149
4 128
144 12
83 120
6 115
78 65
43 141
14 128
75 119
145 87
10 130
105 127
136 113
132 125
106 111
83 64
37 119
81 68
7 135
135 145
58 84
138 0
27 136
4 79
93 53
104 100
47 116
137 92
133 126
130 56
78 127
89 52
95 143
30 14
149 13
68 59
72 99
29 117
42 67
111 122
58 82
103 114
81 75
3 72
0 22
94 12
73 116
131 99
39 57
62 71
90 110
140 55
68 99
139 145
50 87
72 13
4 32
2 38
23 71
1 91
70 113
92 10
101 60
88 122
85 129
58 60
128 144
6 131
116 133
122 117
107 113
111 110
13 71
129 100
102 23
119 60
140 141
26 117
113 104
123 9
27 47
105 127
104 17
142 8
15 67
57 25
34 120
142 75
1 146
19 22
118 112
4 34
137 86
132 136
99 95
54 25
147 28
34 26
48 72
90 132
61 39
126 140
146 50
47 48
18 52
93 35
2 87
5 16
123 24
90 23
104 67
2 72
106 78
10 14
108 29
83 67
14 112
60 111
125 112
41 139
10 61
145 6
46 80
48 130
119 122
15 20
122 103
66 126
15 54
24 100
48 76
36 143
39 26
85 1
54 135
90 42
94 121
25 40
108 14
3 60
103 90
111 15
121 51
128 115
37 73
83 93
96 53
7 35
41 121
54 126
42 63
29 31
100 147
86 69
106 136
37 34
34 115
75 88
44 120
108 72
89 142
116 21
86 18
82 76
96 80
11 23
108 57
1 72
51 144
0 142
18 84
33 8
24 7
94 148
117 26
94 31
20 8
56 142
90 48
121 118
124 91
48 120
129 2
51 147
122 128
140 119
62 47
14 59
20 53
3 113
118 10
91 78
1 55
111 134
20 132
68 62
97 121
144 37
54 38
112 61
76 88
114 78
90 1
106 38
44 3
12 39
125 99
37 142
129 34
112 88
43 91
143 139
142 15
95 117
99 23
47 66
76 44
140 86
118 6
12 75
82 66
135 132
95 79
93 6
54 77
121 108
137 99
122 78
3 47
46 126
142 31
39 27
14 78
80 3
149 66
112 37
93 97
148 95
25 125
131 10
8 57
102 47
72 133
46 37
132 0
3 97
12 64
15 96
39 20
16 2
3 11
136 116
133 118
88 48
86 44
115 76
0 87
124 136
50 36
121 134
109 127
68 124
90 131
125 9
25 67
38 103
100 112
100 45
69 80
75 115
111 104
27 71
129 4
27 98
19 80
120 30
79 63
68 28
138 133
86 115
27 131
46 29
75 129
111 38
10 73
144 92
8 101
9 74
35 18
27 83
20 73
145 106
74 92
127 30
13 50
26 93
128 90
119 139
70 66
97 146
39 123
147 101
34 143
127 13
52 81
127 5
112 96
83 28
54 92
76 41
46 67
24 116
79 145
74 73
64 30
136 69
19 15
69 66
137 91
3 57
62 85
63 147
133 17
124 1
48 57
62 46
132 81
120 39
17 33
125 14
93 67
85 99
126 53
149 113
59 72
29 37
72 140
59 35
14 122
10 17
44 51
51 11
77 146
101 113
4 53
25 113
33 79
75 34
124 99
106 107
44 122
112 18
115 10
110 22
119 118
143 134
44 46
83 133
49 79
85 107
51 147
91 133
37 19
147 139
90 89
52 144
63 38
80 30
135 56
141 17
4 61
128 62
143 98
68 106
99 63
52 18
84 37
31 52
32 51
91 21
9 47
82 51
82 58
2 32
59 93
136 90
125 46
79 113
137 67
34 134
84 82
91 90
105 65
8 30
117 81
6 46
90 47
113 112
28 92
70 77
61 42
107 39
106 56
125 32
63 133
131 2
142 22
117 37
15 9
25 85
7 114
142 137
107 122
82 10
87 119
100 25
143 101
32 90
55 64
38 14
55 95
137 105
86 15
92 66
94 118
136 17
139 60
39 141
113 44
145 95
12 93
2 73
57 139
121 123
100 70
64 115
102 4
118 131
122 10
42 106
61 100
70 22
90 56
12 80
35 44
5 133
91 69
88 14
75 29
91 48
6 65
87 148
32 126
92 139
82 48
115 18
134 69
97 17
0 49
9 35
124 98
112 115
63 89
64 38
50 130
46 98
75 97
148 11
32 119
34 67
61 6
35 83
52 39
72 121
69 56
38 119
84 104
139 130
122 20
73 15
140 75
60 76
106 28
48 96
22 19
59 58
24 12
31 90
122 85
23 21
49 102
138 33
114 112
5 125
114 80
106 136
7 99
17 124
64 70
65 16
0 31
147 36
66 60
1 103
70 7
148 71
32 144
114 57
47 28
57 114
30 79
130 69
121 78
104 40
104 76
105 59
65 51
3 89
63 18
21 135
5 89
126 74
129 144
5 45
28 37
13 75
103 147
38 67
14 49
57 125
72 30
61 70
3 120
128 103
135 73
38 12
85 80
124 56
73 92
120 119
17 11
89 141
149 117
7 0
32 0
102 87
76 7
85 139
58 89
92 0
109 81
37 129
148 85
104 144
78 143
1 6
128 129
97 13
50 47
45 140
116 104
90 36
93 50
130 13
73 102
91 122
17 71
87 27
37 127
109 27
3 69
110 6
36 22
24 120
23 141
69 64
103 57
86 102
142 74
131 5
50 107
3 59
96 64
41 70
127 138
72 80
88 99
27 66
122 81
129 39
106 20
31 28
134 88
30 62
140 105
66 29
14 129
3 120
83 116
7 117
136 30
42 1
6 15
43 22
119 48
71 54
147 90
135 139
137 20
145 79
78 53
71 50
54 113
66 37
117 38
34 84
8 83
4 42
27 107
8 74
60 116
41 65
94 109
40 140
17 38
22 101
24 147
149 125
18 2
129 91
60 69
26 36
136 53
115 17
92 98
35 6
12 46
26 50
59 36
87 93
101 7
115 15
87 19
59 62
21 118
107 60
92 33
46 35
29 63
95 45
126 76
70 15
105 31
53 119
60 68
83 14
148 79
88 40
52 15
77 149
109 87
55 108
53 99
70 29
74 37
2 2
127 63
75 56
92 46
132 98
144 59
145 55
44 51
145 106
13 49
27 3
72 24
39 15
64 10
0 13
125 51
64 62
140 71
93 21
16 26
17 16
98 61
85 39
144 149
59 53
88 138
80 20
59 14
55 111
30 11
106 102
89 83
139 126
90 142
82 3
56 17
71 112
63 78
60 115
145 6
69 15
32 10
52 42
68 140
3 148
37 142
28 55
74 122
3 120
16 38
39 32
146 90
41 21
136 49
27 101
56 11
73 140
109 126
2 97
130 104
17 131
129 20
68 34
46 125
116 54
12 73
122 23
70 8
37 105
100 67
38 130
53 123
27 33
13 140
79 32
12 61
60 95
56 69
77 136
5 104
23 56
104 28
100 40
6 83
143 139
74 104
140 83
39 133
65 118
3 141
104 127
144 113
45 45
19 116
26 24
134 52
83 39
17 45
99 77
59 108
120 99
125 67
55 99
96 33
104 140
104 108
36 80
128 48
62 20
35 37
85 124
94 73
34 88
27 42
54 75
104 36
78 104
136 71
113 80
58 40
90 137
86 61
105 94
97 20
90 141
104 124
58 79
55 65
30 131
19 133
104 65
148 136
115 54
40 57
117 128
3 38
15 71
120 131
96 124
10 112
34 111
21 96
100 10
130 69
47 116
43 3
27 17
123 39
55 85
143 114
53 57
30 15
129 106
21 3
140 113
76 97
82 131
122 138
86 46
136 81
32 117
145 59
105 114
121 92
138 112
125 111
139 135
39 52
75 102
139 10
33 140
76 140
83 104
103 89
41 87
31 8
63 53
105 111
63 134
57 83
98 42
136 72
121 117
147 128
55 59
68 21
133 125
113 112
12 141
100 146
114 73
138 102
4 55
56 69
17 135
52 126
5 113
41 111
77 44
18 75
140 134
28 74
73 136
8 21
133 42
14 110
144 95
20 145
121 146
112 142
62 51
118 7
21 147
129 113
82 85
114 104
104 68
65 110
98 144
44 93
108 137
47 146
14 88
16 146
33 48
87 109
80 44
32 76
114 149
100 124
28 95
116 75
111 55
76 3
119 116
120 77
22 116
89 48
138 6
4 114
141 94
72 63
148 62
68 111
94 5
1 22
24 34
38 47
109 148
116 44
66 62
96 118
36 10
50 112
137 1
125 18
39 72
91 133
41 113
80 110
136 14
94 79
56 99
112 136
81 90
57 43
10 63
126 81
17 73
90 47
18 45
98 39
41 75
129 146
9 74
43 11
7 20
91 134
46 91
48 91
25 115
126 87
65 15
52 44
45 136
24 131
59 126
17 149
107 120
50 117
139 39
91 138
20 149
120 106
25 22
94 147
143 46
109 14
60 51
41 13
36 112
57 6
53 87
143 103
64 111
40 46
7 54
6 90
13 14
84 56
3 8
139 60
118 70
138 1
63 27
23 112
116 67
44 5
124 70
104 16
34 82
0 86
146 0
66 20
63 112
48 84
53 57
126 34
25 128
74 15
110 137
74 79
15 0
112 62
65 99
66 115
89 58
36 32
11 92
54 36
60 24
45 9
13 129
111 18
47 47
113 143
119 145
135 24
118 8
52 47
1 55
149 35
82 135
11 0
122 104
29 119
147 33
32 38
68 5
119 148
32 54
101 11
121 148
64 68
8 95
135 74
31 95
20 43
51 36
59 99
3 67
13 16
50 39
4 91
51 123
103 95
104 77
104 94
61 28
147 10
43 63
110 140
63 3
103 29
132 114
34 4
5 31
31 15
61 41
98 147
93 12
138 120
32 17
135 53
62 88
75 3
92 130
108 123
109 66
53 80
149 124
108 28
110 1
106 22
16 82
137 38
122 71
117 33
83 11
67 27
61 9
40 8
133 52
59 21
64 68
52 134
22 92
6 44
19 75
47 127
76 1
27 12
144 126
77 102
36 8
40 74
5 3
149 142
103 24
17 119
69 77
52 129
121 117
115 50
96 24
36 123
44 99
88 96
46 32
123 145
82 44
120 111
8 1
51 14
50 9
138 35
55 133
108 49
25 82
9 60
52 25
5 112
121 97
102 28
140 49
128 107
79 94
57 40
26 141
9 40
14 42
6 97
0 100
69 41
9 65
55 59
146 111
68 52
20 11
12 120
137 72
94 118
81 69
88 104
36 111
149 63
18 138
58 48
83 88
68 69
3 106
138 16
112 22
104 130
44 126
17 16
124 5
45 95
40 133
40 46
45 94
64 31
128 9
75 67
138 81
115 10
36 0
74 107
113 52
139 119
43 147
14 70
113 90
28 149
133 101
83 69
21 131
65 111
145 16
124 6
68 102
69 74
128 86
132 80
21 84
91 34
111 109
73 65
44 24
12 113
73 6
38 4
121 110
54 136
96 100
19 1
98 88
85 30
72 135
14 104
137 46
17 41
147 128
30 82
144 79
41 4
19 14
45 55
62 24
108 7
116 95
135 64
92 102
0 58
22 129
56 144
140 134
118 87
10 100
133 80
80 100
76 100
114 54
91 20
19 5
126 123
74 103
116 42
117 16
30 148
68 41
39 16
9 71
76 59
50 60
54 75
103 78
8 127
110 57
29 142
34 132
109 76
76 105
51 85
86 73
66 30
59 80
62 88
46 59
41 13
13 54
140 61
83 95
62 29
76 110
124 1
133 56
67 5
113 15
59 8
81 99
91 144
136 100
6 117
111 75
129 32
4 110
10 140
75 23
59 70
13 9
86 41
85 25
57 3
45 102
46 98
55 4
75 10
28 125
64 47
126 72
133 101
75 22
63 8
34 48
81 23
92 99
112 10
120 21
3 121
142 127
41 96
62 14
44 48
122 119
45 138
63 26
12 82
34 146
5 8
84 148
43 30
135 131
31 65
145 51
33 122
113 110
102 30
25 123
70 98
14 49
86 67
27 45
20 105
98 136
148 106
107 124
130 71
16 75
130 112
112 8
81 143
135 148
102 58
69 137
96 77
114 77
13 5
14 135
12 135
75 70
123 35
107 110
107 64
57 142
123 121
139 90
100 25
98 26
55 52
58 0
113 78
70 15
34 37
66 100
91 111
11 17
141 93
118 129
43 94
129 72
144 75
55 68
41 5
7 8
64 128
35 124
46 7
30 5
30 99
17 69
143 15
8 28
81 54
85 114
62 62
47 6
140 24
68 141
52 119
76 121
115 25
143 123
16 58
108 65
37 72
127 38
116 110
115 14
133 117
5 26
85 121
121 30
83 64
124 88
124 71
94 112
20 77
50 16
7 38
56 142
14 137
118 3
10 25
148 45
118 110
51 140
5 106
121 86
15 27
122 135
28 21
13 75
80 45
58 23
47 149
38 117
53 101
100 132
52 115
2 123
104 102
104 77
58 46
73 43
65 106
5 36
68 58
118 48
93 143
116 94
74 142
40 42
40 148
53 78
117 88
27 66
103 97
51 52
130 116
73 117
133 42
2 136
136 147
136 124
90 24
11 39
115 95
90 126
29 52
133 69
89 86
18 2
74 15
146 31
41 17
68 115
87 103
128 79
68 17
43 119
24 48
110 82
116 42
75 110
42 69
69 80
62 121
50 90
101 123
6 114
27 42
15 65
125 46
135 37
74 139
110 122
140 81
49 122
47 79
103 74
18 62
94 104
125 27
11 40
68 20
70 88
70 35
114 8
29 21
83 30
121 14
128 69
111 131
144 140
4 146
64 94
62 102
15 103
48 44
127 85
126 46
70 92
137 108
12 9
144 83
105 7
142 30
13 68
12 59
56 65
110 65
61 28
94 58
117 58
85 0
107 147
116 89
94 26
118 9
144 39
56 100
16 26
34 124
115 137
32 119
143 57
126 47
21 86
2 72
31 90
92 25
37 131
31 71
81 116
39 112
82 88
42 45
149 63
114 87
48 91
90 19
114 146
81 138
105 84
11 78
78 109
4 141
73 15
33 61
25 74
73 48
145 125
60 44
0 106
81 44
148 137
106 111
133 13
105 139
36 21
72 34
26 41
1 10
5 86
72 87
148 11
59 127
55 59
37 97
22 55
133 17
75 59
120 51
52 85
109 38
137 79
133 63
35 16
28 110
28 136
15 42
146 23
5 6
79 104
145 97
131 118
71 103
89 130
58 133
73 137
146 89
67 75
109 111
6 49
36 71
96 143
137 141
131 8
125 62
5 13
136 24
91 118
59 109
30 61
104 16
66 104
100 27
8 29
64 45
122 88
104 52
43 112
18 16
107 9
72 34
115 11
145 34
53 56
7 105
136 100
77 110
74 122
110 110
57 30
34 80
84 15
21 42
72 0
126 143
39 47
61 117
106 137
110 78
94 108
51 46
48 23
68 26
39 29
41 53
41 52
13 51
50 46
86 54
132 92
131 132
126 141
20 101
117 140
109 43
103 85
44 44
101 4
89 57
61 138
106 24
11 78
51 133
1 129
77 142
50 60
50 114
32 45
58 85
19 2
102 75
77 37
62 82
123 5
53 135
147 17
92 125
31 131
39 119
135 6
114 86
50 61
88 27
52 109
134 145
74 127
144 124
97 22
2 131
125 138
91 65
83 140
24 122
19 95
23 74
47 52
49 28
136 104
59 64
23 52
1 35
11 55
59 126
86 1
1 82
125 109
12 26
2 111
42 2
3 24
74 26
44 93
144 73
126 126
132 28
20 9
121 95
19 1
129 91
92 30
111 7
6 57
44 89
72 25
31 130
5 8
48 33
69 127
70 127
6 99
100 43
45 102
14 1
78 0
104 136
56 109
39 136
27 29
79 91
58 24
114 13
89 38
111 65
8 47
124 14
23 81
85 38
145 87
118 137
89 53
92 76
58 94
54 1
115 54
48 23
44 1
131 31
29 77
130 116
123 106
70 99
10 97
77 100
142 8
83 55
92 21
137 19
19 99
127 73
145 97
22 123
73 21
22 125
96 53
75 1
72 132
43 100
5 149
82 81
130 133
140 114
17 31
73 38
63 117
129 43
25 134
63 91
15 123
84 139
26 37
45 40
20 64
73 138
124 47
69 56
104 24
137 23
94 117
101 129
136 109
43 93
41 108
91 87
57 123
120 23
13 87
37 74
103 34
110 111
85 64
129 97
23 42
57 125
111 7
118 7
16 93
141 130
121 56
90 129
102 120
49 49
75 122
146 10
116 70
84 104
25 2
99 96
90 142
21 2
43 53
75 39
128 99
20 46
22 117
143 89
126 97
125 83
75 26
135 107
144 88
74 44
59 9
0 142
90 56
10 145
119 130
45 146
1 99
23 126
12 31
106 103
104 84
144 133
104 131
5 108
88 131
110 81
2 147
106 102
135 49
15 146
74 148
114 117
8 19
13 9
142 59
4 140
20 71
114 148
69 135
45 96
116 49
1 91
29 22
134 77
79 6
41 61
121 108
132 141
149 145
91 74
113 145
54 146
50 50
41 106
30 135
141 54
22 137
85 131
42 10
52 35
7 67
5 130
73 119
21 20
0 138
102 27
138 130
118 95
70 52
13 70
136 78
123 127
86 85
21 107
1 58
18 9
21 118
123 80
11 4
4 94
104 61
89 15
60 117
12 29
120 77
94 71
19 141
46 8
109 134
59 122
3 139
19 62
0 85
39 14
110 63
78 124
103 84
40 0
19 141
120 96
55 14
124 52
19 7
61 134
71 61
98 120
71 66
11 103
18 40
39 124
42 98
71 81
39 80
85 42
114 110
47 38
21 56
57 74
38 129
66 35
112 119
37 10
17 67
111 35
6 29
4 117
68 30
123 73
136 103
0 145
127 65
147 55
42 121
99 80
126 140
94 11
71 98
95 4
26 94
54 6
59 75
144 24
61 23
86 22
145 68
71 30
11 97
24 64
13 24
18 61
62 45
129 149
30 50
55 90
17 59
139 82
36 114
139 52
47 30
107 124
149 120
48 40
113 59
5 21
91 8
135 123
43 74
3 135
144 56
121 61
43 39
21 34
115 4
64 25
31 122
7 4
75 128
11 95
20 68
101 66
22 58
107 9
100 97
45 48
53 123
101 143
73 130
87 77
120 100
31 6
73 98
88 124
3 6
104 59
9 43
78 24
92 139
22 78
23 80
137 99
45 132
58 115
8 139
79 138
78 43
74 22
61 119
30 9
124 47
112 108
122 59
33 3
36 108
88 108
67 105
109 113
41 32
38 133
45 140
49 113
43 13
79 60
118 131
88 54
67 26
67 86
82 135
10 28
122 2
71 48
8 60
131 79
138 64
92 119
58 14
2 119
46 98
55 113
107 91
34 68
1 108
12 35
84 132
149 9
113 60
26 99
107 144
118 105
121 46
75 51
112 26
70 32
147 83
45 141
70 40
67 15
1 86
127 10
42 13
79 119
24 130
19 18
132 21
110 124
108 25
89 116
59 0
86 121
118 94
51 120
15 9
132 19
136 23
144 6
134 104
52 129
89 142
137 29
1 55
62 124
18 90
59 54
24 115
110 54
129 86
0 131
62 45
131 69
107 8
86 87
97 67
0 5
143 40
13 28
62 136
43 7
76 144
13 34
65 21
35 26
59 121
46 107
18 59
35 104
78 53
60 11
98 53
2 49
126 13
24 108
95 113
145 77
19 122
123 16
76 84
116 78
45 127
33 63
58 74
111 48
142 127
93 42
85 135
10 88
11 118
51 74
107 71
61 8
113 110
147 34
87 10
0 43
59 70
105 68
116 6
116 13
124 13
117 18
109 119
99 114
123 94
118 36
24 35
101 141
28 122
145 18
135 71
33 49
9 99
140 137
20 33
141 47
114 83
104 16
111 118
91 22
83 2
2 40
101 110
94 52
96 32
92 3
3 16
108 90
86 95
15 116
34 48
73 88
69 90
37 33
35 41
141 19
44 10
56 21
128 61
18 126
107 42
106 117
77 105
7 23
89 113
52 110
54 10
32 20
17 104
9 101
68 115
119 33
92 23
8 125
114 79
97 45
100 75
144 1
128 67
64 112
40 132
13 124
98 4
92 41
63 46
134 82
48 131
49 101
54 129
40 13
36 117
65 138
13 51
39 9
39 41
70 0
140 88
60 58
41 50
48 15
49 49
139 83
108 53
99 75
147 124
46 38
65 144
142 16
111 78
149 9
71 48
27 135
113 99
63 20
129 139
39 37
43 73
104 15
13 4
80 89
23 2
41 25
38 73
85 118
95 11
59 52
133 62
114 18
149 145
69 10
19 57
23 86
40 82
34 121
27 108
121 137
6 140
46 144
134 48
111 128
19 28
123 95
97 100
39 31
57 106
31 123
65 105
127 95
74 121
75 53
22 125
125 76
143 110
144 45
23 33
46 36
46 3
1 54
11 123
13 59
97 93
75 81
100 23
20 97
32 64
33 103
106 49
89 62
32 139
1 100
84 51
62 88
22 74
41 106
118 26
91 66
110 64
78 149
64 67
138 83
56 142
99 44
139 75
55 49
24 34
139 94
78 95
87 21
97 66
85 52
61 119
83 31
13 135
60 114
77 26
26 34
18 91
120 32
86 11
88 59
62 137
67 30
44 114
121 117
60 51
61 139
29 55
83 4
39 72
21 63
115 11
87 60
34 46
102 28
44 70
40 71
29 22
45 8
118 52
132 25
37 31
111 81
127 100
20 139
33 145
17 122
15 70
12 82
41 41
102 2
12 55
118 96
116 67
25 21
146 141
89 15
16 85
95 1
120 66
110 81
17 129
136 37
137 116
130 6
58 100
4 87
79 5
108 81
139 143
49 34
144 7
41 147
93 33
74 7
119 35
46 5
75 141
114 32
143 32
115 14
41 93
145 148
22 134
146 96
128 91
125 148
98 2
122 1
98 29
67 3
33 62
44 114
92 56
102 11
113 58
78 93
128 75
26 15
78 63
100 121
67 84
21 34
37 97
56 37
49 64
116 61
132 141
91 88
144 139
59 36
100 142
112 12
35 39
26 48
146 95
122 146
128 101
48 123
111 2
6 62
72 134
35 26
117 25
148 63
36 35
103 80
23 1
96 135
25 86
29 45
5 53
140 26
96 26
60 133
140 99
32 94
74 24
48 20
44 94
15 103
103 121
136 20
131 125
0 55
68 148
26 83
2 8
113 30
43 22
39 127
20 131
56 33
141 90
136 31
116 49
76 40
107 90
42 49
86 31
68 13
116 120
31 98
108 56
53 70
101 84
31 29
4 103
16 49
30 29
79 70
73 25
61 22
144 117
50 73
20 122
82 42
99 78
5 104
117 139
38 38
88 20
5 139
149 74
1 5
69 75
65 30
126 11
145 72
119 89
125 1
82 91
7 128
9 73
54 105
124 145
95 62
80 53
14 107
117 51
17 35
82 4
72 101
78 1
84 81
72 21
25 52
51 70
99 92
64 15
144 89
64 2
38 119
143 41
126 21
145 125
48 39
98 128
141 100
27 116
23 80
29 50
101 27
47 66
108 116
3 53
64 108
109 107
139 77
136 68
88 74
131 70
57 3
69 87
126 146
141 18
84 55
11 113
97 47
13 1
136 32
11 74
8 124
63 104
35 68
114 39
106 47
49 16
133 101
57 89
50 113
143 83
127 46
53 60
2 115
109 145
30 75
138 89
3 129
66 144
3 44
50 42
94 101
63 96
68 21
12 114
38 97
97 79
89 71
8 130
64 92
98 60
110 90
26 66
12 1
135 32
100 18
21 111
6 13
1 56
143 84
36 142
20 135
75 140
75 146
111 116
147 1
149 34
28 81
68 145
122 32
96 62
60 5
135 102
148 48
75 11
34 91
7 49
10 119
3 104
88 50
89 92
54 22
76 8
71 73
111 16
42 95
131 39
11 54
12 15
80 99
23 58
24 128
22 95
68 88
108 79
22 92
135 39
3 40
31 40
64 131
77 138
3 95
139 119
141 127
134 90
10 79
32 112
120 139
20 96
133 89
121 71
84 3
139 59
127 16
72 86
146 6
16 88
26 142
5 13
60 52
28 142
112 146
134 75
117 44
106 62
90 93
11 43
102 78
62 112
14 105
114 38
78 148
44 108
148 74
61 130
42 133
125 147
38 3
108 106
54 117
34 4
96 104
74 106
76 107
4 7
115 129
48 137
134 67
40 24
33 105
130 7
5 146
107 67
123 65
78 120
84 77
16 89
140 23
20 85
56 114
92 30
29 64
16 143
101 84
65 147
96 59
51 125
86 49
143 22
114 71
37 98
15 48
98 32
79 14
130 30
71 75
56 86
44 149
101 3
71 116
110 81
119 109
55 118
14 41
125 57
43 133
12 121
94 123
107 143
132 10
42 58
120 37
45 16
12 51
15 10
71 42
98 62
104 11
149 11
65 50
139 67
26 85
99 81
35 120
138 117
61 74
76 125
58 6
45 53
51 44
58 8
84 98
88 97
34 126
40 36
124 42
66 47
37 75
31 8
136 17
108 106
117 86
76 27
51 122
66 52
77 67
13 95
13 97
42 140
141 125
30 14
4 86
110 24
21 96
84 43
143 110
135 58
20 145
77 76
0 37
46 36
47 112
31 57
24 135
16 19
88 111
106 7
55 20
137 35
108 16
50 127
119 121
25 108
80 136
0 81
29 5
30 24
131 41
112 46
92 86
134 28
55 50
41 37
138 52
84 135
10 68
84 128
20 16
41 137
7 145
12 77
105 27
21 3
48 69
40 56
32 52
71 145
51 80
21 146
29 85
128 81
35 35
37 4
17 20
100 77
78 52
120 41
24 94
15 20
86 91
113 98
118 142
59 143
81 5
13 121
4 116
32 138
45 50
98 100
131 37
141 86
129 44
96 3
79 80
118 70
110 147
138 126
83 3
41 12
104 120
46 111
23 146
61 29
101 126
57 126
115 100
85 52
128 112
109 90
10 72
20 64
38 50
102 139
5 25
79 132
24 133
113 55
71 98
56 110
27 12
130 66
1 73
87 99
90 19
45 129
121 28
33 124
140 21
56 4
97 99
106 60
117 34
89 58
46 70
88 90
119 94
105 99
139 11
38 83
67 45
95 103
103 7
88 103
120 7
45 84
123 135
91 86
84 100
24 134
37 50
28 141
22 112
27 21
135 82
102 13
9 22
15 30
145 10
73 78
33 61
91 145
111 44
128 112
74 112
145 134
132 13
60 78
135 125
93 118
102 62
14 111
75 82
48 123
93 107
45 141
2 89
1 43
65 83
25 49
119 98
135 0
31 62
2 27
140 115
25 131
103 132
58 91
113 28
16 58
118 101
126 88
133 41
98 93
77 84
121 100
80 119
107 82
134 12
40 100
39 59
69 19
121 131
55 73
79 1
45 111
22 15
70 33
129 138
96 22
25 32
18 120
96 90
59 136
3 21
41 3
41 130
142 51
141 59
69 60
110 94
7 21
19 53
28 114
129 54
147 147
144 135
22 14
100 62
23 56
136 94
47 131
48 107
96 79
106 20
70 8
125 118
14 66
14 65
59 73
91 44
136 99
13 3
24 27
6 116
97 113
82 41
132 103
51 35
71 25
70 124
143 11
123 37
102 91
138 143
9 48
44 125
9 20
77 84
74 104
146 16
111 110
83 21
106 49
125 139
13 51
117 27
95 85
116 116
62 125
10 84
122 1
47 60
132 75
93 130
115 130
75 36
119 53
78 88
40 63
23 105
121 73
32 137
140 136
29 135
86 54
15 103
134 30
99 36
39 21
105 2
70 3
4 75
108 138
30 103
85 118
83 138
86 77
140 102
52 111
146 4
137 109
130 102
14 33
73 30
3 99
121 69
117 3
142 122
8 81
33 82
149 50
9 21
52 95
34 134
116 60
7 141
119 2
118 88
22 66
137 110
48 116
64 67
14 85
140 48
39 98
100 134
51 130
109 129
82 109
37 108
0 45
112 148
85 113
47 29
147 40
56 24
97 66
122 74
70 125
101 1
21 43
140 40
79 74
84 53
37 141
62 12
23 25
40 81
68 100
114 29
75 70
3 73
87 146
116 96
40 53
130 48
142 119
131 65
37 112
26 135
37 62
94 27
29 90
72 127
56 113
89 140
46 144
10 73
56 31
132 83
62 100
14 94
10 133
22 33
42 111
121 23
100 5
32 21
12 96
58 44
47 66
64 118
119 149
117 95
32 60
136 138
85 13
149 52
62 129
49 117
132 112
36 31
129 54
135 23
144 134
81 113
92 108
144 147
123 118
122 141
63 73
91 18
113 109
28 69
50 49
93 138
79 1
101 141
57 71
56 129
23 125
35 6
112 143
84 38
111 113
139 58
10 31
7 112
104 132
117 14
48 37
144 87
54 73
147 87
105 63
101 17
81 22
68 54
135 146
26 9
106 50
83 66
87 92
132 97
8 68
137 25
27 93
21 140
73 45
126 42
142 95
63 7
44 132
138 52
46 80
43 35
148 82
105 86
16 148
149 43
81 73
82 85
93 103
17 145
45 104
34 78
27 4
78 139
7 72
14 115
73 66
94 51
58 43
45 36
24 96
148 147
126 31
141 16
13 24
92 32
72 44
93 89
20 144
137 31
117 28
0 81
97 65
107 139
84 55
55 25
15 95
22 21
68 100
14 133
61 62
51 41
125 101
130 135
140 25
137 119
15 48
134 28
17 85
140 81
139 2
57 12
58 21
132 1
118 106
87 118
113 127
29 64
41 44
56 129
117 116
59 41
47 54
47 148
12 93
95 127
34 79
53 98
79 3
95 3
78 63
33 113
72 19
142 122
51 60
142 140
47 79
142 81
98 60
112 69
59 105
94 28
93 100
137 91
126 91
92 58
67 109
124 58
87 54
25 133
82 61
61 87
60 104
30 61
139 94
113 12
138 45
109 100
50 40
105 93
131 66
135 91
104 14
68 140
20 73
7 41
41 86
56 137
28 99
123 146
149 51
110 17
124 107
87 34
110 5
33 122
63 23
14 141
43 66
51 138
91 9
36 77
115 19
94 140
143 4
44 93
133 81
73 119
84 109
147 31
54 128
17 93
81 26
31 17
58 17
131 126
143 146
118 143
34 117
12 138
27 76
51 58
16 44
136 80
19 7
118 85
10 131
64 10
119 142
123 43
53 9
7 109
102 123
27 61
86 26
19 71
93 12
149 82
19 119
105 79
95 100
54 135
35 27
58 43
49 100
40 135
146 36
110 21
86 57
41 81
123 85
88 136
39 125
14 27
59 110
30 74
69 149
24 8
29 83
135 92
23 36
8 98
52 136
51 47
118 32
103 4
105 108
13 83
3 11
39 91
9 78
117 47
92 131
85 29
37 134
47 99
78 20
3 39
63 126
23 11
76 76
142 113
26 147
61 103
99 140
144 87
69 134
70 149
135 117
51 25
39 49
63 45
17 39
44 5
102 100
142 82
101 76
23 21
27 69
71 28
117 101
26 91
90 116
64 106
93 131
130 76
97 131
56 40
113 54
142 45
64 141
49 3
45 21
82 9
57 124
101 69
73 129
55 139
138 148
128 84
133 44
126 62
7 33
86 106
109 88
105 114
4 34
130 109
99 0
111 139
24 3
74 93
92 57
61 143
1 97
41 34
122 47
100 20
105 128
148 12
95 81
2 144
73 137
107 105
88 55
93 114
55 103
29 7
72 60
131 56
142 38
66 118
65 55
131 40
95 26
57 83
0 143
15 20
34 70
89 5
61 57
45 106
18 0
24 93
96 71
82 98
87 34
138 126
33 15
32 101
14 76
10 90
13 19
145 87
120 123
143 27
129 44
25 88
101 12
118 98
21 144
30 22
42 59
141 46
37 114
94 28
142 123
118 94
117 136
0 69
69 51
25 145
120 20
37 30
131 113
91 44
25 20
108 91
69 126
31 70
125 149
67 2
51 48
126 17
49 112
123 9
33 73
7 145
147 31
32 6
12 65
118 63
62 80
91 111
137 144
100 121
126 39
69 43
56 116
127 28
78 146
54 108
144 121
36 33
118 122
42 52
82 108
31 141
114 70
112 36
25 72
2 74
79 115
96 40
112 76
75 81
117 66
11 39
120 79
36 53
143 119
17 122
101 141
115 38
42 139
61 135
57 19
78 123
53 142
98 39
82 57
113 25
68 43
85 20
116 81
96 48
39 28
68 13
1 89
121 83
81 77
135 16
135 9
19 109
105 84
148 113
3 23
97 142
10 132
99 96
56 85
99 130
20 113
7 123
134 58
29 92
9 59
132 37
104 143
66 45
107 124
99 140
30 1
102 100
4 139
95 31
89 111
50 134
88 101
123 72
26 98
143 137
123 12
132 90
45 130
16 25
7 28
39 41
91 78
108 54
36 8
8 75
108 103
40 130
99 18
143 134
42 52
56 11
57 67
121 140
122 130
32 74
80 36
22 5
140 26
102 137
91 13
134 142
82 103
51 77
7 101
88 120
38 112
28 45
106 15
110 132
91 15
11 35
134 71
123 93
129 136
149 57
117 136
10 67
2 40
6 39
140 13
21 70
65 133
138 23
18 96
78 126
33 112
22 87
105 3
18 43
73 100
64 74
38 61
49 15
25 136
26 100
98 99
135 109
106 92
133 17
96 142
8 87
48 106
117 82
27 42
55 0
32 49
67 88
133 85
131 89
71 77
101 29
70 41
49 0
95 3
0 93
120 31
95 70
1 144
143 62
89 72
112 73
14 115
94 138
9 69
29 131
127 71
103 26
27 41
76 47
99 84
141 56
149 57
125 136
54 128
104 101
22 59
133 76
11 149
86 51
70 10
19 8
9 42
68 98
104 89
7 105
1 92
9 4
13 24
13 107
119 104
87 72
32 57
56 101
4 79
36 143
9 87
135 90
51 86
145 7
41 23
69 54
97 24
118 27
118 31
37 141
129 143
134 128
116 111
143 141
56 46
91 81
14 91
66 135
65 34
108 98
92 18
12 6
19 28
86 14
25 57
149 60
20 73
82 99
5 59
52 106
69 147
85 108
2 79
65 116
111 143
147 134
100 9
64 135
49 24
91 71
127 64
92 72
128 2
14 49
98 117
120 78
17 34
17 111
72 63
127 102
57 6
45 33
3 77
117 137
48 43
85 104
71 9
24 8
54 86
48 86
28 95
59 43
96 148
44 126
97 22
98 31
11 28
5 63
63 56
97 44
110 54
79 83
6 62
116 105
21 63
134 117
145 40
104 5
112 120
147 63
68 20
93 104
65 114
33 38
40 0
90 8
143 129
101 54
77 131
120 28
27 99
122 24
111 22
107 41
121 7
93 123
119 121
46 135
45 27
104 124
39 127
120 8
92 138
93 106
66 50
57 17
133 24
108 65
93 137
118 125
83 6
118 57
9 46
80 125
19 130
97 63
65 132
36 134
41 30
64 76
57 130
50 89
148 23
101 96
51 58
40 132
65 94
92 142
34 129
116 96
81 135
52 17
130 140
147 39
111 14
73 0
69 80
130 91
24 109
104 134
85 47
48 55
120 10
135 56
38 19
44 22
145 111
48 128
46 115
44 33
80 19
2 98
98 37
17 51
41 95
70 106
109 38
136 73
49 117
95 87
134 67
43 125
59 6
104 100
39 50
19 146
114 147
56 22
80 118
112 61
50 19
83 118
35 67
31 38
55 78
17 95
63 65
93 72
24 120
149 44
57 11
28 104
142 35
140 65
28 96
91 78
129 73
121 140
124 61
4 23
83 93
108 64
5 39
48 49
12 6
120 17
56 84
3 45
10 86
62 119
33 19
116 58
19 34
108 50
123 139
71 120
92 66
74 35
130 122
46 50
89 91
27 132
106 42
123 52
139 144
1 148
145 146
62 18
48 77
22 10
3 122
98 63
44 135
62 38
125 103
133 1
111 122
74 58
67 65
58 82
130 18
56 21
61 149
148 75
144 38
85 96
79 94
144 105
137 39
109 128
148 22
43 51
23 86
108 54
55 49
104 104
72 117
97 133
113 30
11 149
142 22
75 83
70 88
130 119
47 106
43 37
89 7
115 25
15 136
60 47
112 113
28 74
134 4
99 49
79 57
28 129
48 116
136 64
113 135
77 13
70 20
79 3
23 116
19 16
47 45
52 138
14 134
55 115
10 14
67 111
105 77
114 112
147 137
10 6
101 103
49 93
103 100
85 80
108 119
21 60
74 143
55 142
39 20
53 24
36 110
74 120
79 31
146 135
9 116
79 41
122 77
119 142
9 11
46 76
73 74
72 46
57 82
68 144
136 113
49 135
110 127
38 18
73 120
81 29
120 84
116 88
73 1
100 63
37 55
81 132
11 71
32 140
108 129
26 125
136 27
5 88
19 121
131 3
135 133
125 22
13 128
138 45
11 128
36 45
38 124
62 54
89 20
106 46
108 117
124 131
19 36
17 7
113 125
88 4
55 99
64 25
113 98
140 50
28 63
46 100
26 50
100 136
19 130
141 14
89 45
113 23
74 0
55 17
36 27
29 0
103 70
66 83
117 41
121 147
75 136
142 1
79 16
114 125
31 126
57 56
105 63
122 5
24 72
45 41
85 117
108 8
21 119
23 31
31 66
74 4
91 131
36 1
20 46
127 70
48 120
142 45
118 84
10 94
79 38
7 99
135 127
79 120
27 22
13 8
24 94
42 51
66 114
9 24
74 120
31 38
144 78
69 143
49 22
96 67
132 25
7 36
26 122
16 7
3 31
98 129
110 11
9 95
32 61
41 43
94 44
120 41
51 76
141 21
105 46
124 53
34 27
65 53
147 43
107 15
55 145
82 141
82 133
148 20
60 132
149 49
130 23
93 27
139 30
94 23
91 65
42 132
40 44
131 135
86 10
88 111
38 44
25 54
104 29
65 1
70 144
76 48
58 110
124 136
66 98
75 80
111 94
17 80
11 149
136 4
73 65
63 85
71 43
114 93
32 136
85 24
67 132
113 134
39 6
138 96
64 26
113 49
139 82
122 134
2 1
102 131
116 53
58 48
52 114
0 51
52 73
100 114
126 115
32 54
143 111
87 31
26 36
45 15
65 145
117 23
33 62
20 139
131 108
77 38
138 17
122 98
73 70
4 40
89 11
136 92
5 141
139 142
120 61
87 132
66 14
109 135
37 126
28 23
66 85
53 44
101 15
126 45
5 70
147 98
100 86
70 91
37 32
41 16
43 104
7 76
44 38
117 31
111 133
102 70
45 55
141 46
85 127
32 34
35 29
86 11
98 47
101 44
39 17
61 3
110 139
2 121
92 91
148 76
140 132
54 57
124 27
119 100
22 119
6 91
43 51
89 45
110 87
38 56
77 43
66 26
94 3
89 83
126 122
125 9
99 61
3 18
147 42
73 71
111 122
142 121
141 27
119 62
101 145
137 103
99 123
63 22
51 60
50 17
72 106
105 87
66 123
96 27
112 39
86 22
143 124
73 88
89 25
18 13
116 44
115 101
16 7
76 125
110 54
35 14
140 85
144 102
59 72
93 87
121 54
93 96
8 79
26 21
136 149
98 63
80 36
86 80
57 76
149 118
145 106
25 39
47 38
67 99
81 81
79 83
11 52
139 16
140 77
63 146
77 62
3 88
15 37
70 59
38 76
1 142
62 31
7 74
127 128
82 139
45 54
12 12
23 15
122 127
132 123
129 110
124 111
85 41
133 123
84 26
93 80
51 110
139 69
15 147
46 54
1 20
21 43
56 70
44 106
93 38
71 5
20 120
71 142
87 116
47 73
10 74
146 107
132 59
8 116
75 141
124 87
10 66
128 9
135 97
58 95
54 82
20 25
98 54
101 105
11 12
12 65
93 12
29 31
79 98
86 115
39 72
132 83
68 57
105 61
68 26
72 47
96 75
70 119
92 90
98 28
84 16
11 129
89 137
21 134
47 105
145 122
95 144
37 76
105 116
46 142
81 146
110 115
41 88
130 68
53 50
15 51
146 132
102 140
12 30
146 147
80 60
48 22
7 137
0 35
24 125
35 15
56 136
69 42
98 57
11 101
54 55
130 64
142 99
15 44
71 10
57 21
146 22
50 95
147 51
44 5
38 149
148 5
33 143
66 70
100 52
136 147
135 24
80 79
40 50
93 96
92 47
146 30
34 118
113 17
87 59
25 148
127 133
95 46
99 29
37 111
41 76
103 88
11 106
102 58
147 117
103 60
38 120
112 92
16 125
90 99
112 145
27 10
102 147
58 138
0 46
130 44
33 68
134 82
80 108
85 95
26 23
144 141
95 36
49 108
72 32
23 106
131 137
33 89
23 59
23 130
144 118
23 3
63 113
104 88
28 126
147 139
1 140
135 99
95 92
65 140
68 146
78 129
109 48
47 111
86 46
12 72
143 93
75 29
101 80
52 129
80 140
141 129
115 113
108 3
70 135
52 113
115 118
111 103
126 91
120 16
91 106
110 21
113 59
72 72
27 38
27 95
128 68
73 121
131 38
71 96
8 50
77 123
6 119
107 142
134 20
0 97
109 100
78 98
34 125
22 105
105 34
4 140
23 127
22 2
92 44
124 13
148 90
98 142
41 95
90 37
136 72
86 117
85 117
83 140
55 144
82 137
4 143
97 2
19 42
145 16
76 42
125 52
73 37
57 45
90 16
58 95
111 3
39 122
4 73
54 129
107 102
1 145
149 113
7 40
104 66
99 36
49 128
98 61
54 105
7 4
30 59
130 92
100 13
1 103
45 63
84 59
117 2
19 43
78 92
57 73
71 51
59 123
117 55
13 82
101 23
69 85
68 81
109 119
23 83
73 38
90 47
97 64
45 15
92 71
95 145
89 19
112 13
24 90
48 88
134 12
123 10
127 135
49 141
15 98
55 92
5 96
104 7
77 6
31 13
24 132
131 5
139 130
137 122
144 134
29 120
32 65
7 58
123 134
113 39
5 93
145 142
72 124
11 69
127 31
89 140
29 106
110 65
96 141
146 145
26 31
44 7
108 89
15 59
82 49
0 13
126 27
130 79
149 2
30 146
89 60
99 140
131 124
89 8
4 59
63 21
98 147
92 60
30 50
74 81
144 19
134 15
118 93
4 35
106 113
95 16
77 126
71 88
147 89
108 18
5 100
14 94
20 142
18 140
88 129
1 109
63 100
134 33
7 69
16 140
128 41
9 1
113 116
94 67
32 81
100 42
99 68
28 147
68 131
128 90
123 52
15 75
106 73
48 52
80 69
39 109
115 62
149 15
112 48
56 2
69 56
86 56
119 62
4 100
18 5
123 69
104 47
58 14
107 5
32 11
139 38
37 7
53 58
106 63
58 126
0 142
120 128
116 119
46 91
17 18
142 6
13 65
81 126
5 15
38 147
145 31
148 139
25 60
92 53
17 124
1 127
46 43
50 44
90 107
139 79
26 104
119 14
127 58
129 123
106 93
37 60
64 46
95 39
38 11
137 76
89 34
22 122
16 63
47 66
22 14
54 119
10 52
141 106
34 125
22 80
95 119
78 78
103 98
130 59
106 61
106 66
104 110
27 15
83 103
147 103
15 2
80 57
2 115
79 29
93 20
144 124
17 100
51 95
23 66
48 141
31 135
57 94
35 3
74 20
146 146
19 128
33 31
103 66
43 19
61 102
12 61
28 146
125 8
140 90
53 105
13 116
117 105
99 91
17 72
125 34
147 61
101 131
71 149
81 116
114 79
113 93
87 46
11 99
9 138
26 31
48 117
131 138
10 142
45 65
55 84
23 123
95 109
136 42
19 32
147 36
34 5
139 85
97 4
133 16
119 13
105 119
88 16
135 19
55 15
135 35
76 51
132 29
144 143
144 75
123 81
30 149
136 17
138 77
86 65
126 4
40 139
58 45
55 62
94 98
73 141
128 3
135 94
96 86
50 8
44 97
96 24
89 119
134 89
115 107
74 12
80 0
71 93
42 11
110 30
112 109
6 57
19 143
74 114
111 33
101 141
61 40
20 126
94 94
36 77
5 70
136 116
107 17
82 2
46 149
45 131
20 45
37 53
114 39
51 74
100 39
82 61
140 80
118 73
147 20
7 148
62 132
135 31
99 2
120 41
143 138
108 42
118 65
34 43
134 29
0 41
131 96
17 110
101 21
34 108
63 6
26 82
39 55
75 43
64 31
43 43
146 0
115 50
35 17
146 68
127 67
91 2
75 129
67 17
140 56
72 86
138 4
128 128
109 122
65 59
123 49
106 88
136 109
143 48
145 14
24 134
64 5
100 6
99 14
100 138
28 65
12 61
34 90
31 88
63 129
100 81
77 5
136 20
19 74
3 9
17 146
139 9
8 134
123 23
12 83
102 76
140 10
83 119
26 93
22 72
91 2
109 47
78 83
79 130
116 21
49 91
143 28
119 137
75 140
104 62
105 101
8 118
27 80
91 145
77 138
77 14
133 120
64 51
38 62
84 76
111 75
55 121
144 113
24 82
47 6
149 116
88 113
93 140
122 41
8 120
30 107
21 88
18 37
99 0
68 54
70 32
48 90
5 84
89 80
148 62
84 131
23 140
128 46
65 26
35 146
83 85
128 109
50 130
28 27
105 75
38 77
66 38
86 83
96 101
141 95
58 51
88 8
17 39
126 86
20 6
117 5
87 131
36 41
91 129
82 108
4 69
147 13
76 110
77 147
118 119
44 60
25 98
16 53
114 3
127 72
39 46
81 29
139 126
106 145
54 108
52 129
53 0
68 149
82 62
137 111
138 54
143 32
42 127
47 146
20 15
135 115
12 50
42 147
126 88
84 70
69 7
50 44
54 107
129 137
143 12
146 123
86 62
91 10
80 147
71 118
146 87
1 44
36 21
79 35
104 89
43 8
109 115
28 82
45 28
108 53
8 113
45 1
141 59
58 27
136 8
92 118
130 14
5 149
98 107
61 96
141 70
48 77
97 82
47 100
22 142
127 1
74 46
94 48
135 145
123 37
40 40
76 2
139 140
32 143
149 52
37 102
85 109
28 117
41 149
57 45
88 33
62 24
120 76
29 42
118 122
53 137
88 91
142 99
24 14
20 74
68 12
108 12
48 79
43 14
43 85
147 75
113 140
143 64
71 95
88 149
29 60
134 129
11 26
103 32
85 75
140 146
120 56
105 71
6 27
116 68
33 146
12 30
139 65
70 75
142 136
52 90
44 144
57 141
91 81
74 0
28 47
65 92
81 126
93 25
80 70
35 125
83 119
57 129
132 141
117 10
79 107
98 111
55 94
131 136
51 16
18 46
114 107
31 19
11 69
21 14
46 94
104 122
24 108
57 65
146 96
40 4
136 119
120 98
79 0
96 123
40 54
22 1
144 31
24 5
114 98
96 17
47 86
16 59
21 85
11 39
13 80
88 148
134 148
52 50
106 89
56 32
50 118
25 109
72 82
38 82
66 22
12 19
44 69
42 87
105 50
10 126
114 106
116 22
2 96
38 17
98 86
110 116
20 69
88 117
63 16
98 63
66 14
97 24
104 44
126 3
121 125
126 21
21 102
89 19
37 82
121 105
90 61
149 114
41 142
100 129
125 106
78 137
26 94
36 140
22 129
42 90
113 11
2 42
108 136
18 97
44 147
31 52
109 7
59 25
102 0
141 6
135 97
53 137
121 120
40 142
56 56
132 74
43 47
17 76
45 61
111 86
12 105
82 97
35 100
46 137
52 29
110 64
101 64
20 8
145 88
41 83
56 27
0 55
42 68
43 107
51 63
35 118
65 53
52 57
46 37
50 58
7 69
55 77
59 82
133 83
50 23
10 22
98 49
106 133
124 9
93 51
74 122
82 58
75 80
83 94
60 15
88 26
88 8
60 8
88 129
137 112
3 59
53 141
28 83
53 129
7 117
123 82
133 95
136 136
141 27
131 51
107 70
63 1
114 115
46 136
47 107
19 57
27 145
32 105
93 24
102 78
148 10
140 120
129 140
0 53
74 54
32 99
112 119
137 136
8 51
121 67
147 17
104 46
38 27
96 114
13 44
15 76
114 135
78 132
23 145
15 81
113 113
141 108
142 62
135 33
113 58
15 145
95 5
123 13
113 22
21 104
137 37
23 62
128 6
76 71
48 134
82 16
54 135
0 0
135 121
120 124
100 107
148 28
129 25
55 87
89 122
28 142
138 4
51 66
5 124
56 72
60 20
43 3
72 34
112 134
33 4
68 94
44 18
103 66
123 18
119 66
47 0
11 58
24 41
75 44
109 108
27 118
96 23
41 101
62 113
121 93
102 85
122 148
55 82
62 74
68 115
27 4
115 26
136 68
149 90
74 20
127 47
30 49
75 82
118 135
95 4
15 129
120 71
14 13
67 148
134 50
68 75
123 24
94 54
2 97
43 26
145 40
43 80
97 88
126 122
67 78
31 93
64 20
113 26
76 24
71 44
10 11
22 46
40 25
97 76
29 148
142 62
4 16
96 144
22 50
71 68
4 39
119 15
138 41
12 2
112 4
70 117
113 26
5 23
56 127
119 51
18 149
117 114
80 34
12 126
76 73
35 76
52 105
105 25
78 65
57 52
55 142
86 58
117 91
63 82
90 97
74 49
128 50
106 54
124 148
50 18
98 136
40 47
16 49
27 12
52 77
80 111
109 67
88 70
56 116
106 135
100 21
139 101
0 96
15 146
80 127
145 144
149 90
4 114
21 60
68 98
117 63
3 137
55 46
59 61
45 42
33 118
44 37
60 95
54 28
100 141
50 97
2 110
98 116
137 144
58 119
115 108
133 81
45 59
105 81
35 21
123 61
122 67
114 115
53 114
114 9
134 100
139 64
57 106
134 137
15 50
106 5
38 81
107 10
110 138
95 97
123 144
61 90
133 47
22 129
15 7
75 148
94 71
27 32
94 123
133 129
17 75
12 34
17 95
44 126
133 22
76 36
17 119
66 26
112 111
144 122
103 45
78 117
66 4
14 15
55 51
10 6
119 93
81 99
55 47
67 84
39 93
109 56
115 100
147 91
134 103
115 7
43 84
37 25
28 24
7 106
49 72
85 115
30 35
72 28
142 66
50 114
131 81
40 149
67 25
66 86
23 54
34 9
115 69
66 11
116 94
149 81
91 131
33 44
80 1
9 105
12 78
54 77
59 16
68 128
56 134
67 137
65 114
115 89
116 110
77 14
85 7
70 123
104 119
33 63
46 0
47 57
30 1
144 132
137 68
8 140
138 116
14 135
149 2
92 9
27 143
148 99
15 8
56 142
63 147
75 0
44 137
88 40
2 83
75 107
131 28
98 98
65 145
98 71
59 44
89 23
130 133
48 81
35 133
69 70
88 50
130 96
34 54
70 54
48 112
31 81
27 55
22 105
57 46
133 118
57 89
77 76
6 119
96 81
66 110
71 87
70 87
107 97
64 29
62 109
20 54
116 119
121 30
111 136
103 20
139 48
51 58
70 129
3 95
42 90
10 111
117 90
126 133
60 125
86 96
6 100
115 20
86 137
5 9
31 73
9 105
109 37
50 102
77 83
93 104
93 7
142 94
127 44
92 121
82 104
145 136
11 11
65 62
23 90
33 142
99 13
134 108
9 94
149 9
38 45
138 14
31 19
136 142
89 146
90 92
21 148
101 95
47 91
100 117
126 23
125 30
36 43
134 93
103 119
131 73
36 133
90 77
141 53
28 65
40 48
46 49
45 49
108 120
22 32
143 58
5 31
19 97
139 115
100 75
81 20
130 17
38 14
45 45
149 144
139 76
98 149
128 73
49 45
54 105
128 50
20 29
23 108
6 114
54 143
115 83
148 35
141 127
77 59
22 104
91 40
126 42
86 145
121 18
9 76
48 101
91 38
131 35
148 95
53 129
108 129
1 24
32 27
53 18
85 1
127 88
84 54
32 66
78 148
137 50
20 132
27 126
108 144
131 94
132 110
11 29
51 71
70 43
21 90
124 108
120 17
40 3
104 109
135 29
4 1
14 52
3 72
99 112
43 144
47 83
61 130
105 78
107 55
130 9
30 140
82 11
94 116
104 59
65 12
19 148
95 131
143 95
22 135
89 119
10 111
117 9
9 70
103 105
57 137
13 81
120 122
113 138
147 21
6 80
60 33
129 125
144 63
126 23
22 80
3 140
114 11
46 135
25 22
55 114
74 27
34 106
12 142
21 68
43 71
3 32
140 31
69 37
146 145
84 78
14 8
69 80
149 90
35 83
123 116
23 142
115 53
51 124
97 7
131 75
68 66
19 107
70 49
26 147
8 0
7 69
7 138
31 2
147 35
143 7
128 127
134 13
14 20
139 52
72 20
110 6
145 104
121 85
114 45
13 130
109 32
55 79
76 0
105 96
28 140
145 105
80 95
37 142
145 47
122 62
74 4
57 147
31 25
89 79
138 78
31 37
108 2
119 32
27 126
25 25
76 118
103 148
23 91
80 91
113 65
97 69
117 73
72 145
136 82
111 37
15 24
79 0
110 59
7 19
135 51
65 70
28 114
141 34
64 9
96 4
84 14
133 23
58 24
114 51
143 36
17 19
120 22
99 84
45 71
80 34
146 145
51 142
135 90
97 48
46 60
41 2
39 72
56 37
54 64
146 134
129 24
101 88
70 128
82 141
2 120
106 73
17 136
0 40
76 17
96 54
29 144
57 81
119 46
30 58
128 103
124 47
30 138
110 97
117 148
67 79
67 31
141 116
18 143
47 61
90 113
124 112
68 73
54 140
19 149
130 51
31 2
64 10
56 75
52 149
144 23
137 37
97 106
76 3
68 102
135 4
127 85
21 22
87 78
53 1
52 1
28 61
83 144
19 0
121 123
149 63
130 52
35 8
149 100
140 106
52 27
7 93
51 117
86 129
147 64
85 17
28 90
42 6
23 94
62 93
73 90
57 84
21 105
82 63
115 39
0 95
117 139
18 106
94 137
72 73
127 20
124 4
72 0
33 143
105 78
14 93
55 93
87 144
80 140
64 114
117 81
9 82
62 89
49 57
141 16
59 123
45 97
112 9
128 140
62 72
68 65
48 44
9 44
22 72
31 129
139 46
36 80
14 9
123 4
7 115
61 83
139 139
138 137
28 40
104 16
93 73
52 116
50 40
89 59
20 97
16 101
50 5
71 130
65 8
102 114
47 114
52 95
123 119
13 101
77 116
56 61
19 63
100 90
64 82
87 112
43 137
20 47
0 109
106 14
145 2
63 111
90 71
29 107
113 112
92 29
18 101
144 130
64 51
78 43
108 0
17 36
22 19
94 83
94 100
120 45
73 137
40 41
10 146
126 123
19 4
91 26
7 128
2 46
22 36
115 62
102 57
132 92
23 118
20 1
121 10
144 62
149 19
106 97
129 1
111 47
110 57
142 57
66 47
12 67
8 20
130 135
47 138
128 146
94 127
121 96
128 49
111 110
66 58
118 133
1 56
115 5
1 132
133 35
68 148
40 87
26 108
109 127
138 135
54 15
49 147
94 122
59 1
62 111
127 68
80 47
138 138
131 137
61 49
68 5
60 44
140 1
107 115
36 135
70 117
9 141
0 121
98 93
36 7
73 119
98 91
45 148
44 25
139 34
67 145
95 133
45 28
24 43
34 62
37 70
8 140
18 46
75 95
109 140
2 89
6 62
110 14
82 66
4 7
112 7
45 34
78 30
137 17
132 131
17 126
38 34
87 105
106 100
64 32
14 30
106 51
85 121
135 8
144 43
46 127
91 22
90 67
18 101
71 93
34 143
48 58
99 90
18 63
55 117
120 78
143 85
141 31
2 133
39 91
6 36
149 41
149 100
39 101
81 25
2 37
65 119
97 78
1 127
38 27
8 122
12 72
119 29
98 62
9 34
93 91
94 31
146 95
104 68
100 21
145 50
27 140
50 56
32 146
58 81
123 31
36 137
71 140
26 117
118 118
82 44
9 136
67 147
106 7
131 96
112 9
140 74
135 48
125 138
111 61
124 103
149 122
137 131
111 4
34 59
147 121
68 141
0 14
2 30
142 72
120 26
88 63
6 79
139 54
30 85
69 1
29 136
75 124
69 60
30 45
87 16
29 62
103 5
123 137
119 74
141 136
32 108
111 109
14 112
98 51
109 81
77 94
135 22
27 24
99 35
80 50
61 76
129 77
7 129
61 145
64 39
0 100
87 30
69 110
3 35
144 72
40 70
131 88
36 139
21 83
18 140
110 86
94 17
52 115
9 61
147 8
108 108
23 28
72 11
50 116
114 34
82 63
46 13
36 145
126 141
99 73
96 46
137 93
47 19
76 51
30 67
47 40
8 146
129 86
79 7
99 146
134 18
131 44
55 119
15 50
83 77
73 26
6 31
115 133
60 111
23 143
61 4
93 97
97 14
7 115
125 118
127 116
129 77
72 0
49 12
22 13
115 42
51 22
125 84
114 53
134 126
92 39
88 13
86 125
54 148
81 30
113 105
76 27
116 101
147 114
46 27
145 83
34 118
130 5
45 107
77 135
77 61
59 121
41 90
27 69
147 143
18 9
39 60
100 105
122 30
15 128
78 76
99 19
108 77
1 97
103 99
113 107
100 53
143 93
90 100
41 35
140 26
13 72
137 64
110 56
109 112
12 62
26 117
106 77
114 73
72 52
145 127
86 82
19 34
57 40
141 90
69 67
144 146
124 34
63 77
146 124
78 27
112 36
89 39
145 60
89 19
74 142
149 29
141 50
15 5
22 7
24 117
142 134
29 87
38 64
105 144
112 98
104 142
136 25
25 147
87 136
104 61
101 81
57 126
98 104
134 25
117 138
55 97
14 121
23 52
93 13
111 26
139 139
62 78
149 104
35 68
1 124
97 87
40 147
15 13
112 65
133 91
68 3
19 61
137 106
30 126
101 96
43 105
52 51
107 90
104 27
134 136
54 55
125 130
12 116
45 147
134 4
25 40
113 141
143 115
98 76
63 132
19 129
149 136
75 113
75 107
125 87
126 111
34 114
143 121
56 35
137 15
32 120
70 44
97 100
119 138
32 141
112 49
131 41
92 44
26 19
3 120
88 137
144 87
146 110
90 69
129 114
7 94
113 107
143 35
93 58
2 8
69 78
7 86
87 82
86 16
15 76
15 39
33 85
69 143
38 122
20 132
104 25
112 75
24 55
22 102
141 18
1 2
26 96
51 9
42 144
109 82
92 110
120 73
52 40
34 88
140 145
117 19
49 69
4 36
71 110
82 83
88 119
117 145
112 145
115 35
25 145
89 16
148 102
148 43
12 75
116 2
105 37
77 50
65 121
24 116
119 105
114 24
43 98
58 104
143 139
74 17
10 15
98 39
40 83
114 70
55 50
117 31
67 45
51 146
112 101
69 85
0 123
22 121
4 84
2 141
89 7
25 136
138 55
126 100
92 76
31 48
105 106
4 27
81 47
90 123
57 77
100 16
57 119
121 44
37 129
82 21
133 34
30 145
54 134
128 74
93 140
23 141
37 60
136 27
6 37
20 30
57 128
113 118
29 42
14 11
99 115
74 28
36 118
53 96
10 84
50 21
91 82
29 107
76 82
88 15
146 16
7 41
26 2
114 17
113 24
64 79
108 113
82 67
67 1
74 35
111 135
145 108
4 63
110 83
62 49
133 135
17 37
71 111
110 40
114 119
128 120
27 123
129 88
30 138
50 101
76 93
88 26
20 59
109 47
87 19
28 31
86 142
84 34
16 64
38 67
66 143
99 144
115 90
109 100
31 98
52 90
39 80
52 99
114 28
65 70
36 125
46 67
15 116
26 44
2 80
107 98
87 6
112 89
115 53
145 68
113 133
100 96
136 52
116 142
108 30
59 42
134 140
50 9
12 37
139 128
4 51
56 5
70 35
58 32
17 29
76 83
9 58
104 140
102 136
106 133
70 8
141 69
45 61
97 21
31 24
54 41
149 71
65 82
113 109
120 73
111 38
78 113
106 118
93 141
130 67
127 40
7 29
140 14
8 128
127 54
132 68
109 102
144 108
144 75
101 93
46 103
10 55
87 122
24 7
64 44
103 132
27 141
15 4
49 44
71 99
51 35
110 82
114 105
31 124
62 120
115 10
36 40
14 141
23 23
44 121
39 83
133 117
137 59
65 57
35 97
85 57
31 67
120 104
69 53
11 131
44 90
105 128
31 54
41 11
78 40
35 59
85 44
75 120
140 14
2 53
50 45
61 43
61 102
56 105
124 127
132 119
119 66
89 94
17 3
54 115
2 43
24 101
63 139
146 79
123 73
91 129
118 44
8 89
21 86
64 94
99 87
136 118
72 33
83 49
118 9
77 20
56 94
58 107
8 81
61 109
122 78
92 122
4 24
67 117
142 21
30 46
125 143
50 39
111 117
2 95
85 110
28 17
119 34
31 117
134 85
29 91
48 134
42 8
5 106
12 71
38 28
98 136
64 69
48 30
2 53
122 75
148 114
114 0
40 119
79 60
31 127
55 137
110 78
100 106
41 13
47 141
109 95
29 146
57 59
42 142
87 18
28 30
140 36
100 105
149 33
89 140
87 145
10 21
50 56
43 83
54 102
68 90
111 46
99 49
37 21
140 70
32 36
74 131
17 9
42 131
63 67
100 46
69 29
35 25
62 89
149 136
2 82
135 32
118 60
95 63
58 109
63 113
145 92
1 33
96 147
68 91
132 15
112 57
28 78
105 28
24 54
127 44
119 7
138 132
83 70
122 68
53 38
86 101
90 145
120 53
112 42
111 136
107 136
148 6
28 72
109 71
113 23
93 60
42 30
50 39
109 64
138 16
57 138
7 64
86 91
90 73
65 31
126 28
66 111
7 143
80 21
72 108
149 148
102 15
67 17
126 101
34 139
134 22
43 113
91 12
19 139
44 108
63 111
17 14
28 20
90 148
58 27
37 126
38 16
52 141
52 20
8 131
9 115
85 95
140 81
76 119
58 141
54 41
122 79
87 106
11 89
136 69
58 2
121 56
87 67
72 102
66 29
131 97
93 141
76 47
21 148
110 18
60 48
88 137
141 68
8 63
144 134
88 22
122 139
91 89
44 86
65 100
67 139
37 134
61 146
142 92
96 36
69 136
120 95
0 130
103 26
6 0
104 101
139 149
100 33
6 5
118 149
123 58
62 122
79 99
67 55
142 1
77 54
110 10
9 77
51 16
149 135
148 131
17 37
117 39
70 77
20 55
4 101
30 21
27 109
81 84
21 4
143 3
25 65
115 93
112 84
20 120
69 10
35 92
65 130
48 148
59 146
79 95
49 57
136 97
1 104
118 70
102 128
114 140
139 134
47 25
116 21
115 70
45 121
17 111
98 41
71 101
28 99
55 142
117 33
91 80
118 61
111 118
90 90
146 11
50 87
108 123
8 143
149 107
149 146
32 9
75 70
15 97
148 4
104 108
13 136
21 120
142 45
33 100
118 124
52 42
22 105
73 13
56 135
78 98
74 28
149 10
124 5
105 103
44 72
9 26
17 3
88 129
7 33
22 121
95 11
37 94
24 139
12 139
51 100
118 114
123 105
73 90
69 77
8 98
89 42
16 11
69 108
75 86
30 76
95 74
102 33
11 67
130 144
37 113
65 126
23 143
16 58
8 35
105 10
0 6
2 16
107 113
95 47
83 116
43 125
6 130
52 22
139 105
105 51
73 87
127 144
111 133
103 31
53 146
135 100
145 90
111 130
83 46
25 27
59 125
80 55
74 125
45 126
46 9
12 55
123 51
18 131
125 92
140 9
24 65
59 71
22 136
142 57
4 22
59 92
2 80
101 26
60 2
11 137
62 76
142 125
4 80
81 93
137 110
78 63
77 18
37 142
72 97
121 31
1 56
54 80
97 146
112 18
106 36
116 54
140 149
113 79
76 47
123 117
104 12
91 21
126 104
52 125
21 96
139 69
0 122
126 64
84 116
32 13
30 9
6 89
5 121
97 59
44 96
27 4
15 67
94 52
98 61
0 86
51 61
32 10
20 43
65 75
105 145
111 72
61 139
21 111
86 131
66 143
92 45
136 60
147 25
101 133
40 2
66 87
80 9
29 43
141 55
102 130
45 94
142 130
26 53
119 144
106 56
70 144
73 13
36 108
83 44
68 15
80 78
95 13
137 4
84 66
96 149
111 22
67 59
110 57
128 144
137 2
108 127
32 90
105 59
118 77
117 48
0 18
147 112
116 9
90 25
126 138
134 73
42 62
9 65
34 129
42 119
144 42
0 3
38 35
59 51
76 22
103 54
127 103
34 79
51 140
25 24
103 42
96 5
74 124
50 108
149 79
53 98
87 73
122 54
42 17
71 18
11 114
38 8
70 98
131 42
4 86
23 47
140 3
80 51
87 106
123 26
56 65
14 43
3 28
44 71
124 29
83 78
58 136
68 82
56 80
13 59
122 83
30 123
17 120
99 76
56 143
87 35
36 61
116 4
57 102
48 22
7 87
58 100
23 2
146 127
83 7
54 114
112 113
123 91
92 98
122 37
30 79
34 37
82 135
80 98
13 51
1 99
3 127
134 81
71 31
43 144
109 106
79 29
94 140
41 26
28 44
130 95
93 34
68 98
132 70
5 120
64 89
49 88
73 16
75 149
147 99
64 121
118 73
134 88
65 134
49 92
47 15
129 67
68 24
60 48
37 112
81 78
93 112
115 123
80 78
57 116
135 143
40 147
53 50
18 62
127 123
101 116
58 96
18 56
71 86
107 51
16 39
12 72
9 60
81 89
12 17
101 73
104 31
96 135
12 42
61 93
105 29
21 22
112 120
105 147
37 82
112 82
75 13
47 148
64 22
38 140
55 55
75 52
3 37
109 54
75 21
97 100
5 90
119 24
18 18
88 76
94 13
103 4
10 43
38 71
65 38
122 58
125 140
73 103
54 132
69 17
85 89
142 4
103 113
43 18
127 136
99 25
56 77
33 110
129 85
125 131
52 42
94 64
117 108
40 31
33 26
149 71
18 18
63 131
10 48
63 117
41 135
78 62
116 116
39 89
134 102
99 139
33 88
111 21
115 134
50 43
2 94
66 117
140 7
79 136
144 5
103 3
49 45
54 57
79 108
17 126
119 37
67 1
30 5
115 147
46 5
30 128
20 81
77 125
145 31
134 142
101 98
92 98
122 72
73 72
104 147
64 129
30 105
98 33
27 131
136 138
70 61
92 119
124 75
25 82
70 76
15 31
98 34
132 78
143 145
22 36
28 108
141 8
115 133
84 31
131 142
127 94
13 15
138 37
70 59
126 113
97 59
142 117
46 116
145 131
89 75
127 114
135 133
149 9
4 107
146 82
62 36
77 138
137 100
72 102
51 57
148 144
8 86
14 62
130 35
139 75
31 18
12 54
101 95
36 94
102 117
125 49
14 81
99 143
39 123
15 6
128 123
98 2
143 88
56 6
90 20
94 26
125 142
4 21
5 78
7 56
82 114
113 84
75 31
49 67
10 145
10 68
104 125
129 90
90 139
21 147
117 75
58 53
35 66
134 77
70 10
25 94
136 73
72 60
115 18
66 118
70 11
50 145
27 60
49 133
125 21
104 129
20 81
109 6
2 34
65 118
131 53
0 4
59 47
95 98
85 40
147 71
95 60
34 96
135 24
102 131
139 15
18 147
83 65
78 121
107 117
32 51
146 9
87 113
70 49
85 74
106 34
12 128
21 76
95 77
129 19
32 144
122 134
23 71
28 68
56 96
55 76
69 140
58 135
64 91
31 36
44 124
88 76
103 107
142 5
106 115
74 4
61 140
119 147
123 88
31 46
119 134
4 129
9 54
3 40
122 84
78 34
91 15
43 128
117 5
63 121
107 20
26 22
74 64
58 127
26 40
124 11
18 61
75 123
47 95
132 95
0 43
5 52
7 92
66 138
111 77
93 117
88 122
127 76
71 39
36 32
132 28
69 77
140 101
101 21
45 7
26 122
55 82
117 29
54 138
122 55
125 98
67 29
75 28
67 115
127 137
74 49
37 133
52 91
137 80
18 132
61 30
146 2
68 96
72 33
127 129
123 133
111 60
1 148
130 39
65 85
70 75
55 67
105 4
124 72
50 7
53 29
74 17
29 64
140 105
119 84
126 109
100 32
129 18
45 18
63 105
94 114
63 8
137 17
125 113
60 71
129 38
144 20
58 14
146 41
1 9
146 36
75 38
109 111
101 19
15 0
134 114
22 119
118 148
33 19
111 63
121 53
129 109
83 59
148 15
88 5
59 44
35 1
125 89
65 117
78 87
42 61
33 131
91 53
119 42
6 92
16 101
17 25
79 116
110 137
61 38
146 22
54 96
3 75
5 65
44 144
33 56
74 38
143 27
75 17
41 126
38 62
57 27
37 62
31 70
79 30
11 107
84 25
18 149
6 31
51 125
94 73
78 99
148 35
137 63
128 112
41 27
123 71
95 129
97 129
139 117
136 87
123 149
6 48
146 11
48 42
141 115
64 101
57 50
111 26
69 108
137 99
6 24
10 92
92 101
31 31
36 99
44 68
37 83
83 125
2 49
23 45
113 6
118 48
58 84
53 72
87 128
58 109
130 97
131 121
54 44
23 119
126 134
32 89
62 0
14 102
135 9
5 135
34 73
33 40
83 95
122 66
111 109
50 75
10 39
20 124
129 112
135 126
108 52
64 53
13 79
77 0
50 132
104 92
4 66
50 125
10 92
27 0
104 111
140 66
90 91
63 105
125 139
134 87
77 102
14 106
124 95
20 0
80 33
29 124
119 92
1 114
10 121
14 84
48 36
43 46
36 42
125 35
50 36
133 0
19 51
55 46
72 54
4 86
26 124
6 85
90 22
76 93
30 121
76 54
13 61
129 6
75 16
55 32
53 149
96 110
6 69
105 65
1 48
99 64
116 30
48 22
19 107
2 1
87 37
15 125
23 124
109 42
103 64
71 18
19 121
93 75
104 3
108 43
70 130
132 104
133 120
35 14
57 26
145 118
116 134
124 31
0 90
120 91
61 81
77 79
24 93
2 45
0 144
60 44
49 41
72 87
92 74
75 104
33 75
34 11
134 111
51 65
123 78
130 35
84 36
67 56
147 70
123 93
93 50
32 53
25 35
23 41
45 106
113 58
26 98
92 140
111 21
61 92
72 129
139 64
135 140
77 42
30 131
36 52
116 66
17 149
0 94
92 135
126 105
53 27
114 65
61 47
35 137
125 77
79 17
135 125
68 46
79 148
147 109
120 94
31 6
144 96
111 0
93 128
120 116
61 25
147 5
17 19
129 102
86 60
112 29
137 100
33 19
19 145
121 101
65 80
88 117
72 83
49 99
118 104
138 101
131 136
114 44
120 90
68 124
55 74
107 129
38 39
66 54
40 86
73 42
100 15
38 130
28 90
134 60
130 128
44 68
60 12
1 35
140 0
48 74
129 33
135 140
12 141
96 31
98 42
80 138
68 44
65 104
24 61
103 63
37 32
13 89
78 26
144 75
106 84
32 58
107 78
76 114
111 37
113 23
3 97
96 146
6 34
13 11
105 124
142 115
16 149
103 6
111 68
49 37
51 59
49 65
61 108
101 65
125 31
60 27
22 69
68 98
149 50
47 2
78 32
84 148
138 12
31 148
52 89
81 91
83 20
146 7
68 50
60 49
54 73
23 89
70 36
96 70
104 148
59 135
126 133
73 95
17 80
54 42
32 121
15 51
79 29
133 40
85 122
102 52
31 103
112 140
25 7
103 93
3 30
38 1
97 104
55 1
14 90
51 131
32 88
144 145
86 22
63 71
33 91
120 127
7 129
56 53
92 108
121 117
61 16
27 82
38 9
55 57
2 118
130 19
41 100
23 48
131 62
98 145
81 85
54 123
80 79
4 75
19 135
129 26
57 95
37 109
79 41
89 25
127 128
120 43
59 93
149 41
86 9
2 132
134 107
123 127
39 72
88 47
127 6
67 100
10 92
112 48
6 93
111 54
143 83
9 116
65 129
118 130
33 145
73 117
62 54
133 63
75 137
3 39
2 106
76 52
91 126
135 52
12 33
8 47
127 50
88 73
12 104
127 38
65 146
140 139
9 27
117 124
92 28
60 57
40 105
60 23
118 118
126 13
145 141
61 92
84 144
82 64
36 27
21 114
34 19
26 82
16 28
72 78
118 96
19 84
38 49
111 47
3 133
22 112
87 32
131 118
105 126
23 147
17 147
145 134
91 128
135 15
108 106
14 3
80 50
63 6
132 0
54 62
41 88
52 3
39 16
112 104
63 80
15 10
148 66
131 96
30 50
50 36
48 80
101 6
6 118
125 80
77 59
10 105
95 36
8 15
71 148
124 121
2 89
139 132
109 35
58 106
4 92
107 116
67 117
86 149
128 149
69 54
23 137
12 108
51 137
130 20
81 38
32 29
45 48
1 30
131 68
83 99
52 135
52 122
4 12
71 30
41 46
94 92
48 135
58 13
18 82
41 33
107 18
52 123
120 83
78 133
76 58
1 15
79 25
117 146
94 144
66 58
129 53
49 133
70 146
5 30
52 111
59 86
46 40
137 20
40 144
100 126
129 51
46 93
111 136
91 17
90 15
118 22
69 114
140 128
24 37
32 23
128 56
88 2
100 134
127 62
135 2
26 53
88 61
79 145
32 60
61 80
13 37
66 128
83 42
46 68
56 48
43 55
99 90
24 136
104 4
66 72
27 2
80 2
31 133
124 22
76 119
54 106
8 44
80 117
125 149
93 5
125 52
106 59
25 47
18 60
117 25
139 122
19 95
52 121
133 20
139 47
86 53
126 89
5 15
56 109
124 125
101 77
23 123
12 38
22 54
72 149
121 40
118 148
112 123
126 120
110 6
83 46
36 58
137 99
138 70
91 123
27 75
109 65
99 70
24 52
20 32
61 58
92 66
59 49
99 61
144 54
86 96
71 24
3 132
30 146
137 69
68 91
138 138
125 115
16 75
22 98
125 143
45 41
105 80
124 37
118 109
140 118
130 70
100 46
57 120
35 4
141 3
54 133
27 144
95 120
66 126
51 122
146 24
62 134
130 24
70 35
40 20
47 53
126 109
46 140
83 26
33 79
97 39
142 85
3 45
59 135
140 60
141 109
139 14
137 6
78 57
89 138
0 1
6 43
109 73
147 10
91 42
126 67
90 26
45 52
66 62
23 74
123 41
71 112
35 63
115 93
105 109
8 43
53 6
16 39
63 47
143 142
72 46
101 31
147 89
130 55
30 56
52 86
78 146
120 66
99 73
133 98
2 12
50 98
141 108
81 106
75 124
127 79
123 15
37 147
7 42
102 143
148 82
132 80
11 87
59 69
78 78
61 57
23 148
4 85
136 23
59 127
92 40
143 37
114 42
46 132
95 74
127 123
102 27
107 148
72 86
5 15
41 41
76 119
109 121
136 82
24 40
72 118
67 63
129 118
71 111
74 14
23 12
109 62
3 56
7 105
144 121
57 64
44 144
114 109
28 96
120 99
76 15
142 60
64 80
77 75
23 135
51 52
52 40
6 108
81 118
89 17
143 82
135 132
121 16
143 53
57 81
68 90
132 60
24 95
106 22
1 42
51 134
61 98
126 138
131 6
121 114
39 49
92 43
15 87
3 40
78 114
10 50
29 96
25 117
146 95
126 8
51 11
133 31
9 75
6 45
130 2
51 146
51 68
88 142
79 95
23 116
70 7
143 27
118 26
20 72
49 79
89 107
61 66
98 3
68 38
130 20
113 8
25 72
109 1
85 3
21 112
110 38
100 127
34 11
3 77
24 96
144 78
67 1
86 80
53 58
120 26
105 37
37 139
67 59
44 98
19 69
20 87
108 81
12 117
34 77
44 28
15 36
34 132
7 22
26 124
10 31
61 75
108 29
12 46
0 96
23 30
105 42
25 73
40 101
5 123
141 95
76 19
38 86
0 114
109 142
43 96
34 16
114 123
32 115
107 77
125 103
77 47
22 108
80 136
16 66
32 101
21 60
20 97
36 11
149 101
84 79
52 136
93 35
105 71
42 62
96 101
93 111
70 125
37 144
12 51
89 88
47 109
114 34
12 53
22 60
14 103
24 57
142 88
42 33
141 93
121 119
128 14
41 34
100 40
37 87
144 8
102 41
69 90
38 29
125 26
61 105
13 131
17 110
91 115
20 105
114 3
107 52
84 106
67 38
124 67
65 116
40 132
57 25
95 144
133 136
96 8
145 55
83 146
56 96
147 62
113 137
145 118
121 62
73 15
12 22
93 66
55 69
31 129
119 137
64 112
9 87
18 20
105 131
133 54
44 29
94 25
125 99
121 98
113 100
61 22
59 123
26 128
50 100
127 99
69 98
6 15
51 115
139 67
92 139
85 46
112 46
142 146
43 98
109 119
126 14
53 29
63 59
7 129
141 105
60 144
5 14
41 24
126 96
22 117
32 6
90 108
6 96
107 40
93 24
86 34
57 111
59 42
41 113
124 66
76 141
127 33
3 3
25 46
125 39
39 55
28 22
113 61
79 93
63 13
21 4
148 91
109 13
69 137
88 81
20 38
65 80
9 127
76 11
142 107
46 4
142 127
67 127
63 36
59 30
70 140
50 6
30 4
92 79
100 30
41 60
62 55
107 55
106 107
141 66
145 91
43 79
97 121
128 120
95 26
61 133
140 77
127 92
3 78
105 19
45 121
106 126
127 147
121 113
104 99
81 66
5 104
66 100
51 99
95 75
65 27
114 82
119 72
42 115
149 41
88 16
124 90
138 11
119 33
81 67
102 73
131 111
41 18
57 98
7 131
62 76
104 15
3 42
107 138
46 35
111 89
70 117
83 70
109 136
97 22
86 111
55 82
109 69
89 12
78 54
9 100
99 40
57 114
107 95
63 19
30 78
8 149
86 135
115 11
22 87
57 5
13 40
94 137
57 18
36 144
10 37
42 146
85 120
147 35
15 23
108 2
108 145
55 143
36 91
133 37
13 0
74 132
128 110
73 146
98 125
132 73
147 88
130 58
81 84
40 77
21 48
21 148
7 32
12 87
123 149
45 53
115 15
130 7
93 92
19 100
86 60
116 74
50 130
99 138
134 137
115 136
97 77
137 40
140 41
124 19
139 133
59 94
83 141
15 73
59 112
28 6
101 55
128 3
43 70
22 120
60 83
43 119
102 1
85 73
19 149
145 15
75 103
92 99
38 58
117 60
2 97
81 127
112 103
125 111
91 20
80 120
21 60
14 118
133 30
89 31
104 89
67 76
85 104
143 47
120 102
25 117
148 50
55 76
57 32
12 32
17 144
130 45
61 42
95 142
50 80
120 30
45 141
73 132
66 95
56 2
43 25
104 149
107 68
63 139
88 131
12 61
72 110
93 19
15 45
19 99
56 136
1 61
67 92
81 47
111 45
80 117
12 107
54 64
71 52
83 85
85 76
68 90
9 74
24 66
80 68
77 144
35 122
97 147
50 26
81 60
1 97
11 149
30 90
88 135
21 20
65 1
20 28
125 125
55 48
132 89
67 125
36 77
111 111
69 114
121 63
73 116
14 11
140 119
97 87
143 95
128 62
56 141
89 103
90 76
64 76
87 114
54 121
141 41
144 52
19 74
109 11
113 71
6 0
139 38
89 77
96 44
78 43
33 144
44 14
117 142
43 46
113 38
42 37
27 134
141 131
106 141
97 113
102 68
124 112
90 4
32 92
42 37
125 31
14 124
75 53
9 93
58 60
79 143
0 79
64 129
125 47
79 126
58 9
106 9
64 114
21 21
71 52
110 98
16 5
23 110
52 112
109 80
112 123
87 141
2 27
104 68
40 10
136 123
11 43
35 146
13 95
68 48
133 23
48 93
83 137
65 39
82 42
70 72
53 79
108 22
137 113
47 49
18 29
7 31
123 9
108 21
73 126
11 82
119 5
33 19
91 29
62 125
86 137
108 129
127 99
18 93
4 97
98 64
57 135
28 87
30 103
46 85
21 44
54 74
87 29
13 76
88 71
110 87
22 79
9 29
41 149
35 47
74 16
70 29
143 21
115 105
39 48
78 24
146 74
58 99
145 26
51 104
4 79
64 132
44 33
125 109
46 61
5 83
84 3
62 40
149 93
64 45
27 143
135 29
28 55
22 69
18 135
86 133
0 5
5 135
126 20
5 136
13 34
110 33
146 90
64 3
117 8
0 146
80 132
38 56
18 5
0 8
26 76
144 57
141 123
109 83
126 80
145 114
112 63
81 144
4 26
39 14
92 55
87 25
85 40
127 9
84 79
114 148
34 123
68 134
102 5
62 72
73 96
89 135
102 8
45 13
23 102
51 42
36 54
8 144
89 5
87 126
61 113
106 29
30 20
17 77
2 102
16 148
140 81
35 44
60 32
69 11
11 78
96 129
8 64
47 13
22 141
79 22
33 99
3 100
93 123
5 36
54 24
128 85
80 71
137 20
138 143
67 34
97 10
68 116
81 65
120 146
67 119
110 97
62 73
124 21
51 36
78 135
108 111
16 33
86 8
17 0
116 98
60 84
103 57
72 57
48 5
112 127
27 129
17 64
6 106
108 27
113 57
32 146
139 74
69 141
100 96
137 9
41 104
12 53
103 134
33 146
124 22
2 34
137 47
11 109
51 139
52 29
149 24
12 48
50 112
74 77
4 125
99 25
3 113
82 100
13 116
37 141
139 125
39 7
34 83
115 119
146 54
75 143
76 62
76 29
37 29
18 50
69 131
123 85
78 136
16 80
35 12
135 77
89 99
22 147
23 119
134 71
95 25
44 25
134 42
73 26
39 101
143 14
14 7
130 85
98 5
123 118
109 111
19 144
24 141
64 0
36 105
45 85
25 12
47 69
137 83
52 19
7 98
83 119
127 18
61 1
99 119
5 9
60 63
99 84
94 26
50 76
68 62
57 28
89 146
83 121
67 44
35 99
89 81
27 54
139 37
112 117
61 22
8 36
12 144
148 139
84 100
140 41
66 27
43 49
113 122
139 127
36 118
67 72
16 18
88 41
75 130
95 116
110 79
99 8
72 76
7 74
79 145
74 65
18 15
76 31
82 87
125 43
98 111
111 14
59 96
83 43
51 61
43 53
148 57
112 104
63 34
25 60
129 84
24 50
18 134
29 140
48 15
35 3
27 16
11 104
56 4
118 142
90 104
142 36
49 81
105 95
136 30
78 37
120 22
139 104
68 39
109 40
5 33
9 30
37 93
69 26
125 37
124 34
44 60
9 131
114 31
20 0
133 40
124 22
107 104
64 149
2 122
2 65
63 118
124 55
10 31
108 131
81 83
14 103
41 112
81 101
114 98
102 57
140 147
85 6
23 101
54 9
125 131
28 120
127 51
71 48
48 59
77 100
5 47
86 100
131 72
89 46
149 84
19 11
0 60
69 36
92 84
17 82
148 129
86 108
124 32
42 10
32 2
77 63
111 17
96 113
146 82
63 108
78 27
72 88
12 4
3 11
50 108
121 49
76 123
105 52
4 23
2 45
94 82
133 71
5 128
77 75
117 69
123 59
10 53
5 138
79 48
21 88
93 16
1 95
20 140
129 128
4 106
141 148
88 115
132 123
77 18
90 14
129 25
19 128
15 91
17 136
63 13
86 20
30 54
71 133
133 44
12 32
102 56
45 51
48 125
101 78
8 6
73 113
58 97
30 65
85 131
68 21
45 115
122 19
78 128
91 51
142 8
110 50
94 144
97 86
33 64
78 128
77 114
0 33
119 54
144 52
112 73
113 148
42 103
88 4
78 66
21 134
50 149
148 35
51 146
87 55
125 114
54 68
141 148
3 51
42 93
138 113
106 42
104 20
149 0
114 121
57 18
25 26
20 21
11 3
103 128
80 140
116 67
44 131
110 142
68 47
96 68
100 149
34 62
49 90
120 99
132 87
73 114
63 8
43 93
36 6
148 37
145 11
8 122
33 84
111 18
111 109
40 101
79 69
99 77
92 19
39 98
62 4
118 87
28 19
37 81
25 55
70 104
94 15
29 20
61 47
125 144
99 66
38 7
34 68
19 65
100 10
148 1
115 24
96 136
7 128
148 146
60 118
51 28
12 38
16 136
120 111
72 74
130 124
107 70
82 5
51 37
117 5
112 140
125 147
113 125
59 84
58 2
5 68
81 53
59 74
75 102
144 146
11 139
18 71
47 25
60 105
60 40
88 9
95 64
125 101
142 110
21 119
133 14
26 55
28 119
66 122
101 122
10 132
27 45
29 6
140 99
39 74
147 44
14 33
27 19
16 122
36 137
65 60
54 32
63 88
33 141
92 109
21 32
120 105
0 117
124 36
96 0
128 11
91 116
149 69
18 131
41 9
74 141
84 22
144 84
11 55
99 9
140 11
20 72
25 54
52 148
56 107
39 83
10 24
99 107
30 13
6 65
76 50
146 37
6 104
55 30
68 88
112 114
31 12
91 120
26 122
9 107
37 39
100 93
111 124
88 121
9 37
75 103
46 49
54 44
30 52
4 24
64 126
114 139
94 132
65 86
122 47
97 54
56 57
0 78
21 121
108 2
5 144
102 129
127 117
71 59
13 46
111 142
47 17
103 73
145 70
20 102
121 102
103 0
30 123
96 124
84 3
25 64
71 126
10 22
112 106
116 49
30 10
106 2
96 34
29 139
121 47
145 20
38 53
52 134
5 63
128 59
133 144
130 55
87 54
56 85
0 39
120 134
50 38
67 25
12 114
28 83
143 24
106 44
21 45
18 25
86 40
132 28
117 54
111 2
138 73
66 43
26 94
106 54
95 104
87 17
82 77
51 107
72 57
24 28
122 22
25 83
46 33
115 77
21 97
46 102
36 129
125 120
103 37
27 21
79 110
17 133
17 39
19 124
93 124
59 46
116 110
25 96
146 45
41 63
135 5
60 9
26 145
82 44
20 84
95 149
98 112
108 13
46 74
140 27
31 36
101 22
86 52
26 28
56 133
107 129
136 92
33 136
100 6
82 72
44 10
63 11
93 29
129 144
20 72
125 24
113 68
18 113
104 72
13 116
30 84
71 109
5 137
20 46
62 69
12 69
85 84
114 77
38 67
0 55
142 121
43 138
51 120
13 11
10 111
88 129
8 40
38 112
149 80
56 27
33 12
83 72
70 51
39 59
23 86
13 106
12 58
35 79
70 15
110 24
142 69
146 31
52 117
78 23
86 84
106 78
14 117
6 146
101 35
149 59
115 145
88 57
29 121
0 136
134 79
40 121
33 37
0 122
130 98
2 79
61 11
89 33
90 65
76 43
91 56
27 111
120 115
31 45
24 139
145 148
128 98
111 128
98 72
92 10
139 123
126 18
136 136
81 68
93 121
3 126
77 67
149 111
54 40
59 5
149 52
67 116
120 93
52 81
102 89
75 92
101 93
27 122
94 133
86 92
44 74
126 4
77 110
6 128
10 79
47 99
42 129
89 49
136 2
78 108
137 146
11 83
135 73
30 132
133 54
132 120
2 112
64 16
63 145
30 89
18 90
26 26
39 78
51 28
93 126
107 7
123 140
16 17
120 123
38 41
96 16
45 22
33 67
109 68
56 105
115 138
44 124
140 145
68 136
78 58
143 129
42 67
23 82
84 44
102 14
87 94
19 64
60 24
8 102
40 74
109 99
57 86
68 113
147 12
91 124
51 128
111 39
131 77
149 82
124 59
99 56
124 17
146 84
52 67
138 6
135 4
36 116
55 114
95 95
6 98
56 0
128 58
102 117
3 119
122 27
131 53
135 59
131 113
43 135
10 50
135 33
92 123
46 66
16 133
79 40
41 101
85 107
130 62
125 31
113 92
30 112
86 13
25 29
9 25
2 61
119 138
81 124
18 110
35 2
11 86
91 88
28 13
142 39
91 134
79 25
69 80
67 93
51 30
5 79
91 130
108 64
19 22
131 102
133 17
28 67
148 70
121 59
93 144
76 80
7 57
81 92
79 55
59 111
66 67
15 97
32 10
107 107
9 39
59 87
64 112
137 112
82 123
87 12
116 14
5 121
130 26
86 2
95 44
131 140
10 51
37 15
83 60
105 13
5 2
101 18
106 77
4 105
58 43
56 63
47 27
60 94
96 53
125 58
45 20
118 115
125 14
102 49
29 72
61 124
115 43
112 79
65 133
76 24
61 131
77 7
41 91
68 53
87 42
86 27
80 20
22 103
59 40
97 95
76 107
11 70
24 79
23 111
95 23
128 45
27 47
49 96
87 58
77 56
55 76
10 110
108 117
80 33
93 55
25 42
17 101
134 41
31 9
66 93
39 113
112 142
117 92
71 79
66 71
109 0
80 127
6 103
141 65
134 61
52 18
135 100
25 134
120 16
145 121
0 23
101 54
65 34
53 105
87 23
1 116
115 30
2 116
65 44
78 20
72 74
110 68
3 33
70 115
41 129
100 28
80 24
56 108
140 74
116 20
86 62
10 93
33 60
122 126
16 91
99 2
62 121
24 11
62 82
1 102
29 99
18 20
114 131
71 121
29 126
130 127
69 99
35 88
20 103
7 114
47 0
133 130
33 42
4 115
49 64
69 99
82 88
83 123
36 97
20 60
139 10
74 26
75 75
138 124
102 62
33 114
73 131
10 0
134 75
85 125
125 129
64 4
5 46
128 33
143 33
99 57
13 37
91 0
13 20
43 28
115 5
41 75
141 68
29 64
118 12
54 15
53 13
83 79
91 80
74 120
78 12
20 75
80 113
85 70
115 42
63 127
75 44
2 17
147 95
101 129
14 60
138 0
61 149
89 75
16 28
128 149
117 24
75 36
108 112
12 70
95 125
54 29
138 90
89 123
63 94
149 86
4 27
82 51
119 139
43 144
24 49
24 35
80 128
103 106
77 25
97 111
129 102
81 117
139 44
123 85
58 99
16 68
121 12
115 124
78 85
10 146
148 60
137 6
106 60
86 69
85 22
32 58
79 48
71 33
88 104
80 41
77 1
99 95
22 91
141 124
129 72
19 22
139 148
1 10
109 40
92 114
40 115
132 74
33 141
54 13
142 100
115 90
135 60
37 90
2 41
110 119
22 52
137 100
90 73
83 96
80 36
48 32
80 73
139 36
27 89
55 111
145 54
148 44
72 126
8 84
144 3
35 18
44 135
107 108
27 140
36 33
99 114
138 62
78 59
59 98
106 43
96 43
101 60
72 19
148 21
74 127
56 62
9 92
117 59
137 37
41 132
106 20
79 51
73 140
20 16
79 70
121 62
41 27
133 139
20 62
6 1
53 17
18 62
47 70
24 138
12 29
51 72
81 40
122 56
17 77
30 134
126 90
58 33
57 27
115 104
74 13
111 53
29 6
58 62
28 13
99 126
81 116
121 112
31 94
88 55
139 127
137 91
128 103
135 46
71 76
135 78
42 144
99 114
145 86
134 123
16 7
136 68
148 117
0 133
23 9
26 139
80 89
119 39
124 104
122 34
144 97
128 101
33 50
28 39
23 126
114 99
90 135
149 143
128 87
19 131
97 53
2 23
142 9
2 132
125 28
100 56
109 40
60 141
46 79
17 0
117 53
69 27
58 36
41 75
77 60
24 88
46 112
61 6
92 69
105 30
147 14
94 89
137 37
99 122
85 6
90 59
73 3
112 29
74 2
23 129
53 63
125 6
46 47
135 28
112 105
145 106
27 72
112 117
109 82
14 54
70 32
73 142
145 82
113 77
110 84
133 56
49 125
6 29
55 142
48 105
137 17
14 42
14 47
142 110
10 130
103 38
66 101
141 27
138 76
24 65
4 93
52 108
116 103
111 91
88 57
19 65
57 13
86 149
116 95
70 46
11 113
125 141
88 17
101 48
76 28
145 1
30 28
99 90
26 58
12 98
137 61
27 38
24 92
140 134
62 46
137 122
11 33
69 116
121 59
114 112
21 112
42 16
41 11
134 100
114 45
42 109
57 19
70 77
120 22
68 95
67 125
103 140
126 8
112 146
63 105
71 7
130 19
106 6
78 126
129 110
16 104
25 133
49 122
103 10
147 68
107 76
137 74
79 132
138 38
99 25
129 144
15 87
139 145
10 78
141 75
101 142
8 30
56 40
12 94
107 59
77 127
125 108
67 23
106 82
51 145
16 116
47 132
136 81
100 133
129 33
105 118
17 42
112 43
34 36
132 140
41 129
38 80
0 39
23 50
128 137
102 36
33 112
139 40
42 84
6 126
28 44
118 88
124 24
3 32
67 21
81 12
6 12
131 79
17 129
86 94
42 115
93 69
139 135
70 82
10 63
35 109
38 120
105 7
62 15
86 15
62 28
63 28
122 147
106 140
0 86
134 15
93 13
49 99
102 117
56 144
5 1
65 139
139 108
100 138
85 33
139 73
1 59
82 5
16 80
51 31
85 58
80 134
48 5
34 88
41 10
133 88
67 138
15 28
87 53
105 53
52 137
62 36
100 123
69 143
57 57
6 76
25 97
21 93
109 127
93 142
18 101
88 45
138 137
126 3
17 139
130 52
57 147
133 139
125 94
36 58
96 28
45 87
52 85
116 127
118 133
121 10
111 115
107 127
116 24
92 126
101 63
37 78
94 55
86 118
63 56
40 142
81 101
13 136
88 4
18 83
76 73
135 42
8 98
20 19
52 120
111 131
130 76
52 103
42 142
83 146
47 74
35 0
79 145
60 38
87 52
136 115
6 126
79 103
143 140
4 139
78 0
65 67
85 142
144 5
85 48
43 117
117 13
102 147
67 46
40 141
116 59
144 66
98 44
1 116
27 127
124 65
102 22
37 60
135 25
49 122
2 137
12 0
102 94
9 131
109 106
80 93
31 111
91 53
129 105
78 114
53 28
61 9
9 2
40 75
10 27
63 20
21 137
11 112
50 9
39 139
103 87
2 137
122 38
95 123
7 26
93 9
5 75
98 128
10 86
4 11
8 145
28 41
94 135
99 61
1 14
19 75
114 111
51 38
48 90
28 50
15 38
119 70
122 92
6 26
141 130
99 65
99 142
5 8
63 116
80 110
118 54
120 51
89 125
95 122
29 149
14 2
17 94
114 116
60 82
0 79
15 71
102 122
67 70
92 130
57 114
20 19
134 108
89 13
55 131
52 149
70 144
39 55
102 108
133 74
113 66
56 88
44 58
82 39
33 86
68 49
40 91
82 71
62 93
76 44
31 63
16 139
124 136
126 2
128 87
76 126
96 75
131 57
77 20
75 44
126 16
139 66
115 82
103 61
40 136
123 95
10 51
93 137
22 34
13 38
149 131
72 128
142 65
129 97
97 57
132 59
129 118
130 0
26 80
122 20
9 115
103 95
137 18
60 132
104 28
117 42
134 75
75 55
111 31
116 8
48 142
27 19
137 116
37 41
92 85
100 40
77 7
99 27
15 23
76 109
93 138
106 127
52 33
13 82
55 34
60 17
12 107
109 13
92 147
86 11
133 87
62 132
69 50
29 98
64 39
134 30
35 11
121 9
139 17
33 53
60 67
36 7
50 118
118 126
142 41
44 27
25 80
92 58
113 92
87 98
3 46
127 136
100 115
44 38
98 129
121 148
109 95
43 48
62 138
115 77
0 100
98 63
10 78
83 25
54 111
102 108
50 90
24 11
7 40
75 147
94 41
32 54
28 90
43 54
75 3
107 149
135 43
74 104
80 32
55 32
126 27
16 117
0 44
115 139
129 17
101 74
56 58
46 30
143 137
40 47
100 11
115 83
138 67
79 40
149 14
113 5
126 98
32 5
107 122
142 77
110 149
145 116
80 118
95 83
87 111
38 3
1 10
85 130
141 57
17 26
9 142
1 100
105 142
129 57
83 129
142 109
14 45
141 28
120 19
86 2
19 63
97 97
117 87
144 59
19 129
15 52
25 7
10 120
33 27
105 137
5 65
8 12
45 13
22 132
35 109
87 4
46 82
113 117
41 121
30 35
16 36
43 58
16 57
50 126
2 36
7 76
142 75
39 125
133 57
56 100
44 132
73 62
81 33
110 46
72 51
33 106
4 12
123 85
9 141
64 40
114 7
135 88
56 12
3 82
92 2
17 148
117 77
57 122
15 25
2 34
50 126
46 67
79 131
46 63
99 146
76 8
106 5
120 32
73 121
101 93
13 100
128 95
78 109
78 73
124 27
29 31
47 49
100 15
86 78
52 125
49 87
97 70
122 21
44 35
131 45
91 21
35 93
56 78
93 105
129 89
141 53
61 47
126 47
52 136
7 75
74 119
99 10
35 12
122 95
134 84
82 93
110 47
7 76
44 50
56 2
56 51
4 10
35 29
47 146
77 79
142 120
132 21
95 21
32 26
82 55
22 81
123 35
75 99
105 101
9 40
110 73
147 90
75 146
69 1
113 141
28 76
91 83
137 30
78 49
104 91
12 10
58 131
81 21
43 33
1 80
37 11
57 133
133 20
64 49
14 40
13 8
74 137
51 98
85 134
50 42
127 118
102 89
133 149
49 117
49 104
32 73
69 117
65 94
69 141
103 44
1 42
60 35
75 98
13 138
125 144
4 51
81 104
128 10
43 46
131 79
64 11
108 102
121 97
134 131
3 19
109 97
60 32
20 46
98 20
27 22
135 32
60 62
77 107
27 12
10 79
96 47
76 16
52 52
131 71
126 124
133 127
12 35
94 55
61 87
145 69
91 72
146 27
18 97
118 100
40 68
93 94
102 46
58 6
117 50
148 13
142 106
22 120
95 141
57 51
6 142
14 42
24 24
122 125
140 45
73 55
63 2
73 22
99 15
8 117
110 110
31 57
5 126
92 106
19 4
97 57
106 62
125 49
113 40
35 71
119 107
130 4
87 130
6 115
36 147
107 55
76 29
113 89
9 15
135 35
40 86
0 85
51 7
82 30
60 30
37 143
143 109
132 52
134 100
117 120
108 134
43 55
133 13
123 140
33 106
73 108
98 1
90 55
69 67
129 37
13 105
29 126
87 36
55 122
127 114
40 87
12 11
94 15
0 65
49 102
28 131
38 75
3 116
126 125
78 134
53 13
79 81
12 130
32 35
116 138
128 124
33 95
82 126
65 107
13 92
79 147
90 57
38 89
148 10
32 85
127 52
56 36
53 127
97 127
84 84
126 107
55 10
37 88
129 20
53 86
143 86
137 46
49 129
55 128
66 77
146 8
149 105
124 110
111 117
77 10
51 54
19 54
109 13
39 36
5 144
94 88
22 95
26 72
46 16
114 142
66 53
101 81
127 111
73 2
9 134
40 40
35 97
109 77
92 48
58 113
68 13
133 24
84 94
58 102
148 127
56 54
145 3
50 10
16 28
136 21
73 36
140 118
111 110
63 87
116 21
21 71
68 128
88 138
84 24
112 122
71 51
45 61
29 143
97 119
149 34
70 59
80 93
77 107
62 71
50 35
55 123
78 3
102 111
8 86
53 6
119 145
87 129
54 146
103 130
80 135
17 88
129 133
99 128
18 87
53 98
49 94
138 45
9 118
27 77
113 25
30 138
41 118
147 37
104 112
33 127
107 112
22 124
8 149
119 95
42 31
1 96
62 69
42 136
74 88
111 29
92 19
129 18
88 48
75 63
100 79
13 70
55 93
85 130
80 63
36 96
94 77
5 42
15 101
83 137
50 107
50 147
60 34
126 69
141 5
71 40
17 61
79 0
65 39
1 67
88 2
86 98
103 133
22 86
149 128
21 128
0 134
110 88
56 94
44 37
115 21
65 76
103 9
122 90
63 147
87 72
108 40
102 122
34 31
112 110
10 44
126 44
44 50
88 90
127 80
108 64
132 135
143 34
142 54
40 108
147 32
29 104
54 10
90 109
33 129
27 124
5 49
145 100
81 83
91 106
91 12
142 2
87 45
8 29
83 133
112 40
19 58
13 45
85 15
10 109
48 5
6 43
125 13
61 93
39 116
20 130
95 42
108 125
119 59
79 58
22 10
66 49
25 87
148 47
143 18
73 142
89 71
1 101
115 142
48 22
14 82
27 29
47 14
84 137
8 71
122 3
69 62
31 78
134 121
12 115
56 4
46 65
37 100
140 37
89 82
37 91
22 138
130 145
145 135
34 83
58 94
129 105
24 105
94 88
115 116
147 117
35 81
22 121
89 144
55 90
14 55
132 4
47 41
148 148
93 57
148 87
72 104
54 32
143 64
108 3
145 11
13 91
78 134
101 93
144 33
3 130
116 85
31 131
79 98
108 128
54 52
140 17
68 43
147 41
30 142
20 80
125 129
119 35
0 30
56 51
95 98
79 139
124 16
65 120
98 80
12 16
28 76
127 62
23 131
32 30
35 14
135 8
8 96
66 115
13 43
29 107
23 36
43 65
24 137
40 74
33 47
106 16
71 76
75 97
9 11
46 97
62 35
136 22
70 45
101 137
57 54
77 28
6 141
56 78
35 62
24 122
8 128
64 62
61 21
69 106
44 133
145 75
86 86
52 119
101 135
40 30
29 66
69 83
51 80
138 149
76 42
17 22
4 17
136 55
22 95
8 110
76 77
78 91
146 29
40 73
113 86
36 142
18 128
16 98
80 71
120 63
135 9
96 147
11 101
59 87
21 114
97 49
5 87
73 29
130 47
139 139
14 136
0 31
44 48
149 128
60 57
45 89
120 19
139 118
82 12
15 87
40 11
12 72
99 81
141 126
17 65
49 115
118 124
137 38
62 117
4 51
123 131
24 17
114 87
2 66
125 3
8 134
31 45
141 103
24 5
50 69
23 101
2 115
36 93
115 116
117 50
133 132
6 38
142 84
96 17
132 101
142 141
99 98
36 50
47 52
101 64
14 93
140 36
117 0
74 15
91 121
43 41
112 21
75 146
84 31
112 10
129 8
73 103
52 54
1 14
2 97
149 122
97 88
66 115
107 22
40 41
73 78
147 62
48 107
1 103
21 115
14 48
9 86
109 23
53 23
79 106
127 111
107 34
125 31
119 96
128 107
22 84
53 115
11 129
59 120
34 66
118 68
135 89
79 101
136 45
60 7
65 91
131 11
110 105
111 42
31 141
67 119
59 34
20 113
18 87
123 94
6 122
78 94
48 5
63 59
51 54
2 56
51 14
143 4
9 130
87 81
146 38
53 121
4 121
53 142
114 91
83 64
33 138
65 101
74 125
119 90
80 143
68 42
114 95
112 80
145 38
146 5
4 51
95 87
104 129
2 144
68 124
90 144
81 4
4 16
110 67
84 10
73 62
20 135
121 81
134 56
65 119
110 27
114 54
149 100
87 44
125 97
42 78
91 75
148 73
33 9
90 89
79 66
39 7
134 102
128 98
20 55
23 91
26 33
62 115
31 96
114 15
127 63
80 63
32 143
43 127
103 24
68 107
48 46
3 7
86 114
49 148
81 42
51 93
129 106
109 124
18 109
31 2
17 141
127 14
96 102
90 14
100 24
98 4
3 132
53 70
33 135
91 2
73 2
79 1
49 145
138 37
6 119
64 133
90 21
55 93
74 47
138 72
67 147
89 61
123 34
5 40
95 44
98 141
57 112
138 29
116 15
40 0
44 107
23 2
133 25
101 24
106 100
90 24
69 100
55 82
3 106
146 95
21 117
81 88
0 76
136 148
97 86
26 59
99 88
92 24
40 54
148 23
96 4
50 143
79 33
67 149
0 80
106 68
7 43
140 130
28 57
25 10
23 88
10 12
82 138
5 63
76 126
5 2
146 98
46 3
12 56
48 26
63 8
72 43
15 48
47 114
107 30
80 137
102 148
146 105
40 144
102 20
56 114
130 30
82 106
10 131
78 26
61 93
39 3
129 50
96 73
55 90
132 130
131 15
31 100
97 32
39 6
148 58
99 61
34 111
147 76
20 53
92 21
17 60
102 74
42 0
11 38
72 43
91 50
142 95
143 54
66 20
85 49
121 13
139 55
66 59
143 37
94 98
0 133
104 13
131 99
126 56
102 12
58 129
1 94
29 31
133 5
136 133
144 57
39 64
13 70
25 118
95 116
26 19
125 134
20 110
104 139
148 48
59 19
139 67
3 42
36 22
108 60
30 134
8 124
127 49
147 134
56 107
146 34
126 17
76 56
50 16
19 26
72 93
95 16
48 126
66 79
33 139
126 50
73 117
106 118
76 110
62 26
83 19
116 50
104 42
16 60
38 127
130 126
12 95
81 20
70 87
47 80
9 86
15 6
12 53
105 5
83 19
108 120
82 76
137 80
105 19
74 34
126 13
83 49
25 87
130 80
71 15
100 15
19 131
119 37
67 22
43 126
81 37
26 58
108 140
81 89
136 130
0 13
21 130
111 123
141 28
34 8
139 71
81 70
62 54
111 143
55 45
64 133
71 133
77 42
22 18
18 32
14 67
96 19
39 113
21 51
131 115
137 100
89 83
129 6
35 7
137 19
94 29
128 126
96 65
0 6
87 24
25 24
15 99
96 134
33 130
72 129
139 35
36 132
123 114
122 36
115 21
114 30
42 142
113 82
130 88
17 77
21 10
65 13
111 133
30 5
11 18
76 73
43 80
80 116
121 11
90 69
81 31
33 20
113 129
68 115
80 57
47 39
76 60
71 21
71 108
7 97
8 76
101 55
138 126
99 149
61 89
137 92
86 75
95 103
21 114
44 89
144 33
13 21
145 147
83 6
23 138
141 143
115 86
4 99
110 6
121 64
125 74
14 8
80 116
33 2
96 131
8 104
53 80
104 97
144 128
73 39
90 67
107 38
141 108
114 21
5 68
14 101
87 102
134 103
97 94
131 1
10 84
41 73
47 124
70 40
37 39
67 64
144 81
50 91
73 48
6 65
102 147
116 95
24 103
33 17
72 21
24 57
33 110
72 106
63 83
82 50
21 45
132 133
87 8
134 50
82 76
108 95
132 9
58 83
21 115
93 72
86 62
135 110
149 123
43 140
43 26
30 46
123 87
136 2
58 39
38 118
95 57
11 59
96 123
65 44
71 147
68 127
2 47
55 91
39 38
139 27
76 49
66 21
31 37
46 26
76 5
126 145
24 79
20 93
128 53
23 56
94 85
123 100
73 88
4 112
65 112
4 61
133 49
66 26
54 23
97 120
42 22
124 7
113 68
21 141
115 23
1 28
24 15
38 121
143 44
64 5
31 0
7 19
137 43
111 129
67 20
2 136
52 94
10 6
15 46
30 118
83 113
68 35
48 20
95 49
71 8
67 34
108 43
122 100
60 22
90 56
114 97
56 55
124 124
115 32
80 3
147 67
97 107
21 148
147 134
50 41
129 81
7 8
126 118
139 147
114 69
71 18
138 142
70 26
121 109
19 34
24 40
80 86
8 73
29 81
19 28
102 45
79 122
3 55
13 81
105 115
133 36
104 66
94 124
91 4
115 130
21 145
37 108
101 86
84 136
117 20
7 108
50 25
111 136
148 92
139 24
48 140
124 24
31 14
59 62
118 22
74 130
145 51
121 58
44 96
2 23
99 115
126 122
36 119
70 93
61 146
23 39
110 137
18 56
136 104
117 148
2 78
53 45
123 63
71 45
104 132
13 106
31 73
81 97
147 115
18 35
67 127
133 123
115 70
149 95
145 86
18 56
81 35
111 21
76 118
128 101
99 103
6 105
96 44
135 132
40 61
29 68
143 131
21 113
124 116
126 29
80 56
113 102
104 66
55 102
138 86
0 132
42 81
61 48
129 30
87 55
64 11
29 43
9 58
55 117
11 111
4 53
119 71
136 59
42 85
95 97
85 39
132 140
116 0
147 73
137 72
64 47
33 103
70 112
29 65
107 48
129 46
66 115
36 59
56 59
54 117
13 139
81 103
96 28
74 2
99 4
82 123
44 145
14 1
46 114
52 0
8 48
118 94
77 104
108 106
31 49
82 105
4 49
109 143
80 133
116 50
17 78
54 104
25 15
14 129
126 104
6 119
120 79
92 19
95 111
6 12
116 94
139 117
115 143
41 66
119 5
32 116
112 93
42 137
60 106
124 8
97 138
94 90
45 42
81 4
79 74
100 101
39 123
140 7
49 36
31 143
49 26
51 52
7 91
96 2
50 38
2 76
143 49
57 45
74 66
70 115
105 73
17 60
64 56
149 51
77 143
75 146
132 89
68 44
68 26
144 136
84 122
118 70
76 28
127 115
45 123
40 69
22 40
114 34
109 141
125 120
64 115
40 51
15 133
34 105
57 148
39 19
86 130
43 131
14 47
16 72
67 20
129 112
68 100
5 61
52 110
114 7
43 78
77 20
136 83
115 141
38 25
16 108
48 44
29 142
126 59
147 145
66 119
52 115
146 0
56 10
114 73
112 131
25 141
45 57
74 110
132 74
23 75
13 113
44 60
67 12
132 51
0 92
9 1
78 133
31 146
106 149
69 104
127 109
12 21
112 123
122 40
78 31
146 86
10 61
14 91
45 64
34 47
136 134
70 53
127 7
147 94
29 131
61 75
77 142
138 81
77 38
12 104
20 15
130 87
0 13
29 28
112 35
105 26
87 6
33 13
69 64
67 2
74 149
7 84
90 123
130 22
114 24
92 0
144 56
51 63
105 125
90 44
70 18
5 124
26 91
18 126
100 62
119 67
77 120
25 76
94 39
44 22
94 76
143 72
54 50
79 43
66 39
7 87
93 134
37 18
134 127
82 146
1 104
8 9
145 88
115 1
143 29
62 54
73 91
78 143
3 139
64 31
138 133
102 56
50 51
19 13
109 29
87 108
49 16
18 49
143 111
128 65
78 7
44 79
80 38
139 29
16 29
106 114
17 37
49 132
18 56
82 40
68 0
12 97
7 80
133 137
112 67
131 3
17 126
127 83
84 12
32 51
27 13
22 148
98 34
32 21
66 93
116 108
118 50
107 97
139 63
145 77
41 9
44 86
111 7
8 56
133 43
53 31
118 19
13 75
59 119
5 89
83 47
76 4
128 15
83 70
73 106
51 82
64 117
138 51
76 143
142 148
90 85
10 34
24 27
7 60
94 66
64 131
127 125
126 116
15 73
26 22
63 11
24 115
56 33
76 12
80 18
11 22
127 69
44 109
68 38
13 24
79 28
119 105
51 130
30 31
121 10
149 120
118 49
97 17
98 0
39 146
69 40
128 73
23 97
31 113
13 23
108 1
42 16
38 128
92 57
59 122
124 122
35 6
92 118
62 72
13 3
7 49
27 5
117 5
84 55
102 99
6 114
73 13
23 44
135 45
118 114
43 1
54 88
17 90
25 23
10 73
69 4
56 96
16 25
93 67
147 9
46 132
36 133
78 142
20 147
102 26
107 25
64 110
48 47
35 96
82 89
46 34
53 131
61 76
91 121
116 105
51 31
101 41
41 86
145 54
35 108
29 121
121 83
91 2
141 111
43 36
113 17
60 101
41 51
7 4
41 9
134 46
7 138
13 47
149 90
43 13
20 76
28 10
65 93
79 68
24 50
134 145
14 15
12 63
93 54
85 131
145 78
117 67
17 134
72 69
130 32
114 102
77 145
51 63
86 116
63 108
27 125
23 128
85 79
11 109
44 134
145 50
143 45
95 111
10 82
81 57
107 71
36 107
53 144
71 149
120 125
22 6
6 15
143 39
59 109
114 143
126 130
92 25
119 78
35 0
38 96
118 24
11 67
27 96
2 93
69 95
99 111
127 5
94 111
148 99
13 19
53 51
128 72
52 97
33 46
62 35
78 79
100 116
111 44
118 104
82 18
38 139
54 24
40 137
148 82
55 137
117 12
131 114
36 128
88 41
54 113
81 145
94 76
145 83
15 92
16 7
122 5
15 73
40 89
9 117
67 126
116 41
86 96
145 54
16 124
107 59
33 52
122 118
56 86
45 125
79 53
19 32
50 91
114 132
136 23
34 53
5 58
53 68
1 128
60 147
149 27
14 56
96 124
57 23
1 2
69 83
43 26
46 117
110 20
3 128
123 18
56 46
97 41
134 148
32 72
18 114
91 19
36 35
112 123
62 73
111 31
38 104
117 71
62 127
51 45
147 146
78 117
12 140
116 43
14 40
91 34
81 25
27 142
101 124
73 148
11 65
96 41
35 49
70 51
9 132
33 64
44 108
48 117
50 127
113 8
116 22
76 46
126 2
94 11
88 35
129 108
2 1
94 109
48 144
142 102
9 112
17 8
76 57
42 144
30 112
8 51
41 133
66 42
66 79
52 83
51 91
107 144
1 28
71 33
97 88
101 119
102 145
106 97
106 68
93 70
100 101
44 36
72 38
26 124
78 0
16 22
82 97
142 123
85 7
49 17
43 14
66 91
15 96
98 62
125 34
105 126
20 18
90 100
24 37
120 120
78 113
60 56
31 39
8 19
6 108
95 67
24 29
53 47
5 18
111 5
95 122
74 109
120 3
128 107
97 99
6 129
45 58
56 109
57 113
66 98
22 131
42 107
64 51
11 79
11 35
1 95
145 77
21 112
132 1
87 12
34 121
102 10
123 61
101 89
36 123
85 107
33 102
141 116
139 61
114 26
100 137
132 29
121 134
127 88
41 112
16 135
56 34
110 137
108 5
37 131
124 95
30 90
99 38
2 113
88 101
35 89
57 51
61 145
95 94
57 138
35 102
31 21
35 47
118 35
132 99
85 121
19 129
144 69
53 135
128 68
29 135
29 100
46 143
146 10
71 52
26 79
63 31
90 81
102 92
96 61
80 39
136 143
103 86
43 42
45 126
130 56
4 130
129 46
4 30
23 141
12 48
54 147
107 13
12 30
73 48
92 64
7 43
92 57
145 46
142 59
95 80
29 108
101 144
4 90
34 122
52 34
133 19
70 38
48 63
49 43
135 41
90 43
11 74
91 44
26 21
44 55
86 17
79 81
141 68
145 126
42 62
117 127
137 132
2 84
146 7
42 76
28 100
21 107
86 38
30 135
39 36
110 59
145 16
75 124
39 37
16 10
47 46
95 35
44 127
51 120
112 84
55 141
90 33
70 3
39 54
83 63
73 61
68 12
58 20
104 14
96 75
97 38
52 133
54 40
100 119
50 123
21 88
82 109
76 85
6 74
7 132
30 119
131 2
86 60
107 3
49 139
137 14
101 28
113 56
24 60
14 36
136 65
21 124
139 1
92 71
29 9
29 77
48 86
8 129
107 53
17 135
84 34
139 110
127 121
20 32
25 85
96 111
13 126
72 113
118 93
26 31
118 145
102 108
53 23
92 82
33 9
100 29
84 58
82 9
99 146
102 42
113 22
71 138
88 116
10 8
17 145
71 17
127 132
64 12
40 36
111 80
46 33
149 97
84 13
117 80
46 63
1 118
103 35
10 24
116 76
12 95
11 93
0 126
109 118
44 14
6 113
147 49
144 93
26 80
111 29
36 47
84 113
47 2
98 147
77 88
76 123
130 125
144 78
147 138
149 79
91 149
80 109
3 97
93 70
48 88
27 110
68 74
32 55
58 97
53 78
144 17
130 2
40 50
87 149
121 123
42 91
67 9
147 61
38 49
39 23
73 48
121 33
76 38
81 67
112 6
139 69
19 131
57 4
130 127
11 52
77 115
110 3
95 83
139 99
63 31
32 35
41 89
100 15
124 93
31 133
126 16
92 14
68 8
127 100
141 112
121 94
58 45
47 9
17 44
64 95
96 118
6 55
115 62
46 71
123 76
117 87
103 57
68 63
62 27
52 101
3 131
110 13
50 116
99 119
128 107
148 6
14 146
147 12
78 84
22 130
121 35
112 125
6 148
145 62
75 91
77 57
58 76
111 84
139 50
85 85
20 3
62 104
79 20
23 118
144 140
53 115
93 22
24 109
5 146
86 35
30 13
102 25
139 71
69 37
41 69
88 20
4 88
126 105
57 121
142 116
33 59
114 11
16 27
94 96
105 75
29 116
53 146
68 119
141 35
123 136
95 38
55 143
97 99
97 89
64 116
66 25
61 14
114 128
82 0
140 34
49 57
47 16
47 84
134 43
14 7
52 22
67 112
117 91
29 145
51 50
39 143
46 66
106 21
56 104
25 46
42 65
26 81
133 140
127 47
96 129
45 136
137 25
82 1
133 68
113 82
1 60
64 78
8 27
51 51
74 124
61 134
36 72
98 30
134 74
68 107
107 134
26 99
8 59
123 124
44 123
96 90
5 149
116 27
119 45
84 90
10 126
128 84
6 71
31 139
108 35
37 0
30 120
25 129
16 100
90 27
17 0
139 142
0 83
122 44
81 97
21 54
36 37
112 16
135 76
96 121
53 29
52 114
44 60
102 109
115 4
33 16
57 127
129 102
15 12
88 116
76 65
110 76
10 6
89 143
88 123
64 138
77 132
49 122
148 22
34 9
117 10
51 71
127 41
48 121
87 65
140 111
104 146
8 86
54 86
20 69
105 88
48 137
16 7
45 64
113 75
133 55
65 56
65 45
111 111
145 3
43 84
2 127
46 54
148 103
15 70
3 75
32 116
96 74
48 7
22 15
62 39
60 11
103 120
46 130
2 128
134 103
121 9
148 114
91 97
26 115
38 95
105 109
43 32
88 129
145 72
24 92
125 136
112 144
95 83
113 135
139 6
37 88
108 63
31 22
51 19
38 20
119 26
120 14
9 108
94 97
143 67
33 0
115 39
125 46
79 146
8 20
118 146
137 20
49 69
92 17
67 41
83 143
41 72
84 125
122 115
3 60
57 140
43 20
133 103
109 49
69 93
129 94
21 70
144 24
111 23
87 70
112 56
100 58
103 74
87 2
18 144
56 106
110 123
74 145
82 48
131 22
80 87
39 46
128 148
118 138
60 148
133 18
135 90
141 126
0 50
67 132
131 45
93 109
80 129
103 101
50 47
87 39
46 137
139 141
0 40
15 134
115 149
128 57
68 30
51 118
148 64
7 85
75 11
113 83
9 107
109 114
37 132
51 40
27 15
14 148
15 145
149 30
19 127
132 74
90 41
14 79
96 130
63 21
14 27
4 87
25 100
9 106
104 66
127 34
22 64
62 28
102 37
126 99
138 129
23 116
41 118
28 81
29 19
63 122
74 5
57 70
137 69
94 116
34 141
12 94
69 27
40 108
51 125
41 139
109 87
125 136
142 144
26 102
45 44
25 13
125 10
111 42
10 64
28 81
61 113
131 141
29 138
119 128
50 93
73 111
37 45
57 29
91 119
65 51
14 101
18 15
14 135
62 53
66 33
15 129
95 82
121 32
128 3
99 127
9 87
12 107
57 58
131 70
12 11
0 36
61 122
99 33
15 94
121 62
18 77
64 32
3 108
38 70
3 81
35 130
58 121
44 58
106 109
88 27
56 35
129 119
42 141
80 147
54 93
84 98
60 107
118 139
126 90
49 49
93 135
29 138
89 114
126 11
11 61
74 111
101 77
119 12
137 33
18 97
101 35
127 118
42 88
41 112
7 87
36 140
123 22
7 102
10 48
104 60
20 22
75 103
87 103
11 128
27 97
74 104
43 149
71 44
124 69
25 12
124 28
103 119
144 131
30 137
19 2
114 55
102 139
105 90
32 147
91 60
12 89
94 39
93 26
56 56
110 147
60 119
36 78
98 88
95 106
39 140
140 122
0 62
24 38
97 60
25 54
16 7
36 136
8 125
42 149
36 2
43 115
42 74
129 15
35 126
93 126
9 76
91 36
133 87
77 117
30 12
100 103
146 124
100 81
61 9
108 5
46 105
145 134
105 147
46 14
142 3
127 8
44 15
54 65
142 135
90 41
102 112
77 16
112 0
111 72
82 67
48 66
13 73
65 88
42 19
48 51
27 105
89 149
118 65
103 29
133 61
97 58
102 11
30 90
66 102
82 87
5 49
115 108
2 50
101 101
0 89
54 123
133 104
103 130
113 49
78 14
95 16
10 93
48 56
3 70
130 70
70 130
16 35
100 72
53 124
57 137
80 54
67 26
51 85
96 117
100 55
27 92
48 116
119 7
38 27
4 64
135 55
131 53
51 143
149 15
70 129
87 75
110 31
125 62
29 114
86 103
6 74
24 96
30 69
90 70
23 129
28 86
95 147
48 40
9 134
112 34
25 30
73 127
122 51
122 50
95 125
148 77
58 54
21 33
68 35
146 64
56 140
109 84
144 136
15 149
39 61
61 119
74 57
147 93
130 49
44 14
16 58
83 82
50 63
20 58
123 53
27 6
90 14
39 62
36 107
132 124
38 54
117 69
50 76
38 43
118 51
18 135
122 14
130 29
129 64
11 3
88 24
107 144
33 25
48 56
149 74
86 75
58 30
106 45
74 37
40 90
26 41
5 24
50 4
94 25
89 119
63 122
129 22
111 85
36 52
99 88
98 8
90 5
114 94
143 129
3 19
34 105
36 65
140 36
56 8
97 71
24 65
14 82
104 72
137 81
65 31
32 28
71 83
137 20
145 65
55 148
63 35
86 125
53 95
48 108
124 74
68 129
50 86
100 146
62 83
144 63
11 53
81 82
147 116
140 70
24 142
25 68
145 145
74 58
3 102
26 127
128 73
106 53
10 16
148 130
128 111
43 116
134 105
110 74
52 18
44 114
54 128
39 139
127 80
140 146
19 72
9 56
9 31
7 108
16 27
100 1
112 24
89 0
141 108
80 68
36 103
17 46
28 96
7 103
104 94
34 15
43 96
112 59
2 136
29 58
101 52
34 6
47 130
129 7
127 106
111 57
116 144
40 27
19 100
49 29
22 112
146 146
23 49
126 137
103 2
42 53
137 2
148 86
5 142
143 27
23 143
76 58
8 142
81 79
100 90
16 3
51 98
39 8
86 139
135 144
45 70
34 46
96 66
55 35
44 136
7 10
36 124
73 39
54 129
98 85
77 137
66 115
42 132
77 83
78 27
91 117
71 14
50 132
7 41
135 32
122 122
131 86
134 26
71 4
130 49
131 90
79 131
81 108
40 114
16 101
81 71
51 70
104 29
146 74
4 5
22 63
139 37
22 67
42 121
6 23
148 66
53 85
108 96
91 95
143 38
88 43
148 133
22 102
145 25
88 137
115 117
8 75
113 123
109 113
63 42
54 105
84 63
94 8
35 141
134 146
38 143
122 78
127 65
90 34
21 49
98 111
124 17
14 117
101 102
75 10
11 5
4 27
32 143
31 131
58 22
131 54
139 2
49 57
119 75
63 74
24 34
23 121
88 95
5 33
47 33
86 130
91 21
138 83
34 68
70 76
13 34
2 85
7 58
142 143
73 126
80 100
52 143
79 82
95 137
146 33
51 104
9 1
79 5
84 14
117 114
5 9
62 82
82 99
41 23
149 74
136 7
78 90
123 65
101 116
54 81
142 41
141 39
55 24
79 37
96 75
51 36
99 48
33 16
61 41
101 8
129 32
142 145
7 36
98 23
58 81
72 102
71 60
8 103
130 18
0 79
105 116
22 10
56 46
57 145
92 67
61 25
58 55
105 26
2 17
122 85
20 34
36 102
111 111
35 72
139 139
146 100
46 144
82 80
43 75
13 91
117 8
47 61
88 75
141 38
78 38
14 146
111 56
146 76
125 122
31 28
18 68
144 72
79 40
139 50
16 120
80 140
76 78
4 124
40 29
126 39
8 115
51 2
53 11
80 142
109 42
116 109
116 98
49 107
103 71
10 25
131 72
84 101
114 86
79 111
37 115
66 20
140 34
1 147
2 126
83 148
90 54
82 28
68 29
142 79
81 101
5 34
64 71
135 20
10 134
61 47
149 148
91 85
25 110
69 86
66 114
15 143
66 124
87 34
121 94
57 90
23 82
11 85
113 69
108 140
112 121
0 144
27 136
141 74
132 122
92 117
0 116
44 11
128 81
7 48
34 122
126 89
73 9
67 78
105 56
111 131
24 43
123 79
127 129
29 23
73 95
102 46
113 65
27 39
39 52
67 62
46 44
62 6
32 96
42 87
65 144
141 29
8 91
107 133
56 83
49 94
56 83
90 29
66 58
111 64
127 114
89 78
77 42
102 9
143 136
104 12
7 100
97 68
136 124
28 112
10 146
120 71
28 119
61 27
139 97
109 72
63 110
83 11
34 97
73 86
78 105
125 103
93 147
110 46
43 97
129 60
115 73
16 83
59 12
9 131
13 59
76 11
116 138
13 26
94 65
14 134
131 130
138 19
118 79
53 0
42 54
91 125
129 33
146 98
29 86
109 138
71 85
58 57
127 77
139 99
34 134
96 85
115 115
143 113
7 91
10 1
67 23
149 42
1 53
103 98
77 16
35 145
109 25
107 127
115 77
97 34
57 13
89 133
123 104
134 75
44 81
124 4
131 68
130 135
81 22
42 24
101 137
142 52
60 111
93 3
109 53
142 144
113 16
51 105
74 18
136 24
24 79
47 40
51 47
85 96
98 128
28 53
59 92
30 19
108 88
50 33
94 134
77 98
48 4
26 63
55 42
35 61
107 147
124 78
119 50
50 81
119 109
130 43
24 11
142 149
18 33
46 131
63 103
19 44
128 65
80 42
138 124
73 108
104 106
87 28
2 138
22 50
27 74
109 51
30 117
8 96
109 46
30 93
31 126
59 148
6 30
95 134
103 1
78 22
66 127
97 106
105 79
5 6
147 140
95 92
80 123
93 11
100 21
137 28
9 112
34 10
60 44
11 113
33 18
88 12
80 77
105 133
89 5
79 132
97 145
92 120
17 9
52 144
77 71
97 59
64 8
106 102
25 43
59 67
92 145
15 124
23 82
103 95
52 85
91 50
148 94
96 112
88 47
11 136
67 115
56 121
83 129
138 106
92 129
20 88
57 73
147 142
147 125
0 56
16 40
3 62
117 65
72 97
101 53
137 115
115 10
39 91
134 8
26 68
89 20
18 138
13 63
115 123
93 39
99 125
66 95
32 44
93 67
131 74
23 82
10 36
0 3
81 18
47 92
65 80
26 126
3 147
128 98
34 32
105 115
145 119
146 119
90 68
55 87
117 148
85 83
9 20
66 92
18 131
47 102
3 33
43 78
146 118
27 44
145 104
32 34
145 141
128 24
81 143
133 10
141 103
141 98
125 0
76 101
102 57
105 22
70 61
13 116
114 74
87 89
35 100
86 126
110 5
86 144
143 15
117 83
127 48
17 51
140 0
94 20
73 80
107 143
61 81
32 104
10 107
104 61
135 46
148 10
0 80
75 111
44 62
81 81
52 73
74 145
20 56
89 71
27 73
69 78
87 61
102 92
55 71
75 30
34 89
125 75
3 52
24 134
65 97
13 130
126 62
53 102
120 8
34 23
119 3
104 29
46 35
32 2
134 134
75 22
16 76
48 11
89 8
146 65
68 13
75 22
38 113
24 24
31 27
45 45
97 96
75 4
72 33
146 133
115 51
98 48
50 124
75 87
11 106
49 27
140 49
29 36
16 76
97 21
68 1
105 29
73 81
67 105
140 121
97 2
146 63
134 138
52 129
110 61
112 148
101 85
41 76
84 58
63 112
21 133
100 82
121 64
8 69
142 62
77 92
11 125
86 133
84 44
33 81
29 133
116 124
19 25
63 0
4 9
149 70
96 96
22 59
37 124
78 128
29 46
97 127
19 67
10 137
25 44
59 15
46 40
144 43
9 89
30 128
10 141
108 26
6 13
138 29
38 62
133 38
43 82
17 109
126 24
30 52
115 136
25 145
146 26
58 82
43 140
122 65
127 69
49 95
127 106
79 68
88 105
3 90
84 136
0 2
87 132
140 32
33 47
73 30
26 59
125 49
97 72
145 33
115 118
117 55
60 124
49 115
51 94
6 112
44 59
31 146
54 140
95 47
129 121
64 108
134 43
126 24
78 26
120 120
95 65
81 108
6 83
54 3
48 72
142 25
97 148
4 26
84 111
139 9
23 18
124 40
80 100
88 129
118 92
116 63
80 4
11 109
136 146
30 87
106 72
42 43
148 45
76 121
35 113
136 51
91 12
43 17
93 116
118 11
91 149
50 128
71 21
50 117
64 48
96 140
21 115
19 8
33 42
51 67
149 36
88 38
19 66
22 53
112 89
87 128
24 55
99 129
88 146
122 42
93 112
132 41
102 123
108 133
25 25
143 136
100 122
101 82
124 120
79 47
95 105
113 26
128 43
111 59
52 70
91 70
39 2
112 57
42 140
30 73
47 75
55 0
100 61
67 131
52 63
13 13
47 51
57 72
16 53
101 130
88 114
35 15
49 58
10 21
63 109
75 53
108 124
83 131
54 128
142 52
90 95
61 141
148 68
48 18
118 102
15 44
93 11
13 89
110 143
108 73
85 63
123 73
17 141
77 50
130 109
133 68
48 75
117 128
133 39
139 31
1 17
11 62
67 107
109 90
50 91
148 26
64 69
57 127
65 22
143 146
80 39
131 94
105 149
63 84
59 44
19 144
129 149
17 22
129 37
143 8
2 66
34 85
118 119
49 64
66 44
8 104
21 93
110 103
9 143
56 108
135 35
36 135
22 56
107 142
146 24
106 138
116 117
8 54
56 68
84 47
67 36
56 46
135 32
129 91
105 134
145 81
54 12
2 93
134 148
121 130
75 22
123 106
59 122
80 10
38 27
4 71
107 71
139 140
36 53
119 98
18 28
71 143
93 3
111 117
73 39
131 60
84 46
99 147
132 30
135 112
3 121
7 40
15 37
28 94
30 65
99 29
147 57
86 126
83 136
147 111
134 51
35 77
109 89
92 12
33 123
121 5
13 101
89 54
45 133
20 125
43 27
117 58
120 23
67 125
147 11
132 52
17 147
142 4
34 138
59 144
147 70
24 68
107 134
68 144
67 57
107 74
61 87
35 96
91 80
119 82
141 100
87 62
0 97
20 14
142 6
105 21
29 36
89 118
8 56
57 112
58 121
64 87
62 125
87 11
26 130
74 42
124 45
56 133
0 127
89 127
97 47
42 96
50 103
50 142
60 70
93 35
98 134
67 66
146 138
24 98
38 119
1 129
13 61
132 40
38 149
111 9
92 37
140 25
120 23
56 82
94 133
64 25
148 8
100 118
20 137
60 80
94 20
28 148
38 110
147 86
122 146
54 39
43 43
38 8
146 52
21 78
10 92
95 88
30 39
109 101
80 109
77 137
87 84
128 33
25 127
57 71
53 64
31 56
144 57
0 149
3 126
15 56
115 147
98 121
134 111
112 46
6 131
15 51
83 3
54 32
122 118
43 81
7 30
27 43
124 123
135 6
4 109
5 36
115 51
9 33
28 45
99 14
14 145
68 54
116 115
83 148
127 116
114 147
33 27
118 130
130 60
40 25
99 40
121 136
0 10
72 65
100 80
140 129
86 72
51 54
12 50
82 88
64 15
75 3
101 148
39 113
147 59
75 41
139 5
1 68
25 112
34 83
10 17
40 57
53 50
56 138
149 89
97 19
80 141
109 113
18 111
79 12
53 143
59 107
9 128
147 144
50 128
1 17
46 75
43 84
117 63
103 87
45 13
128 89
5 10
128 43
89 27
3 34
127 45
37 131
130 19
108 94
37 122
142 139
129 40
111 3
34 70
147 101
21 145
54 66
25 55
56 47
48 143
121 14
30 23
121 107
34 1
33 106
117 19
117 85
131 139
96 86
46 130
115 28
80 86
78 117
149 81
147 88
139 63
141 126
73 3
147 133
12 24
95 18
121 119
95 79
101 74
128 81
10 138
41 89
65 69
54 46
76 62
115 16
17 100
35 55
2 142
141 118
83 135
4 26
79 44
72 31
57 57
18 90
136 17
1 80
70 53
38 122
46 72
75 13
40 115
138 127
120 73
106 111
10 43
113 81
121 129
23 112
90 86
122 139
86 8
78 10
9 134
120 133
7 27
10 36
15 38
107 15
32 103
133 64
101 144
123 90
75 18
98 76
50 96
141 82
11 39
56 126
74 86
44 119
144 134
34 56
141 128
64 10
81 113
138 113
106 110
94 19
23 145
141 41
120 91
13 78
36 2
107 145
124 81
6 1
19 132
118 126
0 86
89 129
95 129
96 105
23 142
6 22
107 16
116 28
74 41
93 23
73 68
118 88
147 74
57 61
6 20
86 4
49 93
17 45
94 145
23 147
13 147
56 147
124 59
89 29
111 4
120 62
111 126
79 125
83 87
84 90
145 121
30 16
148 139
1 89
7 87
28 9
58 146
16 96
68 113
81 74
5 74
21 8
65 51
40 142
93 44
101 113
107 75
0 80
97 38
32 29
72 148
116 107
111 142
31 136
58 116
33 36
10 42
11 81
117 49
41 42
87 145
56 138
38 135
89 36
14 2
80 11
0 111
56 104
90 3
116 37
18 38
65 103
127 37
148 91
107 17
124 86
4 15
5 86
29 132
17 45
132 103
105 108
24 8
101 4
85 92
31 94
0 67
127 71
47 17
19 57
137 11
57 41
7 102
65 22
47 45
79 86
116 38
34 66
124 129
101 41
16 3
39 28
47 149
92 148
47 12
49 51
134 135
117 53
101 147
1 40
118 91
56 38
71 98
7 79
103 53
115 105
0 144
73 139
77 47
122 58
12 120
16 51
13 13
36 89
83 28
71 99
52 93
98 44
92 81
105 100
135 110
37 86
46 147
79 81
93 76
72 78
95 27
27 108
135 134
50 106
54 13
101 72
21 12
126 76
149 84
2 18
102 119
93 6
89 125
139 149
79 79
141 86
46 63
110 38
57 5
117 52
111 101
61 27
130 143
1 78
145 41
136 97
25 40
113 34
77 103
87 107
74 26
54 76
23 149
86 89
53 90
116 74
19 20
99 77
124 117
82 44
141 71
27 43
40 32
144 77
146 18
90 139
85 15
143 87
23 44
45 75
23 13
112 9
18 122
15 12
36 64
71 93
135 17
127 52
131 87
113 80
34 128
27 12
44 117
26 140
76 114
28 6
120 129
61 32
13 78
129 39
87 114
42 114
6 84
86 40
92 80
4 140
101 148
54 14
119 29
123 65
82 111
130 119
8 84
57 87
80 10
99 61
97 17
57 89
62 111
95 51
137 43
128 87
117 85
19 136
14 59
101 39
140 76
36 16
64 63
75 125
87 94
53 22
137 93
37 2
91 44
92 79
145 13
66 144
138 22
42 37
42 29
28 140
138 42
22 11
13 26
72 20
95 4
44 146
73 140
73 98
107 133
44 126
60 60
64 46
34 136
7 31
93 68
50 9
23 50
38 113
46 124
132 119
102 96
143 128
128 124
101 3
47 107
136 29
102 129
100 23
147 134
6 129
120 148
129 59
130 4
132 82
15 141
109 8
113 89
21 47
7 130
127 99
6 126
113 9
37 37
31 97
115 117
91 75
132 14
20 116
134 12
16 140
6 90
42 55
122 62
59 74
32 139
10 124
82 121
83 108
52 46
34 79
120 37
12 76
99 6
114 57
121 51
26 129
88 132
22 108
1 128
10 19
99 79
131 139
140 48
145 50
91 83
71 4
93 5
34 133
0 17
96 111
84 112
59 63
91 33
149 141
76 99
141 87
107 44
124 93
132 56
131 88
78 56
81 137
133 122
120 136
131 65
82 3
139 14
146 29
9 95
128 148
65 96
93 48
68 138
95 125
53 59
107 80
125 139
66 113
84 110
25 96
103 48
96 38
70 111
48 88
45 58
147 119
142 37
93 20
62 30
135 149
116 145
133 85
117 101
47 70
130 38
117 143
147 92
61 69
92 100
12 79
8 112
111 134
38 66
30 142
29 121
145 65
79 32
80 139
85 50
106 59
99 78
140 96
78 32
92 12
31 72
17 69
46 20
31 51
118 108
23 31
38 35
89 63
29 117
29 14
131 43
35 92
1 65
4 107
3 29
41 70
130 50
67 46
125 65
47 74
6 80
114 54
95 146
93 81
83 82
67 144
26 95
123 55
77 84
1 143
51 9
22 135
16 31
103 125
22 124
10 24
79 40
56 19
77 22
94 69
68 79
36 104
142 65
145 109
81 85
82 136
4 16
144 133
118 136
36 113
117 34
105 86
15 125
3 0
103 56
77 8
20 51
124 27
125 59
142 14
44 113
135 143
29 21
91 6
94 87
107 143
41 82
129 128
122 121
75 2
41 93
124 86
7 78
100 57
31 92
28 104
1 27
27 130
27 72
148 56
37 121
81 66
26 12
107 131
80 27
119 20
58 54
36 102
139 105
112 60
82 35
136 92
131 78
119 77
126 106
35 59
17 56
4 16
21 149
39 123
88 106
130 83
69 118
20 36
66 60
53 36
11 17
100 20
139 3
3 132
27 78
47 20
24 93
29 2
94 72
137 140
121 30
137 6
53 59
1 132
93 122
81 126
78 70
70 110
2 140
24 36
44 84
147 76
111 120
2 118
57 137
114 80
66 141
24 64
43 48
145 1
141 133
128 16
20 71
54 137
58 100
1 0
7 134
79 80
109 70
28 138
49 23
149 108
134 91
54 70
20 76
149 32
106 105
133 50
52 89
27 116
128 41
61 90
60 146
63 40
20 4
40 17
142 11
48 103
112 4
18 100
88 82
19 58
120 140
71 38
9 78
26 5
78 125
62 129
137 56
10 120
55 36
101 83
101 142
76 9
114 141
85 101
26 4
30 102
17 15
60 43
131 140
101 61
7 84
18 55
97 10
39 108
87 109
30 56
75 140
128 128
135 137
3 20
46 71
146 32
65 38
90 68
5 43
140 46
71 31
94 120
13 39
16 93
2 121
108 41
7 101
69 72
126 125
22 143
91 16
66 90
34 83
27 60
64 103
123 76
25 109
34 38
120 68
65 1
111 127
12 128
44 42
13 8
144 78
3 109
39 6
12 9
111 20
119 62
136 58
14 83
57 125
36 123
143 84
11 68
114 78
47 49
5 86
142 97
30 122
114 103
46 4
27 100
68 48
87 14
51 100
7 100
13 47
66 5
136 85
52 131
137 145
4 108
35 143
24 30
24 54
43 108
26 22
33 29
72 45
145 17
135 81
142 50
11 87
52 131
26 75
78 7
26 5
122 109
119 105
128 61
61 36
111 51
72 51
15 67
47 13
46 128
13 131
72 57
68 114
146 50
134 52
62 83
132 2
37 60
93 94
93 34
77 7
121 34
122 41
95 79
7 27
76 74
104 12
62 111
14 105
41 79
63 24
49 85
98 65
94 50
5 16
36 14
7 4
99 5
7 120
149 110
26 0
20 0
100 66
43 17
82 114
87 87
90 39
42 0
29 29
127 9
24 109
32 70
68 99
7 12
19 15
73 46
40 133
38 66
101 20
44 132
112 73
136 124
38 62
16 111
135 141
111 86
73 101
61 85
20 20
18 10
81 13
48 147
38 91
73 120
138 22
67 106
75 108
61 44
37 142
79 34
19 72
114 22
108 11
45 32
39 143
80 81
45 99
113 83
38 19
107 143
80 113
96 142
133 61
43 106
40 13
58 16
91 91
31 46
20 15
19 41
95 123
137 43
22 90
35 97
18 144
40 114
124 44
53 91
33 118
108 57
28 125
22 23
65 86
117 144
119 7
100 75
69 81
82 89
82 1
14 62
60 19
12 82
146 112
107 149
39 93
109 125
104 26
42 64
42 119
140 72
145 100
118 118
60 91
34 146
106 48
64 97
119 105
80 58
59 55
99 134
102 75
77 30
96 13
141 61
130 118
98 131
85 14
60 68
95 114
70 21
87 100
132 103
41 148
27 119
0 114
107 32
121 147
146 82
114 94
101 116
69 17
95 72
116 1
34 120
103 73
147 22
29 64
149 37
76 41
3 105
18 35
133 104
10 23
92 87
125 44
133 98
68 118
140 143
72 109
11 71
68 68
97 22
64 9
58 119
91 17
70 57
11 140
39 120
124 112
2 116
50 68
12 43
133 98
51 56
81 16
14 83
129 11
14 135
97 125
67 96
18 56
55 141
112 113
139 64
114 44
97 146
50 125
103 51
2 18
135 63
122 34
56 85
107 128
24 102
65 124
72 141
29 148
48 117
58 146
95 122
4 75
91 40
102 84
5 6
67 109
14 119
69 117
54 142
54 4
41 37
24 31
135 86
79 120
61 143
68 60
140 9
0 138
137 110
17 110
83 42
138 61
114 101
83 131
98 98
37 58
11 101
125 148
17 130
64 14
123 52
149 98
141 32
92 28
103 20
14 80
116 17
140 119
147 106
36 85
83 24
128 57
55 0
82 77
148 72
101 34
8 142
27 21
116 111
115 25
66 68
99 67
86 66
102 12
149 41
149 84
103 59
89 73
127 109
84 48
65 127
75 113
119 42
21 3
111 39
72 9
122 127
106 79
0 134
99 139
12 62
15 143
109 60
21 30
68 30
125 104
75 137
59 49
24 18
132 120
24 88
97 26
64 104
14 121
73 23
83 97
34 22
8 123
82 107
95 69
2 51
14 37
149 65
138 144
76 110
147 58
83 50
145 37
61 121
113 83
119 59
32 10
9 142
34 51
108 136
5 76
29 92
41 127
137 143
14 3
68 85
141 147
96 34
44 108
93 119
5 137
111 125
148 67
66 137
123 117
46 117
82 19
108 66
52 129
80 59
19 36
3 148
130 106
57 25
126 107
120 122
65 103
20 53
59 36
145 137
57 16
11 48
31 145
34 15
57 76
107 108
58 148
5 34
38 5
143 38
144 51
54 119
84 114
79 48
124 1
107 66
46 29
10 96
23 142
14 24
48 92
89 126
80 27
52 76
92 57
85 113
12 39
128 15
115 79
47 94
149 1
100 94
28 72
27 14
36 34
104 39
53 94
108 82
71 91
44 66
68 53
34 112
114 54
29 148
39 28
112 59
26 24
99 147
114 110
53 55
66 122
31 42
33 85
22 143
138 61
89 103
31 134
123 8
84 148
114 9
133 79
131 59
128 85
69 15
84 29
115 57
144 38
143 98
29 145
149 78
12 9
1 142
93 90
136 134
136 119
135 90
20 9
6 149
70 110
144 29
68 81
46 72
45 114
48 46
103 51
29 68
54 133
7 123
14 39
28 74
85 10
90 141
129 39
79 5
48 34
133 104
47 76
145 26
81 117
26 12
63 111
23 86
10 40
129 70
75 31
99 84
121 85
136 65
122 133
20 5
57 31
5 34
66 25
28 11
125 130
116 32
146 62
124 14
114 53
59 121
2 95
29 92
5 98
4 69
47 111
145 70
22 78
94 143
149 148
18 143
97 27
89 149
137 146
70 137
62 141
75 60
28 122
1 124
34 136
61 83
107 88
84 60
39 85
140 77
85 0
60 95
67 115
45 23
107 17
40 37
6 67
143 28
129 70
147 93
17 128
64 17
91 88
147 106
145 30
142 36
110 2
60 3
67 78
74 93
142 81
21 28
29 62
56 42
119 45
106 17
91 106
103 123
32 79
7 113
93 52
98 69
135 148
32 120
131 34
42 13
61 39
62 63
24 61
49 119
56 72
1 22
85 132
76 49
134 89
78 71
10 49
63 143
75 40
105 136
39 121
111 103
21 32
65 71
139 91
38 10
111 96
33 35
145 70
136 28
114 109
78 107
119 13
138 30
22 10
113 144
10 108
94 114
147 128
34 81
64 8
27 0
26 135
70 31
2 108
85 58
39 137
26 145
1 28
144 112
69 26
104 142
108 38
60 36
53 109
148 107
7 112
123 31
15 64
144 13
133 76
49 28
88 1
103 136
89 3
146 104
12 115
138 11
138 90
92 142
136 90
30 136
66 133
121 19
3 19
37 100
40 60
30 109
117 102
81 44
93 52
18 47
44 128
103 128
37 32
12 142
33 23
2 139
9 9
145 107
45 131
87 32
119 51
13 7
67 126
32 66
107 132
96 135
4 124
110 32
33 17
51 78
15 133
0 103
31 59
25 6
110 122
43 103
118 12
79 113
88 117
9 32
24 27
1 96
51 133
9 38
108 7
94 61
112 108
5 11
10 73
13 11
70 42
59 139
142 34
112 21
64 33
19 2
15 3
48 108
118 73
123 110
71 28
34 142
138 48
95 18
78 114
31 86
53 104
137 123
61 82
44 59
122 43
78 44
108 5
134 46
97 135
119 124
111 138
119 143
50 56
43 145
46 77
26 55
49 134
6 13
32 31
26 110
24 41
65 33
127 54
103 104
101 51
48 34
5 123
0 2
59 86
45 110
10 116
134 147
121 7
118 142
50 10
73 19
99 42
44 38
112 65
80 7
135 24
93 12
58 29
71 48
26 16
99 110
97 47
108 149
18 104
147 68
20 46
15 35
126 55
55 70
98 45
21 135
149 25
133 56
136 122
142 44
87 105
64 87
124 21
122 142
57 23
94 74
86 75
10 126
122 81
20 15
89 99
125 23
149 59
17 65
143 3
7 79
37 33
110 51
146 108
68 88
107 97
133 123
28 27
93 41
103 78
67 138
88 92
106 31
17 77
20 45
77 81
89 7
13 74
125 30
123 132
44 66
106 34
14 12
115 19
11 26
75 84
43 88
60 2
11 135
6 31
146 77
102 57
94 59
110 136
125 114
33 125
78 121
51 25
18 138
98 149
52 78
60 20
149 68
38 101
61 1
4 48
144 41
120 11
61 145
32 41
137 123
8 64
63 142
116 39
137 116
90 126
25 15
50 121
101 113
31 58
26 76
24 121
126 81
50 133
29 68
58 3
115 44
130 16
91 22
121 37
141 113
13 103
46 43
117 100
75 107
101 81
13 62
85 129
5 119
116 42
124 69
50 80
24 23
124 76
36 25
63 99
133 46
33 59
67 45
90 80
52 24
46 84
138 77
36 129
1 112
101 2
105 5
145 69
103 119
114 13
90 16
104 12
127 94
92 68
24 24
144 68
30 116
1 35
19 101
7 39
3 132
130 132
107 105
118 37
51 76
90 70
42 9
131 101
91 66
114 124
99 71
97 139
0 145
63 55
29 58
111 20
106 67
73 37
34 6
77 92
138 21
90 149
51 38
117 24
136 18
4 9
64 54
26 118
16 44
44 115
43 38
109 102
0 8
98 140
31 72
101 149
83 56
28 69
67 42
77 20
126 85
71 108
65 53
23 103
71 75
12 91
88 110
14 39
16 109
25 97
13 92
108 4
98 103
73 46
56 107
126 113
34 28
45 29
3 50
31 132
32 94
100 117
81 44
126 58
134 43
1 124
34 107
16 16
111 120
34 97
5 16
78 1
130 11
141 34
82 5
52 38
66 28
131 75
101 73
33 21
67 27
112 87
58 107
50 124
100 45
60 68
62 132
80 109
65 79
108 40
90 16
54 128
144 114
4 127
60 98
140 55
20 146
33 11
96 106
29 132
32 51
118 2
139 40
59 86
8 37
3 28
113 128
128 81
79 61
49 68
144 93
126 10
43 105
73 134
70 1
6 114
148 91
36 31
47 121
102 133
119 86
13 83
64 83
99 64
26 52
62 39
134 70
26 51
10 96
101 125
94 61
95 9
69 74
37 102
36 132
49 18
138 16
58 28
19 127
9 125
105 95
31 97
129 95
50 35
16 142
4 33
68 34
71 95
108 44
92 109
42 79
55 106
145 77
131 45
71 147
107 70
74 141
126 16
141 106
51 148
85 39
55 51
62 39
140 149
119 110
27 101
84 0
31 81
92 146
145 42
109 40
112 138
20 37
5 25
74 2
98 4
110 21
130 84
108 67
111 61
13 6
128 68
128 133
75 91
72 32
70 112
42 34
50 73
92 110
2 14
119 85
120 21
44 134
3 55
30 148
42 80
80 129
56 99
118 15
37 19
96 104
98 148
44 49
139 60
64 94
84 142
103 9
135 149
22 78
143 85
86 136
63 138
101 19
75 4
29 14
15 127
84 128
31 63
119 56
46 7
63 68
51 49
123 111
92 17
31 118
116 136
134 22
56 121
48 101
144 28
101 129
149 10
85 7
138 25
42 37
80 56
31 126
21 0
104 42
20 5
52 123
90 45
134 24
64 94
58 78
130 89
149 14
1 1
81 40
42 73
63 54
49 3
133 115
35 132
40 23
136 115
104 62
134 79
137 10
135 70
17 111
99 16
14 112
145 101
11 132
137 100
93 73
134 83
41 122
56 126
77 103
74 141
42 90
134 148
147 93
21 127
126 122
94 66
127 8
27 91
71 138
64 104
149 48
6 60
37 110
0 46
69 4
100 75
16 24
28 127
80 54
14 45
2 15
32 27
59 70
101 78
62 58
23 72
108 49
61 7
26 24
109 45
61 77
108 13
68 51
134 77
46 124
92 51
131 19
23 97
134 88
91 66
145 92
55 80
129 131
35 57
119 85
49 18
62 14
41 12
112 133
4 53
50 85
3 101
48 3
74 29
108 66
34 66
122 105
95 113
106 96
130 112
106 148
88 133
11 21
8 65
19 38
128 125
147 144
130 65
145 137
79 102
49 72
17 31
25 73
129 139
75 72
11 51
11 108
74 96
62 85
3 118
11 80
133 145
62 52
13 67
73 32
13 17
116 127
75 13
33 145
105 31
71 27
6 64
3 75
83 97
88 71
22 28
115 32
71 11
54 115
117 2
21 88
91 96
66 48
111 23
8 43
79 132
20 138
54 123
73 131
145 91
121 12
143 131
12 51
31 135
67 95
38 77
136 142
70 134
41 145
74 110
113 100
133 128
142 0
95 46
50 85
72 90
105 25
107 52
4 105
95 109
105 3
67 121
83 35
89 138
35 78
63 26
144 23
85 81
144 11
116 122
30 145
144 126
53 31
57 32
33 64
58 37
0 76
129 89
145 1
149 114
33 93
138 40
103 26
82 40
15 71
103 108
87 69
73 117
7 109
120 50
105 23
128 119
143 127
76 144
141 50
143 95
132 98
29 129
111 2
85 57
62 4
77 37
142 68
40 138
15 14
29 59
106 90
138 73
50 121
120 69
141 107
73 39
137 84
102 139
66 148
125 39
111 149
117 133
66 97
17 112
79 4
37 96
82 107
72 120
54 123
43 62
33 131
27 40
134 90
105 16
6 111
127 130
69 89
73 113
108 49
35 83
68 112
148 138
111 65
32 149
124 144
146 36
80 91
14 136
98 10
139 75
95 135
123 4
98 75
103 129
94 18
138 5
65 70
37 94
14 148
95 18
131 61
37 106
20 53
126 98
103 113
146 43
142 14
145 16
38 64
53 118
23 108
22 86
3 61
65 30
11 90
110 122
128 93
48 30
120 22
84 93
142 130
146 85
90 38
26 14
141 144
98 20
140 104
3 106
1 44
45 129
113 113
55 67
63 78
90 72
24 16
124 109
61 77
140 71
74 58
10 119
51 15
47 29
52 45
29 126
23 87
94 85
59 18
125 114
105 84
11 92
113 4
68 138
36 137
63 69
122 146
17 26
57 122
129 121
135 111
59 20
90 75
125 9
108 118
47 33
9 41
27 22
52 15
43 11
28 122
109 12
10 33
22 93
136 1
30 109
65 82
46 129
68 75
10 143
142 147
20 72
44 77
121 79
61 127
123 0
86 26
147 81
24 16
48 113
76 135
30 138
14 94
48 66
59 109
40 84
18 2
86 5
74 136
125 146
60 39
103 29
139 7
137 120
43 21
40 88
86 109
142 13
40 24
44 3
118 119
104 78
16 63
27 15
95 80
140 66
5 68
34 28
130 115
78 0
80 13
118 85
23 99
134 94
104 58
34 143
149 31
6 100
136 123
1 120
70 141
128 68
129 72
84 97
87 12
24 122
149 147
72 2
2 14
38 38
107 70
109 88
127 17
134 128
84 23
103 21
50 92
132 89
0 56
90 80
108 1
118 38
48 60
73 71
84 115
49 15
53 64
5 27
55 48
8 89
22 47
16 133
4 35
21 112
142 69
95 41
146 6
49 19
52 84
80 3
100 10
93 143
75 95
4 117
101 67
26 78
28 94
107 111
78 145
44 85
39 37
86 80
82 7
141 42
144 56
113 20
20 129
80 9
103 57
41 116
123 50
148 48
9 22
51 65
48 80
12 84
97 55
15 139
6 47
128 79
62 93
5 132
15 147
130 96
142 68
90 70
14 28
118 31
128 128
15 28
4 130
44 147
106 84
56 147
96 110
41 82
9 142
2 131
57 125
56 112
56 124
60 146
121 87
57 127
78 93
79 7
48 129
17 23
35 72
10 90
94 18
122 50
93 89
98 97
123 23
97 45
131 22
53 74
52 53
22 25
40 146
95 29
135 131
20 46
40 125
16 7
115 105
107 98
4 3
108 34
55 37
82 27
99 71
114 80
142 55
135 70
51 45
143 111
90 8
29 31
35 30
19 100
60 31
37 100
79 44
0 115
19 102
110 79
97 32
41 27
28 8
49 108
62 79
39 30
8 139
131 7
26 123
128 123
93 48
134 129
24 57
4 83
1 140
98 110
32 104
1 7
14 98
28 12
147 115
118 3
91 14
146 35
56 128
68 25
39 61
68 110
2 110
34 85
75 128
88 11
89 24
100 100
90 125
107 62
148 58
147 113
113 113
123 88
88 114
59 81
7 33
116 105
6 100
140 27
130 127
89 35
111 46
59 134
19 67
36 60
97 123
28 101
137 122
9 139
32 141
134 4
30 114
52 127
6 5
15 107
83 135
102 113
93 0
56 50
76 88
6 115
69 122
119 34
82 5
145 2
63 12
34 43
63 82
139 138
53 34
117 72
54 23
74 109
124 60
68 8
30 11
124 32
109 140
51 42
85 47
78 129
121 111
65 111
43 146
68 21
89 66
5 54
114 95
78 7
117 52
70 55
27 118
68 27
7 27
43 47
102 103
51 15
54 7
31 117
132 6
130 85
34 138
99 4
88 93
5 132
29 131
58 52
123 141
112 95
5 25
115 142
51 138
48 78
98 59
40 63
118 29
62 31
79 39
93 25
92 68
99 47
28 46
138 43
6 22
127 136
82 67
138 1
6 60
40 104
85 113
136 59
38 141
134 109
64 82
136 132
138 102
88 125
48 66
148 146
52 18
10 129
61 104
33 123
12 149
133 130
120 56
88 83
66 72
32 92
19 5
41 60
9 126
63 115
32 48
47 91
20 53
147 86
30 40
147 91
144 15
3 132
56 2
37 140
42 28
71 63
87 72
133 129
46 87
44 135
52 96
81 71
121 74
60 138
99 124
35 81
26 91
113 126
130 138
74 69
91 69
42 70
128 64
110 71
107 119
17 31
78 110
48 119
34 85
3 126
9 65
77 24
66 88
1 19
110 101
86 71
100 46
26 128
65 8
128 61
18 24
117 44
8 52
1 13
119 18
22 105
34 5
18 25
135 105
4 79
18 68
137 131
39 25
138 88
144 70
65 64
80 58
141 36
61 124
73 45
107 92
0 143
34 145
124 21
44 123
109 135
5 116
42 82
56 106
14 80
70 124
51 56
95 138
81 51
23 143
53 108
142 52
120 32
35 42
72 92
94 75
6 136
113 146
14 3
117 37
68 29
55 119
90 43
33 87
40 45
72 133
3 145
27 66
3 0
57 87
73 14
52 124
28 107
28 66
8 104
90 57
135 124
85 53
62 133
58 55
62 78
119 7
75 98
44 112
98 27
54 44
28 41
90 103
48 104
45 60
149 45
119 111
87 147
127 140
105 12
94 83
98 4
140 117
95 24
99 134
12 149
93 121
109 101
38 46
145 103
10 35
50 56
130 102
79 10
79 63
70 32
132 63
8 47
97 28
3 87
126 142
136 128
137 34
54 144
92 1
138 52
68 80
63 34
22 149
132 118
8 13
104 25
26 29
11 81
131 1
41 33
20 147
20 82
139 11
136 60
49 69
105 120
20 149
10 76
58 108
135 129
51 38
63 100
140 26
51 37
68 12
75 48
45 8
6 148
76 34
3 90
60 27
15 125
62 82
127 18
33 39
70 0
125 119
61 12
60 145
37 40
10 117
100 73
47 124
144 143
104 52
87 76
23 140
41 100
26 18
133 26
124 78
70 52
115 106
128 132
127 92
69 105
97 12
99 44
117 111
0 141
112 93
51 132
57 95
58 93
95 30
53 26
58 5
129 29
19 134
27 101
99 9
78 19
71 92
37 39
121 23
122 142
46 26
107 98
3 6
61 104
87 125
46 86
142 140
30 97
96 123
27 33
144 136
85 115
3 80
94 14
141 20
5 117
105 77
129 85
92 11
100 6
135 90
119 126
61 83
106 61
131 117
64 126
51 5
93 123
136 70
53 26
106 143
127 80
83 85
114 62
23 4
13 116
133 143
88 126
109 67
104 97
123 130
126 70
44 22
84 53
79 18
91 131
83 71
74 97
2 126
120 8
88 59
5 53
37 8
21 94
38 93
131 106
109 125
8 122
84 132
136 137
120 70
73 10
108 135
19 32
10 10
52 125
80 139
65 105
121 117
22 102
85 111
142 77
24 38
78 22
28 10
129 119
115 17
42 83
81 130
12 89
129 69
1 55
39 94
47 46
116 34
146 104
22 89
40 88
104 103
120 112
7 42
98 133
122 60
21 97
57 146
67 52
20 23
62 145
27 11
114 104
14 51
109 128
7 118
68 2
91 25
121 58
119 66
27 56
30 27
107 25
68 147
51 143
98 97
7 42
75 80
85 45
107 105
88 105
2 15
28 91
13 72
133 145
75 88
85 66
49 106
106 95
120 87
2 91
111 46
100 86
86 123
123 106
88 90
128 66
143 59
112 32
115 146
31 2
20 27
37 114
25 29
6 131
89 83
5 21
145 94
118 99
79 42
103 112
101 64
116 45
99 124
83 88
43 42
85 53
83 134
28 75
139 27
80 113
67 131
123 119
100 86
45 78
71 101
122 104
58 83
78 38
129 66
132 45
136 29
134 112
48 148
6 9
78 83
82 0
106 80
34 70
20 16
67 142
15 139
91 32
41 140
65 87
120 148
35 95
18 101
136 43
104 123
133 5
149 113
117 115
30 49
100 118
128 68
27 143
22 51
143 122
125 147
136 84
131 136
126 35
83 90
95 64
3 49
121 1
17 19
71 48
27 125
5 82
135 139
98 102
148 51
112 144
77 19
131 140
32 46
145 69
128 85
82 26
4 101
0 6
90 99
50 49
14 73
100 106
42 45
97 84
125 72
135 135
45 14
72 50
89 71
54 91
56 56
42 47
114 32
7 18
42 139
147 4
75 145
46 104
61 1
19 111
107 33
79 0
40 19
142 53
51 69
55 39
65 118
36 12
147 81
127 78
54 69
4 45
123 7
130 9
77 38
129 60
22 30
76 110
67 143
82 41
64 30
62 110
79 85
20 35
102 56
94 94
125 139
55 84
44 102
10 2
6 134
9 130
94 51
19 6
64 77
72 17
107 93
6 105
120 105
59 139
131 76
38 147
34 64
111 62
126 112
14 9
27 26
41 87
39 21
35 145
104 96
56 103
37 131
24 18
131 148
140 145
4 149
129 100
30 4
114 143
58 39
99 77
89 42
93 117
79 120
37 110
133 45
30 35
17 103
39 86
30 21
26 49
64 67
9 132
77 16
81 52
124 107
149 31
73 129
69 118
19 34
95 138
37 83
71 145
12 22
59 102
54 96
97 131
103 129
50 106
75 29
101 42
133 98
118 80
132 122
90 22
74 29
54 139
84 102
139 135
26 6
139 3
97 20
146 70
46 53
117 121
144 102
19 142
35 143
106 20
117 50
63 93
27 136
57 32
78 126
65 109
108 81
43 109
119 50
120 91
58 100
144 139
38 28
54 116
97 67
141 136
108 59
121 103
53 145
73 147
145 110
110 110
9 126
57 6
128 16
85 108
135 36
70 115
85 129
102 11
124 84
26 64
115 43
139 3
85 24
132 86
39 14
104 31
32 99
135 51
135 9
56 92
60 120
46 108
118 144
80 142
36 54
109 82
74 26
21 115
129 3
144 57
98 10
100 15
45 75
129 100
146 107
28 76
116 11
83 135
50 72
88 132
23 120
45 45
123 13
88 55
78 120
65 122
104 101
104 15
120 20
51 89
68 133
113 98
149 99
39 67
136 70
43 148
123 144
70 6
119 120
37 119
149 39
39 42
54 33
74 142
113 95
95 8
140 7
15 102
143 14
89 109
28 113
91 47
25 37
46 119
81 35
139 112
13 90
67 134
77 139
9 81
57 118
81 53
40 120
85 3
103 77
59 11
102 72
140 76
122 1
126 110
141 135
1 140
47 108
44 68
104 123
27 122
72 109
76 95
129 128
107 5
111 60
12 43
101 104
3 79
87 145
148 4
73 14
87 143
128 4
106 50
2 60
107 110
99 15
119 58
53 51
59 110
134 102
148 61
140 84
95 111
100 132
42 23
88 14
20 5
85 126
134 125
122 14
34 105
46 36
144 112
13 65
8 1
146 95
47 94
45 133
3 76
71 149
69 29
78 101
110 7
140 135
34 68
106 115
100 56
38 109
19 1
12 107
24 73
35 93
5 120
38 66
132 127
7 42
40 148
119 37
32 140
27 65
95 71
111 21
133 82
25 113
129 85
140 69
128 25
103 140
15 77
9 88
86 132
149 90
80 51
12 21
135 71
109 7
95 52
69 52
135 105
30 76
2 139
71 31
132 59
17 60
117 91
59 45
94 127
69 19
8 145
40 132
86 130
141 109
90 28
40 101
34 59
18 81
23 31
68 4
102 63
84 126
109 108
2 72
12 83
102 40
85 37
18 92
91 38
111 7
81 7
123 66
33 11
3 72
23 84
54 42
47 112
18 8
64 113
92 17
73 114
70 35
62 106
147 123
25 105
74 60
33 55
76 137
77 124
141 91
66 55
149 72
103 144
96 102
14 68
101 144
54 112
29 121
129 127
144 100
62 49
60 100
69 140
2 67
93 102
66 84
132 43
123 45
28 34
135 69
108 133
51 16
59 12
82 120
134 84
146 5
109 56
18 47
71 82
38 35
54 123
37 30
52 145
120 97
75 46
82 95
7 141
32 18
44 42
57 144
147 107
57 0
38 2
43 99
142 113
23 111
82 118
90 38
43 146
10 104
103 73
135 21
132 100
30 125
16 15
79 107
97 51
53 105
33 147
144 55
4 92
133 83
32 104
141 143
92 74
59 96
142 93
141 136
78 60
82 22
90 70
37 32
94 9
108 88
17 129
111 12
127 145
113 140
132 76
88 35
64 56
115 28
86 53
116 132
24 59
45 139
117 130
44 53
121 74
77 117
58 122
69 79
34 145
46 96
28 70
41 84
51 44
87 48
27 84
65 46
24 135
10 145
18 3
115 89
43 132
36 37
110 11
67 41
32 119
43 81
140 4
117 24
106 72
28 74
111 137
85 66
13 42
33 0
21 33
19 120
80 145
0 106
74 2
39 76
134 80
140 101
97 70
90 75
128 142
104 97
16 89
34 59
67 128
109 4
98 55
117 5
74 106
84 65
93 117
132 23
18 50
110 64
113 59
72 20
49 36
148 18
52 108
90 34
19 25
55 80
104 98
86 92
118 42
99 64
124 3
117 56
9 71
110 9
60 8
74 36
38 120
84 41
73 93
80 107
19 74
79 48
20 36
68 26
77 103
87 148
54 70
8 14
82 56
57 31
128 119
82 84
132 90
110 111
142 51
15 44
80 15
67 113
138 12
71 36
80 138
97 119
124 54
34 142
9 70
17 54
57 1
145 82
75 133
146 66
34 83
38 105
48 83
50 46
64 44
75 114
14 45
111 47
35 128
131 39
72 123
77 33
143 139
96 120
4 102
33 43
101 141
140 114
105 18
139 40
113 68
135 109
28 13
75 137
113 131
140 39
34 105
136 28
64 64
32 113
5 91
86 49
17 22
135 75
131 44
33 64
128 13
14 33
92 73
40 18
77 143
135 5
42 143
85 74
33 101
16 138
131 81
21 44
95 11
65 146
6 51
12 43
74 33
34 105
107 149
37 7
106 146
39 52
43 131
67 4
5 144
54 120
25 2
9 40
21 92
63 10
78 96
117 62
136 115
130 23
106 119
68 74
6 5
22 82
111 133
37 81
64 30
17 73
141 9
69 69
118 30
122 15
50 17
42 6
33 17
7 137
29 51
104 28
145 51
41 77
45 56
141 129
34 14
138 119
124 66
5 106
0 30
119 64
136 140
34 106
122 123
107 123
127 43
114 52
118 56
116 103
6 1
79 114
9 23
8 6
48 49
116 92
108 99
63 97
110 142
78 64
142 99
0 16
96 92
125 143
35 29
6 93
13 53
146 149
78 55
136 51
131 108
94 147
3 46
81 92
4 31
85 35
137 106
130 137
121 41
4 95
64 91
60 8
70 79
6 40
131 113
3 1
85 137
18 132
128 135
9 28
58 34
47 85
16 116
18 145
89 112
17 75
6 139
72 99
96 52
129 44
119 29
94 37
67 92
130 6
22 33
73 10
51 146
146 6
57 126
106 111
40 100
14 70
54 81
32 25
111 77
137 137
13 147
93 77
17 51
48 46
127 57
34 84
6 31
62 137
112 110
105 80
81 5
3 67
68 32
145 98
130 93
144 17
9 35
9 141
46 15
80 108
13 130
70 4
8 24
20 26
148 36
53 39
85 46
13 148
46 112
116 9
22 53
147 135
62 52
140 71
18 29
25 69
78 37
27 44
81 138
135 1
111 14
84 144
42 81
62 37
69 20
115 74
27 74
6 24
9 114
82 61
59 117
18 49
60 2
16 44
133 63
52 10
128 46
7 22
129 41
138 132
57 102
75 89
94 67
55 103
110 26
134 126
35 128
40 12
36 83
101 135
91 59
113 144
109 74
104 94
88 111
26 104
23 11
91 24
70 108
100 29
77 80
63 120
120 55
10 108
42 5
125 0
85 60
61 97
98 99
127 139
4 33
2 80
129 42
33 98
112 77
38 148
125 30
104 29
95 85
81 31
13 67
35 22
55 125
68 0
107 73
2 115
128 124
35 88
11 95
9 145
138 91
38 106
78 131
2 124
84 26
86 100
16 148
88 17
105 69
101 85
86 146
14 133
60 113
34 125
47 87
11 68
135 127
59 39
129 148
81 124
122 59
121 141
96 0
78 106
54 75
144 35
127 73
75 43
144 2
101 14
49 67
26 35
76 56
139 12
80 99
61 118
99 73
48 66
49 139
110 23
112 134
31 0
117 19
24 40
102 148
117 79
12 110
99 44
23 124
18 86
115 115
25 144
53 52
65 54
26 1
103 60
45 105
55 65
25 121
141 142
2 17
81 50
46 57
34 71
38 4
40 131
128 33
55 79
26 109
117 140
57 101
71 89
70 111
135 129
87 42
68 54
149 19
34 72
61 16
36 44
19 143
55 70
133 127
66 137
115 100
126 100
120 113
61 54
96 90
122 75
5 131
132 76
27 18
122 33
58 47
8 106
94 137
34 29
105 12
93 75
64 13
125 114
125 79
149 126
129 9
147 0
79 92
146 129
89 79
45 48
108 29
122 123
42 50
86 84
14 108
88 126
47 146
145 71
50 32
122 47
11 119
24 85
63 101
25 121
95 51
32 14
83 5
111 65
77 30
1 124
1 139
88 58
36 54
62 20
8 128
69 20
139 76
16 64
88 14
76 128
134 79
141 44
145 41
35 14
85 45
36 127
14 131
36 51
5 114
76 10
87 104
66 63
32 68
140 79
99 121
139 2
149 30
125 111
43 114
46 60
43 4
63 81
91 81
126 107
144 70
69 10
99 80
92 145
1 112
104 21
54 42
1 70
120 64
40 137
44 127
99 45
50 96
50 112
41 25
81 114
20 75
36 38
42 23
4 66
29 60
96 136
23 81
126 42
125 108
97 117
100 125
26 35
76 54
106 77
126 3
25 29
43 55
41 60
43 75
110 120
44 139
104 91
46 0
142 145
47 118
110 24
22 117
53 15
79 100
63 2
91 118
52 91
143 27
56 16
54 60
22 126
29 1
3 34
140 103
91 129
90 142
131 98
61 139
13 27
109 91
52 29
143 39
77 12
77 31
1 28
120 1
41 133
95 45
3 113
67 8
123 60
81 115
102 146
10 3
129 49
111 115
91 58
6 99
25 43
4 95
102 13
42 28
17 76
106 50
47 32
1 91
68 118
122 66
105 107
94 36
141 75
88 82
58 71
112 21
68 39
149 95
111 116
122 51
141 115
86 90
4 127
69 148
63 83
68 128
113 107
113 139
130 147
136 10
74 71
5 144
141 145
1 41
93 122
104 93
49 7
72 9
143 130
121 100
146 52
141 73
113 140
75 117
145 117
96 66
2 74
50 71
32 21
3 31
6 25
121 25
10 4
8 7
8 143
44 70
42 52
149 56
118 66
84 43
27 15
41 28
29 130
126 119
115 124
60 125
40 133
147 59
77 41
91 148
145 50
115 107
4 42
103 139
105 148
71 85
144 26
2 83
102 46
99 105
56 99
116 53
24 90
15 97
52 35
23 59
38 16
27 131
53 42
83 27
6 32
31 31
130 21
33 57
104 111
33 56
26 14
58 9
5 112
129 123
54 91
99 52
84 127
74 72
132 128
143 76
96 35
11 89
132 100
69 147
4 19
130 101
145 8
60 80
65 138
67 39
53 121
2 71
111 124
139 2
91 20
56 48
17 125
55 15
26 59
85 66
144 129
107 19
126 32
70 64
66 66
56 85
141 69
29 63
37 11
9 133
46 75
120 18
110 139
111 148
89 135
141 50
56 94
11 58
114 136
12 110
67 37
107 107
118 140
50 19
58 36
37 28
5 97
69 38
91 122
83 42
38 79
126 135
28 76
12 137
72 137
113 87
113 129
112 1
91 78
31 2
122 126
149 23
142 77
86 4
62 116
118 99
23 57
79 63
118 6
117 119
18 3
32 105
134 102
98 114
115 105
83 33
130 64
132 125
114 95
34 58
118 40
45 84
129 115
93 143
53 63
52 72
51 103
104 98
138 48
108 124
128 137
99 18
130 32
118 114
3 80
23 4
100 37
114 128
111 7
43 42
37 119
140 85
76 34
124 27
134 66
27 103
92 90
77 148
65 112
100 111
78 54
108 28
66 53
112 5
99 94
97 59
13 24
75 124
63 47
39 80
69 81
144 49
115 37
131 41
105 133
117 119
54 17
12 113
95 142
19 34
126 52
137 121
75 31
37 143
63 60
48 10
11 106
56 53
114 30
38 115
142 109
76 129
149 18
146 45
67 66
55 70
81 121
67 62
125 137
11 11
80 22
107 42
37 5
37 65
141 35
35 117
42 114
77 53
92 12
106 49
80 64
76 121
46 35
64 79
139 116
27 82
138 68
12 103
63 95
40 52
44 38
63 8
95 76
100 92
82 17
68 13
62 29
43 31
23 4
111 112
27 81
52 87
40 66
116 73
23 17
37 61
142 48
0 147
135 21
132 52
113 76
98 43
94 39
102 69
88 91
66 4
19 131
96 46
120 123
61 74
87 88
26 103
27 79
144 57
137 30
38 38
73 38
68 119
45 136
6 34
21 144
109 46
11 19
132 92
21 100
31 19
77 57
147 49
27 76
106 108
64 134
137 29
37 143
94 26
122 86
3 28
131 28
118 36
98 2
11 39
115 114
4 134
115 55
144 11
81 47
28 31
70 135
87 7
138 73
83 19
52 44
110 57
142 73
50 7
59 115
6 101
115 91
23 11
99 47
84 54
70 40
74 28
1 52
109 12
103 21
137 106
66 127
39 7
112 12
59 44
21 123
70 116
122 19
143 102
8 38
53 105
92 5
57 27
116 28
12 123
12 109
96 125
81 105
8 66
118 53
125 73
12 40
12 96
123 22
16 50
42 119
40 71
31 136
128 97
31 85
24 127
52 42
66 65
142 137
39 131
103 106
12 73
122 55
7 127
27 66
109 1
124 95
40 118
14 3
146 50
139 67
67 142
36 144
75 68
25 111
41 99
111 121
134 36
147 71
125 130
141 143
13 54
87 107
58 75
111 42
149 95
117 37
69 15
131 14
61 51
40 72
13 74
91 80
78 115
39 54
29 128
131 0
77 136
28 73
111 93
46 40
46 27
74 23
128 110
47 119
24 126
18 120
137 26
17 143
102 20
133 16
23 46
9 119
117 94
6 109
34 35
142 122
28 124
32 82
133 60
18 120
27 1
11 48
86 15
86 144
30 139
16 103
102 121
91 34
87 27
108 5
110 45
90 108
71 90
59 129
131 12
20 134
120 76
53 68
36 91
94 33
101 74
44 50
115 20
129 52
26 4
61 34
134 48
45 10
20 138
100 125
9 102
93 87
48 16
20 86
69 94
65 78
143 147
126 58
65 31
11 78
138 73
94 68
4 109
99 118
27 71
101 137
122 92
75 68
73 39
51 101
83 140
60 63
76 69
66 16
56 101
69 99
17 6
101 21
64 116
114 42
104 22
7 72
138 45
41 86
87 93
144 93
38 1
142 41
4 31
91 96
122 136
71 49
35 110
141 101
118 111
30 97
136 146
136 140
16 132
71 79
105 34
40 79
48 87
58 65
130 29
117 93
124 120
121 120
148 55
55 113
126 66
78 17
148 87
14 48
12 17
139 89
102 59
22 77
38 10
1 6
136 86
61 55
27 143
15 116
88 64
126 55
0 58
4 41
50 94
102 27
135 9
130 80
11 101
50 113
106 46
1 91
49 28
114 63
99 123
72 94
69 85
90 41
97 50
79 50
142 82
58 139
35 111
23 96
48 80
86 29
32 22
112 47
145 18
71 67
84 26
136 110
25 123
119 78
82 70
120 66
92 30
142 98
31 48
99 35
89 137
46 73
5 69
34 48
11 108
149 109
130 139
32 113
123 34
127 28
70 72
1 116
31 16
21 89
30 64
23 13
104 74
15 7
72 144
32 39
7 72
146 47
7 129
67 107
32 29
19 109
110 133
75 125
73 141
20 40
84 104
140 74
143 32
123 96
102 83
26 51
27 16
37 127
133 62
147 4
90 59
24 40
12 94
117 55
120 103
27 124
105 48
106 71
119 18
136 29
97 50
148 93
101 35
41 42
69 45
57 112
6 3
105 128
86 124
14 35
138 61
114 134
29 138
91 35
57 75
140 18
54 138
71 50
81 100
99 13
82 91
125 8
86 31
14 43
96 69
34 117
122 141
76 74
134 50
144 149
35 1
32 149
104 101
6 85
118 0
7 40
92 28
126 1
81 38
78 54
67 17
72 47
123 45
147 117
8 80
128 145
143 148
25 87
32 98
120 91
42 146
91 149
142 119
3 102
30 76
31 68
12 104
69 119
109 93
76 118
149 61
149 77
19 48
143 14
87 2
20 41
0 115
129 43
3 53
86 72
118 63
46 101
29 85
94 66
88 47
2 25
106 36
82 68
112 114
63 60
130 129
25 13
128 91
87 98
62 131
88 77
90 92
52 28
107 4
35 60
17 95
67 147
79 29
76 83
30 21
120 91
37 54
55 70
66 96
73 34
59 28
103 77
106 76
133 123
101 91
87 119
56 107
95 40
99 148
147 55
95 35
44 69
148 28
63 86
95 100
30 29
11 132
46 31
149 94
128 34
57 27
16 136
56 3
58 4
91 44
38 123
85 105
106 31
105 87
111 90
50 48
28 27
78 32
57 122
114 73
96 5
107 101
64 133
137 77
63 56
127 96
133 0
44 79
73 120
10 52
122 53
132 55
56 91
72 88
147 144
140 5
87 47
40 102
81 53
102 85
57 59
93 71
148 75
121 97
131 48
74 77
32 37
52 68
31 55
102 78
121 10
143 132
64 104
63 93
22 144
134 85
98 31
137 31
21 71
140 120
97 73
59 115
71 40
20 89
111 91
7 144
93 126
0 82
146 32
59 88
71 26
0 16
132 102
89 148
98 30
68 43
143 69
19 148
0 64
127 134
26 94
15 115
23 127
134 118
105 26
96 122
18 64
101 76
24 100
64 8
47 45
145 133
2 43
131 5
118 4
103 35
148 6
129 127
16 81
109 103
16 30
2 74
113 62
46 76
53 100
44 0
80 13
145 17
76 78
28 103
125 97
8 82
118 60
149 14
95 66
122 113
71 11
46 2
96 52
39 81
74 64
54 15
34 29
30 12
40 23
120 85
88 99
53 88
79 22
37 0
91 140
133 123
114 46
89 138
23 94
62 94
64 129
148 53
80 121
82 4
82 88
70 139
146 44
44 145
111 138
42 127
11 78
148 76
147 27
134 99
81 87
53 37
103 22
82 8
59 15
113 74
77 62
31 118
79 142
39 10
75 149
133 106
50 55
13 15
40 118
13 13
52 128
148 142
26 118
128 73
15 64
71 57
96 0
17 64
86 69
21 112
109 39
140 115
53 55
49 114
113 83
62 112
47 56
67 9
119 123
84 0
78 24
13 145
70 32
109 8
73 106
84 135
30 92
128 76
111 29
55 120
29 144
134 85
67 122
131 27
44 140
88 52
4 59
135 118
84 53
133 114
101 66
136 122
146 34
90 106
86 137
146 131
63 59
127 41
139 61
20 131
71 73
62 138
93 122
119 29
139 119
127 146
135 99
90 140
4 23
53 21
109 52
69 141
10 40
141 92
62 138
142 114
110 16
15 109
0 34
22 43
113 91
131 2
109 74
120 118
57 115
66 122
107 22
133 135
141 47
134 56
70 87
116 87
72 130
66 75
105 39
127 21
15 42
82 129
15 66
79 35
73 10
132 34
87 99
50 47
148 109
68 39
136 105
78 147
6 47
49 133
47 115
117 91
24 64
112 105
111 76
83 65
5 118
139 31
59 1
147 128
33 69
65 51
67 37
104 34
91 145
91 134
128 99
127 134
46 17
9 1
132 124
142 98
63 117
21 105
146 121
7 24
23 13
118 77
66 52
116 75
92 83
138 81
106 114
40 63
114 120
98 13
4 86
5 121
41 147
111 8
21 37
127 4
65 56
139 102
3 106
98 121
124 108
124 51
84 9
107 108
28 137
105 56
42 2
84 143
90 56
9 22
24 112
147 84
2 51
58 52
14 147
51 143
63 143
104 141
92 30
56 130
15 49
60 132
136 36
20 48
98 139
104 3
109 13
109 43
26 55
24 9
33 79
105 142
105 140
16 101
118 68
123 74
117 129
18 39
136 71
46 72
104 73
49 19
71 74
14 111
99 16
81 74
121 51
19 135
107 95
28 32
140 28
142 13
52 135
56 134
143 18
62 115
77 83
2 6
61 105
42 130
112 63
36 41
37 46
93 105
61 22
124 99
86 141
89 116
149 34
48 31
21 23
74 27
78 139
39 58
68 111
146 11
16 46
54 15
82 58
73 84
65 111
120 98
67 20
53 103
4 147
126 23
75 52
137 113
68 59
14 107
81 75
33 45
42 16
21 48
66 128
104 124
44 29
81 82
123 60
85 10
52 42
54 69
75 142
92 67
127 71
82 110
12 63
33 112
114 126
142 9
65 106
7 45
138 97
61 112
84 47
112 45
24 85
98 101
118 133
108 34
5 74
79 83
69 136
148 71
17 69
120 61
77 63
2 103
110 67
148 116
82 147
55 2
145 95
88 66
4 69
143 2
104 13
126 95
60 87
31 13
124 70
4 137
140 145
3 37
115 67
146 3
120 128
130 100
106 141
15 63
123 11
43 120
105 12
113 84
144 145
94 99
13 94
58 134
66 64
96 110
53 68
39 132
117 93
140 78
100 47
6 83
145 119
139 135
43 81
118 94
23 42
0 27
67 26
59 77
72 21
56 119
41 78
8 13
84 32
34 128
51 64
135 80
146 138
91 90
93 82
83 139
71 10
33 142
101 92
122 79
29 144
149 110
74 50
26 45
38 53
40 1
77 11
130 134
11 100
138 18
96 121
24 67
100 137
30 77
15 40
122 131
56 43
137 114
119 26
34 21
27 74
95 54
94 76
74 126
6 120
75 108
60 55
9 65
61 89
128 95
111 46
10 46
146 111
99 2
111 74
84 61
35 96
13 4
91 124
125 130
48 109
36 134
111 72
24 114
59 16
91 101
19 141
28 118
30 142
54 15
22 100
143 38
60 51
54 104
9 122
143 0
14 33
116 62
126 144
126 4
69 7
37 30
34 66
36 121
12 25
123 67
114 44
138 146
141 27
79 115
104 30
8 20
73 112
45 127
28 20
12 86
50 91
144 101
45 121
125 137
126 59
110 120
59 91
73 108
108 42
100 93
70 54
87 87
5 122
126 119
63 44
34 102
2 109
51 14
142 91
29 19
111 111
2 33
105 140
1 124
11 130
51 48
57 74
145 136
55 117
70 73
25 119
36 54
83 32
57 67
115 140
42 22
109 71
133 43
119 60
18 1
56 52
14 8
121 5
124 15
133 11
6 59
115 65
95 132
49 42
105 35
90 46
114 38
75 132
118 48
141 70
130 142
139 93
62 55
41 100
100 38
99 35
98 12
86 132
72 81
136 24
59 7
53 69
32 120
137 47
22 105
48 148
32 45
95 125
17 98
32 144
6 41
76 80
33 106
81 13
94 13
121 4
60 23
28 88
58 142
34 87
40 61
123 115
42 112
117 106
100 108
28 54
35 107
148 26
103 107
112 82
115 34
51 34
138 95
47 136
74 19
34 109
77 144
46 100
8 53
84 5
33 72
116 58
75 36
145 44
140 48
32 62
77 72
141 1
47 42
119 4
103 52
99 22
128 12
26 117
92 110
87 108
64 77
54 71
127 97
29 25
118 111
50 47
116 98
142 2
126 100
85 117
5 128
7 105
129 11
134 42
75 24
123 81
132 14
81 62
65 22
104 64
66 7
147 128
66 1
141 36
60 84
115 106
144 16
76 101
37 130
142 122
120 126
17 133
125 13
82 147
98 127
80 21
76 108
114 20
120 30
116 86
34 47
132 71
66 59
63 23
94 67
148 19
25 109
112 90
54 104
122 52
54 148
44 102
73 8
74 53
123 120
128 129
61 106
117 38
51 32
11 126
73 99
120 58
65 134
45 80
47 83
126 137
12 43
123 29
75 4
47 128
73 14
115 15
83 88
149 142
82 143
90 51
127 55
60 20
10 97
120 67
94 90
19 67
131 142
131 103
147 138
147 86
10 3
91 132
102 102
124 134
118 131
64 90
32 24
96 144
69 149
88 1
21 7
68 100
141 118
122 143
12 87
136 59
6 28
40 103
137 130
53 141
146 13
81 25
15 9
35 70
6 62
70 121
99 79
96 1
51 2
60 61
111 56
69 0
46 6
80 71
9 110
7 128
81 119
147 130
127 49
131 0
147 134
43 24
84 80
47 119
86 40
39 113
68 37
75 146
77 23
57 16
27 62
76 56
82 108
24 5
84 109
9 122
27 50
76 59
76 88
38 34
26 110
138 1
41 25
87 136
76 77
43 74
57 1
21 107
125 8
41 44
50 82
142 38
100 136
44 6
19 61
132 35
47 140
131 135
142 56
98 146
72 69
98 21
88 90
57 9
99 81
79 86
128 22
68 97
144 65
49 130
85 55
112 48
127 30
93 71
19 78
79 80
134 70
145 93
66 52
113 70
23 82
144 65
64 18
25 63
143 143
5 95
89 25
122 0
73 112
7 50
18 131
134 101
61 54
130 97
129 141
116 31
20 117
19 76
23 127
47 120
73 108
19 106
77 73
30 129
81 6
15 21
136 14
146 43
62 68
85 116
99 13
50 108
95 33
91 87
44 49
95 73
113 114
5 111
142 36
145 65
103 68
107 99
101 10
91 122
140 86
140 48
39 103
108 74
128 119
43 102
130 18
2 95
105 72
2 85
18 135
80 138
123 92
124 69
6 100
116 83
77 142
134 89
117 42
74 7
124 124
141 10
12 31
78 87
124 27
28 77
119 1
83 136
78 97
7 99
54 91
131 20
111 95
85 127
39 106
142 14
99 113
116 8
70 15
0 20
72 119
83 146
77 2
3 16
65 85
144 106
68 65
88 24
15 13
145 62
87 102
131 49
22 57
135 108
54 19
124 95
94 104
16 51
119 50
102 60
140 83
52 104
132 114
64 79
2 37
89 96
35 145
91 51
64 132
125 128
114 38
8 14
138 59
53 143
112 61
108 68
104 130
31 7
76 139
66 74
30 112
135 33
98 105
77 84
9 91
56 17
26 116
58 108
29 79
134 130
109 27
115 108
29 3
60 62
2 113
86 142
100 105
29 148
107 2
0 102
17 93
25 69
21 135
76 113
21 97
88 30
72 33
91 11
130 54
137 81
32 44
26 91
7 41
108 104
111 19
135 29
118 19
131 14
124 44
111 140
124 6
47 134
149 73
26 13
72 2
46 2
49 3
100 28
24 19
60 70
5 90
81 127
149 108
7 41
86 126
89 55
54 29
112 142
105 61
16 129
21 62
134 23
73 93
17 1
45 50
7 75
110 138
48 0
109 39
77 71
149 98
3 27
55 106
81 100
50 71
26 83
139 29
62 102
85 28
10 16
127 60
5 84
138 100
13 145
66 24
65 110
98 93
33 145
70 61
31 9
45 30
4 127
46 19
70 101
130 105
55 59
110 91
47 29
94 97
94 8
56 117
50 11
83 25
76 130
78 120
125 8
126 95
0 41
50 47
107 86
37 20
61 58
72 7
0 126
10 45
67 0
125 4
63 111
40 48
68 44
116 103
1 118
69 71
3 103
85 141
9 125
108 74
59 6
20 148
100 108
50 41
115 148
129 97
8 52
145 116
145 70
76 45
8 62
31 130
26 122
53 29
25 3
28 107
103 11
21 104
123 36
36 116
42 95
60 97
27 130
90 126
143 48
36 101
54 139
90 124
11 118
44 120
75 59
132 133
116 33
85 26
77 131
71 72
74 53
104 141
26 25
136 27
15 15
83 6
2 45
61 51
146 121
101 78
25 69
112 57
46 26
55 141
103 52
112 130
54 142
93 101
105 94
112 138
61 30
144 46
61 136
124 120
70 54
28 63
3 74
4 2
4 102
18 11
92 41
91 52
50 4
86 26
15 112
13 112
39 132
130 24
16 88
136 131
92 37
116 58
6 121
121 24
1 37
67 14
14 125
149 64
48 87
33 81
118 28
18 94
144 105
4 89
90 36
136 49
79 42
89 148
50 37
130 117
12 134
134 86
23 33
1 101
140 90
12 101
136 107
26 10
58 39
36 14
130 12
113 136
45 108
143 100
84 96
25 15
130 90
53 25
62 78
39 128
3 46
125 135
48 82
39 95
107 64
15 64
104 78
1 74
134 7
142 125
144 100
121 31
41 138
112 71
50 11
28 131
24 85
39 55
149 98
100 73
107 4
8 33
113 0
92 109
91 113
41 22
79 115
30 132
121 68
113 2
5 111
108 45
111 83
89 46
23 62
103 74
37 22
123 47
88 75
82 54
80 127
111 6
139 6
143 134
53 140
73 111
117 51
95 36
85 95
146 89
72 27
104 109
147 67
80 98
18 133
85 38
102 117
116 42
116 21
10 13
120 138
142 18
113 127
110 116
71 81
41 63
83 108
52 49
27 118
59 118
34 84
45 121
41 22
80 14
128 101
31 103
105 49
104 98
49 120
3 79
23 112
51 80
93 118
25 85
31 91
45 86
65 8
88 92
0 63
36 24
124 72
14 105
10 133
97 18
81 22
38 148
127 1
137 55
6 27
139 26
14 51
69 18
51 94
96 92
111 82
84 132
67 128
72 118
56 6
52 101
8 49
10 12
62 9
3 30
63 54
148 145
134 6
143 95
98 54
144 44
53 81
117 117
50 38
51 82
144 91
73 76
39 38
144 47
74 139
124 8
94 7
58 103
60 114
107 142
142 81
100 103
77 134
96 52
129 57
98 15
126 99
35 33
24 100
106 34
87 135
34 135
93 53
3 62
82 13
139 85
94 55
38 3
16 100
126 142
69 77
95 135
140 129
36 127
15 40
58 55
20 126
46 45
21 23
145 99
13 3
121 123
62 9
48 60
140 14
16 138
133 86
71 17
12 89
95 36
97 33
3 26
42 66
56 133
33 89
73 85
21 120
63 12
122 136
141 2
98 105
36 43
19 66
127 26
132 91
61 147
104 6
14 112
106 4
138 25
17 17
43 124
54 15
40 100
108 18
103 33
1 40
121 28
20 3
143 79
149 119
73 114
44 145
54 4
140 108
111 26
68 137
24 24
94 84
90 140
122 15
80 128
145 74
66 117
142 63
127 141
28 27
73 133
44 89
14 24
54 105
93 72
116 29
74 22
99 98
120 130
59 123
3 148
122 81
71 73
104 85
21 101
95 45
50 46
74 56
45 52
28 28
31 61
140 106
80 61
9 36
61 114
66 43
88 72
144 64
33 30
64 44
12 20
92 139
37 146
29 27
147 85
31 75
77 16
59 48
4 148
74 38
49 25
85 36
65 94
11 121
22 68
107 40
93 0
142 83
73 34
32 86
128 105
93 39
104 50
120 63
87 149
65 65
140 69
129 106
20 148
15 62
24 82
92 84
118 71
106 104
6 84
83 69
136 124
2 41
91 47
86 112
71 127
27 85
10 60
53 88
26 6
44 33
66 16
118 110
89 105
15 83
17 12
141 72
122 113
133 129
28 70
125 109
92 12
18 10
31 105
27 69
75 147
127 69
85 99
19 108
13 13
71 54
94 17
119 31
97 22
80 102
38 101
81 25
24 134
62 11
63 74
114 134
39 6
140 105
20 98
41 78
129 49
139 28
99 148
75 33
122 120
52 50
0 16
67 94
10 58
0 117
86 127
54 113
77 43
36 45
24 21
12 57
80 69
144 123
76 63
128 30
92 64
128 92
19 128
90 7
104 128
46 15
111 82
26 5
60 49
35 101
28 79
49 137
16 76
39 140
31 114
129 145
37 49
43 137
106 131
105 141
36 48
30 97
45 17
124 79
105 25
95 29
110 146
19 86
9 38
42 127
106 145
110 121
22 34
79 21
17 110
84 57
28 71
70 29
93 52
32 72
23 17
134 35
45 114
60 126
69 29
140 68
134 121
27 92
16 136
34 109
115 143
124 92
147 119
15 7
90 82
127 122
3 26
53 33
35 95
132 10
75 35
39 45
143 33
147 27
134 104
120 118
73 21
63 100
148 39
126 109
119 127
23 149
84 82
147 35
5 28
113 21
132 98
8 96
68 108
122 39
144 71
9 128
145 30
69 133
99 136
116 51
68 64
140 113
139 135
9 23
37 13
26 13
62 21
34 145
103 42
79 53
92 32
8 129
26 105
34 93
80 38
68 118
89 27
69 109
28 119
120 3
37 1
88 30
94 134
135 99
140 51
109 103
75 118
57 42
122 6
97 83
96 123
97 149
18 72
17 25
39 61
142 89
32 6
61 96
39 109
89 139
133 147
103 141
117 7
140 58
47 13
125 51
16 123
73 26
3 110
115 31
65 25
109 12
51 27
11 140
76 5
29 68
24 74
40 12
58 2
123 96
109 29
48 7
94 142
66 42
52 147
34 110
53 54
107 94
23 40
62 55
133 47
64 45
113 11
62 3
112 8
98 130
102 23
125 47
64 122
94 108
61 70
31 125
51 4
98 116
83 46
54 107
75 34
17 79
97 149
136 28
73 127
127 68
45 14
19 75
80 57
15 107
72 86
122 109
115 121
74 127
130 58
122 10
149 59
34 128
10 29
66 15
79 61
31 26
5 99
28 146
149 113
50 73
71 15
31 52
32 67
74 50
71 32
71 79
100 133
118 88
103 16
121 113
9 6
128 74
64 5
44 24
74 7
71 119
5 81
121 49
83 53
114 95
135 147
47 12
83 134
86 44
126 99
141 75
127 110
2 111
72 28
34 80
146 86
51 19
138 14
90 105
100 146
146 71
43 50
82 123
28 93
142 76
26 27
94 105
36 14
32 92
137 39
98 44
123 138
72 143
120 18
37 93
70 54
83 27
116 21
31 57
74 138
113 9
10 27
135 148
52 126
95 138
35 134
90 116
49 146
134 83
8 61
83 52
138 119
52 53
107 28
87 139
72 103
46 12
96 136
112 50
142 114
141 31
147 93
132 27
94 49
134 106
112 15
85 39
139 146
25 99
118 46
58 72
148 58
72 28
107 118
148 142
94 54
116 103
34 119
36 38
34 7
103 67
102 116
55 102
3 61
16 139
69 65
120 70
99 29
108 37
25 52
138 111
19 33
127 21
137 27
44 109
147 139
10 20
83 60
23 132
149 44
63 54
77 10
35 32
64 2
76 109
134 129
104 42
149 29
133 81
20 59
140 142
119 38
108 6
81 54
17 42
127 100
60 35
100 55
122 147
124 37
122 109
134 91
26 4
10 121
27 2
114 35
134 135
0 22
8 73
89 27
121 56
59 81
101 119
118 127
127 119
148 48
137 114
61 33
88 46
115 109
102 8
126 58
122 21
13 8
86 71
50 110
109 145
108 9
132 123
80 97
84 133
92 39
72 81
70 143
123 94
27 9
53 72
109 68
33 40
111 68
139 16
141 93
133 93
76 65
105 97
51 13
20 53
81 39
12 25
65 80
28 117
108 92
24 10
125 27
144 62
81 111
85 110
47 40
103 15
43 53
9 2
22 125
53 10
93 141
31 28
106 1
75 111
108 107
122 131
149 106
89 121
125 31
126 112
5 37
80 4
140 56
26 62
7 106
18 82
102 145
146 118
131 101
85 23
13 119
142 33
41 50
3 61
119 13
25 114
143 17
57 40
40 53
144 146
20 15
5 75
41 107
110 127
11 23
148 49
68 15
69 137
39 11
111 73
10 96
10 43
1 12
59 40
20 24
82 105
30 139
115 40
51 73
18 20
141 143
27 52
115 85
120 2
39 27
41 61
68 147
71 122
109 24
1 82
134 125
137 75
122 103
97 99
23 24
56 22
98 97
26 80
30 16
8 142
108 8
124 68
78 51
57 22
73 116
101 41
87 66
128 12
65 6
120 12
145 144
101 149
19 119
31 10
55 82
5 22
24 102
147 47
148 9
136 88
56 78
5 2
125 76
58 79
144 23
27 73
73 44
41 7
65 144
138 131
142 142
130 98
17 131
129 60
51 75
76 30
10 119
28 44
129 57
29 81
40 85
102 115
108 113
123 46
55 53
26 14
128 85
81 36
63 51
26 5
109 7
54 135
84 41
76 96
24 76
84 25
37 134
58 91
57 126
34 149
81 24
54 52
44 38
75 72
19 123
143 146
65 17
118 93
48 142
60 12
35 107
25 127
22 39
149 0
60 78
87 66
47 115
6 86
86 2
143 120
34 66
85 81
63 128
68 114
57 144
30 75
32 67
30 7
75 78
103 10
1 19
25 97
13 130
74 2
27 128
34 59
83 13
88 86
86 48
40 23
66 86
103 114
61 55
4 30
52 107
145 122
32 87
92 126
55 42
22 144
139 128
115 67
55 39
6 45
18 128
37 3
4 33
70 139
117 106
100 41
54 20
123 58
129 123
141 112
49 4
108 119
47 32
81 121
26 77
77 60
31 95
4 66
66 77
97 105
8 10
107 58
47 75
82 0
44 139
20 11
12 48
34 75
54 19
71 38
32 98
70 54
89 60
58 135
17 50
33 20
143 80
133 19
11 126
139 61
24 77
129 31
127 109
42 37
23 122
146 131
38 77
83 66
93 34
137 30
61 55
57 90
95 101
35 69
62 134
9 140
22 123
19 30
48 77
115 123
50 79
124 55
26 96
28 72
99 75
147 25
5 142
57 92
80 85
7 57
148 66
120 111
83 46
114 48
58 124
79 59
49 115
78 11
143 28
137 65
36 132
120 10
15 26
64 19
111 102
131 31
88 136
68 37
25 25
30 54
105 107
103 25
134 10
91 91
139 147
140 125
72 61
111 119
35 136
135 69
42 121
7 83
68 83
30 92
122 127
56 41
92 121
35 118
110 31
59 103
62 82
130 16
73 2
100 26
103 68
6 25
24 70
118 44
84 91
137 41
105 50
114 128
97 0
100 21
115 73
42 123
6 33
111 87
137 65
17 81
15 143
3 58
107 68
119 28
103 68
149 57
145 4
75 20
30 11
146 17
42 55
110 46
136 61
102 135
88 14
41 46
54 32
86 5
35 5
116 6
124 86
94 28
140 21
4 24
57 12
81 64
9 58
31 27
125 22
145 142
132 35
29 97
99 35
99 38
48 142
87 42
122 72
0 2
77 17
136 139
120 12
24 12
101 12
122 41
20 52
83 133
91 145
19 19
92 36
32 59
144 143
91 135
101 112
30 135
94 4
104 85
52 97
129 148
84 29
13 10
112 126
65 17
89 106
60 32
134 78
146 18
63 141
81 8
42 84
149 20
145 15
113 131
78 136
95 88
119 23
52 62
94 106
128 36
138 78
44 119
97 51
67 148
106 110
64 77
94 3
113 66
142 140
133 80
141 33
49 55
53 73
131 76
92 80
83 18
50 94
117 3
112 99
66 140
68 47
131 48
133 65
136 17
110 33
48 112
47 67
123 10
10 45
130 8
79 1
5 58
52 36
93 39
37 70
32 55
124 7
39 125
75 84
134 12
65 65
108 79
61 84
94 11
37 6
74 9
72 125
10 138
34 11
5 140
38 84
131 43
48 54
26 7
113 72
36 61
126 24
17 110
5 38
25 55
139 119
122 115
53 79
94 71
131 13
66 138
26 82
79 86
130 140
1 53
1 95
73 103
113 101
143 113
105 52
136 122
24 65
86 108
101 35
53 108
82 87
47 67
50 57
147 52
69 92
113 56
81 109
10 83
136 90
95 60
94 104
44 27
33 41
8 72
108 131
49 40
27 120
120 136
31 15
110 20
126 29
84 95
114 42
37 87
95 52
40 96
76 118
49 49
134 123
114 22
66 40
107 118
130 133
133 119
98 111
83 31
149 108
111 10
92 128
102 71
116 64
124 141
42 100
57 144
126 120
139 49
97 37
26 94
29 142
21 53
31 24
93 90
79 40
96 116
123 132
111 104
22 51
63 0
27 61
120 50
140 49
51 129
31 119
149 51
134 21
143 87
73 12
65 82
12 91
123 114
114 140
55 34
74 37
148 128
51 31
62 18
32 54
92 145
125 73
103 92
73 62
29 79
46 104
133 38
18 109
80 130
115 67
48 97
113 103
100 14
131 70
69 125
96 44
102 80
6 61
76 94
66 24
94 73
50 122
93 132
23 105
64 93
63 42
48 56
123 56
99 135
4 140
133 43
125 5
144 101
83 13
2 80
79 146
124 138
40 16
144 105
12 1
114 12
124 144
45 82
92 31
139 80
112 116
33 24
81 21
95 76
38 111
134 149
30 113
37 15
115 46
89 39
36 116
19 55
10 101
45 50
149 45
119 83
128 136
36 131
147 19
134 60
57 54
121 11
60 6
107 126
51 21
16 16
118 73
131 97
124 128
38 116
85 68
37 88
87 138
14 26
44 36
77 95
13 43
49 78
149 103
106 108
61 36
106 136
52 122
114 79
90 147
97 40
18 76
16 105
56 145
12 116
78 5
14 92
116 69
148 85
144 46
105 50
20 27
119 123
63 85
40 13
139 117
57 7
72 114
66 31
143 143
5 132
108 22
54 127
85 111
146 49
100 131
146 52
57 34
24 61
107 88
113 42
33 120
120 136
14 17
115 76
93 144
7 9
65 29
106 76
76 5
35 86
146 27
4 90
83 109
62 11
99 7
114 123
116 117
107 106
33 91
12 79
99 15
30 128
2 145
7 8
40 135
29 90
35 133
117 126
81 6
72 79
84 114
93 30
126 42
58 102
8 94
128 27
106 45
90 124
31 102
66 9
23 126
7 107
79 32
76 114
27 60
63 148
133 141
44 123
99 15
111 25
25 26
67 72
116 123
119 48
22 79
139 111
56 120
32 32
49 99
100 122
141 44
52 149
100 36
8 102
34 50
117 117
2 48
103 19
41 104
72 60
123 94
137 29
9 32
100 14
74 18
132 94
31 12
132 89
91 86
145 120
139 97
33 42
101 68
32 112
128 115
22 16
110 26
23 54
24 117
104 39
53 137
86 28
113 132
87 112
69 19
143 34
50 136
68 8
90 28
22 55
63 143
11 141
118 149
102 37
139 61
149 44
40 23
64 127
12 106
44 70
46 101
142 3
112 64
106 14
85 77
39 97
27 103
136 126
93 65
60 107
11 137
96 115
137 95
23 117
92 85
70 112
147 24
138 145
32 131
143 84
61 80
91 78
73 49
32 37
142 145
59 144
123 6
91 136
17 12
66 114
93 9
59 45
23 58
28 61
65 118
140 75
67 5
26 127
51 89
144 142
21 42
96 23
90 123
141 137
98 18
36 13
8 118
128 50
36 121
16 125
62 68
144 29
111 103
100 105
101 70
140 87
110 8
108 5
97 41
122 72
15 40
8 49
127 10
53 46
9 142
67 113
41 74
104 36
86 91
132 147
129 137
146 142
149 13
85 77
80 6
96 31
67 84
75 57
95 134
75 133
125 44
39 106
94 37
66 68
10 66
125 61
65 72
138 2
12 104
95 149
55 85
75 108
98 24
27 105
3 28
22 127
10 120
27 133
67 28
53 121
87 116
46 128
147 144
114 66
145 56
82 118
64 39
115 107
75 107
46 36
117 69
15 82
94 116
38 86
12 13
24 30
13 97
26 106
93 54
141 109
87 45
108 145
148 2
95 73
21 146
91 96
133 146
97 66
66 62
13 29
96 135
118 76
64 117
24 45
14 50
135 98
56 123
109 130
39 96
138 110
130 8
135 41
64 82
81 65
126 126
12 148
100 42
39 124
91 15
104 113
91 112
77 88
52 148
64 44
4 78
70 115
144 46
11 43
44 6
69 84
6 113
74 72
8 5
92 4
120 51
6 47
60 109
116 96
45 84
117 3
38 140
10 133
5 11
117 38
25 30
30 131
43 65
148 45
132 19
34 103
35 105
140 96
6 83
133 66
134 89
85 66
146 127
98 89
98 49
117 149
32 122
104 57
27 0
99 41
27 33
125 10
30 144
33 36
91 72
137 16
133 66
91 90
131 37
139 98
33 94
28 21
147 45
118 75
138 45
66 82
28 76
79 100
74 136
2 121
139 130
32 77
13 145
146 148
91 29
39 144
89 109
8 92
113 21
76 132
130 85
74 136
142 5
74 52
119 0
61 97
111 88
11 44
62 31
31 81
82 138
25 116
92 12
13 3
82 133
0 74
130 130
116 14
139 13
41 90
126 67
6 127
85 38
3 43
141 141
143 63
83 65
138 22
32 56
110 99
45 6
11 117
108 95
51 92
59 149
66 113
119 45
143 62
13 17
98 20
81 87
20 26
61 18
21 133
122 136
21 52
42 135
53 79
62 16
61 41
1 21
66 65
6 103
51 144
102 52
85 68
78 130
68 103
38 62
52 115
40 70
18 6
148 11
137 95
132 94
38 115
42 45
84 45
1 36
95 0
127 36
104 23
140 53
75 106
34 38
97 20
136 121
97 54
54 59
29 85
90 70
78 84
33 57
70 56
43 16
130 61
49 100
60 39
34 132
20 114
90 112
136 130
36 139
123 21
34 43
19 28
38 74
1 49
79 77
118 26
136 11
132 87
46 147
90 52
66 125
73 126
14 78
148 2
147 3
139 133
134 28
28 56
63 135
12 24
139 94
56 146
20 141
75 135
69 126
10 55
16 24
105 32
102 128
90 11
105 2
124 29
26 41
24 22
35 61
104 15
103 33
120 48
136 43
53 89
43 40
17 71
14 4
62 39
149 62
41 3
52 71
11 73
9 76
88 109
19 128
7 43
141 0
13 123
138 30
57 60
6 103
129 147
32 117
36 28
49 43
36 68
3 5
65 117
83 1
32 147
88 38
15 114
57 123
45 138
51 82
70 18
73 75
79 144
118 123
66 7
82 55
132 73
45 19
60 70
87 37
56 61
33 30
114 99
146 100
30 21
130 39
10 78
98 74
4 13
29 48
102 133
114 53
17 24
12 24
105 85
133 136
145 22
109 34
82 123
30 136
109 36
123 108
128 39
66 104
135 45
146 38
142 140
147 7
7 69
35 121
54 108
69 121
35 89
124 108
79 96
48 59
89 129
123 76
93 148
129 114
67 135
140 18
57 64
114 34
136 61
70 143
109 126
148 96
39 41
112 14
141 105
113 144
91 125
33 15
130 33
124 116
132 69
23 129
83 38
140 132
16 118
131 10
34 43
103 95
24 66
107 133
27 69
73 149
127 30
29 79
149 24
109 102
56 77
62 42
68 23
37 20
124 20
54 96
1 117
11 49
50 63
20 92
63 53
128 104
29 50
23 130
94 6
128 113
52 5
65 60
68 17
119 86
3 27
130 22
20 49
51 26
40 61
102 18
27 29
131 110
149 107
31 81
47 104
40 117
23 16
123 95
35 72
74 38
31 137
142 21
24 47
42 11
63 127
146 66
12 85
6 53
126 72
89 23
125 55
25 0
82 138
32 103
3 84
21 78
89 144
122 124
52 62
18 124
5 80
50 132
74 142
69 61
5 144
39 53
37 111
135 144
10 72
98 13
138 125
23 72
29 1
22 18
78 31
72 137
9 102
18 138
16 62
26 135
104 74
103 142
60 23
28 15
22 92
60 0
39 92
96 9
57 0
61 113
12 93
2 61
99 68
118 97
22 11
106 52
62 107
13 100
103 17
59 3
43 60
1 94
72 129
123 149
129 97
47 125
79 22
9 14
63 23
139 66
88 1
53 48
121 76
71 66
55 79
113 110
102 106
3 24
107 96
138 7
101 1
103 131
142 19
15 114
96 72
95 132
41 110
88 122
95 13
143 1
114 95
23 60
83 46
42 109
31 127
90 21
134 70
49 115
76 148
64 6
118 47
38 130
113 115
63 132
103 76
144 70
81 132
5 121
3 143
91 45
14 27
111 32
32 125
81 55
94 91
120 63
93 145
112 125
1 83
134 88
38 121
52 140
11 86
79 35
12 100
1 67
42 20
18 52
2 105
45 28
104 72
4 24
125 111
93 34
6 78
91 40
92 9
130 53
7 62
99 135
136 50
118 11
66 139
4 69
49 1
110 41
80 1
7 78
26 5
5 76
62 145
95 25
2 77
42 17
68 23
115 3
91 5
53 111
118 9
20 142
57 59
77 14
13 130
45 2
110 132
17 26
87 147
131 82
128 125
29 22
120 84
123 72
33 112
101 110
70 17
66 112
51 148
112 22
73 4
122 76
113 9
102 80
23 28
34 41
106 89
34 82
69 43
51 124
6 110
47 93
20 7
140 105
45 22
149 13
133 71
126 69
37 120
97 149
13 41
20 125
39 61
39 113
38 132
88 52
70 58
81 16
8 96
133 104
0 135
97 84
41 124
29 53
90 129
119 34
28 84
131 65
72 66
50 96
43 43
49 66
128 70
112 37
103 54
4 101
45 141
113 54
94 13
88 16
9 38
9 127
72 25
5 139
105 43
105 144
31 35
19 100
130 42
87 100
55 20
102 45
20 68
29 143
32 82
106 136
44 46
124 98
142 63
50 77
71 23
116 43
17 130
147 28
69 139
52 47
134 16
129 56
91 85
127 60
79 67
148 104
78 76
118 43
121 25
78 109
89 136
145 65
123 51
108 113
86 26
144 137
33 38
31 52
127 139
57 147
35 115
125 96
77 52
97 41
131 21
125 129
49 15
6 108
1 133
10 1
39 15
36 101
147 47
18 57
51 95
81 102
7 95
20 148
43 54
84 37
27 13
23 72
11 149
85 80
8 48
99 137
131 69
6 10
37 134
53 3
46 95
76 59
31 79
94 84
15 115
36 140
15 147
42 139
56 5
144 7
97 31
98 109
107 11
10 86
34 23
122 67
99 149
8 64
6 29
38 125
109 25
1 118
76 72
115 104
10 133
15 56
58 109
21 23
76 129
148 112
0 99
93 19
69 137
147 140
113 26
149 53
51 85
119 123
31 25
63 45
146 9
95 124
17 74
83 5
103 33
71 8
17 24
118 64
22 29
86 105
102 7
2 130
140 121
134 36
129 23
58 24
63 5
75 94
116 24
27 56
100 119
78 36
71 11
97 45
108 126
61 105
108 16
12 44
25 84
61 141
23 138
113 140
31 118
118 137
85 142
34 97
58 111
109 134
35 63
148 101
14 121
92 131
18 92
12 47
134 105
125 79
147 51
120 44
134 145
57 12
40 12
108 81
5 105
33 43
121 29
70 127
21 7
9 72
142 117
106 99
88 3
5 11
76 47
52 15
149 57
2 32
141 3
74 124
68 0
87 127
83 10
73 100
99 117
120 26
102 29
103 40
138 71
111 48
86 139
93 65
51 86
113 140
142 54
21 111
111 42
9 115
29 143
25 25
88 124
147 140
121 30
94 63
33 72
81 101
122 33
74 80
44 138
85 17
59 66
25 144
120 101
78 144
3 89
116 94
145 26
65 88
147 6
87 53
40 128
46 101
3 67
119 69
112 115
73 102
47 6
12 101
35 0
98 64
11 82
115 97
39 55
81 24
130 128
104 49
132 85
80 27
89 6
143 33
106 97
126 106
109 54
80 141
64 101
56 42
121 18
28 50
45 140
14 3
43 10
46 54
48 53
54 37
3 70
91 3
32 82
105 36
51 76
15 10
72 113
121 83
58 128
9 39
28 57
88 73
91 40
4 96
70 67
34 41
59 132
35 0
14 7
63 17
130 88
1 126
148 145
64 38
90 141
119 136
49 98
103 57
19 62
55 103
34 104
47 90
74 13
66 50
110 49
39 100
133 15
146 65
84 29
64 105
43 125
68 11
47 92
89 139
124 122
85 33
32 43
107 17
54 52
15 107
90 136
76 59
78 61
5 35
41 18
98 81
22 33
19 100
106 31
129 107
9 32
4 19
124 7
8 56
144 110
81 107
122 135
146 129
118 18
88 47
1 96
120 109
139 47
45 12
27 94
37 68
50 79
37 15
73 41
36 6
109 88
8 19
52 48
113 86
30 33
47 5
120 20
22 78
118 59
64 124
109 81
102 23
3 31
32 13
30 42
46 141
72 117
99 103
53 115
11 139
70 62
97 130
32 27
57 24
58 138
85 98
149 19
45 101
114 55
22 69
100 4
96 31
38 77
86 110
57 20
58 80
96 73
80 14
85 114
14 54
31 78
31 74
9 122
133 72
69 11
70 107
68 5
2 122
123 32
113 4
37 137
57 16
5 45
114 43
127 97
148 30
69 35
66 137
136 63
145 77
39 10
35 2
92 80
68 21
100 132
89 140
47 109
141 148
141 48
18 3
94 90
136 115
38 38
22 12
103 83
52 60
59 65
94 61
129 19
116 137
2 106
117 49
96 11
137 67
74 125
129 27
36 139
24 96
26 65
37 51
79 51
141 58
108 119
148 17
129 133
84 131
27 22
63 94
131 82
16 51
31 18
15 29
147 15
94 83
2 43
100 11
118 87
68 97
2 114
52 103
31 11
27 53
120 144
23 19
120 56
142 80
138 58
104 138
63 66
47 147
125 125
15 84
25 32
147 100
40 22
89 22
35 22
113 42
4 50
108 128
20 63
34 137
135 109
1 79
34 65
114 130
72 131
138 15
120 142
131 116
47 11
26 64
97 80
66 142
28 143
0 123
42 89
126 133
3 122
68 97
134 16
97 38
49 25
28 125
13 67
96 94
55 96
82 62
148 125
111 126
101 29
23 54
145 96
8 19
12 109
118 93
61 25
65 38
85 99
53 48
117 95
45 39
111 27
80 45
78 23
142 27
147 120
92 72
83 88
35 26
126 94
12 149
17 59
66 62
34 116
74 0
75 0
53 28
42 61
68 126
41 15
149 39
81 129
42 54
7 35
27 127
65 146
73 13
67 62
12 20
77 105
45 70
148 59
19 101
12 49
33 65
90 87
31 90
2 49
89 140
82 23
89 112
60 31
45 86
65 79
119 143
121 101
54 19
73 95
78 84
74 136
104 23
119 91
74 54
28 98
62 106
40 25
149 5
113 128
50 62
49 19
68 36
21 44
24 83
110 71
85 12
83 66
63 77
25 92
101 146
28 138
33 71
35 140
55 8
17 4
115 31
74 95
8 145
44 96
5 46
81 53
115 83
100 127
129 61
69 47
120 137
108 9
82 70
31 33
122 123
26 52
82 128
47 35
24 72
12 148
134 7
133 0
130 65
141 117
74 110
133 66
135 75
41 87
94 33
32 149
12 16
119 37
7 17
6 93
58 39
137 60
80 20
122 142
112 29
89 25
75 26
90 65
13 27
1 44
145 51
41 107
81 6
79 113
12 98
43 58
133 61
70 0
31 62
62 79
118 117
114 15
124 82
94 39
131 104
18 28
60 147
1 12
100 123
67 60
80 59
138 141
61 101
66 122
25 84
126 88
118 127
28 112
86 14
27 51
132 124
35 139
76 79
44 63
112 141
129 61
50 113
107 54
68 99
89 70
118 26
125 110
76 26
93 93
95 91
69 43
69 114
104 63
11 53
134 128
34 17
14 98
42 61
48 133
41 77
145 106
55 25
47 75
146 108
56 132
78 4
135 116
79 34
128 47
63 22
36 142
24 28
73 133
127 135
126 14
22 120
55 14
131 51
147 6
5 44
127 110
130 6
59 115
36 114
60 93
29 127
117 76
17 36
60 57
19 20
45 142
142 143
129 97
96 114
19 103
137 122
5 109
92 84
76 110
95 0
66 17
113 107
107 126
38 12
62 147
86 24
29 64
103 4
8 144
24 34
136 101
61 115
98 21
7 9
59 148
48 69
9 0
18 4
118 144
112 25
90 25
107 84
140 108
90 54
70 8
91 41
58 29
22 84
31 40
72 62
88 85
10 121
95 53
115 95
38 117
74 112
34 13
27 106
130 11
48 114
20 90
45 51
138 97
148 62
64 80
137 85
19 51
21 42
70 98
125 91
89 105
26 8
123 130
130 20
71 27
42 114
79 131
130 134
60 16
16 67
26 51
47 43
82 147
13 126
103 33
38 101
84 24
31 25
118 4
144 6
76 117
86 59
30 18
122 12
130 75
105 33
143 141
142 93
129 114
133 48
139 51
72 57
70 21
67 14
21 145
130 147
28 122
3 96
80 93
146 105
75 134
29 119
53 43
5 96
83 107
91 4
68 4
36 98
0 62
82 43
103 92
86 77
119 50
34 141
128 146
56 32
34 30
61 95
126 52
70 107
25 10
68 87
141 37
90 43
73 23
135 105
77 11
87 65
3 16
20 86
139 41
47 59
110 37
129 54
119 113
94 64
38 18
92 10
46 27
76 145
130 28
25 37
20 148
54 22
71 127
58 131
143 119
5 77
46 118
19 73
124 33
126 108
52 16
44 61
122 121
67 6
3 56
93 35
103 60
32 3
14 37
36 118
121 53
41 11
138 95
63 121
32 29
38 131
33 98
146 80
50 142
50 66
12 57
137 76
41 62
74 25
12 108
9 44
27 149
59 85
28 96
38 111
120 39
69 55
110 102
63 123
11 19
146 85
55 99
78 126
57 94
37 19
44 73
54 0
23 127
16 86
137 123
57 2
23 149
101 14
82 128
57 50
89 28
145 132
86 111
64 15
125 55
149 7
123 81
97 39
39 64
13 107
145 68
32 38
50 12
22 56
128 60
143 75
97 27
60 30
56 75
13 119
61 3
80 128
102 141
32 130
57 61
1 111
51 14
140 30
58 96
83 87
66 28
116 54
42 23
23 17
21 12
90 15
35 45
78 115
134 31
92 71
26 75
59 110
42 74
103 10
34 5
72 117
0 100
26 140
59 113
125 105
56 116
57 64
32 102
38 4
3 1
43 145
50 74
4 91
52 86
48 79
92 13
128 26
89 72
57 61
25 99
5 22
60 139
120 142
127 115
54 52
47 80
84 65
118 130
56 104
44 147
46 27
77 87
37 2
7 112
6 35
146 44
76 114
106 11
67 121
135 52
30 45
88 5
105 89
86 10
126 32
58 137
127 33
123 16
109 88
127 85
29 30
148 63
142 81
103 10
65 36
21 65
102 148
65 89
15 126
123 113
129 44
104 14
111 115
109 127
37 84
84 85
37 72
19 135
139 18
98 112
127 94
14 5
34 72
104 88
114 149
63 114
40 97
54 36
53 70
132 21
23 95
85 21
11 16
74 81
102 6
17 131
85 20
132 139
60 141
13 57
62 118
24 74
24 69
26 96
110 54
115 9
34 100
83 52
56 121
10 70
96 96
60 60
96 78
99 81
74 84
61 132
78 32
79 19
82 20
57 39
143 14
74 71
117 135
57 69
122 66
140 97
75 68
135 89
17 139
15 122
7 54
35 84
38 107
120 30
35 113
13 65
36 60
15 104
23 95
107 78
8 52
131 115
102 141
138 1
94 131
58 123
62 126
114 15
103 11
141 41
112 47
0 141
110 90
93 111
127 17
23 17
48 73
140 108
0 84
54 128
97 4
39 137
80 19
128 80
24 69
22 85
134 22
46 74
90 53
78 132
80 94
74 10
21 127
14 136
75 115
143 1
24 55
125 93
127 11
23 23
21 101
87 126
31 8
71 126
129 6
75 84
136 52
74 29
48 17
39 19
132 54
48 136
6 53
5 63
135 115
124 101
119 15
140 112
81 115
25 68
103 129
113 109
73 96
26 149
19 29
125 117
125 103
22 13
27 39
82 29
109 11
148 102
59 79
134 52
38 77
138 44
103 58
68 11
144 94
88 64
140 32
120 89
30 76
136 64
145 1
55 77
106 85
24 28
134 19
60 59
136 134
6 83
97 5
26 126
30 4
70 76
70 80
145 97
127 18
3 68
118 38
133 95
68 146
80 53
47 89
47 99
22 55
129 72
135 33
145 84
28 117
49 94
82 85
134 50
36 16
56 123
138 136
78 111
85 29
40 2
39 90
62 46
62 1
146 126
8 102
91 147
104 143
69 36
137 39
2 146
11 77
28 101
126 28
26 89
33 36
134 110
9 126
24 31
10 69
29 126
116 133
7 141
88 104
95 115
25 61
137 58
146 133
128 1
86 76
127 109
115 84
60 87
12 87
59 37
66 97
118 23
59 129
147 94
141 68
19 142
45 91
102 8
48 89
110 97
129 2
98 14
33 29
140 144
70 48
83 41
112 11
105 126
17 88
15 122
83 82
34 31
11 58
1 127
121 20
93 26
37 65
98 17
50 78
112 57
7 104
63 67
119 105
86 49
86 124
132 85
84 136
59 75
91 76
8 144
132 32
122 49
48 31
109 90
85 147
95 2
21 118
20 60
11 109
85 74
138 95
66 126
1 147
106 127
88 129
54 104
27 44
103 118
72 95
59 43
17 147
137 91
103 110
51 13
10 28
128 24
112 61
128 21
58 59
24 120
146 20
138 110
79 47
125 118
120 39
41 83
130 89
13 19
45 95
144 51
74 149
20 24
25 139
100 86
115 119
92 39
91 136
133 25
64 46
147 25
69 92
63 135
65 105
37 78
42 74
136 141
31 147
78 143
39 133
81 75
90 84
45 53
138 89
64 66
62 65
50 86
120 6
75 135
101 16
31 68
88 79
97 13
3 149
90 142
91 131
19 61
62 52
48 49
56 57
50 52
36 91
77 8
93 32
24 128
43 71
102 17
47 51
44 30
54 76
57 118
66 142
108 87
97 32
71 55
78 136
86 135
15 140
95 131
14 87
13 74
113 84
73 99
81 128
7 13
94 127
129 17
14 100
97 68
147 42
14 138
131 101
40 78
114 133
129 19
4 18
39 13
70 20
120 83
135 43
148 114
73 56
60 108
83 99
101 100
7 134
48 26
140 44
37 64
20 79
145 98
48 42
134 114
18 90
29 68
69 57
3 21
4 116
124 105
78 118
136 145
51 145
94 70
103 99
122 105
58 84
103 35
129 44
144 100
120 127
107 83
108 54
112 34
61 122
115 80
44 109
63 90
73 3
46 100
71 19
29 40
48 145
0 12
73 147
57 35
122 37
132 38
25 110
23 138
73 8
146 16
80 24
36 113
142 148
54 133
128 90
46 148
102 24
17 55
120 63
19 73
83 102
90 119
65 14
31 96
61 101
91 123
37 15
84 16
111 71
145 61
130 143
22 50
17 69
20 1
57 75
128 51
113 38
16 100
69 18
94 28
138 58
109 16
29 55
108 20
27 110
65 96
111 70
33 105
45 30
28 141
103 87
25 97
9 29
130 120
112 41
17 85
20 50
75 143
7 94
131 133
100 17
90 96
4 147
11 21
1 103
111 16
56 146
132 28
61 86
104 6
25 79
100 62
149 77
136 103
89 134
40 127
118 23
4 107
0 135
73 24
83 61
75 17
122 54
141 148
96 53
93 16
78 20
45 148
89 12
83 146
37 127
112 37
90 51
123 145
24 67
24 129
86 10
93 126
63 56
81 73
49 50
78 84
56 127
127 76
21 93
44 87
149 120
59 61
10 95
143 40
37 62
16 75
131 10
126 62
50 30
53 53
74 1
74 76
59 116
104 103
16 108
35 137
79 20
19 43
17 5
25 138
10 40
64 148
72 2
102 129
74 38
118 131
44 13
90 63
28 8
3 126
11 95
136 75
61 62
75 91
22 117
9 17
40 142
122 5
7 78
66 106
97 123
4 0
133 69
99 135
56 67
25 6
57 106
20 140
144 106
135 28
82 39
98 143
79 135
20 8
32 42
48 58
32 68
11 71
131 52
111 16
149 136
43 59
40 39
62 49
21 132
134 101
95 95
70 139
112 13
79 108
142 20
60 43
102 20
39 120
7 34
106 5
29 31
13 145
86 73
14 138
15 100
58 94
61 52
91 130
35 139
102 105
113 131
87 29
113 113
85 110
86 0
128 118
102 132
54 136
133 86
133 59
8 24
126 110
7 66
56 92
119 138
44 47
58 81
65 136
64 7
67 106
112 43
101 35
105 40
96 73
41 147
23 50
53 20
72 30
140 20
100 74
30 17
34 30
25 71
37 26
140 94
127 41
117 19
137 147
1 142
13 79
145 77
69 42
129 1
128 71
97 128
19 114
69 45
106 126
137 131
70 4
51 30
138 119
83 137
35 28
23 72
7 108
124 98
93 14
1 103
126 31
116 22
27 126
136 96
149 107
121 129
105 138
2 65
49 91
115 46
114 93
74 5
22 74
115 84
40 83
77 82
89 120
32 149
69 11
70 5
5 92
147 68
16 53
18 5
78 142
85 29
59 31
129 137
68 149
21 43
56 94
43 110
23 76
113 45
78 141
7 144
94 104
41 38
61 148
16 38
61 87
99 104
148 84
16 57
75 101
78 83
16 2
6 117
106 45
43 139
83 77
2 70
13 131
32 17
119 92
61 10
91 139
81 130
1 45
28 145
67 41
148 81
68 43
34 37
103 56
79 54
143 69
73 90
80 92
0 42
9 77
64 52
141 55
9 21
47 40
40 45
51 123
146 60
136 16
45 52
66 80
26 103
135 63
118 16
91 124
147 83
38 18
131 36
100 119
36 115
99 75
5 42
39 81
133 47
58 133
134 48
138 125
143 45
35 6
76 0
28 65
85 116
116 106
8 93
123 110
146 37
96 44
36 101
61 11
12 74
141 27
84 78
39 13
125 60
21 17
145 1
70 28
41 68
89 19
10 69
96 118
119 143
129 133
129 38
38 130
40 127
101 10
101 15
117 2
17 66
11 89
31 148
53 50
91 92
117 80
139 16
136 124
2 38
64 74
145 87
11 90
39 79
40 36
85 137
38 71
59 1
68 116
90 91
4 128
102 68
69 148
97 69
91 74
64 128
93 94
92 100
8 110
38 109
117 30
67 46
7 103
40 46
19 96
135 63
15 71
104 130
55 74
138 107
139 11
46 24
73 65
6 128
60 12
72 108
89 75
60 133
18 95
77 12
116 37
142 86
110 21
83 117
115 108
127 3
118 11
67 119
62 95
62 77
78 25
110 27
46 65
43 84
91 85
87 26
85 42
23 149
149 17
26 141
106 32
113 62
71 75
147 139
147 125
105 108
26 46
109 95
122 4
95 52
149 144
75 132
23 130
136 73
1 76
118 138
124 98
27 38
109 135
77 98
39 120
6 103
123 34
134 120
71 67
65 128
35 143
59 142
143 16
74 64
69 27
74 89
44 112
82 62
60 2
89 144
135 26
87 60
96 88
64 42
31 60
96 110
125 15
53 27
100 124
78 108
117 61
29 81
127 145
118 41
94 147
143 34
108 30
144 124
112 77
99 44
100 49
97 78
100 41
107 63
23 99
129 3
126 20
106 24
18 100
72 115
109 138
93 19
131 49
111 105
73 136
46 60
38 26
75 52
119 23
125 28
88 91
136 62
149 23
53 29
149 87
19 105
26 35
53 11
119 46
84 67
139 129
25 55
31 128
23 32
104 55
10 69
144 19
148 92
37 45
11 92
139 138
99 85
122 147
22 147
35 81
35 135
58 24
58 142
13 59
66 95
63 6
113 42
127 127
53 67
143 119
77 44
19 86
103 139
69 99
59 68
93 39
31 45
67 93
6 67
34 72
98 121
98 63
126 73
149 53
29 125
147 39
110 67
114 36
93 68
3 127
2 3
87 3
4 37
41 4
124 40
71 19
2 68
141 90
147 74
48 9
56 125
140 67
129 80
100 25
119 45
95 37
111 25
105 99
133 69
86 73
19 10
78 93
73 16
124 124
59 133
65 51
104 111
10 32
141 147
45 68
52 136
17 64
146 24
74 133
10 75
7 77
9 96
79 87
115 113
144 124
23 101
119 86
5 68
136 21
111 88
86 57
141 75
147 129
139 81
124 57
67 1
92 85
136 122
27 29
125 38
35 31
18 35
84 132
115 63
103 82
52 98
54 131
149 88
119 65
11 135
106 15
119 78
115 33
105 56
140 129
97 24
42 124
120 124
37 24
96 45
35 8
133 74
66 5
31 109
110 110
33 4
63 133
45 18
113 51
26 1
90 121
29 65
144 62
22 140
78 118
24 8
50 94
9 127
24 102
119 139
81 79
23 64
14 145
24 60
25 100
149 122
21 24
91 45
134 44
132 18
141 75
77 121
22 135
93 145
71 34
127 33
98 141
8 84
105 67
56 2
137 27
63 50
47 59
12 0
6 141
117 79
149 123
60 20
123 37
117 58
13 81
119 97
119 148
105 117
83 106
7 5
34 136
146 44
59 91
72 31
51 60
7 95
106 121
10 135
139 127
122 133
33 63
140 103
17 90
94 23
132 28
16 49
48 139
64 85
109 108
111 99
38 136
6 22
100 58
60 43
90 116
30 37
109 69
10 108
25 133
41 44
133 65
93 106
104 104
137 89
25 30
46 102
139 93
88 29
115 87
98 96
143 145
87 139
149 27
78 100
95 147
76 49
12 24
55 35
136 25
50 33
29 45
135 39
113 71
17 55
115 12
123 149
100 77
40 43
95 58
139 136
141 137
13 27
117 56
149 45
132 110
84 105
21 136
64 129
144 36
101 56
141 43
43 135
71 42
92 105
2 27
88 32
142 52
129 149
122 117
131 72
17 57
105 21
17 82
66 28
125 110
26 11
8 141
83 99
141 68
108 116
14 46
9 136
24 99
50 96
141 131
51 42
76 4
99 64
21 118
144 48
41 34
96 21
13 32
125 50
59 136
116 112
36 102
11 17
16 78
8 12
92 86
98 73
12 56
13 18
143 74
50 25
71 129
110 121
2 117
128 88
97 16
146 99
43 132
107 42
132 62
54 43
124 113
87 71
148 103
143 53
25 138
122 121
94 4
14 18
52 16
99 41
52 48
75 13
132 132
18 56
36 140
122 23
4 104
147 120
94 22
108 133
147 47
136 5
25 65
63 35
148 61
114 68
59 66
14 23
55 111
91 128
79 148
134 63
57 137
67 66
138 54
48 12
18 106
74 146
43 136
118 109
122 72
122 36
137 4
146 91
78 3
65 106
110 93
89 129
148 14
103 107
144 45
27 42
66 81
84 4
39 70
103 77
10 37
148 9
85 121
35 103
52 47
94 12
6 99
110 8
28 74
97 33
15 50
2 80
50 139
27 134
48 125
27 29
76 87
76 21
1 33
134 89
77 53
127 26
112 135
0 10
1 14
88 83
107 41
87 146
44 26
25 19
131 33
105 115
106 43
149 30
134 124
15 108
68 134
69 124
101 132
92 90
124 124
93 48
20 54
67 48
18 95
104 59
49 99
102 23
31 52
96 86
32 63
109 89
40 81
27 81
20 146
117 127
93 66
115 123
134 45
100 138
47 0
98 112
90 93
49 31
95 82
33 23
116 129
95 89
125 101
22 149
143 110
127 42
125 127
63 45
63 58
16 82
60 10
99 79
88 82
35 55
142 135
110 20
61 54
60 112
73 16
90 91
6 86
38 148
140 136
42 87
22 24
143 146
11 101
74 84
125 21
101 26
55 69
67 104
61 138
112 65
94 44
77 71
48 119
23 37
42 112
25 59
13 144
40 147
2 41
55 46
109 102
2 118
50 39
108 58
90 138
90 45
139 58
73 40
60 134
145 93
69 139
27 5
43 123
123 106
134 76
2 145
89 28
113 63
121 38
118 88
78 73
72 23
3 135
25 63
0 53
56 52
65 24
4 126
23 5
14 100
54 89
26 89
3 6
31 23
130 149
74 40
135 115
51 48
145 52
111 29
59 79
32 14
119 140
64 11
54 110
40 13
83 34
129 31
54 16
123 76
138 12
60 92
125 88
34 144
20 120
13 63
88 75
31 44
126 78
62 13
5 51
25 116
130 51
148 69
134 89
130 20
65 34
1 84
55 52
13 49
143 24
104 98
18 100
16 102
57 90
73 43
2 78
102 50
36 45
38 0
6 29
71 91
68 48
111 0
119 38
102 6
18 98
57 111
117 145
145 131
139 133
71 124
39 121
100 46
127 91
108 142
29 93
69 86
108 132
142 2
89 2
93 111
43 135
42 75
95 127
146 102
96 73
119 138
149 81
108 117
81 140
70 83
146 68
41 99
76 29
31 140
110 97
78 81
69 90
2 4
87 120
99 80
27 60
148 22
122 70
109 49
53 49
31 103
22 84
39 9
77 145
39 92
2 2
118 140
131 91
68 84
59 112
22 51
144 19
117 97
79 140
139 128
38 76
38 47
130 125
19 65
7 75
62 43
99 148
46 31
36 119
142 39
31 36
71 25
53 20
142 90
33 95
25 89
15 18
110 15
85 93
102 125
83 139
116 66
104 2
64 64
18 66
55 21
42 145
23 19
18 8
114 96
108 106
91 77
57 24
142 112
45 127
80 122
9 88
98 93
143 11
42 3
32 117
46 1
32 106
25 2
59 69
10 6
121 34
77 91
17 92
138 20
90 42
5 125
90 70
124 121
24 146
107 0
100 115
89 23
57 68
86 26
110 103
71 110
97 92
115 93
136 121
24 18
22 128
116 73
58 111
120 99
60 44
143 26
100 18
71 53
112 145
92 22
9 137
96 57
0 57
43 31
82 34
54 128
108 44
42 38
97 54
34 50
128 127
133 12
93 116
55 13
88 71
103 32
7 22
38 127
15 47
26 60
32 70
87 10
53 92
17 45
22 141
140 39
9 27
49 19
32 36
67 97
149 112
139 65
124 37
72 50
98 76
108 105
82 114
137 22
131 67
50 123
132 113
132 139
46 117
8 11
65 82
103 51
39 119
103 46
147 14
60 104
120 21
132 90
14 42
143 85
130 121
20 106
142 119
139 104
99 44
54 22
115 99
59 86
41 10
9 101
77 133
108 147
140 76
12 96
11 31
88 42
78 80
92 122
61 110
51 78
114 66
148 146
138 129
82 95
40 89
67 20
9 68
66 125
27 28
11 32
32 5
124 5
34 115
76 72
72 132
94 143
13 108
147 133
75 9
84 97
139 11
59 9
83 27
33 120
32 39
74 130
53 77
79 148
73 14
47 127
26 0
29 102
141 129
19 35
28 14
22 21
88 15
96 86
79 74
79 90
21 24
115 145
34 20
123 87
96 6
100 73
93 17
110 41
53 65
96 5
112 117
119 128
48 85
68 33
34 27
12 24
14 133
109 128
76 81
115 113
78 144
58 101
68 113
109 135
0 32
74 111
116 83
8 22
79 103
148 139
61 117
71 17
136 2
54 64
119 53
15 138
19 50
93 0
117 145
91 45
21 123
93 11
3 124
124 73
33 16
135 95
110 46
80 77
45 128
93 7
23 69
90 134
64 145
142 29
119 138
42 99
52 149
94 59
142 25
100 24
125 107
17 109
141 34
58 32
124 132
56 9
93 64
119 79
85 124
18 24
68 104
133 106
67 105
126 100
129 130
109 28
102 67
95 87
35 50
19 105
20 120
17 124
78 54
113 25
125 100
53 51
37 111
58 118
92 78
115 99
91 99
80 104
129 50
29 23
62 26
32 96
7 78
17 137
144 57
118 1
51 89
68 113
126 51
0 95
105 53
28 49
37 80
25 36
135 82
72 83
89 119
89 22
98 107
34 67
94 30
69 18
10 102
11 89
74 87
75 33
51 129
43 41
142 28
68 101
27 107
30 126
83 13
109 106
81 37
11 93
111 108
53 74
45 27
40 1
121 88
119 122
59 143
142 71
48 67
128 41
49 79
23 117
106 18
3 46
72 141
112 52
59 1
89 0
8 100
130 28
118 69
123 27
101 101
118 132
125 105
69 116
5 93
137 125
16 27
113 116
145 30
83 75
69 29
15 63
129 82
104 109
8 113
134 139
60 37
105 129
84 56
133 135
9 15
35 149
88 35
50 68
14 58
25 137
64 131
34 33
39 125
75 85
118 94
114 14
1 120
80 122
8 62
148 78
72 103
16 13
102 124
103 25
24 139
64 85
52 39
32 62
7 80
106 14
120 14
93 132
46 80
7 32
97 101
121 61
136 78
31 134
140 19
42 136
43 88
88 140
115 144
118 90
29 11
80 26
140 108
10 19
118 113
22 134
56 105
80 50
68 16
61 3
75 38
149 87
126 79
83 4
99 144
45 25
25 24
7 30
132 42
138 16
52 100
16 103
106 98
67 119
73 11
65 7
122 147
81 59
111 20
104 63
12 106
29 51
92 133
132 144
131 124
142 18
105 140
57 34
94 27
32 116
41 65
60 3
35 108
144 149
59 33
26 116
21 42
108 88
138 82
86 71
53 9
17 145
71 124
109 51
134 112
21 102
38 102
33 24
24 70
115 145
64 105
47 1
87 143
143 39
51 98
15 140
57 129
60 100
34 17
77 125
17 90
29 104
95 11
85 78
61 77
125 31
15 20
47 124
41 6
33 29
70 37
48 59
103 52
15 85
2 24
126 117
125 123
70 73
69 82
136 112
137 105
29 34
134 56
96 13
22 143
1 124
135 25
122 44
132 60
60 40
59 119
49 17
135 74
59 111
69 147
46 109
86 117
72 40
46 40
35 139
27 55
15 103
110 63
74 55
140 53
30 117
104 99
56 91
37 64
100 22
122 83
91 26
29 44
49 93
12 0
66 10
41 63
55 97
12 4
136 29
42 136
19 16
38 41
0 69
114 16
36 36
104 0
104 57
100 55
124 57
62 11
147 28
71 106
116 29
99 137
126 96
2 108
146 111
14 22
59 0
67 59
103 15
143 118
144 60
19 90
51 64
41 69
128 136
137 49
65 95
121 8
24 93
50 120
125 35
108 105
85 16
127 81
24 44
53 146
34 131
82 111
30 99
43 17
40 86
50 42
48 25
113 132
42 28
86 98
9 141
27 93
41 61
103 46
119 137
5 131
36 29
50 46
75 88
116 43
52 129
146 53
115 42
121 59
8 124
6 120
47 70
17 131
125 69
140 18
73 15
53 139
78 61
8 92
0 126
106 16
58 35
64 50
3 10
30 98
62 65
36 67
97 30
48 98
73 56
129 115
51 74
8 106
27 107
14 69
133 51
13 93
69 79
81 54
55 107
144 52
1 44
42 134
80 15
94 108
97 80
83 117
147 130
147 14
72 88
14 117
128 73
54 81
83 57
61 131
56 26
122 22
46 14
86 67
75 128
72 78
70 53
70 8
115 110
39 26
101 43
68 123
99 46
116 141
62 45
42 142
37 57
1 39
61 5
16 118
116 104
143 17
148 136
130 17
13 97
38 32
42 11
132 137
59 117
49 126
96 125
16 105
142 17
56 10
57 145
114 102
85 138
66 14
7 3
114 131
2 22
117 82
106 42
110 114
88 23
121 126
74 40
56 43
109 61
46 104
122 86
120 98
75 26
8 104
0 16
149 133
79 59
96 117
22 40
3 112
130 124
70 89
55 10
33 19
132 107
100 23
28 56
148 142
24 133
75 86
6 41
39 96
47 31
44 101
36 138
29 68
20 47
0 114
115 4
119 109
134 84
147 85
139 45
120 14
86 10
116 11
54 73
135 44
72 126
10 62
84 51
123 65
125 125
37 11
0 36
75 16
149 62
66 52
30 117
90 2
22 22
109 34
95 70
80 11
62 72
85 55
94 10
66 19
89 136
17 124
118 111
87 74
10 64
99 145
37 105
131 12
41 136
14 10
46 117
110 85
97 147
72 43
108 95
3 69
19 51
88 110
145 126
70 96
121 127
124 117
74 42
106 142
60 20
126 21
105 97
50 44
48 38
52 40
89 17
37 121
130 129
44 87
61 19
124 49
3 129
35 43
58 129
0 22
8 145
55 18
117 20
70 143
135 32
65 56
80 109
109 95
7 46
148 148
31 44
9 16
115 136
63 49
114 2
89 19
66 55
126 66
43 103
83 73
1 102
149 79
69 79
115 117
44 46
112 18
85 41
50 62
50 22
107 101
104 67
13 126
72 63
94 101
8 107
80 20
64 93
141 138
145 26
136 146
62 148
133 65
18 95
17 145
90 133
2 28
94 79
46 67
139 45
113 13
57 124
138 64
85 128
81 9
72 90
62 78
21 65
22 130
17 3
76 39
89 80
146 58
55 52
11 65
31 137
83 116
61 16
44 118
47 56
82 45
58 111
113 107
120 91
119 146
89 37
38 15
75 133
123 143
96 56
145 59
86 19
142 32
93 20
104 87
95 50
33 88
114 88
16 104
43 85
83 91
105 65
125 17
7 120
42 10
1 124
74 36
99 90
80 21
115 63
125 92
133 103
134 40
11 102
16 5
23 101
119 95
45 99
41 125
132 101
34 77
44 109
16 135
137 115
48 99
83 23
3 24
124 128
10 74
109 65
79 101
99 12
89 36
131 96
101 14
51 36
83 91
76 108
123 83
31 121
123 91
102 67
30 104
87 31
129 63
89 26
70 82
93 103
108 128
48 21
145 134
80 19
56 9
15 146
20 45
27 40
22 32
60 135
116 94
34 58
45 66
131 124
13 59
13 85
119 75
53 36
123 6
75 77
91 46
121 1
122 79
65 86
134 96
78 8
93 145
107 142
103 101
43 27
84 114
34 69
51 109
6 42
113 119
104 30
64 146
1 19
93 12
16 103
106 74
118 83
86 98
123 92
132 38
23 44
36 10
65 100
59 113
42 21
28 25
58 99
21 127
42 133
123 2
74 27
41 62
10 106
125 90
57 14
68 86
132 44
58 101
114 121
31 29
32 75
67 88
125 97
118 45
74 91
21 76
117 135
12 96
111 113
16 3
107 124
9 87
33 1
73 4
46 63
9 36
109 41
62 26
92 38
120 135
97 72
147 54
46 133
22 146
109 0
110 112
149 62
99 108
143 114
99 44
66 24
95 41
10 113
76 81
122 58
53 54
131 111
92 123
39 130
2 39
133 135
84 38
136 47
54 36
14 18
64 21
57 26
125 9
112 144
147 56
137 23
8 61
96 84
6 106
76 146
66 52
134 68
94 130
81 33
41 107
41 81
6 33
55 34
126 125
120 88
134 54
39 13
28 24
123 56
99 73
33 15
110 83
116 124
55 85
37 138
118 66
120 132
25 134
59 110
69 108
139 132
61 142
90 11
9 81
58 36
122 118
117 148
40 14
19 116
99 146
27 83
66 143
49 76
10 75
110 28
69 82
52 108
14 145
66 52
53 50
134 123
95 128
148 130
109 122
122 23
2 105
120 102
68 114
138 30
92 47
52 44
81 2
108 69
119 30
28 63
37 0
70 66
15 75
4 5
0 50
134 140
103 103
81 132
5 94
56 13
35 5
4 79
47 28
93 141
67 92
64 19
12 5
79 147
141 104
77 102
102 34
71 143
5 81
59 139
142 136
61 27
131 40
117 138
22 109
81 142
69 84
109 113
50 1
2 89
56 112
33 11
46 82
93 65
81 86
19 55
9 58
129 129
18 16
124 78
88 56
79 80
51 143
127 31
47 77
2 15
17 77
139 11
119 57
98 36
70 3
73 117
28 76
15 67
109 106
12 62
21 62
30 35
39 42
87 26
50 26
148 5
2 136
135 134
5 17
11 19
105 65
53 104
26 6
75 129
88 60
28 90
144 76
3 65
141 43
0 40
144 72
58 50
44 39
25 58
149 13
48 82
116 88
107 63
59 59
22 34
54 22
11 23
39 42
45 117
126 104
14 59
23 73
145 81
82 79
54 143
3 133
96 130
85 31
89 99
145 113
31 93
133 112
86 99
71 107
78 103
79 22
64 38
60 99
119 17
66 24
5 77
90 79
18 100
104 108
93 79
119 27
149 0
61 76
24 127
103 40
101 144
128 46
108 136
51 132
70 1
34 27
33 127
67 107
123 98
76 64
144 2
39 30
58 64
93 18
64 37
52 55
80 58
88 146
110 138
74 1
54 102
64 50
57 46
84 22
123 86
46 37
100 116
34 111
83 115
26 48
17 53
37 138
42 87
131 37
51 141
88 22
61 43
0 16
146 38
33 139
5 139
98 104
109 117
30 10
15 138
123 102
119 140
110 92
97 73
48 63
45 138
123 100
77 75
46 0
3 69
57 97
56 2
118 15
51 132
3 63
83 43
34 30
12 123
121 134
101 110
76 40
52 57
47 145
124 62
70 80
50 58
112 19
115 71
63 115
120 10
31 24
38 19
99 7
31 108
5 112
102 27
29 133
8 51
50 52
86 135
145 127
63 129
43 100
42 4
34 26
134 103
34 34
53 115
106 5
143 16
103 131
51 100
47 48
49 70
7 61
133 87
91 37
64 0
27 91
85 58
7 52
130 79
44 85
43 102
84 7
22 6
52 40
106 85
17 59
107 38
80 19
108 87
127 61
77 73
125 65
28 62
26 58
48 82
25 143
107 93
34 5
88 42
63 59
133 85
66 111
144 135
142 130
51 16
86 81
50 115
119 40
40 118
32 83
122 69
146 90
94 148
105 13
102 63
25 117
2 26
120 11
93 76
104 98
112 142
9 88
104 129
85 59
117 18
77 111
42 47
19 44
94 40
78 27
44 9
52 100
106 62
87 121
108 60
52 52
12 142
138 9
33 118
57 95
127 136
136 51
105 24
118 102
37 12
142 20
148 25
128 125
49 105
14 44
15 126
103 37
0 40
138 12
128 73
16 145
45 52
148 118
20 15
67 22
116 36
105 17
47 142
77 0
37 53
9 85
49 91
63 23
79 99
99 118
95 95
81 0
56 55
5 84
108 52
34 62
131 8
99 30
112 11
17 19
102 72
64 38
112 39
134 149
96 5
83 128
67 47
59 104
23 75
148 112
31 25
3 127
145 44
6 113
10 143
87 85
110 55
85 54
0 117
22 64
8 126
3 40
89 82
46 45
112 45
74 91
46 33
30 15
11 21
48 94
66 111
78 110
56 44
95 93
83 47
89 61
132 39
138 28
102 79
107 73
13 42
97 127
49 40
135 147
55 60
98 108
68 20
89 120
122 41
104 147
24 143
35 89
62 1
16 25
29 58
70 56
52 84
43 95
87 120
106 37
46 40
122 6
37 75
40 44
95 123
132 141
143 145
121 98
97 124
51 51
39 0
40 24
47 54
16 40
7 20
87 25
124 46
61 32
9 127
13 70
57 123
16 89
64 135
104 118
14 39
109 125
72 102
78 60
21 130
80 111
78 11
26 34
26 29
89 83
111 50
5 111
143 97
22 43
48 135
0 69
144 109
100 67
143 148
112 6
94 130
57 127
27 38
20 43
97 69
39 40
136 106
48 27
80 17
53 127
115 55
74 24
76 117
18 138
43 69
85 142
44 18
12 99
106 33
64 29
19 54
110 17
24 149
97 4
96 67
103 149
8 6
12 69
140 25
29 93
51 24
76 54
69 16
6 142
61 71
36 125
56 131
21 73
96 60
106 125
39 146
26 133
100 27
46 60
4 139
79 38
97 111
60 4
24 146
51 136
121 69
16 45
103 110
86 27
30 85
103 36
52 52
93 125
37 131
54 117
77 104
97 25
122 59
100 65
78 115
25 37
8 86
35 147
29 98
91 104
29 118
86 34
123 111
21 116
58 127
58 121
123 26
20 4
146 106
60 107
77 141
41 80
12 43
12 149
119 123
16 131
40 67
61 117
117 84
45 49
102 39
7 5
133 14
62 79
51 1
23 43
70 139
24 32
93 132
86 147
125 115
83 131
23 60
65 48
101 21
54 46
9 30
119 146
62 89
82 60
106 149
120 41
117 144
141 31
78 82
11 1
32 71
60 112
30 131
34 37
63 10
62 0
67 62
73 99
110 134
4 113
34 27
11 144
81 130
138 10
51 61
53 45
147 116
81 92
149 78
41 67
100 19
32 66
87 148
118 142
138 108
14 42
4 23
44 135
32 94
87 74
132 102
96 140
8 95
110 30
74 33
119 112
62 123
125 43
56 49
48 107
125 53
69 115
19 45
7 2
102 3
73 31
105 0
34 141
136 83
73 39
113 121
93 64
89 0
111 123
102 101
94 147
24 98
101 54
73 79
15 137
35 55
110 24
133 128
110 2
140 113
28 20
18 124
106 140
106 77
98 110
83 21
130 35
135 40
119 55
7 105
141 36
28 120
96 144
81 112
69 87
3 48
113 125
16 90
83 14
52 101
141 75
100 112
5 10
97 30
113 102
64 35
66 46
56 32
145 112
146 35
64 123
67 23
0 45
64 32
101 66
67 43
10 91
3 22
77 29
94 37
88 18
96 10
90 28
83 67
64 113
9 116
68 66
67 75
54 140
141 65
130 97
75 51
149 105
118 40
38 74
57 82
98 75
93 134
7 122
21 126
27 149
68 22
102 71
57 106
52 37
51 12
73 16
69 143
115 149
138 45
73 68
9 26
72 91
49 141
111 103
132 13
32 9
58 122
60 20
54 33
24 140
38 91
59 147
24 46
126 57
0 105
56 74
10 32
65 36
58 47
39 63
146 131
20 30
110 75
95 92
46 43
133 95
71 12
104 145
48 94
140 24
0 89
133 144
70 119
24 132
92 118
59 140
39 69
15 135
80 44
140 40
132 138
45 29
37 58
146 68
3 70
84 53
43 1
110 119
23 76
44 105
16 6
115 113
17 89
48 56
126 138
40 42
27 39
43 74
120 84
99 121
0 10
133 134
81 144
60 67
72 137
117 90
114 149
36 45
84 0
127 107
140 130
20 61
12 148
8 16
39 130
126 82
59 14
140 104
107 129
1 31
63 139
36 117
8 138
32 42
34 137
91 107
37 1
84 23
25 100
45 133
40 75
69 137
93 92
126 96
15 137
112 86
113 83
1 138
42 103
72 88
124 66
135 98
69 137
63 118
77 140
35 145
70 27
49 72
130 76
23 42
47 9
23 83
126 120
5 16
82 36
75 104
119 11
4 46
78 26
132 16
138 108
9 85
91 94
58 56
140 27
24 95
97 116
129 37
14 20
2 99
88 99
12 64
8 89
56 50
50 132
4 79
48 98
37 71
45 134
119 120
5 94
69 142
37 132
103 104
25 82
19 128
81 100
72 80
122 130
40 118
120 84
28 29
45 20
130 74
143 89
18 73
77 16
73 42
75 78
122 130
132 57
69 77
12 135
130 44
77 83
139 126
93 43
52 138
113 88
21 29
127 133
135 36
80 15
14 17
111 9
148 0
12 142
125 103
123 30
29 88
67 19
99 79
71 103
128 99
91 26
95 43
121 1
15 86
90 96
54 64
25 71
79 24
121 94
46 105
92 83
88 1
144 117
59 141
55 78
68 49
133 55
82 35
149 59
15 105
65 143
88 90
52 118
115 1
2 69
0 36
60 20
114 59
98 26
61 70
13 90
84 69
140 14
27 59
79 84
53 135
21 23
125 2
16 137
78 76
120 3
106 93
139 0
139 25
32 139
77 132
64 89
110 84
63 43
55 31
64 127
51 127
79 111
9 142
31 51
8 120
133 75
134 122
92 5
68 25
36 72
60 85
135 19
141 92
138 140
145 147
4 143
45 54
88 7
116 89
32 69
136 112
131 41
142 102
25 95
80 63
77 80
70 50
106 44
47 125
63 119
22 43
138 15
126 90
99 125
34 81
74 39
121 0
61 56
130 51
27 143
75 66
117 52
36 13
140 128
4 114
49 148
53 69
139 137
122 59
99 75
23 98
102 46
13 39
82 117
15 2
62 66
34 96
112 11
27 31
63 5
27 6
132 99
11 39
95 129
89 14
95 121
33 54
108 104
128 107
142 14
88 133
62 68
49 64
11 119
57 84
109 72
95 104
107 16
106 112
144 25
37 72
120 128
119 69
58 6
72 35
140 22
104 113
78 63
62 6
81 80
96 78
52 111
117 105
86 51
129 57
144 48
131 43
136 2
117 140
46 46
33 87
84 66
37 46
54 18
74 49
135 14
136 20
133 43
15 138
64 55
27 114
42 148
78 40
70 18
125 126
33 17
54 98
125 65
119 115
148 104
131 89
142 70
81 102
45 103
20 99
110 86
17 89
29 22
95 48
30 6
79 4
138 32
98 7
128 97
9 47
61 82
22 93
32 78
90 10
105 23
84 67
35 29
60 49
118 46
97 98
41 145
57 99
118 72
23 67
31 13
135 115
1 137
24 63
54 146
149 111
97 7
100 13
56 133
55 126
51 69
10 12
131 70
122 99
85 51
26 131
68 48
40 107
142 0
70 149
123 116
143 9
135 10
119 11
10 108
14 108
6 58
92 147
77 94
8 92
91 131
103 149
109 83
111 134
51 28
27 138
20 137
120 9
82 120
132 4
87 148
14 131
114 126
141 8
30 81
122 37
16 92
105 137
93 13
52 93
105 39
75 143
60 4
1 133
135 148
96 130
88 143
124 18
106 10
92 33
92 89
70 97
25 46
100 142
37 68
125 86
103 0
80 8
128 7
10 70
28 100
65 23
117 44
10 12
50 93
123 146
28 83
80 148
129 75
84 130
93 89
106 13
47 130
88 36
0 140
101 121
142 77
142 10
114 86
131 29
36 82
91 11
48 120
55 34
23 47
4 2
84 85
149 66
97 55
122 53
45 21
76 50
87 149
121 62
108 117
50 72
66 32
106 23
17 109
80 43
74 12
93 87
99 125
20 72
21 51
21 115
79 22
112 24
105 70
8 123
123 31
74 75
73 101
62 10
126 37
55 24
47 108
39 110
73 72
3 149
39 94
61 8
80 70
148 143
82 42
66 142
51 44
53 143
122 86
149 26
122 89
91 56
131 66
57 101
102 15
17 112
147 135
73 95
96 148
139 105
116 126
96 39
145 104
129 50
82 115
143 113
10 26
54 71
64 104
134 97
41 10
81 81
95 49
83 28
43 123
101 74
24 104
36 15
58 1
66 41
62 108
141 106
75 105
87 19
35 61
77 55
103 8
65 90
127 58
58 68
112 40
44 76
80 78
8 127
114 99
142 94
5 116
4 69
49 144
8 121
6 107
13 113
91 139
130 121
11 100
148 32
142 58
120 73
142 132
22 17
63 95
45 69
49 102
89 102
91 139
95 121
103 25
99 6
79 72
102 51
78 102
66 67
23 5
112 103
21 61
44 144
10 111
63 89
34 6
86 112
7 139
90 96
84 64
78 136
56 91
99 130
57 111
123 69
124 149
43 149
24 61
75 136
21 3
99 125
130 19
83 31
52 127
19 139
46 65
117 90
39 140
37 90
63 143
130 102
57 125
33 83
104 109
63 17
65 16
25 42
45 13
24 138
19 143
90 64
94 45
1 15
23 143
55 132
23 47
133 59
78 58
33 142
29 63
90 121
30 115
57 52
76 73
137 123
48 41
125 120
123 123
52 112
0 41
13 34
121 45
3 32
146 54
56 89
77 102
5 71
138 110
125 50
97 30
41 102
100 88
118 145
38 81
20 97
59 32
39 72
117 133
36 35
117 56
113 41
118 21
59 82
61 17
19 73
3 94
124 149
98 79
114 117
82 140
85 139
53 55
53 114
131 24
131 107
87 112
148 27
38 23
0 103
138 53
106 123
139 2
145 66
64 61
38 47
86 78
81 2
26 61
89 82
56 69
116 119
125 31
106 138
146 101
2 29
131 123
113 18
142 47
27 22
48 51
121 148
23 42
147 115
104 15
132 146
123 116
65 25
42 107
86 110
112 77
34 137
40 74
105 73
146 20
0 111
117 103
8 66
73 0
116 147
34 85
70 36
108 76
111 74
86 83
114 55
134 100
126 21
24 76
140 20
110 129
100 144
136 44
10 124
142 70
8 60
66 53
89 118
5 55
104 70
11 67
71 132
81 116
105 127
99 127
98 147
98 59
1 148
119 4
144 68
17 144
9 0
11 28
117 107
134 110
133 20
39 103
4 128
29 63
112 106
96 5
137 102
0 98
79 147
47 19
139 123
49 44
81 91
68 90
0 4
11 98
76 108
44 95
61 30
117 129
124 8
36 41
144 108
130 53
50 146
122 17
65 92
14 104
49 20
135 14
116 13
20 103
78 16
23 149
118 149
54 111
65 23
134 41
123 131
51 41
108 18
18 127
147 33
125 66
48 69
46 24
6 121
72 82
72 60
127 115
9 43
16 138
139 81
121 113
25 72
13 62
30 27
96 6
12 65
91 125
29 108
122 148
54 135
69 27
131 19
71 96
57 89
24 102
2 40
26 107
58 111
39 123
18 45
16 127
20 110
116 76
98 4
5 42
20 123
97 27
142 98
70 22
40 39
105 10
76 42
21 96
82 88
109 4
53 63
75 21
33 19
64 88
117 41
35 65
109 67
43 116
25 33
91 87
42 144
121 29
106 149
127 115
92 95
123 140
21 126
34 140
35 24
127 61
140 134
134 143
105 76
20 90
22 46
34 135
89 112
123 4
103 92
99 111
90 26
104 53
51 39
87 141
99 128
130 115
67 70
139 44
135 97
122 50
68 4
67 45
109 98
139 44
87 68
131 43
32 68
37 125
86 60
144 35
26 4
112 144
53 2
144 8
124 46
63 117
121 130
124 101
108 67
73 138
24 117
15 60
64 109
28 1
80 71
148 64
81 27
9 35
107 21
26 34
117 41
4 83
3 136
55 94
116 105
71 95
76 84
92 57
139 123
135 72
110 9
67 90
83 41
71 83
101 133
58 139
131 19
70 74
36 13
14 58
33 141
148 4
132 20
146 6
53 74
48 17
25 134
69 96
49 92
147 67
8 15
77 124
26 75
148 54
34 79
143 11
140 127
98 101
33 56
87 141
25 113
28 43
10 123
48 104
107 37
12 146
25 2
40 99
12 104
27 87
65 133
42 131
124 147
142 17
22 0
14 142
44 73
117 37
137 139
49 29
6 41
19 18
90 113
122 135
125 41
46 99
122 19
71 30
19 119
133 38
13 121
144 28
102 128
23 79
75 51
21 36
111 48
42 37
11 42
130 130
78 49
130 11
61 143
94 58
41 149
56 79
92 36
30 25
96 139
63 31
45 54
136 149
101 87
60 21
87 121
20 34
43 148
94 99
58 13
90 142
62 129
111 146
51 110
42 49
124 99
46 18
141 125
49 26
33 26
29 120
8 86
53 53
58 94
95 44
5 10
0 62
13 17
36 80
37 105
115 105
127 66
137 116
99 6
69 81
14 42
148 114
49 44
44 102
131 69
116 74
117 104
20 145
107 132
100 32
62 113
76 147
2 109
99 67
68 113
33 143
95 140
20 96
47 109
31 7
90 28
71 46
63 56
79 102
18 111
66 58
14 15
46 46
90 23
115 83
142 36
141 102
27 61
6 121
107 4
125 103
70 107
71 51
85 106
11 107
51 102
141 56
147 149
96 137
9 85
123 69
24 91
44 72
21 112
8 3
103 26
148 56
143 81
71 21
29 11
109 32
12 9
34 145
21 9
146 31
105 2
8 37
28 131
100 95
132 93
114 0
63 137
123 6
31 56
88 33
19 30
57 120
5 28
2 69
27 112
83 68
139 142
132 124
108 147
88 67
15 4
78 84
45 139
42 67
27 77
127 17
49 138
37 45
10 70
41 141
6 115
104 82
2 50
72 13
122 23
90 133
119 45
141 91
15 125
1 4
114 103
31 38
32 28
43 124
131 85
120 56
7 110
15 7
147 12
24 62
126 71
18 71
72 32
27 0
114 17
105 62
32 26
0 31
97 73
64 97
28 81
93 91
108 32
10 51
44 26
140 129
79 41
18 103
76 109
106 121
39 116
25 37
67 105
132 15
106 55
4 100
24 89
41 98
134 118
137 111
12 0
135 9
21 44
77 16
14 3
141 17
115 24
77 82
32 25
115 59
91 36
75 122
7 142
23 87
29 0
144 118
96 112
124 130
62 37
1 113
61 133
5 31
88 113
93 68
36 96
3 72
18 134
99 88
98 42
149 1
27 43
60 43
97 146
87 94
14 50
121 69
33 13
55 102
125 106
138 20
102 112
98 7
93 58
102 71
82 64
97 29
81 102
94 60
60 52
107 59
47 58
134 7
44 137
28 85
55 30
88 19
53 102
144 79
62 51
70 62
143 3
9 64
31 73
23 61
116 30
12 6
97 52
96 108
37 105
106 23
89 147
34 117
70 38
138 41
7 3
3 15
136 70
19 91
101 37
3 78
46 88
103 86
116 72
52 130
116 40
41 47
62 81
50 22
133 80
43 110
32 128
79 69
131 14
57 92
54 123
135 131
124 65
20 3
109 114
27 111
37 143
80 85
61 115
103 55
21 137
137 48
85 15
141 50
125 126
18 113
123 64
110 21
50 113
132 88
129 4
71 126
80 54
131 26
73 93
20 29
71 113
64 26
113 68
7 19
112 2
116 6
36 112
2 61
17 143
16 93
109 104
95 49
40 44
140 18
79 33
119 102
86 137
75 6
141 55
123 16
8 2
6 79
98 14
76 63
74 115
110 51
45 125
138 83
77 118
106 84
138 39
70 43
97 128
72 128
142 1
133 106
107 145
130 1
96 78
37 10
7 88
53 38
22 94
149 21
11 127
53 34
129 71
97 118
37 82
147 73
84 128
137 13
141 108
112 91
137 106
58 120
129 98
88 3
80 111
27 48
141 8
49 48
83 29
54 113
101 124
85 132
89 58
17 35
54 57
3 2
5 145
117 45
68 5
118 117
103 64
43 57
47 145
60 20
103 89
55 90
82 92
30 56
121 85
126 114
99 90
7 138
99 127
102 86
50 90
39 25
46 80
38 57
119 121
136 108
68 67
75 65
4 48
99 46
97 140
8 54
64 46
101 55
64 91
109 21
3 44
140 52
71 104
134 138
37 106
57 70
29 32
107 16
144 122
134 60
29 31
37 23
6 147
99 28
115 75
33 26
127 118
83 99
59 20
144 121
72 117
81 141
113 100
128 73
109 120
4 82
128 27
127 109
83 98
139 66
117 43
27 147
91 111
27 54
18 5
125 5
59 27
53 100
97 118
27 102
56 36
13 138
88 117
110 133
103 21
120 44
102 129
136 144
68 73
18 27
90 130
102 133
140 10
9 89
24 148
31 137
63 82
82 103
70 44
107 4
149 93
1 116
81 27
22 133
17 81
105 145
2 11
24 10
148 13
135 115
9 27
84 88
46 81
76 79
70 110
75 35
99 8
15 10
139 74
121 142
85 144
56 140
112 11
111 32
88 7
21 2
110 111
98 49
91 22
0 138
121 124
81 121
110 135
121 32
38 106
122 81
101 120
83 22
135 148
81 85
77 70
62 32
127 147
64 138
53 111
76 142
90 141
48 28
95 58
24 144
133 109
109 131
111 49
44 3
76 100
26 37
85 118
81 67
131 7
8 43
37 25
135 29
141 13
64 40
3 21
59 149
88 34
142 5
89 80
86 25
23 74
93 43
147 74
11 130
110 6
20 55
68 145
51 54
95 121
107 124
39 1
91 92
110 100
75 89
79 137
130 63
48 23
74 10
82 30
71 69
30 105
25 139
15 50
104 13
141 117
64 119
11 19
146 34
108 72
115 107
52 17
142 93
139 3
101 21
114 91
102 64
112 102
138 16
105 134
40 17
70 134
31 39
101 140
126 37
137 42
22 63
24 145
128 111
40 40
98 85
112 70
123 107
38 3
129 75
98 130
69 28
9 63
87 121
93 24
104 34
130 127
138 57
105 146
83 65
77 46
38 28
101 120
105 149
5 65
90 109
86 122
9 136
25 6
114 47
72 101
127 114
145 130
142 11
25 137
51 25
100 30
4 4
116 62
1 2
0 24
131 113
67 117
129 101
59 106
19 46
115 53
23 60
115 57
30 25
95 145
29 1
142 0
50 148
81 122
107 25
91 82
65 29
97 55
61 18
115 138
45 63
105 82
39 68
144 30
126 20
10 12
99 144
136 73
1 53
40 98
126 148
41 133
146 44
96 131
145 128
91 79
19 123
145 4
12 60
16 123
15 84
62 22
141 17
58 0
52 85
46 101
44 46
94 40
25 120
114 104
66 24
0 77
112 120
51 69
134 147
144 21
2 129
42 36
127 40
93 105
118 65
95 9
47 98
52 79
117 122
96 69
13 103
45 91
58 101
100 60
51 109
68 144
80 69
147 17
115 41
81 115
95 33
55 133
143 40
105 50
5 97
81 34
30 80
3 25
18 91
39 0
37 90
93 65
54 131
105 4
123 15
99 90
25 67
27 126
119 41
108 11
111 5
17 60
123 67
5 12
132 124
27 2
61 133
95 86
21 40
39 25
77 108
36 61
40 10
148 39
18 141
143 119
32 91
44 42
104 142
123 11
115 58
65 11
50 66
145 1
79 8
23 22
147 66
126 135
140 132
104 10
111 105
148 94
64 145
13 92
28 55
112 17
36 134
29 112
58 98
0 30
0 62
43 5
144 144
144 60
128 49
15 14
97 10
41 46
116 17
25 53
60 63
28 103
82 81
15 136
99 98
58 112
59 53
89 123
30 46
0 24
65 31
99 31
52 132
2 93
103 5
30 140
137 25
62 114
46 137
112 70
118 13
116 2
148 114
75 109
94 70
24 54
105 79
140 26
114 93
93 134
61 77
127 102
91 120
78 129
141 25
135 39
98 108
96 103
81 38
117 76
95 40
39 19
45 115
138 21
29 81
146 98
104 19
131 4
105 141
55 93
72 49
26 116
111 103
89 51
25 111
8 117
78 112
46 70
145 91
7 125
24 3
118 136
66 91
35 131
105 35
5 79
123 89
26 148
78 108
76 19
130 21
21 125
132 91
61 30
137 60
137 15
105 47
129 8
79 117
132 120
140 41
88 87
120 28
80 72
147 7
77 83
53 75
109 86
77 112
13 77
137 95
92 113
82 79
35 72
16 129
77 29
142 147
97 0
32 58
35 108
23 119
34 88
133 132
75 60
94 138
66 57
86 55
63 32
59 103
11 34
2 66
10 36
74 13
10 87
112 126
120 61
142 29
97 92
14 9
122 122
50 68
132 52
73 89
76 61
49 147
76 27
59 148
52 84
125 15
6 115
47 140
58 125
136 27
134 73
99 20
63 142
113 51
128 73
24 101
147 140
84 91
134 83
115 106
52 88
99 2
111 107
36 116
24 24
51 68
31 120
125 70
32 123
10 50
70 7
62 26
103 84
5 29
122 144
92 129
62 91
96 86
37 143
34 17
124 11
62 51
72 23
49 93
136 3
66 43
73 55
124 1
143 11
47 48
42 97
119 95
139 1
31 59
143 13
19 120
9 134
65 21
43 67
71 112
8 104
43 77
140 75
82 36
116 0
122 44
128 114
127 51
114 77
28 101
56 45
54 144
49 93
8 34
10 147
4 148
48 30
117 30
53 129
22 77
24 62
149 141
64 72
116 61
126 39
17 111
34 97
85 27
100 125
144 54
75 52
26 82
67 107
95 115
9 96
6 87
43 81
38 71
73 145
61 39
59 19
131 58
130 113
122 103
52 18
126 73
149 88
145 56
3 24
97 16
28 114
111 38
103 17
71 109
64 99
114 89
24 57
117 46
6 59
126 138
120 76
132 59
40 94
108 121
4 95
144 84
56 103
90 148
58 117
135 70
76 135
42 99
116 68
28 40
71 0
57 89
92 3
44 67
94 15
82 94
23 19
121 97
83 50
6 69
92 86
127 78
47 57
107 122
63 114
116 140
39 54
89 141
53 4
39 19
83 17
91 48
119 130
138 105
78 13
122 103
26 90
106 66
73 53
1 70
24 11
48 119
127 132
148 4
87 71
146 7
108 93
73 100
140 113
60 44
67 28
63 63
108 36
41 36
11 30
31 145
18 101
136 133
51 111
79 97
73 29
4 98
119 22
60 9
130 93
83 117
78 39
143 72
91 26
147 83
77 33
118 97
53 100
112 101
128 21
107 25
59 124
119 21
114 3
59 98
113 113
6 55
92 130
57 95
127 78
137 53
42 97
35 1
102 34
87 101
12 19
105 115
83 24
66 70
50 112
11 134
65 132
81 99
104 146
116 53
9 129
103 68
124 139
147 36
148 91
97 138
66 27
116 1
51 2
104 51
133 126
24 45
41 21
100 92
73 79
144 107
15 54
146 48
102 62
142 76
135 76
85 35
144 145
139 44
10 72
83 18
46 18
42 111
26 103
30 109
146 132
69 137
136 139
104 130
143 62
44 25
135 24
122 46
125 84
64 33
75 39
8 37
96 17
92 110
15 8
32 147
90 128
98 123
13 57
68 53
64 145
66 119
19 50
93 6
92 87
96 123
9 141
63 107
142 78
10 48
144 80
149 73
123 70
62 81
88 71
75 23
121 117
145 142
63 139
70 108
123 0
44 45
127 44
21 86
109 8
6 96
8 54
44 117
91 31
36 143
27 0
41 135
107 73
121 149
147 51
62 135
69 27
115 13
83 120
141 97
50 14
26 65
30 76
62 66
18 142
68 14
28 101
9 51
8 80
6 13
92 50
58 146
71 77
85 63
52 31
107 15
27 63
131 59
62 18
15 8
77 61
105 113
11 30
62 52
76 115
109 147
123 40
5 59
130 31
117 102
123 78
56 144
6 73
99 81
131 132
86 145
52 5
145 85
57 41
65 56
47 83
90 26
67 18
116 63
6 98
67 63
127 142
56 31
37 34
148 15
28 102
6 120
124 123
6 16
19 125
109 94
1 100
29 135
114 19
75 102
52 13
27 21
143 34
126 5
67 41
146 100
90 128
127 116
133 57
72 57
69 20
69 118
53 10
80 21
84 57
38 30
26 64
67 78
100 4
31 138
134 59
34 45
57 140
135 111
141 18
18 5
6 30
78 124
92 50
91 74
74 148
68 55
7 13
128 38
54 77
97 62
30 19
30 92
131 91
67 89
79 17
138 103
144 5
5 130
133 31
76 93
80 147
95 139
74 38
64 110
1 122
93 74
81 97
84 83
122 123
88 4
23 44
139 128
45 74
128 45
145 2
31 29
11 105
143 1
100 117
49 6
31 140
81 16
24 57
3 132
29 78
143 50
84 17
59 109
17 79
120 31
138 90
132 51
7 7
44 71
51 80
95 79
13 26
4 19
19 55
78 20
119 35
38 107
133 138
73 113
44 143
16 25
66 75
80 92
24 115
80 9
5 119
22 132
16 57
95 65
80 145
67 138
132 102
52 105
19 3
81 50
82 20
76 37
21 104
93 104
106 49
122 138
6 39
5 96
40 149
146 138
130 19
72 76
51 63
75 105
38 119
96 140
28 121
40 123
127 145
113 76
90 71
63 16
58 40
119 145
3 131
41 130
108 2
126 143
30 36
49 10
40 62
116 56
139 79
95 132
58 35
112 91
66 35
50 54
10 114
10 1
64 43
125 7
37 5
75 11
104 147
82 112
83 20
72 9
41 104
61 53
99 86
11 102
38 81
29 49
2 31
122 14
44 30
148 142
19 93
61 69
142 51
34 83
14 6
57 134
82 135
67 24
72 138
4 44
102 48
146 97
148 41
77 93
128 20
78 103
29 52
105 110
6 101
29 8
11 116
119 66
75 75
119 7
35 68
71 146
85 30
36 139
24 138
6 133
149 98
96 53
116 94
50 11
25 103
125 6
22 71
44 107
21 127
57 9
44 50
124 100
23 123
72 146
46 76
90 81
120 121
127 78
85 135
25 82
30 88
131 120
52 79
18 20
95 22
82 37
132 97
89 19
90 141
85 123
20 44
130 135
110 81
22 61
131 12
71 142
119 98
81 100
49 110
104 99
7 79
78 128
4 138
114 0
18 114
96 102
142 15
39 61
96 148
30 125
143 37
22 80
61 105
148 134
137 0
118 38
140 5
16 45
53 54
90 111
13 87
132 33
59 97
41 11
49 25
149 7
69 143
0 108
64 81
36 132
69 109
53 59
141 39
98 142
146 97
97 67
104 81
99 74
142 20
90 32
27 79
26 117
9 123
101 119
61 71
77 83
101 135
121 38
27 56
38 19
145 67
54 136
13 25
76 69
130 42
38 63
10 107
69 4
11 107
95 48
16 54
89 63
17 67
38 4
116 48
43 104
110 64
39 139
30 37
14 96
19 117
116 88
35 18
109 32
23 107
25 104
36 30
110 68
113 17
23 32
145 95
62 82
139 74
115 8
19 110
136 119
144 33
113 16
141 20
114 52
145 53
149 126
99 76
31 0
104 132
34 26
53 16
107 8
58 99
5 30
125 105
41 131
68 55
137 26
103 28
28 83
16 66
26 117
140 112
61 40
66 149
7 53
104 9
45 104
119 63
60 21
148 54
4 22
123 110
74 11
22 40
122 142
98 76
107 149
45 138
122 47
147 131
136 70
9 103
84 37
39 109
126 101
51 66
149 98
136 93
127 35
56 131
19 50
55 44
106 82
52 126
27 109
118 104
130 80
75 58
107 111
15 37
84 2
3 99
34 68
134 29
79 1
32 80
2 78
2 76
69 12
50 137
105 127
121 12
133 55
78 137
1 130
1 16
97 146
106 42
87 11
57 5
24 22
23 87
118 2
97 2
114 139
67 90
60 26
49 125
123 80
57 22
102 89
30 127
99 101
65 34
35 24
120 64
103 36
110 24
71 132
49 66
92 36
142 35
149 87
93 126
48 19
63 71
146 106
86 149
132 0
10 51
121 18
100 134
19 40
9 15
96 90
123 50
109 76
49 46
0 97
140 50
111 46
112 35
101 149
54 62
80 77
29 109
34 84
10 3
122 75
89 145
85 87
22 13
72 34
10 4
1 43
56 143
115 68
111 55
83 27
135 110
13 149
148 144
127 74
30 113
67 125
147 120
33 101
79 105
46 125
43 105
9 67
85 85
112 26
128 52
133 50
69 18
81 56
136 126
29 124
149 87
24 39
149 1
44 113
88 130
136 7
31 17
41 125
69 72
91 27
70 97
42 134
68 18
145 128
85 139
14 119
20 135
38 31
144 114
20 13
22 55
108 63
17 46
88 32
27 103
46 8
29 29
60 96
84 51
65 23
118 129
90 142
148 107
87 4
122 97
32 65
103 136
26 20
84 72
82 126
100 118
75 55
4 3
49 111
126 115
133 38
140 67
87 83
104 81
138 91
148 132
146 114
48 132
35 148
50 17
39 89
121 66
93 148
14 3
145 144
59 126
84 65
113 146
130 87
76 83
136 39
62 103
43 137
19 45
147 14
46 85
40 56
126 91
140 145
47 57
68 141
139 109
81 40
149 139
107 32
85 73
44 133
145 61
59 47
78 126
12 48
36 118
64 36
142 49
36 123
99 128
110 16
28 0
26 101
68 65
90 40
24 146
79 39
4 59
95 142
147 135
132 67
73 126
41 60
81 18
2 56
3 5
35 56
99 69
9 104
77 135
3 130
93 52
45 37
10 25
48 30
58 146
55 55
99 131
20 2
21 75
57 61
20 115
149 5
39 121
108 28
65 112
67 46
29 135
9 88
81 118
28 104
105 78
43 139
106 39
33 66
109 18
118 49
104 140
93 141
34 57
82 93
71 78
28 45
144 48
29 57
92 20
100 105
108 32
83 122
22 118
117 89
16 87
33 129
116 45
8 147
67 87
101 24
0 131
29 8
55 32
40 111
54 124
23 103
53 27
75 90
41 81
84 87
97 64
42 27
80 48
105 84
45 79
141 6
56 145
64 132
113 3
70 42
122 27
43 64
113 91
27 96
19 25
133 95
75 25
10 96
59 4
135 98
102 145
94 64
33 54
19 25
12 68
117 103
131 25
60 32
10 13
44 26
17 34
4 129
149 45
81 36
37 2
38 62
111 28
34 82
87 119
64 49
54 75
137 67
39 62
0 9
148 94
109 40
52 113
118 62
141 142
103 140
115 120
1 102
15 123
13 112
90 88
96 42
20 70
101 103
38 138
19 51
103 95
82 131
45 114
134 14
13 7
71 41
18 139
94 35
85 9
32 24
129 132
27 9
110 21
130 109
48 55
126 64
21 37
145 125
34 109
142 125
136 129
95 5
90 58
113 55
27 97
110 126
53 146
111 19
149 97
51 75
131 38
144 58
64 57
142 10
54 92
139 9
117 0
37 7
113 29
27 59
85 58
36 126
12 10
128 85
62 120
98 40
27 69
69 71
12 16
59 128
11 66
116 113
92 149
92 72
107 127
56 27
21 28
17 131
95 100
123 2
143 65
65 33
130 16
147 137
133 14
70 20
18 90
140 50
15 4
56 9
51 80
26 84
87 65
146 81
13 71
24 94
21 136
135 33
142 101
68 89
80 97
100 102
18 69
78 36
24 76
0 118
95 15
49 95
122 55
76 90
80 12
123 31
91 102
40 28
131 29
5 87
80 103
30 97
85 147
101 50
53 50
35 97
23 49
66 116
2 134
107 22
48 144
96 75
49 147
17 101
84 120
5 1
53 87
2 143
23 74
142 91
27 118
94 39
52 46
79 123
146 146
45 79
139 138
57 142
2 33
117 143
7 18
33 98
85 16
45 70
102 87
15 68
136 20
138 132
148 100
10 126
78 46
51 127
19 23
124 95
69 94
121 125
44 79
136 135
124 4
22 145
91 145
38 22
121 139
106 115
147 147
138 46
54 19
72 81
28 112
27 53
99 72
6 77
61 20
0 127
93 81
108 5
94 39
106 1
67 31
98 71
115 27
39 54
65 146
137 56
75 101
104 53
111 135
107 129
62 142
98 18
0 121
71 144
123 26
25 8
138 135
42 45
148 36
51 103
95 63
3 146
21 74
83 38
127 6
26 45
146 59
27 55
127 41
54 4
23 110
42 115
81 50
115 91
118 68
30 16
124 78
65 60
36 129
142 86
25 92
68 15
90 68
39 52
123 39
93 142
66 136
12 143
123 24
12 144
33 102
96 107
114 98
81 130
122 62
112 3
61 10
47 124
10 68
110 112
93 62
106 126
89 100
33 108
81 119
89 73
68 70
55 117
62 27
126 148
101 94
15 57
145 61
16 115
111 69
112 104
52 138
35 99
33 133
1 118
32 49
98 145
29 97
7 88
5 40
75 8
82 14
85 92
27 125
27 99
128 104
97 129
78 81
27 45
125 139
45 109
63 88
107 10
128 63
12 146
111 19
47 88
119 38
95 75
57 104
70 76
86 68
116 115
39 147
33 93
80 129
66 0
36 92
60 132
47 49
53 127
95 105
36 115
66 61
109 80
84 0
12 71
10 94
103 137
9 55
135 108
108 14
11 90
100 94
6 56
25 142
11 49
40 24
148 133
47 14
118 7
24 110
52 105
139 102
76 41
114 45
148 126
64 94
132 15
82 116
108 115
70 11
72 16
125 65
84 49
128 112
25 6
132 34
21 25
103 124
52 117
24 91
118 5
20 135
2 42
16 11
117 91
109 70
121 73
78 75
62 64
56 25
94 103
134 6
111 34
38 34
46 62
58 69
43 53
5 87
18 5
118 36
65 147
74 115
73 103
97 109
62 5
126 17
0 108
85 117
90 143
137 15
7 87
28 26
99 35
129 113
24 101
40 7
100 17
2 86
4 73
135 11
138 64
24 49
143 92
38 73
31 134
132 22
31 115
71 99
99 31
7 35
100 135
84 53
111 25
139 97
77 80
4 41
19 72
110 44
88 145
29 130
93 129
82 70
9 110
48 122
148 104
75 138
1 98
48 136
29 35
112 138
106 16
38 136
89 77
124 98
149 67
23 52
99 116
137 67
120 123
146 139
84 42
104 58
5 78
123 81
107 125
5 38
15 72
61 97
123 17
51 148
143 2
49 19
9 12
80 97
65 116
82 15
134 105
58 96
112 64
128 21
85 104
149 112
1 77
105 25
71 42
94 86
120 83
24 9
89 68
58 37
0 25
59 41
136 47
64 40
128 49
66 93
45 94
85 132
101 125
53 116
5 117
58 30
84 109
61 101
78 64
130 16
14 7
145 23
132 101
10 120
32 96
7 123
38 40
134 130
22 103
88 16
128 57
45 64
145 128
106 13
123 64
103 51
66 122
8 19
45 86
78 69
106 4
75 124
9 85
48 97
105 115
120 31
4 85
46 57
123 142
139 122
9 105
136 118
18 131
9 134
69 28
121 54
77 50
41 122
109 30
79 122
78 17
132 143
31 49
114 136
35 113
60 73
118 93
60 67
56 85
11 18
146 33
63 8
82 146
94 32
133 27
4 48
106 130
101 89
86 1
149 128
46 95
33 39
42 114
140 34
131 89
134 123
40 20
76 32
84 134
123 14
37 44
100 31
92 109
82 73
37 54
12 138
108 62
123 82
3 12
63 52
59 24
99 10
52 41
85 60
15 2
135 25
11 10
137 85
65 88
24 94
144 59
79 93
130 1
136 131
3 32
90 92
138 14
3 87
132 73
74 63
147 26
17 43
147 33
62 128
23 77
49 72
102 65
76 45
3 52
112 15
149 64
83 32
129 146
128 12
97 24
86 96
44 123
122 4
72 7
8 115
140 85
42 24
7 6
81 62
144 83
101 141
72 69
45 113
42 36
118 44
130 88
79 74
38 138
128 9
42 129
111 11
7 113
29 51
81 45
56 62
101 25
86 74
80 46
56 29
66 139
84 84
139 16
127 16
112 136
137 71
17 102
37 60
116 148
50 146
32 68
133 32
19 46
128 46
41 96
146 80
113 68
39 125
49 42
116 142
97 123
122 122
113 137
126 92
65 36
58 137
125 48
41 3
6 146
91 76
75 38
7 111
22 138
68 77
31 39
78 42
18 78
38 102
98 25
26 15
20 149
68 5
10 13
42 146
105 109
12 51
116 76
63 132
145 8
11 3
30 126
3 130
44 148
121 24
27 52
36 83
128 77
135 33
24 147
118 148
100 145
125 51
147 42
73 87
71 74
44 124
83 111
24 61
51 26
21 125
148 142
24 122
70 136
18 68
143 31
63 91
14 97
69 3
104 20
68 138
73 145
112 87
109 5
14 117
46 131
36 23
71 2
95 95
84 66
33 105
65 3
7 36
16 70
66 62
61 55
64 18
143 63
146 135
109 12
86 129
20 129
7 55
138 81
110 58
28 142
66 4
145 79
148 78
15 42
61 9
33 106
114 29
59 10
10 38
76 15
108 109
132 95
93 119
94 26
48 29
6 124
9 79
70 140
102 40
87 79
71 19
27 147
135 125
149 26
52 99
44 138
80 71
72 76
107 118
3 128
97 57
90 81
62 7
121 126
29 118
71 70
83 1
89 102
68 89
73 90
111 107
98 48
5 60
61 71
71 75
83 14
55 7
7 147
114 41
117 27
23 25
122 91
23 131
26 12
35 11
18 129
136 0
119 54
142 25
102 41
37 89
34 87
85 29
65 118
122 72
69 124
106 135
54 80
127 51
33 2
66 33
145 108
94 98
115 5
56 35
25 115
129 30
136 123
36 53
130 18
22 76
129 129
54 130
118 60
54 116
44 23
112 93
16 60
117 134
44 123
52 136
58 15
69 135
103 63
134 129
118 15
146 53
27 25
112 18
123 76
77 113
93 65
67 10
12 28
145 147
32 37
129 76
120 71
37 11
145 88
139 57
30 47
131 144
74 137
25 23
122 5
109 80
109 86
38 140
123 34
91 70
89 138
5 104
91 68
106 74
51 3
7 7
135 98
148 54
77 126
36 86
102 3
96 91
133 29
38 68
45 66
67 12
10 76
146 14
15 42
14 0
133 45
48 118
66 98
42 97
131 27
110 63
99 56
103 128
101 98
51 68
5 47
39 112
122 117
1 62
37 12
132 38
93 119
123 20
146 16
137 66
0 115
45 103
94 54
107 57
32 132
25 57
115 60
98 113
122 140
22 41
96 123
53 122
91 112
121 40
147 128
28 113
127 98
100 98
40 5
53 120
34 59
37 102
67 146
30 64
125 110
122 30
77 112
52 77
107 3
31 141
122 45
119 112
54 122
105 0
2 35
141 7
113 44
117 6
21 51
115 73
89 109
53 142
59 101
1 42
56 100
111 21
13 58
82 94
121 99
127 46
102 145
112 29
48 55
47 121
68 93
0 62
118 52
120 79
31 104
46 64
48 89
77 120
88 11
78 30
60 41
81 126
0 95
57 72
134 143
61 77
71 48
144 20
79 38
59 24
108 146
23 35
0 35
16 60
29 0
98 106
18 81
136 133
19 93
85 141
109 24
30 123
102 72
22 67
110 82
43 17
74 143
34 92
79 52
111 104
69 56
83 129
107 139
23 70
82 20
148 48
58 13
37 82
27 83
71 48
80 52
105 1
69 8
103 142
70 140
66 90
14 48
106 78
115 90
49 128
37 28
84 137
139 41
11 8
85 109
114 129
57 117
44 111
118 88
80 135
100 9
30 44
27 132
95 149
64 63
112 66
144 71
64 22
40 79
121 50
120 69
0 131
28 96
66 115
127 44
124 72
14 97
68 105
125 65
31 28
70 119
114 95
10 12
146 66
40 60
65 100
111 137
119 64
22 66
27 96
111 148
26 15
117 36
64 5
27 107
10 10
83 113
1 28
116 147
118 138
57 86
56 141
32 110
92 120
56 11
75 69
67 118
33 78
65 28
63 96
137 95
76 143
12 58
146 141
99 88
130 89
128 24
59 29
119 32
111 46
19 42
110 147
79 65
143 90
11 84
7 58
123 19
98 65
15 13
27 107
147 135
138 17
91 38
125 131
144 109
130 55
25 106
51 106
53 86
100 134
120 55
101 63
79 56
37 144
146 75
63 43
108 50
147 123
6 143
20 15
126 15
22 33
131 141
95 58
60 1
29 146
26 81
35 46
102 93
120 79
103 103
22 137
141 52
19 61
8 13
20 91
97 81
18 93
78 14
5 99
43 136
5 70
3 100
18 57
123 79
27 70
13 55
33 34
86 80
50 43
41 33
107 137
61 72
82 0
106 31
135 25
85 144
76 126
97 24
113 72
2 86
48 51
70 15
46 42
93 7
64 16
55 62
4 50
132 2
118 62
98 87
50 24
131 64
106 114
93 7
59 30
15 141
112 132
58 142
6 34
22 70
39 88
41 112
146 86
42 13
146 84
107 11
55 14
24 66
60 72
102 87
108 76
112 17
53 47
71 46
40 125
125 137
24 2
105 108
17 100
43 73
59 4
7 99
108 113
70 107
145 138
58 58
26 37
80 98
102 70
46 74
60 95
103 55
20 132
95 30
119 18
85 76
57 8
5 12
77 47
143 59
102 81
54 43
10 83
90 23
3 1
39 2
32 4
76 64
84 144
107 36
72 141
98 130
112 31
48 134
73 54
22 3
67 100
46 128
30 100
113 42
93 21
85 49
79 53
120 148
128 5
73 78
122 99
36 103
135 145
132 27
7 48
48 115
31 1
23 51
33 92
73 109
143 65
16 3
84 101
6 125
9 142
96 131
87 82
85 4
137 140
109 9
12 140
50 130
123 143
19 111
114 72
133 9
117 147
136 46
77 110
30 148
45 51
27 99
46 5
7 91
43 119
99 101
97 56
30 63
22 137
96 13
20 99
69 30
80 13
43 10
125 43
35 39
101 143
104 110
76 137
118 53
37 0
107 25
74 114
136 82
28 7
57 140
68 62
47 75
99 37
4 117
32 60
22 78
76 49
37 92
82 97
51 142
24 88
72 122
118 144
121 41
12 19
13 83
3 0
132 52
104 123
105 13
137 120
144 80
116 51
86 41
55 67
68 0
107 43
21 11
126 137
53 113
137 110
98 63
30 130
114 74
5 119
115 63
102 97
40 24
115 49
35 76
68 74
1 105
98 147
45 8
119 26
10 18
31 80
147 8
9 130
79 21
145 134
17 39
88 25
118 108
62 104
25 22
58 139
133 106
58 28
5 11
100 128
0 4
106 111
42 98
134 136
47 36
89 69
119 144
33 127
39 65
79 17
40 130
135 104
35 45
121 43
96 38
119 110
15 5
149 139
13 60
39 141
122 13
54 9
100 20
16 133
128 101
2 92
26 138
30 32
72 37
123 80
80 117
78 87
65 19
73 35
142 49
64 74
54 129
86 64
4 38
54 66
115 97
85 28
75 66
62 77
25 107
132 147
26 73
58 144
13 33
59 25
72 105
85 148
17 106
60 54
100 42
42 88
127 129
125 90
43 76
148 101
79 49
90 140
139 94
64 108
112 98
24 100
139 102
50 134
119 78
32 132
127 111
127 67
149 19
93 90
59 14
93 101
140 147
0 23
103 19
137 43
68 128
114 111
27 122
15 104
78 109
65 88
123 140
61 119
108 58
23 47
21 143
101 14
4 26
31 139
137 105
49 58
138 137
46 111
130 69
83 9
80 116
120 14
124 110
25 50
80 71
25 89
65 100
71 52
53 118
45 149
46 7
41 124
121 125
131 0
29 148
101 5
30 7
14 33
71 2
114 99
114 93
49 58
84 2
60 143
19 97
102 12
15 100
112 87
31 119
13 137
81 35
88 75
114 12
147 66
107 89
103 59
92 139
125 142
14 53
89 125
113 78
80 97
78 43
129 20
56 125
61 44
42 4
38 9
2 109
51 11
35 84
146 138
6 43
11 42
96 97
40 35
48 61
70 24
104 132
142 34
126 136
122 50
139 53
39 99
90 68
122 52
49 106
4 61
78 99
105 115
120 104
107 36
54 60
68 94
54 104
109 22
103 110
98 144
14 131
107 57
56 81
101 31
14 118
91 122
6 90
122 47
100 55
129 114
137 125
55 15
126 46
107 101
72 132
54 53
10 63
9 136
2 125
38 117
60 88
23 37
41 7
67 42
14 81
95 101
70 121
56 33
87 134
1 86
44 8
30 50
110 118
2 74
103 12
105 107
100 131
31 15
113 15
87 58
144 144
11 29
104 73
32 119
140 28
66 121
46 100
79 95
60 94
146 81
121 88
77 33
98 76
136 143
19 38
16 33
81 137
41 47
149 113
77 85
84 38
123 7
1 24
124 77
112 65
71 45
5 101
79 124
112 113
78 2
1 126
64 110
13 32
31 54
16 80
87 81
122 9
60 65
2 61
58 2
48 103
14 17
99 75
18 89
57 18
63 74
118 37
73 20
42 102
98 103
93 42
135 107
17 48
131 94
35 120
93 145
130 26
140 141
124 62
86 86
37 100
61 58
102 75
56 7
112 112
139 132
72 117
149 138
119 75
140 109
68 37
48 58
52 98
4 54
13 19
89 55
111 64
138 79
98 91
73 68
142 83
36 92
76 57
76 105
45 31
130 131
97 118
133 9
65 46
44 107
69 54
113 82
68 87
119 133
54 32
113 50
11 130
109 140
15 21
33 125
30 63
116 106
68 97
4 143
94 100
88 43
133 87
78 27
69 120
143 76
5 19
136 140
88 84
129 124
99 25
76 32
116 63
86 82
123 125
135 136
68 27
115 66
21 79
11 109
78 142
103 33
25 146
68 79
108 16
17 79
149 1
10 42
146 126
17 106
39 105
34 122
106 51
34 53
25 1
55 149
51 32
140 131
3 107
116 52
135 101
58 29
37 65
137 47
106 114
7 51
141 40
61 116
51 125
87 98
1 20
47 143
149 68
72 66
124 5
66 37
26 1
126 146
28 63
98 88
50 58
127 14
28 7
18 0
2 136
84 46
15 23
145 24
58 44
25 105
33 103
30 81
80 54
124 118
37 79
126 27
110 66
141 12
149 52
51 114
134 9
75 38
83 58
127 56
136 74
11 70
38 125
39 64
19 131
48 129
41 6
15 43
118 121
47 21
6 18
94 18
0 31
63 118
98 49
62 99
75 128
126 86
127 75
64 89
9 77
124 81
91 72
78 127
134 28
81 133
10 84
70 117
120 104
98 87
119 76
42 3
91 80
56 50
28 58
5 48
25 30
28 89
54 109
73 77
100 133
110 87
113 137
18 100
38 54
61 116
93 36
69 94
1 32
139 116
78 90
5 81
119 60
5 71
145 144
149 107
40 95
125 62
23 67
51 141
15 21
66 117
94 114
46 73
50 147
82 62
88 149
92 37
26 28
106 60
80 51
57 99
44 134
121 147
3 5
0 29
72 102
21 141
134 74
40 89
98 78
39 110
31 37
42 101
131 116
18 4
129 87
13 131
19 73
71 89
110 9
89 100
134 6
132 105
142 44
9 117
61 55
143 20
118 111
35 27
136 13
124 136
83 129
0 8
13 43
35 49
145 79
2 50
117 149
20 94
118 109
79 15
71 144
10 110
146 99
127 10
127 98
28 31
65 14
79 60
1 85
133 1
70 46
30 104
29 22
18 17
75 103
108 100
66 146
28 59
133 53
108 4
141 47
31 61
46 43
124 117
66 52
111 43
30 137
139 99
62 71
0 81
93 129
149 19
97 146
46 21
16 101
20 14
42 33
106 33
146 110
53 57
37 126
11 146
26 43
27 84
72 77
116 5
64 5
131 98
132 52
21 76
65 99
92 70
22 4
123 24
61 12
19 43
27 54
129 43
18 41
29 113
54 33
4 147
63 21
85 2
74 59
61 16
27 102
120 132
120 74
132 88
145 17
127 115
103 7
149 143
48 72
124 42
37 66
106 11
62 64
0 45
32 126
96 9
29 10
103 0
78 37
68 13
83 123
84 114
9 126
97 116
82 69
123 9
76 16
8 35
90 128
107 4
67 80
66 84
25 137
129 111
33 109
119 5
91 10
126 61
132 138
76 71
24 73
8 114
111 80
26 134
8 85
20 93
45 46
18 22
30 9
46 135
91 80
117 24
149 112
36 98
123 131
101 103
69 94
8 0
67 123
98 109
66 121
44 68
49 119
91 46
6 3
61 77
53 12
6 73
149 84
70 22
91 71
125 89
114 56
142 83
57 85
4 104
141 97
26 30
77 23
75 75
107 141
67 40
113 84
72 89
52 75
59 30
36 121
45 128
13 91
86 61
112 81
89 53
12 137
21 8
23 86
2 115
148 141
68 62
100 80
85 11
102 20
33 17
134 89
118 76
45 139
92 103
74 110
70 104
24 92
141 61
105 141
5 136
70 62
42 86
138 132
93 147
103 142
87 124
87 77
120 44
44 5
144 13
81 55
148 18
9 101
115 17
50 86
92 133
73 14
52 60
6 1
38 125
83 45
12 59
143 20
126 32
67 32
43 33
109 64
110 31
86 88
6 81
76 78
130 119
77 90
79 17
48 98
59 88
87 120
63 38
116 74
62 138
11 71
110 18
70 76
116 146
23 51
101 89
102 67
21 120
101 135
110 135
36 141
1 94
16 95
143 120
14 28
86 147
119 57
38 120
104 144
6 116
120 35
21 76
4 61
144 26
59 70
1 121
141 128
109 60
100 42
109 143
32 144
33 47
60 124
17 14
3 40
65 122
134 65
27 37
19 92
116 78
143 60
22 145
27 136
4 21
14 55
62 146
89 31
45 142
141 62
59 53
55 36
142 63
21 113
16 44
24 43
107 40
102 135
70 121
10 67
33 71
1 32
125 69
141 85
123 133
40 71
19 147
38 0
26 141
115 131
73 33
45 145
23 31
145 48
130 95
90 97
57 129
111 139
72 104
82 41
49 112
138 59
77 50
133 32
127 59
128 96
57 61
42 39
58 68
62 69
138 46
115 125
12 12
139 103
74 53
13 70
139 22
84 50
16 124
41 112
46 2
13 101
64 121
25 114
54 99
60 117
119 97
4 93
100 96
31 75
12 22
94 137
9 144
103 4
116 47
57 71
47 4
13 126
48 9
25 3
138 41
80 102
22 119
8 55
49 63
85 132
81 143
71 32
102 31
99 108
37 58
25 61
32 131
140 47
69 10
52 40
15 11
134 49
54 56
127 119
5 83
101 4
29 100
31 48
141 14
16 17
107 51
107 1
19 47
81 99
0 139
120 35
121 111
92 119
127 118
100 138
132 1
46 21
83 99
117 61
111 74
5 6
6 108
9 137
53 70
124 70
83 107
62 81
122 115
64 76
27 120
77 133
21 139
41 23
44 82
30 68
2 27
67 132
44 133
17 45
128 42
15 72
120 5
24 12
149 134
48 74
129 83
84 67
57 140
16 110
65 52
18 79
13 41
36 36
122 28
61 69
106 52
69 68
99 115
148 145
98 142
104 37
24 47
108 143
145 94
79 75
86 106
129 68
82 51
5 1
40 96
58 24
7 73
13 39
142 67
67 12
133 19
109 38
142 124
20 70
140 51
147 66
26 115
65 137
128 130
43 28
10 132
42 12
93 47
113 140
57 62
63 126
19 33
52 53
78 38
10 111
102 138
62 56
79 140
58 43
56 55
14 8
57 43
119 53
102 16
90 128
112 16
122 57
59 135
47 74
26 44
102 138
52 57
140 81
26 136
47 129
64 50
111 80
114 137
86 127
140 80
69 62
15 126
5 1
79 78
46 59
100 53
134 122
138 69
95 146
15 31
71 83
50 42
84 52
121 126
87 56
110 31
118 72
54 99
75 63
145 125
96 122
97 102
41 132
128 69
45 59
132 119
51 59
130 8
75 28
66 1
36 12
121 85
4 15
41 96
43 100
35 104
65 114
1 5
146 142
64 136
42 85
135 38
90 14
21 12
105 59
54 85
92 37
128 63
5 48
94 148
143 35
113 54
140 35
53 48
35 140
125 62
42 128
147 43
52 68
117 146
26 51
5 85
12 114
21 98
3 102
13 28
148 45
44 142
133 37
31 66
94 46
143 146
17 102
10 31
130 71
11 76
63 34
142 14
21 120
70 40
33 88
84 82
22 122
8 104
98 22
117 121
73 2
125 105
110 121
75 92
56 11
91 126
86 76
95 100
142 146
122 15
106 129
35 33
58 109
69 61
102 94
1 26
141 135
20 2
134 84
65 39
71 12
33 43
44 106
84 6
9 124
85 90
63 9
2 136
110 122
10 62
93 40
33 8
120 91
119 62
120 63
114 1
133 3
41 65
131 50
70 7
14 129
140 65
23 86
136 84
149 67
0 120
99 13
20 19
126 59
122 72
77 21
51 101
46 46
139 113
17 107
21 146
77 17
142 57
69 97
83 47
36 96
112 92
15 16
104 99
62 41
41 41
37 58
16 129
11 101
137 37
82 130
9 55
82 64
30 5
104 132
25 124
132 108
135 9
136 5
28 123
51 21
89 45
70 99
136 24
115 81
46 97
122 133
11 3
134 116
141 78
73 22
45 118
19 30
91 69
11 141
13 98
117 116
88 10
10 19
69 69
136 31
7 59
13 27
112 139
49 116
74 117
33 131
89 23
23 100
88 45
116 20
62 7
141 51
146 125
110 74
80 54
71 63
146 67
47 139
96 121
68 100
44 69
3 3
105 103
44 135
103 40
136 24
107 115
77 141
56 50
42 23
64 86
81 147
28 61
81 41
24 60
72 40
33 140
4 92
115 90
63 59
14 47
26 143
65 45
6 45
63 116
15 78
132 54
55 50
46 140
133 73
12 117
128 123
45 88
95 71
110 99
107 43
31 11
67 129
55 6
52 17
41 28
15 70
28 148
7 85
121 16
134 10
31 114
73 1
39 59
55 98
7 129
54 37
117 94
36 20
136 1
45 21
65 44
15 27
56 88
20 42
12 2
72 5
103 31
2 130
48 75
128 146
51 40
56 20
86 56
72 103
7 82
100 23
146 91
96 117
40 78
111 76
35 82
6 119
61 23
80 14
104 139
59 146
134 53
74 60
83 11
140 20
79 89
136 26
133 1
28 56
38 78
149 75
51 121
45 115
120 31
66 133
55 114
71 65
6 26
40 65
33 71
100 4
101 22
63 135
7 15
110 6
133 38
29 9
148 96
115 148
88 100
68 4
108 23
92 71
43 64
59 14
47 82
97 133
6 103
68 45
83 72
76 27
53 42
127 141
111 11
72 143
26 47
77 101
36 115
55 53
42 103
70 149
46 114
113 108
10 106
108 32
62 122
86 56
115 24
5 27
57 16
46 15
140 131
17 0
49 88
69 92
10 38
119 3
23 147
14 29
7 9
14 136
107 129
123 110
43 125
114 92
100 72
117 52
42 107
78 53
137 100
97 84
31 132
130 82
126 79
63 7
4 87
82 15
30 78
81 108
94 120
17 2
125 2
148 15
24 30
7 65
115 82
99 8
13 92
53 143
37 23
143 33
16 82
117 18
107 86
16 122
33 90
132 56
44 91
123 135
91 23
141 72
2 138
44 122
128 130
20 116
8 44
98 10
96 120
54 55
15 5
101 108
140 100
89 97
113 41
135 98
5 99
12 24
41 123
32 3
93 19
115 149
63 135
61 43
142 66
36 89
15 48
37 97
22 17
25 91
126 57
50 0
148 96
3 82
138 133
18 54
49 9
17 36
56 107
13 95
115 133
80 29
16 107
147 26
54 140
14 35
45 97
116 32
70 66
103 64
43 144
101 42
39 110
24 82
135 106
129 143
125 35
115 99
55 85
149 10
2 14
112 0
87 116
111 26
132 41
77 27
20 70
75 110
28 73
108 19
31 14
142 119
34 94
89 81
100 148
74 27
14 144
99 135
75 74
96 48
35 116
108 11
68 80
2 98
62 54
5 138
67 83
99 27
73 95
50 33
103 24
64 45
77 36
5 48
109 78
133 52
73 51
66 24
129 111
85 76
114 128
95 4
63 53
71 140
52 131
62 58
90 146
63 101
23 51
55 116
141 73
102 141
4 50
73 78
146 142
7 20
59 11
84 44
81 32
19 2
116 40
3 71
90 6
44 66
25 57
22 140
117 34
39 70
122 76
91 83
65 50
15 117
86 97
72 25
91 1
146 56
65 61
105 18
72 144
110 60
76 134
85 59
45 139
71 20
120 110
40 47
50 119
140 80
140 55
119 22
127 113
62 0
93 143
32 108
48 144
107 141
93 126
58 113
149 130
69 133
83 11
3 91
145 78
134 54
101 140
53 20
94 132
53 117
4 128
146 76
3 136
142 33
21 90
95 77
78 1
108 121
148 81
20 136
50 112
92 76
137 55
71 88
15 111
80 97
78 11
73 44
72 114
52 60
122 86
22 17
51 52
49 12
45 10
136 87
90 92
128 47
73 2
58 53
5 128
142 24
61 3
32 120
12 1
134 141
132 48
134 104
131 53
65 117
109 35
22 11
3 128
41 118
88 146
102 93
45 47
90 67
4 29
23 138
129 100
53 52
74 121
42 30
79 120
21 111
145 59
123 36
36 30
9 108
2 20
0 130
29 142
40 149
52 45
50 9
95 39
60 47
20 71
97 135
92 138
37 95
12 56
50 43
126 56
90 28
27 15
75 46
42 67
89 60
31 17
55 134
53 101
130 133
33 27
59 113
41 80
110 70
81 64
76 123
105 62
148 138
47 145
49 97
114 106
139 139
73 56
94 82
148 15
136 121
47 11
19 100
39 143
68 128
78 101
126 121
106 22
112 30
64 64
25 75
31 82
77 19
75 146
68 79
2 1
45 36
115 70
74 2
65 108
25 120
38 3
118 28
65 100
136 138
90 129
12 89
2 103
71 82
147 25
116 119
46 129
88 109
41 55
74 8
133 19
54 8
106 40
39 64
47 40
14 46
124 119
70 117
139 128
81 112
69 16
96 53
81 67
13 129
110 14
26 147
144 96
13 65
120 77
63 85
6 72
137 101
48 115
140 132
85 79
22 128
60 12
44 47
32 72
126 132
23 101
139 117
59 146
135 73
134 33
95 81
13 55
129 0
26 53
107 86
94 115
77 51
14 8
45 144
141 4
12 38
79 113
23 53
103 40
114 149
123 123
135 27
67 103
22 10
14 148
117 106
3 96
56 92
105 21
103 133
43 141
129 86
73 77
4 31
44 78
62 25
83 138
20 44
140 74
53 9
39 50
79 24
69 53
149 15
83 73
77 97
44 53
12 85
149 40
28 131
55 64
147 111
84 92
20 116
48 88
138 62
109 16
27 122
143 63
24 105
55 15
129 33
12 131
50 140
145 23
113 13
49 75
116 144
90 68
2 57
102 102
105 148
5 72
0 29
77 146
1 113
128 113
143 68
140 101
52 129
88 65
29 112
9 140
89 24
78 95
17 50
32 138
46 120
31 66
65 148
101 67
73 129
14 18
32 119
89 25
41 9
41 108
118 59
124 70
23 78
99 129
141 39
54 121
101 88
54 145
44 49
142 86
146 126
48 48
15 115
26 144
70 99
17 61
98 83
69 37
96 25
43 56
59 9
121 2
1 65
10 19
81 69
3 130
130 49
105 117
87 116
66 40
48 43
97 108
39 28
17 15
9 84
103 42
112 7
1 37
136 14
29 137
48 53
131 59
10 121
93 135
3 128
100 29
141 149
145 104
124 85
18 55
19 67
67 124
46 66
93 110
111 88
0 24
120 27
133 82
80 109
131 85
143 34
76 98
54 94
47 29
144 72
110 1
138 43
143 46
96 34
23 78
10 24
103 46
61 22
4 34
96 77
118 19
149 17
124 133
52 119
74 53
101 120
145 47
110 102
28 66
31 37
18 1
83 1
97 135
94 38
128 141
97 25
135 59
48 25
30 138
57 84
117 44
29 61
96 29
27 13
56 44
98 78
30 129
129 47
35 10
68 40
50 67
108 56
54 137
46 82
57 88
56 145
117 39
67 71
47 114
131 78
106 28
110 37
148 134
99 135
65 16
117 13
27 38
77 67
93 136
38 69
79 11
83 65
34 2
126 68
29 27
105 82
136 33
64 47
23 66
64 98
83 128
96 149
27 84
34 43
15 131
84 134
74 46
28 84
20 137
138 148
120 136
139 45
61 149
61 8
82 5
91 121
53 139
116 90
128 38
112 148
70 86
3 137
118 73
72 140
23 125
74 137
119 22
22 8
10 79
114 54
109 39
108 76
92 16
95 130
78 57
70 76
53 116
90 38
133 17
93 105
78 100
136 71
29 105
136 79
18 125
32 129
26 137
13 92
14 88
131 3
144 105
57 117
2 71
139 116
100 50
140 19
44 25
107 55
50 59
92 15
37 124
100 45
36 24
120 60
36 97
96 113
53 87
126 26
102 107
43 22
139 120
80 92
147 45
2 120
97 1
34 13
44 80
105 105
75 105
138 75
146 84
40 125
131 14
8 99
134 149
80 67
23 143
118 31
115 119
84 90
144 66
53 15
17 135
49 111
17 132
35 88
122 10
90 57
17 125
43 103
9 136
14 81
81 68
46 136
66 89
73 60
52 49
69 63
61 7
129 1
27 131
55 0
62 78
52 109
148 47
21 86
98 135
56 13
71 126
73 140
29 43
51 24
11 124
116 71
52 93
125 9
28 45
18 25
44 14
105 72
81 38
51 71
46 68
104 91
22 51
60 148
2 39
72 88
73 126
94 130
146 81
128 111
34 82
125 53
93 73
26 56
67 31
67 86
103 136
10 109
139 38
114 136
11 82
5 36
75 143
103 121
5 39
23 75
101 13
109 88
95 17
12 82
13 68
127 100
57 82
19 70
87 13
55 11
41 27
58 65
27 145
129 9
132 54
112 115
100 32
72 27
81 30
125 81
10 88
137 9
35 82
144 53
106 24
134 121
25 60
114 13
62 86
69 90
120 106
69 119
143 71
34 93
35 52
92 79
71 65
19 141
22 104
121 39
145 73
18 103
34 96
76 141
70 7
89 104
44 127
3 15
133 119
51 38
38 35
72 94
54 3
142 117
79 135
137 67
53 9
134 51
3 110
51 121
131 80
118 67
1 86
92 100
46 31
12 105
2 125
16 108
20 91
60 133
95 148
70 60
140 123
51 31
45 33
70 84
81 57
52 60
107 73
21 123
126 22
35 70
65 73
118 6
6 73
22 92
11 60
18 92
92 27
27 35
105 1
67 48
89 36
45 9
86 53
106 25
21 34
58 128
19 103
96 50
137 98
105 84
147 102
100 80
69 143
112 17
23 7
122 50
118 8
138 130
55 67
2 5
124 33
53 103
38 70
83 58
126 124
26 128
44 82
146 99
147 27
75 10
32 44
43 120
148 117
13 7
41 120
2 144
10 66
28 26
27 126
111 142
86 2
70 10
80 48
72 63
61 105
29 128
46 111
74 60
12 23
74 11
83 74
101 130
135 103
130 12
39 127
57 24
23 107
126 83
7 90
67 8
128 27
15 118
90 12
72 21
70 4
106 104
101 52
60 25
39 86
74 119
2 7
144 149
70 111
47 28
27 27
29 36
129 99
100 62
61 87
38 115
93 63
29 4
81 121
129 144
65 31
109 76
106 85
31 77
142 27
101 70
77 50
25 23
9 109
108 31
18 102
102 139
148 103
146 11
39 141
120 55
139 53
144 110
57 114
94 139
13 86
88 15
7 40
6 95
43 42
125 143
126 24
88 105
7 15
134 1
138 100
125 121
37 94
128 53
4 119
47 122
75 43
8 75
53 141
134 40
122 66
1 100
17 56
129 93
29 128
27 19
118 80
17 33
31 86
122 47
32 138
148 52
124 31
59 136
5 37
82 140
35 146
80 140
96 143
71 89
2 11
144 131
117 124
94 98
90 133
12 36
147 64
57 77
120 55
51 114
106 131
134 32
85 135
100 109
27 137
9 28
118 53
123 53
58 16
38 46
108 126
128 144
36 114
138 108
149 120
114 102
39 137
145 50
56 80
85 88
3 127
107 62
40 130
99 122
126 70
41 128
80 24
104 16
42 111
43 103
2 20
102 3
101 5
84 44
29 49
52 28
37 100
69 111
104 94
11 98
113 93
22 63
121 124
7 43
4 128
30 122
38 126
110 58
60 47
47 99
123 115
103 34
68 27
70 105
18 103
92 2
22 148
5 127
52 1
115 144
54 89
92 88
59 68
138 100
149 62
66 15
97 122
9 65
82 7
72 130
109 54
140 55
114 20
24 0
69 27
130 66
51 80
37 46
129 103
96 10
10 46
92 55
117 126
29 118
79 41
117 49
98 90
76 97
59 80
45 65
21 78
81 81
112 80
63 144
129 113
39 61
18 32
15 12
71 73
63 61
87 36
27 129
119 63
7 53
94 53
100 47
73 40
49 55
120 7
62 145
131 139
120 107
56 63
85 43
134 12
51 89
40 46
115 141
147 144
109 55
88 121
29 14
9 66
149 101
134 21
69 60
80 127
52 118
105 76
99 51
107 89
139 98
29 105
133 73
5 69
119 129
134 107
126 12
39 33
87 131
11 88
26 130
49 77
63 83
10 63
53 21
119 139
3 122
63 69
98 113
81 29
73 49
82 143
54 20
34 21
73 36
147 111
108 10
133 117
55 123
48 129
19 72
116 132
104 95
62 44
20 49
17 117
140 97
82 58
76 98
13 85
45 104
73 49
118 148
16 13
13 103
143 98
14 131
127 147
106 21
34 112
3 137
110 131
86 41
5 1
20 80
86 17
113 21
19 15
21 115
10 148
61 127
33 17
111 41
59 80
30 68
100 69
65 141
108 130
30 132
82 2
6 94
105 126
24 112
75 22
76 146
2 7
29 102
68 66
50 91
75 84
88 117
148 136
138 88
136 64
132 5
91 13
116 5
89 56
106 16
55 49
37 148
102 123
102 39
40 75
144 129
97 109
51 78
16 68
24 84
149 122
67 35
5 35
69 79
100 10
91 127
3 26
46 77
12 141
141 47
48 118
73 103
91 53
79 7
11 70
17 67
79 2
134 63
113 127
15 71
18 83
23 11
148 58
34 73
115 46
95 121
116 91
75 11
59 135
53 10
92 12
25 55
18 47
123 78
102 76
36 55
20 51
138 126
13 112
10 138
22 45
20 95
89 142
33 49
84 89
40 146
89 48
115 62
100 84
54 120
0 67
50 58
128 131
51 144
48 4
126 9
73 10
60 1
102 119
64 35
85 9
31 95
142 44
100 54
33 9
117 73
20 143
65 66
6 82
112 51
73 26
80 148
67 121
145 134
120 25
93 131
131 62
122 135
149 9
131 63
53 63
81 9
145 36
45 28
119 47
133 62
143 57
31 19
80 111
15 26
72 103
32 145
35 77
67 146
117 55
13 54
43 46
134 25
118 96
51 106
111 16
138 87
113 54
58 41
36 4
76 88
61 105
56 18
22 45
128 123
59 37
46 15
35 54
97 11
9 148
57 142
137 7
57 28
106 128
45 38
121 133
136 105
146 39
0 119
27 67
77 115
125 112
37 99
75 12
79 98
17 103
99 4
82 51
132 29
123 145
79 107
94 4
36 94
26 26
144 33
9 106
78 149
42 77
34 14
138 10
93 147
138 127
148 22
16 100
97 17
57 39
10 79
7 66
52 124
90 79
110 27
39 17
9 142
65 124
4 125
89 38
7 9
31 72
83 31
113 24
91 49
24 5
147 1
143 28
98 126
39 36
6 88
123 135
103 79
91 144
137 69
43 7
44 84
113 12
42 131
110 60
118 127
5 110
132 87
91 60
61 86
42 148
80 119
111 145
59 12
86 21
17 62
58 81
8 136
76 44
50 31
80 18
31 21
5 127
10 145
91 23
81 144
101 43
91 17
43 93
77 90
90 89
112 48
32 38
63 46
142 37
80 90
2 113
139 141
106 139
98 91
65 14
121 143
32 7
17 137
72 75
30 4
48 104
6 111
115 63
50 111
114 149
98 38
65 111
145 35
20 84
137 119
49 105
123 92
147 118
132 126
125 61
67 142
125 134
52 93
3 135
140 85
50 43
148 78
87 10
141 91
130 78
44 139
47 72
107 105
114 69
92 14
80 12
53 66
103 16
10 8
61 85
86 7
79 26
114 140
58 99
109 84
23 109
14 86
15 46
75 102
100 71
115 135
52 149
141 120
146 69
9 111
127 125
67 134
100 92
46 99
137 122
142 26
127 81
43 46
125 144
94 148
16 74
31 133
70 119
89 96
22 26
58 9
69 52
48 95
86 74
109 92
58 129
134 9
19 18
83 78
17 38
103 65
133 14
27 0
53 142
60 112
143 86
61 85
20 99
24 34
13 17
72 33
56 133
130 47
21 110
62 124
52 92
5 137
117 56
43 94
149 65
109 60
49 137
57 64
32 18
41 4
83 85
8 67
46 103
87 97
76 68
105 114
64 75
18 133
36 117
133 98
13 90
31 110
15 42
62 148
85 138
112 77
132 90
39 31
116 39
132 15
63 16
121 18
109 95
40 35
78 33
128 112
9 49
59 91
0 67
86 6
147 2
27 21
76 135
83 110
29 74
33 112
76 138
76 40
62 5
48 89
35 34
148 127
57 148
127 23
74 111
107 64
21 18
142 54
145 28
13 13
120 10
96 107
67 34
97 89
55 143
118 2
80 112
43 70
57 10
39 27
76 47
87 104
1 127
131 16
86 139
26 1
19 125
92 18
85 55
65 71
111 122
62 124
29 121
85 17
79 98
81 66
129 132
72 92
22 91
42 139
21 143
73 147
68 139
140 70
112 96
48 88
138 142
16 148
98 32
39 116
121 143
4 137
104 39
50 83
123 121
96 4
1 77
119 47
129 32
32 52
48 60
34 106
146 65
130 9
57 101
102 62
122 72
107 142
8 82
54 68
123 66
131 84
49 10
11 39
22 149
118 123
91 113
25 74
58 66
71 87
96 30
92 62
72 95
116 47
92 20
126 137
68 32
55 71
22 114
108 125
116 75
17 27
71 77
119 139
99 5
51 76
145 122
135 137
145 138
56 4
0 44
108 13
59 17
3 79
13 128
25 60
20 85
92 110
0 28
141 70
3 39
36 144
27 74
122 100
107 146
134 120
109 111
60 139
58 37
132 149
125 54
38 112
102 117
23 74
87 87
28 31
13 69
23 45
77 2
81 61
129 68
120 125
13 107
108 146
3 59
100 24
75 141
118 38
13 55
64 0
120 80
14 27
79 25
96 108
6 13
29 22
37 143
11 97
4 84
112 3
22 0
23 60
72 123
42 30
35 115
116 15
138 53
14 46
6 133
52 142
86 119
19 26
80 96
120 81
16 71
52 132
91 48
70 110
139 62
38 145
103 104
84 70
102 61
93 35
18 34
147 61
149 11
100 144
120 109
65 57
52 118
54 50
142 1
146 107
141 98
96 101
124 88
142 43
46 34
133 39
130 134
61 109
44 111
31 12
29 66
31 73
57 100
86 101
43 117
144 75
4 22
100 114
16 130
125 27
134 44
92 71
86 84
134 63
131 122
105 7
131 93
60 105
28 54
87 129
49 15
48 38
24 4
84 59
72 67
129 127
48 3
116 128
128 139
66 74
100 100
19 19
103 76
36 95
91 131
62 13
95 61
59 139
64 145
142 76
38 65
51 140
54 58
58 22
125 18
20 7
61 114
77 148
58 66
24 115
99 17
59 136
132 20
107 97
136 14
117 30
18 135
65 19
146 28
29 133
79 149
87 12
89 109
49 121
25 64
42 135
47 54
20 44
92 77
118 1
59 115
76 101
80 49
109 3
3 58
109 89
146 80
22 103
146 5
8 102
8 36
101 94
49 140
107 35
27 80
40 140
42 104
65 33
85 91
133 36
69 17
81 51
7 68
73 4
82 118
76 107
93 9
0 70
50 21
15 18
61 41
34 106
87 16
121 149
22 57
125 38
52 73
91 134
124 125
147 27
148 42
26 81
142 118
57 135
128 58
89 84
53 86
6 79
38 105
18 79
55 144
83 149
87 133
141 15
107 30
140 72
47 27
90 41
64 62
23 139
99 104
46 74
88 46
48 6
84 103
9 2
75 55
84 135
145 147
103 0
31 98
27 8
118 30
93 63
101 112
24 138
116 134
69 38
70 136
41 65
133 119
146 102
26 121
99 50
16 45
148 147
4 39
74 130
76 123
23 141
97 33
104 97
29 102
34 7
38 101
107 3
126 70
42 3
101 72
4 9
64 12
79 3
120 117
6 34
18 129
54 117
19 114
10 2
106 118
10 149
65 127
14 94
24 21
5 42
73 73
114 86
10 132
87 107
19 119
67 121
112 83
79 11
17 98
53 131
31 65
7 93
98 81
27 114
38 131
73 89
14 84
90 58
117 40
96 52
52 104
129 53
30 14
113 100
101 50
22 139
29 35
143 55
88 99
36 68
135 141
58 41
12 124
8 121
140 30
2 73
7 1
19 121
52 89
69 109
110 47
92 103
48 46
133 81
18 68
106 58
138 19
104 129
106 87
122 99
141 46
141 87
22 58
11 26
65 127
10 103
67 30
6 71
21 131
138 91
80 128
3 74
74 47
149 79
114 103
125 83
35 132
126 93
99 53
60 69
20 147
107 124
106 60
60 133
68 52
22 3
37 136
16 38
101 63
137 68
37 135
19 99
41 52
70 60
83 35
110 49
86 105
133 59
4 107
79 56
102 127
78 5
144 136
90 21
65 3
30 61
104 134
5 76
53 91
130 41
113 85
23 51
148 121
83 133
61 130
16 148
29 72
117 4
27 94
11 58
118 141
72 93
135 126
18 147
142 129
65 26
88 5
118 0
100 36
114 136
99 52
125 31
62 56
83 51
4 39
21 113
72 112
129 19
91 84
67 107
42 143
3 76
145 96
7 84
21 32
83 142
29 7
98 127
32 62
23 113
109 37
99 79
23 5
60 133
84 40
66 72
26 79
57 91
125 49
127 116
30 17
34 49
18 10
31 117
23 129
94 119
126 41
12 49
103 138
40 122
88 44
82 48
147 29
141 99
79 99
2 111
69 49
16 45
38 74
0 70
38 94
100 86
92 45
4 119
119 147
61 40
30 62
126 30
119 1
22 131
132 130
71 88
45 8
73 27
125 105
27 59
111 24
8 98
131 90
26 141
36 16
11 55
107 1
109 28
38 146
89 31
33 3
25 15
29 67
37 118
139 43
105 109
147 84
96 51
41 118
106 63
122 112
124 136
40 148
19 89
135 2
109 75
21 101
25 99
122 116
107 88
3 83
106 123
87 69
107 96
128 148
147 66
40 134
96 106
53 102
30 30
66 74
9 20
57 38
51 95
108 32
99 128
63 24
105 143
86 50
89 0
84 3
117 72
90 34
25 98
130 0
147 127
128 45
117 137
92 32
121 118
91 16
26 49
50 105
121 130
22 101
49 121
9 74
130 86
33 28
5 105
86 112
89 53
6 94
32 6
39 3
98 28
114 112
38 110
122 30
141 143
103 125
84 31
34 69
85 23
62 103
53 115
6 55
55 147
12 85
70 57
124 124
111 107
76 43
112 9
99 105
80 76
85 78
56 23
82 53
32 95
109 11
79 113
137 41
140 1
59 52
121 47
37 104
126 104
142 57
25 145
125 27
3 90
9 46
26 90
141 103
70 84
126 143
107 70
100 14
47 133
114 70
129 78
53 139
76 24
16 29
22 143
114 89
56 134
53 108
82 122
10 77
124 145
116 12
106 105
69 50
15 75
64 26
106 88
115 105
33 22
75 14
146 18
122 101
104 68
61 14
130 31
11 135
141 133
57 43
66 118
63 58
26 122
83 66
104 59
34 118
108 4
118 12
10 113
106 26
18 23
61 19
117 112
3 141
131 138
35 19
31 75
43 122
61 147
55 121
84 127
62 2
134 108
47 71
137 146
68 71
71 135
125 149
75 128
46 114
50 90
67 68
75 71
139 113
62 43
137 99
23 6
59 54
113 48
37 49
107 140
48 133
132 136
80 77
21 142
6 133
93 120
59 27
95 148
37 65
50 55
48 149
131 29
97 129
94 148
98 145
133 25
18 146
97 68
112 6
142 34
30 4
64 115
113 80
98 130
104 48
148 24
47 138
4 146
17 17
97 106
67 137
17 7
57 24
93 104
73 69
57 30
12 111
78 47
76 138
65 32
105 84
33 77
69 108
71 102
113 65
98 27
76 0
12 111
123 98
100 6
79 45
63 77
116 16
112 0
149 109
129 65
125 96
89 108
120 17
137 42
8 50
87 46
21 112
141 108
7 101
87 147
24 73
54 10
68 127
59 139
142 32
124 0
105 71
25 103
11 102
53 109
108 104
93 29
51 48
63 93
2 114
124 19
35 20
72 86
116 42
136 8
46 20
141 55
143 65
101 2
121 111
61 122
95 48
76 76
60 149
16 37
100 52
12 127
97 88
121 142
37 141
9 76
146 131
99 45
20 3
30 0
57 2
136 20
63 41
44 101
138 50
126 53
61 117
128 122
113 27
71 25
2 79
41 26
149 138
46 67
114 36
137 140
104 11
14 15
131 135
39 97
52 81
145 115
92 12
93 56
28 125
71 99
145 101
128 46
61 66
50 83
83 111
92 28
131 60
127 50
45 12
2 58
115 8
145 70
81 148
45 132
131 115
55 8
102 137
102 105
23 104
126 144
133 136
113 2
94 12
91 42
96 82
44 62
68 130
20 7
125 45
92 10
21 54
97 65
82 141
19 8
149 60
132 122
129 76
136 91
133 33
56 68
81 137
125 12
25 56
114 40
15 97
44 38
147 135
22 9
132 33
31 3
41 118
48 48
48 128
83 102
73 79
48 6
61 51
4 116
127 85
85 89
91 52
128 108
45 137
92 91
5 53
107 6
77 43
59 72
98 142
118 28
76 85
119 137
5 87
73 128
40 96
47 134
147 90
64 54
124 75
126 62
48 8
78 14
144 73
84 22
34 130
149 32
14 9
0 51
30 93
147 145
1 49
5 113
34 16
12 84
113 13
43 98
127 60
75 143
135 118
138 90
79 3
119 146
139 136
21 50
131 5
115 90
60 47
85 23
39 35
132 72
117 130
137 6
131 135
141 109
87 62
84 115
26 60
28 108
124 134
127 86
116 6
112 52
57 133
10 53
15 143
143 140
110 56
107 71
24 120
22 91
60 54
123 5
2 111
103 49
112 58
13 27
137 103
1 147
45 84
144 146
20 129
10 127
28 145
106 56
104 80
4 139
20 140
50 93
130 83
114 86
44 47
60 98
82 102
1 127
72 23
95 63
107 97
146 74
121 33
93 106
39 35
40 48
94 115
85 111
84 51
61 112
66 124
91 7
3 15
35 107
136 136
23 105
52 129
125 87
147 121
135 96
24 114
50 8
109 92
75 37
1 113
36 0
49 65
82 85
94 44
118 45
138 11
112 127
102 55
7 79
42 27
74 11
10 135
74 113
123 148
93 88
133 9
138 141
36 95
133 99
83 137
9 78
7 142
47 87
138 14
93 79
47 42
53 53
14 82
68 97
58 101
78 80
62 72
7 20
50 64
74 101
52 29
118 120
29 101
149 88
148 129
37 125
31 8
54 114
68 30
100 7
142 81
36 9
13 81
145 133
114 131
115 0
2 88
28 130
74 96
34 77
118 118
88 53
146 55
97 73
56 63
108 131
139 78
90 46
104 23
73 144
23 93
111 38
110 25
31 42
53 126
120 97
65 76
0 131
38 139
57 19
117 23
81 52
64 29
128 98
124 53
69 117
27 107
94 34
52 71
111 27
24 127
55 51
60 112
8 130
12 144
127 110
141 140
44 82
8 55
30 148
69 86
56 104
125 26
110 55
27 16
47 136
81 112
92 42
5 90
127 12
96 62
134 90
100 125
130 10
109 75
9 97
116 93
125 121
109 32
23 94
31 2
64 116
69 27
69 44
27 120
33 37
49 33
85 76
145 6
100 41
74 69
86 74
6 96
136 36
46 43
107 117
58 136
52 64
50 23
70 141
130 22
3 128
40 102
43 48
96 130
111 7
85 101
43 97
131 79
149 128
81 8
84 133
148 133
27 99
86 23
53 117
137 77
61 28
146 45
6 24
124 4
85 92
122 89
102 35
105 79
99 43
58 1
17 14
48 138
29 139
37 138
68 93
57 46
125 31
63 117
115 120
148 32
96 39
52 42
25 93
108 102
55 103
104 59
122 30
110 3
113 101
31 54
5 6
120 110
147 138
5 92
2 95
146 74
12 37
124 15
95 83
149 126
87 15
98 35
74 109
28 138
51 91
70 57
42 148
47 102
6 62
41 89
19 70
66 53
112 137
90 82
108 106
21 53
73 46
71 28
37 102
98 70
16 93
114 99
84 107
61 86
12 14
97 16
36 136
29 56
129 110
57 122
80 0
87 116
135 47
129 82
120 149
5 115
113 133
105 131
33 88
124 85
147 79
80 102
116 58
3 1
125 52
99 2
141 140
20 4
107 12
15 61
83 42
141 18
72 25
29 124
131 92
66 64
45 126
39 12
40 22
92 60
64 91
39 17
37 1
109 137
113 81
133 20
31 59
143 91
72 80
39 96
95 64
130 39
70 112
5 98
30 80
128 54
41 35
31 147
122 112
38 37
92 25
91 143
132 127
62 4
34 106
132 59
15 7
19 99
29 65
138 89
10 83
84 26
148 94
119 27
75 116
116 133
85 128
45 126
139 64
31 25
84 31
0 38
141 70
129 59
84 90
37 92
41 32
103 90
105 61
79 119
66 58
71 58
37 46
130 40
41 5
23 147
134 57
66 13
89 85
97 111
65 7
96 96
148 131
85 60
66 113
67 26
125 34
81 19
135 140
142 80
99 149
80 148
97 8
7 35
148 9
39 8
93 49
31 77
141 57
86 118
99 98
130 14
60 38
3 18
34 125
121 13
65 142
24 23
89 64
93 115
65 135
2 119
87 13
143 30
17 67
5 72
147 22
55 62
128 87
128 22
127 51
138 100
42 43
144 10
49 49
117 78
17 143
82 149
95 121
41 118
60 126
135 82
73 74
130 143
106 28
48 130
147 108
50 128
60 64
26 16
16 15
69 125
97 133
41 127
32 146
121 61
48 47
45 13
41 50
105 120
5 54
114 145
10 138
142 31
113 59
15 98
47 32
8 77
108 90
71 120
3 8
34 115
44 84
83 17
62 40
116 2
32 97
47 60
22 53
91 29
76 75
1 31
18 19
67 64
145 104
34 97
96 92
40 79
28 15
95 63
96 26
122 79
29 11
18 2
64 131
114 140
34 38
21 65
61 82
61 23
12 148
88 83
24 106
82 73
88 106
117 130
18 36
101 124
108 34
148 49
70 69
61 142
100 116
39 78
25 120
20 8
138 111
69 108
65 5
107 106
60 80
56 124
110 66
126 91
14 1
97 77
138 15
102 131
17 11
79 96
60 19
124 79
93 149
124 126
20 121
106 115
21 37
51 139
128 88
69 76
132 88
133 20
25 51
126 143
147 27
114 50
75 36
68 58
62 65
60 31
36 138
140 124
115 121
138 140
78 94
43 77
77 74
30 102
33 111
7 77
7 72
73 12
32 12
97 139
34 12
73 10
17 125
123 71
114 141
64 24
97 37
113 18
27 112
52 127
148 86
98 104
2 111
30 23
112 65
60 120
45 147
146 22
26 45
43 37
28 42
86 105
72 27
65 35
101 124
131 32
87 39
112 106
124 91
114 12
87 77
87 49
115 45
86 89
89 63
80 93
43 107
87 44
14 44
99 33
81 137
56 87
2 147
78 83
102 64
128 44
9 41
35 65
50 104
72 129
14 90
0 134
22 120
6 144
47 115
46 48
79 73
87 11
123 95
33 132
8 66
6 127
138 11
17 49
2 104
136 2
57 129
136 69
136 108
133 146
53 90
130 12
26 64
144 119
84 128
67 104
135 60
61 105
37 51
38 134
9 79
59 48
62 125
143 51
138 71
69 132
131 131
43 24
36 93
117 44
24 50
80 139
80 135
65 113
41 137
57 137
28 79
89 128
121 121
28 119
96 36
44 91
107 124
102 60
145 99
21 138
59 112
58 84
27 0
137 21
11 126
80 51
42 118
115 128
79 85
63 22
110 74
51 98
122 68
42 65
41 63
136 19
27 116
78 35
40 52
50 35
141 35
125 86
89 135
74 79
48 13
29 13
102 86
30 86
105 69
131 46
77 17
88 59
115 45
77 6
1 104
101 23
57 34
96 98
132 55
11 93
0 97
47 146
125 63
25 95
32 122
23 31
14 80
61 19
123 45
48 148
5 103
99 107
147 6
99 136
75 30
104 137
43 42
0 36
85 65
2 144
73 78
58 1
77 66
130 105
70 47
117 125
30 81
142 128
116 15
122 100
32 77
27 4
42 74
93 39
138 49
49 134
142 56
36 109
137 19
72 99
49 27
97 64
78 17
53 11
32 72
40 51
2 56
56 53
137 98
121 144
66 19
26 131
140 83
124 145
56 11
144 125
24 11
53 86
147 8
80 35
96 149
72 27
134 2
103 62
20 62
46 116
82 131
147 65
139 53
123 146
125 85
92 81
116 17
78 104
77 114
115 75
29 63
18 88
48 36
125 76
145 9
67 7
141 12
37 137
94 115
91 3
22 128
38 12
18 99
99 94
143 107
28 80
32 95
56 43
30 58
96 51
82 30
136 47
101 121
89 136
74 50
81 66
1 20
35 37
80 44
32 49
105 66
34 30
129 142
108 95
142 85
100 116
85 16
116 67
0 105
37 75
15 97
142 69
94 77
35 85
34 135
52 106
106 24
68 8
101 144
140 146
92 102
100 69
68 147
71 128
21 89
97 18
135 0
68 141
95 3
68 26
29 74
93 39
82 106
122 27
96 112
46 77
1 38
123 68
98 18
67 16
111 2
23 104
92 34
32 40
1 3
37 135
7 2
48 107
74 117
136 79
89 133
74 10
114 13
139 21
59 130
100 84
33 122
50 84
6 20
129 125
10 70
88 102
134 0
26 139
131 9
147 61
28 29
31 130
48 66
0 14
109 115
4 19
64 145
19 144
95 99
111 109
47 121
17 110
93 20
30 134
148 48
54 96
69 118
86 60
3 84
93 104
44 81
10 147
69 115
109 136
46 134
94 126
91 47
143 0
50 109
84 101
51 128
41 120
64 115
37 129
116 44
116 31
49 94
72 61
119 95
97 125
32 89
139 139
134 5
57 64
143 2
111 138
51 22
33 120
27 105
22 57
15 66
136 74
14 114
50 93
86 71
70 26
113 7
105 140
126 77
124 57
37 83
125 145
45 55
138 76
9 7
68 39
58 107
0 63
6 22
56 44
23 34
121 109
13 137
32 81
133 110
52 104
30 45
57 38
95 1
10 86
109 28
113 35
40 147
127 115
107 25
40 89
119 4
82 50
12 128
101 125
76 37
45 41
108 18
120 14
1 68
16 121
1 112
112 34
102 12
81 147
83 27
43 74
6 113
66 95
37 56
35 144
68 71
114 134
13 12
0 112
52 71
0 63
141 75
22 43
134 72
103 89
135 42
51 37
68 136
93 133
79 136
105 37
0 36
41 4
5 18
28 89
80 32
3 69
93 45
83 55
3 7
76 136
138 71
80 141
34 138
62 64
47 26
60 138
105 63
87 15
139 4
45 47
136 143
28 81
80 3
70 13
17 129
63 2
105 77
42 105
93 132
78 29
36 49
141 121
79 73
121 75
19 131
78 123
22 62
48 94
44 41
65 60
12 75
73 7
27 93
15 67
114 141
136 85
12 96
49 10
43 105
107 133
123 90
124 117
73 15
6 44
94 123
115 130
37 31
94 147
22 82
79 71
110 133
126 101
70 24
80 76
103 110
117 145
108 141
10 51
27 41
67 48
87 109
111 75
101 92
3 39
105 149
29 84
7 65
126 25
39 61
23 146
63 58
28 140
146 104
83 10
128 89
35 137
63 92
72 81
141 27
138 80
38 2
82 75
51 88
85 21
87 138
105 136
63 17
13 67
42 130
47 25
73 34
39 143
73 28
139 4
18 45
31 6
141 106
117 37
24 134
123 96
20 148
115 104
107 48
40 12
111 63
20 66
109 101
26 20
37 99
3 53
101 136
142 67
105 17
10 43
55 140
31 20
58 0
146 134
51 15
74 91
112 141
40 67
41 65
85 96
148 65
82 16
5 115
97 143
57 9
71 85
55 18
26 117
65 75
119 145
138 91
85 121
66 83
47 13
60 99
85 18
105 144
4 115
10 113
98 148
82 88
79 97
15 103
121 51
97 124
75 51
84 56
17 14
113 98
66 38
78 105
127 11
14 125
61 16
133 141
113 42
102 145
102 142
71 94
72 58
13 54
63 66
56 84
60 135
30 81
38 58
80 25
57 8
92 29
141 9
85 76
16 149
90 116
123 1
36 81
75 77
126 43
132 1
82 62
132 148
71 141
47 75
99 84
69 104
59 83
106 116
76 87
42 110
53 90
14 21
103 3
141 129
118 33
88 1
101 65
49 19
38 21
113 15
142 110
65 9
100 101
61 129
132 143
30 81
1 22
127 96
63 99
96 48
103 28
50 23
109 84
110 27
116 145
13 61
9 112
116 3
124 109
100 14
53 26
112 118
139 101
0 30
82 66
37 1
148 57
18 37
106 22
126 128
74 38
134 144
36 62
109 54
133 100
59 98
4 62
117 86
82 27
67 114
130 3
122 149
14 109
131 41
14 95
64 34
37 78
90 72
108 122
138 132
138 104
91 47
10 88
65 33
89 116
111 72
44 83
0 81
5 70
23 123
37 124
30 46
109 65
32 112
138 56
143 15
14 96
141 0
69 110
30 7
149 72
137 128
69 41
12 34
49 32
120 38
130 139
121 67
105 8
127 48
107 127
55 61
133 135
50 53
10 51
116 14
47 50
88 49
139 25
132 72
147 116
131 61
6 43
16 129
9 110
25 122
48 3
42 4
82 107
136 132
50 69
33 80
129 24
72 144
106 124
45 136
62 41
119 70
137 119
52 106
33 78
109 78
77 120
80 5
141 4
50 45
92 110
40 121
128 142
52 21
47 28
16 75
18 19
6 79
77 104
115 17
137 137
116 41
113 62
6 98
133 24
45 77
58 102
39 71
27 64
38 56
111 0
21 16
39 107
88 4
137 123
13 93
81 145
38 12
49 110
37 143
1 137
143 2
16 95
135 47
95 133
112 11
86 118
5 60
109 27
1 130
102 77
41 83
40 25
141 45
78 11
51 110
40 1
3 50
69 52
139 149
3 141
23 54
104 20
56 16
71 48
41 133
137 71
4 62
85 25
57 103
6 79
58 41
71 59
75 100
23 22
33 62
107 73
1 124
59 11
50 48
24 128
29 75
80 126
114 97
28 110
40 111
12 17
46 39
72 144
17 76
58 45
28 94
144 97
144 22
87 87
59 110
91 146
21 11
21 14
148 58
91 1
132 53
145 137
85 90
61 97
16 3
119 102
68 147
23 29
27 145
27 95
102 1
98 108
70 76
46 104
106 97
20 80
76 76
51 68
57 75
77 91
90 66
12 142
49 79
143 58
44 103
81 104
54 141
57 115
135 80
147 78
18 145
32 136
107 82
89 90
54 123
82 49
120 78
78 86
22 51
146 107
48 87
64 67
62 59
45 61
37 0
13 97
77 90
146 72
24 106
80 122
51 140
122 109
61 28
12 121
47 133
144 53
33 88
76 70
115 5
126 45
104 26
52 51
37 48
12 117
72 13
111 38
83 59
79 148
19 115
2 40
13 104
99 52
144 107
42 56
118 34
48 36
107 55
15 125
105 113
117 120
25 112
4 56
81 127
16 101
147 117
24 113
78 62
51 8
101 1
96 48
37 14
65 61
46 50
2 58
111 103
12 136
5 127
130 95
49 61
28 87
65 109
97 138
65 80
22 121
84 142
136 8
8 149
120 12
89 60
147 96
70 87
143 129
135 135
65 15
75 54
135 90
102 83
73 149
86 71
0 0
70 113
118 88
38 78
95 100
130 90
84 62
13 70
147 48
10 123
83 140
38 10
79 73
52 132
78 38
110 36
85 17
148 73
31 34
112 78
6 136
107 44
30 116
69 109
139 3
50 67
95 96
96 6
140 63
85 2
80 72
102 149
33 99
145 28
137 53
2 97
129 23
148 63
65 30
128 141
48 49
5 108
26 5
74 9
125 66
16 79
65 94
23 130
100 72
148 111
44 93
19 91
129 63
11 138
142 59
65 6
63 136
38 72
39 104
101 32
132 70
108 115
125 32
123 135
29 63
88 33
119 27
16 46
38 92
16 67
1 105
102 95
127 7
104 148
149 84
89 92
31 13
109 51
20 68
103 109
40 97
50 97
119 44
79 144
74 81
37 56
12 73
140 108
122 146
130 59
47 73
106 98
50 80
106 78
125 106
116 22
34 77
78 28
132 140
69 10
92 7
25 132
72 63
6 63
105 35
58 22
111 1
75 43
146 76
5 143
103 94
139 109
112 68
24 130
67 64
46 102
120 68
110 84
10 113
46 130
132 24
90 7
80 114
115 127
77 119
61 43
128 112
111 101
69 137
36 111
21 14
139 16
30 52
136 7
29 45
103 113
6 29
3 105
118 28
81 146
134 79
111 34
4 22
118 136
147 115
117 64
142 10
145 111
114 57
1 146
118 106
60 93
21 138
125 116
24 114
1 135
64 79
132 83
34 68
72 88
134 62
102 116
16 143
19 96
16 125
91 119
103 127
61 137
42 33
9 30
107 108
127 7
78 128
149 89
95 105
98 134
58 28
64 145
73 4
4 127
83 43
76 105
17 59
70 113
28 74
121 130
39 111
115 27
130 83
130 9
98 2
72 66
26 34
122 12
78 107
71 58
62 15
70 34
129 140
91 83
105 145
114 31
32 41
65 76
128 38
131 31
44 57
67 53
130 123
68 15
122 53
87 103
133 73
134 65
45 29
20 45
93 128
18 24
14 112
59 106
45 102
99 105
105 37
11 127
20 11
24 52
4 101
87 1
72 33
42 44
55 97
11 25
134 127
61 134
89 88
134 140
87 121
34 31
128 79
52 25
26 131
131 40
99 65
142 38
35 76
102 47
124 42
29 138
130 52
9 42
84 32
67 46
4 70
78 105
119 24
52 69
125 20
22 131
72 145
49 96
82 4
37 148
45 3
101 136
60 108
106 136
62 13
15 139
32 106
96 105
69 136
93 60
68 53
99 48
134 119
124 16
6 24
121 9
21 18
41 101
127 69
29 136
34 132
9 103
0 117
14 60
44 63
126 9
18 137
101 81
55 66
60 97
138 69
50 61
148 148
9 60
142 20
143 59
27 82
11 22
147 38
124 75
32 145
127 133
63 115
133 62
126 3
7 38
78 38
59 90
138 65
102 126
142 95
89 63
92 139
133 22
125 60
140 67
99 113
49 52
148 26
142 79
127 55
139 71
9 32
60 33
76 132
41 0
46 8
2 136
35 41
147 88
85 62
11 46
111 89
125 16
26 112
144 111
52 82
49 33
98 110
59 77
140 41
147 138
70 41
33 134
11 137
107 148
68 30
147 9
26 53
123 53
83 130
80 116
81 102
37 54
136 135
54 64
127 5
78 36
30 54
59 77
90 81
59 125
129 81
48 82
35 109
104 27
26 87
1 120
17 32
62 5
94 124
46 51
111 52
66 40
12 0
42 32
94 63
141 133
75 134
137 96
21 109
86 24
148 123
142 135
20 137
45 143
106 25
41 26
43 59
134 131
12 92
121 15
100 142
34 138
16 76
113 64
76 111
8 84
99 143
101 116
19 42
45 103
8 27
47 128
4 65
3 46
103 42
73 96
46 84
73 117
117 4
15 117
94 38
36 104
75 1
77 27
33 92
138 143
84 59
83 137
138 78
93 104
136 65
33 147
127 6
40 122
46 96
119 0
74 117
51 21
100 96
54 51
8 1
12 66
60 18
0 21
64 22
63 141
74 120
1 53
54 21
42 106
118 58
25 7
109 84
149 108
25 144
96 115
4 16
0 110
96 131
36 86
58 83
94 104
87 70
87 145
103 29
146 128
44 5
117 123
140 52
125 101
17 146
78 7
144 103
104 41
13 38
146 97
75 31
145 5
127 10
9 57
52 126
78 122
17 146
20 92
32 102
27 71
61 17
25 0
10 54
110 10
99 129
90 37
69 91
137 137
103 86
0 10
123 41
136 107
9 129
31 132
72 125
97 87
96 48
127 118
135 60
95 4
132 29
102 101
46 87
30 107
91 136
5 104
61 26
33 21
139 56
131 61
110 80
8 2
123 131
98 40
83 92
126 2
47 59
57 46
105 44
137 34
53 94
122 36
62 56
53 57
60 125
60 59
110 27
96 10
27 73
51 87
31 101
135 29
123 42
12 99
138 50
86 56
35 16
133 83
115 0
66 21
45 44
55 120
56 104
80 68
10 80
28 66
95 89
139 19
42 107
98 78
80 32
88 126
41 59
38 68
144 78
52 34
126 75
61 124
123 147
87 42
95 119
22 121
99 68
13 90
87 65
118 84
29 8
110 70
116 138
10 125
139 25
40 114
119 18
19 120
87 64
132 130
53 18
140 21
38 52
112 56
82 13
4 14
135 62
108 84
0 53
91 110
51 97
20 64
138 147
4 12
126 64
62 60
8 136
8 34
19 5
61 135
139 105
115 73
131 60
82 117
46 79
78 77
70 68
144 69
76 6
27 59
27 111
24 22
125 52
67 145
8 137
110 33
22 102
140 15
79 91
64 80
29 1
117 68
107 94
147 68
89 1
149 51
104 110
27 45
20 89
67 143
86 42
125 21
98 91
89 78
123 88
97 76
47 116
73 93
64 111
78 148
111 9
107 39
46 65
49 132
75 43
9 93
50 32
76 29
130 66
139 118
140 98
146 107
46 107
94 136
127 13
130 146
48 130
25 102
28 124
124 117
86 41
144 135
42 22
34 82
60 15
40 112
104 8
136 18
93 143
129 0
83 32
141 148
121 55
75 61
140 68
148 33
139 143
98 139
142 82
91 7
84 135
8 104
17 73
60 60
12 146
103 29
50 59
23 127
96 35
92 47
97 4
49 72
140 125
144 113
22 11
82 144
146 68
29 81
19 145
53 86
133 36
81 128
17 102
105 63
70 145
23 38
83 22
103 14
45 41
98 85
39 53
30 19
31 23
105 90
76 57
76 111
148 24
52 128
142 70
60 28
35 8
91 111
26 112
34 54
21 74
74 38
82 87
96 128
141 111
88 115
111 74
1 7
99 120
124 47
4 145
98 120
52 12
38 132
143 37
82 112
99 66
97 0
118 131
92 115
85 104
85 7
113 76
18 47
53 52
2 65
59 85
138 110
4 98
115 62
136 114
40 17
113 41
18 118
59 137
70 76
24 133
136 23
16 114
143 69
46 20
138 81
29 23
128 62
127 142
72 120
40 2
142 48
16 124
15 112
92 59
82 128
17 106
67 131
114 66
114 37
45 110
59 3
59 44
42 3
145 61
134 113
64 23
54 62
33 146
134 41
139 22
75 123
68 86
83 92
113 98
57 10
43 72
133 73
128 31
99 122
64 63
80 149
30 6
53 38
43 137
26 6
54 94
93 144
67 147
39 131
123 97
82 26
65 106
120 121
76 34
106 90
42 137
84 57
110 140
61 32
91 30
27 85
129 24
131 58
5 90
69 139
73 87
137 129
89 105
63 128
67 148
46 141
49 6
29 69
86 72
0 140
148 117
138 33
122 133
17 31
21 137
4 59
6 108
68 36
6 48
101 106
64 139
74 51
76 20
132 140
149 34
59 110
60 38
86 135
19 143
92 139
66 4
82 73
86 117
126 21
147 46
103 93
72 140
98 52
78 64
87 43
146 143
125 31
22 128
22 144
20 99
95 140
137 61
89 10
147 29
120 111
100 85
67 143
99 49
76 11
37 69
27 18
13 64
65 94
27 29
84 92
65 27
100 70
33 18
66 144
4 137
102 71
47 19
74 126
141 39
32 9
106 30
63 62
69 68
12 31
45 116
64 106
108 102
109 105
124 35
84 118
8 137
31 95
82 92
29 63
60 102
130 94
9 130
148 47
109 132
24 124
68 115
46 97
25 102
136 88
45 107
20 94
146 14
89 101
95 101
111 74
97 44
33 73
104 125
62 144
60 115
8 28
9 127
128 141
68 10
124 72
32 122
109 93
102 66
29 124
128 53
16 33
95 59
70 91
77 35
27 74
119 26
139 98
99 3
112 26
76 20
27 2
124 121
86 102
114 102
138 28
47 73
24 140
91 16
1 78
1 25
33 63
131 145
25 65
147 6
33 37
129 82
68 20
129 109
35 34
115 33
105 139
89 138
43 33
112 27
118 141
50 129
114 48
30 126
133 66
86 25
16 139
30 28
23 97
108 138
88 32
57 105
72 77
143 47
119 137
16 91
50 69
82 101
144 86
12 124
82 142
7 7
52 32
103 112
88 108
134 69
34 60
146 80
39 148
9 106
40 136
68 119
0 132
128 0
10 48
19 94
66 33
146 106
140 106
57 140
140 64
92 60
17 63
39 61
49 97
28 99
140 33
141 110
92 88
39 69
147 106
83 23
78 112
117 125
105 25
138 69
34 88
121 93
120 124
9 101
37 79
103 126
104 84
122 126
18 16
28 60
76 108
11 25
31 1
107 91
28 147
112 66
40 47
34 98
8 126
46 21
46 4
57 9
63 107
141 6
145 10
0 82
148 113
20 124
52 124
22 54
127 116
102 17
99 90
38 140
143 87
142 91
97 33
122 106
35 85
109 81
38 92
46 19
79 86
6 118
66 149
37 120
143 8
125 84
135 68
72 134
60 118
56 110
77 148
111 21
11 64
61 78
117 15
15 128
58 82
0 105
19 29
28 121
18 81
12 132
113 135
72 30
115 2
65 74
143 55
138 85
117 28
109 65
134 85
87 27
144 92
78 22
112 12
82 129
93 109
35 118
0 62
70 78
44 134
50 116
99 109
49 111
127 44
76 7
66 45
52 142
135 29
69 112
3 106
79 45
35 60
65 135
63 124
96 79
12 121
85 63
27 55
129 39
130 147
54 145
22 8
21 87
147 50
67 87
20 54
118 32
66 44
146 67
40 43
59 95
9 9
106 13
80 73
133 44
73 140
48 143
28 100
69 21
60 8
66 11
45 137
116 71
147 39
72 114
136 71
79 22
130 145
131 9
56 41
93 137
11 110
24 61
133 101
14 82
81 27
95 72
44 11
111 102
136 135
97 124
119 54
75 149
134 90
91 69
134 33
62 25
55 103
80 49
104 67
13 81
71 131
83 118
147 117
70 70
87 74
101 110
147 145
143 115
51 108
72 108
34 128
46 143
123 142
14 73
135 82
125 105
13 4
76 8
59 119
21 144
106 137
17 93
61 144
101 101
18 8
65 109
126 90
10 6
98 88
22 55
36 39
21 138
18 71
107 125
0 104
36 86
19 33
95 126
34 147
61 25
16 67
85 55
29 42
122 121
32 36
40 56
15 45
66 139
61 57
27 109
137 75
122 27
69 83
41 84
16 132
136 60
95 51
58 40
42 91
134 33
66 108
91 29
111 99
109 149
74 113
123 27
108 24
86 87
100 25
50 110
54 93
79 26
117 33
62 59
78 87
74 138
141 31
68 5
71 25
121 120
9 86
101 94
19 23
50 130
147 69
112 36
101 130
143 77
135 66
17 129
52 74
38 144
141 27
79 62
22 88
0 52
19 5
70 35
56 107
147 7
143 143
91 5
90 48
50 111
125 59
32 12
44 39
33 49
148 78
108 127
108 131
143 105
135 143
29 112
2 130
37 1
41 11
46 57
95 24
47 87
41 28
82 127
15 72
21 130
126 136
111 145
128 17
81 66
15 59
44 134
35 4
142 20
19 140
89 112
18 147
60 20
114 43
130 62
74 37
11 67
56 65
115 54
22 67
96 114
92 40
0 65
133 86
96 120
26 143
53 148
31 55
67 8
8 9
65 137
13 92
141 119
5 110
45 118
73 119
115 57
57 142
33 111
18 60
144 111
75 57
113 77
28 86
39 91
64 57
98 42
35 32
93 143
31 42
79 72
20 0
117 141
6 102
97 56
134 116
58 25
145 126
28 6
65 141
2 94
129 59
93 75
33 75
119 17
71 65
80 62
22 49
51 42
58 53
84 29
0 80
4 101
43 72
109 131
98 117
130 115
110 59
60 110
131 78
41 121
139 77
91 16
19 9
68 129
38 51
63 126
29 97
28 38
30 75
146 65
88 140
136 107
7 66
0 41
12 94
116 116
139 44
21 115
113 14
110 22
18 113
98 131
32 74
121 77
28 58
32 135
8 136
146 121
51 74
128 6
26 39
124 109
84 113
147 108
61 30
0 32
21 48
49 3
109 61
23 46
26 110
117 18
39 119
116 126
41 98
87 29
109 9
136 83
107 63
138 10
31 107
108 68
129 109
33 140
45 32
126 52
92 84
68 49
110 42
133 112
114 114
119 28
112 33
130 55
11 7
21 139
110 141
88 93
83 148
103 66
109 96
112 120
62 143
12 21
137 78
118 44
93 15
25 115
136 113
51 21
112 68
140 138
40 55
75 120
22 33
132 67
58 54
13 80
34 63
124 128
111 15
90 135
19 67
97 141
19 104
64 13
66 21
0 17
4 73
6 31
64 19
6 28
102 56
16 98
50 142
77 13
69 50
0 64
131 42
17 99
26 93
145 9
102 1
76 48
8 8
37 109
6 3
43 148
51 19
133 114
0 60
42 73
147 11
92 30
123 90
34 121
125 37
140 134
40 66
129 66
104 7
76 110
88 38
124 127
0 129
110 142
62 24
149 13
129 94
149 59
47 70
74 116
0 75
48 36
95 13
39 80
76 1
62 135
59 51
85 63
112 28
88 82
94 60
26 52
143 33
146 101
8 68
128 125
56 87
126 19
64 17
51 34
61 51
7 98
86 23
70 29
70 138
30 8
102 37
108 108
123 106
86 33
21 91
125 79
45 115
47 81
9 146
78 108
99 113
96 139
6 17
84 148
104 28
133 124
112 118
37 130
6 142
42 25
72 68
31 130
29 92
82 129
36 117
120 60
125 145
138 83
64 43
51 31
42 84
39 1
62 144
100 142
29 92
93 8
72 45
0 97
129 45
87 148
20 37
78 84
43 50
83 121
131 76
149 11
149 73
67 2
83 47
3 38
10 44
68 131
139 90
15 149
37 26
28 52
72 140
105 20
125 68
56 50
93 102
138 43
81 117
64 124
148 135
3 107
28 55
6 72
138 49
15 61
13 36
120 26
129 34
37 112
43 127
104 144
0 64
10 90
6 33
34 14
119 15
49 5
86 109
84 144
99 6
48 104
12 111
74 134
135 11
147 147
31 52
87 102
107 69
54 15
149 60
147 147
74 25
136 84
65 21
28 67
40 118
65 144
110 37
96 115
117 82
61 89
111 83
147 22
42 17
87 132
81 144
34 81
60 64
137 148
131 146
128 113
12 1
84 9
107 5
41 119
98 129
110 44
48 121
53 129
37 95
41 70
80 83
43 90
20 16
52 36
107 141
56 73
16 1
3 113
9 66
139 74
139 42
112 85
112 86
91 1
18 47
121 43
67 143
148 94
131 79
110 11
117 148
40 88
106 96
61 92
122 29
118 102
135 58
119 84
12 56
76 36
145 10
79 100
95 37
26 41
101 131
149 31
38 13
99 29
88 23
20 16
131 124
85 54
102 34
30 21
13 29
99 146
36 14
113 59
88 31
98 87
111 84
104 23
48 17
115 128
104 118
126 113
81 76
18 65
126 23
13 53
118 64
91 103
123 109
72 119
60 122
65 101
35 50
14 116
37 80
77 25
89 49
12 109
93 140
22 83
97 80
106 20
137 96
129 70
92 9
125 102
1 16
114 71
147 39
107 140
60 128
100 139
11 71
27 37
26 149
10 25
130 149
75 48
123 81
28 85
120 36
31 5
123 69
58 58
10 9
12 19
99 110
47 106
80 11
14 28
52 52
132 140
60 106
48 111
113 80
24 22
74 51
68 48
40 98
117 138
73 104
3 41
49 72
50 88
1 72
129 128
81 90
34 61
71 116
41 39
89 57
85 93
67 18
78 146
40 25
98 14
142 37
19 126
51 134
62 113
78 147
27 15
79 97
79 115
74 132
115 14
38 122
134 4
148 138
49 60
72 5
7 59
69 67
61 42
22 5
85 82
145 91
100 66
54 12
83 25
100 110
136 48
29 101
36 38
123 65
108 83
135 31
52 105
19 36
18 83
30 143
88 66
39 101
46 74
104 124
135 94
146 147
143 98
129 43
91 18
18 114
107 24
55 107
5 68
137 129
27 142
65 139
81 148
141 132
98 125
81 9
17 69
77 98
68 95
147 37
3 47
50 51
113 131
38 88
123 117
121 133
67 141
117 49
105 46
95 50
18 135
145 70
119 121
54 127
40 103
1 5
83 54
48 87
40 66
4 147
128 136
119 144
58 89
59 63
79 51
61 133
116 88
134 123
110 122
108 28
37 18
145 8
130 131
112 95
93 144
144 61
94 3
87 145
94 81
87 63
110 22
24 8
57 96
80 62
142 92
90 38
59 73
49 148
89 137
129 104
83 68
104 45
94 86
33 52
125 125
75 35
27 67
131 134
36 58
19 84
95 31
7 1
86 36
87 21
97 61
53 126
106 143
92 33
69 64
134 22
146 145
49 46
62 54
121 115
94 47
21 103
142 142
9 116
125 58
14 32
103 6
139 19
62 99
51 79
124 25
64 71
64 7
27 145
51 128
141 138
84 14
147 23
116 89
16 75
24 6
140 82
2 67
45 0
99 128
147 127
125 8
78 13
28 130
82 9
93 18
7 44
62 67
149 52
22 121
21 40
54 42
135 75
13 139
130 114
90 130
25 3
13 44
30 145
146 70
58 64
139 38
104 126
93 24
60 92
126 26
78 37
50 95
117 40
6 60
73 25
97 136
76 33
94 21
69 104
3 127
70 132
149 57
131 107
15 85
103 22
109 35
118 39
25 39
37 41
73 104
89 146
42 105
137 113
0 81
36 125
96 103
7 86
18 39
130 31
41 46
114 29
8 120
62 120
15 147
12 72
17 24
70 14
128 55
18 124
91 13
12 52
111 89
144 31
141 66
9 29
55 107
143 3
88 68
11 91
139 59
60 58
41 15
51 86
71 11
1 26
33 16
10 1
73 72
3 45
148 103
97 109
97 45
141 92
58 117
70 1
115 116
140 116
36 107
107 39
93 134
95 72
130 69
61 44
12 56
4 91
0 101
98 102
116 124
54 130
49 86
41 59
106 40
114 44
41 136
124 92
148 133
18 145
128 95
10 117
18 34
47 87
77 52
15 83
58 18
78 142
133 146
147 7
1 16
5 7
55 145
128 32
72 117
26 87
34 117
139 3
142 9
12 18
98 43
58 141
134 102
63 35
101 136
90 115
8 92
6 72
111 148
80 125
37 52
77 95
135 117
65 138
113 68
3 125
39 21
35 71
95 20
68 82
23 89
129 56
19 44
64 58
5 3
54 66
20 2
95 107
136 100
115 12
97 142
129 24
54 16
117 42
31 69
124 42
12 125
89 44
43 45
2 121
5 59
121 132
105 67
16 19
121 88
63 119
31 82
77 3
148 114
30 54
2 66
94 90
15 60
60 89
56 120
122 16
96 40
124 53
20 6
131 143
101 128
65 36
30 144
122 55
124 32
47 35
128 41
140 7
85 0
61 139
23 117
55 91
45 59
95 22
145 61
43 60
32 88
31 19
108 117
133 106
122 77
54 47
88 123
100 85
106 126
45 61
95 53
59 27
113 31
8 6
75 104
125 95
51 0
64 108
78 8
128 128
86 136
137 125
98 19
90 28
58 99
17 88
57 77
137 39
122 131
20 91
20 132
83 21
45 8
122 131
18 132
123 40
30 49
64 89
29 38
131 76
60 26
84 39
46 141
87 61
148 42
43 34
118 32
72 141
124 106
106 144
34 12
51 101
146 88
73 112
50 16
78 0
92 85
97 140
15 13
9 142
135 96
95 89
32 40
100 102
128 50
114 87
69 64
46 28
83 25
21 120
8 87
50 54
9 104
64 34
111 133
98 10
33 60
17 129
133 95
95 28
40 5
42 92
2 136
93 103
76 108
96 115
82 45
79 6
64 52
102 46
37 6
96 34
74 4
22 13
31 82
121 107
57 89
99 98
40 17
133 18
32 99
51 29
60 120
127 99
79 16
55 42
57 70
32 144
29 72
1 128
129 34
15 20
81 57
24 55
144 22
35 26
30 41
132 30
30 136
103 47
37 5
40 132
112 6
118 85
6 41
54 82
11 100
64 143
42 61
12 44
136 137
120 63
148 40
81 8
118 88
3 61
133 137
127 93
42 97
116 22
96 74
58 34
90 77
66 11
62 144
92 21
122 49
0 141
88 104
127 16
119 91
135 64
122 109
47 74
27 56
35 3
76 116
100 134
139 146
33 139
100 79
124 130
27 16
119 91
51 124
2 32
27 53
0 147
35 71
19 8
84 55
110 108
78 59
55 51
74 133
84 34
20 88
116 99
142 71
69 34
104 107
20 103
98 64
0 72
48 49
15 130
32 33
0 29
1 74
33 16
34 68
71 7
93 89
85 98
96 71
15 82
108 48
67 2
24 91
143 78
88 51
72 50
90 8
78 62
16 123
131 145
134 52
74 85
16 24
142 70
112 91
68 57
98 140
47 68
108 98
111 10
113 132
82 53
28 122
65 17
82 12
27 109
35 94
149 88
55 85
95 129
7 124
29 47
72 141
77 83
129 125
12 0
26 29
133 50
17 37
19 103
62 142
2 133
145 12
136 111
92 148
30 137
110 92
34 0
43 3
23 132
3 41
59 39
94 53
85 125
78 112
73 7
96 73
109 10
145 76
37 22
56 141
52 32
144 86
101 126
37 47
5 55
132 125
18 113
107 44
5 112
120 83
86 136
105 148
110 3
149 113
140 65
3 71
13 69
93 98
128 122
3 55
146 137
3 125
50 47
25 79
105 89
100 44
69 2
74 63
11 85
146 36
89 89
146 96
57 102
37 74
100 55
69 31
11 0
38 117
28 29
72 140
75 69
44 146
70 5
79 74
116 71
4 72
89 70
129 43
69 100
92 62
10 133
107 43
132 25
130 138
42 41
61 116
52 117
115 126
44 77
14 143
0 99
20 61
46 76
58 146
91 82
26 115
75 94
83 52
61 39
7 48
57 78
123 23
28 62
53 58
108 118
10 95
18 108
131 88
110 78
22 42
100 71
89 146
37 68
79 34
108 128
97 91
84 81
4 137
74 63
55 71
135 9
81 24
114 100
85 42
121 36
64 117
147 80
111 43
55 14
128 48
15 16
95 75
78 103
45 20
22 0
69 91
43 128
101 108
69 145
98 73
70 6
45 77
82 2
38 124
87 24
67 66
15 65
70 149
124 51
146 41
86 61
24 66
37 17
118 119
48 30
126 63
99 83
44 0
117 107
132 83
70 37
93 0
9 52
106 138
40 102
112 21
123 144
74 148
22 40
115 89
14 104
9 128
27 54
29 27
89 35
57 45
145 43
108 52
141 9
21 26
82 67
137 131
6 3
32 26
115 19
39 21
37 24
47 135
25 88
41 42
66 140
142 143
68 26
34 24
141 128
83 107
16 40
42 34
92 143
42 30
16 116
146 46
132 67
90 43
33 37
117 123
13 48
8 31
101 109
104 43
77 38
59 105
133 120
96 105
114 93
78 105
117 9
83 68
28 70
43 41
131 63
2 17
76 32
123 10
93 143
34 62
16 56
88 69
68 59
49 48
7 124
78 22
49 147
120 124
9 144
66 23
0 100
54 70
37 30
61 112
96 66
27 81
78 47
109 47
108 43
131 48
5 46
64 92
103 85
74 125
43 129
71 23
31 48
101 85
111 85
85 9
5 104
137 81
38 143
8 145
67 112
112 109
105 13
112 92
13 47
100 96
118 30
40 12
56 21
138 36
148 2
63 73
113 61
145 140
43 120
3 78
74 88
101 126
46 66
98 81
69 144
148 104
117 122
60 17
16 106
26 117
60 108
106 18
139 140
122 44
54 136
17 77
127 107
88 148
133 115
25 102
102 22
136 38
19 80
13 83
110 121
119 42
100 45
62 140
60 60
30 28
74 1
16 118
51 15
134 122
84 38
56 39
121 62
83 127
21 62
104 5
18 10
93 131
82 28
18 133
113 58
44 148
30 117
115 50
109 108
145 133
105 21
89 99
115 72
90 116
139 125
63 30
97 52
46 17
146 50
123 38
59 48
41 74
123 9
96 126
31 6
50 70
133 123
124 98
146 148
71 102
124 110
130 21
41 11
87 137
122 78
64 41
43 26
139 17
134 94
65 4
44 49
126 123
135 15
140 97
118 94
134 148
33 97
108 109
27 35
82 130
71 23
2 86
47 82
84 52
13 52
83 17
9 12
138 58
105 74
105 72
123 140
137 121
65 0
37 23
133 73
82 57
96 81
6 73
147 68
5 94
71 125
56 90
55 75
110 138
67 101
49 64
80 137
61 76
76 18
53 42
115 41
84 44
1 89
34 40
149 69
7 89
11 133
66 53
122 99
1 132
129 147
124 40
122 94
105 140
79 83
110 71
63 140
28 81
51 80
97 42
93 137
23 124
24 130
4 34
97 32
128 35
105 82
79 81
9 59
85 14
34 120
123 95
48 55
116 143
18 123
26 43
143 65
17 99
103 69
61 121
133 68
133 135
66 88
87 36
46 123
76 3
57 103
106 96
95 99
137 37
8 7
95 23
127 122
43 89
98 146
7 6
119 27
40 93
101 20
112 105
110 51
21 88
78 62
141 58
8 15
93 27
97 89
81 26
24 106
2 106
0 107
81 45
67 81
112 71
143 82
33 126
65 108
85 100
89 75
17 0
45 140
78 55
115 101
44 105
110 126
9 102
64 138
54 111
80 30
61 13
135 23
143 128
19 90
69 127
130 31
34 79
37 6
124 1
48 26
97 26
54 63
60 33
66 11
135 57
135 20
32 4
75 92
28 28
17 88
32 24
95 50
86 59
13 69
5 11
101 77
6 91
127 103
12 107
87 52
45 136
54 75
133 24
91 49
36 131
57 84
57 49
62 78
131 146
101 46
90 132
145 60
75 147
120 11
81 41
84 2
33 121
146 97
20 85
54 33
94 4
105 126
3 123
52 83
65 126
128 47
21 78
67 38
79 63
56 136
33 43
109 121
37 97
75 107
65 100
105 92
0 114
45 3
38 14
5 7
9 135
127 80
102 85
89 138
115 88
116 64
18 54
56 5
27 44
3 92
60 48
76 70
67 127
16 44
11 101
144 82
92 100
1 1
146 43
78 51
40 81
127 125
73 37
94 24
33 140
98 142
19 7
53 139
96 92
82 86
14 63
84 113
105 18
121 46
97 128
25 126
120 145
57 68
10 5
108 15
87 132
84 71
126 5
31 111
47 79
108 94
126 96
1 107
7 87
133 144
69 93
126 90
9 55
18 39
137 38
71 124
21 94
82 141
70 19
88 75
133 5
106 97
84 129
73 56
32 43
14 72
86 126
86 96
109 0
67 32
57 50
80 67
68 38
113 112
124 74
134 99
64 38
142 39
14 143
68 47
99 7
0 84
91 98
27 56
52 103
19 11
58 88
75 124
128 72
74 92
81 147
61 123
26 36
75 65
142 61
94 78
3 44
125 66
13 55
56 9
131 128
131 148
80 120
20 142
65 110
80 71
21 48
49 103
51 97
44 140
65 102
15 129
66 76
129 94
39 109
42 35
107 29
49 57
85 105
62 121
25 133
14 88
49 6
74 70
109 125
82 38
88 81
28 103
48 100
2 1
36 29
55 79
97 38
50 1
115 7
89 83
78 135
7 111
9 59
65 132
60 43
114 109
124 43
62 2
145 139
76 77
146 138
58 128
91 70
91 76
60 113
5 123
3 102
43 4
119 3
116 111
77 146
22 126
119 68
132 96
21 40
111 101
126 63
73 147
19 49
36 84
17 135
126 27
93 118
138 141
70 130
3 15
131 52
6 112
115 117
26 76
12 60
59 101
130 88
80 110
60 121
37 125
120 130
17 42
106 49
140 93
35 72
58 44
7 42
43 39
137 13
75 79
119 72
11 113
69 89
125 30
106 37
141 97
132 102
110 23
41 142
13 142
43 65
138 125
82 66
114 3
52 116
117 132
8 78
104 117
107 75
117 72
130 101
1 65
113 66
46 38
145 26
19 106
139 132
30 44
68 141
63 130
23 58
27 47
92 73
137 44
139 8
18 129
94 113
47 136
121 92
35 98
103 117
140 129
62 79
4 67
128 88
93 102
84 23
7 125
6 128
108 23
119 93
75 17
33 19
80 55
20 47
38 9
57 28
121 39
125 105
145 23
83 23
40 16
96 6
148 95
35 127
43 112
111 70
102 37
11 116
57 33
10 74
79 118
67 102
149 64
28 62
49 72
138 9
2 21
148 126
21 146
82 75
12 108
12 148
61 113
52 85
125 23
90 138
55 52
148 60
65 121
111 43
144 128
16 87
139 33
65 83
118 16
48 63
123 135
99 36
134 70
99 58
26 1
110 9
148 149
10 131
106 65
4 33
147 52
30 58
81 81
70 18
34 145
12 149
106 110
118 2
21 139
113 53
124 121
85 13
53 86
61 127
85 114
8 26
36 33
149 97
117 92
18 137
135 142
77 130
93 147
140 75
52 131
74 18
149 116
115 149
98 47
103 82
105 142
61 77
108 102
64 104
96 58
114 98
116 23
106 133
28 102
138 118
7 25
95 31
14 136
134 137
65 137
105 0
93 36
144 105
65 62
73 10
142 23
126 125
77 19
51 131
123 124
140 112
116 136
135 80
74 99
17 21
18 132
88 146
146 132
58 41
93 115
26 32
115 11
69 56
148 99
101 134
61 45
128 129
136 56
107 112
26 33
118 66
118 126
98 124
138 111
20 115
123 149
141 48
110 59
103 80
100 71
64 11
57 57
39 23
107 6
112 148
75 123
76 1
56 13
137 77
97 136
75 81
42 108
143 111
9 42
99 106
102 76
63 115
124 40
78 12
11 82
22 119
64 38
65 56
105 12
123 120
143 102
95 123
88 148
136 62
93 4
106 12
41 95
51 10
17 106
122 112
104 84
8 118
63 83
34 16
53 113
120 64
109 131
26 0
60 144
9 22
4 100
63 107
6 34
23 58
80 92
72 55
74 89
145 94
69 77
52 55
16 37
111 34
82 21
12 60
48 66
121 57
57 34
138 77
35 13
59 71
45 37
52 117
35 117
118 138
122 88
3 126
54 48
75 68
47 122
28 14
30 34
126 95
39 38
137 105
82 4
100 34
3 33
76 42
91 21
14 41
101 14
105 146
111 101
31 137
102 24
129 131
29 113
142 148
144 8
99 60
117 19
51 64
95 122
141 119
148 78
140 18
136 97
96 36
10 121
48 25
21 143
104 33
115 138
16 32
14 61
26 81
39 30
125 42
31 58
33 136
54 53
4 95
148 7
104 84
55 98
29 6
13 10
126 45
53 149
132 101
24 94
148 87
102 54
42 49
21 58
107 89
137 27
106 102
0 48
55 58
53 60
90 68
100 112
44 117
35 97
53 73
138 20
148 33
62 7
21 37
43 121
75 47
102 5
99 122
67 137
0 51
24 99
72 34
71 130
10 29
8 53
98 12
147 75
125 55
87 143
91 119
79 129
11 46
122 70
65 110
143 38
10 36
76 147
145 50
76 97
73 13
129 93
141 45
127 37
43 31
20 5
56 94
122 149
141 47
1 53
142 37
1 101
11 5
118 131
94 69
17 34
136 60
127 149
81 117
119 14
94 83
22 143
139 117
132 131
24 130
34 94
133 112
117 11
70 26
128 91
86 149
16 68
100 139
4 109
131 39
113 18
53 120
117 51
71 98
125 128
148 36
108 73
44 92
15 71
71 87
48 87
75 6
72 1
131 106
131 52
0 62
83 12
67 40
51 64
10 9
108 40
81 126
54 4
138 48
73 74
28 76
57 38
8 76
137 112
115 0
29 116
31 16
137 145
147 122
83 136
91 96
126 41
99 96
82 89
16 82
36 71
100 90
34 79
133 20
143 91
119 15
44 142
47 111
28 51
18 14
143 31
34 94
36 30
149 104
40 74
109 91
72 27
30 40
21 68
103 19
67 15
71 120
65 57
110 94
140 44
49 25
89 33
28 40
130 16
49 98
110 49
139 51
121 33
52 60
13 111
8 111
76 107
92 62
108 100
89 110
85 52
4 5
43 19
104 142
30 66
110 59
61 19
25 31
86 93
40 77
88 59
47 105
9 125
100 81
97 58
78 80
82 67
64 82
42 10
45 50
1 133
18 104
5 106
129 25
32 3
57 114
146 117
146 9
11 106
34 111
72 46
84 128
20 72
27 108
37 146
43 69
36 36
15 82
32 139
110 13
61 130
104 33
57 26
9 138
50 8
119 46
58 117
66 147
96 24
129 63
31 47
34 92
82 28
53 15
13 44
125 91
20 114
49 64
146 113
122 52
104 107
46 85
13 46
54 129
84 18
72 98
132 116
71 30
123 10
148 95
111 94
47 35
0 3
27 141
102 56
91 87
115 70
47 132
90 62
61 103
16 123
83 25
42 2
75 84
36 12
126 35
49 128
88 74
32 148
128 101
63 59
140 20
33 23
25 16
136 66
1 85
131 112
131 63
4 60
46 107
50 53
81 68
125 89
22 61
36 1
37 127
46 59
144 52
108 28
102 33
28 72
64 131
75 81
25 34
120 37
1 56
137 33
89 29
100 79
147 24
47 82
86 79
32 93
38 6
99 105
82 8
147 32
10 51
144 79
32 82
72 109
88 69
66 83
68 98
148 146
117 13
122 64
115 19
110 135
106 2
131 79
19 140
143 121
61 22
1 39
124 144
110 80
40 28
8 145
74 111
149 147
109 85
14 118
74 121
110 49
60 115
107 79
79 9
101 46
68 14
8 107
77 73
70 85
88 29
34 15
86 99
105 66
64 33
27 2
146 22
32 84
88 37
141 55
71 52
109 8
142 47
8 34
77 46
134 60
60 86
23 7
106 134
119 48
127 42
98 98
98 138
73 32
68 93
74 144
98 29
60 60
19 53
45 96
71 24
114 48
119 87
4 17
9 92
48 17
101 110
50 89
1 7
75 103
77 7
0 59
34 103
88 141
0 57
110 15
145 51
58 73
34 33
91 54
126 30
128 114
51 33
14 81
94 132
80 146
40 149
149 81
66 108
110 146
118 55
28 81
60 49
38 25
36 141
49 97
140 137
112 79
143 12
57 7
138 105
113 136
122 93
4 8
105 148
33 37
23 75
55 104
85 75
3 107
55 40
32 22
11 90
77 77
53 120
63 137
140 23
34 84
20 145
141 10
99 103
11 84
62 99
52 30
149 77
84 132
95 60
4 42
110 149
42 75
26 86
131 139
85 98
37 122
0 131
50 93
117 106
37 86
78 50
124 86
60 149
67 133
11 106
55 104
135 29
120 40
147 144
79 127
41 24
33 39
142 27
123 61
28 112
84 101
13 143
13 146
76 145
9 73
97 149
124 49
48 66
67 19
62 72
69 144
5 109
82 106
134 123
88 96
121 115
42 130
90 69
59 86
122 36
100 71
2 10
95 5
148 30
78 122
52 17
42 117
39 96
57 112
116 46
19 9
36 96
44 75
133 15
46 58
23 123
77 113
88 11
141 40
145 11
101 26
58 138
77 94
129 91
120 133
23 19
137 106
14 139
56 115
37 85
59 142
97 27
60 20
1 110
11 110
69 10
141 81
104 120
90 138
144 80
0 40
95 129
54 126
7 22
46 117
102 61
109 130
148 63
15 74
35 30
23 34
67 41
86 18
76 30
109 107
91 110
75 60
96 79
134 12
112 130
144 128
53 102
70 139
60 61
130 132
93 40
118 41
7 40
148 3
104 47
141 107
34 7
139 106
48 63
103 102
10 15
57 100
13 126
149 75
139 100
83 33
148 35
52 127
10 109
53 0
121 84
49 1
80 8
103 94
123 118
141 55
79 38
45 87
86 6
103 102
8 35
56 83
106 69
43 36
41 63
64 102
140 7
116 85
65 21
53 67
80 4
130 51
77 93
93 125
143 35
61 64
42 144
120 112
114 21
48 103
131 110
16 109
55 17
61 56
32 62
58 119
84 24
21 85
146 83
102 94
11 91
63 25
26 114
28 135
98 106
73 141
127 3
14 110
102 69
84 58
53 110
44 72
134 127
6 11
86 42
42 9
146 45
71 23
62 114
146 5
22 85
17 8
103 100
20 116
17 101
37 107
138 82
136 113
13 140
12 22
0 7
21 88
125 34
88 122
42 57
25 65
47 71
7 81
40 40
62 32
72 137
78 2
146 11
44 82
120 125
6 34
123 2
84 148
65 11
142 11
142 4
28 135
118 2
105 29
9 95
110 2
85 107
109 92
36 141
108 107
84 75
114 127
16 49
45 15
111 35
25 84
110 48
40 54
60 56
14 1
34 10
27 86
66 20
30 82
138 63
90 102
94 27
26 57
6 34
51 101
105 26
140 7
28 76
69 70
144 78
36 88
8 148
99 10
77 126
93 69
49 22
131 79
143 44
18 5
27 35
16 148
88 27
120 113
100 75
39 96
66 138
38 43
140 93
71 24
38 141
40 79
107 14
139 72
101 95
32 10
46 63
41 106
54 35
131 148
66 89
88 85
46 92
95 125
45 38
67 35
45 15
130 118
37 79
7 62
44 93
122 81
114 99
106 55
0 99
66 110
93 147
33 9
52 65
15 110
114 143
15 42
119 10
83 93
89 118
37 113
57 1
62 60
28 39
79 98
132 132
31 131
88 33
114 127
14 64
44 18
3 51
36 138
135 108
111 61
45 42
149 12
43 21
129 64
26 120
21 76
11 147
5 136
106 48
113 14
148 133
47 60
125 52
12 140
6 7
92 127
77 26
100 73
60 28
38 76
135 93
140 78
1 32
142 100
72 113
66 129
10 90
135 83
21 11
58 92
139 111
123 34
136 102
17 134
25 135
37 49
88 67
135 104
128 87
19 42
52 121
74 123
79 92
12 34
45 142
13 105
107 72
102 48
124 9
8 58
108 112
48 30
135 130
54 102
38 129
26 103
102 76
18 8
95 72
149 70
39 40
76 13
71 92
123 74
114 64
127 129
52 61
37 11
125 80
92 83
5 60
114 109
62 38
101 53
78 50
77 58
28 132
134 27
1 52
120 128
112 144
130 47
101 10
128 85
90 76
21 84
48 49
110 50
72 25
9 145
109 129
92 138
37 79
120 134
2 99
132 23
63 61
41 32
58 26
75 129
67 129
2 103
121 65
93 31
121 108
133 94
131 117
33 45
118 14
8 110
38 39
135 68
138 126
137 18
132 68
84 27
95 49
78 31
36 53
58 115
144 104
28 27
55 103
99 22
63 67
100 32
48 69
18 64
134 12
134 70
57 122
3 13
24 8
31 32
113 99
88 62
23 135
7 46
25 99
48 65
43 34
42 45
106 21
24 41
145 56
54 29
7 93
56 79
112 22
91 53
84 26
114 62
3 93
94 119
140 99
132 77
1 19
21 119
53 67
10 50
23 35
124 129
2 83
12 61
83 13
10 58
129 81
133 137
13 147
1 148
135 103
148 144
115 36
97 42
124 71
30 145
118 104
40 85
140 115
10 65
107 123
148 59
148 30
13 79
44 106
137 116
9 94
140 77
41 91
29 85
13 111
115 63
81 118
9 19
56 20
140 89
82 50
9 132
138 48
126 111
61 144
103 7
33 84
19 61
128 50
29 18
133 130
122 111
71 25
58 58
100 71
26 114
4 8
96 142
69 90
82 7
24 8
101 65
90 70
147 17
128 75
51 87
8 134
81 54
88 143
48 95
0 39
6 120
120 25
63 110
81 124
26 19
27 76
105 76
112 88
80 24
125 128
39 46
33 148
130 118
69 10
61 45
9 66
87 37
138 109
126 79
31 140
16 43
56 141
48 102
20 103
0 118
74 4
96 33
41 115
147 103
65 139
10 55
47 44
108 47
138 24
1 122
47 124
83 54
58 28
61 65
24 9
10 48
11 61
21 57
56 13
75 26
83 84
27 132
92 137
4 21
122 148
102 135
72 125
19 76
18 141
76 50
113 20
42 70
10 73
34 89
73 138
33 129
20 7
84 119
131 90
74 80
46 92
147 108
61 135
138 21
114 123
75 40
102 14
103 76
61 71
4 68
92 11
142 84
22 44
21 129
94 126
32 147
48 73
75 39
72 107
105 25
93 137
144 42
104 109
147 53
9 97
105 15
89 24
58 124
129 98
1 77
69 94
74 141
2 117
113 125
90 3
65 141
97 109
6 66
23 70
55 111
35 51
24 17
52 108
102 24
16 83
6 73
51 113
67 106
25 127
41 122
64 57
69 60
39 69
92 121
65 96
6 76
144 10
73 74
105 148
76 141
63 126
91 95
10 106
103 39
19 84
56 58
67 120
110 143
70 5
67 98
6 11
14 10
2 143
46 118
112 102
149 108
22 61
82 8
25 112
2 73
73 106
112 121
125 10
13 147
115 134
109 126
144 131
53 78
50 105
131 19
72 111
67 82
105 40
67 39
28 86
127 75
28 51
65 5
149 63
8 79
147 3
53 3
126 149
146 115
76 51
9 124
96 119
133 34
30 24
94 55
81 145
128 43
144 13
46 120
9 62
134 91
115 63
99 50
118 140
1 55
19 22
94 41
4 67
71 104
38 114
81 56
5 99
34 84
142 114
123 118
137 65
85 35
140 69
57 72
93 5
104 147
28 21
72 100
32 53
101 124
50 9
35 40
149 70
129 95
7 1
114 140
10 104
102 8
22 65
73 48
56 108
104 92
76 93
96 35
83 74
99 92
38 138
75 74
7 29
138 43
15 82
30 36
101 55
21 108
17 37
125 27
82 47
82 75
146 3
3 92
42 3
78 39
91 145
57 146
144 50
88 41
123 45
85 82
24 39
75 92
114 69
42 78
37 110
42 77
3 119
47 148
51 54
97 123
114 4
36 119
33 20
89 90
26 71
69 110
111 64
12 133
33 91
87 23
99 35
49 44
35 67
136 49
89 113
57 0
24 88
34 72
25 32
135 95
111 41
61 56
128 144
52 125
143 43
25 37
62 71
56 3
94 74
107 109
106 49
2 46
66 80
128 114
115 93
130 115
49 91
5 44
69 107
88 25
97 66
53 7
65 30
84 87
108 40
47 59
62 84
0 15
70 21
73 85
33 114
115 130
135 103
45 76
65 61
118 15
109 90
3 26
140 103
44 45
131 85
10 29
18 49
5 140
137 65
40 145
54 100
136 115
18 6
132 29
92 85
46 142
136 83
116 136
25 39
92 30
21 88
12 67
32 121
149 6
21 72
88 61
7 135
17 127
34 36
116 48
21 123
105 0
27 124
119 33
26 72
9 16
30 118
96 8
37 135
130 32
77 91
0 86
123 43
63 44
73 86
72 83
109 145
109 58
1 53
111 74
35 26
88 71
20 82
51 97
97 55
56 120
98 121
72 14
66 10
24 57
109 84
105 98
119 128
37 80
18 128
67 133
13 100
8 148
59 52
18 112
102 131
23 4
114 123
19 49
72 71
8 67
82 23
47 109
33 23
8 107
35 71
52 63
98 9
71 105
145 17
132 140
10 64
57 70
149 121
14 141
4 122
141 136
34 24
36 18
31 70
135 81
4 103
141 44
132 85
78 110
142 112
113 115
50 49
114 141
77 42
36 119
125 125
131 119
100 44
103 128
52 2
129 62
11 59
138 39
132 84
88 86
146 103
71 23
36 72
31 20
59 69
117 67
26 136
64 76
122 127
82 100
78 10
133 26
128 72
18 144
85 71
80 111
138 144
105 3
135 79
87 35
144 104
118 139
90 131
89 43
109 2
87 26
81 66
42 82
34 73
141 116
141 63
118 148
138 23
116 16
9 132
18 129
124 46
58 119
136 54
141 145
50 29
50 105
20 145
110 120
33 107
138 53
63 130
103 29
17 3
56 5
47 115
115 38
34 89
77 79
31 124
121 62
9 106
104 132
30 46
127 83
81 22
120 79
74 56
26 69
97 46
79 28
84 59
8 9
14 43
104 28
105 65
118 104
92 104
52 93
89 65
106 60
17 50
61 78
71 62
143 55
71 106
49 39
112 121
19 21
9 6
50 20
107 23
70 11
42 34
122 59
4 112
18 5
13 148
61 43
92 16
92 121
133 137
102 35
139 136
116 66
65 37
5 142
118 54
47 95
46 110
78 138
112 44
41 120
95 90
18 83
6 140
88 122
88 19
8 111
138 130
55 45
99 41
9 98
81 25
133 49
97 133
43 123
145 109
48 39
144 26
57 117
1 126
67 115
31 48
55 96
35 96
49 124
95 3
58 130
17 34
5 86
65 37
27 36
117 22
39 37
76 17
7 68
13 62
96 30
97 17
149 117
5 83
124 40
12 141
33 80
80 28
110 120
60 18
62 140
75 12
110 133
120 6
26 22
81 98
148 33
142 138
2 101
117 142
99 67
89 83
106 113
32 74
58 94
108 12
102 87
131 102
21 51
142 84
49 66
144 3
4 143
59 61
130 125
28 143
89 72
30 142
11 47
17 6
62 143
77 129
128 137
3 103
90 112
142 7
55 70
70 113
4 63
66 55
90 144
41 46
123 88
95 129
101 76
108 40
5 24
29 100
93 47
76 67
100 38
122 126
4 146
121 134
4 94
13 61
126 29
56 112
115 8
37 137
79 36
59 82
90 120
26 19
81 4
123 135
48 148
7 149
36 130
90 24
77 45
60 11
112 55
97 43
111 50
52 10
60 106
53 49
127 95
84 133
52 149
49 109
89 37
53 8
120 148
72 133
27 127
101 0
114 134
89 106
34 146
146 137
53 126
135 10
54 136
103 85
24 41
123 22
7 8
108 26
56 74
80 101
41 8
148 65
54 115
62 56
100 73
114 16
104 108
122 18
105 91
138 54
15 84
36 5
65 116
27 38
122 127
39 135
84 113
9 17
62 105
40 52
144 0
81 131
117 34
59 68
60 64
37 56
28 130
46 49
15 147
131 9
146 14
76 36
23 32
90 54
73 80
134 80
35 40
100 122
144 92
76 106
33 130
85 86
126 71
37 90
20 103
132 125
66 142
62 57
83 98
135 98
107 81
126 87
76 141
43 74
122 13
92 55
32 65
11 18
149 40
77 100
61 101
4 132
97 0
32 90
144 108
127 68
45 120
15 111
82 11
58 115
52 21
38 97
87 60
65 137
115 65
149 13
82 58
10 34
127 92
67 113
5 143
133 2
87 107
50 9
131 31
56 37
90 46
135 78
23 15
129 102
2 48
149 45
107 25
125 45
70 72
122 39
42 120
82 82
67 120
110 99
126 85
26 146
89 131
5 48
82 132
44 0
38 37
49 92
111 35
131 120
89 6
111 135
5 49
121 5
96 84
60 56
117 75
83 30
8 51
69 124
81 63
58 132
136 145
135 81
49 56
70 25
91 129
58 6
56 67
32 31
69 28
90 35
16 138
59 131
123 142
64 33
134 141
23 34
27 21
136 79
100 27
24 9
143 81
53 83
123 20
136 17
80 131
15 123
129 20
29 91
16 106
149 63
127 28
110 84
94 108
112 0
125 146
28 40
132 71
108 108
34 119
122 26
2 65
32 143
120 142
123 92
6 95
0 117
98 75
43 13
85 31
71 46
70 135
0 137
38 11
50 46
103 55
65 21
114 33
84 2
79 14
149 95
100 99
84 16
38 39
16 8
111 148
74 80
26 20
78 144
68 37
124 26
48 121
15 55
107 55
148 34
104 35
21 60
67 99
128 133
80 75
85 44
0 128
133 53
26 47
14 11
86 20
57 7
14 53
16 149
114 142
3 88
75 135
2 9
112 137
65 45
121 120
20 60
80 131
37 78
40 37
101 112
129 143
81 149
99 6
25 127
3 48
102 49
120 30
54 81
149 84
63 66
44 106
51 52
7 18
5 133
34 120
136 78
60 60
0 130
4 60
48 77
119 80
49 39
97 127
78 138
89 141
45 108
3 126
27 81
39 61
139 102
121 36
42 10
92 53
17 140
31 139
9 109
64 36
119 27
8 118
10 66
6 101
38 109
40 58
33 20
40 82
65 5
27 20
8 62
15 12
9 30
6 118
92 36
145 89
68 113
26 143
59 125
25 108
3 38
107 60
55 134
43 135
147 31
97 119
82 14
102 63
79 61
125 44
22 63
74 4
6 40
58 120
6 17
131 5
143 143
65 19
23 54
111 105
35 143
19 68
95 19
92 10
24 71
124 9
22 134
38 105
100 60
41 0
97 70
108 60
35 41
106 91
64 41
111 67
144 12
107 86
97 0
95 95
29 111
107 29
16 1
95 61
16 92
139 19
18 129
6 47
25 33
82 104
94 68
45 80
52 89
81 146
49 88
136 123
70 54
62 17
108 73
79 60
73 70
135 65
117 93
119 148
116 73
73 137
127 116
54 40
126 101
12 133
14 115
21 62
49 57
122 136
84 23
112 136
16 98
44 25
2 107
131 116
44 105
4 11
11 103
64 118
10 102
42 56
135 62
122 144
52 43
139 66
29 94
0 58
79 126
4 48
33 36
64 60
97 132
100 9
10 67
9 6
4 94
19 82
18 127
118 100
140 107
132 76
85 75
68 59
68 29
49 147
13 62
91 114
69 58
72 73
40 137
48 56
31 132
132 114
42 48
27 100
133 53
8 15
12 49
22 69
21 132
5 112
55 27
138 141
136 68
7 75
122 25
85 49
0 109
57 64
13 6
56 54
43 52
18 59
137 12
7 111
92 96
103 48
113 42
17 55
46 49
98 18
2 86
122 117
54 43
69 7
13 26
79 3
88 12
71 12
145 96
82 88
27 22
64 112
43 107
15 134
87 53
18 6
131 82
79 92
2 137
59 39
26 18
23 98
99 117
139 98
105 15
46 30
77 66
56 101
82 81
91 98
84 144
35 100
149 50
105 17
16 59
86 25
31 17
8 148
23 49
84 59
27 71
148 118
26 50
70 73
99 123
11 25
27 24
10 83
144 4
4 1
113 47
25 60
33 1
21 33
29 45
77 124
48 8
126 139
107 149
148 28
55 95
90 22
26 68
144 7
11 52
28 0
71 54
149 135
130 69
35 67
14 135
72 59
105 40
109 44
140 15
27 117
17 33
30 126
10 145
103 85
134 82
79 9
112 128
130 103
146 7
135 113
115 0
1 108
128 124
6 5
92 7
2 129
0 92
146 144
17 40
137 87
12 129
112 90
67 34
20 122
71 47
97 143
21 110
23 63
41 5
21 8
58 92
15 31
7 6
87 52
25 113
135 110
25 106
47 128
107 104
76 100
10 58
24 11
107 46
81 76
10 148
133 101
79 35
113 38
146 65
130 111
42 65
56 119
129 98
72 81
120 25
121 65
81 87
145 93
124 23
123 124
1 136
146 129
115 110
47 147
84 58
11 103
69 31
86 20
143 13
100 85
105 83
56 52
145 108
84 9
31 133
141 88
63 139
87 74
120 75
100 137
75 68
64 63
4 92
146 49
144 76
122 18
107 72
118 100
22 55
85 101
48 58
95 104
78 60
145 51
17 34
130 30
69 133
84 56
67 59
102 121
135 25
44 115
67 1
114 49
12 78
61 14
128 118
68 16
141 38
46 133
29 143
47 48
62 12
47 132
50 1
27 149
50 116
144 108
146 20
96 68
138 123
122 38
141 111
34 149
60 149
135 55
29 84
5 33
131 27
134 87
50 111
12 128
6 49
132 101
43 62
116 33
117 1
66 58
105 5
86 49
38 22
10 2
41 18
113 82
137 36
48 57
40 6
84 88
10 146
66 2
72 104
25 90
140 75
71 23
10 77
18 64
30 122
68 40
118 70
138 37
141 47
119 41
74 44
109 97
141 91
75 77
80 54
34 137
99 12
2 128
5 143
137 66
147 31
17 47
148 74
58 25
0 56
74 61
92 90
80 61
129 90
72 39
81 114
118 128
62 110
7 95
110 117
26 85
10 132
26 64
31 128
45 98
136 120
126 121
133 142
47 47
135 6
9 29
72 58
84 25
5 30
129 96
97 102
74 31
113 34
96 108
126 96
98 3
0 47
90 69
112 87
75 90
7 64
14 70
89 50
48 88
30 24
47 21
108 107
49 24
113 22
11 17
138 39
134 105
48 100
18 102
0 119
34 4
67 32
106 2
98 2
90 130
117 86
116 102
52 138
84 41
93 31
146 132
32 33
112 116
112 116
93 93
85 112
70 91
114 91
124 57
123 123
78 37
118 96
74 115
111 113
50 72
106 54
4 29
51 70
137 69
77 26
9 137
95 56
60 41
121 80
141 50
48 126
70 76
87 25
143 84
116 70
30 20
36 105
68 77
10 109
32 46
8 30
37 82
78 96
53 17
54 56
4 131
115 65
7 112
8 118
17 29
146 18
50 62
20 128
86 50
26 51
140 1
65 77
15 142
45 140
105 10
48 118
6 17
96 10
34 85
111 87
143 77
20 115
146 136
87 127
79 31
148 89
105 54
135 11
15 79
114 138
11 1
138 31
69 117
33 135
52 146
114 84
45 102
43 50
11 25
74 84
61 35
3 81
145 94
137 65
58 7
119 35
120 137
45 115
41 106
142 102
113 148
28 61
99 34
31 17
117 116
64 17
133 14
47 121
130 16
19 95
32 131
19 12
35 9
28 64
32 77
109 25
141 100
43 11
101 70
116 3
55 93
12 8
98 142
103 110
117 49
126 113
75 51
7 26
43 140
50 101
122 37
139 41
51 115
66 106
66 135
20 133
25 87
140 79
89 147
85 23
28 20
107 0
32 19
51 12
53 17
51 129
97 46
18 42
65 66
52 98
104 116
138 121
3 4
12 73
147 137
110 103
111 1
94 133
98 23
100 5
22 43
19 115
138 92
28 26
97 0
138 61
124 86
100 116
25 2
80 91
33 123
9 108
38 111
132 64
23 78
5 75
97 8
23 88
33 8
80 19
103 91
54 97
80 55
70 141
63 134
90 67
81 119
19 6
15 124
82 143
118 115
127 80
105 72
99 52
6 106
42 34
52 126
82 30
90 13
58 142
134 39
69 15
32 66
12 18
31 62
137 16
47 52
135 134
120 10
119 11
119 137
53 87
95 11
31 22
101 118
21 0
60 27
80 8
32 94
39 145
130 72
146 16
21 39
95 36
7 12
6 141
52 124
59 53
25 19
95 129
1 63
39 44
80 49
82 12
86 23
140 62
102 81
1 142
72 7
137 116
70 88
102 133
55 53
140 70
42 16
129 88
13 63
21 108
15 77
30 98
117 54
144 49
73 76
105 2
111 148
11 88
9 15
72 101
62 27
128 105
70 83
23 9
79 80
90 69
42 92
12 127
45 5
96 111
29 69
132 108
77 58
48 7
76 95
59 89
137 64
110 17
56 119
34 100
121 110
100 62
107 131
44 95
66 52
10 47
55 89
26 49
112 91
52 31
87 141
92 103
80 59
64 133
142 97
8 45
85 88
91 78
73 18
98 101
112 146
106 106
34 53
126 147
91 149
29 75
126 58
72 47
134 4
51 6
148 130
146 145
59 90
119 106
98 13
23 54
149 73
149 81
89 11
146 126
98 11
21 138
83 53
74 137
45 115
48 103
92 7
30 66
144 139
116 11
91 147
3 142
108 105
96 53
99 127
21 39
135 132
43 78
56 3
80 39
6 36
65 7
62 139
0 6
12 99
39 139
134 96
94 36
85 5
129 94
44 113
64 134
54 109
16 23
4 112
48 94
79 29
40 95
49 46
76 91
78 38
77 74
66 94
37 10
83 44
20 12
122 22
20 140
68 29
88 51
47 3
47 64
5 17
42 30
33 145
110 8
7 38
128 71
47 145
96 3
110 82
107 99
55 144
113 128
94 2
136 34
98 27
97 143
90 147
75 74
123 93
58 118
100 97
73 125
24 133
51 68
131 140
94 24
50 15
140 7
117 40
14 86
99 21
70 9
20 101
129 18
94 23
127 121
110 118
124 1
36 122
24 104
97 66
102 130
55 33
109 27
114 79
107 19
56 122
104 42
67 84
21 47
34 44
116 78
74 96
73 11
44 23
1 114
116 49
49 57
132 30
121 60
81 96
125 104
142 108
80 59
15 111
129 44
146 35
18 132
99 56
51 22
47 135
4 65
24 75
120 20
55 22
124 70
127 120
117 44
133 18
37 124
6 124
8 38
96 85
91 128
113 26
148 100
32 72
73 21
49 131
125 30
117 53
24 18
54 72
2 85
46 128
30 57
72 104
35 145
145 92
143 112
107 0
100 44
133 130
41 42
105 28
69 147
43 138
97 36
39 112
15 137
55 83
66 71
99 133
110 50
63 132
140 35
70 77
99 119
111 139
2 5
20 45
58 121
116 21
100 128
62 2
140 72
121 109
95 97
123 73
113 144
42 31
12 22
20 54
71 84
110 58
27 4
32 128
4 110
105 90
57 102
47 8
31 57
81 137
77 124
49 72
80 13
132 75
110 111
93 20
148 147
18 3
112 27
58 71
35 40
80 87
123 84
113 3
43 66
37 80
73 81
107 22
40 4
139 22
76 98
135 35
123 17
138 147
53 108
135 91
115 23
67 116
53 115
75 3
39 11
62 49
126 65
80 132
47 92
108 9
108 111
64 56
24 118
142 88
4 49
74 140
82 105
25 133
12 90
61 75
105 125
88 69
35 74
30 75
88 53
122 17
124 124
139 90
41 19
17 142
91 115
1 102
51 73
16 109
40 9
70 126
19 147
3 26
136 72
106 50
59 27
76 144
94 10
88 60
68 123
40 96
111 39
108 128
58 78
93 124
145 17
101 18
133 128
21 119
19 30
10 17
136 14
123 69
102 90
9 45
101 47
59 19
14 78
119 141
100 26
54 52
111 122
76 135
72 106
80 122
16 41
136 105
7 98
57 98
126 104
87 71
146 125
11 48
22 9
83 58
143 55
63 94
118 78
33 121
115 123
84 35
97 130
49 76
51 124
88 27
14 34
46 87
137 90
140 121
135 70
132 84
108 7
103 86
15 45
131 73
137 26
12 28
98 46
38 27
75 112
0 35
13 6
55 15
37 89
91 91
31 26
1 13
19 8
67 58
149 68
2 97
20 108
88 134
36 68
58 143
99 142
126 122
31 120
136 128
134 103
5 57
62 6
35 76
32 23
145 104
9 144
44 100
96 23
36 47
130 106
106 145
99 18
103 65
111 59
138 117
90 133
34 141
146 22
47 128
119 23
114 88
42 126
53 139
40 111
130 80
125 47
9 42
43 71
73 81
70 72
31 3
8 67
125 27
80 128
57 45
56 36
143 129
100 115
15 31
105 123
116 56
42 47
26 21
117 46
34 57
9 97
95 109
111 85
27 107
4 107
38 121
96 1
62 83
46 131
143 4
73 15
10 50
131 138
81 67
56 108
97 28
132 147
56 103
64 5
72 111
145 73
98 11
102 103
60 147
66 114
94 97
3 110
96 72
48 47
34 49
146 122
38 83
134 90
28 127
94 131
48 1
31 9
50 18
101 82
133 62
23 111
51 80
75 28
85 89
44 111
140 77
101 0
78 76
30 96
120 128
59 26
36 100
91 39
128 90
19 24
100 46
22 138
47 13
137 45
56 51
23 65
148 71
83 38
97 52
110 2
36 65
116 50
10 43
22 74
14 77
118 16
96 21
134 24
86 133
22 110
64 109
125 79
87 112
54 87
50 19
72 122
101 77
74 15
13 104
123 75
84 117
111 87
99 52
2 95
118 37
76 139
82 72
55 89
83 21
53 58
111 76
13 25
16 59
106 135
86 50
16 68
11 27
78 108
90 102
133 31
6 130
17 48
21 28
121 50
111 71
57 32
1 117
89 65
34 136
53 42
70 80
125 57
11 91
56 18
68 21
146 138
82 94
87 36
45 102
120 107
9 57
39 90
126 129
75 145
17 126
44 60
65 72
10 59
108 129
113 140
45 32
116 147
73 13
119 17
79 81
85 29
134 127
27 75
125 13
92 84
118 138
29 8
97 148
25 143
126 93
74 87
1 103
133 139
142 98
21 98
52 3
144 64
111 87
81 107
130 81
113 26
44 101
133 69
31 92
75 60
135 3
28 136
147 99
17 6
11 49
141 10
113 17
76 48
12 82
29 37
41 114
78 21
117 49
147 71
71 134
50 49
90 6
130 3
42 143
106 70
30 90
14 73
106 89
0 128
67 71
135 82
5 47
6 93
66 118
87 8
127 1
76 80
27 71
69 73
68 87
62 62
42 124
113 58
11 109
6 65
31 53
148 120
139 58
91 23
110 71
95 73
44 143
142 21
11 141
59 48
37 79
17 80
4 68
62 137
136 39
104 89
94 21
24 126
43 50
123 80
91 28
114 113
23 72
43 135
16 109
65 64
145 13
99 119
11 96
22 122
40 44
127 47
62 77
62 95
3 91
143 89
32 52
4 140
79 13
2 90
63 17
6 48
53 59
99 142
47 4
119 89
75 38
60 144
55 120
74 78
111 98
121 140
46 2
131 146
135 75
110 128
58 119
33 47
60 123
52 54
3 30
60 112
29 127
38 96
77 127
34 65
96 126
25 18
52 117
131 43
45 141
22 10
128 22
55 114
132 39
139 145
118 19
17 147
71 22
112 82
84 92
82 43
129 42
143 34
36 83
143 51
99 120
64 18
37 147
124 60
82 131
70 44
81 119
10 13
83 83
102 62
136 9
131 100
65 5
20 29
18 53
60 45
1 22
49 130
145 74
96 23
38 58
26 73
107 101
127 144
27 29
104 61
20 82
62 118
4 3
9 18
128 22
66 74
86 43
67 127
31 143
145 107
85 21
89 42
30 110
78 67
7 62
148 94
57 132
109 3
95 21
10 31
54 78
29 133
25 22
81 24
16 92
101 43
25 113
76 82
63 148
147 39
48 78
130 24
39 121
112 36
47 138
148 36
91 133
112 31
47 68
120 130
115 34
128 80
73 65
68 125
145 39
63 32
18 120
108 16
39 107
48 77
132 59
82 58
59 54
51 40
70 0
30 15
87 98
65 122
37 148
86 0
104 113
144 50
51 138
125 93
131 7
148 17
2 51
113 6
25 126
59 34
52 98
61 106
87 51
141 119
74 112
109 105
44 74
65 2
142 51
95 113
118 40
79 105
61 132
48 21
123 93
142 68
19 119
54 7
29 47
82 21
117 97
28 59
9 123
22 121
99 63
130 105
132 1
136 124
29 5
19 111
130 145
149 142
120 106
35 115
59 15
111 10
72 114
76 48
7 72
33 6
40 137
147 71
62 132
30 19
149 84
11 118
92 35
22 44
96 75
71 107
32 48
5 121
107 38
139 77
149 6
63 10
64 147
109 88
13 52
57 105
138 148
28 39
0 82
73 79
24 30
68 15
134 43
89 109
127 35
33 2
78 148
103 148
104 7
106 140
38 80
15 36
95 59
149 52
60 65
114 60
142 89
113 67
106 84
129 79
95 100
20 31
84 9
83 52
120 115
112 92
29 143
79 21
88 18
20 35
29 52
34 85
140 125
45 50
143 63
87 7
8 4
41 33
20 136
78 84
10 142
33 82
8 25
3 21
47 62
64 113
23 62
90 88
144 135
15 85
75 30
2 121
113 0
124 5
85 71
92 143
16 17
49 70
48 106
96 32
95 133
122 74
136 41
38 16
89 42
40 61
92 104
70 116
39 129
83 126
60 57
12 14
33 67
76 11
87 15
59 115
51 42
45 73
104 135
73 4
121 86
103 143
98 62
9 106
108 116
97 34
45 59
8 16
0 89
23 23
21 106
1 33
110 131
62 138
89 102
54 65
14 45
138 129
125 89
5 48
14 144
70 48
84 129
138 97
121 23
118 123
41 129
79 27
98 8
124 57
62 143
121 39
18 132
54 89
28 10
146 42
70 10
102 6
18 125
135 75
129 46
100 91
52 72
79 69
60 15
91 7
75 147
96 13
10 97
133 6
102 50
138 143
147 147
127 76
1 147
69 62
140 61
26 46
37 136
97 139
18 97
140 102
24 103
85 28
133 139
81 145
49 103
1 86
142 73
118 146
139 94
123 143
38 145
25 105
20 102
147 63
37 85
5 34
3 82
1 136
73 148
47 25
21 119
99 32
9 47
12 76
11 55
80 37
101 108
135 27
45 19
130 63
26 13
61 136
96 95
111 98
92 113
41 61
66 47
74 27
4 120
25 135
62 97
138 63
0 55
114 88
104 24
56 122
61 55
138 89
32 1
91 26
36 64
9 10
91 16
58 148
66 131
121 67
62 63
89 29
92 104
116 69
8 110
88 91
14 55
110 68
133 70
48 12
88 48
134 147
14 81
19 78
2 79
42 115
70 112
80 50
26 30
81 65
20 98
113 61
1 101
84 93
126 31
100 43
143 141
7 28
44 1
4 45
89 134
39 67
121 105
16 128
109 103
42 149
138 26
4 117
127 142
9 0
139 43
15 79
145 3
66 87
34 63
61 96
77 97
106 103
109 72
111 115
121 93
23 89
123 77
145 11
100 57
126 53
37 8
64 123
104 20
130 24
92 118
78 125
36 88
136 134
7 24
48 85
145 112
46 41
68 85
103 117
121 34
128 100
71 62
8 149
119 6
68 42
93 97
8 102
57 36
42 124
124 93
61 73
144 89
131 28
59 39
149 41
74 85
81 89
83 76
93 121
88 5
55 45
18 115
137 22
144 68
124 20
113 96
79 35
42 74
86 41
3 149
72 99
31 34
131 10
71 34
2 61
46 133
42 110
122 99
141 72
3 89
59 51
16 19
54 80
135 88
29 106
0 53
127 31
123 88
106 113
85 101
23 72
137 12
99 102
75 14
112 71
4 33
79 122
82 109
64 67
126 99
65 102
110 16
110 17
88 125
135 118
95 15
113 57
56 93
41 13
0 1
84 115
118 114
64 61
75 11
114 104
97 12
50 4
121 47
26 60
79 1
147 39
77 145
103 7
87 144
126 9
100 15
69 120
29 109
128 54
137 119
26 33
134 145
45 22
11 2
19 61
146 133
119 50
121 118
85 111
24 122
50 48
16 62
27 93
41 75
113 146
32 18
76 96
122 46
55 28
50 17
83 130
34 49
117 35
91 54
36 104
146 77
117 59
62 66
20 28
31 103
101 53
132 47
53 131
143 46
30 127
140 111
86 24
125 5
57 116
74 22
68 2
102 43
103 19
93 99
2 120
2 117
116 121
142 111
9 2
105 33
69 29
42 30
75 39
10 133
135 11
37 98
139 83
69 5
124 111
66 66
98 57
91 90
97 39
95 58
21 3
78 33
87 4
46 27
56 30
62 72
5 109
27 47
25 41
79 26
87 30
112 36
121 124
94 146
144 47
45 104
113 8
14 11
113 25
145 137
45 65
63 149
56 142
111 8
51 2
22 80
116 89
35 1
141 81
66 36
130 66
143 31
12 48
6 129
146 68
102 35
10 10
2 91
75 143
126 86
72 140
14 10
80 126
147 148
42 77
54 32
127 127
28 27
67 22
10 41
4 68
127 48
125 97
66 41
130 77
136 126
112 63
9 121
79 130
141 50
59 86
135 31
146 33
104 7
89 78
11 91
97 0
19 98
61 61
69 135
103 121
19 22
10 55
132 62
15 144
140 132
51 99
114 97
149 106
1 59
128 61
115 130
63 91
73 105
99 121
36 143
114 115
89 50
78 47
77 59
66 52
85 78
138 128
88 105
117 91
123 35
124 136
78 84
5 136
99 66
6 102
139 66
45 120
13 104
136 100
113 62
37 36
17 33
6 75
115 132
18 51
137 35
62 86
66 62
0 94
146 102
49 16
118 114
29 5
147 149
82 139
147 137
39 65
12 55
32 29
73 144
121 77
21 25
58 112
117 128
43 85
134 70
71 72
107 95
86 60
49 97
47 149
134 101
40 124
31 134
144 89
54 66
67 44
146 33
31 99
51 44
137 97
8 117
112 16
28 141
114 37
113 117
147 127
53 81
133 50
65 2
66 115
41 29
90 121
133 62
126 119
27 2
63 144
101 8
126 5
27 109
92 124
60 81
51 77
33 63
147 142
97 59
18 37
127 94
119 46
33 57
129 88
10 10
124 80
109 143
106 97
29 58
82 62
114 50
108 129
67 119
3 13
114 145
44 41
109 71
67 137
113 3
148 39
1 80
63 145
128 13
57 111
8 38
40 98
84 119
33 64
37 133
107 21
136 0
114 78
10 49
9 100
89 69
117 139
130 27
86 103
114 60
71 65
70 19
120 120
129 43
13 88
102 83
53 135
91 24
113 67
133 26
9 81
52 8
93 100
9 115
109 59
142 143
148 39
63 92
66 88
6 136
31 12
110 13
22 28
105 62
45 146
51 147
41 139
10 11
67 64
115 122
51 130
10 144
68 92
61 49
122 39
6 121
64 145
134 5
124 61
75 68
72 5
33 71
124 9
98 0
121 42
129 13
35 123
7 22
105 79
98 84
77 29
95 43
142 116
139 89
145 138
81 54
109 68
146 67
88 76
105 67
4 18
93 28
149 113
146 16
69 69
125 112
30 4
149 114
6 82
147 47
73 82
10 63
47 35
62 141
135 38
115 3
6 114
139 46
118 62
10 127
90 105
45 129
16 71
71 117
61 103
67 74
135 1
104 32
20 127
89 108
107 53
99 102
148 91
110 106
103 107
144 142
113 104
110 101
142 93
104 9
39 70
110 98
138 129
35 129
60 34
20 148
25 90
73 130
71 146
80 102
90 136
22 126
54 74
94 41
127 51
5 128
138 17
96 65
51 0
88 131
148 114
67 1
110 107
31 6
46 146
125 103
13 36
94 72
11 11
93 115
132 147
34 76
75 77
106 112
138 91
75 121
148 106
83 20
144 73
80 25
134 144
35 61
64 58
38 34
104 109
33 61
149 3
77 67
76 78
131 14
119 141
39 34
93 17
127 1
111 35
11 51
76 70
94 57
27 35
70 77
148 102
91 130
31 13
81 103
125 120
20 99
61 46
124 129
15 72
94 4
11 134
138 100
43 15
2 70
47 123
112 87
108 107
39 136
132 131
25 3
57 80
26 97
88 96
44 104
103 64
118 102
54 43
120 49
31 43
131 79
113 69
70 102
19 7
14 43
94 27
40 73
40 58
55 88
111 115
19 61
57 107
130 61
35 1
111 9
107 144
83 21
61 145
144 148
63 89
113 110
71 59
104 108
145 19
95 116
53 48
88 59
127 145
15 111
131 47
101 47
69 54
141 112
26 72
145 120
141 93
68 65
125 62
41 21
90 30
70 7
17 70
64 137
143 118
110 14
70 140
59 61
57 71
147 95
114 102
29 65
9 44
131 25
17 10
10 81
102 87
32 13
32 100
44 92
135 109
80 101
2 49
26 19
77 22
70 131
52 133
124 91
18 4
4 81
143 19
88 10
76 121
112 73
43 61
86 34
136 62
35 19
64 72
48 57
81 12
48 3
88 133
15 12
94 143
22 54
123 131
119 28
87 91
56 23
71 33
38 143
31 71
132 128
89 39
110 1
70 7
59 113
120 133
131 141
118 129
45 68
1 22
3 134
43 6
10 18
80 82
148 5
61 41
53 147
96 99
136 142
48 1
63 82
98 40
95 139
1 86
116 133
16 121
27 108
24 123
28 23
75 36
26 10
131 70
18 42
74 105
74 117
117 17
82 94
8 92
89 15
81 140
134 52
134 94
0 28
64 130
4 18
13 72
93 31
109 127
22 144
48 17
110 63
127 111
108 129
53 47
76 35
133 38
8 25
57 16
129 9
42 129
8 58
103 83
0 123
79 67
26 137
14 63
90 46
131 87
45 32
76 43
24 117
21 62
64 77
28 148
135 117
37 128
115 39
78 89
42 86
54 45
54 25
38 138
39 80
61 34
116 92
123 60
137 58
129 51
30 58
45 44
141 4
80 136
5 8
81 77
135 64
2 4
116 49
137 94
134 17
84 114
62 122
11 74
17 55
72 67
135 6
59 129
54 148
149 123
100 72
145 146
54 67
130 71
33 64
2 27
109 121
0 29
111 34
25 3
136 21
7 3
136 33
6 87
25 59
24 89
51 61
112 20
148 124
38 76
53 147
101 143
115 95
86 42
112 121
117 9
43 44
135 74
9 97
132 93
148 19
12 121
58 108
128 96
103 146
99 65
111 12
96 34
28 57
13 48
41 145
67 43
62 121
80 49
45 79
92 92
44 96
143 85
97 65
91 100
68 70
82 17
67 27
133 94
8 57
93 93
26 10
92 23
104 15
97 107
33 20
144 128
34 114
47 59
77 84
108 5
112 85
94 51
28 64
121 73
121 44
138 134
22 13
27 14
15 34
52 64
105 114
122 1
112 5
55 57
82 50
42 4
9 54
137 111
110 51
8 80
103 74
54 72
105 72
56 122
37 49
66 83
19 53
11 46
48 8
12 91
71 149
115 109
43 68
29 62
25 118
1 6
27 96
52 31
128 52
27 64
137 148
99 55
39 50
84 109
62 94
36 148
114 124
136 70
112 55
122 144
62 140
102 53
57 145
122 13
40 9
120 94
0 105
62 113
60 71
100 88
49 29
105 78
123 67
15 53
71 47
24 35
32 35
1 10
104 1
90 80
110 64
129 49
114 85
37 102
17 61
4 108
143 44
65 78
71 135
20 53
90 87
9 116
123 8
14 18
19 33
46 123
3 122
47 34
53 42
79 74
83 135
78 33
101 58
67 39
137 18
38 130
122 144
1 41
127 149
146 53
24 132
104 120
144 19
116 135
34 36
148 105
132 28
107 12
48 98
125 63
29 101
28 45
127 19
38 52
127 90
94 129
149 70
96 80
81 25
20 137
106 129
85 123
73 86
78 30
82 44
5 135
9 39
68 67
95 0
100 81
126 119
26 49
78 46
4 24
66 78
23 97
52 141
115 57
146 121
129 98
143 60
73 133
28 134
12 52
34 65
49 138
138 48
16 4
145 86
58 136
33 22
132 46
79 127
149 126
75 125
48 107
86 66
122 147
132 101
0 89
94 106
59 18
99 78
21 67
58 141
129 49
42 88
117 64
56 101
77 78
58 26
120 71
87 123
57 51
139 18
1 66
60 132
25 72
16 72
97 132
124 117
95 122
53 92
146 45
148 139
77 2
10 6
95 68
85 27
30 106
4 55
59 37
90 25
34 132
66 60
131 22
131 12
90 91
78 47
25 96
92 112
9 23
131 139
67 112
131 114
125 23
91 27
40 61
13 70
139 111
77 5
79 120
148 97
69 67
44 5
135 136
132 108
48 36
71 20
88 104
20 29
28 120
5 45
140 30
58 102
60 14
60 57
42 13
10 70
60 145
121 46
63 24
61 48
52 89
10 71
108 9
116 8
59 25
12 141
133 0
47 119
92 114
20 24
133 11
10 74
106 148
57 29
65 20
9 100
4 69
100 40
33 112
148 43
126 140
4 136
81 112
6 8
121 126
40 38
67 96
114 98
100 128
126 92
62 99
55 14
115 21
106 54
108 30
21 10
95 95
54 59
40 120
141 136
8 91
21 2
90 34
68 22
30 131
142 60
123 97
57 84
17 4
84 97
122 8
102 107
58 103
45 52
28 146
73 76
115 18
4 10
51 81
110 133
54 80
29 74
88 22
120 58
36 45
147 14
116 41
40 25
111 39
84 29
61 73
27 115
24 114
110 27
138 62
138 119
69 65
100 141
81 48
63 91
78 47
58 127
38 29
135 48
78 114
40 82
137 11
104 72
108 49
22 143
42 44
41 33
66 8
106 105
140 22
89 138
25 134
60 30
64 129
57 29
92 109
99 44
43 0
70 88
140 86
43 5
0 118
28 37
124 102
110 145
104 34
66 80
126 90
70 69
109 88
47 126
141 147
21 53
67 72
24 112
7 61
144 86
52 90
68 96
99 16
98 38
19 127
140 138
14 17
148 145
57 15
148 94
90 106
33 145
98 108
127 61
69 88
76 16
51 67
93 146
57 21
7 113
58 80
45 57
137 59
128 6
69 3
66 25
130 54
82 123
21 95
65 88
87 54
118 134
136 30
100 1
25 87
126 24
11 41
148 119
122 42
68 3
110 81
142 13
44 107
63 119
78 11
26 111
127 56
31 142
7 134
64 62
7 31
40 140
145 85
121 52
80 71
87 89
109 107
102 140
60 101
15 68
13 113
91 46
83 9
108 8
30 22
103 72
25 33
49 70
37 103
140 25
86 58
30 76
53 18
30 34
107 117
131 82
121 64
12 33
132 12
36 112
132 0
144 42
43 4
101 147
41 136
64 123
86 128
83 114
106 29
47 61
51 131
0 127
9 66
130 99
3 104
5 0
33 95
25 135
83 143
42 96
129 148
131 28
110 49
34 34
51 86
49 49
117 46
144 24
97 65
73 13
38 105
25 2
76 64
41 97
23 61
36 17
144 71
99 26
125 11
148 67
27 26
55 37
101 122
27 38
97 129
83 23
15 80
37 2
114 108
74 23
70 149
88 55
128 34
123 53
119 124
99 17
75 53
126 66
6 59
72 137
17 8
92 21
79 65
142 95
85 73
104 32
90 64
88 148
16 0
123 102
123 27
22 85
74 126
142 137
141 55
63 34
137 44
78 142
122 25
71 133
79 94
39 64
22 34
13 60
48 99
128 31
91 115
36 84
57 85
114 73
10 48
141 128
11 3
86 136
79 136
137 132
15 28
73 106
122 117
46 69
95 137
21 82
106 18
93 31
129 58
126 71
103 82
60 25
42 125
4 56
145 30
59 72
39 32
24 78
40 26
107 66
147 134
23 123
122 128
82 2
38 3
35 70
23 148
21 38
71 131
108 77
32 27
123 75
66 117
3 13
138 63
39 44
2 33
1 52
147 140
2 6
7 83
45 73
140 14
35 76
12 107
101 32
55 87
18 18
50 110
140 105
30 115
78 147
19 76
59 84
81 20
107 27
83 124
111 81
139 13
144 35
50 118
101 145
50 97
4 121
146 42
27 132
51 34
64 116
18 71
65 44
146 34
97 97
61 41
72 142
132 2
133 48
17 19
90 41
3 14
63 79
137 22
137 113
25 16
133 10
20 7
70 41
28 58
47 106
147 32
38 81
15 103
97 93
144 5
75 44
60 148
56 112
28 15
143 23
56 111
97 96
53 42
122 94
65 80
79 148
23 127
66 141
90 28
149 62
105 122
122 61
35 9
114 25
21 39
113 74
24 109
141 128
30 54
23 54
3 30
73 58
11 51
52 32
141 60
98 85
52 133
50 44
15 141
93 71
124 105
69 100
40 117
139 85
30 11
72 124
12 133
26 61
35 58
24 44
58 69
51 135
149 48
136 78
125 40
136 23
133 108
72 79
107 22
135 141
84 86
104 133
130 16
134 4
129 48
122 60
53 39
88 27
12 125
120 101
67 31
106 130
53 127
97 149
38 98
111 85
133 103
45 8
111 98
58 94
77 15
25 7
146 76
135 7
42 120
115 21
85 86
9 92
111 111
2 83
55 32
35 76
133 97
114 148
132 119
11 132
149 117
66 86
55 63
19 114
77 92
139 141
124 66
80 1
17 75
105 145
147 148
30 100
13 52
83 15
99 21
5 122
147 99
117 103
8 32
130 91
126 36
87 55
106 56
31 86
28 60
80 96
79 32
110 58
140 17
110 60
131 21
131 22
143 33
29 138
80 143
124 84
127 134
79 37
112 50
76 142
36 47
67 54
16 123
86 60
21 13
12 98
38 43
102 127
4 149
75 149
31 81
125 93
94 40
66 62
8 141
83 87
55 113
111 20
16 42
53 69
99 64
146 30
117 107
28 132
11 0
71 141
60 3
27 67
131 136
122 32
68 16
101 15
71 114
30 71
131 9
137 60
78 84
121 24
105 102
144 78
96 8
96 19
42 1
110 4
13 149
21 19
41 131
44 134
88 7
17 37
58 104
48 114
131 51
1 55
97 50
30 110
35 14
84 125
27 144
2 130
133 88
38 141
132 85
148 50
114 9
65 99
74 147
146 109
107 125
32 4
37 74
38 146
5 107
32 129
147 40
89 1
114 106
127 25
148 16
34 25
18 68
144 26
132 86
85 40
112 82
120 133
99 103
68 95
24 124
68 92
82 90
36 44
125 112
50 99
100 29
69 133
31 19
95 42
96 105
67 140
129 28
38 10
8 28
38 45
131 51
99 17
122 51
42 27
102 82
74 59
78 58
68 108
104 113
130 45
24 63
27 53
121 33
53 73
52 89
15 60
121 20
21 39
124 140
130 97
85 28
36 92
129 43
142 146
128 65
149 91
127 98
143 45
34 100
48 83
16 41
121 67
64 5
6 3
97 49
48 56
68 9
8 149
17 98
20 94
139 41
94 17
122 62
58 4
36 143
29 108
90 61
62 37
121 79
9 127
98 95
69 27
129 76
132 143
0 59
114 57
39 108
120 132
116 43
113 148
121 122
138 148
84 47
49 132
19 13
56 30
129 102
46 48
69 147
81 36
78 130
117 121
63 63
142 18
10 118
72 10
118 147
25 102
32 79
137 121
37 1
88 81
88 58
69 100
40 11
93 126
40 60
105 1
40 118
100 62
57 17
64 113
74 18
46 25
8 68
57 88
71 126
128 10
49 40
58 133
117 121
57 5
20 95
138 123
101 91
91 118
148 33
121 21
68 47
113 81
68 23
81 142
8 17
29 45
68 33
132 42
125 37
94 24
96 117
41 4
81 148
17 98
15 8
126 119
52 44
90 69
5 128
124 137
23 130
86 8
6 30
21 35
38 143
52 27
6 105
133 24
65 14
124 0
44 73
76 86
77 142
103 78
103 133
18 95
138 83
12 21
106 15
65 20
134 24
31 24
97 133
1 7
76 54
89 50
3 56
142 68
33 135
70 146
85 132
15 116
64 61
11 27
90 10
51 103
140 104
62 116
75 55
133 97
33 68
5 143
36 7
93 77
140 12
80 39
105 82
17 60
30 111
45 59
142 143
10 134
42 30
45 68
103 147
76 29
149 2
4 25
24 88
139 130
39 30
58 9
142 26
102 107
74 110
46 16
101 25
77 82
13 3
131 147
29 47
16 29
20 20
105 47
19 79
49 10
36 101
60 83
69 80
74 135
59 139
92 77
48 74
26 100
144 73
131 63
114 25
59 143
72 124
6 29
4 1
145 73
95 140
149 29
101 80
15 30
110 15
134 19
7 55
140 10
136 73
121 56
20 148
3 55
8 139
91 122
127 138
69 5
86 146
76 102
17 2
85 84
7 89
70 128
50 21
20 114
129 148
76 112
67 77
20 100
119 38
63 67
63 114
41 136
92 30
73 64
12 126
72 45
111 63
41 131
83 21
23 111
126 18
18 58
113 22
62 81
123 26
74 129
127 70
100 50
136 95
94 120
0 57
36 49
133 32
88 96
30 123
91 1
85 130
16 57
109 37
36 77
127 115
82 68
4 22
29 83
144 73
20 106
125 32
64 46
3 115
128 107
39 148
51 97
131 10
126 110
61 16
90 72
8 25
122 132
148 63
58 19
75 90
8 83
48 18
30 128
13 82
143 22
6 11
37 4
121 119
41 81
146 114
87 97
58 146
32 6
135 54
30 113
35 118
76 105
30 54
115 109
74 47
143 90
21 47
58 83
1 82
98 131
137 35
21 117
115 89
85 30
20 91
19 40
144 133
17 105
71 80
141 138
40 82
96 51
96 50
28 93
104 77
95 148
106 134
15 118
84 37
124 129
3 142
14 10
96 28
129 38
49 72
57 148
15 95
135 54
70 36
147 104
69 7
2 52
7 102
92 78
125 126
62 98
99 40
17 102
59 136
133 96
142 37
48 125
141 42
37 123
99 80
56 35
32 26
42 46
78 8
34 75
79 24
45 97
147 87
6 23
146 90
25 115
6 129
82 75
97 123
105 147
51 77
57 49
24 17
138 51
35 7
25 56
100 41
28 24
58 19
93 59
65 120
25 65
49 41
139 47
13 144
85 50
7 59
143 76
32 53
133 93
116 32
56 6
66 14
20 5
95 38
97 84
46 29
111 91
98 101
11 55
119 74
3 9
103 11
44 26
74 43
93 17
30 80
99 25
19 48
144 91
7 79
62 88
56 94
131 35
120 85
104 84
136 69
27 17
78 108
7 147
34 97
129 17
70 61
149 100
45 19
65 141
136 68
33 121
40 134
44 76
37 118
50 121
3 59
79 37
82 74
94 69
26 53
142 94
65 19
136 104
46 106
52 31
136 48
32 42
10 28
141 142
73 20
63 21
135 133
103 64
29 124
129 141
79 45
121 26
139 116
21 92
4 87
61 143
62 141
88 17
28 85
78 50
143 2
55 24
141 71
41 84
101 68
1 77
83 136
64 86
45 109
73 38
38 1
120 112
2 143
9 125
50 31
124 133
38 98
70 102
21 69
71 87
57 111
93 54
117 109
38 47
58 25
45 49
131 104
137 73
4 66
59 25
106 139
134 50
88 112
103 62
54 142
116 127
22 102
34 127
8 107
48 12
74 92
80 59
16 132
147 3
136 101
1 57
76 6
43 66
62 99
101 67
143 31
120 101
94 38
73 84
108 38
83 24
34 45
123 115
68 96
66 80
46 38
83 17
39 25
45 31
10 123
114 123
113 18
104 46
27 9
110 116
135 101
123 29
109 31
73 136
115 81
78 86
76 115
107 4
25 141
97 128
45 72
13 43
111 63
111 125
31 31
83 97
45 72
27 2
127 134
74 66
145 10
56 87
96 97
108 143
35 67
96 72
9 87
65 60
89 123
72 139
111 68
101 12
106 20
0 50
21 30
142 83
60 125
5 84
138 135
135 125
13 0
104 92
100 127
95 91
75 9
138 138
134 30
124 102
102 98
114 43
62 39
115 62
53 110
82 111
135 68
10 26
30 110
91 57
20 71
79 102
124 9
83 90
77 98
112 127
15 17
103 25
125 98
17 106
72 85
144 46
115 119
34 143
127 110
52 130
131 26
44 19
96 7
148 9
139 148
143 126
84 48
106 97
86 37
104 63
124 142
133 144
20 85
117 72
126 60
41 133
124 149
84 147
76 4
87 128
105 38
69 2
11 136
42 76
31 102
109 57
65 140
13 50
5 107
11 112
81 91
148 15
141 16
81 145
28 20
111 126
132 44
48 116
117 99
122 60
144 125
41 0
43 60
28 99
139 69
98 105
131 18
7 60
14 27
53 4
9 144
62 40
75 84
52 85
26 135
100 114
85 0
13 82
22 84
82 147
58 10
51 96
38 54
94 109
41 11
72 11
31 120
98 16
137 132
94 33
18 33
147 27
143 106
87 0
26 126
44 78
31 17
105 106
39 33
100 149
60 111
44 110
134 14
50 17
127 21
65 58
93 148
7 53
124 126
85 92
99 108
103 98
3 73
35 99
124 92
144 81
13 134
9 41
22 128
124 17
31 85
104 44
96 88
49 132
79 75
1 35
45 76
128 82
60 6
132 56
76 18
96 55
43 8
30 146
121 12
1 13
25 134
23 88
54 143
44 79
107 29
57 14
24 61
80 129
115 123
23 57
23 17
84 89
149 10
53 100
129 22
3 90
50 13
44 129
32 141
41 35
95 69
40 88
26 26
94 125
122 144
92 60
24 83
37 123
42 68
142 101
63 5
15 51
84 145
92 70
68 78
54 102
47 17
15 73
114 96
129 71
20 89
104 145
130 57
110 106
144 55
96 38
127 62
2 115
82 62
30 92
45 117
63 27
102 43
32 36
100 30
102 26
33 14
25 117
114 55
66 63
38 86
136 148
6 140
14 133
116 67
114 3
56 76
142 38
121 14
134 114
9 146
40 135
24 54
109 20
103 74
135 111
28 51
59 140
48 86
42 124
39 83
145 3
88 75
60 39
138 107
100 99
113 89
2 23
3 143
78 120
19 57
29 19
130 83
83 11
85 64
133 12
110 105
86 27
61 46
7 8
94 9
88 98
26 77
45 146
37 24
134 1
147 124
26 49
132 50
134 91
33 135
60 126
147 78
110 92
62 70
105 10
81 0
1 16
134 93
101 46
42 143
148 86
96 132
32 129
136 53
34 91
142 28
82 108
113 87
29 142
122 19
8 65
141 30
56 36
26 106
42 93
136 106
147 50
106 60
23 125
29 135
76 131
67 42
41 114
65 103
98 31
144 143
112 60
52 59
86 26
12 143
149 4
74 38
37 39
35 138
68 146
95 67
129 118
5 37
87 17
87 33
72 50
117 90
147 1
56 65
91 6
101 62
57 82
104 133
44 126
84 92
67 0
31 45
104 45
83 11
147 109
142 90
8 32
32 5
11 51
114 116
61 91
64 35
1 96
86 49
10 85
0 75
38 38
27 10
2 1
112 129
101 76
97 108
14 104
67 113
81 105
81 83
74 53
53 94
144 113
93 10
141 94
128 14
91 94
140 46
51 95
58 139
52 75
121 137
71 0
1 68
34 86
38 104
15 93
101 111
40 18
114 29
122 59
14 47
135 90
47 91
87 52
83 110
111 16
69 87
113 113
119 27
133 149
7 57
135 127
22 16
12 37
118 106
101 99
126 80
2 17
55 48
89 72
46 80
57 140
8 0
36 123
34 138
13 131
65 20
12 82
64 70
74 147
33 118
133 148
126 25
44 54
22 99
41 25
10 43
58 149
32 25
63 51
143 139
82 63
110 5
49 78
19 2
38 147
114 12
40 110
140 112
135 86
109 68
119 123
110 134
89 97
58 147
15 144
20 107
97 105
13 17
88 144
66 73
141 116
147 20
75 4
40 143
63 64
123 74
0 38
31 82
39 43
109 121
114 30
31 48
71 60
75 67
0 133
55 30
83 13
59 145
33 106
81 90
61 148
114 19
67 130
56 10
42 149
94 93
139 27
7 110
18 4
7 39
25 79
96 104
50 137
128 93
60 142
103 127
144 17
41 118
21 64
103 55
93 44
65 102
44 66
5 33
12 69
2 113
65 125
137 147
76 15
59 52
60 107
14 17
95 54
17 1
125 25
77 107
42 45
35 114
120 86
146 76
145 106
28 72
94 44
116 96
106 145
85 29
63 78
140 68
92 147
106 99
140 64
7 42
104 39
97 74
30 117
74 111
51 25
146 44
58 130
66 60
44 5
57 4
73 13
25 125
88 48
98 48
90 52
74 81
36 144
18 62
94 1
81 68
75 51
120 37
135 148
84 139
50 72
38 2
28 0
114 20
83 70
25 47
78 29
107 33
18 34
15 99
8 102
1 148
21 56
51 137
33 102
25 15
120 93
98 88
105 18
101 143
113 9
3 77
11 112
149 63
25 54
36 70
61 87
142 136
88 31
6 108
21 101
88 101
0 137
43 40
128 50
148 138
7 6
121 25
20 51
148 110
10 11
129 139
119 115
74 111
133 29
71 73
106 1
32 16
133 144
142 110
7 135
5 22
66 54
107 123
149 119
91 73
82 115
8 77
57 28
68 83
84 11
86 18
93 86
105 20
79 118
53 69
105 1
0 110
15 38
50 28
18 143
141 130
28 46
74 21
26 111
149 142
2 101
97 16
7 72
57 60
23 117
44 48
90 104
93 36
34 125
36 112
121 46
102 134
138 47
103 20
104 28
59 32
47 101
65 50
44 64
118 96
74 110
22 33
23 50
72 49
98 79
96 94
144 26
142 59
85 146
87 85
139 98
64 56
100 58
73 101
89 89
76 23
110 12
77 130
28 125
105 32
127 140
123 125
3 135
10 117
95 116
4 30
17 90
115 138
23 3
50 34
121 14
105 66
19 32
61 64
79 138
22 23
120 141
8 0
39 139
101 136
31 146
116 97
130 131
134 52
85 115
55 114
83 98
80 34
31 71
54 30
16 59
85 59
71 29
55 24
65 63
40 129
109 81
17 12
145 98
119 91
62 97
35 86
18 114
11 125
130 37
20 109
62 4
144 32
105 40
118 84
31 15
11 147
42 38
42 9
60 57
55 58
140 43
146 113
132 9
144 143
29 106
76 124
42 149
36 81
115 4
33 5
57 45
78 101
133 123
3 121
143 142
117 2
9 46
122 92
43 63
7 113
6 94
117 112
141 64
4 31
5 4
60 136
125 93
24 132
86 103
60 2
133 89
138 132
101 45
89 113
100 113
143 23
96 43
124 33
5 132
58 71
22 26
30 41
121 133
48 98
101 58
95 86
126 33
103 45
128 129
119 2
96 23
4 64
132 86
99 70
61 18
98 68
63 135
46 145
121 83
3 81
1 12
139 3
54 8
53 76
108 139
94 92
51 141
148 84
112 131
19 137
125 52
93 96
50 78
71 141
100 90
146 48
71 73
102 138
97 147
13 115
121 119
8 10
96 108
37 96
109 67
45 21
36 101
27 115
58 99
123 139
5 57
38 113
39 80
68 73
112 4
26 39
13 77
27 66
73 1
58 141
21 143
8 86
11 10
4 89
21 82
2 98
86 18
6 87
41 108
132 72
95 103
128 22
21 141
33 98
68 115
22 103
88 129
99 51
59 28
94 115
132 128
88 64
18 94
128 97
92 10
116 84
71 93
1 70
130 17
53 38
48 57
26 15
142 29
63 122
119 4
134 83
112 125
11 113
42 108
126 90
86 37
19 34
140 31
106 42
74 30
88 19
73 127
60 112
69 71
72 54
82 1
54 78
134 115
137 10
84 54
105 9
35 2
145 9
31 71
115 131
75 114
35 40
80 136
128 142
49 28
68 37
147 122
30 113
102 8
112 99
95 147
79 112
60 65
128 126
147 83
95 59
93 33
80 87
68 55
126 56
98 47
13 3
133 98
98 138
140 55
51 53
33 82
139 44
59 0
129 103
80 80
93 2
72 89
80 0
115 129
128 148
111 146
147 52
70 57
57 95
5 66
77 87
33 48
132 114
42 39
92 18
77 9
83 54
146 29
132 80
108 22
145 60
136 23
146 25
141 134
56 114
148 75
138 15
62 98
134 62
89 20
49 42
136 93
45 85
119 111
146 127
2 121
97 51
114 98
21 108
103 128
58 116
148 24
3 39
114 30
63 106
2 51
93 39
67 110
122 145
102 75
118 98
109 21
36 46
22 114
91 69
130 130
60 124
4 32
22 100
38 143
12 102
3 19
120 11
89 75
61 19
131 74
0 57
123 57
123 66
121 48
26 136
75 106
149 12
143 26
143 119
86 145
73 12
87 80
102 52
8 120
22 119
63 117
77 148
81 48
9 10
95 93
137 72
117 56
2 56
15 132
22 122
36 40
127 70
42 114
113 106
23 45
119 1
78 87
36 143
103 66
95 98
130 114
40 71
122 19
132 49
96 146
99 76
136 28
109 101
2 73
41 37
108 1
129 97
54 68
41 13
97 113
140 43
23 48
133 67
116 99
133 106
62 125
60 22
113 15
102 22
11 62
119 97
115 127
46 42
123 80
36 70
1 7
3 77
0 12
134 76
68 108
60 79
145 17
35 119
1 120
92 9
10 68
106 61
113 51
54 47
126 0
146 61
83 37
20 103
79 137
2 68
9 73
134 39
26 110
100 14
37 42
44 17
148 43
137 134
57 1
101 116
92 142
15 71
17 87
138 129
110 123
134 83
91 28
88 109
130 52
101 66
0 96
84 99
42 11
31 119
142 105
1 143
26 78
110 55
133 95
110 8
136 57
119 21
145 28
129 133
49 58
53 36
52 28
87 72
8 35
138 128
43 88
82 72
53 14
136 102
75 100
6 99
3 134
121 47
55 30
142 138
115 78
31 19
114 48
141 121
60 58
141 16
77 1
140 79
147 121
79 130
61 70
40 127
118 25
121 22
136 91
40 132
148 59
39 147
58 135
94 28
135 20
31 49
88 131
106 18
45 2
140 23
114 15
96 106
23 148
114 63
13 4
15 44
138 5
44 12
135 56
117 124
102 62
110 63
3 137
125 127
25 24
123 5
69 65
32 97
50 111
26 49
58 4
135 37
129 34
4 35
108 71
128 93
51 53
128 142
77 111
123 42
101 63
122 125
72 21
95 27
92 121
55 88
85 133
79 52
77 119
63 62
84 127
103 42
28 79
104 97
71 111
130 108
45 135
88 47
26 118
13 18
64 101
12 82
94 111
50 4
68 2
124 136
9 58
115 89
11 74
126 80
112 0
139 134
128 14
115 35
76 91
141 41
143 32
149 55
44 129
100 142
116 131
126 143
89 89
129 0
24 24
18 24
100 23
83 105
24 94
132 29
90 48
127 134
89 33
108 96
13 43
97 66
10 66
13 116
143 109
100 125
73 136
55 110
42 129
37 85
135 125
104 67
57 113
122 118
54 94
118 20
71 79
52 109
100 132
41 22
17 138
7 30
101 102
75 4
140 44
49 53
89 111
2 145
131 62
0 42
83 52
8 122
44 147
77 80
66 70
109 51
83 136
15 28
54 120
137 143
101 81
81 43
140 23
110 64
38 26
21 7
68 62
122 86
5 48
107 93
38 115
68 29
27 114
8 34
107 15
95 65
147 31
23 51
53 17
68 43
78 1
144 137
36 127
138 53
54 20
98 68
149 48
148 128
48 35
30 128
56 87
10 107
109 12
83 115
91 49
58 79
137 128
39 116
93 142
14 37
101 8
74 139
100 124
61 35
28 51
2 96
21 54
49 42
70 111
68 6
115 36
31 118
51 8
106 108
12 1
81 148
74 109
123 102
15 120
25 96
33 106
19 129
111 115
91 69
34 24
19 35
54 65
121 97
123 126
49 72
119 2
132 114
102 23
68 133
53 140
10 138
106 46
119 77
60 25
133 54
74 146
79 121
99 145
95 149
125 41
36 133
14 63
45 109
115 77
49 10
122 112
133 67
54 17
45 68
21 32
88 79
94 78
18 58
147 71
2 25
121 141
8 83
62 145
9 100
67 74
44 111
37 46
13 111
1 7
133 130
44 68
118 79
48 143
11 39
98 66
132 60
117 56
135 70
71 17
81 20
137 13
74 63
128 79
72 8
112 101
69 64
15 67
124 57
129 67
13 15
27 35
113 49
20 133
135 55
12 129
52 31
19 123
91 92
50 8
24 121
14 148
77 54
135 56
53 98
48 82
139 41
68 138
149 118
122 10
97 145
27 137
68 118
11 13
39 84
66 105
57 61
9 114
6 3
104 112
40 2
68 115
51 100
98 136
79 132
74 8
19 115
52 47
137 39
101 140
2 145
89 146
123 58
67 89
106 137
27 147
28 26
113 111
46 20
62 32
99 28
102 60
54 127
36 18
16 48
106 59
90 142
71 89
23 84
130 89
128 143
101 71
39 37
107 93
100 79
96 76
114 8
120 98
62 12
70 106
78 54
119 4
130 40
62 124
125 40
96 39
135 4
80 46
13 101
78 122
61 108
136 69
11 60
37 123
31 32
11 58
19 82
17 136
3 88
10 57
106 60
77 94
33 48
145 11
46 47
109 50
77 107
76 53
33 146
52 86
66 144
137 68
75 120
59 125
102 16
95 137
93 107
114 99
65 101
138 67
88 11
20 114
83 110
37 72
85 88
72 48
85 31
114 102
127 47
88 80
133 143
9 125
126 44
2 7
107 125
142 127
114 62
81 91
57 142
26 31
62 96
32 131
117 37
82 139
114 119
14 31
11 19
128 38
12 93
101 0
67 78
77 56
104 77
124 36
56 111
5 144
145 135
71 48
104 73
110 14
125 0
77 122
137 18
90 103
97 74
97 60
101 2
68 24
15 106
6 101
62 148
141 60
54 67
58 88
52 73
58 17
71 42
50 23
26 121
129 20
1 1
4 109
69 93
46 11
2 129
23 71
24 30
11 61
0 20
30 16
87 120
13 139
137 81
149 144
18 57
102 38
133 77
23 94
135 22
125 125
110 75
70 18
17 145
62 106
110 147
53 2
149 7
50 87
10 137
103 41
18 107
102 54
106 117
84 1
3 87
13 148
7 58
145 20
17 12
40 3
73 51
117 66
88 2
134 3
116 114
45 76
34 40
66 35
134 148
1 49
142 82
10 94
43 63
145 80
25 87
11 148
14 20
28 26
36 80
141 15
16 121
136 37
141 19
85 138
111 43
19 125
41 132
59 41
21 148
22 16
90 18
58 107
17 109
26 123
8 11
0 121
97 6
6 146
95 93
110 41
41 104
141 134
73 121
59 127
27 11
148 122
78 64
145 138
89 82
109 122
122 2
67 74
46 107
65 6
67 114
30 133
15 81
60 133
79 3
140 97
145 20
21 17
57 112
24 31
43 145
103 95
141 75
78 133
118 104
59 47
129 114
49 52
51 24
98 36
116 47
131 21
97 18
144 135
86 125
52 149
114 16
35 110
76 85
62 114
62 43
120 121
112 43
32 4
87 76
56 143
89 13
34 4
100 19
105 78
71 68
47 99
41 97
116 44
62 106
82 123
27 24
12 149
113 109
127 6
24 71
96 96
18 80
80 70
17 39
48 40
10 53
33 46
77 100
22 8
13 81
144 16
29 89
68 64
29 74
28 4
147 40
12 3
52 64
35 105
124 93
79 117
39 99
89 8
37 78
27 113
77 141
77 89
117 112
130 112
144 12
104 62
111 20
101 149
111 2
108 63
47 2
149 25
51 40
73 133
12 27
65 14
113 63
38 148
60 149
123 64
33 40
22 144
127 16
4 9
48 77
76 139
113 132
49 143
61 62
3 31
61 144
19 12
11 5
120 27
59 38
10 131
86 77
86 82
140 56
118 58
16 136
9 83
117 119
38 8
68 60
74 56
14 2
97 14
143 48
103 2
99 141
119 51
118 117
139 7
55 125
0 40
61 107
32 71
120 63
24 16
1 133
56 13
104 133
113 62
65 30
136 91
52 8
8 26
71 80
35 11
126 101
88 144
116 10
62 9
2 122
105 80
87 53
147 47
126 127
120 23
72 97
3 124
114 1
11 84
5 18
25 76
121 128
73 62
10 86
42 21
113 121
105 104
89 39
112 141
2 87
138 47
44 145
4 96
68 42
31 11
37 100
81 122
91 81
65 146
38 57
64 105
58 130
124 44
24 75
141 100
10 79
148 120
99 131
17 56
89 78
70 59
103 33
122 81
60 9
18 58
21 145
146 114
91 136
85 92
132 76
16 2
58 19
85 47
53 98
115 124
19 44
110 126
16 117
12 45
28 53
43 119
16 140
14 79
44 84
121 100
13 19
78 61
49 86
145 135
60 124
60 104
44 17
109 140
56 76
14 7
16 34
5 133
135 17
64 71
128 120
28 34
42 85
110 125
118 58
69 146
120 63
91 27
92 37
28 108
56 2
4 87
94 60
122 34
88 37
18 19
8 148
29 72
117 91
134 101
119 95
77 124
90 12
111 86
84 128
99 12
44 79
145 43
6 69
139 121
36 137
137 38
17 145
44 92
44 113
18 62
63 98
120 23
133 109
5 55
30 83
45 133
30 139
103 43
5 58
82 84
62 39
3 45
138 53
90 83
143 70
59 37
86 107
143 23
98 21
86 56
142 96
21 29
60 7
42 29
6 146
75 33
9 126
84 4
129 20
73 107
120 16
111 0
147 132
65 32
55 38
80 77
99 145
42 95
19 40
143 41
18 141
64 30
23 103
21 50
61 22
31 49
53 29
68 67
55 98
27 76
112 96
141 48
74 52
82 11
70 92
55 107
13 79
4 126
36 108
118 81
25 72
24 31
1 16
24 35
25 141
100 103
136 61
148 100
34 3
3 86
9 7
42 95
136 141
105 61
142 12
19 85
77 115
14 15
70 84
141 17
87 144
105 129
88 128
125 96
72 80
67 60
103 50
117 120
76 32
77 125
32 6
63 142
60 103
148 52
111 141
75 134
71 145
46 138
85 135
79 43
73 71
71 93
6 48
5 2
108 59
15 138
23 48
119 104
70 147
28 112
7 11
100 64
131 60
3 141
5 88
91 131
73 43
113 125
74 103
90 12
71 87
90 109
10 134
65 80
6 104
40 128
104 95
66 97
67 3
144 130
8 112
109 26
59 55
49 2
114 92
72 41
58 32
39 94
112 22
42 144
101 41
92 125
13 30
141 133
104 64
127 149
20 70
46 113
8 56
36 70
64 135
82 17
35 138
43 132
46 137
77 71
54 41
134 117
119 134
65 25
102 16
124 147
103 19
124 123
23 41
95 55
22 14
20 24
39 129
9 42
80 27
43 94
116 24
145 27
51 14
74 104
100 134
100 11
134 63
138 40
22 67
29 36
129 36
33 122
105 71
116 144
7 22
55 43
132 114
28 20
7 112
15 138
23 110
143 102
55 84
86 102
89 73
66 35
149 93
12 110
29 72
101 137
131 62
38 134
112 61
95 83
72 43
131 83
32 148
119 110
79 14
146 106
88 143
118 86
120 141
50 118
79 143
62 146
46 136
128 9
119 117
94 38
112 72
138 26
38 80
80 44
28 9
96 0
94 28
80 53
39 146
41 145
78 116
149 144
54 49
22 32
22 134
89 117
41 143
126 24
38 140
94 24
122 65
16 19
122 114
102 108
97 65
36 140
22 108
77 30
14 102
144 61
52 98
93 26
42 142
37 16
46 58
1 80
95 36
6 40
21 77
77 76
73 90
88 86
97 60
110 63
0 91
135 50
95 1
112 79
116 106
135 6
135 131
70 44
59 123
39 73
78 55
147 128
129 132
29 103
78 138
52 69
86 146
88 109
68 139
110 37
121 40
122 69
126 65
149 15
50 70
137 138
5 90
113 131
124 45
33 8
38 35
124 124
80 119
29 31
107 91
101 78
129 86
75 123
115 5
134 30
54 93
111 88
61 60
65 149
0 2
34 119
57 10
123 48
21 114
123 92
0 92
65 61
71 57
2 148
25 103
138 42
149 22
23 90
100 23
142 141
45 38
70 147
95 128
61 42
40 17
135 19
136 59
95 55
27 140
8 119
91 52
55 54
64 128
85 18
56 58
35 57
3 143
69 100
60 29
148 6
134 47
39 2
111 45
103 95
135 19
128 143
90 88
25 53
29 60
84 51
3 1
5 6
57 7
81 68
27 37
99 114
102 74
132 66
79 40
108 23
144 142
20 12
32 35
43 28
48 59
103 78
91 9
73 98
59 145
66 110
142 109
111 147
68 81
90 140
133 58
84 97
124 112
8 58
85 72
103 48
72 122
30 126
108 104
102 65
123 121
53 12
102 94
65 108
13 78
7 31
22 146
85 121
113 134
77 90
63 6
10 67
115 67
112 19
142 73
126 19
34 38
36 52
122 118
11 77
104 110
91 16
1 67
142 51
116 60
0 96
119 115
118 120
110 76
61 75
110 138
133 55
145 92
22 7
135 70
21 23
103 60
39 110
14 100
95 65
128 2
52 142
41 59
34 148
41 133
129 21
127 119
51 120
98 57
30 124
66 35
106 78
36 63
76 111
46 51
125 74
141 62
53 62
51 47
130 132
25 92
75 14
119 75
68 53
134 39
124 123
123 97
58 54
10 73
66 68
92 50
118 35
81 145
117 92
73 71
145 48
21 66
80 26
1 77
119 6
59 41
130 88
130 58
120 147
54 43
104 80
8 14
70 130
124 57
142 119
41 5
42 136
75 56
136 105
96 75
31 64
146 58
86 34
122 100
115 80
30 136
143 63
64 87
30 133
45 8
40 96
108 5
105 35
129 92
72 134
2 69
29 119
14 145
51 39
33 126
52 127
33 25
131 111
79 146
126 15
8 112
141 147
118 110
105 75
68 61
145 148
107 31
122 134
140 93
107 32
4 1
92 52
145 17
120 67
78 116
87 139
101 118
109 35
107 84
22 53
57 84
134 4
48 76
94 129
136 43
145 105
119 54
73 136
72 5
148 88
58 36
83 131
141 108
118 26
43 65
91 104
46 72
130 48
97 82
9 47
6 42
24 26
15 132
24 62
42 64
52 118
54 93
21 93
37 81
107 0
148 125
14 1
129 94
82 86
89 129
29 133
48 100
31 63
128 67
102 78
25 55
41 49
142 57
65 137
106 137
141 8
149 88
54 120
107 69
36 92
142 32
20 18
118 11
37 29
74 19
17 60
31 36
6 45
85 81
30 145
72 88
127 118
0 92
102 53
54 42
149 2
141 140
118 13
4 84
93 117
24 41
95 65
4 72
36 62
78 104
121 125
22 144
139 76
83 39
46 28
132 52
40 7
9 84
61 138
11 99
147 83
61 65
121 21
111 99
3 71
18 122
14 122
143 138
24 96
58 50
78 84
54 119
91 73
101 102
13 114
56 135
19 147
90 0
24 21
96 127
112 68
71 149
117 102
110 120
29 135
107 99
149 70
105 50
67 83
29 28
61 16
56 115
56 135
111 23
88 70
51 73
28 149
109 124
89 136
113 129
13 15
2 47
93 82
146 94
20 115
32 70
85 75
141 98
35 106
12 42
26 85
22 57
129 102
56 20
3 67
69 143
144 149
79 124
100 55
138 23
108 23
107 88
100 128
63 106
55 72
127 75
100 118
139 139
61 20
56 85
117 62
117 31
35 81
1 72
77 9
96 129
117 23
134 18
41 127
64 8
142 66
110 93
54 6
86 89
9 99
106 83
1 147
11 89
46 107
89 99
54 31
102 119
98 129
66 67
46 10
80 25
60 2
1 119
48 146
86 24
39 83
54 127
97 45
100 124
144 93
81 98
14 80
49 74
3 125
84 90
68 44
0 78
100 0
136 56
74 134
73 93
118 46
41 51
73 129
28 118
82 24
139 47
25 115
99 29
142 65
115 21
114 22
15 114
96 63
143 6
59 118
63 145
13 84
27 138
76 146
33 5
46 106
32 117
91 60
37 133
41 147
64 124
52 81
51 68
95 140
52 123
133 27
10 87
115 140
56 6
51 133
5 149
49 97
28 128
44 119
6 18
123 109
36 15
99 147
115 65
70 132
110 89
133 37
92 94
133 75
95 60
21 0
119 20
65 46
76 2
131 49
26 93
46 0
102 39
112 116
56 124
47 3
69 120
9 48
120 71
92 134
69 71
62 75
149 130
66 62
111 78
131 95
147 38
127 61
25 136
3 3
115 36
63 149
6 125
71 133
126 63
79 1
121 12
106 107
60 101
120 103
89 106
79 32
30 47
52 134
42 149
124 7
31 66
142 104
127 90
81 82
79 148
145 13
19 118
14 117
91 124
112 79
65 80
117 2
93 51
116 96
78 114
45 26
15 100
109 142
82 54
123 50
91 143
38 9
140 43
12 89
20 33
71 34
20 98
138 130
124 26
62 51
50 109
41 144
13 109
85 132
66 14
90 95
35 79
18 25
89 33
10 56
43 20
72 110
144 1
30 118
116 98
71 8
131 129
49 63
69 11
113 65
8 77
90 113
58 69
119 118
19 13
73 117
5 111
145 13
97 90
127 13
64 101
94 87
149 139
146 140
57 118
113 129
104 140
110 64
42 128
115 31
1 109
145 135
46 40
80 111
51 65
0 105
141 84
82 66
118 41
107 128
96 10
5 44
67 18
107 126
121 37
40 87
37 39
60 111
101 89
43 16
49 50
95 51
36 4
77 85
78 91
81 16
106 87
50 28
121 20
121 20
45 138
140 68
35 41
103 22
105 77
147 98
35 131
52 22
122 44
11 113
108 90
96 50
23 79
62 45
65 101
46 6
6 53
122 63
95 53
74 12
106 141
82 97
121 90
25 52
61 39
53 147
128 23
30 46
113 115
130 109
117 59
69 80
41 119
79 5
37 30
61 6
0 0
7 104
47 114
4 118
118 90
105 52
105 107
94 15
108 9
132 35
36 96
125 75
92 53
96 35
98 13
72 131
8 27
67 108
78 59
91 41
31 132
10 18
32 137
96 45
25 34
43 58
64 42
78 69
17 42
21 17
32 70
25 56
108 87
103 40
119 63
79 5
6 134
36 66
85 31
1 46
103 56
130 23
92 54
48 117
116 5
105 27
128 104
143 35
116 74
139 75
67 31
91 148
23 81
41 131
136 20
91 80
93 73
107 80
88 57
28 79
129 106
16 73
101 5
73 6
52 133
149 78
30 35
148 21
76 83
64 66
132 6
40 40
73 34
147 148
4 140
58 21
5 14
144 60
140 63
94 40
14 65
134 67
87 10
68 51
129 101
72 4
7 36
116 134
33 95
105 70
78 108
125 91
112 96
135 71
126 37
47 105
17 89
27 84
115 77
57 140
79 31
65 76
1 46
3 104
19 107
58 110
30 149
73 83
80 147
134 87
119 130
99 75
134 17
85 21
121 126
122 80
104 31
51 99
83 32
118 149
143 3
92 29
25 144
42 96
22 22
101 16
135 82
137 38
40 36
90 57
31 24
59 100
33 136
27 11
83 45
56 27
35 140
44 72
120 68
68 77
55 100
106 18
94 1
112 16
119 30
146 113
78 39
76 100
51 56
87 16
125 68
97 149
13 50
149 132
36 81
144 94
97 143
95 110
95 126
32 117
131 39
137 147
52 19
86 147
32 149
104 49
143 118
134 116
6 123
89 72
132 137
19 39
141 9
143 75
82 44
120 112
117 72
144 41
63 148
64 109
131 108
2 62
45 96
35 12
8 52
2 9
48 66
130 80
102 7
26 5
39 30
65 60
65 88
52 23
30 11
74 113
14 81
33 126
148 118
69 4
28 92
27 109
140 11
16 25
123 70
118 89
147 57
25 34
94 40
94 88
74 133
5 16
71 130
18 2
38 86
21 4
145 29
28 69
142 145
125 143
14 108
25 129
36 129
25 15
51 70
106 37
37 91
78 70
61 12
115 1
148 134
125 95
87 32
76 1
127 46
102 42
69 74
130 107
148 108
67 120
129 117
129 14
122 109
134 13
132 11
112 132
131 77
92 2
35 125
95 108
107 72
9 32
63 1
35 48
122 41
14 9
135 131
69 37
46 148
92 19
103 135
118 96
57 61
38 6
138 43
58 148
35 119
67 135
122 138
100 47
112 36
128 23
39 137
142 61
127 85
146 1
56 104
60 102
56 45
38 11
146 29
20 68
96 91
133 121
9 69
139 7
94 23
137 139
18 24
121 91
141 103
97 78
141 71
9 24
45 94
92 33
127 5
46 120
36 12
30 72
133 145
147 69
146 64
111 143
70 131
41 141
8 84
62 86
19 65
33 97
106 15
0 25
46 112
90 128
1 126
35 133
98 6
117 92
119 19
124 53
1 73
117 24
107 143
148 14
146 61
94 139
29 138
78 38
64 86
91 4
78 85
2 116
79 32
102 98
25 46
108 130
91 11
75 61
13 74
82 51
112 3
27 82
16 52
98 97
58 34
116 133
51 135
148 70
79 45
66 96
93 71
16 98
63 45
106 133
73 127
128 89
98 79
26 85
121 22
97 59
27 5
19 17
37 117
6 108
48 46
142 58
109 96
105 127
89 97
35 143
54 1
5 35
100 77
40 12
128 120
8 24
56 5
29 125
27 10
96 29
119 59
65 45
75 103
59 64
102 94
3 145
45 112
53 89
137 61
98 15
19 51
20 40
124 52
53 69
124 121
0 94
23 32
88 27
53 29
24 80
65 59
25 114
57 45
97 138
65 139
136 81
86 90
144 139
78 140
73 126
27 142
47 115
28 30
48 65
133 21
78 88
95 27
70 51
82 45
14 147
104 27
110 142
27 54
102 55
35 1
22 98
43 100
27 23
39 59
100 50
67 48
115 30
21 124
147 134
129 68
122 46
56 119
81 132
115 139
131 59
36 63
108 79
8 12
60 55
61 72
79 40
63 66
88 82
131 98
3 113
116 29
68 89
21 32
21 93
146 108
94 60
12 55
77 124
113 114
9 90
69 121
6 13
93 96
85 68
18 131
56 77
144 98
18 49
137 18
138 86
91 17
112 37
15 139
44 142
33 22
14 73
37 69
105 31
90 133
102 131
22 79
127 140
140 63
84 76
80 80
137 115
70 111
77 41
128 80
72 26
40 53
63 65
8 82
90 71
129 132
14 58
5 24
21 148
43 125
30 101
133 59
3 18
44 68
23 34
81 26
82 30
120 60
120 24
94 83
117 124
52 108
20 136
140 69
115 64
140 115
146 39
115 81
65 137
32 115
25 78
8 71
17 110
29 88
142 67
61 142
38 18
131 145
52 62
82 85
73 20
132 125
119 82
87 12
127 31
149 33
49 101
35 103
58 104
112 10
122 123
65 96
16 40
97 24
0 18
118 119
127 146
39 37
129 18
108 68
20 127
61 35
36 6
118 13
135 15
1 20
25 110
1 48
73 93
13 124
70 48
132 67
43 39
109 25
143 74
21 46
33 69
62 49
125 71
139 135
58 126
66 104
81 29
54 58
2 109
12 90
16 12
88 24
1 104
36 55
143 72
111 7
136 143
97 89
58 112
60 133
19 3
5 13
71 78
53 18
51 0
5 17
5 44
16 120
8 105
74 10
69 35
53 38
149 103
125 134
85 98
22 122
112 124
89 27
149 60
102 87
98 76
80 6
74 41
64 68
135 146
34 19
66 137
77 21
26 146
102 86
141 68
18 12
3 6
139 44
133 72
70 68
41 33
76 37
97 8
94 54
101 40
98 142
13 72
6 1
130 135
85 25
70 105
132 143
58 86
144 103
71 92
111 50
141 73
1 87
23 68
136 72
39 127
102 28
95 95
25 82
28 138
58 86
65 123
18 79
85 97
146 18
37 22
56 51
16 110
23 101
58 125
7 93
125 77
109 9
56 26
134 69
62 79
91 111
111 113
61 40
106 14
0 50
77 120
6 7
101 39
16 53
148 90
39 80
140 67
112 37
133 118
56 10
121 113
40 145
64 68
134 89
120 113
12 95
43 124
3 66
32 77
38 74
37 104
114 84
121 21
118 26
25 66
107 46
39 125
145 11
140 32
65 116
83 137
52 120
35 34
28 117
81 31
49 45
45 30
95 73
98 85
10 67
117 51
132 141
58 33
137 73
58 50
26 118
79 144
72 78
11 86
56 59
51 91
32 144
122 107
138 136
22 15
42 127
56 131
48 8
48 37
14 116
95 85
39 60
13 55
109 133
25 118
57 140
13 76
19 102
45 107
35 92
18 9
8 104
123 28
85 8
47 94
66 110
65 10
18 17
63 147
29 118
110 7
133 37
2 119
5 93
41 38
29 40
129 13
22 116
122 82
26 85
54 62
70 79
77 139
94 124
36 85
98 117
92 43
34 24
34 121
147 118
109 20
102 36
24 72
50 3
2 72
121 58
112 52
34 111
14 17
139 104
18 101
143 56
138 14
97 73
29 124
34 70
12 23
63 19
34 73
127 85
133 56
51 60
43 62
101 111
46 145
117 120
102 143
51 64
53 49
119 125
47 96
51 2
72 114
15 14
97 38
23 23
47 24
101 47
35 52
149 79
87 31
69 50
128 106
69 62
79 60
108 93
49 4
18 34
111 43
90 115
110 145
10 29
72 2
136 61
82 19
22 86
73 81
139 75
15 141
102 143
38 9
46 54
75 131
58 97
57 2
105 22
109 138
93 13
123 104
138 127
33 8
39 112
98 38
99 26
44 42
26 122
149 93
149 141
62 47
29 117
94 40
89 75
134 20
137 88
137 134
4 51
50 60
97 148
60 126
21 12
16 98
134 16
126 4
115 122
27 6
120 74
67 146
15 12
73 80
90 110
108 20
20 41
44 49
99 39
143 86
60 67
17 135
81 15
4 84
75 106
7 134
139 85
81 99
20 102
73 69
53 86
136 99
129 74
50 57
81 118
129 120
139 3
131 75
50 133
56 2
95 34
104 50
72 8
4 83
144 138
45 114
70 91
29 110
69 121
78 139
60 46
54 57
126 144
127 12
92 51
35 73
122 138
103 65
127 47
89 2
59 9
50 127
86 63
37 23
17 64
9 34
53 127
11 30
71 52
19 21
39 81
91 139
144 105
46 130
43 85
20 11
74 105
72 23
97 148
44 76
43 36
148 57
139 72
128 65
16 35
42 45
59 123
80 88
58 68
71 139
30 30
30 31
95 87
89 88
142 124
91 74
8 63
52 98
4 139
143 144
23 78
65 49
5 1
13 42
111 62
98 15
147 16
138 31
47 105
105 82
85 11
129 139
9 138
101 138
31 87
32 84
1 122
47 84
113 97
110 1
52 139
71 88
131 128
85 88
129 71
80 5
99 32
49 53
9 133
137 64
84 89
93 119
36 148
33 36
40 82
128 120
48 56
9 118
77 4
43 81
134 118
58 45
96 93
135 46
87 30
70 18
133 114
140 63
51 53
62 31
57 3
149 117
132 122
68 22
120 133
50 119
125 1
106 99
57 3
105 73
101 148
6 86
90 145
80 6
54 49
71 102
93 78
116 45
5 129
90 7
89 8
91 129
51 142
149 52
61 132
137 33
30 114
23 61
4 36
63 90
54 124
126 37
3 131
120 37
128 136
31 108
54 82
8 68
134 48
100 32
111 31
112 94
108 68
4 9
96 10
40 70
11 19
129 33
68 22
104 41
15 96
9 107
149 129
49 70
70 109
140 112
31 129
80 89
96 105
36 10
69 113
28 76
52 132
51 68
68 94
22 72
74 108
13 75
125 141
73 108
51 145
134 105
83 5
46 39
98 54
97 103
51 5
72 25
128 100
141 21
125 5
10 35
14 57
27 12
119 99
110 61
84 146
75 67
47 134
8 110
45 23
36 131
95 56
93 70
104 30
118 78
121 149
120 5
45 26
87 0
52 34
143 48
139 33
65 105
85 81
144 0
129 81
146 25
106 27
23 147
142 28
123 98
16 49
83 109
124 51
127 25
121 146
140 34
124 101
61 59
137 133
141 41
107 75
93 139
1 95
86 107
82 146
15 97
50 94
15 35
134 114
46 69
138 140
15 148
103 21
7 44
31 95
68 46
136 4
112 145
127 66
135 82
113 116
67 144
83 133
31 60
79 12
31 44
101 123
59 131
101 45
4 145
26 2
102 117
86 65
15 27
137 100
15 48
100 133
48 34
41 3
32 149
98 104
96 47
98 149
24 91
16 73
20 93
95 85
137 13
120 97
21 127
124 32
51 110
64 16
48 84
139 46
118 40
120 77
73 31
4 147
71 98
112 77
0 118
62 49
12 135
115 55
93 99
79 107
92 88
14 31
4 72
113 127
102 139
41 125
19 81
138 115
29 22
22 139
54 139
42 41
111 54
43 116
65 115
113 64
6 146
82 62
40 106
125 3
74 132
19 24
84 107
117 144
116 77
132 20
51 81
115 106
74 57
32 40
21 122
18 97
133 136
60 114
43 52
143 72
33 79
117 103
22 70
25 47
141 19
73 90
14 88
21 143
30 126
91 123
78 59
26 135
90 95
2 90
131 0
77 55
77 40
75 99
135 47
63 104
131 145
83 78
65 42
62 146
31 109
65 68
9 98
35 7
45 102
29 87
30 45
7 74
5 61
40 24
107 46
109 108
133 119
105 93
4 131
149 57
113 90
11 123
99 0
46 16
14 129
20 123
115 25
81 31
115 118
20 45
3 48
12 81
80 52
120 37
111 75
29 10
3 82
115 25
147 119
103 25
146 20
101 50
27 79
123 94
13 130
19 115
17 126
140 20
42 77
38 73
104 118
98 52
138 58
61 123
67 70
95 38
133 129
108 114
121 148
142 110
141 143
89 147
118 105
66 64
16 93
117 76
1 7
12 7
69 70
111 136
107 134
43 49
18 57
33 23
121 21
33 145
132 117
67 130
37 18
129 10
15 126
104 141
138 70
82 35
32 97
34 129
77 88
91 97
96 98
13 8
58 96
39 131
128 68
81 100
39 87
98 111
13 26
90 52
139 33
26 112
10 80
45 131
140 61
26 99
132 104
1 135
68 88
87 147
84 87
1 120
91 35
56 75
46 121
93 141
7 116
143 67
2 9
1 7
0 7
72 127
121 142
12 47
91 29
121 32
101 72
137 105
127 103
12 87
103 119
81 82
59 8
55 1
127 128
69 123
109 123
63 81
1 59
47 117
144 130
144 137
63 65
22 99
62 82
9 123
68 148
111 128
126 72
96 149
37 15
89 74
42 57
97 93
66 69
31 122
93 6
62 26
72 98
62 5
41 29
100 63
62 70
90 136
138 31
89 125
50 120
87 35
52 130
17 141
80 119
73 47
42 101
7 42
138 92
84 86
54 7
46 141
122 15
19 8
9 91
40 110
106 149
115 126
41 22
107 73
8 45
18 104
4 79
125 24
34 84
134 60
1 86
98 64
128 126
48 34
104 83
15 141
76 134
31 41
66 23
21 72
51 21
81 117
121 17
57 101
75 47
82 141
58 32
5 92
81 47
86 108
147 11
94 65
52 17
85 148
80 64
99 72
83 96
34 8
122 95
114 129
47 129
15 51
20 3
68 144
62 124
29 71
47 111
110 16
8 59
135 1
53 8
46 10
4 107
145 132
68 40
78 42
110 101
104 149
39 10
44 32
124 19
23 101
117 26
71 44
101 131
44 88
84 32
83 145
101 42
70 130
101 83
36 1
62 145
85 17
88 32
12 3
6 117
148 144
119 107
35 10
130 124
116 24
79 133
0 98
1 99
72 28
128 120
126 87
114 121
29 87
105 72
120 81
53 21
66 82
8 139
129 84
141 77
109 5
102 54
106 6
120 149
23 55
97 127
115 78
47 8
21 82
95 103
60 144
29 46
5 54
128 39
120 63
105 105
124 32
98 149
41 126
82 126
5 4
38 7
112 8
81 117
58 13
14 111
104 51
47 72
94 139
69 133
87 145
89 96
84 76
78 86
42 54
106 77
54 7
20 66
97 30
12 87
50 75
137 126
55 87
10 105
31 40
17 132
108 148
57 126
78 144
42 130
25 135
75 19
26 95
54 107
15 0
44 83
20 142
105 148
7 110
143 121
101 149
71 112
69 52
16 119
94 145
86 84
95 5
99 90
105 122
121 67
69 122
112 17
120 67
92 146
119 79
34 13
104 107
2 105
76 84
42 123
43 3
27 103
70 94
127 139
80 136
53 16
119 43
6 101
27 45
2 114
51 70
51 12
29 68
27 12
118 29
113 78
1 38
124 149
49 66
45 39
129 90
52 64
16 136
100 138
19 122
128 107
5 117
140 35
22 92
12 73
63 113
1 123
12 59
54 18
100 114
42 76
149 61
101 10
93 36
80 16
110 147
13 143
35 94
21 116
109 135
22 31
80 32
124 93
90 141
124 58
36 78
49 121
46 121
82 100
7 78
50 69
147 85
3 42
69 141
91 82
114 23
94 87
59 76
36 13
23 125
131 128
69 95
90 17
128 20
102 20
51 9
21 114
21 2
33 116
135 142
24 71
36 71
100 147
88 19
143 64
33 93
80 78
105 27
59 77
66 97
69 43
10 123
110 24
121 105
92 112
15 35
133 12
63 48
97 112
108 77
68 134
83 55
15 118
39 2
37 100
34 32
124 43
56 95
96 103
104 44
133 24
124 67
49 123
8 129
42 119
119 83
135 32
79 120
109 136
60 145
141 97
44 34
103 130
80 93
48 13
73 68
142 121
27 28
17 46
41 6
117 41
92 133
7 0
51 57
14 75
114 123
91 52
130 107
144 1
44 135
97 42
96 80
105 122
2 42
140 87
65 137
22 11
133 10
92 89
29 78
96 106
66 17
143 28
13 110
70 123
110 137
58 46
19 71
81 140
57 52
26 32
92 57
142 71
138 23
50 37
94 69
107 124
76 125
40 125
141 70
119 56
131 146
110 77
66 72
64 57
67 115
27 109
48 34
73 13
121 74
139 46
92 138
23 93
61 104
145 28
108 139
25 115
61 21
133 140
51 4
50 94
125 81
116 81
62 76
23 51
108 12
0 20
81 0
141 123
70 18
99 107
61 121
137 32
143 52
124 20
83 9
133 11
143 20
82 138
39 95
5 108
121 127
11 18
16 131
7 56
46 23
37 28
65 64
60 39
142 52
137 47
74 70
1 33
81 127
147 3
132 96
114 134
147 59
131 91
89 102
137 43
88 59
122 99
80 91
117 112
24 90
69 81
51 41
125 94
107 33
109 82
131 19
87 138
92 149
95 138
6 3
121 119
145 147
107 91
57 55
40 30
24 105
28 145
110 110
136 84
72 22
59 129
33 86
103 101
142 140
7 59
115 37
34 32
26 27
62 140
90 139
120 124
107 119
143 87
27 52
12 111
31 62
92 131
47 43
140 109
3 2
71 53
74 73
79 49
128 29
60 69
137 42
73 64
24 100
4 13
26 112
71 42
3 39
88 56
89 50
107 138
76 75
143 88
130 45
93 143
31 77
67 30
117 54
115 65
80 41
41 136
137 137
19 45
4 44
66 39
102 1
123 107
36 31
79 88
127 117
63 63
47 7
54 8
9 77
113 114
49 11
57 100
147 100
31 23
33 65
42 113
101 49
10 49
110 65
28 4
147 81
93 94
48 56
0 143
75 81
122 21
111 1
78 81
96 53
40 116
6 142
54 103
13 71
77 142
54 78
43 10
81 100
129 46
32 96
85 6
75 111
4 99
34 136
114 6
13 51
105 147
87 9
100 82
40 112
21 70
118 5
135 19
12 82
141 26
61 32
63 102
40 134
95 108
96 32
61 64
70 140
29 79
11 15
92 27
120 9
42 42
17 29
96 111
52 97
141 83
28 62
62 46
112 63
63 114
98 19
143 66
78 11
21 24
71 71
79 61
35 77
34 88
82 41
39 107
47 149
12 91
77 65
81 49
27 89
64 41
110 9
42 76
14 51
98 65
19 121
141 85
132 138
11 95
143 112
92 20
119 99
93 106
57 65
133 129
149 113
103 104
26 38
88 137
43 4
76 14
133 32
5 100
134 98
128 64
123 66
144 10
68 86
70 111
38 102
102 114
140 121
84 148
57 70
88 80
43 114
135 35
48 17
15 149
60 67
9 92
9 110
115 20
65 114
97 66
86 12
74 95
100 90
137 23
92 1
75 78
74 114
59 85
33 46
44 92
29 55
27 34
122 99
76 144
27 43
28 87
131 145
63 64
32 80
44 127
0 62
2 114
107 129
140 85
136 28
13 142
105 72
10 33
51 9
83 46
48 37
126 32
81 111
41 73
95 140
98 16
122 57
92 72
99 61
137 113
125 132
137 33
116 20
71 70
29 36
63 59
136 79
141 45
118 105
52 68
20 104
142 137
23 120
139 126
146 64
28 70
40 65
57 88
105 38
125 104
94 49
142 20
74 66
40 31
81 50
42 18
79 93
73 141
136 112
82 24
65 131
26 26
140 4
90 132
55 112
140 72
109 80
86 31
107 91
126 6
112 34
8 48
129 116
112 119
44 28
114 125
18 32
40 116
82 144
70 7
27 83
136 122
81 113
42 20
121 77
149 18
138 72
148 30
43 76
87 139
110 20
86 26
112 14
79 84
117 63
52 33
16 21
88 96
64 12
81 39
40 1
138 91
144 2
103 11
13 83
75 133
34 77
104 17
128 111
91 6
126 3
8 8
125 127
38 45
54 47
125 99
11 12
21 88
61 10
44 45
23 93
77 30
2 124
140 34
36 116
47 30
24 76
32 27
142 58
81 50
60 84
137 54
28 124
118 5
89 105
92 126
117 22
48 96
43 148
137 103
78 133
144 148
30 44
69 102
2 62
13 119
4 123
77 134
132 125
139 115
26 12
18 51
55 67
119 19
111 53
76 90
75 99
71 136
74 28
68 31
5 38
6 26
115 48
134 132
54 139
44 40
90 52
133 58
80 57
132 68
33 39
146 116
126 134
107 6
61 66
56 12
105 11
53 81
16 137
31 147
119 88
28 100
148 121
142 42
28 28
70 48
141 89
123 39
74 139
26 11
35 27
47 92
0 140
111 119
142 121
64 49
35 68
96 44
81 120
105 101
4 12
112 18
26 133
128 103
64 90
115 133
98 131
60 95
131 94
74 21
146 16
131 40
69 86
102 133
98 1
27 133
113 107
125 105
83 112
44 12
96 28
2 86
102 126
88 82
124 149
29 127
82 37
14 117
141 36
146 72
99 36
98 13
115 42
32 102
111 83
96 83
79 6
36 72
140 14
54 99
96 64
80 69
39 105
81 85
85 121
95 78
129 142
23 0
68 110
76 51
90 149
82 3
4 89
142 120
17 55
127 68
75 93
1 92
47 84
149 42
149 8
74 84
115 134
79 77
45 1
147 46
93 40
75 90
13 129
106 135
141 3
127 70
101 64
107 50
43 113
75 7
59 51
134 143
112 55
40 137
118 80
107 63
49 115
24 103
114 64
41 121
30 36
87 38
38 137
55 5
93 45
135 61
23 87
145 70
17 38
62 20
137 53
11 141
89 68
129 18
138 54
27 28
40 58
7 58
106 27
54 1
123 116
26 121
53 145
16 61
89 59
104 133
65 53
2 80
134 87
106 99
41 38
110 35
132 99
30 132
3 26
1 40
116 131
84 78
69 117
90 99
138 124
76 47
64 32
147 82
74 49
50 77
56 98
130 58
78 70
115 121
59 84
127 60
32 65
11 36
55 33
107 1
136 50
19 96
54 132
3 65
12 144
27 9
34 32
77 22
68 122
121 27
79 103
128 88
110 140
47 12
58 30
110 48
49 132
38 92
43 109
103 125
92 63
0 94
93 15
51 8
7 120
25 133
73 42
21 54
64 94
24 76
106 27
31 133
99 59
79 142
13 144
85 98
26 127
127 123
5 51
44 32
56 16
25 91
136 10
105 131
139 143
99 138
115 20
110 64
98 28
36 51
10 26
33 96
106 118
82 55
21 7
46 126
85 52
86 87
9 42
112 57
70 142
63 98
2 123
17 64
84 91
92 15
28 132
130 8
56 117
121 146
106 23
61 91
13 135
93 93
80 133
14 149
91 103
44 69
64 64
26 16
95 79
48 91
27 60
78 61
137 72
82 146
53 48
89 126
118 135
140 78
135 14
85 111
58 90
102 31
116 74
61 2
52 66
133 81
143 10
41 31
106 74
81 119
93 59
44 110
81 119
17 122
45 131
42 17
115 15
95 40
146 21
70 49
34 102
34 23
20 9
37 63
121 129
122 70
122 67
97 71
104 140
10 57
79 72
70 143
18 25
117 42
116 105
60 32
36 58
34 147
104 83
30 13
97 78
84 19
4 137
111 39
70 143
23 73
12 4
12 128
119 28
140 147
68 77
147 146
76 79
120 106
120 125
53 68
45 110
24 85
26 65
82 85
47 108
65 4
50 110
111 135
115 131
97 122
76 132
71 81
148 8
45 143
42 33
125 138
44 42
41 131
86 51
59 102
117 90
46 128
77 6
37 107
48 72
87 81
100 78
62 60
17 78
94 9
18 29
79 74
52 25
34 34
36 103
27 29
102 27
48 43
19 38
11 56
148 118
2 126
32 69
112 45
149 9
96 65
13 97
111 30
36 116
49 30
33 98
72 92
21 148
117 101
30 143
6 101
130 45
129 72
39 95
81 116
22 17
16 140
15 54
134 37
131 69
88 44
21 68
41 123
110 146
85 107
26 4
57 22
137 53
84 46
126 79
34 112
40 125
13 35
140 143
39 136
105 115
13 102
87 73
18 129
64 75
3 54
43 61
10 5
130 115
97 69
6 128
115 112
83 10
27 100
9 7
50 26
74 91
63 21
86 76
93 102
36 54
21 147
57 133
116 97
95 24
135 142
21 149
85 74
145 12
99 114
81 36
37 75
79 30
94 94
55 57
100 72
129 141
92 144
94 141
114 110
121 3
6 32
89 138
71 123
7 138
146 147
11 103
1 89
47 148
36 83
10 134
94 114
64 85
97 20
112 61
97 62
51 120
69 68
144 109
133 4
23 67
26 43
63 18
6 135
2 149
147 2
112 15
15 121
69 104
61 62
80 33
75 134
75 128
54 12
101 90
1 85
27 104
124 65
101 124
10 62
132 114
7 123
52 119
143 143
61 25
143 55
142 36
109 143
21 140
111 52
120 6
60 84
16 135
75 103
91 98
48 147
100 67
19 32
41 141
12 36
70 38
25 35
49 78
52 50
24 35
70 143
144 107
54 133
66 105
30 23
63 73
50 65
46 114
66 66
12 69
123 17
99 58
137 72
25 38
46 84
110 114
107 124
126 142
135 138
47 75
90 0
77 65
82 98
120 119
80 108
23 80
61 42
46 29
76 149
125 148
106 36
64 137
53 47
15 48
134 30
52 24
3 86
4 12
26 136
39 17
75 128
127 65
32 90
119 9
135 60
125 73
58 123
96 15
136 104
1 149
85 76
43 91
54 118
114 104
3 73
6 60
63 86
147 2
108 75
113 12
104 117
75 52
74 28
71 37
35 141
129 134
91 139
31 131
77 111
98 86
143 38
91 111
99 137
62 78
53 122
142 27
11 118
38 130
131 128
99 132
104 141
95 149
104 30
134 80
36 71
94 44
5 36
91 90
77 94
135 94
76 118
78 124
62 27
117 118
35 33
145 35
44 70
91 47
90 122
2 60
136 59
93 79
14 143
26 52
79 112
68 82
91 59
96 35
25 118
128 3
111 145
96 96
89 41
24 23
9 82
77 66
126 60
100 64
95 20
98 26
42 85
25 135
34 19
103 117
140 101
58 68
19 33
97 114
56 39
58 3
93 30
72 136
82 32
29 23
27 19
20 106
138 51
15 30
99 87
54 5
127 144
101 43
9 5
42 58
141 22
148 88
15 80
135 118
78 97
41 14
24 40
110 30
98 116
84 71
111 142
81 67
112 10
119 67
100 133
0 54
65 111
65 98
87 106
24 63
55 37
8 135
37 1
31 72
30 135
119 101
59 85
142 101
85 84
123 78
91 5
85 16
46 72
68 38
44 47
84 4
15 86
148 130
73 137
141 82
71 113
139 57
101 135
119 98
48 118
28 146
76 106
79 47
21 137
47 73
19 36
134 77
94 79
63 82
108 3
122 120
147 30
126 84
60 121
72 79
84 120
9 16
28 112
88 52
16 145
61 43
124 5
51 37
34 40
49 11
93 108
112 116
128 104
128 93
143 15
113 146
3 60
86 141
25 74
67 117
94 147
148 132
53 31
46 107
115 146
106 72
84 10
4 123
142 36
47 91
142 98
98 101
9 128
42 67
108 85
130 132
99 68
50 2
47 58
102 117
92 78
116 0
138 26
106 62
116 102
87 69
123 53
16 1
16 102
18 29
74 93
137 73
143 98
86 48
13 103
51 119
60 69
86 25
59 90
106 122
2 69
96 26
68 79
132 99
77 55
132 44
17 95
43 12
64 110
56 2
56 98
142 101
117 57
90 59
137 9
114 73
135 44
101 120
41 69
145 128
57 57
40 35
116 140
96 136
15 108
18 9
39 55
104 134
112 9
136 86
85 42
86 57
38 0
41 128
59 93
130 43
87 20
54 59
47 132
98 29
19 25
49 101
10 90
54 118
135 50
86 42
148 136
94 109
89 28
51 5
47 58
5 71
44 31
0 125
8 29
61 31
83 44
138 88
107 87
25 49
49 1
139 10
56 28
98 128
84 112
114 118
52 94
38 80
66 74
43 14
17 89
90 63
18 75
141 66
40 111
80 86
135 22
85 132
138 83
28 27
77 95
85 65
36 88
25 136
87 53
91 83
52 33
40 18
66 103
65 125
61 67
13 2
22 11
24 53
146 115
38 43
133 15
49 7
64 31
25 120
0 39
71 88
76 6
129 47
127 59
108 60
2 143
56 69
53 148
131 104
116 141
26 87
94 53
112 116
98 58
68 114
36 75
96 149
112 53
76 103
67 75
116 74
143 113
109 111
7 66
84 142
93 121
21 24
61 91
116 84
102 32
1 17
70 116
48 119
136 13
30 118
62 88
60 66
91 118
45 108
35 16
106 120
52 64
148 2
20 130
101 149
29 46
108 137
64 99
129 54
86 37
118 127
93 62
76 20
47 127
116 85
29 125
39 80
12 113
70 126
133 112
13 2
121 49
121 113
8 144
47 80
22 55
55 96
143 89
125 9
95 57
62 144
74 105
16 5
82 132
107 92
62 65
42 7
123 46
34 50
43 86
131 48
97 5
79 81
94 77
136 43
112 47
113 72
13 3
29 29
51 53
114 120
23 29
141 29
74 130
17 64
23 6
114 54
142 68
92 111
86 56
44 10
65 27
108 6
140 127
47 89
86 113
20 42
53 136
48 2
90 98
130 76
16 139
10 90
146 126
142 12
92 47
83 21
39 130
5 31
105 149
40 117
63 119
13 70
10 121
77 23
122 115
67 39
29 119
116 17
85 12
87 50
52 118
52 86
67 16
142 73
139 71
146 75
86 128
70 64
119 74
88 10
77 49
149 65
70 63
77 10
19 61
62 51
3 145
77 91
75 134
70 114
58 146
77 16
9 73
39 134
105 19
133 129
127 131
8 38
72 53
14 82
19 127
19 83
28 31
0 94
115 64
1 4
46 64
85 111
118 129
129 73
133 111
123 17
26 129
111 36
43 118
31 25
117 96
134 43
86 70
36 40
22 131
14 127
69 102
111 66
61 53
6 122
65 69
9 80
75 26
71 42
3 44
139 144
130 115
98 40
40 120
79 13
13 132
65 8
113 18
19 80
139 6
15 122
144 34
20 6
9 107
54 81
94 127
51 91
13 143
125 60
27 82
53 73
39 52
60 80
62 58
130 24
98 16
105 123
7 0
122 4
81 101
149 24
37 140
47 0
1 22
139 111
117 75
8 56
42 42
23 47
12 130
60 47
105 144
24 28
1 11
96 14
113 23
62 12
53 113
118 73
110 44
77 138
80 91
68 57
25 60
58 84
97 126
30 46
123 47
101 4
63 65
131 70
62 119
113 107
84 41
119 6
46 128
119 53
147 98
92 90
73 44
103 135
28 46
32 110
119 31
127 5
71 8
12 143
109 57
42 120
115 37
47 4
88 30
129 66
2 146
24 101
79 137
53 94
93 77
16 122
123 147
141 75
103 38
35 85
4 62
56 35
9 23
56 22
103 30
72 16
2 111
32 72
1 87
24 125
144 146
53 138
24 108
107 117
115 146
3 61
41 24
45 106
115 111
6 49
138 81
117 1
88 56
141 136
56 62
107 16
139 81
44 57
141 119
64 3
132 121
28 130
126 147
9 52
21 32
107 132
55 69
36 108
142 13
72 98
75 18
149 125
40 116
35 82
3 134
37 21
21 52
1 96
71 90
11 43
59 83
92 16
17 35
127 9
40 8
113 33
2 99
97 131
85 147
76 77
108 64
122 62
124 15
116 68
126 136
78 22
48 25
61 90
51 110
102 49
141 2
5 130
41 82
107 116
142 56
30 114
140 28
146 31
87 17
103 24
131 22
22 120
35 87
99 117
60 149
103 112
115 120
28 57
98 4
145 71
50 17
102 42
134 40
59 36
4 104
76 127
111 21
122 56
110 106
104 92
17 21
41 41
31 61
96 72
8 131
71 0
27 92
22 50
61 1
146 141
72 123
106 71
120 29
22 68
136 67
64 136
111 42
111 78
48 3
61 12
10 128
26 139
2 30
113 0
41 29
67 42
57 134
56 128
124 53
95 106
96 133
138 29
79 35
58 48
131 54
55 140
62 56
44 41
119 56
32 14
143 12
109 116
142 61
22 133
14 111
80 100
36 104
60 2
22 81
82 41
105 34
53 85
91 125
103 94
16 106
17 63
31 25
35 121
67 147
111 0
35 99
76 135
148 12
135 26
66 129
46 109
110 18
40 133
146 14
56 125
127 81
72 138
93 84
54 19
13 59
29 22
133 100
113 1
131 72
31 49
52 139
137 137
75 29
0 148
41 145
81 126
132 37
92 12
90 50
121 15
128 59
89 29
45 62
146 80
103 149
65 82
41 29
149 46
53 58
121 47
118 140
59 78
36 29
43 17
74 95
87 138
28 82
112 5
37 138
3 106
23 44
84 45
13 40
149 90
30 49
133 72
135 104
88 27
48 35
84 86
135 52
137 56
72 90
59 146
100 68
56 131
99 44
117 83
119 63
7 88
68 93
72 73
83 12
59 132
14 146
140 136
78 41
140 63
65 131
127 100
12 30
58 8
59 86
121 51
133 135
107 66
96 20
146 137
142 104
85 112
3 125
100 74
70 94
132 91
148 40
139 126
102 99
19 123
20 94
28 95
40 127
13 117
95 7
31 145
138 138
113 128
82 56
24 28
146 24
100 127
64 82
136 50
8 18
117 78
122 126
35 62
2 84
60 2
1 140
0 55
10 123
112 139
76 27
77 70
62 134
55 117
76 142
54 137
141 146
65 88
136 62
21 24
133 78
50 33
39 84
16 117
131 71
88 141
60 98
16 129
109 2
35 127
21 35
51 5
120 98
100 27
47 112
140 6
94 139
137 112
134 129
67 43
112 48
37 8
4 127
97 41
1 42
7 90
35 111
144 46
59 143
84 17
34 88
12 24
89 83
140 135
8 110
25 46
83 77
136 115
56 49
131 131
19 8
123 121
142 136
39 123
149 55
106 78
143 63
29 93
17 18
58 98
6 1
6 85
23 67
12 133
97 115
145 100
66 136
114 77
106 42
92 38
35 61
24 5
105 6
70 5
40 116
53 43
5 134
121 48
92 4
67 120
34 59
118 144
130 66
136 101
113 6
115 22
130 142
14 147
61 88
52 8
18 101
44 7
115 115
3 64
132 98
148 4
25 148
29 76
61 123
16 61
81 12
127 35
144 111
124 8
1 66
124 67
59 28
37 111
42 120
49 54
109 137
77 109
24 4
95 119
72 127
54 15
45 147
135 28
105 72
34 90
53 109
55 109
30 5
112 145
143 140
82 12
9 96
103 5
84 97
41 81
58 6
117 57
102 136
61 93
55 119
6 0
83 123
6 18
105 115
93 76
131 41
8 123
99 42
98 21
124 90
144 96
28 140
41 94
54 71
135 123
105 8
82 40
33 82
81 12
78 101
44 42
139 46
139 142
130 120
69 140
11 74
7 123
17 147
115 10
135 130
102 50
4 103
149 110
7 97
117 68
10 75
120 42
112 130
58 61
60 96
104 71
45 121
35 60
76 119
116 26
63 3
28 80
62 100
57 104
26 126
61 48
138 0
139 47
120 2
54 1
132 59
117 9
21 138
84 119
88 0
77 35
83 70
56 15
28 131
100 91
89 116
56 55
36 100
66 124
40 74
53 108
59 128
69 113
70 5
61 24
137 138
107 42
69 131
70 14
14 63
127 13
128 126
128 48
119 131
98 118
0 39
108 9
129 82
80 42
19 55
56 35
120 57
96 84
143 100
134 68
98 16
71 52
80 94
105 93
83 53
55 6
15 142
121 97
79 109
57 40
109 50
16 84
40 21
0 83
16 1
31 20
18 73
146 145
118 139
16 90
31 144
99 48
82 41
135 82
110 106
115 100
72 48
84 32
100 73
11 100
38 9
21 88
9 6
119 101
83 81
107 71
89 14
135 125
120 121
17 16
102 6
136 15
133 101
25 109
86 140
0 51
87 1
11 32
139 58
23 111
101 92
112 149
129 53
66 71
40 138
75 109
48 127
111 68
130 107
124 47
109 145
87 132
98 34
90 4
27 127
91 12
138 143
73 143
22 76
97 27
135 79
121 87
46 6
115 126
84 130
122 33
41 61
65 29
26 76
123 86
15 112
96 136
14 42
12 87
10 149
52 45
20 54
38 87
32 130
50 93
72 22
71 69
78 121
83 129
117 40
15 69
79 61
72 26
71 100
6 64
134 26
88 7
63 146
122 7
87 113
140 65
5 34
42 6
137 112
81 57
121 95
9 93
105 73
106 86
144 69
132 11
56 77
122 60
17 129
147 81
82 148
36 34
107 113
58 141
115 142
63 6
8 111
23 98
77 82
113 133
13 60
75 84
23 25
13 113
85 51
11 90
103 55
92 43
62 40
42 65
40 59
47 61
89 76
49 127
149 76
62 79
10 98
105 19
66 51
47 15
144 47
10 126
86 101
115 98
51 129
78 26
31 2
93 136
125 87
55 90
138 105
40 143
120 125
93 123
92 99
106 81
47 112
3 69
94 44
56 25
112 47
24 78
56 24
86 57
11 39
61 92
0 83
113 61
130 144
139 47
96 122
22 56
28 53
98 102
39 107
92 123
73 87
93 19
35 21
31 120
98 86
137 85
119 100
141 134
61 130
46 6
59 48
141 85
101 85
127 32
35 76
110 77
38 44
79 58
136 71
86 68
123 141
83 75
124 122
93 33
81 12
129 121
88 24
116 17
107 103
35 137
114 13
15 31
108 8
86 138
50 129
84 6
136 115
84 39
78 130
113 43
31 121
78 141
103 1
101 121
101 87
67 141
33 51
38 37
37 45
140 137
29 2
6 45
87 58
125 26
15 139
122 11
93 76
55 135
38 149
120 130
106 60
27 93
23 124
4 49
48 16
92 141
51 105
36 93
81 136
61 119
54 62
35 107
35 110
9 85
55 148
21 54
64 135
99 120
120 1
94 9
69 106
100 142
73 82
86 49
131 47
98 140
8 2
65 19
45 68
132 69
42 13
12 82
63 120
138 85
96 15
123 10
117 129
107 75
92 35
117 59
141 148
145 115
46 108
31 57
75 105
114 13
32 44
116 8
66 109
10 93
66 73
80 67
34 87
102 81
27 81
55 90
12 97
26 101
33 124
73 112
139 126
100 100
91 95
49 149
127 78
104 15
78 127
7 138
87 0
20 98
22 147
25 140
139 98
55 42
63 136
13 55
60 121
42 135
133 76
20 79
89 149
64 51
21 62
124 11
74 125
24 129
50 22
45 58
92 44
117 45
82 30
11 141
29 71
142 18
113 6
127 91
67 28
35 119
68 9
59 24
116 49
68 109
49 77
121 27
19 69
89 53
131 95
65 24
87 21
60 97
112 19
64 113
29 23
89 68
52 71
11 108
38 0
58 57
20 110
26 76
5 19
31 51
46 12
78 131
136 69
130 43
110 95
59 55
60 124
38 120
100 61
11 83
141 67
33 81
146 68
98 34
121 30
40 50
98 0
44 134
114 108
3 17
124 134
59 87
149 21
129 67
92 44
74 96
65 113
143 45
108 50
91 17
97 106
108 107
53 57
144 61
127 5
108 87
19 78
4 34
98 126
124 80
144 48
63 5
41 137
25 62
110 147
28 123
40 17
96 64
66 74
93 79
93 61
123 19
74 41
57 118
51 91
110 64
122 19
56 121
62 100
79 63
141 35
64 86
41 92
74 53
40 64
99 36
90 70
65 53
97 125
45 52
129 31
97 57
8 63
128 54
72 116
149 148
22 20
145 86
84 7
60 55
51 129
104 12
71 50
127 144
52 133
16 116
6 10
7 103
40 87
47 68
124 5
27 87
132 59
76 108
52 123
12 92
82 30
95 45
95 87
16 137
33 145
140 123
21 64
109 7
89 101
54 126
118 125
5 127
80 21
39 63
52 149
55 47
27 1
142 73
66 105
80 61
18 70
67 38
143 87
53 95
136 25
58 85
28 37
90 139
85 149
66 57
7 8
95 6
117 112
60 108
138 91
22 77
35 96
11 12
1 56
109 64
17 45
3 95
6 81
110 139
29 14
125 86
141 130
137 144
112 47
116 98
29 65
122 15
105 6
125 128
75 83
88 77
24 18
107 55
58 118
133 78
31 73
110 92
126 69
141 81
126 132
49 119
38 48
68 58
101 72
146 124
0 35
35 85
123 75
0 71
89 108
8 72
106 68
67 41
31 69
58 115
72 92
99 123
114 51
105 119
71 24
65 76
88 65
17 18
114 62
62 142
61 109
90 67
60 119
136 3
123 81
20 86
43 118
4 14
55 24
145 6
119 54
70 96
88 41
138 18
51 43
54 28
56 6
137 24
76 102
37 94
43 99
142 124
127 89
17 83
8 133
133 121
140 7
20 146
84 110
122 8
131 80
88 55
127 123
110 129
5 126
4 31
53 87
57 92
136 123
6 118
16 0
64 104
66 46
118 108
7 4
38 121
69 21
77 50
9 69
17 42
71 130
118 101
90 123
94 81
110 13
122 108
110 16
112 135
99 87
149 19
115 129
58 48
59 145
60 36
115 27
0 128
123 17
36 54
69 102
60 78
133 124
146 69
15 124
43 129
57 127
64 66
121 145
47 82
145 0
13 59
67 44
17 17
57 34
142 29
23 148
20 66
128 94
73 63
52 90
5 118
80 136
67 5
125 36
132 43
34 124
64 9
105 72
86 25
5 104
10 126
13 5
77 4
105 145
15 93
149 59
129 121
119 76
62 98
132 119
75 43
58 129
115 23
118 135
57 69
61 36
146 124
0 81
132 37
96 2
49 149
48 128
148 81
73 120
110 136
104 63
38 24
0 3
76 16
14 105
76 17
2 122
74 131
114 8
44 55
85 97
131 149
87 54
148 35
71 66
141 137
101 144
64 133
130 109
44 148
72 141
82 66
14 135
17 50
27 53
21 42
2 26
49 108
83 97
30 95
108 142
147 117
144 72
124 96
53 10
125 71
20 118
76 8
27 103
100 109
133 107
6 74
0 18
130 85
0 20
24 65
78 66
133 120
61 51
82 148
56 56
35 62
107 88
116 36
17 89
128 140
50 27
143 118
109 78
131 72
7 82
64 125
15 38
76 41
21 119
146 135
102 116
13 95
133 26
1 75
130 22
12 115
140 113
118 88
113 62
37 47
47 77
3 139
99 24
85 111
127 102
5 118
98 38
102 127
122 38
121 77
56 103
127 99
97 59
91 88
15 50
103 110
72 84
65 120
5 141
81 120
44 87
110 116
103 10
41 143
22 43
106 20
11 131
39 91
145 80
123 63
51 48
80 85
72 104
17 137
12 68
91 11
79 147
88 7
75 71
121 106
7 111
3 14
127 25
42 72
100 24
126 119
3 47
104 107
32 124
56 47
63 18
5 93
35 52
125 40
32 94
124 28
7 48
134 106
70 93
95 15
89 107
131 131
3 53
23 41
35 79
29 84
82 56
44 99
11 85
85 39
123 99
28 99
94 39
144 149
81 93
71 50
138 64
93 4
95 130
29 15
10 138
2 115
96 58
48 98
147 7
22 70
113 71
124 45
0 126
21 82
2 143
147 46
130 47
6 76
57 116
146 50
113 75
18 64
67 144
102 69
55 48
63 38
95 21
71 113
7 88
134 75
11 142
14 143
1 36
130 99
72 13
4 51
62 97
105 12
92 29
105 39
11 94
97 113
53 62
82 140
113 26
12 11
101 131
61 70
65 146
105 149
56 128
129 100
13 111
97 137
64 121
104 111
127 105
88 125
93 126
107 145
12 83
91 12
68 33
121 49
139 51
13 138
105 105
73 109
145 123
49 77
139 28
36 15
26 115
74 139
132 108
50 133
122 31
75 137
3 87
142 52
27 23
80 85
117 137
135 135
57 22
52 104
99 114
16 135
56 46
3 138
87 56
54 95
36 20
11 101
100 137
42 88
117 58
141 14
58 128
136 93
83 115
12 88
141 16
27 111
15 8
132 79
124 88
72 137
41 137
18 86
72 90
87 129
138 40
66 73
130 139
18 102
95 128
20 28
9 46
82 11
79 116
70 88
55 134
37 44
3 26
15 92
19 18
15 29
119 113
112 76
4 25
9 57
34 29
52 133
93 17
74 89
144 59
108 69
139 104
1 72
120 25
94 35
52 133
96 109
98 129
92 69
53 77
52 104
81 115
50 135
111 20
45 63
23 118
48 17
11 129
33 37
54 66
61 5
135 132
113 20
141 145
21 16
77 91
50 106
67 69
10 89
87 149
13 132
18 104
58 109
46 52
121 77
40 8
58 21
9 21
64 47
69 92
133 54
0 125
33 2
46 76
144 139
84 123
110 89
86 102
131 97
21 74
89 100
61 137
106 73
68 31
131 19
24 68
61 37
42 120
130 75
72 73
17 107
108 69
140 14
22 128
57 60
111 53
30 80
101 45
123 49
59 40
124 132
18 23
107 136
16 129
108 59
9 103
30 70
6 92
4 46
88 4
70 14
110 134
77 134
94 81
18 42
58 36
132 9
25 134
118 51
124 35
82 47
114 15
134 23
55 66
1 30
12 75
63 49
64 113
81 54
50 122
12 39
33 79
105 66
1 97
94 57
51 37
104 57
43 50
102 111
80 90
141 90
108 79
0 119
62 73
56 129
105 81
78 100
72 19
56 137
91 130
8 4
71 47
120 28
102 146
131 91
65 90
134 139
126 26
147 105
59 26
110 128
128 77
115 147
50 141
114 69
51 82
129 100
135 93
2 34
32 44
127 11
55 103
75 16
69 86
72 149
139 141
111 46
2 49
115 35
68 5
83 16
87 80
132 59
52 77
103 99
144 129
103 136
93 100
111 138
117 86
72 147
30 111
48 122
80 110
99 139
140 120
35 101
144 108
135 7
119 39
142 93
7 20
60 140
58 148
51 56
22 16
89 116
9 138
71 100
7 104
118 5
30 43
112 54
34 87
20 72
79 43
92 57
85 37
4 78
34 107
30 128
55 147
116 100
140 75
132 101
24 75
92 54
84 26
26 28
130 84
139 2
52 114
134 130
78 5
117 82
75 103
1 102
68 118
78 2
84 63
25 100
123 21
49 23
94 9
77 18
63 38
37 70
108 85
1 15
55 107
57 22
51 120
4 44
51 107
75 145
3 84
66 45
115 0
3 144
68 96
54 68
26 56
144 69
15 13
55 97
130 44
121 100
141 91
65 65
131 141
111 98
32 85
138 88
109 24
54 98
106 102
81 16
34 125
122 146
97 26
108 3
24 52
93 106
138 27
64 42
140 76
126 90
135 80
93 108
80 137
118 85
5 47
55 101
137 106
91 118
39 136
52 72
111 56
0 112
84 114
6 44
145 116
66 123
110 120
96 52
51 78
133 60
145 1
116 62
118 106
8 75
92 11
59 17
92 99
126 148
65 0
30 70
140 134
99 21
27 11
83 116
39 51
27 135
52 126
133 132
78 68
132 16
131 93
91 57
109 39
86 82
115 11
60 110
120 123
75 56
72 88
71 126
5 144
137 40
2 129
33 88
7 71
42 32
99 56
128 79
134 115
126 19
148 84
50 124
133 19
135 125
5 121
127 102
22 124
77 27
133 6
59 94
81 77
42 90
80 1
127 102
85 73
22 91
77 144
23 139
6 65
117 93
51 60
57 108
43 48
139 149
90 127
90 17
69 100
68 8
44 120
34 114
7 49
39 134
41 23
142 85
140 136
138 43
6 57
54 8
94 71
65 74
73 2
120 23
34 126
3 25
61 49
127 102
79 6
75 72
7 86
23 33
24 132
36 12
67 3
144 51
107 22
142 11
110 4
27 10
59 119
23 140
99 66
20 116
115 85
71 92
3 83
132 30
123 3
117 11
132 80
96 29
128 53
136 44
141 78
110 115
99 110
132 59
110 112
122 97
103 144
39 38
15 145
18 118
26 82
133 80
137 145
20 95
139 134
46 16
119 103
101 95
52 97
75 97
141 76
49 126
8 38
115 57
126 89
124 121
41 145
70 117
100 35
18 141
78 96
0 74
65 68
72 19
126 125
0 127
113 115
22 50
139 51
113 126
47 49
5 28
56 38
59 115
7 49
86 102
128 40
3 70
123 119
118 13
95 94
78 8
90 50
67 14
144 58
3 133
71 59
118 63
46 101
50 105
79 120
111 59
38 79
122 147
56 115
39 130
68 74
95 125
140 5
20 139
55 36
78 112
112 19
71 27
102 42
56 1
71 106
58 47
16 12
78 79
129 65
46 41
45 59
4 89
60 81
39 15
103 68
24 46
11 119
49 97
105 117
45 33
59 114
95 132
60 45
58 24
122 42
108 2
100 20
117 5
10 15
135 81
135 84
32 2
130 56
141 32
108 113
56 60
37 41
142 82
15 129
106 88
141 31
85 117
112 68
112 14
72 131
68 13
58 73
2 26
47 60
8 1
127 82
81 147
7 5
24 64
111 100
84 62
137 109
32 45
49 3
14 61
96 120
11 96
62 51
24 73
67 67
35 73
38 50
104 35
126 12
51 102
55 144
130 124
120 103
123 25
79 67
23 94
120 135
63 102
24 115
100 104
103 22
64 71
93 30
58 15
72 107
91 100
22 108
132 48
100 73
94 50
93 133
24 137
82 130
94 115
122 139
149 5
132 88
89 75
96 18
114 91
70 136
6 136
47 100
37 37
13 36
145 136
110 53
74 140
83 27
41 69
130 99
84 2
58 69
113 20
32 0
121 72
16 53
5 78
93 56
115 71
145 84
139 34
83 80
65 39
46 78
100 41
124 23
18 39
49 115
10 81
23 33
31 115
129 111
89 117
85 144
145 115
20 93
134 17
49 24
84 80
12 73
4 113
145 123
20 54
80 71
15 58
56 0
41 113
101 82
82 102
64 7
120 136
94 34
141 43
40 95
32 141
99 32
147 24
3 18
124 93
27 24
35 22
48 75
92 20
99 72
31 23
46 9
14 147
94 116
96 101
55 22
60 12
25 4
20 0
84 6
76 31
77 117
9 11
30 93
135 132
95 52
53 18
137 118
33 11
100 134
90 6
135 57
105 16
73 105
97 51
31 42
102 121
133 136
16 77
100 137
116 79
35 146
69 97
55 0
110 8
12 44
131 69
98 9
7 135
48 78
147 107
18 26
50 35
98 27
74 134
78 66
143 41
107 19
47 78
17 112
115 143
78 11
106 59
130 106
62 90
13 100
117 63
55 9
60 148
110 41
142 18
85 103
147 102
107 49
70 16
46 97
30 78
6 17
69 144
66 90
53 16
136 35
103 145
38 113
106 123
124 26
63 131
86 132
43 36
132 141
39 12
36 14
146 39
47 102
122 67
145 68
48 84
40 128
51 57
50 43
27 91
37 45
43 21
74 134
118 66
81 87
133 7
87 29
14 108
28 139
50 5
25 125
109 80
95 29
79 104
110 5
146 114
20 92
109 32
18 148
60 29
79 108
129 74
131 41
138 2
123 118
75 85
52 32
103 119
34 4
141 99
96 143
74 147
62 15
19 71
128 87
38 8
97 37
24 102
114 100
119 29
38 97
127 65
121 108
30 47
46 144
14 14
55 139
67 38
143 143
81 110
101 13
27 14
52 74
72 12
63 87
82 14
120 134
14 67
110 27
17 29
118 149
78 38
41 10
35 31
101 46
61 19
39 26
82 143
53 131
13 140
39 93
91 43
111 119
145 109
23 45
103 40
84 8
7 106
148 120
33 13
106 135
23 36
55 42
137 28
81 19
135 65
23 146
93 34
137 113
106 98
83 38
70 19
83 23
95 143
135 20
7 75
72 14
4 136
12 92
113 96
6 133
20 2
72 104
98 70
85 65
7 12
12 41
117 21
1 54
126 80
105 20
69 54
126 36
122 56
135 57
33 120
131 97
0 50
57 14
34 101
16 92
19 12
85 80
97 26
55 96
125 5
117 40
133 71
66 46
13 30
142 43
104 144
138 127
149 113
79 101
91 130
66 116
67 62
66 36
83 32
23 8
69 94
5 68
84 141
98 105
28 136
13 5
49 81
149 7
6 144
70 133
80 141
6 93
110 55
49 109
82 61
25 19
15 9
113 88
43 111
3 106
144 8
7 99
60 57
56 85
128 147
116 13
139 130
32 10
68 71
85 124
104 47
81 71
49 109
111 24
6 129
17 52
89 28
60 109
70 12
125 108
101 81
130 92
37 37
25 146
104 4
66 116
86 54
140 20
81 60
70 54
106 85
75 66
102 128
37 125
109 7
128 61
113 148
66 6
90 139
54 50
79 80
50 52
102 120
90 140
20 78
114 128
129 89
68 93
108 2
36 112
44 21
49 112
19 69
12 34
67 102
26 13
74 64
129 126
43 142
34 7
129 122
103 37
36 26
81 112
41 105
140 27
61 22
34 86
42 36
131 84
66 58
18 99
83 100
111 20
65 128
88 46
88 91
70 127
46 71
121 102
87 69
103 36
50 25
40 48
105 32
58 28
116 121
99 141
53 107
105 79
67 95
140 143
25 104
65 1
7 113
59 63
31 50
30 119
103 38
125 103
10 84
65 47
101 48
104 36
58 36
56 127
82 73
129 45
107 74
111 80
21 109
94 105
63 87
29 64
3 107
23 116
135 134
60 39
54 115
143 109
117 4
144 17
65 7
117 83
32 27
98 32
122 122
96 57
109 108
26 55
94 34
86 95
47 134
106 115
95 129
77 132
141 63
107 130
68 104
104 83
142 83
29 89
107 44
10 47
94 48
128 43
24 108
95 39
72 81
102 132
109 137
133 44
19 114
56 139
36 127
101 62
117 73
59 48
106 33
132 100
68 47
138 5
149 145
0 88
19 113
13 16
68 61
99 116
114 145
15 53
148 87
103 61
67 135
74 107
138 43
58 125
123 132
14 125
36 101
87 76
43 134
93 109
64 83
127 36
30 30
54 147
119 133
78 125
131 3
126 74
76 90
76 55
98 61
124 133
96 100
61 42
139 49
138 54
76 78
59 61
80 60
134 117
99 18
7 27
139 123
147 131
118 134
136 108
70 100
16 149
96 15
74 101
24 140
71 80
99 33
112 86
35 137
90 3
37 33
93 120
115 22
40 42
86 42
131 77
112 96
92 33
37 72
116 139
21 32
104 128
100 114
76 57
124 63
143 40
142 3
24 3
120 9
6 148
36 36
35 60
65 82
20 43
104 17
137 145
143 53
104 100
143 136
98 109
11 17
135 58
25 73
63 148
117 59
10 115
113 120
13 109
105 122
16 149
127 103
145 82
46 3
134 41
98 89
0 113
141 140
72 68
114 42
54 71
5 23
111 77
108 129
146 144
67 94
107 146
13 119
95 88
47 141
50 38
106 2
53 12
146 86
135 142
38 147
141 127
96 13
22 17
124 134
83 12
39 8
98 141
130 29
112 135
131 149
104 2
64 92
104 73
21 139
7 10
138 144
123 102
63 117
128 107
59 99
100 15
109 104
18 60
72 42
146 104
67 116
100 143
75 53
13 49
65 51
142 63
39 142
113 24
70 23
30 59
131 10
41 59
9 132
54 137
35 142
140 115
74 144
46 67
37 23
136 144
104 36
129 17
72 7
91 21
133 97
45 44
133 112
121 136
87 110
133 95
105 7
2 56
7 36
68 148
68 97
66 13
116 56
85 50
74 61
91 6
110 30
67 57
118 126
38 4
147 120
67 28
46 2
87 46
97 86
31 144
72 103
90 89
109 19
10 106
42 31
38 61
47 107
27 52
82 70
82 25
39 122
133 111
14 132
10 122
120 57
120 113
48 103
13 94
58 46
120 72
149 52
91 43
141 128
17 40
82 70
52 80
145 49
140 103
52 55
54 52
49 72
90 138
1 38
62 73
120 19
130 139
50 133
113 97
134 67
106 130
122 79
49 103
36 142
1 65
54 139
135 87
64 89
122 6
67 47
103 46
114 35
124 113
84 29
25 27
41 75
60 118
102 68
68 87
113 39
76 13
106 94
68 131
140 86
97 26
69 8
8 136
86 128
131 92
93 57
19 97
91 20
14 16
89 61
1 98
16 140
59 48
128 65
138 40
120 112
110 71
91 21
2 17
10 46
4 106
36 80
94 96
7 7
49 118
77 27
8 82
56 96
59 41
115 92
19 133
40 3
81 80
10 105
70 117
130 50
0 137
10 142
111 49
97 69
128 145
82 135
122 92
18 24
58 78
97 51
57 15
49 25
104 120
124 92
114 71
133 96
103 89
127 9
90 66
2 60
40 144
22 122
125 72
4 99
10 119
66 65
144 112
147 35
115 95
55 60
79 65
11 83
20 41
22 14
105 128
93 16
60 96
51 97
103 112
42 65
54 73
30 63
62 85
52 103
7 72
24 68
67 149
45 130
123 133
100 65
143 125
35 90
87 141
10 114
79 43
143 144
9 61
28 112
56 109
20 28
43 15
18 34
113 6
148 13
127 31
124 94
78 4
85 31
81 20
126 26
2 6
97 134
132 118
34 67
136 118
58 110
46 60
36 112
65 149
132 40
93 67
82 61
61 106
77 97
24 121
125 144
139 38
112 38
147 88
3 81
25 31
33 106
4 85
58 16
57 29
134 94
50 50
56 143
37 32
98 106
52 80
117 66
98 79
85 138
134 72
23 85
121 108
105 133
124 38
54 142
1 132
61 98
13 43
100 44
57 37
62 149
51 8
61 53
38 135
35 123
125 142
113 18
121 7
61 89
113 117
138 1
96 31
72 94
1 135
89 50
111 27
97 35
20 68
101 136
100 135
100 17
83 147
100 8
71 38
28 128
23 22
38 126
101 46
68 128
140 4
69 54
44 11
84 144
35 85
41 48
63 47
143 23
42 132
8 122
61 1
11 10
41 68
104 63
143 131
32 97
148 35
115 99
81 104
145 48
9 123
9 79
64 31
149 47
68 35
110 49
137 14
49 52
50 128
83 74
70 98
69 5
1 55
81 145
64 122
28 111
29 36
65 50
4 130
42 129
6 48
18 70
17 103
129 61
59 132
7 0
17 140
122 4
34 27
87 13
138 8
19 13
55 22
136 116
69 65
28 108
82 11
30 64
111 141
110 36
145 85
107 131
69 9
130 17
108 136
141 36
27 95
97 31
113 61
1 111
72 121
111 78
74 118
139 74
69 105
96 92
75 116
34 80
61 11
15 123
110 148
102 41
55 86
140 42
118 61
73 101
100 67
86 148
104 39
15 57
87 138
70 130
44 147
140 75
56 107
93 51
21 36
99 5
93 133
112 19
2 134
105 45
21 130
146 40
21 55
83 18
148 131
24 55
13 145
19 14
66 49
14 73
16 14
53 84
11 34
121 124
91 64
78 146
12 57
89 0
51 135
45 124
128 84
36 74
26 10
120 64
128 19
36 103
39 100
131 31
134 14
5 51
77 59
94 19
54 30
146 103
72 106
94 53
108 25
90 23
68 112
9 149
136 23
25 20
137 94
42 56
131 97
94 43
80 30
82 98
136 64
94 108
129 111
135 149
142 4
20 3
64 64
81 132
39 29
57 98
80 129
128 132
88 119
59 103
18 47
121 149
1 57
31 62
59 29
94 96
43 61
74 42
146 80
93 136
19 142
6 33
17 122
126 121
147 70
115 144
145 86
148 3
110 23
76 18
136 54
149 89
91 3
129 37
74 64
145 116
82 103
61 148
21 94
92 6
41 73
56 144
49 131
74 4
42 121
85 149
105 87
59 66
146 40
79 149
69 122
30 109
55 4
128 100
145 26
141 137
119 42
35 35
13 49
149 105
136 121
63 85
56 0
106 80
64 75
12 76
129 122
41 49
103 109
34 113
132 69
82 102
144 0
45 143
44 59
119 104
40 138
87 132
149 134
2 126
123 35
48 143
137 23
13 39
134 41
145 141
89 83
129 100
23 47
108 69
133 18
24 85
126 8
121 47
14 20
75 59
82 88
87 17
116 149
80 55
123 98
106 32
60 110
66 19
52 52
42 106
24 137
43 70
99 45
112 5
2 67
110 121
147 38
15 42
85 91
106 116
93 55
149 96
16 27
49 103
35 142
139 84
136 25
81 94
144 9
148 103
79 124
122 42
132 53
140 7
137 67
138 125
85 84
142 2
9 31
105 59
86 115
27 82
62 32
55 139
106 149
2 125
9 17
51 108
54 47
54 60
107 136
9 61
141 71
7 0
17 56
13 77
55 114
120 66
102 1
115 127
63 48
17 89
65 110
51 37
3 37
24 25
65 77
131 37
42 141
14 143
3 60
74 56
139 104
41 54
143 136
45 86
80 83
20 59
78 31
14 24
134 138
64 145
49 141
89 16
52 110
88 148
13 85
111 61
17 116
27 127
49 1
21 24
142 106
105 26
106 3
1 135
93 80
73 9
43 96
21 50
3 134
33 54
148 114
31 142
44 96
122 117
60 104
6 42
51 13
127 99
29 134
100 140
16 12
73 72
8 3
12 76
5 4
48 86
31 61
66 16
44 29
55 45
22 97
147 114
76 42
2 121
133 145
50 116
39 149
148 104
60 80
34 50
133 145
110 88
82 87
63 33
107 11
111 91
132 121
1 78
142 13
40 89
97 75
26 39
76 5
64 87
61 100
108 122
85 95
147 9
42 18
133 4
106 3
135 133
40 69
110 51
62 141
54 47
37 54
90 84
95 82
78 112
142 93
94 102
100 113
57 104
102 95
4 57
142 133
28 99
141 125
5 146
138 141
55 102
132 139
84 136
47 69
99 79
127 146
73 76
4 90
62 26
77 11
86 71
86 54
29 67
38 105
105 131
68 129
79 38
7 3
58 126
94 75
55 137
93 8
12 26
110 100
120 134
115 118
122 135
83 108
138 137
100 0
111 125
53 73
40 49
39 44
43 83
68 96
143 98
10 21
75 4
124 10
113 85
1 84
62 58
62 34
40 86
60 37
29 96
91 12
13 140
102 4
67 82
131 137
144 129
117 114
85 5
123 113
108 83
130 90
28 73
49 127
89 89
132 113
16 65
39 73
134 130
40 137
116 109
101 55
0 65
75 98
104 120
90 9
2 82
122 5
22 101
91 67
103 66
49 6
84 103
69 17
75 58
47 94
112 3
122 116
4 60
0 67
61 18
58 67
108 26
129 70
89 85
46 48
79 16
21 147
33 16
21 121
91 127
17 23
101 11
27 115
101 4
122 146
14 113
128 144
33 148
4 102
145 83
72 8
2 22
58 39
51 118
50 144
85 45
44 43
87 9
117 73
15 36
28 30
131 125
91 138
61 76
146 30
15 4
53 17
77 6
107 68
142 77
111 4
86 91
140 101
28 79
17 113
6 138
20 58
38 88
57 33
143 36
90 104
29 76
79 125
125 69
137 84
29 86
123 73
132 95
59 78
11 63
123 2
8 100
78 88
96 105
133 43
141 33
105 82
144 4
113 52
16 11
74 41
20 110
79 118
49 138
81 148
57 49
105 112
43 12
1 126
59 127
95 33
122 65
44 47
33 110
123 119
15 126
109 55
118 135
52 15
44 34
4 83
64 98
49 123
147 104
138 73
28 49
42 79
53 143
46 119
26 99
130 101
38 101
138 134
32 56
141 90
90 38
141 31
79 85
60 120
38 103
45 36
36 32
43 69
102 41
84 22
81 56
85 23
68 103
18 137
43 119
47 65
63 80
114 31
123 79
115 113
120 105
62 29
2 18
53 58
124 21
74 94
148 48
46 8
35 14
138 53
55 6
20 112
60 85
57 43
140 64
132 75
3 45
25 28
119 25
82 66
143 4
6 108
38 87
149 149
79 80
55 66
30 24
119 94
57 36
84 95
86 90
4 62
53 84
46 134
146 11
1 133
139 65
18 117
25 87
26 73
14 74
24 23
48 78
67 106
146 132
128 67
111 132
25 32
14 3
7 28
23 100
94 106
121 79
149 41
80 24
103 128
40 30
46 27
9 63
142 29
26 125
121 147
132 100
12 145
148 130
124 120
92 11
40 88
123 141
83 70
123 132
35 132
128 69
58 27
0 47
6 19
70 32
123 149
126 74
93 10
86 67
13 113
24 105
22 56
33 73
84 134
63 93
117 139
8 97
9 138
45 108
44 67
18 115
134 143
17 42
54 72
63 108
18 23
68 54
102 132
35 6
129 69
35 50
134 19
64 51
122 35
89 48
130 105
55 145
10 48
38 17
69 96
115 44
126 34
12 117
133 74
126 76
26 44
30 22
81 80
132 76
77 99
49 22
38 81
86 80
99 27
15 84
1 135
145 45
34 50
141 9
91 54
142 82
118 92
47 94
63 86
24 138
147 99
45 13
142 66
27 76
71 48
20 108
19 115
134 8
64 36
36 129
127 7
105 27
63 123
130 145
123 42
23 45
86 62
99 16
78 41
29 91
71 37
15 35
34 80
112 21
88 104
10 110
134 133
136 82
82 99
3 67
1 145
0 105
22 3
92 149
67 19
32 59
20 48
60 49
27 111
94 134
26 68
49 12
30 101
34 66
61 129
41 66
148 131
131 12
20 105
132 118
0 4
0 59
32 115
50 17
30 97
29 98
149 116
105 68
134 141
128 9
0 144
146 30
120 65
80 115
135 146
60 68
149 142
131 45
14 53
42 119
108 19
130 140
28 38
83 82
86 70
66 108
92 103
35 39
120 27
122 97
60 52
77 84
32 79
37 107
17 73
12 93
129 60
19 35
89 132
100 12
99 125
45 145
66 130
13 115
57 53
48 72
44 53
90 91
97 117
119 134
114 131
24 6
11 77
28 50
60 13
66 114
107 78
135 2
33 105
46 39
100 119
137 47
103 26
131 98
81 90
61 2
143 126
81 54
121 32
16 48
135 103
143 21
19 12
32 114
145 134
100 82
79 56
89 43
135 148
85 46
104 126
17 22
140 64
76 96
94 145
137 38
72 88
61 149
78 91
6 130
92 12
9 97
130 137
53 35
53 59
84 85
57 110
110 142
15 133
6 113
1 103
63 69
149 89
89 88
61 43
63 4
78 148
122 65
51 77
12 113
2 101
146 76
63 43
55 124
59 63
15 64
59 116
64 139
105 10
108 79
110 86
55 49
48 55
79 135
5 135
19 107
45 115
121 38
14 107
119 65
107 32
44 62
76 4
127 73
82 12
58 87
21 133
130 53
99 82
83 7
122 1
81 96
129 91
138 33
107 97
76 109
44 127
85 10
124 135
60 147
141 2
68 83
37 114
32 32
2 104
27 44
59 24
9 113
88 32
41 15
131 25
86 136
22 86
138 125
86 33
96 53
127 67
76 88
110 78
95 49
99 96
2 86
1 50
142 96
76 126
38 92
132 132
24 11
13 6
12 32
58 70
7 3
80 54
42 102
102 13
62 46
59 10
26 76
54 107
35 147
19 2
27 129
143 101
131 59
126 60
35 9
24 2
116 79
76 104
22 87
35 80
136 40
81 102
24 77
44 78
41 64
148 45
90 56
28 64
144 46
87 54
73 4
85 88
36 143
124 138
48 144
68 78
6 60
1 133
91 131
96 91
10 139
135 60
95 136
117 32
16 56
36 74
135 20
98 77
98 45
54 81
22 18
135 56
130 65
78 149
149 54
17 127
20 97
87 141
11 113
72 121
136 64
48 40
63 134
50 50
61 80
55 12
56 50
