150 10000 100000
4 149 3783
119 75 1568
30 37 -8618
22 17 -1844
84 8 9686
10 35 6920
37 123 -4615
43 94 3762
4 12 -8061
8 8 8834
110 79 2522
44 56 7558
114 138 1669
113 80 -126
22 141 -6134
7 126 5775
40 33 4015
93 56 7463
71 97 4096
40 9 7555
143 0 8389
53 110 3240
18 78 6771
15 70 6132
142 22 1152
115 141 8695
147 116 8693
60 54 7163
33 89 3595
109 144 -8558
52 108 -9308
141 136 2995
49 133 5263
88 82 -3588
120 129 -2260
76 69 -48
42 130 -1738
35 102 3795
93 13 -8711
4 21 -971
108 47 -2934
83 11 -2908
23 14 -9132
85 119 -9269
56 77 93
123 38 -9119
67 93 8271
136 2 -1090
3 56 -3288
73 47 4104
106 62 6024
56 20 -811
58 124 -5793
141 92 -555
27 5 2722
37 55 -3454
140 149 -122
20 132 6242
126 25 8797
146 132 446
91 122 -1767
85 103 6860
120 70 7801
106 31 8229
11 133 415
34 64 -7687
81 140 -1213
148 99 -3689
134 44 -8301
108 140 -618
75 68 -4938
34 143 -1600
114 74 -8933
68 38 505
87 36 -739
108 32 -43
37 6 -8035
16 73 -1371
58 26 3803
115 56 7769
140 108 -3787
72 134 5670
148 128 4630
145 24 -5544
81 87 -5523
94 60 1805
83 131 8102
122 30 -2802
25 49 -5934
144 124 4964
81 28 -7435
52 125 9417
12 30 6407
106 141 -1006
11 39 -9231
78 122 2104
20 23 -8181
73 61 -6161
61 130 1817
91 68 93
141 99 -1913
142 14 5103
124 16 -813
65 95 6859
108 139 3876
138 10 -1514
108 112 621
125 72 -2654
1 127 9403
8 39 1203
10 59 7651
22 103 492
99 145 -8831
127 127 6530
14 75 -6072
125 5 -1113
134 61 -1866
33 7 -7273
10 93 -9047
121 141 -4906
142 115 -5808
12 62 -3837
84 84 6048
130 39 7867
74 63 2669
33 82 1816
35 22 5888
88 53 -699
144 97 4744
112 83 -7749
135 26 8641
144 100 -402
86 84 -477
108 83 4038
43 135 -3705
136 20 -5253
17 66 -8325
88 113 612
94 71 -8045
14 40 -47
97 6 7893
139 117 2628
11 73 1018
58 143 -4643
99 127 -9900
40 68 4664
64 18 -8847
90 29 3456
57 114 9127
144 19 -7930
112 90 -2478
29 70 6973
34 116 1184
27 149 8854
129 43 1993
69 106 5179
125 123 2543
44 15 -4428
37 106 6577
127 123 6757
120 67 -455
37 102 -9483
8 136 -2474
53 119 -3168
117 32 29
87 91 -2014
78 54 -6065
76 67 2216
122 60 -6381
99 134 1251
63 38 5919
89 46 -409
58 74 -3737
5 52 -6314
94 54 7157
98 116 -2069
2 9 9611
147 94 4593
26 98 -4869
113 117 -7876
61 119 -1169
32 121 -2311
83 31 -2788
20 35 -3645
94 130 1881
77 53 1846
69 130 -5040
67 4 1269
12 55 -7805
107 107 -3438
115 7 -5672
112 116 3957
118 145 -8874
10 43 4357
143 82 1976
25 125 -3808
100 93 7162
45 118 9843
46 31 -4021
32 88 193
13 45 -4021
34 125 7442
44 33 1975
143 110 -6186
84 6 -9381
56 138 -5279
39 8 1170
63 74 -35
47 58 877
67 69 7429
101 31 -3263
142 93 6745
66 68 -8154
105 3 -9604
2 53 -5339
17 76 6024
10 83 6413
83 90 5084
52 42 8889
80 77 8764
35 24 -7316
136 102 -6762
18 97 2165
98 16 5796
116 9 1866
124 73 9136
83 36 9212
74 91 1538
40 43 9304
102 116 6560
0 34 -1655
82 96 -9070
59 24 -2142
107 16 -8504
86 49 7788
74 38 7709
35 52 4616
27 104 -7917
17 98 -4579
9 19 -3932
95 31 4730
57 67 5780
40 13 3631
60 149 3507
143 44 7959
49 10 -6224
120 120 5681
130 39 -5963
33 40 6312
64 75 -4373
27 39 -4745
113 98 -815
49 42 984
99 122 -2848
138 75 -6697
102 120 4501
130 74 943
38 45 -2269
107 146 1013
22 100 -3097
69 53 4770
103 73 -2266
59 97 5167
114 15 -4735
124 63 -2048
149 34 624
13 72 3648
52 37 -7672
62 140 -57
120 30 5890
21 136 -4726
147 95 -5508
14 11 -5258
70 57 -3412
66 20 -8908
29 104 5495
27 77 3804
62 18 -5579
39 55 -6220
14 146 -5375
107 117 4514
136 63 6576
3 133 -2643
123 6 -3387
15 141 -893
80 121 9393
63 22 9551
85 12 -3517
128 55 5244
149 95 -9538
58 3 -868
138 106 -5104
51 76 -8592
48 65 -9629
103 22 -9196
120 149 8569
81 4 -2842
48 92 -4018
59 107 -5560
7 97 6330
147 29 -6363
63 66 -7336
98 138 -9797
42 72 8527
123 71 3545
57 111 -3242
104 126 9050
75 26 -8923
33 20 611
37 75 -6308
92 68 -5309
115 52 -6490
98 74 3312
42 93 1881
70 92 2310
71 2 25
54 61 -4641
137 110 7836
15 107 -8128
113 121 -1285
120 97 1543
101 39 -6685
148 97 -6407
111 10 7760
15 21 9702
34 40 -7585
43 67 2775
46 46 -2098
4 64 5182
77 124 2029
4 64 1479
86 5 -8851
148 7 -1085
30 2 -9239
149 123 -8502
45 102 3783
25 105 5606
60 7 6773
114 68 4524
130 107 -8332
45 26 2581
28 26 5597
149 143 9972
51 60 6632
137 21 -2220
0 94 -5873
96 60 -2702
85 118 8096
61 71 5478
110 109 7047
8 141 7677
23 115 -5893
91 61 -1564
13 70 -2094
19 101 -17
107 8 2416
59 133 -6375
73 26 -3964
44 127 -5335
95 99 -4295
44 75 7312
42 120 -8527
20 46 8086
53 2 7443
123 121 7611
99 56 -3221
112 95 -8817
114 43 -2853
139 0 -945
79 6 2743
133 20 -7702
122 91 9632
118 57 2014
45 44 -238
148 117 -9168
28 53 3976
113 24 -8795
11 138 -2466
141 30 9807
47 130 -3245
142 40 -7499
46 75 499
11 0 8803
85 25 -6938
74 119 -9065
108 20 -4943
52 34 -6782
127 81 5108
33 142 -593
106 67 -4574
121 143 -1682
17 127 7873
47 125 -7286
94 38 9059
148 48 6935
48 11 -7467
84 28 6356
23 127 -3234
71 18 2834
10 36 -3250
48 96 1419
129 9 -964
83 30 9520
84 87 4147
139 54 1688
11 97 -1927
42 72 -1181
17 106 -2200
18 35 -6920
143 117 -4155
144 78 -9475
129 40 8380
122 11 -7288
66 77 -8345
124 88 9537
119 30 7978
58 57 7990
123 124 -6927
112 113 1044
69 34 -3489
42 13 -6257
81 17 9228
31 128 5553
147 101 9704
122 60 1362
100 70 -1720
87 73 2852
130 115 -4546
13 146 6754
104 42 -7784
33 22 6189
42 139 2128
134 128 6606
27 26 -8200
65 138 -3166
66 137 6904
66 139 3249
119 98 -359
50 69 -7520
118 23 -466
104 4 3698
119 63 2621
53 36 -8017
74 13 -7379
10 37 -8592
5 118 5529
135 7 4409
26 131 -7310
137 111 558
98 127 6947
43 14 32
92 129 -9066
99 19 -3885
49 120 -5738
132 11 8630
16 84 -6980
65 21 3451
57 135 9160
88 135 4661
148 91 5240
34 5 5509
103 128 655
61 51 -2776
24 143 -901
3 76 -3051
85 5 -5578
110 132 -4759
8 142 -7783
71 35 -4673
127 102 -3907
83 131 -3353
129 124 -3109
116 127 1962
138 74 880
26 5 359
122 138 6297
79 125 -6308
115 126 1547
134 52 -8
93 26 -9568
145 133 -8484
130 80 246
53 37 9225
133 7 4249
73 12 -7296
114 25 1288
28 66 6793
109 113 1153
2 140 -871
76 81 6595
19 21 5916
130 23 5997
37 49 6843
78 122 7139
84 78 9328
36 97 -2160
7 106 -3703
137 143 9069
27 73 2588
10 14 -2398
139 74 8491
125 134 9405
0 27 -1538
24 79 3972
50 110 7377
77 45 -3988
6 19 -161
75 87 -2398
69 123 2830
31 34 4859
134 119 -1160
69 104 2037
63 74 3845
29 68 5849
118 117 6356
31 39 -6831
46 5 512
55 70 2166
92 148 7582
67 114 -9262
88 95 7782
3 127 -6421
133 147 7917
18 125 -1602
103 125 6744
146 80 -592
108 61 -5011
140 19 8046
131 28 4168
93 75 -8379
99 35 3377
117 61 8091
81 44 -5482
0 2 -1060
21 88 8823
133 136 -1503
54 112 6397
90 141 -1461
60 38 -6204
132 23 8640
106 19 -2758
95 147 -2617
48 105 836
62 38 -9509
8 3 7433
91 50 9076
84 139 -7772
38 84 3644
126 92 9201
34 63 -4353
31 66 -4649
60 148 8392
59 50 -6951
34 146 7127
78 123 -4905
139 64 516
139 60 7306
53 148 -3936
19 38 6025
79 128 8375
143 65 4394
46 65 5219
19 49 1864
56 39 7875
8 129 3296
7 105 4919
99 44 -7304
137 51 -7548
113 79 4490
26 143 6299
89 6 -1543
31 35 4837
60 116 -3158
39 77 4258
53 84 -9813
1 82 -1764
128 119 5483
87 94 9984
103 53 -4009
0 110 -5239
77 66 -3918
74 85 -4269
21 101 4861
107 24 646
102 9 779
84 43 4143
2 67 -9510
71 33 -2198
82 109 2008
78 120 -6734
68 14 -627
53 95 2
126 18 1373
100 84 2970
107 54 -4066
49 96 9642
42 41 1283
16 96 -2150
79 83 9579
116 69 -5941
108 47 1449
95 105 -1916
46 140 9441
92 39 -448
97 98 -5522
64 4 407
66 37 -9221
79 125 -6498
30 51 4678
65 103 -4305
86 83 3887
93 111 843
9 115 -5648
130 57 -1649
41 45 7146
33 113 -847
125 71 -9013
44 98 -6070
62 112 -5628
104 137 9035
48 40 2583
37 17 165
112 71 -1877
109 39 6813
37 54 -5327
20 124 -8521
78 147 -2023
60 23 2926
78 97 1669
128 12 -6683
75 88 5860
65 87 1960
108 29 -4500
28 133 3716
145 58 1417
77 2 -3445
25 110 5957
23 50 5460
52 60 -3695
28 51 9984
95 33 -5195
38 67 4816
2 96 -9936
79 13 -3015
92 139 6571
11 149 -7434
109 127 -6649
145 71 -6718
57 89 -8610
138 25 5004
123 146 -1299
104 114 7412
28 65 -7652
61 90 5734
137 111 -7833
31 16 -4810
108 137 1819
145 35 -5515
97 90 6059
103 41 9793
131 68 4533
102 112 5138
76 3 -9998
5 126 -903
38 36 -9188
64 37 3098
92 62 7598
128 146 760
59 34 1020
32 80 -5732
71 121 -7239
89 60 66
92 99 6721
130 57 -7687
95 121 -1419
88 105 460
21 117 179
62 79 -5115
130 146 -5592
147 88 -5525
50 77 8852
78 103 -5490
130 27 9162
73 112 1366
113 31 -4705
83 118 3202
100 114 3803
12 17 -3703
45 113 6694
83 79 -1810
40 23 -5198
103 88 -4072
27 143 5756
101 144 2512
68 25 5085
149 114 -6550
4 142 9124
144 121 6902
12 47 -7677
55 66 -6466
136 2 -9888
124 80 -9646
105 130 461
39 26 -3620
146 115 4581
86 106 -434
119 67 -2028
40 5 -5048
101 31 -9127
64 69 6964
106 4 8965
71 2 -5504
66 83 82
103 98 -2001
22 130 -2379
143 65 9302
124 11 2596
105 35 -4504
17 143 8325
36 8 7071
126 97 -4791
62 43 -8640
51 72 -9593
45 147 3284
11 45 1431
110 9 6006
120 148 -8694
43 114 -6133
29 61 8400
93 23 8458
39 33 9714
40 52 -5643
79 32 -4827
131 35 1317
133 27 -8214
14 51 -5123
32 125 462
135 51 2516
149 103 -708
126 75 4802
117 30 1128
59 127 2416
142 88 7210
112 81 8593
52 78 -935
42 48 9685
87 1 5441
8 94 -1756
58 26 5431
135 57 -3968
67 70 5602
46 136 -6859
146 84 1342
85 37 -2707
77 65 6024
124 108 -1249
139 20 -6919
102 33 -3157
94 121 6596
34 69 -9437
35 64 1885
149 27 5971
147 7 -8301
10 62 4502
145 119 9484
26 110 -932
65 8 -484
43 96 2123
50 76 5620
48 85 -7434
51 131 -7542
34 111 7956
55 78 7541
104 82 -4372
132 149 -2314
97 101 2058
47 132 -1097
16 144 -7679
111 135 -5208
114 136 6395
94 5 1478
12 128 -5898
117 68 -8474
99 123 -6032
123 37 1647
78 89 185
52 109 -1633
34 81 492
91 125 -4789
76 78 2181
86 90 -9247
35 129 5902
49 82 4392
22 134 8547
80 127 4950
44 131 -3753
123 80 5603
133 120 1036
134 68 7320
67 60 2460
129 148 -5015
8 79 1698
96 11 -4091
23 87 -6900
50 31 9052
13 27 -2952
20 96 -576
134 33 9023
128 135 1560
78 14 1123
94 9 -5715
104 61 -6032
67 76 5842
39 130 -9070
88 145 -2035
27 99 5730
81 60 -1659
58 7 -1634
62 68 4251
64 71 -4498
85 45 4250
99 24 -4661
93 149 -4130
57 29 9638
17 46 -4362
148 117 -5433
48 11 5487
63 148 -4948
93 95 7693
143 97 1608
38 94 932
97 44 1157
114 114 8542
122 34 -7256
17 119 -7494
23 60 -2626
140 37 -5350
38 140 4405
144 126 9559
124 33 4958
9 8 -4839
84 80 1804
113 4 -3365
46 134 739
144 72 -2781
114 132 -4444
104 94 -335
24 135 9562
11 102 -9001
38 40 398
68 50 -8343
14 72 4380
71 110 5998
23 73 7158
40 40 -50
24 78 -3383
63 45 8570
107 3 -3369
71 59 -4654
71 43 -2875
116 21 3126
84 47 5447
144 44 -2705
110 51 -4112
46 19 2327
127 99 1750
122 129 1565
61 8 1117
64 131 -3817
83 35 3860
102 104 -1643
101 34 -4917
0 40 -5121
100 74 -53
95 67 8576
89 59 2225
123 32 4876
118 50 -9927
57 21 9436
32 125 4409
145 110 6185
89 110 -1501
81 14 -1517
119 57 4778
13 86 -3879
99 129 4470
50 59 -5156
5 85 5997
129 142 -7140
148 50 9340
14 110 -7708
97 104 -9099
72 86 -5523
2 110 373
0 44 6173
14 104 2498
130 143 6462
132 75 8028
35 48 -6327
139 111 -9816
100 11 -1679
123 127 -2785
86 54 4132
89 103 2786
39 35 8899
17 127 -9998
4 14 -9096
6 62 2146
147 49 2828
143 135 8469
29 28 -5413
39 137 1270
143 36 -113
25 20 7562
63 73 -9515
133 65 9305
61 106 579
38 69 5789
140 18 6900
62 144 -1027
108 117 -9460
54 6 -2026
122 46 2532
99 42 3395
47 114 -5840
135 39 7911
127 121 1467
94 136 8816
51 55 -5911
60 52 -1244
14 124 -1956
109 97 6793
141 100 643
42 116 4704
91 137 9224
27 145 -2374
144 40 -2651
24 2 -7074
87 9 -1539
28 58 656
72 18 7179
103 113 -4121
135 12 4414
10 54 3650
41 89 -8654
105 68 -5027
99 60 -3872
56 70 -5992
26 60 8850
33 9 -9229
86 25 -9958
128 7 -6914
109 123 7627
11 128 -2611
62 77 -6709
66 45 -955
123 76 -4160
111 48 -1969
138 30 -2338
52 15 8153
149 27 1939
89 59 7415
5 72 -7064
81 78 8891
102 61 -1892
50 57 4804
138 129 -7944
84 63 1402
5 114 -2037
141 24 8209
72 32 -2694
57 42 9279
9 49 8457
49 127 -5924
24 127 -5010
45 51 -7632
140 41 -1002
43 84 7058
7 140 6976
0 111 -468
96 134 -6353
28 78 -3769
44 5 6041
135 66 4357
29 107 -5524
72 44 6167
93 96 4733
123 105 2469
141 70 -4840
114 140 2045
54 147 -1663
3 89 -7245
46 22 474
129 25 -9455
103 104 4531
71 48 -4506
101 39 -6127
75 17 -6994
26 45 -2672
94 9 -6106
66 4 3595
127 47 -8507
51 146 -3879
124 96 -1282
32 80 -174
74 43 -4997
84 46 9422
66 43 3765
3 82 6598
76 140 1008
45 22 -2415
95 66 9943
7 146 -4699
42 8 5134
51 14 1774
74 54 -7097
73 68 5881
79 22 7015
80 32 1203
44 3 -5214
130 148 8937
2 145 9436
56 27 2405
38 69 -2281
44 54 5070
85 85 -7264
97 79 8826
81 104 -1217
135 73 -8174
62 133 675
110 107 -5434
26 106 2746
92 48 4411
85 52 13
138 60 -9350
145 112 -8932
89 33 6145
5 146 -7223
132 66 -1561
132 147 -1704
131 10 6035
3 18 -7242
112 85 1564
127 87 9485
12 141 -3049
38 53 11
124 25 -3705
5 0 2247
32 29 6500
36 149 -5752
126 89 -9336
131 1 737
78 100 6695
53 119 -3155
104 133 6376
102 124 -3537
61 92 9628
26 6 -4244
8 126 6032
89 89 -918
79 140 2878
129 48 7106
114 26 2662
55 134 -7745
116 64 8566
83 35 -2429
96 89 -4207
112 43 2407
42 100 -9187
47 1 676
57 77 1583
107 21 8451
100 140 -9842
81 65 -576
145 12 535
109 40 -3220
132 32 -2736
62 98 -7167
139 26 8108
83 108 -2460
5 105 -1540
18 22 -7303
30 104 -5951
45 3 -7084
77 83 5610
50 24 6039
20 53 -7358
130 51 8902
63 23 -7408
147 133 -3624
7 56 -6502
49 99 4669
13 52 4096
27 95 -2986
122 94 2782
115 30 4314
10 86 7630
135 3 3378
46 117 9515
122 144 -2505
124 66 -7099
126 72 -9367
46 115 3973
20 39 -8841
36 84 6889
127 128 -4867
29 59 -8665
109 94 -3368
124 43 -2488
137 9 -6071
89 130 -3613
11 16 -5332
101 10 -4328
22 139 -8410
38 90 -8856
52 27 2148
77 114 -3808
84 22 7499
105 98 -6823
9 45 -6122
55 62 2069
33 26 -1905
102 125 2987
69 101 -6801
31 83 -2264
91 36 1245
88 111 3822
73 26 6160
147 138 -2974
85 83 -3548
97 97 8841
93 101 -4697
67 144 5942
63 116 -922
70 95 9824
124 111 -9001
15 130 -9254
60 111 -9531
44 67 -7357
7 16 6026
34 4 1919
3 84 3002
17 91 -9203
90 12 2365
21 41 6783
87 12 2268
11 135 8900
4 129 -2307
0 129 -2851
84 119 -8015
14 106 -5373
118 30 -8844
148 116 -9992
76 97 -7883
69 22 9449
66 124 6292
0 17 -8047
47 62 -9733
15 20 -9793
136 144 -6394
119 121 8285
47 126 -2361
65 43 61
83 70 -3859
29 26 2707
141 44 4318
45 48 -6591
13 56 3418
50 144 8059
146 63 -3977
68 92 -7011
11 99 -3680
56 62 -9413
64 125 -633
129 16 1098
12 12 3729
124 80 -1082
30 35 -4895
76 112 -1995
71 70 -4493
39 144 -9106
94 132 1052
33 125 9162
89 127 -6673
47 27 4675
18 38 -9440
1 68 6403
53 2 -1001
145 28 5325
50 20 9613
70 86 8672
111 73 -5795
124 148 -572
0 113 -5414
41 67 -2698
59 145 1785
21 104 8556
108 87 -7183
28 11 252
77 94 4853
61 90 7567
4 8 78
65 54 -9796
135 85 8400
97 1 9249
57 73 -7908
118 137 -5883
46 23 8039
73 8 -6889
89 15 -7682
94 15 6418
148 136 1248
10 134 3228
92 1 6142
84 76 7515
78 92 4092
44 105 4237
36 101 -3113
126 130 7328
50 13 -6085
121 48 449
141 68 1514
0 139 2399
106 25 -1508
0 104 -7751
66 52 2140
83 125 -139
70 148 8838
60 75 9943
142 87 4985
76 139 9552
88 69 -9233
134 6 8533
15 69 -206
86 119 1743
115 70 7381
123 41 2595
39 66 3008
105 45 -7198
116 95 9084
77 57 908
53 63 -2412
138 64 2720
119 147 1502
99 33 3191
8 37 1170
74 57 8295
37 144 -4127
110 22 -9008
14 82 8870
96 58 -2913
34 69 8903
20 36 8520
16 42 -8838
141 126 -8376
148 77 7403
139 5 -9574
108 29 -8856
19 113 -165
90 126 9777
134 113 -1098
128 29 -8532
78 36 7578
93 130 3426
65 58 1994
36 93 -5941
77 146 -4800
4 120 4347
27 134 -7241
24 22 -4456
108 95 -4855
137 43 -1864
114 68 -734
4 146 -3722
77 6 -7220
74 10 8655
111 22 -473
139 45 -4670
40 47 1689
127 108 -4641
30 77 8358
37 98 -1047
2 15 -3148
141 16 941
130 5 5818
66 47 9111
5 101 4821
38 140 6834
60 114 5079
101 142 5306
142 118 6972
40 42 -4778
146 25 4200
116 148 2737
123 133 5796
34 107 -2908
92 130 -9954
89 9 3800
35 29 4876
92 112 -4270
78 114 -8087
54 9 4595
50 60 -5980
119 34 8422
106 14 426
136 137 -5201
111 12 -3585
29 11 7099
114 110 -1533
32 90 9948
33 105 -971
38 38 4501
122 119 -9710
98 129 9899
136 137 2207
102 74 -6447
34 78 6888
61 69 -4448
5 127 6820
93 130 -8820
31 82 -9662
13 18 -8863
139 127 9737
124 89 8203
57 92 9762
48 62 6658
97 132 2805
24 7 7756
89 89 -3323
76 110 7880
142 92 4292
87 39 1235
40 140 -3873
131 5 -7885
109 89 1020
37 73 281
60 124 2539
136 144 8903
37 80 -4477
148 82 4145
64 50 5453
63 7 7314
10 89 1261
114 105 797
84 121 8293
13 31 -499
39 39 -2184
144 107 -9343
70 97 2197
5 81 5767
117 60 -3597
136 69 -6661
5 41 4165
23 94 253
98 81 -8709
12 90 -1924
76 6 6324
34 42 -4633
43 76 3468
129 13 -154
62 56 -18
89 43 -7734
95 128 8148
147 73 2024
38 56 -1454
66 148 -7900
9 75 -6302
38 50 8640
73 61 3052
112 77 -4020
133 20 5022
41 92 9459
107 19 -6085
73 14 -807
147 63 -492
98 69 4421
36 55 6403
105 144 -3845
22 41 -6627
14 19 -243
101 29 9575
64 74 5217
25 139 1967
13 79 6031
128 98 -2904
77 22 6860
45 114 3874
16 14 -3787
113 126 3700
2 112 -1343
135 74 600
143 98 3185
61 40 -5908
65 97 1453
143 11 5295
1 53 4770
28 73 -5014
102 25 -1741
20 54 6027
64 109 7948
79 97 -3773
47 68 -9189
136 62 3973
24 76 -4838
8 60 1087
105 45 5062
94 79 4442
48 117 -3006
32 124 -8848
118 75 6821
44 39 5510
67 135 -3500
116 70 -7753
19 0 7606
99 84 -6930
66 76 7100
147 107 7498
149 50 -8177
120 52 -7068
95 4 4286
67 88 7753
38 136 -8355
63 36 3494
39 41 -6272
101 88 -7095
54 12 1182
33 10 -1687
143 49 -2314
31 56 3866
57 126 -7407
89 109 -8012
140 35 -3829
28 98 -5376
92 60 -1628
149 25 -7545
110 134 -7337
10 13 7838
9 96 -9733
32 26 4851
56 76 -9479
103 125 3324
11 111 9253
104 22 2060
41 26 -2472
108 45 3057
16 88 -1495
116 14 -209
89 96 4914
30 94 -8793
138 28 -7873
76 120 4297
145 146 8381
112 34 -7659
93 83 -5399
65 57 -7010
46 63 -3880
1 126 -8047
89 137 5593
46 92 -9316
58 122 9606
93 113 9422
40 2 5396
10 15 4013
16 50 5371
15 130 -5113
146 17 -8306
41 101 -8037
49 39 8971
94 33 8856
103 50 357
68 65 -3939
9 43 1924
98 10 -8160
68 124 8391
10 69 5662
103 9 1913
85 0 3434
24 136 -5579
25 123 9491
57 124 -6318
111 82 5928
32 66 1800
103 30 9821
71 55 -7330
56 111 2353
98 145 -6018
50 82 1770
12 122 -5299
120 91 -5807
63 95 -7686
99 85 -5645
92 35 6230
120 87 9594
68 120 -7737
76 35 -1635
25 48 -6032
137 33 7695
70 66 1225
18 131 -6456
14 135 4814
32 130 -6241
38 61 608
114 149 825
35 142 8052
90 73 -8754
42 67 1508
131 55 -7413
48 28 -2319
142 125 -533
39 40 -9951
66 88 -7052
111 94 4521
114 23 -9031
86 52 5432
88 56 7784
48 146 -6605
52 56 -3594
54 108 -5022
66 84 8355
67 34 7490
82 34 -5691
77 15 3408
128 82 5909
19 26 -7334
72 9 -1127
135 35 -6390
23 125 -4033
135 144 5046
121 40 -2093
26 12 -6505
34 97 212
96 139 8839
58 52 6930
120 41 5057
70 10 5463
126 23 1559
52 109 5980
97 1 -6470
6 135 1401
47 3 9704
101 138 62
98 81 -6496
116 32 -1818
38 50 4526
121 88 -6511
91 9 -8159
17 61 -4291
67 120 4003
127 70 -1277
94 12 -5284
116 106 4746
91 7 4241
22 48 -8482
69 114 693
137 50 2913
92 81 9606
53 97 -4752
117 11 7010
48 141 1187
44 4 4568
114 137 -1041
40 73 143
130 126 -9676
149 69 -4494
87 1 3537
86 96 456
9 134 -1289
103 9 -445
108 110 1938
122 146 -8450
82 129 -9160
112 38 -8944
58 114 -669
149 65 -4526
107 71 -4500
33 97 -1635
70 92 -7709
98 70 -2104
83 50 5044
16 105 -3794
23 90 -2322
44 43 6708
40 133 -7672
103 108 2968
143 131 -8472
100 68 -3141
36 6 -1440
31 109 -6130
76 94 4480
122 108 -3980
136 32 -421
94 38 -3781
13 93 -9622
103 142 4399
50 23 -4043
55 24 3699
58 121 -405
3 51 -171
48 27 7412
101 21 2754
116 122 -5867
114 42 -8057
55 111 6174
130 70 -1178
46 7 -8931
64 74 2186
20 123 -6805
121 9 -9100
97 18 2477
82 110 5128
44 132 -8958
88 87 976
68 75 7060
29 105 7879
35 63 -3716
26 141 6908
119 67 -174
43 136 5636
134 87 -6082
92 9 5526
35 82 -6188
94 25 -4385
37 39 4101
141 97 1323
100 53 5788
44 42 318
102 49 -4125
15 15 -9774
88 75 -1785
76 28 4765
21 108 -1256
22 105 6480
21 111 -6261
124 121 -5497
87 145 962
109 115 -5396
19 7 -4273
129 106 -8491
65 108 327
132 122 6137
142 70 -3308
86 61 4159
34 138 -7382
46 17 -302
49 99 -7779
74 91 -3900
99 59 3449
38 46 -5458
73 47 -221
6 2 -986
125 28 6126
52 117 3782
104 62 -1680
113 119 -8464
145 39 -9737
82 56 -8818
79 35 6194
135 68 -6534
129 134 513
16 144 1364
149 129 -6630
130 69 -1273
123 43 -6288
40 23 2817
66 49 5889
18 16 -8872
13 86 -2591
57 113 -7214
76 129 3449
86 102 9100
142 122 -7249
147 71 -1968
116 32 9187
51 76 -7692
9 137 -3866
60 91 2226
36 147 -1949
91 25 -6423
59 83 -4391
2 75 -191
50 109 3915
64 47 8096
145 81 -7831
45 77 982
62 40 9183
37 15 93
146 109 -365
101 142 -7228
74 3 -3318
118 28 -9927
72 22 -7943
78 134 6134
37 13 5470
80 143 -3949
89 26 1159
135 134 8452
70 120 -8272
69 96 -1663
92 115 -2697
19 112 1811
59 0 3605
49 49 4355
47 88 -367
138 104 5335
99 47 -142
26 77 -4691
27 17 2305
105 141 1706
131 137 7365
43 41 -7261
0 6 -5485
92 70 5333
0 61 8676
60 25 6465
12 136 -9584
12 5 -2706
51 142 -5120
143 17 -1358
24 27 -7121
49 123 -4422
49 12 -3421
140 137 -4857
56 26 4736
82 97 -416
54 49 8983
102 83 7728
143 33 9174
32 57 -6862
71 113 -3839
135 46 -4563
108 133 8616
1 79 -6195
67 92 -2096
63 115 9337
7 44 9167
45 54 8485
66 132 1878
75 34 -4566
136 81 2210
39 130 -2117
7 46 1461
10 0 -8198
141 25 7965
146 0 580
37 60 3212
57 72 -5010
11 90 -8852
56 131 -8252
52 18 -3032
39 104 2729
27 0 -7229
138 56 7030
81 126 -5067
75 107 -8510
35 129 7277
21 16 -9840
98 45 5754
79 111 -34
58 48 4757
63 45 3645
43 27 294
106 126 -2026
58 149 -2679
124 125 -2490
77 112 5208
106 65 -2653
54 2 8062
74 111 -7851
9 30 -3987
104 12 9143
17 37 -2386
92 119 3547
136 103 -9796
81 127 2443
8 134 -4423
110 53 -4772
17 35 2244
107 21 4095
115 24 7338
47 24 -4751
12 109 -2793
140 20 1600
87 2 3915
23 74 -2885
88 109 6160
112 42 2248
82 53 6027
75 112 -5931
51 101 137
145 18 6473
103 84 7425
70 1 9826
35 76 -4951
132 104 -8453
28 95 -7393
65 19 6946
12 58 7450
54 59 872
24 1 -7
98 136 -4121
119 107 -153
114 44 -6104
93 3 8830
12 53 4731
87 14 -3736
148 60 -5126
79 96 -5987
61 121 8568
119 133 3666
93 86 -7822
148 133 6503
31 134 1379
126 144 -7170
53 51 8976
95 25 -1747
51 73 -8129
30 126 6128
82 95 -9802
100 94 3962
97 92 -491
47 93 9857
141 33 6950
95 38 9077
76 135 1521
35 148 -6573
88 72 -6070
148 125 883
64 121 -6233
75 8 -5574
115 37 9563
72 62 -8529
124 96 6474
6 132 1695
149 147 9074
133 5 -7054
91 123 9964
124 96 8672
81 65 8593
82 97 8093
17 142 -2309
63 120 -2884
111 97 9000
54 106 8039
133 53 -2742
4 50 -8036
144 119 3050
142 6 1520
48 55 -349
91 129 -7116
4 4 -1888
115 3 4804
13 18 4709
91 113 -3588
41 72 -7819
138 91 -3928
128 117 -2597
105 28 -3415
107 106 7044
49 53 3750
101 51 -5419
111 121 5388
47 92 1293
121 94 -4006
34 117 -2890
78 140 7904
14 40 -6130
55 40 -7619
129 1 -5179
122 89 8617
107 100 -1733
141 127 -4908
126 16 3291
78 84 -3331
66 86 3039
62 42 -1424
26 82 -2627
18 147 2884
91 111 -1103
147 29 9526
45 18 7672
127 100 -8242
96 108 -3942
91 96 -2171
113 38 5856
48 76 -2568
50 92 6964
80 46 4235
86 138 1669
132 72 6978
91 81 1787
55 84 9530
136 102 7486
62 25 -1491
74 68 5817
17 35 -7150
105 34 -8549
84 17 2397
86 64 -3995
52 58 2390
60 35 1600
67 33 -6474
104 119 -7642
128 77 3500
123 31 2822
137 131 -9938
100 18 7884
4 120 7147
55 30 5750
130 13 7514
66 67 -1689
105 103 -5737
128 107 1501
131 141 7993
123 120 5925
129 111 -6136
54 52 -1642
149 54 -7493
51 46 4897
84 143 -4526
90 43 -2360
40 67 3803
38 54 2159
12 26 2968
89 114 4675
45 116 -1171
119 61 3472
17 88 -2485
142 88 2250
88 133 2815
21 51 -528
114 66 6126
60 47 9937
18 133 -608
132 16 2166
92 67 408
69 55 423
97 75 5607
11 80 9424
131 0 -762
70 123 -2873
131 14 3504
48 123 3534
6 5 -4128
38 87 2243
128 136 8674
31 124 2100
4 113 8179
129 61 -699
0 93 -9911
83 130 -2725
143 85 9190
6 55 2044
112 87 -6062
91 132 -8626
87 100 2580
130 26 -2577
67 84 -4767
61 24 -2890
104 70 -8261
143 77 3810
108 84 -6832
17 133 -7141
95 40 -9089
10 63 -5271
62 77 1544
107 31 4580
21 87 -6637
131 74 4442
117 109 9891
21 12 105
116 108 9410
54 104 -1059
7 117 -3381
88 134 7856
71 104 -4824
52 32 4811
59 61 -8092
104 25 9587
26 141 6137
130 46 6617
103 0 -8208
6 144 -2450
108 56 6789
48 108 -3565
29 64 -7949
69 80 699
145 72 9500
20 84 1137
101 2 3317
21 111 9663
71 5 9507
123 43 7197
119 72 -6513
80 31 -2254
67 55 -4466
87 109 -1351
94 32 -3638
124 118 6208
105 27 8646
17 92 9225
130 75 2105
36 37 3
114 58 7629
73 92 9556
40 81 348
137 49 -7597
106 149 9152
140 2 8764
98 99 -8081
138 123 -652
96 80 2379
89 49 -6498
114 52 1031
32 71 8315
8 138 -4959
4 21 -1671
120 118 -9980
129 49 9919
115 34 -2446
95 43 8664
69 128 4936
97 107 -5295
105 89 3847
127 140 2121
4 52 -6935
137 20 -4140
11 62 -5814
132 31 -1638
89 43 5544
8 141 9604
67 98 4283
82 1 -614
21 133 -2011
92 41 8447
60 79 -1388
101 116 935
106 132 6971
67 128 4912
137 24 -7453
72 55 1041
23 24 -7359
43 79 7477
127 148 -1510
42 88 2560
10 17 -9071
91 123 2687
108 110 -5483
78 133 3671
40 97 -8293
36 111 -8215
93 2 1501
40 105 2290
22 4 -3511
67 143 -1988
132 120 -8435
52 23 6032
138 62 2981
77 56 4493
12 53 -8189
29 31 6790
96 41 -1527
146 0 1360
73 0 -5253
94 115 83
103 112 -7384
95 109 6948
47 115 8555
69 74 -201
13 69 -5631
148 147 2566
66 66 -3461
117 37 1742
121 2 -4222
1 115 855
68 21 -5530
139 122 -7362
79 139 926
0 122 -5478
9 25 704
96 84 -2070
137 84 1756
121 94 -7608
139 53 6892
10 10 -4332
91 21 -5396
143 42 -2416
56 76 5053
92 140 1687
73 41 1632
105 111 -4290
63 123 974
99 22 -4965
85 113 6451
1 118 9561
24 73 -4537
76 97 -5588
137 94 -9242
63 89 -9149
55 113 -7134
61 35 -9012
89 53 -2608
113 97 4063
37 148 8951
100 27 -8879
78 82 -516
130 121 5965
27 36 -8755
89 104 1333
80 45 -7399
78 33 1671
134 92 7651
45 97 -5851
101 67 5820
17 146 -6263
128 98 -5107
51 9 4877
25 22 3090
10 117 5653
144 50 2562
25 25 941
61 105 6067
91 90 -9729
21 70 5197
141 105 9736
123 70 5741
144 46 7769
27 87 6073
89 20 4135
91 97 9663
123 58 -2926
134 64 3224
3 149 -3827
29 88 646
46 71 927
139 88 -446
36 120 2990
34 28 7519
6 79 4161
86 45 1880
106 116 -9429
15 52 -5817
149 0 2832
108 100 9382
83 21 -8160
36 6 -5315
115 93 3628
104 109 -5847
106 15 5646
70 88 -8622
12 135 -2293
125 113 999
48 11 7342
122 44 -7322
90 127 7096
123 48 2434
138 144 -5647
17 55 -2923
31 20 7078
70 39 9814
107 22 7581
61 123 -7561
144 127 -6321
149 117 -3885
51 145 -2140
86 44 6287
78 95 -7465
48 144 -5297
61 31 1965
119 98 4189
89 40 9452
113 51 -914
12 92 8675
1 88 380
35 29 8287
91 105 -1754
120 75 1143
54 36 4995
0 50 9288
18 138 -5357
136 88 -6281
3 45 -5364
9 30 -6991
73 112 -2578
11 69 -9181
6 125 2885
10 99 -2142
56 56 -1023
24 94 -9770
135 11 4842
52 99 -7860
18 17 -2397
97 31 -1968
111 80 435
95 134 -9661
27 97 -4473
80 84 -4547
144 67 -6177
14 92 -1985
7 96 -4086
17 47 1977
83 129 -732
61 70 -4997
52 55 -717
39 120 -5033
124 44 9725
37 125 5003
103 21 -356
108 82 -38
19 141 -2788
70 135 5126
110 76 6837
9 107 -139
50 12 4039
23 100 9517
53 30 -3471
61 116 -9885
8 1 9708
24 27 -13
27 24 7562
8 118 -5881
136 4 7732
4 129 -3332
137 76 -33
2 76 2683
140 29 3479
98 105 -1362
48 6 -8631
17 87 -3813
133 17 2230
147 62 -8409
109 39 1299
69 108 3642
18 100 6231
46 42 3119
61 83 7106
2 22 -8899
83 56 35
41 6 2916
55 36 -1306
34 27 4499
101 31 -3785
53 31 -7942
3 89 2447
36 50 31
7 5 -3698
21 23 1904
25 31 8172
23 66 1136
41 103 7472
137 104 5910
53 121 -1592
5 106 833
89 62 2587
70 37 3281
120 136 -3240
116 2 -2137
3 45 -9434
91 122 7309
74 55 -3703
141 69 -7964
66 55 -3073
33 28 3911
54 149 -1026
53 139 5962
26 52 9803
123 122 -7660
118 49 -2509
122 98 -4630
5 91 -4131
131 128 3132
29 100 2563
138 148 -7253
136 43 8419
115 55 -6117
106 41 -3843
99 1 1259
104 92 -8349
37 41 -5169
49 22 -3295
29 11 -6132
45 60 7646
79 67 -8722
112 31 -2370
89 91 -7147
107 81 787
132 146 -8899
1 21 414
120 36 -4196
30 90 260
40 143 -1172
131 14 -7656
112 28 -5873
96 33 7408
117 16 5473
28 23 5927
116 113 2506
128 81 112
117 38 1445
114 144 -2656
126 103 -2770
47 134 -8910
61 107 4658
81 114 4265
55 5 5525
144 111 6601
126 32 1521
89 1 -3431
112 67 -2694
8 10 7566
123 92 5947
7 84 -5592
102 59 -496
67 1 4378
13 135 -4621
118 131 3393
107 32 6012
121 115 -7170
104 115 -8883
18 127 5650
116 29 9789
41 14 -3053
113 51 5221
57 44 2381
63 118 8758
108 17 -7443
83 145 -5320
73 56 5607
107 140 -7702
89 56 -2375
0 66 -886
52 146 -5181
90 30 -582
14 143 -7037
146 55 3615
95 126 -703
113 98 9290
22 81 -3506
46 147 4195
52 2 -5540
135 21 1270
103 55 4264
125 143 2791
133 59 -3347
59 58 5825
40 97 -422
25 123 3432
6 29 -5119
113 87 -9908
129 88 9388
96 57 857
2 127 4006
73 91 -5324
133 80 -3057
96 126 2439
34 25 4227
112 27 -3869
131 10 2191
8 48 -8768
132 30 38
112 96 -5733
76 126 -5375
73 137 9034
143 123 -7989
130 126 -9407
32 68 -3453
31 149 1354
23 95 -8237
139 18 6180
92 146 5829
89 69 3012
83 78 1609
106 2 -8042
40 142 -595
25 22 9842
1 136 443
9 115 -710
55 72 -8884
105 96 2774
30 94 -7303
28 77 -4394
81 105 -3351
24 35 6701
28 121 4786
104 39 7195
2 93 -1044
119 17 7981
21 80 5237
63 83 -4232
101 13 -6399
134 73 -10000
123 4 5988
43 90 7400
118 82 -9030
134 136 -9305
144 59 -224
149 126 -4958
92 132 -4110
41 115 -8522
17 31 -6266
148 127 -4603
127 4 1730
50 64 8770
10 130 -3709
123 9 4055
70 60 2461
47 53 8063
35 126 4841
56 69 -5038
61 147 -1631
54 34 -8816
94 46 -3314
120 59 -8907
23 81 -2901
12 22 -1842
100 17 -2781
109 122 -5334
78 110 2937
35 78 5638
39 115 -2932
149 115 9598
43 119 5003
72 8 -4200
135 116 -7165
113 32 4298
13 24 8519
79 124 -286
137 40 -737
42 116 -4335
145 84 -9905
54 95 -7580
132 23 -983
91 147 6122
0 108 -1428
17 68 -919
77 138 -4568
55 78 -776
73 82 -5982
14 144 -7355
144 75 -9266
33 65 6808
124 10 361
86 3 811
73 22 8627
78 53 5163
15 15 -8097
4 3 1188
9 104 8268
10 12 -1699
5 54 -7267
55 37 -8459
53 75 1968
7 109 -5279
83 61 -1584
131 78 -4982
94 97 7819
16 145 7365
111 58 2481
18 133 -6978
56 78 6160
52 97 -177
130 89 -4357
122 143 -9834
68 95 -9461
122 25 6178
117 59 -43
129 137 -5374
79 12 -5775
93 81 -8113
117 143 8363
100 63 -7976
140 133 -9320
56 43 -6678
21 38 7150
109 44 7784
45 102 -49
39 71 2539
38 107 -2395
83 77 -9147
98 140 7373
137 85 -5233
49 35 5131
22 141 -8098
8 19 111
135 69 6018
15 38 -2871
80 16 -7816
123 94 -6668
132 54 -47
81 115 -8339
29 102 5236
128 97 961
10 53 5213
111 23 -2999
67 74 -4934
147 112 1709
106 31 6971
71 96 -8938
91 43 -8890
147 91 -5150
0 89 -2077
146 55 6233
40 6 -5282
88 70 -5201
142 47 9007
16 81 -6424
95 125 1511
61 12 -4590
134 88 7734
12 146 8384
12 39 9568
119 113 1489
0 141 7266
52 73 7144
80 98 699
132 105 -3946
34 69 -530
123 124 2977
142 28 3164
136 137 4311
95 58 -4274
58 143 -3853
71 126 -8448
97 136 -1395
117 59 -4755
107 2 -9028
34 91 -4492
136 80 -7311
41 36 -5671
81 28 7326
36 131 -5311
142 95 4030
104 57 -4529
111 119 1725
135 0 -9536
78 65 8039
117 66 -5675
112 147 9913
79 103 3687
38 132 6713
126 138 3305
92 135 1674
77 58 3395
87 76 6666
53 21 6607
148 47 5788
41 100 -1975
107 52 -7028
133 140 6647
96 40 -4080
30 71 3171
1 7 -4195
91 20 -2075
39 0 -4705
77 28 -9505
63 34 -6113
130 115 6643
21 54 -8748
37 149 5557
142 89 -5043
49 39 -6618
148 59 698
103 125 -9557
27 68 900
110 30 8327
11 106 5707
31 1 5940
109 111 -3012
33 120 -2309
89 99 2833
103 8 7391
23 37 -6927
2 7 4639
143 136 -2734
143 113 -5887
81 56 -9005
98 134 -7891
106 86 9210
107 71 142
60 15 5753
126 146 11
122 63 6253
46 62 8368
67 57 5821
77 90 -5072
21 72 7289
133 41 238
114 74 -1128
145 27 6390
45 97 7993
97 16 -8919
93 29 5852
53 95 -9131
47 117 8498
100 44 -5444
120 107 5110
127 88 -4180
35 44 -2664
67 64 2973
128 110 -6209
97 39 7478
31 46 -2471
61 134 -9620
89 14 1447
128 79 -5018
23 124 -3858
68 38 -2944
102 4 -1471
120 10 -9649
57 119 -2048
28 28 4254
77 115 -2521
136 144 -4067
125 145 -9321
10 121 1150
114 50 2422
82 88 8445
104 32 -2835
110 3 694
85 17 -9026
9 26 -8315
64 96 -3549
142 148 9117
98 56 8266
12 107 -8736
135 19 5772
98 66 2676
29 62 -637
31 105 -829
29 73 2692
20 26 -3956
68 87 2428
5 58 -2366
142 148 6479
38 26 4203
109 48 5328
141 49 -3773
34 98 2418
56 45 -1298
115 70 -1204
147 114 -3308
57 23 8198
129 92 -5135
65 127 -4937
46 130 -237
129 111 -4953
13 49 -1683
125 148 659
51 141 7542
83 118 -4799
79 114 -9910
141 96 3684
142 38 3875
5 89 2859
6 33 -5899
3 118 4785
122 134 5590
122 13 1732
57 19 799
96 106 2753
0 71 1544
5 67 -1221
65 99 6550
50 148 -5967
133 83 4885
20 67 3124
56 41 4988
105 32 -547
12 130 4163
93 126 -3557
50 133 -9234
73 10 -7056
115 44 6375
43 52 -8942
96 2 -8902
51 93 8971
124 31 3122
116 94 -2243
79 18 -8076
70 146 -172
144 27 1664
37 45 3299
107 149 -8744
149 91 4436
17 40 -3608
6 82 -3961
120 89 9030
99 126 1571
72 132 4738
123 88 -1216
54 69 -8923
58 128 -2837
45 11 -3336
103 75 -6753
19 124 -8868
146 140 -5176
50 2 4921
142 122 9938
114 96 -7674
136 136 -6900
59 27 5066
123 64 -5829
136 141 -8616
45 74 -5965
95 117 -3308
116 89 3817
43 49 -4969
74 0 136
115 89 8408
16 68 7591
46 44 -9132
148 46 -985
93 60 -7525
69 86 8455
149 97 9757
55 35 4253
104 39 -9039
114 56 1281
44 114 3115
130 122 -2008
31 113 3166
61 73 9625
31 43 8187
121 41 979
78 4 -3716
59 135 -5623
86 94 -2396
16 33 6007
149 50 3948
140 39 6416
141 132 8395
117 24 8414
116 22 7119
121 69 -483
105 114 1830
100 102 7072
82 115 -180
32 108 1712
72 100 7402
9 82 8996
69 98 -8269
15 135 9354
13 123 58
143 114 7595
41 132 -215
84 50 402
130 50 1924
101 96 -3354
48 51 -7145
88 73 725
133 67 -826
46 97 -7792
45 119 8153
60 86 -3718
75 59 6089
53 119 -5630
16 141 5045
47 37 866
148 98 7611
42 84 -3165
33 41 6392
62 42 -742
34 82 -1435
40 127 5704
92 43 1453
142 113 -5630
55 13 -5215
127 0 5474
2 70 -3346
80 141 4081
47 79 4434
54 65 4586
34 109 -7609
53 4 -5962
41 123 7164
121 137 7103
63 92 -7795
39 145 557
14 7 589
146 141 2079
60 112 2549
102 56 8180
86 18 3489
39 90 -6016
89 132 -9298
43 66 7046
141 82 6437
59 57 213
81 85 275
21 57 -6015
126 77 -3852
19 143 -1246
37 64 4205
124 29 6265
10 80 9551
137 92 4095
131 110 -3342
14 87 -9569
129 145 4884
104 16 2168
104 5 5323
92 124 -1680
38 5 3701
119 79 553
46 106 6266
19 137 -3792
87 26 -1022
92 34 -6625
121 8 6286
29 83 -2580
78 122 4250
142 117 -5365
32 5 7889
85 71 5397
67 4 -7632
96 7 1619
114 78 4538
24 3 4105
90 121 -8428
83 141 798
2 27 -3541
27 66 -9153
41 82 6246
97 43 -4094
50 68 5219
8 25 -1164
46 100 -2999
88 63 7305
92 12 -5581
90 48 6760
7 125 -1317
92 104 -1459
72 109 7658
88 70 8782
120 137 -2816
104 124 -8576
107 141 9538
104 100 -4942
32 53 6135
11 109 6641
108 3 -4081
143 99 -858
149 69 1516
96 135 -993
59 69 1654
128 71 9754
143 63 794
5 86 5489
102 41 -4142
26 41 -6803
93 88 -6807
26 53 -9704
0 3 -2309
91 58 -1648
68 83 -2726
33 13 3955
79 42 6840
119 132 7686
117 34 -8591
83 29 4876
26 112 8590
69 51 -1892
27 29 -5004
148 15 3092
5 142 -6102
24 116 -944
41 81 -7161
70 108 5395
106 52 2771
112 134 3495
59 108 6657
70 115 4219
76 50 -728
79 125 -5595
65 137 -7183
58 101 -3039
8 109 6352
41 129 -163
121 107 8235
75 52 5753
19 142 -9348
13 31 -3092
49 38 -7970
67 146 1640
11 63 7524
0 104 -3679
106 100 -7502
38 116 -5751
91 95 -9275
104 6 -370
143 47 -3967
78 104 4126
31 129 -8833
135 108 -289
34 83 2343
61 116 -3191
55 63 -6642
32 37 7117
136 56 2435
60 30 3872
25 50 8200
19 110 8960
111 119 7076
44 11 455
12 7 9146
27 67 3783
76 11 -8924
123 125 -3322
73 33 -2790
130 53 -4602
137 147 2678
46 130 -4933
64 144 2929
52 37 -8869
62 67 2157
14 84 -5752
139 144 5414
28 1 3847
127 4 -1786
9 142 -723
38 122 -5623
82 29 685
49 126 1295
34 94 -8156
120 103 1011
36 136 662
7 3 9182
132 147 -2778
34 44 365
93 18 1672
4 44 -1496
25 15 7676
115 142 9276
14 76 -7863
102 34 -4788
58 71 -4560
77 17 -4778
106 114 9893
67 0 3612
119 139 5773
62 141 4877
69 21 3271
101 65 -9207
145 72 5068
5 50 8598
100 25 2777
44 90 4511
109 76 -3249
115 65 6177
59 134 1441
116 46 -5613
43 51 -116
142 123 -6996
6 50 -9860
133 61 -7486
70 42 476
25 65 -7509
12 17 5268
119 9 1299
97 64 1355
121 89 -8566
21 110 -2365
141 147 8369
81 139 4714
42 116 9279
140 72 6988
14 23 8121
56 26 -356
56 39 -9812
13 93 -4347
124 3 1276
104 114 -5101
122 133 4339
138 114 1484
46 102 -6692
38 37 9159
142 29 1054
62 29 -3565
142 31 -1853
24 39 -566
83 138 8986
129 87 -7800
79 117 -8904
74 148 9450
87 131 -5697
130 71 3567
46 147 -1846
12 48 5935
103 28 -2785
102 98 67
15 87 -1061
92 11 -4079
85 45 1114
74 92 -9830
10 69 8189
1 11 -6268
6 81 -5670
63 15 8445
25 146 -8539
63 79 -8637
139 148 5117
119 147 -8928
112 112 -8863
30 3 1724
138 81 9031
32 96 6684
98 104 576
97 109 7620
36 128 -3822
110 84 -6258
55 127 -2974
148 33 -3435
36 73 -3425
14 133 3579
75 106 3650
128 143 4945
104 19 844
122 1 8557
88 141 -8274
60 102 7461
19 30 4118
32 92 -1901
86 46 -4516
8 96 8674
9 81 -4395
39 16 9661
9 19 683
44 87 5554
115 12 8642
60 50 7067
138 34 9890
18 134 296
104 34 8456
113 133 -629
101 47 -9630
137 124 -388
104 3 -9630
53 78 -8483
109 28 5725
53 97 -2593
16 136 9657
51 95 -9479
148 140 -2393
68 126 -9962
33 78 -3111
31 97 7703
6 18 -1730
103 2 3736
51 118 -7714
42 103 -395
33 80 6283
50 82 208
112 68 -7933
0 98 -5275
55 43 9227
47 124 -9089
84 144 -5206
9 97 1583
10 82 3599
138 108 4103
83 42 -7504
148 110 -3006
120 147 7401
98 78 -6785
115 17 -6248
16 137 -8120
122 123 -6113
32 25 -4164
27 144 -6036
117 125 -3299
79 98 3160
120 143 7055
65 149 -1115
75 94 -5270
126 6 -9008
101 62 -9394
3 148 6642
141 116 2979
117 148 3419
60 86 -9089
119 112 1397
130 58 621
144 138 -282
60 4 3937
17 109 3566
10 32 4905
93 17 -2857
83 122 -5065
66 97 -6938
63 72 3195
3 63 4009
12 72 -9628
126 127 8218
85 68 -5034
95 143 -4905
67 94 9402
29 50 2461
35 141 6847
101 19 -2387
19 52 -8576
132 54 1938
129 60 5039
144 49 -7310
92 137 -2858
6 35 -3059
106 113 6684
87 13 3802
98 114 -8491
104 43 -6074
62 138 3604
28 73 9777
48 100 -1756
131 51 8952
89 122 4940
69 29 3333
101 77 -4524
142 128 -4843
67 79 3005
38 129 5757
107 18 -5259
68 149 8112
132 56 -304
3 45 7057
131 67 -6633
0 11 7632
78 66 7187
89 50 -2526
125 42 -4013
144 104 214
29 142 -8248
26 37 6493
106 25 -3196
2 2 -2589
22 39 381
8 144 -8708
111 95 -3693
0 148 -8220
78 132 7583
48 92 -4877
11 120 8326
37 122 -7816
13 143 5009
44 136 -4627
128 1 5797
21 124 -7031
79 88 -1001
6 21 4613
82 92 2707
69 27 529
116 108 4421
76 3 5244
6 99 -7826
115 10 -8457
78 133 2153
114 18 3960
20 94 5286
27 61 5074
127 37 -8042
109 115 2306
81 60 -5419
113 30 -6722
76 34 7443
81 4 3963
140 89 2483
110 4 -8647
24 67 4667
73 94 2902
72 133 -6243
46 45 -833
34 124 8425
56 45 774
39 77 -5669
143 101 2435
93 146 -7513
27 79 -3824
64 104 -7688
54 22 -7154
63 114 -6655
99 59 1776
85 41 4281
4 105 -8096
78 15 -7637
132 0 1188
24 64 -5269
65 99 -8814
85 82 -886
32 1 8436
27 73 -2943
87 81 -764
118 91 994
39 12 -263
36 133 5999
121 136 7965
117 107 -4045
126 144 -2915
120 61 -9056
38 102 -1695
115 21 -3938
123 13 6133
129 108 2712
3 139 -6185
140 79 -7517
64 90 -7079
143 97 1912
71 60 274
137 63 -5038
72 23 9032
140 67 291
105 26 -705
42 123 3248
137 1 1963
78 25 6522
25 111 8482
74 93 9332
43 85 8893
79 107 -7358
108 93 -8112
11 45 5792
92 53 -1219
74 133 3178
87 120 -1449
81 33 7327
46 89 -6567
133 11 -8248
112 140 8538
31 124 -3887
99 57 -4030
59 126 656
38 40 -6411
102 19 -7897
16 141 7188
34 71 -4090
51 101 4480
75 19 9135
101 80 4838
20 85 -2717
148 3 9913
21 50 -3946
69 100 182
67 144 5476
92 30 -9439
87 144 -2752
87 114 9767
10 34 -9482
13 28 -8704
118 123 -5650
79 134 6852
125 60 7443
8 75 -5909
14 36 9767
136 33 -9732
26 74 -1663
138 121 3094
40 44 9454
135 36 560
7 94 -3330
80 21 9680
62 69 3156
14 84 8485
41 78 6715
94 15 5941
63 72 4961
22 28 -7400
26 105 -1480
84 90 -4649
19 93 -1345
145 122 9077
23 69 4899
36 63 -7082
56 27 23
108 82 2846
148 38 -35
108 117 -8007
23 115 5526
92 17 2990
2 126 -4647
27 89 7725
43 96 -459
98 66 4234
27 123 5838
79 71 342
130 93 -389
65 7 3948
125 89 -5942
10 123 8588
112 45 -3780
107 89 5375
32 87 -2147
61 125 -291
18 132 -8057
66 55 5864
147 141 7645
21 19 8652
123 74 7248
115 80 -5386
25 83 -5196
14 114 3902
133 88 -9677
74 6 -916
18 48 7631
38 98 -806
106 36 3825
101 64 -9369
33 21 -4192
44 147 683
113 40 5181
10 59 5886
110 52 -4682
99 112 -2818
81 45 -501
128 23 -6853
11 76 8085
61 1 5535
52 87 6082
107 143 -6845
20 88 -9511
40 112 2954
116 69 2663
31 70 7525
6 3 2139
145 31 -7740
113 32 3719
2 45 9214
117 103 547
120 1 243
58 5 9857
137 78 7817
84 125 -6368
145 34 -4841
41 4 704
27 37 6214
9 98 -4324
141 38 -835
17 110 4400
56 140 6157
84 37 5124
33 52 24
93 123 7761
8 84 -4084
149 147 3445
86 59 7594
145 101 -5884
4 70 2880
59 50 6751
69 83 -4366
123 78 5444
29 63 2533
31 5 5488
143 66 -7950
145 91 7740
33 121 -9809
135 16 -863
45 117 -3379
53 29 7765
131 68 -5428
22 118 7260
4 18 -2603
66 87 -4426
74 72 -6657
140 41 -4632
115 27 1088
144 11 8094
139 90 -6087
114 11 1172
128 10 9948
83 69 4842
32 113 4048
44 35 2808
87 66 -9190
23 70 8249
17 13 -5838
133 87 -3447
91 32 3114
127 23 1517
54 94 -5104
77 84 4127
60 58 6212
126 68 -9785
54 63 2157
115 83 -1477
120 105 -3904
148 78 2639
114 72 -7305
97 136 2730
84 91 -109
26 3 -2840
109 43 545
63 136 -3305
118 14 420
141 2 7269
141 123 -8062
95 19 -816
87 73 -5727
20 8 5946
126 40 3171
16 31 -4495
16 141 5401
87 22 -3603
125 35 2767
36 56 9081
40 83 4761
112 21 -4072
37 102 4514
131 139 -9129
12 42 1076
65 5 -7378
97 87 6573
11 98 5450
22 142 -5158
54 144 9839
6 55 -5253
124 66 1369
29 102 -5703
113 92 -3652
53 148 -9485
7 39 6760
121 101 -9697
138 133 556
128 14 -9549
40 37 3330
52 61 -1185
77 0 2596
135 8 5614
17 113 -7342
50 25 4667
102 24 9580
50 103 -3801
16 56 -6095
60 141 3608
94 89 3910
22 41 4944
70 49 3626
89 3 5972
120 137 -1331
72 82 228
105 108 -916
60 89 1393
68 71 5430
84 106 4585
123 50 8334
85 86 5842
35 149 4751
141 52 3053
16 106 -615
120 86 -3068
81 123 -4467
26 50 -2607
34 132 -2348
69 113 -2805
141 88 -3161
109 27 5970
16 20 -3093
142 47 -6912
28 134 -1931
95 135 2388
111 25 -9271
54 88 5201
74 23 9839
63 76 -9686
116 69 -2507
79 57 -6873
143 86 -6129
35 2 -1180
51 104 -50
89 144 6324
71 137 -407
68 74 -9518
85 0 -4072
42 102 195
33 4 7147
95 18 -8640
56 64 9170
134 94 -6856
8 118 -5115
36 0 -619
82 50 3495
34 75 1805
84 77 7495
6 54 6711
139 40 1560
19 97 -3919
86 148 -9680
73 55 1902
68 100 -6837
68 13 -7971
92 104 949
97 126 6510
53 114 -5549
48 49 6624
28 73 1128
40 108 2538
82 58 5548
75 0 5025
39 107 -5754
31 54 4861
133 149 2169
64 4 1018
46 13 -4754
22 145 3765
120 31 -2281
10 119 -3288
62 28 2598
58 131 9122
23 43 7310
130 117 2219
9 39 7443
93 3 8505
68 67 -892
121 30 -2762
58 133 -8746
110 51 6479
112 33 8868
139 107 9404
13 33 -6821
139 58 -2806
15 103 -1445
68 51 4204
19 56 -6316
74 90 9237
115 77 -7553
37 24 1326
27 17 6223
130 134 -8544
111 12 1395
3 149 -9417
127 32 -638
117 97 -5764
140 109 -3927
29 5 -7752
26 123 8478
80 109 3037
133 95 5681
74 124 8209
64 83 1186
67 5 -4969
12 111 7
19 63 -5109
132 63 6640
11 132 -2558
17 4 -2739
10 143 8895
46 148 -443
129 85 7377
66 87 -9399
48 79 -8572
30 28 -4290
53 105 3064
76 20 6469
67 82 -7862
108 4 4119
13 67 2896
127 125 344
38 141 -2814
108 16 -1958
142 103 -5205
12 22 211
58 142 3574
52 124 632
100 30 9888
21 85 -4101
77 84 -9839
94 98 -426
131 102 -1169
135 75 3214
12 139 -506
29 63 4872
149 123 4222
55 131 -8666
54 100 3564
62 28 -6637
84 88 -5005
134 118 -6968
45 120 7334
23 63 -7092
79 66 -8419
104 4 -6448
26 127 -2432
128 105 1247
9 19 -6907
69 55 9931
51 46 9343
39 27 2625
66 133 -5378
20 15 -2173
107 125 7663
126 52 -1606
105 101 692
12 38 -7022
83 56 -8200
36 26 -6804
116 61 6821
12 88 4739
67 144 -8095
3 77 -9071
95 90 95
26 106 -3096
94 6 -3713
50 47 -5353
129 87 -1252
40 44 6122
92 74 9697
62 56 2863
10 17 -344
91 17 -6640
82 19 5736
133 93 7599
18 16 6611
117 23 1696
103 109 -3868
29 149 -2637
57 102 4794
46 48 -3001
60 136 6953
146 132 3668
119 78 -4344
10 57 2008
96 120 -1076
19 79 -6224
140 46 -1436
84 1 5868
1 53 -1201
136 7 -2880
16 79 -542
95 47 -2861
4 65 -277
31 75 1953
135 15 -9170
69 2 6772
149 128 -268
22 135 4853
87 106 2581
21 5 3452
62 91 -4213
146 72 -4883
32 47 1170
92 38 1701
9 128 1016
71 65 6637
49 63 -3115
79 8 6594
103 106 2174
43 40 8209
1 26 -5336
8 115 8800
24 93 275
126 64 -2067
147 135 5116
55 24 -9184
50 117 -7872
82 79 9431
9 12 4382
71 92 2376
95 6 1806
77 21 3514
137 115 -4911
20 145 -7601
20 113 -448
124 61 -3197
135 58 -702
6 144 -7151
73 72 9285
20 98 -2598
82 61 -5392
14 7 1366
12 54 -3626
33 116 2249
83 59 -7234
21 92 5679
89 133 -2988
88 117 -4625
146 39 2568
32 76 1043
26 138 -8078
6 114 -3226
9 146 501
98 78 5234
117 125 7140
35 114 1287
36 11 -7065
0 141 -1612
74 51 5487
41 70 -572
16 43 -789
83 124 9507
141 142 -2179
84 6 8237
51 74 -1624
75 15 -6234
72 67 2755
5 128 -9527
99 75 -258
145 80 -7648
6 86 8524
107 94 -8568
59 125 -9015
5 118 -2065
39 129 6428
5 132 5554
107 149 -3555
103 61 9928
136 147 -8968
100 74 6412
52 143 2252
70 81 2152
107 71 -4061
32 91 2410
26 74 -8280
143 92 1450
51 24 -8835
110 50 7368
81 37 9413
13 16 -254
94 133 1962
58 33 -636
37 30 3599
13 2 -5558
107 62 1996
74 83 -6847
79 123 -1416
99 137 4829
141 14 -508
18 16 9984
23 122 3040
70 15 4901
101 122 5139
127 120 -3595
115 141 -7370
58 66 -9451
33 57 -3868
25 20 -5216
23 53 673
58 134 -8318
28 140 -8977
46 81 8901
141 100 7927
76 75 -7485
59 4 7307
2 108 -9092
111 57 7721
102 13 6686
15 52 -5529
49 70 91
149 58 4443
96 14 -8727
46 61 -6049
55 140 -3468
85 102 202
62 128 -5888
51 84 671
124 9 -6996
63 29 336
84 100 3934
60 146 8555
49 95 2409
141 82 2558
6 1 -6962
26 134 -8822
54 0 9840
45 104 4838
48 20 -6836
51 128 3574
85 95 -5216
122 100 3385
59 102 9491
145 112 -8304
22 131 -160
37 35 5090
91 139 -9884
49 117 4754
29 83 1831
29 33 5669
134 117 5085
130 93 -647
72 89 -6227
39 57 -7583
20 114 -5507
10 146 -8200
107 64 6583
143 73 8479
30 23 3074
143 98 -6049
29 49 7890
43 67 -1741
70 61 9262
101 50 4788
51 145 4273
51 18 5438
2 26 3325
89 88 3962
61 49 -538
34 10 2453
30 35 -3009
11 101 -9959
123 8 9534
117 76 4531
13 141 8215
80 8 -6778
6 28 -1856
22 97 6301
62 107 -1197
128 15 9939
19 33 9515
148 16 5509
141 67 8624
87 47 -8784
25 69 -6017
1 27 -5883
131 46 -1624
123 35 4256
141 77 -4323
74 16 -2062
141 124 6565
34 15 3317
67 145 9997
88 92 5835
106 118 1464
22 3 -2354
105 70 3096
74 37 -3809
128 147 -6552
114 33 8821
87 142 -4678
39 28 532
86 1 -1153
57 135 7591
31 79 8455
45 18 -6986
20 0 4332
47 46 6686
27 132 -2185
9 42 -211
60 41 4520
139 41 6404
113 39 -7035
95 57 -3148
101 0 -4461
20 61 -5564
39 72 -4640
113 122 -5672
84 98 5605
7 16 -1915
68 25 5844
97 127 -109
88 39 9306
16 45 6307
100 90 -6550
124 37 2278
134 147 -2952
39 28 -4203
136 55 1499
96 36 9493
139 146 7553
4 84 -8309
78 118 9395
15 33 5076
57 112 1380
13 17 8730
126 87 -2896
34 104 -862
81 69 2572
107 22 -3782
114 88 -6687
84 9 -4375
56 66 7742
100 100 -5851
103 26 -5753
83 55 -189
93 128 6949
34 142 4983
24 124 6357
104 49 -2090
70 55 182
102 52 53
32 69 1401
45 35 -6661
57 40 632
62 8 1960
131 6 3950
0 108 -3121
28 35 -6245
129 37 -5237
116 58 4381
92 62 -1134
8 115 -9002
80 12 -8002
102 60 -754
122 140 2911
0 1 3732
77 121 8875
42 26 7999
145 73 -366
13 82 3431
131 23 9672
72 97 7655
127 90 1936
13 98 -5535
71 104 -9557
137 144 2834
4 20 -7233
11 14 1071
87 1 738
44 43 -2606
25 32 -1388
90 68 6097
148 76 -7285
72 21 8401
111 102 9095
34 74 -3868
146 109 -5183
30 111 -9481
56 60 3758
97 94 5087
47 112 7501
76 25 5521
42 100 -7862
63 1 1622
102 23 3755
62 120 4428
59 21 6848
136 77 6083
139 87 2906
121 109 2946
146 49 636
57 61 -8156
43 113 -6908
131 129 -9341
20 122 -6290
73 115 -4296
70 134 -9424
78 121 9802
19 126 -9651
129 7 7479
111 56 -8410
127 101 -9394
65 61 -9231
45 7 -5584
0 47 -954
8 130 -326
5 110 1599
98 99 7998
31 141 -6053
82 44 -7305
35 50 -6691
55 126 -8152
110 81 7871
28 101 -5523
92 43 4790
67 82 -4446
74 136 3247
136 128 -9033
140 68 -4424
89 9 -2768
30 122 4806
56 54 2585
123 17 8643
89 29 9216
120 87 9194
12 6 -5161
28 121 -7655
53 18 4464
79 71 -4510
2 65 -1461
27 132 4052
98 6 1736
28 39 -3640
147 118 9557
85 21 -4435
69 116 -1041
144 133 -7317
71 77 3792
121 11 7234
49 121 -1216
139 48 9718
137 125 -1084
86 42 -9130
78 12 -759
51 56 6300
12 53 -848
111 56 -6648
83 107 7427
105 1 -8149
61 149 9569
90 26 -7673
127 116 806
49 145 -7594
53 87 8696
67 133 7233
67 97 4897
71 6 -2826
116 92 2872
125 65 -5504
76 99 -1976
59 44 -8203
132 117 -3182
135 114 2123
99 59 5744
46 86 -3525
38 127 2676
47 95 -3597
71 49 -8259
26 0 -604
145 92 9813
35 24 -316
73 87 -8264
130 45 7428
71 117 -6050
108 35 -4104
141 92 7749
24 67 4385
55 70 -3872
143 75 7627
83 27 -5642
149 91 -3579
145 43 -1844
39 98 5475
130 69 -5821
108 135 9512
142 27 1888
142 18 -2167
140 127 5533
76 102 1980
66 34 -5807
46 81 -7391
36 3 4763
99 43 -1551
73 92 1867
119 36 -9327
49 33 7835
63 15 6397
21 73 -6748
2 21 1298
143 58 3278
50 136 -8918
32 107 -668
78 147 4741
44 1 9583
75 72 5812
74 54 -8225
88 16 -6298
104 137 -5049
122 82 -6330
1 113 1021
108 44 5240
139 121 3190
84 12 -8807
107 47 8175
142 130 2909
119 99 3071
135 79 -9943
131 144 -6390
145 61 -8918
2 101 -1551
137 129 4543
138 18 9987
100 23 -1570
93 112 1860
31 63 9615
88 40 1400
64 112 -4828
93 10 -3979
102 84 -1814
122 65 -445
10 96 1650
0 123 -4342
122 121 -2112
26 26 9109
69 123 -587
132 148 -3561
137 101 -9126
10 122 1766
67 38 9985
144 96 3123
22 34 -1503
138 114 -5433
56 6 5365
140 43 -2203
143 93 5933
64 30 -6772
149 92 4202
50 128 -7649
136 79 -6084
43 100 -5574
14 96 -7964
94 1 4006
73 114 -8633
29 130 -810
34 32 5785
83 148 -4881
27 20 -9339
137 61 -1453
43 59 5547
42 8 -451
120 131 9052
64 5 -9912
107 80 -4619
36 91 -7753
145 85 -1714
18 31 -5108
129 14 -2681
22 133 -233
113 109 4244
106 88 -22
138 35 -6381
86 98 -7184
112 5 -7331
149 92 -4683
24 24 -2478
142 118 -155
130 37 8203
16 15 6626
32 109 -9300
37 113 1197
49 65 -8075
106 107 -9592
121 144 -976
46 31 -5245
52 115 -5854
2 8 1241
12 95 228
20 12 1813
34 123 1077
36 61 4032
21 28 6318
86 72 7616
64 86 1097
52 35 9287
101 138 7412
114 24 8669
91 126 -3419
85 9 -2815
64 2 -6591
13 76 5773
149 58 5402
27 36 3660
124 78 4918
139 106 6287
29 53 6284
41 80 -7704
96 20 4570
57 32 -7073
112 19 -8532
56 10 5299
132 28 4661
60 127 4910
95 24 -270
122 13 -8165
105 25 -8665
113 36 9249
11 14 -1561
98 131 -7174
32 147 -5335
65 131 9001
48 78 -9363
5 12 8382
94 21 -6960
61 37 -9128
75 52 4817
65 5 5520
86 100 -1680
134 66 -8056
58 130 2537
8 16 9638
132 74 8452
138 130 -1519
25 101 1422
60 100 2180
70 136 8087
52 16 -2318
76 141 2895
105 121 -9350
16 78 8395
24 2 -5215
71 120 -5847
127 9 6597
10 54 -6138
63 50 8717
14 8 -7219
17 65 -3533
99 106 2159
35 127 1013
52 44 -6718
33 78 -3885
16 109 2325
27 56 4024
51 68 -4987
102 133 8487
32 56 3360
36 142 9738
79 23 -5408
124 91 -6204
69 118 5253
41 4 -4119
89 50 -8769
111 148 -7276
59 54 -1071
51 76 -8738
107 54 -7311
77 58 3308
134 28 7132
46 36 -3082
29 9 2585
16 147 3533
21 88 -9410
20 54 -7834
101 43 -7597
108 1 -9314
93 81 -6313
14 10 9396
15 144 5029
136 50 6699
134 139 742
91 131 -3825
22 50 -8627
48 28 -3744
144 122 -9187
56 131 3947
14 135 -736
49 76 -5337
40 131 7515
108 31 9641
13 14 -4570
110 54 4073
120 78 8133
110 97 -8103
117 83 2904
97 138 6054
136 86 -8770
5 87 8007
114 44 -9273
130 108 2851
16 35 2063
12 22 5944
46 39 -2039
54 30 -7045
77 86 8628
88 5 -5986
37 41 -1794
87 132 -9703
105 137 -8717
113 39 3480
92 105 6376
149 8 -2899
118 28 7328
106 111 2007
128 123 2720
116 93 -1154
88 113 -150
31 110 -4941
83 30 1431
134 54 -4006
91 130 6162
140 112 -1610
95 94 -1554
10 85 -9603
118 66 -4712
124 98 -9253
72 66 5094
107 6 2457
88 76 -3897
127 42 5599
84 83 1638
91 51 9087
95 41 3774
10 112 7959
0 22 -6956
81 76 -6908
73 45 -9655
145 149 -2412
137 28 4623
109 12 -451
121 144 -2312
38 1 -8306
26 94 -3202
82 11 7729
64 83 6717
137 17 2909
107 68 7214
87 42 9761
145 72 -1642
67 143 -1422
21 33 953
68 92 -2597
129 43 688
73 149 -2380
113 48 5095
95 94 -1606
72 133 4474
124 144 -34
144 87 6267
3 73 4826
18 117 4473
56 85 1770
139 146 9720
136 121 -4991
42 36 2565
32 51 -2051
149 15 -3098
26 107 -8829
10 126 1083
96 26 6504
121 17 -3859
15 131 -6179
6 39 -6275
2 36 7859
2 142 -8815
96 32 3143
76 28 1872
146 119 -2224
1 93 -3167
27 103 2803
35 129 -530
49 63 9435
97 118 -2298
123 137 -2754
90 34 -5857
113 0 175
63 87 5570
55 139 -3524
43 20 -6166
22 59 -2016
144 12 7379
53 121 6674
34 104 -5614
118 75 -1158
60 22 4390
137 141 -7580
41 1 -9932
18 33 8664
39 88 5896
73 24 -3734
137 36 163
134 4 -6576
31 91 -1940
79 3 7546
140 14 -685
65 87 1111
8 115 8078
41 55 5984
141 144 -7676
25 54 2477
10 32 -5133
62 8 5908
117 101 -8987
104 144 8331
130 22 7159
82 54 675
25 147 -6726
43 50 -2143
108 59 -6793
48 124 -3674
6 18 9793
22 149 -4036
115 91 9383
107 37 -5274
65 66 7344
1 35 -8264
82 118 5494
73 60 -284
37 33 9778
36 103 -5580
53 55 -6325
47 100 8599
132 52 776
87 34 3780
118 64 -4479
149 27 6529
140 69 1538
123 127 1004
131 66 -1390
98 116 -2264
94 16 -8677
104 149 -9844
74 84 -4331
54 9 3801
71 90 3137
142 60 6941
11 89 -464
40 118 -9339
43 131 6064
107 40 2095
63 85 -8589
93 128 2026
78 34 -2549
25 19 -8257
135 5 9602
24 121 3074
136 89 -2673
92 61 -2211
120 95 4631
122 68 -3681
102 55 -5228
46 74 5739
71 59 4000
145 67 -266
91 110 -6654
119 61 -2869
44 124 -456
95 75 1863
87 79 -2619
136 135 6516
16 104 3696
17 2 -5687
110 122 -8541
39 21 9175
4 41 -9265
80 4 -1596
91 93 -1640
141 84 -5201
140 139 -5044
81 43 339
62 132 -6026
92 115 -9103
58 121 -7281
131 117 -6727
94 42 -5739
122 30 -8727
27 2 -4588
38 53 9357
98 101 -6697
74 136 7906
74 33 7669
0 103 33
144 9 7748
33 69 -8974
124 92 4527
57 24 -9485
15 141 2257
67 142 1055
119 99 826
91 142 -2581
145 41 753
60 33 -8362
17 49 3081
33 94 5866
40 130 7763
126 122 8618
88 114 5807
53 50 -3054
83 27 -2968
79 78 -4484
79 86 -5968
71 85 5523
131 107 -7663
123 149 5165
142 32 4746
30 108 -3108
118 93 8539
22 50 -2121
77 131 -1761
122 140 -9962
10 62 2256
12 74 -9448
45 14 5597
46 70 -2037
117 25 -3633
16 130 1740
112 117 -2725
37 14 4011
10 56 6774
100 84 -6307
127 79 -4580
72 96 3112
64 120 1304
130 51 9203
78 81 9577
63 125 -9368
96 18 -5518
4 94 6346
14 122 -1506
19 134 -7219
121 57 -9390
114 142 5137
100 35 6864
41 4 -947
14 23 5812
109 128 7377
40 119 -2718
122 53 417
73 38 -8494
103 37 -8147
15 109 -920
0 26 5485
98 54 -5809
101 41 8533
4 90 3916
36 133 5475
67 28 549
80 122 589
103 52 8512
64 96 -4830
103 57 7662
49 26 -7655
14 81 -6305
49 87 1705
147 117 6788
51 57 9801
126 6 295
11 126 813
131 131 3808
136 1 -7176
94 101 -1403
20 76 2749
131 13 -6687
113 95 -4215
124 31 54
91 36 3152
86 149 257
120 123 -5955
40 27 -524
79 126 2002
143 135 -5488
53 117 4664
17 43 -580
118 38 9622
116 138 8958
109 97 -4024
70 95 -2659
45 129 1086
33 50 -5784
37 87 5489
136 134 -6680
125 36 8183
137 103 -3973
144 56 6138
41 132 -3131
130 66 -8804
132 114 5958
113 136 354
104 7 -351
125 18 -5151
106 62 3374
28 10 9365
78 84 -8231
0 94 -8132
104 60 5177
131 58 433
63 62 1678
130 12 -9280
17 99 3635
148 95 -4661
83 128 888
76 121 6859
17 2 3352
145 68 -2607
16 103 -7372
86 78 -1371
16 144 5612
65 66 1250
16 17 -499
62 125 -1012
23 38 -9987
99 2 1314
78 117 6658
61 20 -220
138 97 -2682
18 23 5237
56 16 2551
145 149 -2027
5 133 7813
55 57 6798
29 90 9816
2 147 -7386
51 93 -1507
49 103 1612
116 130 -3046
144 22 4447
126 96 -2915
41 33 -8532
106 68 3662
13 15 -5780
128 68 1591
62 132 -7656
136 74 -8967
134 122 -5012
91 42 8871
98 143 4769
95 44 6792
25 113 1409
115 128 -3962
47 88 927
27 106 8176
10 109 -3817
35 135 -7517
124 21 6787
87 43 -2394
71 58 -7437
73 83 5211
126 33 -5810
22 125 -6239
31 42 -503
49 50 -1106
114 118 -4282
11 107 -7757
6 84 -7794
134 47 -1899
143 124 -5767
106 98 7680
147 84 3080
94 141 -9710
9 93 -711
39 99 8667
96 143 -6269
125 114 -4570
57 110 -1206
114 117 -3721
56 8 -643
74 59 3320
71 130 5831
40 69 -7270
52 30 6330
13 105 -9092
147 31 -6951
18 44 3056
53 40 -8123
45 24 -9387
113 46 7490
15 114 -7129
40 66 -2054
73 42 3964
123 99 9752
65 28 2720
53 21 822
102 68 3526
144 35 -1869
52 143 1640
38 35 -6221
64 117 6017
104 141 6096
116 108 8145
26 21 7310
58 69 7511
73 68 -7064
105 4 -4453
87 17 5947
58 61 -5468
111 51 -2041
118 4 -4618
49 0 -2400
24 148 -1502
16 68 8183
135 107 2376
148 96 1423
96 43 -4723
34 113 2230
32 62 6194
80 100 -7032
142 51 -3795
138 101 -9685
130 36 -4886
46 46 -4674
38 76 -3470
82 35 1397
25 0 1675
134 77 -9477
20 131 1852
44 22 9026
83 11 -8400
35 85 -9782
133 52 -9157
7 133 9084
84 127 7855
71 89 4510
42 125 -4700
132 116 -3629
102 34 5323
115 115 5570
131 112 -4647
32 105 -5983
136 85 -6798
44 104 -9583
89 128 -725
99 30 2410
117 23 7953
95 129 3206
128 143 -780
120 48 1084
131 32 -7911
126 17 7299
49 0 -462
108 6 7621
107 124 8183
73 110 3802
135 102 3902
22 123 9137
33 130 9731
46 85 1829
84 77 8229
23 72 -9555
124 128 -4766
122 24 -6289
6 88 8032
149 26 224
106 143 8887
137 93 876
58 62 5050
126 39 6597
87 121 -5590
32 14 2857
52 26 -9086
52 34 -9651
112 27 -633
138 117 -2758
149 60 1375
131 108 -9649
50 42 2964
76 130 8416
133 140 -3806
19 141 -2720
62 41 9318
136 22 -5404
70 95 52
8 4 6185
14 28 -2916
2 32 6591
123 103 1184
7 1 -2706
53 121 -4360
80 26 1730
143 81 821
80 128 9202
14 73 -3426
5 114 9437
148 17 4976
117 9 -8849
115 34 -1499
15 101 3275
131 126 1035
66 88 -334
103 116 -4843
73 114 1677
96 32 7398
20 133 -4609
46 15 9103
41 49 -308
80 59 7896
124 51 4641
27 12 -1279
56 125 156
83 21 6728
148 48 1497
65 137 -8599
12 5 -5300
93 29 8386
143 52 6982
141 72 -54
41 76 1171
104 128 -1061
137 91 3078
100 85 -8633
114 109 3426
95 124 -9819
29 53 2678
129 73 -2433
14 9 4689
26 20 9337
89 37 -4057
139 22 -7641
74 34 9805
67 95 -2966
124 77 6352
28 77 6384
100 43 -1411
4 62 -3202
85 102 6687
70 104 3600
9 88 1778
87 122 7104
15 138 4470
78 96 1046
138 129 -8671
52 116 -4105
80 108 9941
134 23 -2344
123 122 2073
9 46 -8433
31 119 1579
38 142 -4791
29 1 5586
120 8 9789
82 83 -3658
77 148 1351
32 123 9608
81 58 -8501
69 73 -8645
96 86 -6010
76 65 113
126 42 9504
122 7 6797
99 83 7400
78 126 8289
28 8 6605
125 127 -4575
104 87 -5145
18 62 1403
42 64 -1930
16 67 9729
63 86 9775
119 114 -22
14 47 -368
14 52 -4402
25 122 -9891
116 31 2284
134 89 3931
127 20 7839
75 36 -1028
79 83 6725
85 121 2414
65 110 -8426
47 29 7858
66 65 -1344
29 67 -8871
124 130 -3484
92 19 8364
109 26 1540
119 143 9510
79 132 -4673
96 37 7285
44 92 3170
111 142 1930
93 39 -9646
79 37 4470
6 77 -607
43 124 -7681
21 64 -82
25 38 9495
48 94 2754
14 27 -6531
106 57 5929
135 87 -4118
2 32 -4927
52 95 1391
98 8 6678
142 72 7718
122 15 6028
110 91 -437
137 60 -2019
123 0 -2807
64 117 -645
80 76 -9482
54 38 9380
27 36 -3289
123 13 -7481
2 71 -1331
13 145 -1200
75 19 3832
106 27 827
101 38 -7928
64 66 5564
57 75 -286
16 47 5339
57 8 -7496
52 46 -7031
5 44 -7051
133 62 167
41 123 -8358
105 35 3705
147 57 4142
22 84 3726
92 8 -2077
122 137 1196
60 14 6824
67 33 -5634
28 27 7542
41 45 1221
124 132 5442
111 26 -5037
131 34 1178
138 77 2635
75 37 9224
142 15 -1990
9 10 6638
101 107 2657
70 38 4521
5 143 -1182
125 31 1841
16 128 1831
105 139 -8579
26 141 466
39 74 5323
28 52 2204
38 138 -9498
2 93 -2579
7 60 -4324
43 140 2204
141 75 -5021
17 98 -6599
75 119 -2565
100 99 5712
144 57 8985
95 10 -3961
84 33 4527
66 49 -6146
58 112 -3235
144 116 4989
32 89 -7883
15 49 533
55 56 -4893
51 136 3987
122 131 -9055
106 5 4416
59 58 7017
78 38 5409
114 23 1596
63 130 -7490
92 32 -9747
103 98 4550
122 135 9825
30 49 3121
115 125 5025
5 47 9531
147 126 -3361
22 62 7555
1 2 -1412
100 89 1142
79 10 2260
53 141 -1831
76 12 -2797
142 129 577
121 146 -7675
50 123 -9711
41 98 -2824
64 37 -7852
53 149 -3039
71 43 4888
68 52 3875
57 84 -2288
4 100 -4248
8 29 6654
129 25 -8641
51 119 -8161
32 88 -8363
122 58 6387
51 141 -9344
29 10 9118
116 47 2131
60 78 -4721
8 59 -266
103 128 -2870
38 64 3877
107 111 -8809
130 35 -2652
5 68 -332
111 31 47
62 65 635
13 66 8222
106 126 7682
74 144 -6833
100 54 -4399
101 90 3874
42 107 4562
101 26 138
44 60 8922
83 108 6460
46 14 1775
82 69 -6390
139 85 -4556
133 133 6041
121 24 -900
84 71 -9064
38 75 -9533
32 9 -4146
107 145 -6947
93 40 575
98 95 -9348
115 1 4040
65 79 -2236
138 130 -8371
29 131 7570
119 2 -9540
117 29 2992
29 92 6754
50 52 5105
95 48 3998
15 87 -8873
140 25 5646
39 29 5192
23 54 7748
127 28 310
91 116 -8989
35 99 9662
100 37 4006
130 88 1519
36 54 -6313
107 122 -3325
140 106 6023
44 123 7842
100 23 3
132 129 -4628
24 129 -556
85 113 6305
122 120 -1006
7 126 3925
16 96 -8398
97 133 -807
93 61 -2572
104 82 -3495
35 149 -8524
142 1 2253
115 105 266
127 36 9462
79 54 7315
73 46 -2365
127 141 5474
115 82 8544
60 37 7656
110 147 -8698
140 71 -8715
114 136 -9538
27 39 -2735
126 91 -1966
89 15 -2191
121 80 -911
15 25 -3183
56 33 2569
25 50 7922
9 61 -8304
7 65 33
97 66 8880
141 12 2195
86 57 5974
70 133 -459
62 18 1739
64 106 -3764
68 101 604
97 36 -5433
24 69 -5305
128 120 -1522
63 7 -9912
137 79 8979
98 43 -7534
98 136 7674
120 89 6534
65 95 8056
3 2 -7566
84 23 7719
13 88 -9795
48 4 5737
92 54 -7084
6 102 -2320
29 111 -5517
36 104 -5063
39 21 2525
117 38 1653
63 3 172
72 4 2082
4 18 3062
126 41 -6538
100 77 -6032
59 61 -2789
68 88 -7119
97 123 -2124
39 77 -987
85 114 -2689
76 13 -1004
34 89 905
93 59 -6303
28 13 -6128
124 65 -8032
139 92 -4443
13 54 -8809
97 36 8656
128 125 -8448
110 97 6739
99 24 2570
86 136 -9992
96 54 -8806
129 53 -1379
34 87 7945
84 134 -8961
45 118 -7010
142 148 5026
141 112 -971
123 103 -859
11 147 -8463
126 130 -3898
87 64 -9839
31 14 9113
84 41 -9735
100 74 -8107
46 136 -4764
53 112 7572
63 28 6076
133 122 7462
86 59 6129
47 52 -4436
75 91 151
88 105 -1176
52 88 9343
89 46 3973
63 40 2066
116 135 -7565
11 135 6170
147 113 9797
129 107 -4948
9 80 4594
137 30 5071
69 120 -2973
141 58 -162
143 27 -9370
93 22 8536
118 109 6895
129 0 -6717
19 43 -7229
118 138 -1503
19 81 -8487
82 112 -5927
67 122 8345
1 105 583
49 25 -3944
58 3 8712
92 147 -7408
39 51 -3656
79 72 -9727
99 141 -723
41 45 -5742
106 13 -2502
58 3 -4430
147 20 4426
71 91 -3335
72 68 971
30 53 1617
117 54 300
39 25 -2871
98 51 6605
53 57 3420
6 55 2575
51 120 -9413
4 45 6423
54 75 -758
77 117 9070
146 131 1595
113 77 359
30 61 -6885
63 52 7658
62 107 4604
82 135 -8843
133 40 -189
14 2 3160
40 49 -1428
74 7 -7140
108 82 5015
98 10 -3113
114 14 1897
30 127 -1133
62 59 -8650
148 70 -1793
46 2 -5129
138 75 -3361
54 81 -3819
125 3 2564
25 45 -6258
50 40 4122
8 104 9327
80 106 5250
44 59 1618
25 30 -5006
54 108 7837
1 78 -6463
4 98 -5825
67 91 7272
76 104 5435
64 134 -5381
31 127 1425
139 121 8897
23 85 -6770
97 143 -2432
106 89 -7031
62 48 -4187
6 147 -3827
57 147 3296
81 6 4099
12 115 2884
75 141 8722
132 6 -7843
11 112 3547
55 72 2426
18 103 -5410
87 123 -5683
122 25 -113
66 96 3912
1 66 8607
62 14 7130
0 66 8706
29 34 -9516
70 8 -7518
64 147 -8860
11 60 9619
41 33 -4241
78 4 -3595
98 18 7232
40 122 2270
80 45 -3308
73 141 -5940
93 18 646
48 128 5638
5 104 -8322
128 5 2647
68 125 -5587
45 44 -2165
141 71 8180
60 126 -1250
42 41 -9621
128 31 -205
70 52 -836
18 77 8231
144 121 -6816
114 25 5327
7 101 132
99 117 -9582
148 85 -6470
125 83 2137
42 18 8244
22 70 -9076
79 38 -4015
5 48 -6518
63 64 1502
99 145 1441
143 105 4446
131 26 6383
142 93 -2928
30 61 -7566
80 0 8969
44 86 3555
118 114 3859
30 145 3903
39 95 -9972
92 46 2999
31 147 -8410
148 91 406
104 112 -9185
119 93 4996
122 100 -7421
38 130 7003
133 93 7744
131 36 -5124
46 20 2612
16 104 2912
1 78 -6989
61 4 1456
97 2 6977
61 39 -4926
50 8 2
48 61 -8006
58 79 -4116
11 92 2429
102 133 2855
143 10 2162
15 37 8684
130 64 8362
42 92 3818
59 127 -4036
46 113 4959
13 136 7617
38 72 3527
116 77 4478
139 117 8554
145 31 3361
127 147 8048
110 65 -4534
31 16 -4838
59 35 -5565
147 17 7048
143 116 3909
112 149 -541
141 110 6249
130 86 295
2 135 -3137
80 25 -3567
105 126 -6186
30 140 5590
104 40 6522
49 104 4065
62 126 -6343
127 111 -2141
88 50 -8997
86 103 -2617
19 121 1465
38 33 8970
101 11 -2380
30 86 4648
80 32 5831
129 57 6547
106 60 4581
50 66 2659
87 19 -6945
139 14 7103
38 144 7619
77 26 -9827
42 45 9779
130 60 1719
27 84 4744
40 146 -4044
25 64 9805
61 71 9018
142 135 -9880
110 13 20
52 95 5119
138 11 -6678
31 60 4896
22 13 -2150
27 57 4615
14 130 -3359
106 43 -5085
32 10 6451
139 21 4162
61 99 2582
132 101 9452
29 21 7474
111 4 -3964
139 94 -2249
28 36 9646
13 115 443
96 51 7392
8 71 3014
74 75 -256
105 145 7423
59 89 5044
52 55 3649
91 47 -870
64 143 789
86 54 8367
37 64 -1359
71 58 -626
7 27 8820
115 77 -8447
11 136 -7446
43 13 -2385
15 1 -5161
19 25 6544
54 74 -3300
111 93 -7947
108 122 2231
50 124 -8504
74 112 -1222
82 136 5241
76 66 606
38 129 -3477
42 49 5284
9 82 3944
16 103 -3453
101 90 4743
7 85 7830
136 86 -8928
101 104 8109
124 13 -9450
28 26 -1137
33 97 -5886
8 145 -9030
35 39 9788
122 24 -2698
12 28 -662
2 108 8756
95 69 8284
21 39 5912
85 41 -5889
124 66 6000
81 113 2539
27 52 -3843
149 77 8490
102 122 -8857
43 4 -4235
112 113 -4758
126 145 -7230
64 66 -280
15 22 9481
57 128 5273
143 69 5068
36 2 -1653
8 126 -7941
68 70 -8465
54 35 7133
66 48 -4096
80 134 -5961
102 82 6820
130 132 -7611
141 92 -906
88 58 9224
66 110 8635
102 16 8557
44 130 4458
40 139 3851
15 20 6555
76 100 2586
112 137 94
80 115 -5063
6 136 1008
77 131 -2696
37 95 1242
53 129 6002
18 90 5299
44 60 -6587
4 14 2631
8 41 -5394
26 10 -4855
65 108 -6741
7 57 1415
45 129 4528
76 30 -8114
120 125 856
58 15 8395
147 11 255
138 15 6941
122 52 2354
95 56 8179
113 107 9860
72 144 4000
27 72 7456
110 49 -1737
124 78 9163
8 117 -9092
97 126 1378
146 82 2483
78 101 137
59 85 771
23 94 3711
14 0 -6216
110 18 -5441
85 37 -9987
104 67 -5301
121 33 -8036
48 58 -8258
26 35 -428
141 7 9459
68 103 -2896
112 98 136
12 76 -6876
103 84 -9117
89 16 7882
65 30 -4074
3 106 -7501
124 35 -2561
68 61 -909
96 14 -8855
9 68 -83
62 57 -3609
115 126 5500
103 134 -1928
113 104 -4290
145 135 5337
117 87 -848
127 129 -3598
95 90 -300
128 59 -3234
142 134 4591
95 133 -6793
39 56 -1769
23 103 1311
43 38 7260
134 7 4021
67 148 -4736
87 48 -4247
116 38 2152
16 24 8862
88 138 -8321
101 146 9604
16 10 4482
47 128 262
43 36 -2657
42 80 958
80 64 4424
48 131 -3008
24 97 -6191
100 121 -5000
4 117 3517
113 44 -4564
51 138 7830
47 92 7006
84 6 -2311
82 16 -6374
134 33 7157
44 73 9044
23 2 -853
141 62 -3201
119 149 -7507
141 140 6759
80 53 -9243
24 90 -3365
5 56 1325
72 125 7719
130 138 -9548
138 1 -9142
9 130 -2209
119 28 -3968
43 107 -6181
81 48 -3437
119 48 -5366
104 65 528
73 62 4917
119 35 -483
13 75 4362
63 28 -6914
137 46 2857
85 10 2878
21 46 -2481
115 136 9928
26 105 8942
22 100 -321
123 10 -287
42 57 1470
42 111 -3873
57 132 8763
37 107 5077
139 139 9936
141 63 -427
118 87 6516
34 51 4722
0 102 -7093
4 114 -7040
8 132 -4870
47 122 -3136
19 36 -6232
19 93 6235
6 126 3155
7 47 1752
22 26 -1118
14 35 -1864
28 79 9335
73 93 -3219
17 89 -8987
96 94 5204
81 63 -5498
35 40 2082
135 138 6280
98 78 2890
83 16 -2529
30 69 -8173
137 19 -3430
54 105 6845
122 128 -1366
142 134 -1985
106 120 -8488
106 85 -5498
88 46 -6708
95 14 6285
24 65 -1892
32 110 -8471
5 61 1342
90 91 2954
57 76 -3352
37 108 -4111
19 55 -6685
149 54 -7143
121 39 -7351
86 24 2100
86 13 46
121 0 -5207
115 106 -61
54 30 8654
9 73 6184
149 94 6334
10 44 4741
45 108 -741
126 87 -6956
136 45 -5137
119 125 -9444
113 58 7569
34 17 2508
18 3 -533
10 95 -5422
21 35 -4055
52 89 -9312
15 68 7646
77 3 6445
19 104 6734
44 15 -467
6 89 3846
87 99 4380
43 148 -4830
14 149 -2411
116 144 -8554
83 55 1597
34 60 -7242
15 5 -8661
142 43 -6318
68 136 1295
40 58 -5242
94 35 -5634
136 21 -5907
65 38 3401
75 115 -1688
3 119 5155
67 116 1882
127 147 8685
101 19 -4950
96 118 -8732
8 98 6500
102 83 -9337
117 8 -8643
23 30 -4510
114 50 -4665
60 110 3604
113 106 9346
110 23 -3909
68 36 4271
113 122 -5385
32 41 1361
87 136 -4305
118 82 4565
107 126 4164
93 110 5589
73 139 -2492
58 9 8880
127 39 -5184
71 98 3108
137 1 -459
111 71 6825
12 4 9350
54 106 6961
120 51 -9087
69 10 -6945
98 42 -8158
38 64 1723
92 65 4782
73 133 -6001
59 114 1993
139 46 -7305
109 60 -6373
130 55 5583
14 95 1274
27 7 -2572
61 64 1188
145 72 -1795
106 77 9029
125 144 -4280
71 64 -7687
125 31 9302
66 147 -3479
17 135 9675
127 95 -8211
96 72 1289
61 125 -4848
38 127 590
88 23 -913
72 89 5874
4 31 -431
8 141 5404
99 90 4746
24 79 7396
31 17 -2761
77 87 2866
78 7 -1554
87 66 -341
81 18 -1105
99 95 -3318
32 45 5637
148 123 6146
72 30 -384
97 133 461
105 74 -9299
147 52 680
87 54 -5589
29 14 295
88 26 -531
111 36 6371
56 14 -2575
115 63 -3730
138 132 9570
7 40 -1028
120 65 2416
102 144 1045
95 125 -6310
26 16 4028
52 6 -2984
83 117 -425
29 3 -307
5 52 -1556
7 101 -529
81 72 4950
6 24 1977
68 58 5948
102 144 8239
132 126 740
67 31 -3597
20 126 -1938
123 35 3745
70 53 -9283
31 94 4711
63 3 -6366
31 68 -6615
66 86 -2190
65 143 1789
31 127 -6635
128 46 1597
12 48 2375
109 76 8888
13 136 8110
104 57 7909
43 123 4033
94 0 756
109 52 8066
20 59 -7921
77 55 -5135
113 47 -2036
12 128 3627
98 1 -3417
56 35 -8664
139 108 -5630
91 27 -100
51 120 3893
130 63 -1618
71 62 8237
6 108 -948
75 128 -7064
81 25 8042
24 44 7762
3 71 1478
2 12 8419
14 140 -8647
113 54 6986
97 35 4149
95 82 9431
16 107 -1578
123 34 3637
140 2 -9632
22 139 9344
4 53 2445
119 43 649
80 77 4872
88 112 -7399
0 19 7133
10 8 -5670
63 18 -4065
72 100 -6149
83 7 -4274
93 46 707
132 143 2882
142 99 4068
145 12 3048
119 144 2270
123 54 -303
96 146 6348
25 0 3619
23 68 -5808
32 97 2834
37 88 -9174
119 83 -4102
83 127 -6548
129 138 6141
19 95 9774
101 30 2695
1 87 -704
109 57 -9086
122 66 -6938
143 61 9254
120 30 8582
30 13 -9909
15 110 2031
2 62 2374
52 86 1359
59 23 -2756
111 145 -9970
44 99 -1315
123 17 -4748
115 89 -2034
120 8 3187
46 147 7791
145 39 3186
59 31 2688
80 53 4808
53 23 87
146 60 -2719
20 21 -1398
78 19 -3010
0 109 -7377
126 88 1474
115 15 -7504
148 106 -4886
7 40 -2345
52 6 118
9 50 -4594
133 75 -7781
46 129 -5551
116 11 -4221
104 52 8586
22 14 6508
55 34 8460
31 37 -6181
142 25 -9826
71 22 290
126 63 4863
33 94 -8431
98 84 6570
134 135 -6224
68 39 2821
26 30 1398
3 12 2951
77 40 -9639
39 132 -1184
73 12 5894
10 114 4694
66 33 9271
146 92 2988
125 106 6467
54 40 -4532
90 36 9593
79 50 -1972
12 55 -225
52 144 -3508
78 128 -3002
8 102 1622
143 120 7638
47 115 417
143 20 -144
87 38 -9713
46 77 6513
141 45 -3223
140 81 970
73 126 7364
14 12 -2053
52 141 9770
7 47 2154
64 31 6125
104 138 -5508
27 26 860
39 66 8455
90 110 -7031
72 128 -9241
85 50 -3917
78 95 -794
134 65 2517
86 47 -1684
100 30 3138
76 64 1662
52 128 6419
17 97 -9389
73 101 -8656
114 33 -2709
7 57 4414
143 71 -9294
50 24 -6406
65 102 -7019
2 145 -6310
101 44 7161
94 46 -7807
36 1 -8289
114 114 -4131
14 15 -8337
11 16 7502
0 121 8332
129 49 -4453
35 91 -7663
53 92 6329
61 138 9765
129 83 8038
121 71 -1378
47 49 7724
45 56 631
96 113 1173
67 79 6704
37 12 -6780
123 129 -3312
74 39 2516
59 93 8969
111 111 -2359
29 37 5125
14 129 -6777
90 104 1728
43 148 3918
49 131 5426
115 46 6983
23 38 6003
83 7 -5900
7 94 -8489
7 123 5964
146 94 -8775
119 38 1408
48 31 8205
141 39 -6396
116 58 -8490
30 144 -1965
139 146 -2424
49 148 8483
142 52 2273
143 69 -1642
55 98 -8189
36 72 1796
20 98 2081
136 36 -1660
88 55 7002
23 42 1207
99 130 -285
68 29 -1293
9 25 1054
115 20 -7302
148 74 2629
108 14 -1524
0 30 1798
132 37 -5755
107 44 2646
149 123 -9161
107 17 -7670
28 35 -2087
136 72 2271
64 21 9416
57 29 -1820
45 125 3018
89 92 -7244
117 104 -5955
87 84 -159
98 23 8355
43 93 -2970
121 0 9779
91 64 -9984
67 139 4222
48 83 6391
62 121 5080
46 90 -1168
41 77 -3326
121 86 -1373
84 56 6877
84 5 9803
49 131 3226
117 135 4691
126 36 6712
77 143 -4994
84 27 -3580
34 149 8639
7 134 -345
46 86 -4228
55 47 5374
80 109 8138
138 146 -2414
61 94 3682
101 6 -2600
72 39 480
119 85 -2157
1 77 -9542
32 42 -7234
22 62 6607
33 121 6969
24 140 -532
71 121 8770
123 34 7130
55 18 435
134 81 -5351
119 55 -4619
100 22 5810
82 99 -1055
81 9 -2536
109 56 7240
31 146 5705
90 144 166
31 135 5687
31 2 -6817
9 102 624
11 50 2974
102 32 -1542
81 133 -9293
75 46 2043
3 21 4742
5 16 -496
50 45 923
141 34 -762
17 137 788
148 15 6512
24 6 -9351
142 37 8739
2 134 -6733
15 109 4204
67 148 -2404
42 15 1466
87 2 5345
142 72 -8999
22 30 6069
89 8 5099
10 79 5459
126 14 -9492
50 68 -3484
149 59 -1742
48 43 1972
14 13 5453
70 69 8643
52 35 1085
90 93 2565
125 140 7927
97 34 -7748
115 10 -8785
149 94 -4697
70 77 -7943
52 125 9196
90 100 937
124 56 3212
119 111 6178
97 83 7959
116 104 -6587
149 2 9750
0 49 -2037
92 99 8290
2 124 -4771
80 6 4484
62 101 1185
41 140 7455
41 109 6893
5 17 -7076
6 109 8411
95 83 2277
54 137 -1600
51 125 -3866
66 56 -6756
103 89 -6212
89 108 -1036
23 0 -8325
0 142 8337
86 124 -7374
30 139 -7386
128 48 -8018
88 2 7982
21 74 5578
21 111 -3809
143 104 553
1 63 -6110
0 25 -5830
111 37 -7431
11 22 3004
20 100 1554
74 134 6479
137 140 164
122 82 -9618
114 89 -1039
122 95 -5700
44 21 -3061
55 9 -9616
77 109 6170
117 145 9773
3 52 1071
26 43 3856
47 44 -5738
44 65 8578
142 144 7069
87 126 -7712
88 147 -590
104 100 2045
95 42 5838
128 97 -9306
56 97 -5946
147 92 -8523
120 33 -9440
16 107 5178
57 20 -402
57 149 4175
46 71 1428
58 23 -7988
132 79 1058
115 70 -7870
59 95 398
107 138 -7199
50 28 -2844
56 63 8502
68 42 -6803
75 102 9811
32 94 3957
90 91 6165
57 15 -9286
99 44 3003
72 118 -7414
24 74 8438
118 136 2461
79 25 1541
87 52 -3213
63 36 7523
52 57 -2998
132 85 -3680
7 15 2604
144 57 3771
73 23 -2333
63 70 4184
57 130 -8731
9 131 -2932
55 49 -4408
4 64 -7473
77 34 -5450
93 122 -6230
78 6 -5400
105 149 2742
98 127 -5919
120 52 5503
86 143 8284
137 20 5636
60 72 -3116
138 52 -9400
20 69 -3037
133 4 9346
62 128 -5986
48 72 2266
96 113 -5500
102 0 890
38 91 4696
10 139 8118
28 6 2793
113 14 -6502
38 25 -9242
29 83 9544
44 88 8190
21 9 -1015
128 28 165
74 148 -8624
50 129 -4840
69 138 9388
33 96 -6368
143 9 3666
145 61 4972
6 85 2636
95 109 5967
78 50 -729
43 131 -6059
121 76 -4171
11 118 249
80 26 6749
14 55 -6806
47 36 6151
133 21 -4749
141 46 -5655
60 143 5882
9 29 7298
45 96 -6107
66 148 1765
138 122 -1594
107 122 -6975
68 67 -8582
22 72 9853
85 85 7012
45 86 -7470
127 52 4806
122 62 -6293
68 20 758
145 26 -5293
127 41 4368
52 24 -7908
119 72 7978
76 41 1745
7 93 -6382
90 127 -3806
7 97 3684
66 60 -1024
78 78 -3138
40 31 6157
28 17 5293
59 133 6487
75 58 4340
93 40 -1964
35 98 -9932
34 74 1132
94 85 -9181
50 133 -4877
85 91 -4423
72 50 -2194
85 47 7895
132 34 9190
148 25 -9146
4 53 -6366
30 103 8162
149 53 -575
12 53 3484
84 39 -5849
64 55 6373
76 102 -449
43 43 -3564
28 142 2636
42 109 8821
115 127 -8464
19 147 4968
117 139 -9630
55 67 -7082
122 139 6196
57 40 2243
107 7 -2795
7 149 -6501
96 68 2975
37 51 9736
140 68 -9266
41 143 -6496
51 32 5636
134 81 -7198
149 75 -156
61 91 -9830
63 48 5927
104 83 5759
106 124 590
32 57 1571
24 58 5037
58 143 -5206
127 36 9148
20 2 -7776
29 138 -2633
11 81 9598
36 83 -5188
61 1 8922
2 82 -7243
67 3 -2273
114 44 7284
74 26 6663
26 96 4610
29 79 6159
141 36 -2557
112 124 4063
102 74 -2923
10 136 1115
79 57 4941
139 116 5837
145 86 -4392
34 67 -3576
71 81 -8476
32 106 3513
104 69 -4632
142 99 1730
50 9 7732
67 107 -8020
110 6 -9826
29 78 3413
46 53 -7622
120 133 8122
129 43 -5495
36 35 -6266
46 79 1792
122 114 5536
10 45 -2475
39 82 3029
42 32 -1285
27 64 -9604
135 1 -7963
83 90 1745
36 48 -8149
29 19 -9272
0 13 2082
3 49 3574
73 149 9346
65 131 2406
21 52 -4863
77 104 -9745
112 13 3511
119 108 4240
137 17 -5692
91 81 4247
6 26 9439
145 119 -8463
115 70 7308
9 11 2374
90 54 9478
73 121 2638
146 2 -1270
120 78 -447
48 83 -4524
126 5 -1243
122 56 1300
16 82 -9340
23 3 7780
37 109 -285
69 141 -265
35 98 5542
110 119 581
85 29 1114
45 33 -9303
95 98 9406
141 135 984
124 67 -2442
99 62 7778
128 91 -848
86 147 6830
19 110 -6715
143 147 -907
67 19 7676
128 99 6153
108 94 -6683
46 37 5327
100 72 -713
9 133 610
121 139 9173
8 126 -8193
109 30 3709
146 77 -258
41 19 5869
149 139 -6498
47 52 -3213
119 122 -2505
45 32 -4261
9 55 -2984
106 102 8433
5 102 -5326
44 95 -4240
66 59 7873
13 40 1797
103 74 -9709
86 78 -1547
123 116 -1386
79 137 -4758
46 73 -3607
99 85 7964
67 103 -5236
147 80 2832
85 19 -7813
2 10 -2061
69 52 -8180
56 20 9923
46 146 -8028
79 112 6381
28 41 8734
18 35 -2515
133 123 -8565
84 81 -5386
80 55 -7483
77 93 6814
53 118 -5868
28 23 8794
130 17 -1866
92 104 -5835
132 50 1506
51 3 -6691
116 87 -2116
40 53 1833
21 49 3112
36 81 -3110
141 113 185
8 142 -7176
44 103 7722
147 99 7054
10 81 -7709
3 124 928
89 55 2384
52 140 -6495
14 74 7967
96 86 -2289
31 58 -2029
142 104 4392
70 2 1876
71 88 -1852
20 35 7752
134 81 9551
142 47 -6493
25 18 6675
20 89 8927
122 113 4818
77 114 -2381
12 115 -9481
49 70 5228
139 50 -2495
109 93 -7655
131 94 6000
41 15 -7948
63 65 -8118
12 55 -2445
137 10 -6689
139 88 5398
104 133 -9283
38 74 5539
122 78 -7842
36 97 -4139
72 70 -3895
66 28 5741
88 39 8207
113 7 6971
33 97 1827
57 86 -5368
90 119 6222
134 17 -8466
129 127 8999
72 16 -930
3 50 1414
135 96 -5120
121 12 6209
90 128 -651
128 100 236
148 87 2724
20 140 893
128 45 130
29 58 8101
106 103 -2734
84 80 8977
61 135 4572
86 2 -3029
77 148 3556
76 145 4332
89 134 -1911
87 61 -1034
87 127 -9894
24 31 807
72 95 -9230
131 121 6601
49 137 6272
52 23 -8229
33 63 2899
115 135 4822
49 7 5907
14 46 5548
125 54 -2907
88 78 -3218
83 102 -6028
75 55 2862
36 8 1827
43 88 -6320
10 50 4194
149 67 -124
74 1 -3361
145 135 7459
121 64 838
143 91 -1063
49 46 4027
58 97 6706
26 1 -4948
125 23 -7431
140 52 -4401
84 133 415
114 148 -5897
145 15 9526
103 117 -1061
50 61 8622
10 56 865
105 27 1578
113 49 4464
23 38 -2490
46 68 2460
50 106 -5950
51 110 -298
21 2 6890
127 61 -695
18 144 -6028
145 83 1647
60 15 5868
58 107 527
114 88 8676
92 135 2501
135 56 -9341
35 81 1826
121 138 5327
45 29 2575
83 134 -8883
61 140 1723
84 31 -4545
14 1 -3199
34 9 4648
72 69 -2686
21 17 4441
43 135 465
70 107 -629
79 119 4601
65 53 -7447
29 111 6110
40 14 -7947
93 33 -3823
77 51 -7468
66 54 -1758
60 36 6625
77 128 140
101 126 -5221
28 32 -4735
131 62 -5468
100 43 4171
75 48 8176
44 3 -2312
54 74 5585
30 56 3011
107 64 -6813
139 68 8316
142 4 7308
92 90 1781
127 0 8988
34 48 5881
31 38 2116
2 36 6476
145 131 4192
103 77 -8356
12 79 -9343
34 32 7233
115 148 -4590
51 140 8657
59 40 1146
15 31 9361
102 105 4702
12 49 -4734
90 7 -6859
48 125 1971
124 1 -7255
73 78 -3290
51 74 7280
49 35 -4414
7 114 -9223
26 85 -931
8 97 -3511
128 136 -4294
115 138 7806
135 124 -6931
67 34 2605
10 135 2708
92 97 -366
27 45 6265
30 81 5136
109 91 3595
83 45 5113
127 43 1653
76 138 4642
126 53 5147
36 83 -3409
7 63 -2776
103 96 9537
147 99 -3590
123 61 -2537
76 18 -6158
28 65 -8770
135 87 2088
147 25 3204
132 132 -2736
15 116 8327
25 134 7419
106 142 1701
51 31 6232
23 105 296
17 108 3232
52 73 1193
108 11 3025
100 76 -6943
131 93 -7641
129 138 -7262
92 101 -1085
122 112 9518
109 65 -5240
28 44 -5797
85 83 -4201
118 65 -6761
15 136 741
12 53 -8801
33 114 -9210
25 25 -3441
75 9 -1013
67 93 -3817
74 2 -9044
10 27 2369
135 110 -9279
105 103 2519
99 119 -3398
133 69 -4082
94 39 1091
108 132 3799
88 112 -8010
60 135 -4191
131 124 5712
57 20 5068
87 149 3277
1 141 -9215
50 107 2447
117 46 7421
3 89 -3579
100 93 -7502
54 93 -801
62 16 7063
120 12 -9253
50 20 -1555
145 13 -8430
138 64 2077
143 55 1069
0 141 9688
99 31 -2756
149 45 -6859
147 30 -900
112 59 -7037
142 143 -1123
147 118 -8272
65 141 -9236
0 122 4922
72 114 2431
73 3 2180
120 64 -3233
22 135 -5774
134 52 7031
149 140 6688
9 70 8218
95 54 2639
23 24 2658
103 40 -8619
120 108 3261
23 20 467
1 107 7899
5 25 3853
89 61 -8813
57 147 -9568
87 54 7385
129 117 -6450
108 54 -5702
11 98 9833
113 106 -1422
122 6 -9067
75 136 -1477
63 121 3736
5 72 9285
49 17 -3725
116 63 2697
70 96 -9821
84 120 -4387
74 98 -8785
84 137 5588
67 61 -6659
121 53 -1759
79 96 -7916
125 124 -5014
37 36 -316
65 79 -1762
130 58 9107
12 133 6037
110 67 -3639
112 79 -1869
42 12 -3452
72 95 770
140 6 -2236
79 37 4673
17 71 6340
131 65 -6106
43 34 -9888
119 93 -6183
114 110 5760
11 100 3056
5 42 9295
103 88 6038
103 69 456
125 66 -3314
57 9 -1363
110 64 9590
102 116 -4490
84 133 -5797
87 82 7236
1 69 2260
71 56 -6517
68 12 -6018
136 28 4727
30 110 2032
20 90 -1431
129 71 -1020
97 114 -1291
15 104 -127
145 69 7075
127 148 6542
147 85 -5202
27 79 -6172
4 134 -8207
37 128 -1689
136 100 -5429
89 118 2304
75 111 -7622
50 131 -6545
91 78 1884
1 124 4843
17 84 8637
61 42 8348
14 28 7341
40 99 -9453
104 145 -2271
119 61 7574
49 75 1717
94 89 -2200
147 139 4074
147 45 -6186
81 133 1279
54 119 1403
12 7 -3976
14 126 -1412
97 102 -1521
86 120 -5271
3 111 -5221
8 51 -9417
112 77 -750
144 69 8428
87 126 -1345
115 75 8772
45 145 -6054
72 31 7743
145 100 6928
19 45 1437
46 120 7468
49 51 5826
87 31 2704
101 41 5691
55 83 -5092
125 128 4896
88 67 409
51 107 172
6 8 7194
80 142 6555
139 135 -1724
79 131 -8569
81 61 -7806
88 51 -4055
69 109 -9128
103 85 -5107
43 37 9422
10 108 -7222
81 15 6647
96 124 911
53 78 -4131
11 47 9585
124 1 -1048
63 24 -4392
23 126 7968
70 133 4038
122 77 6128
149 121 7153
109 137 -7489
85 102 1896
126 100 5707
23 20 -6394
119 74 -9509
4 100 2411
25 50 -4810
23 107 -2312
126 10 6482
132 40 2391
96 111 1559
75 19 -887
35 21 353
129 67 9821
80 149 -4189
21 22 8025
84 122 4071
31 143 -7014
57 38 -4699
105 17 -6027
133 105 7969
120 3 -4822
80 141 -1602
107 134 -8080
15 140 9877
144 149 8310
141 128 8965
69 53 5506
17 131 -7012
29 19 -6770
85 112 3593
112 110 4386
114 15 -5184
142 130 -5088
76 69 2763
102 56 4583
72 70 -2322
64 100 1064
89 83 139
64 104 -547
135 68 2481
123 51 -6779
84 145 -3080
131 101 -4214
40 129 -8355
61 86 9252
14 100 -1589
129 63 -8232
75 134 -4047
128 46 655
35 63 2495
140 15 8466
3 112 6219
128 73 -9557
63 116 8230
83 50 2163
81 22 -9869
71 10 861
106 118 -9060
129 138 -5924
21 2 -1384
68 69 4126
31 58 4723
83 127 -1236
143 5 -474
135 132 -4662
90 78 4984
111 67 53
147 71 2317
126 30 -2154
10 8 5303
69 64 -7967
68 80 8931
58 109 -204
98 138 -809
56 1 7093
85 0 -6061
30 124 6722
60 22 6252
48 12 -1377
94 42 -9628
121 89 9
96 3 -5463
31 114 -3708
133 15 -2862
90 103 320
146 85 0
44 118 2092
120 67 -2562
129 85 1220
91 52 6287
92 46 3751
102 2 -8424
57 10 8472
13 15 -451
31 135 -6565
131 61 -3006
34 92 9277
35 30 -3878
93 121 6437
55 24 -9116
144 21 7892
43 48 6901
63 120 5722
111 20 -576
46 143 9263
129 82 9026
1 4 -1676
29 144 1974
81 111 6358
37 124 -1852
35 29 8755
94 60 8662
135 112 2407
48 145 554
112 56 1994
129 73 -9414
113 19 -1995
144 131 2191
124 127 -1747
22 70 1506
74 89 6681
69 27 147
36 24 -2625
108 86 3093
2 88 3006
1 68 -2530
67 108 8696
118 48 9024
61 13 -7184
108 19 5952
132 87 -5070
49 124 -4577
87 74 562
34 126 1909
94 65 -9600
93 13 -9329
23 132 -948
33 44 -2854
43 76 -4208
5 104 4252
24 19 -8012
88 134 -7170
22 92 4371
56 65 -6871
45 83 -512
34 67 1661
54 13 -294
62 24 -2129
105 52 1697
0 27 -5711
58 51 3141
129 120 -4774
47 45 -1634
139 62 -8979
76 137 -7355
24 81 8680
88 68 -6520
29 68 5471
60 116 -4416
116 109 6778
55 76 679
1 60 -7224
87 146 6762
136 100 1022
14 75 1500
76 113 1230
72 79 5959
63 13 -811
13 101 -6270
34 111 6491
67 148 -5091
63 9 -1297
68 135 8884
61 69 -5141
131 37 1811
98 58 2996
47 58 5959
134 13 -1930
73 21 5028
108 119 6659
50 115 383
40 6 -7894
133 106 -6420
97 9 5137
67 61 -4478
51 62 -356
15 114 -3028
110 17 8530
85 36 5997
7 10 -9416
62 23 2061
46 114 -2995
38 137 6923
8 101 -461
42 23 -7859
27 126 -3287
56 140 3712
130 106 8388
6 110 1631
56 73 -398
68 50 -5290
97 122 402
78 103 -3622
80 120 -804
143 44 9885
110 23 2105
120 30 6863
93 20 4848
32 78 1602
129 121 7592
69 119 4078
4 68 8654
56 38 -4842
12 45 -8306
52 34 -6196
130 57 4122
94 120 8489
116 76 7594
18 22 7983
19 127 -2460
115 121 -602
23 134 8002
149 131 -7944
62 135 -9731
120 142 1956
29 37 -9558
42 93 -5318
52 5 -6674
47 135 2168
90 17 -9863
9 34 -1207
53 43 9588
65 115 -7590
12 37 5836
7 95 8389
129 45 6984
17 125 -8761
64 89 1236
89 18 -3238
143 15 6115
45 132 2156
57 34 -2647
51 124 6428
127 106 -4762
120 51 4333
102 51 -1785
1 102 -3334
140 92 6126
49 12 -441
55 24 1127
16 43 -7229
69 38 -448
34 131 74
2 99 30
97 87 -9558
82 72 3251
128 139 7950
64 69 5678
27 107 2396
12 89 -7846
139 57 -9330
24 57 -9284
102 15 -217
115 42 2436
6 77 6967
10 133 9652
53 49 3576
134 120 9706
93 70 8458
5 53 -3793
54 76 6746
9 5 -2559
4 8 4398
96 48 -9219
52 97 2253
95 108 -8092
128 128 6093
48 63 5316
51 40 6886
148 28 2440
74 7 -5842
17 111 -7111
109 1 -6309
89 55 4596
71 55 9587
41 70 -7147
59 95 7803
76 139 4367
59 16 -6122
48 6 2878
31 63 -3634
143 113 4986
24 100 -4810
24 125 1116
137 108 9348
88 81 -9720
74 141 6422
117 32 5499
63 36 9273
132 64 1342
34 88 914
135 79 3938
105 67 3582
26 47 1896
43 147 3224
78 87 -5216
111 103 9315
41 130 -3128
81 71 1318
40 42 8137
108 66 2898
135 34 -590
66 20 7803
132 129 7168
37 106 3889
126 49 -4879
38 31 -2962
130 37 2598
149 68 -3338
102 117 5444
70 83 2886
53 60 -1622
72 36 6286
87 93 -4066
139 10 1085
44 11 -2314
136 5 -4995
115 31 856
39 1 2527
80 75 9087
77 41 -9389
140 106 -9293
57 95 -750
24 67 -7504
103 109 -6008
57 49 -9904
114 72 2962
139 27 -4914
6 64 5111
79 46 -9408
49 134 -4016
85 113 2304
98 95 -9513
2 25 5865
14 84 -8381
68 147 -6552
32 8 -7322
15 36 -6308
118 75 -8480
78 133 -3137
112 126 -3433
100 115 -4680
28 18 3598
55 130 284
39 149 6561
23 113 -1469
92 86 -9370
146 96 3571
106 136 6330
54 24 -2580
35 120 -7160
94 80 -9295
26 140 -2858
14 4 5280
141 65 -4324
147 66 4525
15 135 -9817
94 31 5814
42 106 -1830
55 11 -1296
50 110 -7435
52 24 5051
96 125 2417
94 119 874
96 100 6294
98 87 7387
70 20 8811
119 24 9428
100 139 -2609
48 130 -2260
74 127 3576
56 15 -3475
61 84 7706
46 0 -558
101 2 1301
13 89 7105
51 5 6997
89 109 223
34 145 7503
19 49 7941
10 78 -5527
84 32 3117
28 26 4261
9 115 728
85 15 -4394
57 99 -1851
117 72 1140
93 82 -7046
124 91 -9337
86 43 -8204
84 102 -639
15 17 9242
54 21 9591
149 28 3424
23 6 -2372
9 40 1287
16 141 -6613
139 40 -8981
90 8 9934
128 104 2923
33 59 5057
65 95 1520
121 111 8960
16 62 9368
11 149 -4967
62 142 3234
90 1 8797
31 142 -6821
82 8 5037
106 68 8968
75 109 851
31 64 -9501
89 6 7932
82 102 -737
101 76 4755
135 15 -1273
32 130 4557
113 39 939
7 62 -1295
8 130 -4356
97 117 5594
53 146 -1591
139 62 -1721
103 111 3857
121 46 6760
7 7 6132
8 93 8654
35 128 2273
74 33 -2225
66 143 9994
68 45 -1731
28 109 -301
43 119 -4695
108 129 3567
74 31 -1120
115 120 6105
129 61 -8014
116 27 5748
92 123 -6523
142 42 5880
9 112 7788
51 87 -5816
81 17 5905
128 82 1814
71 140 -5750
99 45 2294
16 143 -6537
117 144 3207
147 145 -4464
84 107 -1654
18 26 -9207
1 145 -3044
64 116 5339
33 29 8663
91 54 8058
66 137 -2917
79 32 9856
79 101 -8572
111 69 9658
112 84 -2494
118 129 -4521
27 66 6147
25 107 -2108
43 120 -6201
13 43 -5639
105 143 1293
92 129 2758
117 57 -3657
127 115 -1295
116 85 -1138
120 74 2999
32 111 5635
77 70 9353
62 146 5463
1 124 9749
70 55 1544
74 110 3652
37 96 6755
80 8 -7944
88 138 1153
133 103 -7125
65 106 -5510
121 53 -4224
91 125 -9151
39 87 8008
25 11 -7152
91 40 8770
113 77 -1418
126 53 -6749
137 52 -9029
114 14 -1202
36 1 -5597
33 54 9624
20 124 -8992
27 96 250
142 31 8073
109 140 1409
52 115 8437
136 77 7887
36 42 -4285
105 137 6353
73 128 6583
24 49 886
18 109 3322
133 99 -7630
64 11 8645
83 44 -1497
146 15 6798
76 121 8659
106 136 1774
145 42 -2265
42 117 6323
58 15 4726
85 98 1553
59 86 -3173
72 42 1112
42 79 3552
19 40 5682
20 100 -9357
42 127 6495
118 19 7883
39 48 2817
127 54 177
79 77 7201
146 72 3130
63 66 -5500
124 59 -1500
106 39 -9500
65 143 -5088
87 137 42
97 135 3174
22 35 -2308
80 65 1096
55 140 -2164
132 107 7993
80 37 5847
57 6 -602
94 46 8202
129 65 -4618
46 102 168
45 148 2859
138 129 2625
78 2 6454
98 39 7439
90 99 -7857
122 107 -5524
83 126 8083
78 119 -4811
86 31 -1074
31 48 4933
37 147 471
83 109 -8414
106 99 1639
49 140 1628
79 23 -2807
138 139 6992
122 35 6902
38 142 -4747
137 70 9773
11 10 -52
34 140 -2225
95 45 -6424
80 10 7825
60 85 6404
28 129 6875
132 92 5670
82 50 -7447
5 111 678
143 69 9440
58 25 -6577
71 21 729
90 123 -6286
132 117 -9937
41 35 2941
3 84 -2074
79 143 -9705
107 143 -9578
31 22 -193
93 51 6338
142 5 4539
94 86 -7727
104 81 -6486
41 40 312
133 126 -6310
75 11 -6364
128 122 1821
33 59 9724
4 23 3303
131 82 -6963
30 128 2185
45 73 9599
45 128 7737
42 143 7748
29 120 3255
107 94 -7538
122 11 -6533
33 15 -1891
39 121 -9251
85 61 -5635
102 30 -7906
61 0 -2566
33 56 2068
46 119 3713
41 54 7247
110 93 7960
53 63 6951
11 148 -5653
120 118 5954
128 129 3767
88 125 6605
6 134 7493
98 95 4053
126 44 6498
45 97 5962
62 7 -6404
74 10 -1517
43 24 7708
135 112 8332
6 34 -4195
95 76 -608
4 28 -3735
12 83 -2147
27 118 3634
25 114 1669
4 13 3171
143 104 5145
106 88 2468
140 45 4023
46 47 5568
41 141 444
26 65 -6930
98 117 2669
107 20 -8349
25 51 4747
67 74 -7549
110 75 -6074
67 123 8772
1 17 -1740
86 112 6826
11 94 1656
59 126 7532
98 99 -5770
88 66 1192
87 64 7345
97 54 -8749
105 6 -5707
67 127 -6641
16 98 8203
16 119 179
129 93 299
8 116 -3526
82 129 -9667
136 148 8495
42 68 -5298
33 78 -3310
122 23 -3150
38 88 -5366
6 114 5106
75 78 6749
139 104 -9847
122 104 -6781
85 96 8384
43 104 5328
49 121 7796
149 97 5242
52 94 -7800
78 88 -8346
127 8 -1572
128 128 8883
90 30 3632
127 33 -2466
127 19 -3878
40 28 -987
64 110 9360
16 99 -7536
146 110 -524
143 82 -9500
129 42 -882
144 87 -718
25 64 5438
76 6 -5226
71 131 6997
145 107 2871
24 113 185
30 20 -6936
143 28 5529
95 22 -5896
59 0 8034
102 81 -8
139 102 -7109
79 105 -246
11 131 5305
106 102 -2655
73 146 -1148
53 62 -7167
122 48 9113
0 107 -6331
67 120 -1004
42 130 1182
74 54 -3798
127 129 9153
77 78 -4898
84 94 -1277
89 144 -5910
54 61 6989
113 110 7829
28 107 -1684
10 141 8944
11 24 -2398
95 61 8149
25 69 2031
15 50 -8358
116 18 556
110 98 6392
3 2 1602
81 99 -224
42 66 7080
48 16 -2341
44 126 -8557
120 126 704
112 53 2849
15 122 -5178
47 79 -9750
64 123 -9154
127 134 2347
23 25 -1310
42 112 670
63 102 7647
10 99 7643
101 105 -1883
58 72 -8606
59 66 -7478
125 145 879
71 59 -8466
140 22 5720
9 109 -1853
118 15 8308
107 21 -4461
31 5 7639
42 128 5317
111 65 -3677
24 79 -8838
133 100 323
10 33 -6664
99 127 -3392
44 60 2230
7 36 6364
143 87 6072
112 58 8376
122 117 -414
26 84 6864
122 89 -7173
21 9 -5540
24 34 -5919
110 127 3721
42 55 -2378
61 60 2126
51 13 -2074
113 10 -93
23 135 -6211
120 114 7551
22 147 6098
93 0 -9308
41 112 -4312
19 30 -363
26 80 6600
15 116 -1313
77 89 3926
143 0 -2504
115 80 3687
70 105 8842
105 4 -7280
75 27 3154
135 34 9484
113 20 -6316
128 53 -6788
147 132 4568
60 47 5901
81 62 -5640
118 5 -6420
65 92 5327
5 19 -9731
0 118 -7187
126 2 -5761
16 33 6259
135 98 -1098
136 81 -7605
99 92 -6167
136 65 -908
8 61 -9827
118 22 371
75 85 9641
107 48 -7059
113 102 -226
76 69 7
27 43 -6617
9 87 -35
138 20 139
10 68 -6874
131 66 -6341
29 11 5303
18 52 -5195
33 54 4512
137 83 -3581
100 36 4032
103 53 -5983
0 28 -8235
32 124 -1416
93 26 1370
50 44 -3963
146 115 1169
21 20 -1529
66 60 6607
5 136 5082
2 46 5759
56 119 4650
104 45 8725
77 122 91
107 73 -6139
5 24 -4626
62 16 4264
75 94 -4508
60 129 9781
19 23 -9603
77 36 6390
111 40 -3450
16 112 -8568
100 84 -7910
22 15 9403
93 141 -5698
78 148 4844
76 142 6476
30 25 5378
137 24 -5370
0 75 -3683
37 21 -5937
148 116 -5091
71 110 -6403
100 13 -6630
138 100 6729
68 47 -7606
97 138 -6378
113 148 -1603
67 90 -9842
131 43 891
10 56 -2009
114 74 5249
20 33 3892
42 141 -1815
119 134 -9123
60 128 7980
18 49 6530
5 87 4443
123 140 -5242
93 132 8951
8 108 -4147
149 48 -1235
40 134 4345
0 87 6071
30 49 -834
86 14 2205
122 25 -4681
94 144 412
63 97 314
83 118 -8710
40 7 -5826
32 39 8628
6 24 -1345
78 114 7029
103 6 2608
107 79 -9301
99 13 -8233
85 33 -8358
77 42 6806
63 21 6415
71 76 -5201
45 49 6301
139 52 -3483
70 54 -4438
36 125 -6740
57 136 -1496
42 42 -9322
113 19 -8921
115 24 6078
104 149 852
147 67 1598
34 86 -8731
27 76 3884
137 92 -9949
4 120 -607
55 144 -6083
0 104 5096
144 110 -5274
141 30 15
90 11 6764
103 123 -3839
56 37 -4158
110 130 2163
64 104 -1863
26 87 -9615
90 142 7031
2 61 9767
9 94 5015
125 54 4995
144 118 6604
20 21 5120
107 113 -20
63 55 -9997
32 108 -6495
37 58 -8417
45 127 1717
63 124 -851
72 55 -8977
0 97 -6407
100 101 -943
3 59 4961
49 130 1138
134 59 7509
26 76 6757
69 101 3536
26 42 -5754
99 47 -334
127 15 -6435
91 109 -4429
71 31 -2135
18 57 -8333
95 6 4729
7 91 -9873
0 51 6354
94 96 -2379
44 120 -7139
17 15 -7244
135 131 6836
149 139 -8010
47 136 1587
127 18 2207
131 139 -3110
31 62 512
42 61 2241
18 22 -5854
107 4 -6172
133 133 -344
119 13 9544
122 84 -7870
59 45 3747
44 113 4087
11 40 5547
89 76 -5442
107 101 -929
33 17 -5850
129 69 9539
28 35 1722
62 9 4796
124 71 4190
103 144 5592
17 25 9528
107 145 -2842
91 127 -1405
79 0 -9100
136 108 3829
80 4 -9203
11 85 -3501
119 5 -4127
78 105 4925
124 40 6467
85 76 -3581
45 6 992
59 11 3615
43 5 6706
126 13 5979
9 109 -9672
37 29 9109
116 78 2514
13 54 9560
84 83 7052
4 108 -9657
147 133 9919
20 45 8133
81 38 -5085
8 81 -9970
18 61 1465
89 120 -5001
79 8 339
81 33 5425
147 2 -2949
51 111 8581
59 7 3465
148 125 -7003
85 5 -9370
45 7 -5040
115 67 -3858
56 49 805
38 57 -4356
7 31 -7423
103 73 -5282
62 134 6660
92 83 -692
75 149 1412
77 72 4551
122 62 763
45 142 -3526
122 45 1804
85 8 6046
13 69 2101
114 111 7248
68 127 3115
26 149 4830
100 116 842
141 6 6947
8 69 6523
64 53 -985
65 69 1704
126 2 -4434
50 51 -3820
37 107 -1857
27 81 8466
8 120 -7233
87 133 4645
143 126 -510
103 65 2176
63 49 -9659
100 9 -599
106 95 -3528
61 138 -7411
45 103 -8427
20 54 -3474
8 4 7561
80 26 6792
87 23 1304
52 92 -186
32 20 -5619
45 49 9548
87 23 -9683
85 119 9453
101 53 5371
110 140 -3128
5 107 -8126
80 80 -1380
115 103 6966
59 45 -1870
140 9 -8648
18 139 7968
36 99 9674
110 81 -6657
128 60 -8439
52 117 5997
51 83 737
7 12 -6897
62 11 4937
79 61 -9696
119 22 -8092
131 51 -2000
61 92 9083
1 43 9553
9 4 -2545
83 108 2065
115 22 69
140 115 1437
4 142 -3394
133 42 -4329
1 33 658
100 122 788
145 117 7175
26 68 8773
20 78 -2678
130 69 1966
64 142 2790
72 144 -307
149 88 9370
52 105 5504
105 92 6356
78 21 -2367
98 135 1388
103 136 -160
149 108 1619
55 106 -2339
113 47 -9957
20 29 -75
144 55 -9638
129 112 -8513
35 107 -5421
10 93 -4915
35 113 -3153
46 63 9624
121 80 -1470
56 98 1266
53 145 7724
85 29 -6987
109 2 5425
35 33 6418
32 115 -6457
51 136 -5155
56 7 -837
125 69 -3779
83 45 1199
82 130 -4230
97 118 -2454
34 96 -857
92 86 -1248
100 146 1608
27 34 -2236
119 11 -9524
90 58 -6244
20 121 -3597
30 55 2707
91 85 -4933
68 22 -1757
29 135 -7311
104 145 3717
70 22 7758
63 34 2205
113 107 1089
132 4 -281
16 122 -5076
85 80 9576
140 88 -5002
91 8 9782
0 9 -9760
10 12 3035
69 121 -2862
30 101 1102
14 53 -6827
47 11 -6403
102 117 9013
56 50 380
139 111 3044
33 53 -7132
36 137 -3142
123 93 7124
54 10 -1544
77 20 6551
24 69 4379
61 108 -4118
47 89 1392
80 30 -3584
83 148 -9022
106 116 -2553
0 53 4514
124 122 7615
97 96 7882
123 51 -5436
12 119 -5905
31 18 -3859
138 102 5936
11 57 -3187
148 143 7395
5 104 -5591
117 74 8409
146 50 4245
132 108 7664
128 80 -5301
84 64 -7571
123 71 4413
134 133 -6581
123 43 -9280
29 85 -2853
12 98 -6070
64 115 -9317
56 11 7301
125 144 -3297
126 18 -6471
75 86 -6064
14 126 -8343
113 92 -6289
84 42 -393
148 30 -6456
123 144 4718
113 5 -1975
20 5 -3946
55 57 -2419
141 3 246
38 88 579
131 146 5593
12 100 7575
93 60 -6077
28 76 -1760
128 141 1008
71 84 9326
54 8 -9022
97 89 7015
44 47 -4370
76 109 4515
139 121 -7275
122 123 175
21 71 -1592
100 20 -9807
92 15 867
139 134 1443
112 119 -2476
13 118 21
6 12 9172
134 59 -3121
52 37 -9726
71 8 5881
116 96 4754
96 115 2247
133 110 5170
113 68 -8086
120 4 9230
7 97 4948
87 17 -7106
0 137 -5288
37 51 -4811
60 45 8933
12 95 8744
148 46 2465
116 17 -1639
48 33 916
119 129 -6410
51 101 -8759
41 108 -1877
85 104 -8578
13 65 5532
78 96 1043
49 8 -8912
121 134 7891
118 79 3371
102 118 -1749
145 139 4082
118 116 818
89 92 280
83 103 -2542
101 23 -9573
75 147 -2587
109 139 2006
110 62 -2133
140 35 -5365
63 18 3923
137 67 6203
148 67 6377
119 49 1072
25 104 -2144
55 24 4041
18 36 6673
52 59 4128
17 42 -5205
75 142 -5346
89 7 -839
92 98 8134
85 47 -2818
22 69 655
11 66 6241
145 42 6533
147 58 9943
21 21 4163
142 110 9841
59 120 -3990
97 149 7827
110 11 -167
107 29 -9114
94 11 4987
109 120 -8611
47 46 914
51 62 4697
24 114 -8615
117 38 5323
12 78 5547
99 37 -4875
137 76 6341
116 17 9032
1 139 -7490
93 146 7890
138 14 6570
107 134 923
4 104 -5145
26 32 -6074
2 83 4306
3 7 9511
84 138 4030
99 105 -1955
1 56 9796
19 109 -9324
81 112 -23
33 47 9082
146 41 -7091
117 115 -9628
105 93 7194
91 38 8651
130 132 -7636
92 138 1844
128 78 6135
119 62 6173
110 78 -2311
135 108 -4939
102 124 7560
55 33 -3797
102 70 -4033
2 33 -697
101 78 -9190
39 74 2414
8 21 -4174
96 128 -5869
86 45 1175
9 11 -2676
21 137 -1354
104 143 3089
110 67 -8233
114 43 -5928
26 18 5150
79 114 2709
94 87 9864
128 34 6417
115 88 -6655
140 13 -3397
94 97 8130
46 130 165
34 148 5198
71 101 -456
135 42 6742
73 72 2558
70 71 9778
127 57 5677
99 135 4129
134 6 -2607
14 60 -4866
94 106 -7339
52 15 -3303
12 85 2257
92 98 9880
108 139 -8332
6 116 1231
140 87 -5138
17 114 -1844
107 17 9850
6 134 -7214
112 111 -3929
94 111 3020
135 52 4267
76 0 -1600
101 25 -3650
132 123 -4446
106 69 74
84 63 3978
56 93 8046
136 129 -515
25 124 5745
102 5 -8842
31 105 -7372
45 7 -9162
131 30 7566
95 88 -378
120 130 4305
101 117 -1047
117 70 -9509
123 91 831
56 137 -3945
85 75 1353
7 79 7585
93 19 -4270
122 14 -4367
8 83 -1347
42 99 5619
43 147 -7883
45 128 -6465
18 138 3114
121 10 2368
19 49 7398
21 9 -7455
107 42 -8849
17 102 -2976
8 92 5412
61 3 7139
111 95 8983
5 114 3468
37 18 -633
124 79 2135
2 13 7389
108 28 -2197
70 0 -1670
117 55 7967
121 52 5345
88 4 -9832
69 91 9696
147 66 -5922
35 45 1972
4 138 1040
50 88 7246
132 76 -3786
145 96 -6539
134 9 3293
110 33 -830
48 96 9521
60 68 -3465
126 65 -1054
133 106 6286
15 124 -9139
146 52 -2046
65 129 892
73 14 769
142 120 -5401
4 82 7715
113 61 938
12 113 7209
115 133 -4437
70 33 6145
69 22 1974
117 5 -7316
111 4 6856
141 106 -3127
137 44 -736
27 90 1461
48 8 -4119
86 133 -9426
139 135 -6409
21 35 -2521
13 9 -5014
61 9 1334
42 49 -5796
131 57 1699
112 134 9368
149 125 8794
119 28 -4031
128 95 -5397
67 71 -6562
135 140 7597
125 90 3838
2 83 5556
33 3 7854
68 72 -1019
102 138 1479
129 83 4470
35 88 -7331
124 96 -5984
118 134 9422
104 44 7598
98 77 -9943
67 69 -8942
14 99 616
15 141 -2114
19 35 2485
80 90 -5107
4 3 -3859
132 43 8184
61 114 -5812
39 34 8307
73 59 9328
49 15 3714
77 47 9280
67 127 6683
75 27 4692
83 128 -6904
53 145 -2634
82 84 7891
98 55 7361
24 81 4889
16 44 -5258
22 15 -5320
23 9 -2678
37 148 -676
126 97 -6018
50 23 -1327
138 10 6007
75 21 1138
109 47 -7850
133 24 4688
54 16 -5221
134 85 -2974
62 56 -9958
0 105 1988
89 21 4088
84 50 -1686
13 115 3898
41 52 5954
144 71 312
0 136 5973
59 7 1405
145 19 -6696
140 123 6281
121 19 9058
134 63 7609
124 65 -6804
98 134 -6119
149 85 5753
81 15 7584
54 120 293
135 48 9538
100 129 -1753
56 117 81
57 58 798
84 113 -8988
24 46 -4996
125 63 7179
128 107 -4889
146 6 3480
62 38 -1126
80 104 -9610
99 71 -2919
33 15 4770
16 123 -4404
64 62 -1866
59 56 8961
35 143 7746
18 39 4141
83 121 6753
94 2 4414
108 120 -3318
149 108 5056
7 129 2855
62 95 -1941
121 137 5836
143 87 -1390
85 13 -5554
55 138 8828
50 2 7794
25 109 -9628
74 46 -7972
65 10 2092
64 107 -1463
135 41 3691
22 0 493
61 6 4366
121 14 6499
43 138 -5615
125 74 -6996
54 77 4743
62 117 7557
112 54 3668
116 19 9436
1 91 3048
56 105 -8800
59 122 -4333
73 34 1343
75 69 8909
7 77 9235
78 59 -6034
126 66 -4919
26 103 6657
89 76 -9235
136 30 8771
29 149 1
115 143 5821
22 21 -3723
149 104 7763
4 148 -2387
69 5 2487
125 51 -7414
115 107 -6565
123 47 9559
63 136 -4846
3 21 6851
132 136 496
89 86 6395
47 71 -893
137 96 9780
71 48 475
32 89 -4863
90 9 -3771
95 111 -9213
125 0 -3227
118 59 -4411
103 10 -1656
133 31 -6716
67 80 9711
122 60 -6864
103 11 573
3 88 -5270
147 10 -7161
148 149 7344
107 69 -9824
40 54 7263
18 30 -2845
130 124 9531
32 114 6425
142 87 -9335
128 6 6503
86 143 -5916
60 79 5531
21 104 -4985
38 81 6777
19 1 -3145
133 2 -9276
72 86 2664
22 98 -2123
100 140 -2510
0 114 8904
69 44 -9086
42 139 -8510
90 46 3461
103 27 1194
3 136 -4475
9 22 -3894
101 13 2554
136 116 -1912
68 2 671
142 12 3139
79 55 -9646
115 93 -1719
17 13 5993
111 60 3009
6 9 6166
14 18 -8499
46 63 -9779
135 88 1887
131 142 -4011
82 90 -1530
112 80 -8145
88 40 -2013
70 45 -8990
144 13 -2739
118 121 5745
99 107 -3474
55 39 4009
134 62 -3340
32 112 6002
125 112 313
122 94 230
107 56 1849
49 65 8719
74 41 1904
91 50 -9260
6 127 1266
118 71 -4720
78 49 8537
134 135 1741
94 32 -1229
42 118 -5997
4 36 -5063
145 22 -4387
88 129 -3414
68 62 3208
139 6 5583
80 100 -3573
8 128 1099
21 58 -947
118 34 -9436
51 122 2275
143 18 -7123
43 1 6772
127 126 2886
113 48 5693
54 21 5836
35 20 -9940
74 48 7759
61 125 -7860
90 13 3912
37 18 6267
124 82 -5603
2 34 -2701
13 120 -7247
109 40 -9862
25 10 2092
129 40 -6816
5 50 2393
31 103 -5751
47 105 1011
122 50 -2525
97 138 -3886
90 14 5031
134 43 1665
19 85 -4565
144 17 8811
76 127 -7728
73 68 -2226
40 16 -7153
133 73 622
2 127 -4125
121 6 3808
90 106 -7794
79 9 4837
146 63 -2897
148 53 -7888
110 125 -3736
136 71 -7426
93 108 -4551
36 130 8495
14 11 9388
124 7 2118
46 97 4721
145 74 -228
121 60 8063
117 83 -4955
144 90 7818
139 73 -9969
41 93 9183
102 142 -1248
45 11 1434
116 26 4068
100 61 -1885
61 0 9668
56 128 7458
13 112 -4882
26 87 8828
53 76 -6969
47 77 -7416
73 90 -2645
87 99 -5384
29 33 -9348
27 144 3203
7 12 -4664
104 77 -9215
100 97 4348
47 128 -3782
133 78 -5628
129 70 1239
96 92 -2594
16 81 -1372
140 56 9797
139 122 6815
34 107 9178
44 8 9586
79 109 3300
114 44 -3244
24 147 8739
77 96 1427
127 57 6073
145 126 5973
130 69 -6609
40 139 -7965
18 41 -5962
91 148 6130
40 27 2094
137 81 -9947
138 97 -8472
98 18 4244
83 14 -2647
11 82 1272
12 86 4018
5 78 -7751
20 75 5687
77 17 -4572
27 68 8870
33 97 8748
13 83 -4058
13 8 -8120
47 128 -5434
136 61 5457
105 138 -4152
110 50 8843
119 10 1922
80 98 7621
18 83 -7901
28 59 7361
138 44 3285
108 115 -9511
63 5 140
136 41 -3750
62 1 5123
148 27 7804
74 27 -5808
124 132 529
141 103 3481
38 113 3888
128 120 -8499
21 90 -5877
98 126 541
59 45 -4003
137 102 8934
134 23 -2389
113 14 -7775
105 109 -2147
126 114 -2492
99 68 -2780
115 75 2249
126 142 -8175
2 92 1511
0 66 -5771
88 1 -162
104 81 -3191
142 25 -2204
46 11 -3462
46 8 3778
49 1 -9306
68 75 8754
109 84 -3229
148 97 -3332
44 34 7885
3 92 -1190
120 31 1846
106 76 5651
132 32 476
60 76 -7522
37 117 8115
50 117 -1761
135 18 6209
32 47 -5190
16 13 9155
103 93 -606
103 83 -3289
118 53 -754
128 107 -5902
42 73 -8469
82 59 6754
126 70 186
45 35 4742
100 72 -4612
20 6 759
27 52 6437
75 94 -9381
106 50 9068
132 103 -8697
73 53 -4015
136 84 9608
136 0 7598
60 1 8848
41 16 7661
95 70 6258
58 106 -1509
50 8 -5183
35 74 2873
119 118 7210
96 20 9980
105 29 1959
71 23 -3189
48 32 8744
58 95 -559
94 114 5313
9 48 -9649
61 13 -1105
122 61 5441
66 69 -4771
127 94 2654
92 35 -4071
134 62 -1108
26 137 7166
22 124 -6173
116 112 -9017
147 71 187
129 25 -9752
6 4 -3984
76 149 8792
71 148 -6149
124 145 -4603
20 108 -8321
96 20 -3555
115 26 -1915
41 61 6871
24 117 7028
79 31 8475
143 55 -4992
25 129 -3559
80 7 2687
62 143 -4420
107 120 -3523
130 92 3091
42 109 4971
58 129 -3358
140 35 1790
121 118 -8820
20 121 1461
39 84 -5643
135 34 703
70 68 5547
21 117 3433
108 46 -6886
68 36 -9956
44 8 -9067
30 102 7007
59 76 -1604
29 50 5552
9 102 -672
140 95 -969
115 28 683
111 63 374
16 95 -8635
44 0 -657
50 23 -5391
83 124 8157
105 115 -3718
138 84 7244
34 128 -1929
126 10 8702
148 132 -1420
86 14 -8764
22 45 6079
148 47 -6969
67 121 2454
60 116 3236
28 98 3398
148 18 -6443
132 139 -4612
94 68 6030
33 103 -9346
16 63 9628
29 12 -6972
40 59 -4272
6 127 -5567
68 114 -4677
147 95 7035
31 3 6314
142 47 3735
71 134 6225
136 100 2040
60 115 2845
24 31 2999
3 85 3386
92 82 -2532
73 2 3343
112 57 -4242
111 38 7865
30 60 -9862
130 94 -8271
49 97 -4012
29 47 8224
33 21 7144
37 117 -4720
36 96 8238
2 2 -4124
139 37 -6434
93 6 -6566
118 29 3827
116 66 -2586
22 106 3982
88 115 -1775
95 10 9848
70 13 -7116
62 59 -3654
2 101 7730
147 46 -6525
30 112 -9159
147 52 7940
13 53 3294
146 0 -9131
100 48 6882
102 143 6982
33 19 3956
2 47 -2810
82 55 -2069
0 48 -9692
72 140 -1245
42 79 -4073
146 37 -2003
83 114 -2396
48 70 -1002
149 95 -5744
62 149 -2534
112 16 -2974
55 33 -7029
13 98 -5434
12 129 9140
33 81 -1652
136 39 8891
140 73 3380
128 80 6225
132 7 -8965
32 109 509
93 47 -535
32 8 3379
147 101 -219
59 129 9753
84 14 23
25 53 2098
130 28 7534
0 30 -6963
39 93 5523
33 5 -4430
128 95 -6098
37 68 -1171
141 19 -1589
142 144 7466
99 95 -7572
50 73 6452
134 64 -2754
69 102 7850
77 76 8955
133 85 -2078
40 129 -5440
136 66 4190
53 147 7970
146 115 3620
116 73 1416
69 146 -597
67 64 6305
131 42 5686
40 7 5354
62 0 5537
107 105 6841
105 39 9402
135 149 1156
16 117 -5773
132 111 3360
86 3 -3068
147 99 -4573
114 20 8455
145 33 6637
97 147 -5790
103 114 -3178
64 44 -8772
45 129 -6602
148 73 -9525
140 1 4900
119 92 -4400
130 17 -4698
36 108 8528
8 16 5522
33 137 1263
84 124 2657
53 130 -9393
39 113 -8677
96 116 -6358
30 107 -6021
94 132 3417
113 147 7215
121 51 -8580
87 106 1809
133 88 147
8 58 -6430
129 45 -8857
30 36 4394
143 99 159
76 79 9978
113 89 -6460
138 36 -5919
103 44 1254
110 144 -4138
67 116 -6832
5 109 3317
87 60 298
7 101 4857
81 13 -9803
143 129 -836
124 55 8721
53 96 3663
137 21 -9531
75 2 -302
63 53 -7958
13 148 -683
82 138 -8532
73 117 -7548
78 111 647
116 75 -1143
115 124 -2589
62 40 7725
92 46 -2489
32 2 7162
108 30 5817
135 110 -8022
8 118 686
44 94 5414
8 147 7238
21 68 -203
60 26 7104
4 141 -2738
114 140 6093
87 44 9181
66 63 -8187
79 149 6540
143 78 -3785
129 92 -9263
92 16 921
1 59 9863
37 149 -6425
71 49 1384
1 90 876
123 3 -7684
138 100 -6394
60 54 -68
50 107 -6920
139 35 8212
64 94 6661
100 88 9077
35 37 -7538
75 18 1892
145 19 -9055
58 110 1349
116 139 -3432
109 109 154
72 23 9924
138 54 -2650
40 25 -7668
42 25 2461
111 54 6018
72 56 3262
4 59 -5602
52 97 -3481
70 81 -8125
48 147 -9268
72 14 -9828
35 110 6554
142 78 602
21 50 -91
61 77 -8392
23 83 -2191
29 70 -5548
17 9 -970
32 75 593
98 79 4928
103 136 7969
87 139 7342
37 40 2659
42 52 4186
84 28 138
7 100 -8787
47 14 -8171
82 90 -7584
80 98 6607
98 24 -3515
15 9 9648
52 81 -9383
27 15 4142
92 108 7993
127 42 -9344
91 137 -2402
87 50 2641
8 113 -3952
133 32 -727
82 138 4859
53 90 -7163
72 133 -6636
12 86 7977
12 96 -47
28 1 -7861
42 37 6063
77 97 9681
39 59 9593
55 32 6090
128 7 -6367
91 96 5628
71 102 -8963
50 9 1101
149 32 -556
8 138 8130
24 142 -7942
68 99 9657
79 50 4455
27 112 3199
128 15 9464
5 116 -9384
122 107 -2004
146 133 2927
146 12 2779
70 50 8622
130 13 785
126 36 4125
102 137 785
51 65 -3074
120 9 -2329
83 111 -1733
33 39 7815
98 77 640
138 70 -7307
51 104 1537
35 45 -378
8 127 -7970
23 14 119
27 7 2910
12 144 5243
78 84 3043
59 50 -6849
88 65 7505
61 71 473
5 26 9793
114 109 1022
139 49 7134
120 48 -6598
41 112 -1299
112 91 5220
41 128 8728
2 32 4034
138 84 2163
1 132 155
27 135 -2154
47 98 5763
120 54 4662
126 8 934
120 79 3720
142 90 -8209
5 41 265
19 72 2212
19 32 9017
71 148 641
40 30 -1643
52 139 -3518
72 59 3660
69 105 4708
94 6 8032
35 72 -1614
42 98 -4348
19 125 -2461
83 66 -1544
45 22 1282
115 115 1339
13 64 4010
69 83 -9049
49 7 -3395
68 31 -2017
146 108 6336
32 33 -3977
53 97 -5642
43 10 -7405
48 57 -4148
97 33 6083
94 141 -8458
9 16 3769
104 78 3905
132 94 3968
127 81 -438
1 78 2539
129 27 638
89 4 -8506
36 82 -9266
56 79 -960
134 40 -8094
141 70 443
107 126 9608
60 63 5944
147 149 9120
62 85 -3115
24 79 858
111 4 -4855
145 17 -2697
14 96 1709
9 18 362
38 18 -6371
9 62 5492
42 121 2280
99 24 -1770
138 79 3037
148 41 -436
66 131 3822
89 87 -8732
64 42 6628
11 27 1534
50 82 -8670
88 4 8103
38 82 -3666
21 107 -5254
109 27 9076
77 83 -1116
34 110 9809
93 45 617
85 135 4795
142 70 -7584
74 146 -2404
123 114 1705
123 17 -8916
103 51 -4154
121 66 8748
14 17 -9276
56 25 8160
123 144 -6868
98 115 -2663
59 45 -8276
54 53 -4120
4 104 -2997
147 140 -5022
35 62 -9389
39 137 2126
49 107 7077
139 76 -6178
93 16 -6228
4 66 -6317
12 51 -782
104 68 2004
45 108 -2772
30 66 -4905
1 113 -256
90 129 3630
20 72 1689
8 143 5566
116 124 -8752
81 5 4461
97 82 -8484
136 34 4875
25 84 8578
23 101 1143
89 144 9791
53 117 7228
110 76 -5995
135 136 -1276
133 51 -7762
4 132 9064
143 21 6044
135 7 2353
137 76 -3176
139 118 8569
64 35 9869
50 50 2319
57 29 -839
11 56 -2531
86 104 5948
106 132 -4498
96 24 -1048
112 141 4385
94 88 -1484
27 97 -8064
138 114 -1114
3 149 316
138 73 -9617
4 107 4259
20 63 -3134
91 28 -7391
109 95 7456
147 92 -6912
140 67 436
79 26 -2455
47 9 6346
57 57 -6363
52 33 4491
34 50 6127
106 127 9092
119 59 5663
141 23 6457
115 106 2303
124 76 8635
82 101 8130
143 84 714
126 32 -7510
9 55 8972
84 56 -7260
79 41 -5430
15 79 -4051
13 96 3672
56 43 -211
72 3 -1780
35 128 -9929
101 29 -8701
32 149 3414
35 110 -1708
110 84 -414
39 37 8456
112 91 8792
90 138 -9506
71 20 320
118 126 -1741
56 112 -5416
32 113 -3402
118 38 6629
89 2 2254
47 125 -8979
20 33 364
14 34 -2373
112 126 2017
82 2 -5680
103 105 -9144
112 60 4527
72 30 422
37 146 8891
146 104 4811
80 54 -523
77 114 4707
50 59 -2930
24 75 -7682
65 115 7058
94 15 2484
88 73 6090
148 79 -2547
2 23 8388
134 87 7124
44 25 -6665
92 38 6846
66 88 7168
105 83 -9543
64 30 2443
42 68 -3499
51 31 -498
81 64 8186
110 12 5248
94 66 8722
123 84 4677
9 110 -4475
70 39 -7478
13 107 -4957
117 17 -5504
16 79 -5649
99 77 9713
121 126 -2380
1 3 9886
100 92 3661
91 27 9451
108 68 6408
31 82 7365
88 40 267
70 11 3670
115 123 8208
112 49 6083
130 103 -6303
77 52 -823
139 49 7928
95 99 2762
77 14 6527
20 30 -6067
145 48 3519
55 99 -2614
120 56 1114
73 68 -4989
46 98 -1124
132 54 7795
89 84 1143
47 127 3760
0 36 8625
11 11 2957
78 124 1715
14 110 9451
37 133 926
28 34 250
129 86 8631
129 69 2464
113 111 -8297
131 41 -7609
132 131 6185
17 98 -2444
117 124 -47
131 57 1494
62 43 5339
45 111 1124
65 140 -5592
10 59 -6066
17 87 -9949
123 143 3523
74 54 -835
78 81 -5060
32 30 589
16 59 -1315
138 7 7797
84 36 -9455
106 69 -6198
63 108 8691
21 98 -8402
78 51 -5899
140 52 130
34 91 4432
83 64 2188
2 122 8541
73 22 -1582
23 28 -9374
134 22 -7093
128 109 -1573
13 132 -632
29 41 -2705
72 100 353
144 84 -8942
56 94 3976
38 28 9028
79 66 -4979
88 149 -6712
18 80 262
132 19 5590
149 75 1426
54 145 4086
24 103 -7188
97 83 -4991
131 100 4875
121 99 1510
86 17 -8111
94 135 -9402
134 94 -7411
15 10 -7901
78 24 79
75 79 -6097
34 131 -2564
98 140 8555
106 54 6286
78 68 1586
98 66 -4549
131 78 8757
35 75 -8238
68 106 -2085
41 76 -6545
61 147 5486
94 53 -3388
51 140 -2164
144 73 -6458
39 122 9663
110 40 6243
119 22 -8930
66 47 -5270
116 48 -9414
116 72 970
147 33 -1619
112 49 -1698
99 87 7181
39 0 -3053
54 2 -1408
43 87 -4869
49 78 4620
117 86 6438
125 21 7236
83 17 -7863
97 18 -8872
10 146 2927
33 55 4444
9 32 -3407
144 126 -992
102 113 2261
85 16 -7411
119 88 6084
40 66 7911
65 95 2903
33 112 1296
17 48 6962
55 140 974
65 77 5323
47 48 -971
113 109 -8949
67 110 2254
71 52 -6544
30 145 -9493
0 11 9502
137 40 6966
14 58 4229
72 60 -7928
111 50 7453
147 140 8417
85 119 -3812
1 130 7364
9 86 4989
59 127 -8780
106 78 -6453
116 132 -125
108 41 -8156
39 14 126
98 37 9013
57 70 -7676
147 103 -6365
140 2 8224
105 69 2362
96 13 -4388
123 105 -5198
106 61 5519
120 85 -8558
81 90 3301
140 63 -8343
141 68 -4174
5 118 7434
6 77 9617
0 51 -8127
33 149 7680
38 41 -5337
131 90 -520
148 112 -9869
122 64 8265
88 61 -6281
30 86 8683
48 10 1619
49 36 7079
10 133 -6243
88 39 6059
28 16 2174
101 19 1457
94 144 766
65 89 4941
85 81 1817
111 41 -1649
26 3 142
88 133 9227
82 142 -8135
59 112 4212
128 123 -5069
93 7 -6783
133 131 4655
109 59 -3358
69 72 -6396
34 113 -261
35 95 -1649
60 6 -3823
77 95 2201
36 90 701
66 40 -8196
113 53 -2356
29 45 -6201
34 28 -922
120 87 -9157
0 56 -9644
144 62 -1348
109 102 2609
79 59 694
34 137 -3404
34 48 6633
76 114 -3784
42 76 5442
37 133 8181
126 88 -3134
115 69 -5019
112 26 -1761
48 116 1853
138 39 -8765
9 140 4765
63 125 1351
80 9 -3027
65 141 8286
78 95 -5502
23 88 -2201
142 147 -3982
36 86 -3005
145 129 -5711
6 80 -8639
36 141 1817
85 39 7618
38 128 3815
128 120 -2033
43 126 -1874
59 139 -8230
148 139 -7406
101 144 -9348
20 52 -6597
8 53 -9547
149 70 -4744
15 133 -1935
13 104 9320
120 58 192
99 110 2915
83 56 -3809
109 83 -7348
118 107 1301
146 97 -9884
65 130 3228
100 135 2738
24 77 8877
69 15 -8726
21 81 2998
54 96 9762
31 131 -1927
128 85 6217
39 125 4786
106 6 -4092
36 73 -5813
29 67 219
107 116 5031
8 107 3420
8 104 -4098
20 69 -2187
61 110 8214
121 41 -8952
130 117 -3527
32 86 -4903
78 8 -1938
125 71 1301
90 67 -9546
8 24 -6485
90 74 6329
142 71 2969
16 62 -3477
89 81 -9236
40 118 3867
60 111 -1020
138 37 3883
58 18 3416
40 137 7683
58 14 1068
103 23 -7101
103 139 -4261
143 138 -4846
117 113 5028
68 37 4117
29 125 1525
97 82 1396
61 33 5733
22 17 -4058
147 117 2376
114 57 -1027
37 124 5047
149 0 9645
94 34 7972
144 57 -1647
20 4 5446
62 65 503
128 124 5003
62 65 -9193
95 56 -327
74 60 -7210
54 12 6458
135 5 -6402
109 117 782
57 66 5942
52 32 -5901
6 42 8052
47 149 -4962
97 89 -4858
83 91 9812
97 118 -7352
78 0 -7548
35 79 -9068
67 110 6814
102 134 6687
116 126 5636
97 56 2311
72 2 5659
7 141 -2644
32 12 -2144
89 102 9965
2 111 8727
76 34 -3970
23 31 -5962
60 129 -1745
10 76 5450
66 8 -4054
94 137 -2586
34 136 4883
42 25 -366
123 14 7027
78 40 -1254
127 55 9471
13 116 576
130 140 -1153
50 29 -5572
49 133 -7739
7 92 6412
32 95 484
144 71 1553
47 39 826
144 104 -7831
98 32 -6154
106 91 3280
105 88 5602
119 63 6021
119 134 -8580
138 38 -9809
133 65 8383
121 58 -8573
3 21 -4965
2 94 3068
23 142 7880
50 16 -412
4 91 565
85 149 -1330
130 3 440
93 89 -2005
138 72 7968
68 83 -9957
101 44 -4440
7 128 -3522
83 9 -6939
88 13 -8358
61 28 -1455
77 63 -6049
41 20 -7036
109 141 7970
52 12 6917
100 25 -7664
53 48 -8067
89 11 5514
88 58 2463
121 8 -4887
37 140 9706
149 95 -5469
130 106 -4432
135 62 -6806
139 45 -9790
87 89 -5013
105 115 -6510
6 149 -8423
85 47 7836
56 98 5974
68 74 -8412
85 59 -8515
134 32 -1895
106 124 -2996
56 117 -2051
126 129 3528
80 12 -1665
115 83 1697
139 62 -6853
60 38 7692
45 127 6386
89 88 -1790
16 55 2487
109 135 2588
140 57 3880
6 86 6928
102 64 -7011
85 124 -1775
12 140 4836
61 105 -1387
116 107 2041
59 23 -2146
128 143 7285
112 31 -7918
59 140 -7662
2 16 5721
31 63 6202
78 53 4502
44 11 3433
42 74 -6024
141 94 9727
62 102 -9461
74 24 8817
29 139 8918
15 145 -5496
136 4 -549
126 114 -3119
65 58 8400
98 126 60
43 82 -7878
12 104 5776
63 42 6206
40 3 3010
139 75 2205
134 61 -9405
133 83 -7757
103 99 1216
11 30 7877
134 67 7170
106 34 -7467
120 46 -581
129 0 6520
124 122 -2466
142 66 1385
14 81 9404
144 120 -6405
59 5 -1303
99 39 573
9 113 8002
118 59 8635
23 39 880
3 74 -1896
25 113 -2652
127 57 1388
2 18 8390
15 108 6695
126 31 1412
22 122 359
142 79 706
59 125 -7503
114 117 -6461
65 140 -4450
39 58 -5574
49 34 2556
126 33 1727
92 87 2047
101 34 4815
94 26 9529
106 57 8959
76 127 -1263
69 145 565
117 44 -1629
62 11 1273
104 138 -9329
8 69 5404
82 15 -9276
24 37 6016
135 7 -5215
36 79 5184
136 85 -6223
142 127 3288
102 12 -1916
141 122 -5059
2 5 -8185
75 53 -1713
40 29 -8722
25 141 -2900
63 76 -621
122 62 -6398
131 22 4463
107 58 -6531
66 62 -2218
42 86 -4078
20 0 2851
129 133 8811
64 77 8066
42 96 -4864
57 117 2079
22 37 7399
141 88 -9271
103 93 -3054
93 56 6999
111 14 -5327
136 138 -6038
89 55 3791
47 41 7037
133 149 3293
82 52 -2071
67 8 2645
60 3 -2019
143 6 -8876
106 117 6435
96 58 -4529
79 50 7962
78 43 -7987
105 84 -6546
133 134 83
123 17 6731
140 147 5485
63 65 -1090
102 26 4880
6 115 4828
111 63 -3039
28 83 4109
20 82 -5276
142 46 4754
90 74 -9764
120 73 4229
139 46 5454
33 36 -7156
84 137 8010
59 66 1477
103 61 4086
124 121 -7085
26 91 8393
117 59 -6252
96 80 7022
53 5 395
88 73 3287
145 56 -5984
30 139 -1886
140 146 -7066
28 138 9248
100 111 -6034
17 9 -6354
92 49 5493
0 71 -9668
137 117 8375
86 52 1730
90 116 -3202
37 128 -2034
118 47 3867
17 10 36
32 13 9351
117 54 2046
147 41 -1717
25 134 3897
81 73 -3011
19 23 -9730
133 112 8175
100 98 3768
60 103 4746
139 29 9678
64 83 384
71 122 -1287
19 131 -2884
108 89 4745
68 86 -161
97 142 -45
129 131 9284
101 15 -5820
102 62 3434
74 28 6216
61 83 -4372
47 90 2996
4 79 -4441
42 16 5051
32 133 457
68 50 -4491
47 15 -1817
33 61 3801
6 79 -9227
66 134 4325
32 3 -1189
19 80 1754
88 69 -7162
70 113 8358
121 125 -7440
73 29 -7572
70 127 9330
18 137 -8814
106 107 -6330
73 40 -1127
147 81 3588
141 27 -4579
46 98 7087
32 28 5885
94 17 -8854
146 107 764
121 88 1313
52 115 -251
6 51 8857
59 52 4052
15 13 -9156
52 78 -316
23 109 -8756
112 28 2577
67 77 455
142 129 -3925
29 43 -2069
72 82 6160
33 118 3906
27 99 4129
34 30 6837
25 133 8880
91 97 -3064
32 65 -6029
84 116 4816
27 64 -5768
58 67 -8809
34 58 1191
14 70 -8871
129 91 -6480
147 36 8400
76 99 -9714
35 112 9525
118 56 -2901
110 45 -4121
79 128 -6832
59 17 -9554
62 90 -3586
87 112 -1673
78 118 6448
44 90 3106
149 19 -1347
42 47 -5478
149 1 -3440
78 32 -4604
130 117 -5563
83 21 -6219
41 62 -6578
29 83 8590
115 123 6259
42 69 -2983
91 104 -4565
75 77 -9069
32 72 -4640
130 18 5241
11 114 -6264
123 11 8042
72 47 -9291
45 57 2395
22 49 -211
25 62 1371
120 112 -32
48 9 -7095
108 18 -2100
99 124 5062
2 141 -8867
124 73 -9175
34 121 -7009
108 39 4630
101 61 -6534
117 72 3768
33 103 -9958
103 17 -4953
19 21 1082
145 47 -5205
93 19 -6323
17 69 624
74 27 5941
129 59 -1677
53 77 -5313
128 124 -3237
111 45 -4070
20 64 6431
25 28 6208
77 105 7841
77 109 4444
146 43 5983
78 76 2594
94 118 -2185
149 56 223
112 13 1720
51 105 -7422
80 65 2643
100 68 6035
79 78 -9860
131 92 1573
134 130 876
0 101 1073
136 43 -2805
16 56 -4183
80 100 -5049
24 138 5020
88 27 9215
89 81 -3764
10 115 9705
105 80 8738
74 1 -8127
68 58 -8145
103 100 727
69 44 -4470
11 84 7551
54 63 -9906
32 83 -956
86 68 3723
111 25 9640
110 0 5754
87 147 -2742
92 138 7161
128 36 4622
48 44 -1695
63 11 9993
123 6 -9771
60 66 -584
133 110 -8422
99 108 -6641
81 125 -1313
35 107 3784
81 59 -7406
66 110 5389
32 145 9064
131 33 -1213
132 131 2237
83 106 -2229
37 76 525
144 120 7000
0 46 -7464
8 74 -1564
0 121 7126
9 77 5213
116 95 7506
64 51 6223
52 105 -184
26 81 7159
17 141 8019
9 42 -891
84 60 6044
28 19 5384
65 91 -3509
19 14 -1538
107 42 -1069
48 7 -4188
106 84 -2054
49 72 6018
20 59 4487
133 65 6508
39 26 -6101
113 14 7662
114 121 2858
102 82 7686
144 111 -1766
145 54 8726
64 14 7699
140 12 8070
105 127 -8323
130 5 6010
30 146 -7571
48 0 -6534
40 21 3745
46 112 1732
74 50 4554
41 51 -5336
38 131 483
92 93 9823
108 47 -6625
14 77 5520
89 72 -3383
6 145 -2977
58 70 9235
62 2 8450
71 5 1534
124 52 -7117
48 34 -4828
0 93 -4929
85 109 -918
38 40 3325
60 124 -5876
113 15 -32
4 50 9363
117 134 3180
110 110 -5467
120 18 6514
91 67 -2395
6 131 8178
11 94 -4437
107 27 -4728
61 149 -4821
6 48 -1416
66 63 -9147
125 77 -276
16 58 5612
117 18 8050
112 67 3532
140 32 7901
116 121 -6233
135 105 1756
79 100 -9972
139 14 -4416
37 26 -7360
26 15 -4596
85 121 -9921
36 68 184
112 32 9085
73 68 -8342
79 4 3895
42 99 7935
29 0 4344
139 47 -2636
94 37 4580
101 64 -7471
15 144 6563
75 77 5934
47 60 2012
89 100 2520
118 141 387
107 80 -9061
106 121 -6555
129 17 1969
4 120 -5283
36 122 2568
23 29 -2045
44 24 193
22 93 4538
73 64 -4960
59 23 -4498
14 104 6488
146 122 -2513
135 31 -1729
5 62 9534
45 124 3480
57 10 3903
85 146 2375
78 34 8891
147 131 3449
46 132 8154
2 148 -7618
78 111 7505
52 27 -8705
12 114 -3114
15 51 -414
83 112 -7688
111 65 6069
44 61 -7435
90 42 -1854
97 147 -3154
81 111 927
28 30 -5224
78 6 9755
23 14 -7518
34 16 5406
86 65 -6304
93 34 6277
97 4 2209
77 23 -1773
38 28 -8686
58 83 -3823
143 16 -8196
41 81 8863
108 46 -9480
43 35 7733
15 118 7633
0 22 -4406
8 75 -8153
129 83 -2263
34 19 7874
78 23 -6812
26 80 631
47 21 -2605
20 14 4233
18 22 4632
137 7 -4216
61 139 2468
105 17 -4822
3 59 -2840
103 145 8052
143 49 -8947
16 98 -5326
55 73 6290
119 102 -399
87 64 -8567
60 54 7177
33 147 -6922
75 129 2761
109 21 8808
126 142 -9679
135 59 -3182
59 20 -3492
137 16 4932
57 146 9246
34 23 -8080
108 98 4853
141 125 9687
42 131 -5449
23 13 -2473
102 83 1073
140 23 7716
134 133 -4486
39 90 -2948
14 54 9486
62 117 -9623
149 97 -3267
53 116 4162
123 117 -5458
61 71 -9504
143 35 3044
96 49 -6648
111 97 -2954
128 64 3146
134 96 -4739
135 99 5374
99 101 -8392
137 12 1160
113 100 -4447
52 40 489
113 56 1015
114 72 5969
39 7 5741
15 81 5273
87 13 -7595
54 21 -258
118 132 7180
18 59 111
18 25 9182
98 17 -7464
71 70 3233
117 29 -4509
66 25 -1101
19 53 5292
83 127 9247
86 96 6172
134 0 4401
102 149 2618
81 54 -5316
9 48 6682
56 149 6409
138 20 322
38 48 8226
63 7 4813
85 87 2665
56 7 -67
74 52 3601
64 74 -1006
22 113 7459
34 28 1041
48 49 8903
87 149 -7886
15 84 9440
48 101 -8263
81 88 -4886
130 16 8389
147 124 7569
21 147 4593
115 69 6673
64 96
78 65
31 119
49 124
105 102
18 106
127 75
74 55
90 6
141 107
107 113
56 31
6 135
97 149
36 6
133 5
93 113
124 85
43 31
63 56
92 88
84 37
103 60
57 87
65 145
26 57
35 33
30 33
26 75
4 132
136 73
147 147
110 61
81 148
107 69
66 113
39 145
8 90
48 97
140 15
59 0
57 92
17 116
88 84
56 78
35 121
113 79
30 98
62 77
142 87
136 41
67 80
117 110
147 131
126 101
99 22
36 110
97 84
56 80
16 146
59 83
120 27
103 18
73 29
131 88
70 9
27 7
22 96
52 119
75 17
38 146
133 80
64 115
104 39
127 33
5 78
25 95
74 104
120 99
49 53
48 34
143 31
28 46
109 109
90 63
100 64
6 75
40 54
121 72
40 145
148 60
75 134
124 121
134 99
53 4
67 102
135 11
100 86
105 130
37 69
107 32
63 129
53 23
2 99
69 134
81 8
44 54
65 83
38 107
129 146
1 55
112 136
111 70
24 59
125 27
14 1
107 18
17 93
77 52
68 53
62 87
72 20
139 146
10 113
66 90
20 36
18 10
107 44
35 116
83 21
126 110
80 119
137 87
131 16
113 72
102 83
112 89
75 105
62 130
105 145
52 128
90 62
74 82
105 72
19 96
133 32
106 41
130 140
53 37
0 72
76 51
67 85
35 18
134 30
148 9
77 132
8 31
121 70
81 74
112 86
129 114
6 42
11 139
95 108
131 79
82 85
133 49
71 25
66 29
56 149
42 62
106 98
51 76
110 0
72 41
98 128
85 88
121 34
38 30
34 142
71 93
94 139
31 61
44 109
78 112
133 147
100 68
80 87
124 102
18 64
1 127
24 38
56 19
33 29
23 43
54 80
8 143
102 105
72 132
94 87
68 146
139 10
93 21
106 34
27 121
15 37
69 78
59 129
114 149
4 137
80 35
129 10
18 100
39 125
113 42
149 65
15 120
136 94
70 72
17 26
12 86
94 117
86 44
147 56
95 104
61 72
34 113
140 36
10 45
23 26
134 49
12 89
147 99
117 34
60 64
110 70
70 68
10 140
147 5
20 59
88 63
122 66
148 141
76 65
36 61
13 126
57 76
141 75
53 24
134 128
70 113
91 49
17 37
104 110
32 19
143 25
86 129
41 115
64 67
82 94
6 10
44 113
81 60
41 49
57 40
146 43
6 124
5 6
127 18
17 122
137 67
75 5
73 149
52 140
12 134
81 71
57 92
121 91
105 107
82 101
48 129
65 144
13 146
0 64
136 124
142 136
55 142
102 102
76 100
30 107
109 147
133 15
73 143
89 38
100 129
86 108
34 119
14 101
125 53
148 127
53 122
90 83
124 121
43 19
27 82
120 11
15 99
69 25
97 130
21 105
48 123
59 61
69 89
148 108
133 89
85 79
18 26
38 139
127 105
81 70
128 149
90 94
137 26
106 81
45 68
16 141
99 140
135 149
97 127
31 107
4 96
143 52
10 68
26 81
42 20
37 129
43 105
23 114
37 58
107 148
119 111
141 122
28 42
79 41
107 117
86 140
43 115
62 56
21 52
27 86
17 109
33 90
34 81
86 17
11 37
13 30
95 1
36 34
2 60
69 102
52 66
30 90
82 18
141 86
136 43
56 95
115 87
148 77
83 108
6 78
105 30
145 99
127 75
66 98
145 125
129 5
137 113
89 134
145 27
116 25
102 37
19 93
129 122
107 136
71 97
75 22
120 1
44 109
105 52
37 1
134 98
2 41
33 23
119 99
29 61
101 130
13 98
23 147
90 18
19 24
28 44
101 86
113 99
99 94
68 99
94 77
69 117
106 80
75 92
59 7
56 73
63 65
84 45
78 56
52 29
41 90
126 79
90 22
9 115
130 127
118 45
131 24
47 81
61 110
123 71
122 116
110 25
116 81
54 91
4 124
86 119
99 42
42 38
117 114
89 73
128 60
54 33
74 131
19 4
126 18
13 76
16 53
85 96
128 53
84 114
72 18
52 38
107 100
62 27
5 15
117 105
17 145
16 118
51 119
60 123
149 101
61 131
112 26
49 100
136 82
91 128
149 126
59 128
2 77
117 21
116 112
110 61
116 5
47 135
91 102
35 42
103 116
100 53
3 82
87 59
36 84
34 39
139 33
90 57
23 82
23 27
86 60
41 93
136 45
95 123
80 64
5 146
29 29
64 92
80 117
137 72
8 58
14 2
34 20
8 110
40 141
87 62
62 115
111 17
137 140
64 104
147 67
31 47
88 40
108 95
71 41
120 25
79 31
1 123
87 31
26 148
13 60
27 97
92 35
45 2
130 32
38 91
90 136
60 103
148 137
112 1
52 92
122 58
53 79
16 52
110 0
3 67
90 139
66 116
6 28
49 39
50 126
116 110
9 9
67 131
65 103
26 7
15 5
96 120
103 49
130 25
50 13
36 90
52 90
5 147
29 88
139 33
93 120
8 37
114 51
63 44
53 58
33 133
78 49
79 73
11 126
24 89
53 142
94 123
67 40
52 70
98 21
116 108
119 83
135 139
112 44
121 112
49 137
42 8
92 119
6 144
58 80
81 15
98 54
41 137
47 114
36 134
29 41
125 63
90 56
11 0
32 70
17 63
120 8
52 17
11 56
121 114
24 103
69 94
119 3
39 89
14 142
147 122
12 52
102 114
65 68
26 131
77 46
66 129
50 136
83 29
0 50
21 65
121 80
149 52
72 12
122 94
90 121
1 1
82 84
66 138
53 116
124 5
60 29
81 103
144 73
95 28
94 31
82 4
129 81
96 134
10 45
25 116
93 40
134 94
54 129
134 107
97 127
104 60
39 122
30 106
132 96
21 58
101 41
123 93
69 144
144 134
68 99
40 37
36 94
112 6
31 39
21 22
43 125
85 93
56 23
7 43
118 37
121 46
106 71
27 139
83 74
122 130
47 78
131 10
59 110
146 69
122 62
72 104
102 115
47 49
8 33
148 65
78 77
9 24
51 3
111 123
142 100
13 100
82 124
115 65
114 104
98 5
100 53
117 22
108 76
106 82
113 133
29 37
68 105
120 5
54 91
93 68
128 8
10 62
19 100
103 45
10 111
79 37
127 60
102 64
141 86
143 112
97 146
122 20
8 95
60 14
68 120
42 106
102 41
78 22
63 95
96 116
124 119
31 136
138 44
135 96
93 53
78 29
46 19
55 51
41 92
69 116
108 111
66 11
93 39
138 27
78 93
110 146
32 118
64 13
127 64
84 22
83 107
118 73
137 129
93 95
8 0
79 84
89 80
87 69
71 125
63 66
149 123
37 137
104 92
73 138
12 138
50 146
105 82
22 59
72 45
3 40
136 130
20 107
107 83
134 41
126 83
48 92
14 29
91 30
109 57
33 47
38 35
1 119
7 114
53 82
41 133
86 131
137 34
142 46
117 149
104 134
14 74
142 103
97 83
131 104
123 144
139 41
90 134
148 143
135 122
36 25
120 0
65 62
91 27
45 99
117 124
57 93
89 33
100 24
83 71
109 103
57 38
13 48
132 57
55 112
95 3
44 129
125 72
145 14
111 94
97 43
9 76
16 50
136 22
54 96
108 1
142 29
147 47
10 104
92 112
53 35
106 127
132 12
6 93
95 31
45 89
2 54
47 47
29 129
5 68
111 57
52 3
68 136
107 123
2 147
66 59
95 74
147 47
33 51
113 68
114 144
66 114
140 44
65 52
65 66
129 25
118 14
140 74
41 88
147 147
44 116
47 56
142 102
119 92
124 128
61 1
121 48
107 109
59 6
46 79
76 136
29 30
83 88
71 80
66 33
115 128
114 73
123 8
7 1
47 138
138 13
86 115
6 16
35 89
132 111
144 111
118 94
79 30
112 145
0 27
13 124
65 111
15 82
7 130
50 33
114 112
29 17
76 105
131 7
45 38
149 74
81 53
113 6
37 102
126 38
113 110
59 0
103 71
27 145
54 10
148 128
52 25
59 44
40 108
104 57
120 129
36 10
119 31
91 108
70 81
86 144
114 103
119 135
27 79
112 92
58 146
136 34
56 7
86 52
130 104
33 82
69 30
43 22
121 78
2 134
31 38
89 30
103 112
16 31
57 40
111 116
24 62
38 99
59 113
27 86
10 15
147 84
135 90
84 87
43 78
19 136
128 36
43 149
126 37
94 54
89 89
146 138
104 112
88 51
43 83
40 99
22 98
143 52
147 76
26 1
110 109
96 20
135 52
56 17
52 55
105 132
87 70
141 23
42 35
12 30
53 56
143 88
140 148
79 77
46 131
131 123
125 84
6 73
11 112
58 71
26 67
27 21
124 53
19 9
116 72
147 14
88 130
80 42
16 41
98 116
18 122
52 17
33 49
100 45
101 84
58 106
37 46
122 83
10 75
9 87
81 145
36 43
35 114
131 96
54 41
15 16
140 71
28 25
63 82
138 53
139 31
145 21
127 60
4 36
21 47
50 54
116 104
0 21
113 59
83 117
119 45
8 36
44 90
70 25
3 124
75 103
13 113
81 140
48 21
49 24
6 36
147 46
30 86
149 133
118 3
111 28
45 54
65 102
58 71
125 134
125 120
134 112
78 118
33 44
111 87
30 37
69 149
120 46
6 145
81 53
129 15
144 8
94 100
54 54
123 100
61 103
45 64
147 57
9 32
0 32
40 119
86 28
28 16
24 47
74 53
54 129
130 42
45 25
43 127
132 92
143 30
65 145
83 84
15 143
2 57
112 1
80 118
39 19
43 37
36 126
137 40
27 113
6 146
93 78
91 20
122 21
22 43
72 78
38 26
17 78
14 125
21 72
149 30
112 58
149 78
145 69
23 79
1 39
4 57
23 95
63 135
9 147
0 122
24 141
71 109
3 6
51 39
49 140
114 101
122 69
102 72
66 7
68 42
128 76
31 97
130 100
81 22
13 25
20 58
70 140
18 101
23 145
55 117
109 52
96 13
14 16
4 16
129 54
97 133
143 105
101 64
122 123
58 134
42 127
27 93
101 44
20 61
59 9
62 90
26 45
108 14
35 13
116 99
27 114
0 54
144 30
29 87
56 116
52 41
143 141
137 96
57 123
117 32
60 80
131 10
45 44
68 1
56 65
17 141
144 29
48 50
16 59
137 101
84 136
105 81
132 112
44 142
39 46
49 122
114 129
0 51
78 111
56 23
130 76
144 78
38 79
87 51
142 5
49 147
85 128
17 77
59 39
9 145
44 87
90 149
130 79
147 26
48 111
125 48
76 75
50 72
2 103
63 64
100 98
134 121
54 103
85 63
102 17
21 17
140 56
16 128
89 8
42 95
20 68
102 139
24 144
138 29
76 1
117 69
146 4
15 7
6 141
82 112
128 3
8 124
130 104
94 104
145 126
104 69
103 140
117 72
100 32
65 131
126 128
91 106
13 98
28 106
3 102
136 57
91 60
134 16
115 134
30 121
38 77
89 146
50 2
118 91
53 104
44 18
96 114
9 65
124 57
20 128
45 108
144 56
90 85
134 7
112 99
145 77
90 12
87 52
74 93
134 129
132 130
47 80
113 16
85 4
107 50
42 114
53 107
49 62
65 147
34 95
146 116
38 89
60 6
16 96
39 128
126 137
123 114
149 148
29 147
74 73
117 141
77 45
123 117
103 7
74 111
28 124
2 112
43 91
139 8
17 88
121 46
112 77
27 33
135 4
143 129
69 128
17 82
73 30
137 106
33 21
15 135
88 42
33 58
143 132
101 145
27 111
128 63
108 69
124 137
34 94
139 119
39 17
92 86
71 31
62 135
37 19
107 101
78 34
72 13
6 97
113 72
69 135
61 111
114 5
23 56
109 109
38 109
81 131
41 91
72 4
54 6
88 42
39 41
140 36
86 99
134 129
71 47
50 39
14 39
99 81
138 74
66 74
5 6
34 13
130 66
13 135
79 26
115 14
27 127
22 120
90 55
58 0
120 90
101 28
89 81
61 50
30 72
0 54
53 4
115 143
40 51
107 85
90 47
6 146
59 38
72 0
79 30
45 87
30 17
139 59
131 7
77 43
85 70
115 29
71 145
135 107
98 110
95 33
120 126
136 63
6 134
86 126
64 46
111 100
131 14
62 128
56 103
81 125
100 116
124 95
66 92
130 132
7 11
117 108
20 33
67 8
23 123
51 38
26 78
84 86
53 74
72 145
0 49
73 134
127 113
120 101
114 146
98 39
62 51
122 116
15 88
12 42
116 32
34 135
73 8
104 96
53 67
15 23
36 117
13 70
11 10
138 129
3 144
55 58
40 16
99 3
136 126
87 23
144 82
58 81
108 34
99 70
136 93
145 82
7 105
110 0
97 7
145 64
74 145
73 36
37 79
115 56
37 66
30 63
104 31
9 60
12 38
47 92
110 138
5 117
127 44
48 119
53 58
72 37
19 140
74 51
65 19
79 97
20 131
90 33
142 11
54 28
145 124
83 54
56 113
140 66
39 83
42 62
101 138
114 120
8 80
121 87
137 138
124 90
27 67
0 15
45 50
64 104
38 1
126 91
78 134
46 89
128 70
80 48
9 41
98 8
68 38
118 107
83 12
134 66
0 53
120 65
22 113
96 64
68 135
134 56
1 108
78 122
58 5
21 105
17 46
20 48
72 125
127 24
51 91
93 133
51 62
45 26
57 78
92 20
75 145
46 5
52 81
85 46
57 133
5 129
63 69
73 20
42 103
140 135
50 61
78 42
84 44
56 122
149 125
71 22
61 132
102 63
75 3
92 92
33 3
60 57
114 55
81 24
21 66
98 98
56 30
42 28
19 121
98 19
102 11
131 122
6 44
124 74
8 69
23 63
113 65
38 141
91 89
106 86
32 125
115 104
84 133
136 20
7 80
101 145
67 48
24 9
114 21
17 99
147 97
142 148
100 48
80 35
11 135
32 57
140 44
76 35
36 16
18 9
85 39
97 19
91 54
0 125
61 62
102 72
68 101
7 87
50 75
74 140
32 89
92 116
54 10
27 92
110 140
85 123
67 39
49 128
17 50
102 70
119 75
107 79
122 49
126 46
70 71
107 136
7 80
38 127
147 89
69 25
110 90
105 30
89 15
42 128
119 62
139 73
94 78
43 11
142 24
76 116
128 3
70 39
82 125
4 131
11 12
55 31
98 115
125 117
128 101
148 128
36 118
24 115
8 49
83 43
32 9
67 0
16 9
36 49
5 121
42 92
89 142
0 101
128 76
25 83
138 1
80 139
86 12
74 114
11 66
9 142
118 129
114 61
38 64
144 41
139 10
23 113
33 76
75 99
3 145
123 25
148 54
120 76
55 29
28 36
109 77
87 16
98 15
130 76
26 51
54 32
103 123
118 135
75 84
112 11
106 52
104 16
3 112
120 21
72 39
106 99
92 119
77 90
103 75
100 72
25 86
143 138
40 42
67 65
100 61
115 27
26 115
115 148
149 80
84 94
113 141
52 109
101 47
0 60
87 123
38 148
97 140
25 121
40 120
131 86
62 98
83 77
142 13
19 104
9 35
28 118
49 106
104 32
93 96
117 111
137 34
44 38
44 4
146 129
49 1
128 32
128 73
13 133
67 72
87 126
43 149
65 31
99 105
24 87
79 137
0 12
138 29
142 103
48 121
105 78
135 61
14 13
133 75
134 88
105 65
41 52
115 17
52 109
44 97
51 92
11 80
19 76
131 141
4 31
142 113
141 58
12 9
79 3
51 36
52 95
55 44
49 146
114 61
121 41
114 93
70 34
119 136
41 71
85 66
137 127
135 81
128 124
146 118
129 148
104 109
53 74
36 17
61 64
6 82
148 58
19 70
146 90
67 77
131 85
52 53
3 143
143 28
111 23
14 25
124 15
131 126
28 83
138 96
138 112
39 52
115 126
55 108
111 42
70 127
76 132
109 77
47 74
105 102
62 40
69 34
78 9
121 116
53 61
132 117
76 113
19 74
130 117
53 4
126 149
109 108
24 109
61 92
42 131
80 26
104 27
147 132
98 105
1 74
148 86
82 5
97 54
18 16
122 109
105 75
125 36
61 85
54 2
111 3
79 82
90 65
21 101
16 10
58 16
137 115
30 69
70 5
66 89
43 39
26 8
128 119
89 44
140 76
118 104
5 41
138 75
79 57
148 132
146 52
39 70
60 26
47 94
36 3
36 112
18 140
32 16
5 105
129 12
122 127
140 56
132 135
116 119
31 138
146 45
11 76
63 105
85 105
85 74
20 62
102 65
30 119
38 52
97 10
137 82
9 32
46 64
9 100
80 34
52 12
32 25
98 36
66 10
107 87
10 19
50 84
58 96
76 52
8 30
65 18
62 93
76 65
120 142
40 47
98 148
34 88
140 55
54 86
61 100
101 103
87 146
59 77
100 94
70 75
55 40
100 110
117 51
21 56
9 133
41 88
45 78
41 11
122 142
123 67
84 51
31 146
134 29
7 32
137 45
50 6
43 42
119 63
15 116
88 125
26 141
97 35
9 10
147 32
40 54
14 32
84 24
44 96
110 96
147 117
111 82
130 10
97 143
81 137
27 86
134 15
19 98
124 70
40 14
47 46
57 21
9 17
116 6
145 30
56 21
118 35
141 45
29 47
12 110
114 70
41 5
38 17
74 145
128 100
24 140
27 45
38 39
93 74
110 120
93 6
120 9
76 22
145 106
17 110
24 128
111 14
144 65
23 71
15 14
31 115
56 92
40 34
103 52
26 61
118 97
12 109
37 24
6 88
25 87
107 85
25 132
125 121
144 2
91 129
0 106
30 106
5 105
133 82
16 114
104 39
13 138
53 77
87 69
40 60
8 128
89 24
64 78
74 121
74 81
40 116
68 10
42 123
126 34
128 67
58 136
106 80
53 32
84 9
26 52
75 111
66 105
14 15
41 78
105 70
108 87
74 84
39 78
68 101
86 29
41 84
146 58
120 122
96 86
116 36
90 149
138 83
31 38
105 57
89 93
24 141
87 92
30 105
132 82
7 131
47 114
65 93
123 47
135 44
4 1
130 72
12 44
14 98
148 78
95 14
63 113
95 23
17 111
11 130
63 144
39 10
125 33
105 20
147 50
17 73
78 121
22 16
107 47
8 61
5 137
117 34
38 101
125 89
101 42
117 111
16 51
86 73
133 39
103 86
86 121
127 79
26 118
33 69
99 92
140 12
64 65
37 116
74 85
15 57
138 141
121 90
120 130
134 63
126 110
142 50
62 62
97 138
37 88
125 135
79 132
55 147
33 67
111 45
79 113
134 49
142 47
99 124
130 26
6 16
110 83
9 2
61 54
116 5
12 38
102 106
117 132
75 21
40 33
39 42
100 105
105 72
40 55
74 0
9 36
120 113
15 31
54 115
29 63
8 56
89 127
73 140
117 39
76 12
16 120
71 96
115 14
89 70
117 65
87 117
18 92
149 134
139 39
54 73
119 119
107 37
64 128
109 71
61 9
86 21
40 93
144 95
146 45
46 50
39 10
127 89
118 149
107 119
86 5
64 99
31 53
101 120
39 128
52 37
33 6
40 35
40 81
87 93
49 16
79 138
149 129
125 105
10 112
98 33
84 103
139 64
128 53
7 147
123 58
17 8
139 93
126 29
39 77
9 122
42 75
35 125
52 35
11 46
110 17
120 16
82 87
60 71
65 126
76 122
91 55
105 82
96 46
83 88
21 50
102 86
72 50
47 84
45 100
84 12
132 107
110 59
70 59
56 78
19 34
19 22
19 81
105 143
96 145
59 34
72 101
132 128
99 0
99 64
104 123
34 129
100 149
120 38
110 66
67 147
36 119
45 75
114 85
108 11
23 123
140 111
86 141
141 68
20 27
143 49
144 106
94 83
7 148
112 102
26 91
111 28
64 114
42 38
82 81
137 72
25 141
121 42
108 119
132 102
136 128
143 103
29 71
42 63
89 73
38 64
23 143
103 44
83 121
86 95
0 6
108 35
53 84
6 141
101 67
37 28
100 98
85 144
134 58
110 70
53 92
13 54
69 95
92 113
11 57
47 123
43 136
36 115
94 83
90 97
124 39
0 96
15 6
0 58
83 124
10 144
106 70
50 14
39 35
125 131
95 84
50 136
76 92
142 38
13 84
25 75
92 61
61 131
0 125
29 131
70 65
149 6
60 133
103 132
55 140
64 114
119 60
91 104
103 69
50 21
21 11
116 64
110 88
87 50
144 90
142 59
58 33
117 113
70 103
97 86
114 69
50 34
91 7
113 32
69 5
24 53
6 74
138 41
88 3
104 26
137 41
13 9
21 79
45 24
90 5
128 72
83 38
95 50
123 134
79 64
8 129
47 98
89 122
84 36
9 148
49 68
10 88
60 22
56 147
149 94
48 52
130 23
35 145
19 136
55 131
27 62
40 26
35 43
101 138
27 143
114 60
144 137
99 19
96 97
105 108
98 6
59 12
122 49
61 87
135 90
93 71
40 68
97 76
48 91
75 43
133 55
43 11
112 1
128 84
30 57
89 109
76 13
22 89
34 137
25 108
61 141
79 107
99 59
73 93
34 140
7 75
38 75
85 35
90 131
124 119
110 73
124 82
47 89
93 44
111 49
25 145
113 19
55 7
124 58
4 42
83 25
120 128
85 108
94 19
63 77
37 40
56 13
118 113
98 45
39 59
10 25
117 75
102 7
86 22
5 108
52 85
112 16
78 92
143 2
107 117
84 21
30 34
111 102
57 48
102 61
126 64
142 58
126 93
43 84
37 68
91 134
90 124
72 117
43 54
64 107
125 33
33 39
13 60
74 40
14 9
69 30
25 45
105 39
46 92
55 104
140 84
135 117
116 60
8 57
0 138
14 105
31 31
11 47
13 41
112 15
115 148
127 145
118 7
67 96
39 61
4 4
128 25
15 125
2 42
35 41
6 89
7 7
8 12
13 123
40 103
91 33
74 46
0 108
149 78
147 64
95 67
82 104
74 80
46 60
26 59
16 81
117 110
31 61
17 70
25 43
36 146
111 67
48 119
71 123
97 37
11 79
72 5
114 17
121 143
142 122
7 9
96 97
2 61
102 1
110 131
66 117
58 56
0 80
31 129
73 76
28 145
44 57
55 51
41 112
128 114
43 75
148 130
129 117
98 30
53 40
115 45
67 65
86 8
71 11
37 115
83 0
43 1
99 85
46 138
18 98
66 134
61 105
103 38
141 95
136 73
89 8
116 90
24 108
53 30
19 64
58 105
81 18
114 97
83 35
65 106
70 15
28 128
47 8
96 92
32 46
74 44
6 56
121 48
148 149
53 94
29 104
63 57
122 30
33 73
132 9
42 76
101 24
139 106
17 84
110 5
122 20
107 9
143 95
44 90
39 71
35 36
104 17
98 49
44 82
107 40
68 115
101 147
118 100
23 114
112 139
80 24
5 98
3 146
86 109
19 45
128 67
109 61
137 45
1 65
41 118
70 54
125 117
49 78
31 105
85 97
136 135
7 112
25 89
103 144
69 73
74 41
130 49
140 91
89 105
23 90
130 96
38 96
19 18
90 19
111 93
1 115
71 149
81 37
134 72
111 125
55 47
113 43
51 86
93 51
33 93
89 20
64 97
2 59
108 131
91 51
47 21
36 101
118 72
51 136
34 9
76 121
63 114
30 96
58 39
11 136
75 47
113 28
51 52
109 97
30 77
127 20
11 53
127 142
10 13
9 19
59 131
130 90
53 130
21 83
119 49
82 21
124 29
58 118
90 43
122 37
79 92
115 148
70 122
2 93
50 124
120 130
86 59
111 80
59 72
126 114
25 109
60 8
124 134
20 3
36 113
96 97
43 34
96 2
84 2
39 66
2 30
5 144
7 47
0 116
48 75
144 14
26 4
131 102
45 2
85 95
75 25
135 129
144 91
122 121
4 44
51 100
115 52
140 33
22 71
114 139
70 88
69 62
16 92
50 47
126 4
36 52
112 76
111 4
34 90
97 18
139 143
11 82
23 105
89 149
97 126
119 139
16 55
140 94
61 102
0 104
45 52
46 68
130 32
23 15
83 136
82 1
109 3
0 0
106 15
31 76
39 119
144 7
136 102
27 51
32 109
140 73
125 91
66 121
27 81
114 125
143 56
8 10
92 52
11 64
121 114
94 6
26 135
8 85
147 85
37 146
136 133
54 99
51 19
144 59
3 33
41 27
114 109
16 24
78 58
27 69
83 24
132 64
134 129
126 93
138 31
51 50
32 89
82 87
144 65
135 111
7 6
47 15
116 141
137 29
134 131
42 5
43 33
122 138
140 14
106 2
85 138
76 78
145 23
149 98
146 1
80 118
102 105
3 11
126 11
3 85
28 44
126 31
121 65
109 71
54 75
47 63
24 105
52 139
113 116
145 23
111 38
73 125
123 56
117 12
37 66
35 105
136 144
49 90
15 137
87 93
110 66
116 87
123 110
123 131
118 21
20 55
103 17
43 15
18 42
106 4
105 68
135 97
149 73
12 25
88 119
69 82
147 135
59 91
85 94
123 128
104 35
55 124
86 17
76 89
13 130
66 90
78 17
66 114
147 92
68 21
53 24
0 27
79 124
2 2
105 143
146 138
57 107
113 107
28 49
63 14
107 125
36 16
72 92
102 129
6 138
148 105
117 124
118 61
148 147
70 139
95 25
47 97
128 133
117 122
45 60
63 33
114 103
32 23
68 19
118 73
71 132
34 113
83 33
78 123
143 27
60 4
98 28
64 15
47 91
137 142
136 83
61 68
113 21
140 49
106 110
137 75
126 41
18 18
134 37
32 25
127 128
46 40
111 17
46 113
12 28
102 140
90 52
145 20
125 85
137 55
88 7
29 81
60 53
21 82
137 115
7 135
4 109
130 46
142 51
74 82
52 115
48 39
10 71
4 76
75 131
122 125
1 75
97 66
100 135
99 66
17 81
125 105
104 55
140 120
63 16
2 52
138 29
127 2
2 47
32 52
74 65
139 18
10 113
85 70
82 138
144 93
55 98
65 102
18 98
63 60
34 48
63 118
19 22
84 51
104 51
89 73
134 14
116 23
34 54
125 4
82 54
143 66
123 124
140 149
66 98
28 12
4 68
62 11
126 63
42 79
105 90
42 113
142 122
18 121
98 101
51 26
36 96
131 25
122 104
148 109
7 5
76 49
88 95
32 33
44 20
42 62
94 52
40 8
119 146
124 89
47 30
38 76
28 23
131 71
10 139
97 90
38 62
113 14
36 133
87 113
36 105
99 21
140 132
8 92
1 11
123 89
95 42
61 46
47 148
25 90
142 139
6 77
120 64
50 135
5 63
9 60
131 114
77 50
127 5
82 28
116 54
88 108
83 11
140 76
12 25
29 88
78 124
4 113
109 130
32 70
93 51
8 89
4 43
14 91
0 20
106 147
18 125
128 81
48 67
26 121
113 19
51 54
28 4
11 18
100 34
132 38
5 41
90 147
16 101
50 135
86 5
122 35
30 92
93 2
37 149
91 111
126 57
59 142
10 41
35 116
149 69
129 1
8 133
67 78
61 87
115 28
131 59
72 136
82 18
91 84
107 137
103 77
7 134
5 63
134 105
45 2
130 142
23 50
99 132
137 115
135 128
12 42
83 35
33 80
53 95
14 110
41 113
77 1
19 67
23 33
12 146
126 137
76 93
147 84
1 63
131 144
26 28
1 55
73 50
93 26
115 47
83 33
74 56
46 65
136 59
46 136
75 70
121 139
65 22
75 0
28 71
87 146
83 68
145 37
141 149
109 147
27 51
146 112
126 99
18 44
139 26
73 45
6 9
22 38
37 98
103 148
126 131
127 115
125 68
27 148
119 74
48 68
73 114
75 140
2 100
28 68
145 41
122 109
43 15
125 44
130 7
1 73
36 128
57 52
14 107
144 28
40 17
132 60
68 103
32 40
3 67
130 139
109 3
32 6
128 81
37 39
77 128
112 17
55 69
39 96
9 113
96 98
86 78
117 141
27 57
30 30
121 50
9 122
40 2
91 134
119 114
46 92
10 141
105 141
51 71
73 106
25 108
39 100
72 133
26 82
60 89
37 0
144 69
101 126
100 55
26 12
18 81
73 148
24 116
94 36
45 132
67 92
7 99
58 22
59 125
41 13
80 56
75 20
146 94
97 44
117 126
75 70
85 68
136 144
126 126
102 121
68 10
111 95
134 72
121 72
141 146
148 96
70 50
47 49
98 6
55 83
147 99
15 69
79 144
148 42
31 96
81 146
87 47
113 93
36 44
32 104
149 77
132 65
95 46
50 77
96 32
125 89
70 85
145 114
111 117
73 107
16 74
137 129
1 26
35 15
27 4
9 24
12 11
130 107
116 5
63 55
142 10
48 135
99 49
41 38
90 41
78 5
25 118
24 64
81 26
124 77
130 51
10 147
146 93
54 54
119 138
54 8
91 119
114 42
108 86
125 30
140 66
48 126
26 63
37 40
148 134
112 95
105 118
117 114
43 97
38 107
48 94
93 108
129 76
25 64
8 25
0 69
143 15
138 84
124 67
67 146
123 41
122 88
76 144
108 37
109 0
67 42
136 6
112 118
37 105
124 21
36 87
106 110
57 108
88 86
112 87
65 15
20 1
20 6
113 114
30 120
39 77
133 117
129 122
136 94
99 81
85 34
55 99
14 105
87 83
100 59
59 127
113 71
143 70
3 133
31 54
124 79
94 112
5 66
83 93
108 30
48 20
11 103
32 6
66 57
54 89
37 109
60 119
37 49
15 58
106 117
94 4
27 148
134 76
28 143
8 71
141 104
36 11
145 104
101 149
44 54
18 67
67 147
87 131
3 36
89 105
81 12
70 110
69 55
70 120
117 108
61 83
59 149
59 65
79 18
37 107
116 81
78 64
11 128
79 4
101 125
24 56
63 53
141 49
54 20
142 75
65 33
13 76
148 64
14 137
17 87
86 147
81 0
17 90
91 130
125 95
5 22
101 16
21 89
68 29
108 92
92 48
82 72
72 49
2 57
103 129
137 88
23 106
66 31
5 97
30 29
74 140
49 25
65 78
16 104
141 121
20 96
14 109
86 97
81 112
144 117
50 133
137 58
143 101
130 34
18 24
42 7
75 51
70 82
125 60
12 31
92 63
84 64
29 71
21 53
81 9
15 26
104 116
93 53
59 94
149 112
72 110
17 106
57 15
109 54
6 54
117 141
35 2
5 85
73 78
72 81
87 2
15 59
49 21
24 122
114 24
80 66
60 58
53 65
139 110
9 37
6 80
56 128
106 75
145 3
23 42
47 71
114 124
52 145
131 124
52 17
108 22
2 108
103 100
75 65
134 102
68 43
88 94
98 148
32 47
118 56
48 117
149 26
36 5
80 82
116 25
90 75
140 59
76 142
112 113
80 23
47 16
82 32
95 140
66 146
48 125
144 51
124 122
82 115
97 15
17 134
82 141
115 91
17 4
147 116
117 116
71 132
136 23
34 113
28 80
22 77
95 20
87 12
67 31
75 133
32 135
39 145
80 111
118 9
48 92
93 45
84 137
85 80
23 132
75 16
110 5
12 148
114 70
63 112
101 115
128 110
4 65
121 9
72 7
93 132
100 146
49 88
3 93
133 122
131 44
106 30
110 135
91 128
22 84
144 72
126 12
102 146
88 113
54 52
91 83
56 146
96 97
37 129
85 61
83 39
133 142
61 122
82 82
19 49
32 14
81 112
30 84
77 58
87 114
100 132
144 143
52 38
103 43
52 85
18 115
116 62
141 117
60 118
111 29
141 104
140 80
75 125
69 78
79 139
16 88
6 66
2 125
116 63
48 59
41 117
15 146
137 98
29 60
139 86
123 142
45 86
70 85
49 44
44 27
78 10
143 11
92 33
135 86
127 107
90 104
36 66
58 27
104 20
39 120
139 22
22 146
25 105
62 104
138 36
74 103
128 65
42 57
73 147
139 57
22 46
146 96
45 64
37 11
71 112
24 106
88 33
0 48
88 132
10 36
70 140
98 142
73 40
33 55
46 114
122 30
106 139
83 94
140 0
79 88
26 124
16 70
78 141
48 79
120 17
89 75
142 48
2 115
61 6
118 17
27 14
113 46
87 122
84 133
62 109
55 131
136 125
144 92
27 102
4 111
98 142
98 22
140 126
147 73
14 107
140 117
124 119
141 100
108 145
80 34
28 113
72 89
70 33
142 9
134 48
133 134
28 17
3 120
143 141
95 63
77 129
138 131
10 94
137 99
142 103
121 34
97 120
142 39
12 111
74 122
78 88
25 49
134 32
115 126
48 92
97 70
28 28
70 45
129 116
54 101
0 45
19 10
34 38
116 41
30 13
36 43
84 19
20 74
55 84
119 18
54 113
13 79
116 101
106 111
147 76
139 117
28 116
146 94
137 103
130 143
131 83
49 19
107 79
144 3
21 77
122 8
90 125
19 0
55 109
92 114
47 87
19 50
57 119
134 148
85 138
52 81
58 6
111 8
136 109
139 61
108 21
126 115
35 72
148 57
93 88
119 64
131 79
62 88
136 112
136 121
117 79
23 120
8 89
21 37
131 37
134 87
56 75
8 135
141 110
21 71
47 15
6 128
23 49
108 36
52 110
142 106
77 97
112 27
105 111
142 114
92 24
9 14
120 102
11 5
18 80
5 108
113 91
100 68
89 73
102 117
54 146
54 6
43 86
109 42
119 62
60 118
53 65
8 145
88 67
76 14
49 131
27 102
13 142
26 30
123 83
55 30
37 107
8 53
106 45
71 11
37 113
93 12
41 97
1 137
74 22
58 115
108 20
28 105
107 97
13 141
91 23
80 20
47 111
57 48
19 134
76 115
62 144
98 121
45 114
114 149
136 107
62 63
67 87
7 104
20 2
52 17
6 8
56 68
95 143
109 36
86 64
7 94
23 93
71 15
83 146
62 96
57 143
80 43
139 43
141 137
146 74
109 77
43 134
143 64
74 9
59 127
36 88
90 79
23 95
71 68
28 106
27 96
81 99
60 77
55 50
54 145
49 141
63 122
16 104
6 102
73 41
62 143
55 10
136 99
71 106
78 39
22 115
118 67
99 66
80 118
144 80
9 77
144 76
91 73
101 113
18 67
86 31
54 122
11 121
144 3
65 54
73 53
43 125
28 45
111 14
60 79
14 68
127 146
95 110
6 143
61 14
36 22
136 95
139 148
69 70
144 136
140 3
51 4
17 116
120 89
28 141
81 36
22 141
24 50
63 69
23 100
27 8
61 62
1 149
113 26
132 143
33 89
62 28
83 112
45 114
11 75
88 129
35 5
73 113
18 65
4 4
29 9
120 122
125 53
41 36
128 35
29 26
48 7
40 131
50 65
137 115
127 81
132 112
107 53
91 5
13 49
44 12
126 148
18 76
70 12
22 100
82 142
46 39
54 58
29 74
22 108
88 35
89 63
127 36
11 61
142 127
79 126
7 68
91 59
0 3
73 92
119 104
147 145
46 93
143 145
32 76
57 135
55 145
112 100
138 118
54 123
146 1
4 22
98 49
64 73
122 16
125 145
67 75
12 70
70 112
9 34
121 141
10 0
71 40
140 85
116 110
76 117
107 108
132 20
15 52
115 11
52 147
108 22
37 97
109 80
142 142
101 11
23 14
21 84
59 25
54 10
4 21
48 137
113 96
55 56
101 88
116 74
133 73
58 119
86 79
33 47
24 83
119 107
83 7
6 66
97 16
33 88
40 87
95 111
84 77
82 84
31 72
96 48
50 146
99 5
36 19
83 50
114 63
30 137
15 76
12 28
149 29
118 34
119 86
3 8
1 136
56 139
87 40
59 88
15 143
90 126
137 64
103 57
113 62
95 74
76 78
62 122
20 44
29 142
35 27
147 60
93 39
30 84
90 133
67 67
28 50
91 145
83 58
6 12
83 1
121 89
130 139
123 17
70 75
94 17
106 108
117 141
99 35
118 130
31 122
96 76
23 138
31 122
122 140
123 6
1 124
92 140
80 49
102 0
68 44
31 111
55 35
89 17
28 109
148 36
11 149
127 58
127 148
49 4
58 24
119 58
7 4
59 62
118 96
112 82
140 44
58 95
59 70
119 132
52 8
136 42
59 135
45 113
43 141
5 101
135 132
31 105
65 21
12 29
34 63
10 108
50 24
115 28
4 43
21 1
96 47
27 16
54 35
66 91
1 30
1 118
33 7
30 130
57 120
86 66
32 2
96 38
116 72
90 32
104 125
125 65
107 104
87 24
67 91
142 65
115 66
145 87
7 76
67 26
128 52
128 39
22 61
52 125
119 30
116 65
3 66
112 126
15 139
55 41
77 105
6 54
9 140
137 47
62 5
122 147
24 90
115 95
29 55
110 98
4 32
70 11
129 58
117 129
90 83
93 74
55 83
87 33
24 95
99 21
36 59
39 7
48 31
145 142
57 7
140 66
52 90
62 138
78 7
101 1
32 16
64 104
13 68
11 111
126 43
9 139
26 141
67 135
137 141
95 63
114 83
79 83
121 135
7 92
130 52
91 68
106 43
1 22
5 31
88 143
53 56
114 80
118 78
69 129
62 36
42 43
110 74
48 93
8 134
78 16
73 143
140 129
69 23
39 41
17 113
83 12
18 56
10 45
76 143
131 70
146 124
132 98
77 1
60 123
47 39
78 110
111 13
82 41
55 0
138 94
91 39
45 11
97 130
106 36
52 48
0 127
149 67
130 139
93 54
71 48
88 89
19 125
134 120
90 81
31 40
7 124
74 78
4 72
106 87
110 6
133 100
77 51
24 117
48 52
105 92
79 66
1 18
76 5
139 125
146 115
15 138
71 79
47 49
37 3
32 125
104 138
84 139
113 86
72 40
30 33
103 140
59 34
128 115
120 76
67 140
34 70
130 92
59 46
87 74
0 60
91 129
60 134
72 114
120 33
31 139
83 21
111 95
64 91
129 68
62 129
124 120
104 51
114 148
56 34
42 31
41 22
90 64
19 138
84 129
99 86
12 65
28 32
126 101
40 104
74 58
133 26
107 111
136 68
38 47
135 59
65 113
128 10
34 110
90 84
30 23
127 11
130 84
13 27
52 119
124 108
56 84
16 46
118 60
51 18
83 19
60 139
10 104
56 90
137 107
114 25
89 15
135 130
127 68
137 50
84 55
33 85
18 76
117 8
142 35
68 144
6 12
51 25
93 72
46 141
57 54
10 111
117 13
4 13
117 135
123 135
0 75
19 84
70 88
58 111
31 127
36 73
65 87
16 127
36 35
95 45
26 17
34 56
58 92
133 84
144 148
94 41
12 64
93 73
85 61
29 140
23 146
21 134
11 96
19 132
85 58
20 106
3 43
78 121
132 61
133 22
95 9
123 52
15 135
98 68
48 8
66 144
73 137
30 97
146 56
15 9
106 86
108 64
31 109
44 86
132 18
12 41
91 72
125 72
106 149
137 67
38 98
144 15
80 92
134 107
132 142
26 76
43 42
124 140
67 118
74 26
57 85
45 147
33 82
104 58
119 18
114 51
62 62
55 43
93 133
20 83
36 106
85 111
104 24
48 79
115 78
88 39
12 73
108 11
68 67
127 109
126 118
32 128
109 9
12 7
25 88
62 138
64 134
54 101
24 110
107 46
118 72
101 50
22 90
32 79
120 32
70 122
50 33
25 67
99 111
110 76
106 1
26 41
138 49
76 43
58 127
137 2
36 58
62 83
54 32
51 124
105 12
94 6
41 74
114 42
57 88
66 22
25 86
55 60
35 12
35 8
97 141
10 13
113 10
67 69
58 58
112 8
81 42
29 111
144 92
131 139
11 62
106 78
6 15
67 14
43 5
83 106
5 23
75 108
68 67
46 28
71 142
52 40
26 89
120 21
146 133
86 148
16 149
94 1
104 89
1 131
124 90
10 74
143 110
3 79
107 48
24 3
46 138
126 0
99 10
100 115
30 105
64 30
17 132
33 121
106 70
9 47
7 40
7 23
75 40
3 34
12 142
71 8
87 9
148 34
59 23
122 74
138 71
17 1
69 78
61 34
33 35
47 62
29 115
87 56
2 98
60 99
37 8
56 146
25 137
100 40
111 133
117 135
18 59
135 142
21 90
133 50
20 4
6 64
121 120
82 77
41 115
62 65
67 1
13 14
40 132
4 35
45 1
76 37
114 35
130 25
13 107
141 61
7 99
119 54
104 37
21 115
112 41
91 15
127 72
87 105
17 66
95 33
8 62
91 139
43 66
24 98
19 62
133 40
149 123
143 79
40 58
82 8
51 145
92 13
93 36
39 11
78 37
119 56
22 7
96 137
116 85
135 88
18 127
41 70
79 10
50 132
58 113
44 59
90 59
32 55
111 56
131 1
133 81
117 76
126 52
28 139
131 46
18 131
35 73
145 93
23 73
88 120
92 44
80 23
92 107
79 104
130 39
148 69
6 101
142 145
149 82
130 116
112 80
30 59
110 62
139 12
131 123
105 14
149 133
75 43
45 118
21 115
3 6
19 145
101 141
73 111
19 133
123 38
100 23
18 123
99 9
103 18
48 105
108 46
91 125
17 118
126 59
72 71
18 43
90 110
124 4
125 44
88 89
51 1
8 23
68 129
111 84
143 53
1 10
131 135
135 21
4 66
132 127
24 99
149 98
135 115
80 108
84 27
138 144
56 70
19 7
17 76
65 95
77 100
8 105
60 68
19 99
117 73
41 94
78 56
2 120
138 31
79 85
79 37
6 141
10 66
13 135
11 53
117 111
56 98
20 63
111 78
119 37
140 132
138 117
76 47
86 34
11 64
66 95
106 47
113 137
110 22
138 64
75 133
119 143
61 30
87 109
65 122
86 102
54 98
135 47
102 105
145 62
87 36
10 71
91 89
64 69
141 50
61 97
121 79
75 146
45 82
15 132
117 132
29 36
136 80
64 131
146 76
144 91
66 16
0 43
46 94
118 29
129 68
11 5
137 80
133 109
42 101
2 138
80 140
72 70
47 69
83 78
46 31
51 57
73 139
31 51
73 76
131 65
4 41
145 115
36 87
117 89
147 148
58 130
8 136
29 98
32 55
91 110
18 4
51 62
11 77
61 17
8 77
135 105
1 37
34 123
61 68
9 85
32 52
123 149
89 113
104 48
88 31
58 116
25 2
63 6
94 115
111 8
142 72
59 2
103 88
21 8
118 37
34 50
80 105
46 40
117 85
71 79
88 131
94 110
54 124
135 94
97 78
127 40
81 14
90 147
29 131
82 23
13 86
76 33
6 61
76 143
1 85
53 24
107 139
11 45
128 81
89 102
63 91
67 39
64 28
30 22
88 116
93 55
105 61
85 139
113 18
19 14
78 66
73 56
142 135
5 132
101 147
71 12
62 7
120 104
29 101
26 86
41 65
51 112
141 35
97 131
66 66
59 64
70 104
86 7
121 25
94 17
140 91
20 135
138 81
121 16
60 108
142 108
59 99
127 140
90 10
147 110
52 3
130 33
106 33
18 32
80 21
135 93
86 125
72 34
9 146
47 100
117 9
39 3
146 40
40 138
94 63
82 72
67 43
75 68
30 27
73 101
48 31
9 13
100 102
7 111
23 74
88 67
26 32
112 113
131 102
10 101
123 36
60 0
123 36
24 14
40 30
19 39
114 26
50 35
132 81
117 18
54 18
143 43
20 80
50 79
26 94
29 37
72 47
72 92
28 105
53 10
37 135
137 116
69 132
55 47
59 89
3 71
126 12
106 89
122 94
98 110
65 141
56 38
67 6
131 44
5 59
7 21
39 130
33 64
72 131
68 143
102 85
118 28
105 85
96 28
133 113
86 124
127 41
93 40
97 27
11 62
107 145
59 29
39 2
135 28
148 84
127 9
147 124
139 9
140 84
47 87
103 114
7 116
147 120
148 33
133 102
21 107
54 130
51 61
129 114
110 74
30 11
148 48
110 68
61 110
33 91
35 88
101 117
133 132
105 4
143 55
74 93
76 68
76 10
0 17
56 80
72 65
45 50
97 62
34 110
11 98
63 52
92 49
66 40
143 136
42 39
22 136
8 15
87 25
127 12
70 48
28 115
123 43
115 70
110 55
108 149
30 71
135 35
76 98
80 133
46 40
22 73
58 74
115 103
66 101
20 31
3 20
90 21
57 146
120 91
15 29
128 29
48 135
36 142
97 62
71 119
86 29
52 114
3 3
106 104
115 149
110 84
129 28
55 121
112 43
10 136
21 79
95 43
32 143
77 83
53 111
16 88
7 14
139 94
95 15
27 20
46 89
5 138
133 90
67 109
11 11
109 92
134 143
120 139
11 129
139 89
31 51
130 54
134 113
18 79
109 65
2 43
98 56
113 118
81 111
29 88
84 51
88 15
75 85
45 32
47 120
18 130
83 11
132 52
56 1
103 88
96 103
119 84
18 127
81 105
142 138
15 92
66 30
77 9
64 63
134 60
80 32
43 110
71 74
128 92
41 70
145 15
35 55
78 20
16 134
49 58
6 56
74 56
27 119
14 3
144 94
75 108
99 141
18 21
77 42
122 147
82 126
32 27
140 75
132 111
8 21
24 5
122 105
65 56
46 61
143 0
79 148
77 22
102 63
91 125
141 92
38 98
147 108
9 90
129 62
109 36
69 113
147 90
14 136
97 8
139 49
131 39
2 68
60 14
74 98
102 105
39 108
72 5
71 132
34 78
108 58
6 45
117 39
94 13
64 106
69 32
134 59
81 74
75 99
15 65
30 148
31 145
138 0
97 40
45 94
50 63
77 2
101 108
114 44
93 65
94 122
75 73
79 18
68 116
16 37
35 10
5 92
70 73
89 130
115 19
10 48
115 142
9 74
4 20
143 22
139 138
108 54
51 141
79 34
110 139
51 96
21 105
37 121
12 82
70 124
61 124
116 49
111 94
106 121
85 23
109 115
101 116
127 132
5 119
66 129
23 86
122 141
4 38
53 58
131 72
27 1
115 139
82 102
71 102
142 90
43 10
144 136
103 81
135 15
73 84
17 25
146 12
110 145
98 77
5 125
32 103
49 72
81 102
139 141
51 130
116 13
5 137
127 29
11 4
7 4
83 36
49 148
2 49
8 96
48 102
123 90
107 8
62 135
98 13
104 90
108 87
83 15
26 133
4 42
28 66
111 44
30 33
82 33
130 100
128 66
119 60
67 14
129 41
9 53
27 21
127 88
75 46
55 91
107 148
144 141
121 63
13 36
147 72
60 55
46 124
122 140
145 34
25 104
82 120
135 114
61 121
54 21
17 107
76 28
135 141
128 21
149 73
61 89
53 29
59 44
91 60
13 0
24 72
98 64
49 9
2 131
120 140
29 115
9 112
88 111
100 34
48 71
93 115
55 17
27 34
72 1
72 40
137 139
1 130
103 36
3 71
72 93
57 124
38 2
55 88
55 39
29 90
95 33
16 82
29 146
101 79
38 30
98 10
13 114
37 67
138 0
70 53
114 39
62 127
96 86
127 119
147 40
108 95
120 139
46 88
71 77
105 121
71 32
40 53
125 39
42 57
81 95
143 128
20 139
112 112
50 10
55 78
6 142
48 13
7 132
126 59
76 7
5 79
104 5
109 78
39 109
25 2
11 126
39 86
44 59
135 0
126 118
125 49
116 29
137 67
106 62
88 44
12 144
58 55
39 141
41 124
130 139
17 33
102 125
132 144
130 112
118 39
141 115
112 14
90 12
149 34
49 121
134 96
41 114
100 4
53 143
24 42
13 130
77 24
102 111
76 8
7 78
3 1
64 2
71 34
128 87
46 103
98 121
34 23
96 147
35 88
109 80
143 86
48 129
52 109
123 18
86 4
63 87
41 111
129 100
126 113
135 66
77 139
23 128
61 32
0 36
89 59
121 96
77 90
89 42
22 68
148 57
20 95
38 95
120 69
80 110
54 123
38 56
4 79
94 70
56 147
123 74
133 109
149 113
42 106
121 114
125 110
129 122
39 91
94 48
108 83
82 54
91 138
50 123
39 40
98 138
138 83
107 62
53 100
16 149
9 92
79 58
45 42
132 122
10 108
132 23
110 124
114 95
124 133
141 82
34 0
105 52
103 46
36 118
132 36
25 59
33 85
121 2
116 120
81 76
78 30
11 34
133 144
139 82
117 22
39 58
46 29
48 79
133 100
94 54
60 135
134 70
16 64
23 83
48 43
90 104
82 48
61 113
107 74
44 17
43 4
2 98
109 102
81 87
27 57
125 137
149 46
63 31
36 2
12 40
122 83
38 59
64 139
35 14
45 27
115 103
59 95
116 44
100 10
103 137
84 75
8 8
42 70
12 2
26 26
87 15
111 67
15 38
145 57
122 21
2 19
131 142
16 138
33 27
25 65
107 71
15 90
128 117
89 147
27 8
134 49
47 40
113 139
81 127
145 135
77 10
66 142
33 113
24 83
79 147
52 3
56 148
82 74
92 129
5 122
70 120
7 27
124 6
75 53
50 16
26 6
101 40
60 55
129 42
116 116
124 85
35 15
59 108
33 93
60 32
109 139
109 67
15 70
104 70
138 99
85 83
34 131
88 9
126 141
51 45
41 138
64 82
133 50
0 94
3 88
4 123
137 131
144 57
118 88
140 5
125 120
51 93
50 117
50 37
87 49
2 90
111 148
85 92
149 2
136 122
122 8
145 112
15 1
129 47
117 118
149 7
62 120
36 122
122 27
33 49
52 85
64 118
125 76
12 5
147 142
70 139
122 46
3 21
31 124
120 66
102 40
46 69
70 68
52 31
66 10
48 146
56 146
69 66
123 68
49 118
75 139
19 18
6 115
48 73
34 41
12 2
66 47
87 58
28 7
122 63
103 46
96 1
62 122
92 18
63 13
16 49
138 148
38 45
96 143
84 93
49 88
6 17
30 15
144 40
76 99
122 78
121 7
129 48
106 72
95 146
113 31
27 66
32 38
82 18
25 139
14 70
90 124
46 26
55 134
119 30
118 1
64 95
53 30
62 58
42 72
142 58
29 51
61 55
18 44
130 143
109 79
52 145
60 59
92 87
108 145
50 71
94 98
54 19
55 143
13 132
85 107
84 14
24 55
44 39
38 98
131 84
11 47
116 47
71 76
120 92
61 52
44 1
137 115
52 51
147 17
144 28
110 57
65 124
137 143
75 127
9 51
120 127
52 136
77 73
94 35
68 111
16 49
78 109
33 71
90 133
141 56
13 121
78 99
107 124
75 61
53 1
125 96
1 144
68 56
122 34
19 20
26 110
91 20
82 26
35 0
40 135
18 1
113 87
90 93
55 16
59 79
81 56
141 20
10 73
90 134
101 109
129 112
31 60
126 122
19 123
65 18
106 100
90 7
134 89
105 127
111 65
59 148
85 100
2 52
10 91
51 64
48 62
51 78
5 138
145 122
111 45
122 35
63 17
50 17
56 2
6 70
61 137
51 112
16 7
18 103
13 87
83 6
38 62
19 19
92 24
108 102
97 123
81 38
97 105
118 141
95 93
101 29
35 98
19 64
147 98
47 79
92 96
56 39
110 48
3 91
12 46
82 69
120 11
1 94
32 95
5 48
84 114
19 56
123 57
88 71
137 27
79 90
90 137
65 86
97 25
15 1
20 10
82 72
73 136
122 35
119 129
131 118
136 109
148 29
85 90
21 97
127 35
43 129
127 88
125 6
107 73
100 39
145 122
63 26
8 133
122 6
28 88
132 108
112 41
109 12
65 22
114 122
87 34
36 96
51 13
80 16
21 125
113 75
91 4
62 98
72 132
57 24
10 46
16 32
134 131
56 17
144 19
88 5
24 98
43 27
42 11
100 7
83 69
67 100
143 39
53 73
133 34
137 75
115 77
144 52
52 40
32 111
13 63
132 99
72 108
44 90
118 89
143 4
137 28
86 61
12 86
83 71
88 146
16 111
26 130
35 109
136 22
41 144
30 134
105 132
125 60
78 62
99 56
117 40
19 10
17 77
52 106
42 123
55 76
0 15
58 106
88 101
45 4
27 101
113 6
124 134
114 132
131 115
147 31
81 57
52 119
120 27
141 104
146 129
8 128
46 62
25 88
96 68
117 46
143 114
124 148
37 53
119 27
79 138
28 23
38 0
134 73
91 35
92 3
36 25
40 90
33 115
62 70
45 17
79 137
97 103
77 45
101 107
118 12
1 85
76 103
44 84
17 27
61 148
112 134
92 37
18 95
38 94
53 22
140 114
49 91
148 40
37 86
63 130
108 145
9 110
22 121
104 19
13 115
23 101
126 127
79 98
87 128
12 68
86 131
141 33
23 23
6 123
88 3
38 33
120 61
117 73
113 130
101 71
111 33
111 13
78 146
70 81
122 124
41 11
90 5
81 59
76 121
124 39
102 59
91 130
11 127
45 57
106 72
74 63
52 58
14 52
10 30
126 34
101 67
71 97
144 12
75 42
61 104
1 111
71 38
106 105
26 3
106 131
108 124
10 118
119 119
142 37
14 52
29 82
96 146
81 13
27 76
5 77
47 0
79 92
119 36
35 18
54 144
27 122
5 9
30 72
105 88
27 28
110 111
145 131
136 28
50 11
50 126
137 148
25 43
46 2
112 146
83 108
62 1
69 56
99 119
45 121
79 27
8 47
34 55
108 138
123 67
133 30
117 136
55 86
63 102
120 85
128 94
74 127
68 123
9 116
146 130
10 139
136 102
28 80
122 101
145 120
97 123
68 21
93 41
19 57
112 81
73 10
16 48
30 132
25 81
57 56
10 145
133 141
46 139
51 98
123 116
61 122
50 141
21 83
32 33
85 97
61 66
79 72
15 22
131 33
14 102
57 100
86 33
133 35
87 82
83 148
7 100
139 17
100 112
55 131
123 80
143 130
49 34
141 89
84 59
87 107
4 33
133 118
80 44
21 27
19 112
24 148
109 133
135 110
73 36
116 23
99 135
47 39
2 108
60 124
120 6
41 30
136 110
133 49
64 16
71 5
136 37
84 25
86 56
90 119
77 37
97 10
55 56
33 40
148 149
145 88
72 142
88 11
147 48
81 54
11 22
6 129
72 21
10 134
75 16
61 2
55 25
108 128
107 95
48 15
84 84
32 31
90 18
6 75
95 16
34 32
128 145
32 61
81 59
64 88
121 28
89 45
113 114
16 57
120 62
18 118
6 51
111 45
113 93
70 87
131 95
76 133
53 72
8 17
2 121
25 73
89 36
129 29
131 52
10 103
56 117
119 119
30 96
88 84
126 29
112 59
53 78
6 25
21 128
3 132
35 36
143 12
41 21
85 67
1 69
76 137
89 92
16 17
0 32
38 95
95 63
117 147
117 36
135 52
78 134
30 41
16 116
98 65
28 7
31 148
102 0
33 98
85 133
73 49
37 82
135 72
100 140
121 81
40 38
133 33
132 64
82 149
19 30
83 68
116 23
40 65
16 96
97 105
48 30
5 133
143 62
104 53
28 115
81 83
18 55
39 99
24 72
73 19
78 145
99 10
81 48
86 36
58 67
45 57
46 122
63 30
89 43
54 34
68 121
85 24
146 84
2 129
139 143
128 136
12 136
44 3
77 130
22 73
15 42
49 87
120 138
119 67
146 123
58 18
144 66
70 17
84 137
94 143
72 108
61 113
5 22
14 124
97 82
141 126
37 103
132 83
15 55
0 32
30 40
131 21
86 102
65 40
123 53
95 21
113 36
114 34
75 115
32 1
97 109
3 28
22 21
105 131
54 96
117 77
25 51
8 131
126 40
48 5
91 122
127 75
0 105
15 149
68 44
69 149
73 33
34 47
77 91
27 131
109 19
53 17
64 148
87 30
27 95
65 53
135 141
138 32
27 49
46 130
117 34
42 86
14 67
105 66
114 34
11 51
76 16
98 92
60 123
35 3
62 118
37 103
54 109
60 75
37 7
145 149
127 114
38 33
79 48
82 39
123 46
36 60
24 16
88 7
71 126
102 130
102 118
97 5
130 27
129 120
34 80
147 140
125 72
143 0
89 71
0 52
30 122
137 60
143 3
44 71
77 114
53 51
69 88
47 44
70 91
2 146
54 3
109 134
59 106
143 68
71 48
24 131
126 16
143 15
75 88
9 149
107 82
28 3
63 147
46 23
18 140
68 117
105 44
80 67
26 105
65 109
3 89
58 146
71 13
54 15
140 112
128 94
106 141
9 58
83 20
54 66
138 36
85 71
147 101
18 89
84 118
2 42
24 143
87 21
121 116
106 35
119 92
59 131
117 40
134 144
142 130
118 133
82 33
53 46
110 55
113 133
63 37
26 61
77 73
101 115
126 25
114 128
22 116
62 13
72 72
8 39
138 31
18 83
53 78
100 54
11 61
69 120
19 90
54 90
88 133
93 38
107 111
45 4
110 38
139 124
49 108
40 71
41 6
117 109
135 5
82 9
35 73
57 137
139 58
48 49
105 36
96 82
87 56
47 0
61 53
53 38
65 93
21 2
69 83
47 68
122 128
100 67
60 5
104 140
119 9
130 119
133 73
134 76
21 120
137 81
79 94
90 141
60 97
121 27
3 49
6 77
60 56
132 133
24 131
6 12
39 99
24 57
84 47
110 11
32 82
5 8
101 53
108 103
42 53
55 81
72 31
74 50
71 20
54 1
56 110
99 104
70 61
53 66
24 22
120 26
11 54
7 51
111 67
131 56
107 6
13 80
15 66
4 49
91 84
65 17
31 38
19 116
73 111
114 13
111 47
121 8
32 107
11 118
149 49
0 110
86 42
131 138
121 122
135 58
113 119
102 45
139 41
35 111
69 26
37 103
12 77
74 83
142 148
134 140
78 125
25 149
113 11
57 86
55 12
141 139
6 14
90 125
81 72
57 19
111 9
124 4
97 111
16 9
116 123
74 24
6 73
12 120
111 138
41 41
0 8
100 8
73 74
141 27
95 55
59 112
51 142
97 133
34 128
34 43
119 123
59 144
11 119
83 34
31 118
39 122
59 99
108 129
132 18
146 123
98 98
84 51
14 30
17 123
128 97
37 13
12 57
68 129
62 147
70 134
129 89
87 48
46 27
6 123
105 43
102 119
122 79
21 134
82 7
109 110
27 63
141 41
99 14
49 140
30 19
146 76
41 134
18 89
146 51
136 43
126 116
139 74
20 82
104 110
144 134
97 31
114 60
100 12
63 56
29 114
103 84
137 127
57 70
71 71
131 32
111 139
7 3
10 95
135 26
79 14
96 1
93 103
118 92
106 128
115 137
122 142
121 148
141 87
144 84
71 35
125 133
88 108
21 124
29 96
19 84
101 6
79 88
65 55
31 36
16 129
115 22
56 39
142 59
14 14
31 37
99 91
106 94
36 76
119 127
32 130
70 42
123 31
3 1
56 60
71 130
39 53
140 50
27 116
49 103
144 123
16 36
116 6
96 28
134 106
36 78
0 46
129 96
93 77
17 103
57 37
53 49
51 59
63 10
143 29
2 144
65 38
148 59
24 131
114 118
12 131
142 139
97 118
111 109
39 100
39 45
12 48
116 12
87 128
18 32
122 26
55 31
44 89
2 17
145 38
143 83
145 66
31 103
106 14
35 139
128 72
147 21
24 146
30 17
80 51
0 33
113 107
87 9
33 29
45 44
133 140
33 124
4 134
86 137
21 40
140 120
83 92
42 87
69 33
29 58
2 131
104 83
126 88
84 120
42 77
54 97
40 37
75 96
138 68
148 116
104 145
87 46
52 102
22 37
34 148
71 12
22 28
24 144
91 44
49 48
77 127
64 78
8 102
24 127
103 69
7 11
50 27
90 77
18 42
121 139
5 39
129 114
85 86
129 134
124 145
59 91
85 89
130 96
3 98
119 47
139 23
122 78
7 130
90 90
145 60
99 105
93 114
61 13
80 42
27 57
62 41
132 129
61 14
78 103
18 122
105 26
55 89
95 95
102 124
52 141
50 70
85 73
110 106
77 127
29 24
42 126
107 92
88 0
31 39
77 116
42 91
2 104
7 124
71 48
131 96
8 125
36 45
19 51
50 122
100 109
84 79
9 33
35 83
52 143
143 65
6 67
15 88
30 2
94 4
83 31
24 100
17 62
140 45
127 55
99 3
88 70
100 104
99 33
13 63
18 91
14 8
73 68
126 111
27 83
95 10
67 50
62 72
14 99
62 17
8 20
22 94
149 107
56 102
119 143
14 28
23 141
125 4
60 54
33 107
48 86
115 81
48 32
110 107
134 78
77 98
132 16
110 83
9 94
141 27
23 67
73 86
39 60
74 149
88 131
42 22
56 1
68 84
63 103
69 116
99 65
66 47
116 13
3 131
95 109
140 57
63 17
52 142
3 36
26 57
20 114
111 109
92 126
109 134
34 117
119 146
105 31
91 136
123 113
4 90
39 18
114 97
70 59
2 32
38 90
67 83
144 61
136 134
89 132
55 110
128 36
148 22
14 22
54 67
138 115
67 104
14 5
67 123
4 108
51 105
18 10
78 97
99 84
3 75
27 107
79 131
144 17
129 96
140 118
132 26
38 70
125 76
8 45
103 3
107 8
62 57
140 17
82 146
48 115
33 52
8 37
115 44
24 85
144 111
76 120
32 86
104 12
65 146
63 88
5 0
28 128
105 105
60 98
12 94
13 70
2 83
144 42
47 0
90 98
130 120
79 128
62 11
11 91
55 123
120 26
18 7
149 126
117 80
100 0
69 87
66 41
133 139
21 72
65 43
138 13
149 14
56 92
82 99
41 87
112 0
48 61
39 97
74 31
30 99
96 6
107 57
26 130
25 90
84 99
93 46
44 58
94 52
140 79
17 65
48 73
46 145
74 60
9 138
95 39
113 70
91 94
104 14
145 7
106 120
111 51
87 36
65 112
8 18
137 4
56 35
11 110
9 145
19 64
41 143
32 107
101 141
64 38
55 140
61 149
81 8
103 139
42 79
24 119
145 121
136 145
53 50
130 105
125 109
1 29
5 140
130 46
133 137
3 86
149 124
37 66
94 78
42 54
113 78
69 74
47 120
130 54
134 143
32 59
45 41
147 144
144 34
34 92
141 149
57 78
20 26
132 96
66 80
130 107
119 128
125 99
3 20
111 149
2 30
140 68
44 26
141 8
128 96
147 74
94 93
67 52
43 72
85 14
3 132
56 109
129 85
5 138
48 52
118 89
112 94
60 6
62 34
107 119
135 105
114 112
48 146
124 132
77 110
10 40
43 123
109 102
122 53
20 62
105 95
80 100
59 90
38 18
45 146
124 14
146 143
60 108
2 109
44 64
36 139
87 16
101 14
28 6
22 60
125 0
146 33
28 124
61 107
102 23
76 67
132 107
87 31
59 56
119 56
51 103
145 85
106 132
110 5
31 66
148 67
99 77
46 46
55 108
122 34
26 114
68 68
50 98
133 35
98 5
66 80
65 145
68 74
149 141
79 48
10 61
14 120
85 120
99 131
82 42
83 0
86 127
138 43
57 132
41 94
113 98
93 104
101 16
93 51
25 139
106 59
83 119
12 66
72 96
11 129
146 27
91 99
47 23
1 146
55 106
143 121
79 70
57 80
22 145
75 82
113 42
101 4
13 103
102 15
140 131
14 145
118 73
39 48
95 149
74 100
18 149
9 38
121 103
73 10
19 142
38 124
114 113
70 117
1 78
72 108
35 143
40 36
76 23
137 102
141 70
4 115
111 138
113 52
39 116
88 30
127 115
66 132
118 33
88 102
130 35
84 146
94 9
27 59
84 115
126 28
121 119
102 75
46 46
86 129
147 117
131 126
106 44
73 17
0 130
112 122
142 37
108 111
117 149
119 126
68 148
16 112
97 108
117 115
6 39
28 52
56 149
0 133
75 38
58 146
63 51
62 1
25 11
33 86
5 52
13 30
111 137
49 4
90 80
49 81
128 149
79 5
97 102
102 125
148 25
106 67
35 12
42 78
76 27
77 59
69 110
125 5
7 3
39 72
62 61
51 73
116 5
19 46
17 88
121 147
13 138
2 74
119 0
92 59
99 62
1 99
85 118
15 14
42 16
56 31
109 49
99 144
100 129
73 69
58 38
144 61
75 60
127 48
121 113
21 120
58 39
103 138
122 4
100 94
116 85
138 65
126 69
1 116
77 106
120 77
97 119
103 142
68 146
26 40
131 55
7 86
80 131
146 48
147 23
121 143
145 50
89 88
149 65
30 31
46 72
136 92
37 114
133 12
53 87
138 18
107 88
111 36
49 106
46 98
146 23
98 148
85 61
104 123
133 113
13 93
147 111
37 126
63 65
71 66
32 67
37 122
49 19
104 115
17 33
127 32
10 96
116 118
131 131
141 142
70 127
32 140
137 85
14 86
121 110
115 101
9 36
22 145
91 82
118 66
94 76
121 63
128 122
47 14
84 28
65 89
62 80
42 42
46 129
91 21
74 39
117 12
60 38
100 46
116 54
78 14
88 0
98 37
45 55
49 112
147 144
54 88
43 58
8 120
77 38
45 48
112 108
138 5
138 32
89 6
144 88
78 57
15 142
33 6
67 129
38 67
97 146
120 30
90 31
144 140
133 60
89 115
44 141
2 4
75 32
48 1
37 102
27 79
129 122
20 85
59 97
109 104
86 86
113 127
63 23
148 82
69 63
137 129
6 29
85 54
104 94
53 77
45 105
45 122
119 34
100 146
106 123
130 124
89 121
44 37
39 66
135 71
11 2
31 140
4 47
29 40
124 30
126 68
56 59
125 65
75 140
6 25
65 39
82 45
76 75
111 131
99 51
141 93
30 147
84 123
94 14
145 102
63 32
112 43
48 149
21 48
6 71
148 88
54 45
33 137
17 102
93 69
119 98
37 130
138 39
139 127
57 115
83 97
106 111
29 23
131 21
23 139
59 113
1 100
122 95
112 62
97 141
47 113
111 33
67 105
74 134
1 22
121 69
146 111
32 36
7 125
146 3
102 84
93 8
108 38
62 54
81 61
60 130
124 122
127 98
149 58
79 81
18 84
108 135
125 120
51 139
16 12
102 78
55 132
129 25
110 52
36 43
69 74
109 8
20 103
8 64
70 78
71 13
60 114
130 125
133 104
9 103
59 124
72 139
31 90
145 135
134 57
42 43
80 77
141 39
48 110
14 67
120 139
145 128
9 23
143 82
84 91
0 130
127 94
121 81
103 29
79 76
75 133
74 59
30 95
79 68
25 112
1 118
121 129
24 58
57 64
28 52
74 8
74 138
140 47
97 61
28 125
61 98
145 22
114 86
98 55
126 86
52 133
68 145
141 126
34 119
116 83
117 119
117 110
65 110
111 52
140 127
109 78
107 2
115 136
89 16
142 132
131 111
113 136
70 17
35 75
83 71
131 71
134 97
44 111
78 62
47 144
97 120
114 33
103 98
87 88
73 124
20 2
79 134
96 71
75 135
127 46
5 62
137 72
136 25
131 12
59 7
6 146
114 116
118 129
45 147
71 148
101 98
53 82
76 33
81 143
61 29
11 19
125 39
1 113
113 73
8 127
64 83
124 91
99 39
12 81
21 111
131 66
59 101
29 47
46 104
71 46
2 22
127 6
102 85
132 85
73 86
35 0
109 19
79 103
132 104
16 18
57 0
146 110
122 50
64 54
143 76
139 23
11 83
123 0
27 135
71 76
11 93
42 105
11 105
81 109
118 47
96 144
39 129
94 106
60 110
144 113
32 109
30 108
127 0
14 88
56 59
112 121
22 136
44 7
41 114
50 116
46 59
41 88
21 19
83 129
104 113
107 72
59 32
136 0
119 138
141 49
44 62
79 123
145 45
63 15
28 107
116 42
8 128
32 88
27 3
107 18
132 109
105 96
23 21
90 1
140 120
63 131
9 83
55 70
117 100
104 149
29 117
66 82
72 140
19 77
22 134
87 88
133 88
66 148
141 58
115 133
5 26
94 117
7 71
11 64
126 48
60 143
70 149
45 93
98 95
97 101
31 21
2 78
97 135
8 29
142 136
144 114
32 6
51 119
31 52
9 77
29 7
95 70
127 6
31 142
80 39
143 96
92 130
105 138
23 40
88 118
122 103
86 53
68 36
109 88
49 146
18 137
148 70
14 134
1 83
50 94
47 105
99 20
139 79
97 31
134 91
53 131
60 63
108 130
31 137
83 132
80 9
122 15
56 63
128 105
47 96
13 110
112 34
13 148
134 129
28 101
90 110
24 146
60 45
131 139
99 26
97 40
83 15
107 87
94 123
129 84
73 112
127 7
129 72
121 79
73 60
92 148
26 61
91 125
14 69
141 102
12 9
12 32
22 99
7 139
107 110
83 119
145 95
89 107
83 136
19 101
25 82
91 12
46 1
46 25
109 124
95 64
70 60
23 45
85 100
142 144
7 94
137 107
107 59
32 128
15 33
87 63
142 63
149 105
119 114
134 5
22 84
115 18
112 88
133 75
29 132
63 11
107 104
76 147
70 138
73 135
48 113
100 94
17 126
51 62
14 100
40 59
141 55
125 110
20 118
111 120
50 110
50 119
12 29
137 92
43 120
29 17
83 138
46 112
82 124
92 70
12 103
59 48
94 59
37 110
111 148
101 94
101 124
52 86
78 120
109 55
75 53
93 133
46 94
110 24
5 1
91 87
19 44
70 37
29 94
102 125
67 103
72 119
100 103
93 86
98 90
144 8
47 143
56 140
126 25
14 110
8 29
85 82
127 92
139 102
118 2
136 52
119 16
93 139
142 142
0 23
41 61
19 10
83 40
101 140
77 70
103 54
86 8
46 106
45 42
74 148
122 10
145 131
82 126
149 54
139 131
102 9
23 69
96 6
38 43
8 117
49 20
103 15
131 0
30 8
85 7
134 86
144 77
99 21
55 6
124 79
81 54
88 21
29 2
146 37
95 9
82 115
24 148
14 118
72 137
134 40
135 142
27 33
140 79
28 125
48 76
68 118
60 104
86 34
104 143
58 81
14 36
2 11
113 50
75 57
142 132
32 141
102 54
24 77
54 102
124 48
145 131
139 49
32 127
42 89
89 8
113 9
40 29
3 85
37 95
14 35
95 122
68 30
86 73
67 136
83 137
87 17
23 29
92 71
119 147
13 54
127 139
7 48
49 97
50 62
118 108
88 100
111 42
78 114
19 61
107 95
102 57
79 138
93 34
31 7
30 136
145 45
120 128
114 131
54 138
45 131
96 118
13 63
107 120
145 33
114 39
27 8
129 68
34 144
25 52
71 94
111 83
80 60
10 121
61 74
31 54
3 149
43 123
128 72
45 114
92 107
131 56
116 20
27 113
41 70
95 73
125 45
39 52
36 28
107 52
28 125
4 141
24 149
135 101
111 97
121 33
126 19
32 19
6 85
135 77
103 43
35 36
19 130
1 139
86 38
14 19
52 92
27 110
29 86
81 111
94 88
28 109
5 11
28 139
28 50
122 42
141 12
53 104
130 75
98 106
135 99
57 54
124 23
133 108
4 128
3 74
10 82
52 76
17 137
30 6
92 83
92 143
61 10
141 119
121 53
128 118
52 133
113 146
34 5
89 50
121 21
134 57
51 41
71 146
38 20
135 109
31 110
1 80
39 107
62 78
56 99
56 0
53 89
32 115
70 147
137 76
60 102
141 94
46 131
25 60
19 55
45 46
129 17
116 110
119 96
134 30
31 48
107 79
36 126
87 79
59 73
132 8
72 97
90 44
70 133
13 0
1 101
109 81
22 22
126 64
24 52
104 113
63 80
12 104
20 70
65 92
10 76
71 8
94 142
119 9
20 143
50 33
128 90
73 53
101 34
38 1
132 107
73 92
118 129
91 111
96 80
137 104
127 82
102 57
135 11
11 83
95 62
118 68
102 141
7 36
8 109
73 79
65 94
2 18
129 46
37 87
2 64
57 77
148 55
132 95
10 87
141 25
11 128
148 42
55 138
94 91
64 122
124 18
96 113
130 83
3 95
78 3
65 20
9 59
92 137
61 78
148 76
92 77
96 21
86 147
96 137
6 125
48 21
118 122
75 142
111 130
118 123
64 48
89 28
48 144
3 72
134 41
106 137
60 67
40 88
75 11
15 51
112 78
62 78
128 128
130 10
140 41
53 137
143 35
33 112
115 145
57 30
59 99
94 84
90 78
81 117
55 30
18 59
62 55
52 62
120 69
115 52
89 105
60 119
32 133
87 117
127 43
64 85
129 51
11 95
74 54
97 34
112 136
96 101
149 71
74 30
74 95
142 81
115 71
46 63
138 1
88 74
81 39
76 141
37 143
13 137
22 95
89 122
12 1
83 79
67 70
133 128
115 94
102 128
86 46
98 52
16 30
123 124
52 70
149 109
136 119
47 20
20 16
8 17
2 25
102 34
7 111
1 2
106 129
108 97
139 10
16 71
59 86
129 26
137 113
48 75
133 35
41 148
135 107
13 83
68 16
50 133
52 14
132 149
113 12
29 79
10 128
83 114
16 31
111 58
58 94
79 50
81 48
142 97
58 10
31 124
77 145
79 140
59 133
137 55
83 39
145 89
66 146
124 40
76 64
120 20
100 70
101 97
39 26
66 130
13 116
109 59
25 119
9 69
116 41
64 47
121 18
113 42
4 74
98 119
35 98
141 99
93 74
134 141
108 132
38 13
79 85
60 14
29 6
80 110
99 18
120 70
114 142
70 72
16 102
55 125
109 148
85 98
79 111
77 89
114 33
31 59
138 87
145 21
48 33
48 130
7 41
45 114
3 83
45 105
7 78
20 123
108 25
6 132
29 4
82 45
97 12
6 0
60 32
142 124
111 19
73 143
105 89
42 118
53 84
35 98
95 53
51 145
13 41
117 19
90 143
136 121
120 76
114 78
95 128
104 121
123 52
125 22
132 128
6 102
114 103
16 26
1 59
9 14
102 131
27 86
119 145
43 127
62 109
57 84
116 85
67 68
72 85
65 51
87 92
16 146
11 2
27 16
39 53
8 61
10 1
90 81
134 63
117 95
9 145
147 65
75 60
144 25
59 22
9 44
65 34
124 33
3 134
102 103
13 129
6 106
93 135
21 64
126 47
25 99
148 48
79 21
119 103
89 119
126 50
42 142
60 87
36 18
141 86
7 89
46 33
55 56
107 25
94 0
78 20
121 110
1 58
108 39
90 90
63 26
130 99
29 4
135 97
121 125
16 68
7 6
120 86
136 130
120 17
67 17
31 45
51 2
138 72
33 145
101 63
44 76
133 112
38 107
114 117
51 128
81 51
146 78
128 53
143 26
149 96
23 134
81 89
137 85
41 136
44 144
73 119
44 1
133 66
41 106
38 135
82 90
72 57
149 11
70 109
45 99
140 51
132 76
87 22
130 60
90 135
100 77
52 62
138 11
56 15
71 114
60 139
117 66
70 70
127 119
110 21
88 135
65 101
14 31
48 124
110 95
88 142
92 116
32 99
109 40
79 10
121 69
148 46
78 23
71 60
26 33
143 67
52 59
90 120
144 149
85 0
40 21
98 58
127 54
9 74
138 17
94 70
135 146
131 80
82 56
75 49
92 124
30 94
53 79
108 143
17 92
67 78
85 142
61 108
89 144
8 42
92 73
119 77
98 88
36 145
96 31
100 61
97 21
141 106
110 52
40 44
129 138
23 114
139 89
146 67
2 69
130 122
9 22
52 95
148 31
133 109
82 141
3 72
142 117
59 77
25 146
122 53
73 24
17 42
97 59
104 80
144 23
81 131
97 23
7 124
5 91
43 7
53 129
69 15
85 57
24 91
77 74
10 132
70 131
21 110
4 8
26 74
148 49
117 116
62 142
8 63
21 110
121 15
127 125
95 76
62 65
2 3
86 117
108 69
90 120
62 109
114 48
106 144
94 21
50 70
36 56
5 101
28 32
61 52
128 49
50 41
37 9
0 3
23 110
42 120
20 108
104 67
124 18
77 65
17 84
148 103
29 63
15 125
134 60
19 65
109 0
49 124
24 84
120 142
103 60
136 43
43 125
18 127
89 75
79 76
36 68
54 104
39 13
42 74
35 137
24 89
28 90
148 116
47 53
116 132
64 27
102 125
145 57
76 54
8 8
5 112
10 149
129 46
81 127
26 17
76 15
63 139
22 39
28 45
141 116
91 103
26 98
55 48
9 133
25 121
20 94
88 24
114 124
106 61
111 139
115 3
121 134
15 108
124 108
111 112
72 135
145 86
77 71
136 119
95 141
32 14
96 13
34 28
48 19
61 8
112 80
108 38
100 78
65 69
74 94
38 139
142 127
108 68
140 73
61 131
141 32
77 6
46 146
137 40
31 125
75 12
18 149
128 144
62 131
107 15
135 58
63 83
22 102
92 24
129 133
24 8
134 33
115 82
67 61
95 77
20 122
109 124
88 147
145 142
137 135
122 122
99 127
41 37
82 140
98 57
104 74
113 27
108 109
114 129
81 63
138 115
141 44
18 113
38 53
40 148
88 14
71 90
8 75
73 84
43 106
66 55
95 11
37 24
62 145
59 53
136 111
142 100
79 122
79 148
85 59
43 137
84 126
82 91
78 132
79 77
110 21
26 2
119 97
21 111
13 104
147 62
64 126
133 98
11 127
137 84
67 56
19 17
126 85
142 49
76 19
76 73
111 143
3 133
132 99
99 7
139 59
122 47
67 38
43 23
126 10
119 83
8 52
119 119
71 113
102 140
125 20
1 140
1 79
61 61
35 134
102 118
24 129
120 12
101 68
69 6
7 22
28 145
72 55
20 46
46 119
62 72
117 30
95 40
52 42
119 101
122 99
61 13
21 142
134 95
47 57
39 108
11 133
124 114
100 26
81 59
36 66
7 3
67 125
31 110
33 17
50 98
46 106
85 71
21 31
86 86
102 63
117 70
73 82
19 71
92 112
124 58
38 1
10 139
123 100
139 75
120 24
136 45
113 4
36 137
130 146
139 46
142 34
147 67
66 13
0 119
111 54
48 74
56 80
27 106
126 142
75 68
61 3
128 66
48 65
138 7
72 96
117 131
64 147
93 46
22 103
149 123
110 61
65 62
129 118
48 51
80 100
29 132
31 101
15 11
80 136
4 62
81 106
12 102
13 113
26 90
45 65
58 149
5 103
119 93
51 117
6 99
47 30
75 55
115 58
70 140
136 88
121 44
115 110
38 110
38 145
107 108
144 118
84 12
13 129
125 72
144 95
106 98
118 53
25 107
35 12
107 62
96 135
70 127
116 100
54 87
32 66
107 64
88 36
71 35
0 97
57 107
3 54
117 106
11 88
19 32
131 102
24 62
86 124
94 74
28 119
85 65
96 113
120 94
89 120
92 35
33 12
94 69
123 149
59 7
116 19
99 77
131 132
6 15
146 108
61 122
98 24
131 4
33 82
6 45
64 39
100 67
54 134
125 19
17 25
47 119
96 7
121 52
92 10
64 102
127 31
86 45
58 132
146 1
45 60
37 48
72 112
38 0
23 63
7 21
65 53
138 104
137 57
110 143
85 61
34 46
43 0
21 37
139 4
125 68
84 0
39 55
117 126
132 42
62 75
106 80
122 12
108 107
53 13
132 59
142 54
105 123
41 51
106 79
82 48
118 1
65 92
93 78
37 67
63 148
28 95
6 65
68 128
83 34
85 0
137 105
118 89
110 103
99 120
42 126
103 129
139 88
134 41
89 31
80 88
10 28
94 10
102 67
120 135
13 62
101 73
3 36
59 51
48 3
20 34
51 24
25 23
145 112
12 114
42 130
91 42
87 45
110 126
141 133
102 51
25 102
98 142
141 29
130 45
67 24
130 21
10 73
6 15
130 136
27 140
108 92
125 117
71 109
135 17
46 28
54 16
127 90
10 8
80 37
44 148
22 126
72 92
108 52
5 127
38 15
117 77
110 15
77 128
149 113
139 119
113 94
128 97
29 7
105 88
70 102
68 117
0 92
145 88
31 0
54 105
23 106
61 96
4 21
142 71
21 67
65 127
47 122
8 99
82 15
26 70
93 58
51 114
14 66
5 70
137 8
78 10
64 7
97 14
138 56
36 74
25 54
88 80
58 89
67 74
107 120
104 78
145 121
63 40
2 118
83 24
4 135
77 78
87 124
139 88
58 97
108 98
23 102
94 60
58 135
59 46
101 64
55 24
29 70
8 53
146 53
85 79
114 120
81 64
31 118
14 12
14 92
138 36
55 39
80 105
94 82
56 73
38 148
132 112
50 82
96 148
100 82
63 104
135 101
130 20
141 64
69 127
40 82
60 124
36 64
25 91
76 77
145 12
12 63
44 95
120 60
41 118
98 17
41 94
47 23
85 87
26 121
131 32
98 32
116 29
71 142
79 104
76 41
12 101
114 120
120 55
95 129
92 13
53 74
19 76
149 60
44 60
97 134
113 76
63 42
50 104
127 7
141 100
64 129
63 129
50 121
60 48
149 1
44 121
121 59
66 115
86 50
57 91
109 38
66 8
143 126
32 137
70 30
149 105
52 143
13 6
32 28
94 77
57 79
4 12
10 119
98 77
8 10
3 89
79 23
87 82
127 103
13 98
123 131
50 56
126 109
145 149
86 66
83 67
109 12
68 34
122 7
58 117
3 94
12 111
107 118
47 27
43 114
43 145
133 44
94 49
63 132
42 49
148 144
116 93
45 110
142 63
48 71
41 104
98 140
94 138
70 56
64 139
74 93
48 73
41 15
21 13
55 27
113 60
118 78
13 103
142 43
79 19
124 41
90 53
123 114
63 48
82 38
85 99
65 149
93 77
85 9
21 49
120 68
67 38
117 74
131 57
26 139
144 48
112 96
122 37
80 98
103 6
70 85
21 127
92 68
29 138
24 58
78 81
100 100
76 36
102 80
61 140
68 19
0 77
48 20
143 21
19 133
115 98
96 64
54 144
31 55
72 146
100 87
93 93
120 35
34 84
43 91
107 4
50 88
27 83
38 26
59 52
22 20
131 33
82 148
76 3
88 83
52 2
33 7
17 142
62 100
79 139
82 35
83 58
39 141
114 104
27 99
121 61
69 95
33 91
99 141
49 131
120 53
69 74
35 142
73 49
146 85
4 108
149 64
47 43
73 121
135 64
106 2
102 70
129 36
7 27
102 33
71 48
46 11
135 72
61 46
109 144
112 83
6 65
70 80
0 88
119 9
27 45
61 134
149 43
144 135
139 50
39 22
124 5
98 106
103 30
145 91
12 67
20 26
42 61
85 42
101 113
76 147
110 101
72 97
44 8
72 113
136 99
140 22
117 23
81 107
79 9
16 109
147 57
57 4
84 87
112 124
27 21
66 24
77 98
12 105
72 139
67 123
84 138
98 5
87 103
7 52
125 137
64 6
107 41
92 70
88 133
28 2
123 127
10 142
58 97
78 76
69 17
127 38
109 92
127 49
20 66
50 74
3 53
99 75
42 128
78 111
146 130
126 113
23 101
122 143
4 52
12 121
49 100
0 135
45 25
137 91
13 61
129 50
99 99
78 26
39 136
135 41
7 4
61 40
9 120
23 113
18 0
138 111
64 83
17 28
12 2
148 105
0 137
70 41
93 76
51 120
117 45
149 10
55 82
43 93
19 137
49 124
136 148
34 79
63 100
127 131
14 104
108 97
25 67
13 83
143 89
118 60
37 148
80 30
126 50
68 90
73 24
3 71
19 21
8 120
139 58
64 19
137 109
127 92
147 60
112 29
59 61
3 57
31 99
79 101
22 80
144 94
131 79
46 55
113 71
52 64
30 64
14 144
31 72
104 148
28 141
8 96
2 130
6 10
110 9
79 112
139 105
93 64
14 104
110 120
74 38
2 133
62 74
45 46
25 68
65 60
17 44
29 112
126 89
57 72
121 65
91 113
126 144
96 67
73 32
27 34
133 10
95 0
74 77
109 148
58 20
86 14
71 108
29 65
36 48
2 134
108 123
23 139
82 72
87 55
90 11
35 134
58 93
14 125
110 99
98 43
102 105
114 115
112 8
147 38
37 93
115 89
36 17
65 42
139 25
40 11
92 29
108 7
130 77
74 119
59 73
132 105
5 120
124 134
26 53
86 18
69 88
35 32
123 137
133 123
16 69
90 32
14 23
122 100
5 7
51 125
25 71
63 27
45 148
14 127
24 5
107 81
79 70
29 136
48 117
136 13
52 121
129 123
51 13
54 140
18 56
5 77
12 73
96 57
123 67
67 132
45 40
123 17
105 85
70 2
138 80
18 14
21 75
81 96
93 149
82 14
5 118
92 148
129 49
13 115
59 58
135 29
73 129
68 12
94 146
68 99
116 57
139 144
140 133
107 25
58 78
144 49
33 22
46 133
137 3
75 132
47 41
9 73
61 148
119 77
46 0
147 43
22 125
64 59
7 113
90 70
57 148
79 149
100 44
87 76
42 36
73 18
5 24
14 93
83 132
119 58
31 86
134 143
76 79
84 9
58 90
33 2
112 109
118 62
56 130
120 20
22 140
29 128
109 144
113 110
94 68
116 3
12 134
69 3
134 41
17 106
60 41
49 85
122 129
23 5
19 4
16 5
0 63
140 82
11 104
14 79
139 96
83 3
3 7
10 73
61 107
61 109
128 107
46 96
57 32
78 20
32 3
28 99
9 140
26 69
104 54
48 106
148 142
126 125
109 86
33 31
24 63
109 117
1 92
104 140
129 33
0 113
73 134
108 87
44 37
25 62
3 65
96 80
81 15
101 2
47 14
55 36
147 98
90 63
25 33
129 94
18 2
99 132
11 140
69 49
110 85
94 128
80 118
89 99
51 78
67 65
141 86
126 63
72 14
37 90
55 27
45 85
76 102
14 33
94 83
48 135
39 53
12 31
48 117
142 35
136 64
73 19
74 42
149 120
40 42
9 91
20 134
81 26
71 95
49 69
128 3
45 110
1 148
76 6
67 142
81 90
95 109
117 29
53 40
118 63
90 21
49 132
15 1
120 25
25 106
97 59
11 48
139 116
124 137
25 50
129 77
32 134
142 19
131 83
107 61
113 142
69 110
60 68
142 93
123 141
31 1
36 122
125 17
118 22
139 102
107 56
146 143
95 138
27 80
55 135
27 144
112 55
19 45
140 89
137 69
54 147
137 121
57 128
3 125
57 149
85 4
119 113
133 107
125 55
103 145
137 27
114 132
98 89
89 115
132 66
114 141
59 72
147 65
41 69
138 28
92 105
78 52
134 91
37 26
130 99
112 93
80 122
43 24
101 49
142 36
129 111
121 35
139 95
41 40
71 53
71 37
127 113
93 14
49 29
138 147
136 121
72 145
98 54
20 3
33 87
66 10
73 131
124 137
141 18
78 94
118 77
146 112
37 15
70 124
75 101
87 75
139 86
70 112
97 79
126 77
40 14
131 17
18 82
130 13
27 86
49 84
119 110
138 58
5 11
0 61
36 61
100 120
131 117
77 144
37 135
23 36
137 51
148 12
71 90
51 47
146 85
130 136
136 52
80 26
34 32
127 57
122 23
125 31
11 93
131 146
13 40
83 67
121 95
30 149
33 78
83 28
149 129
141 12
23 145
58 75
63 120
2 58
6 71
79 55
47 143
122 109
10 116
57 76
101 136
58 61
127 5
92 6
134 113
19 90
82 95
122 3
122 117
81 86
30 72
16 42
41 129
42 96
129 6
10 144
80 25
143 112
58 52
31 68
91 73
30 148
140 9
62 130
149 67
56 43
3 15
33 86
15 61
81 39
10 89
59 115
27 18
114 36
148 41
59 125
85 105
56 71
55 46
138 11
126 82
43 13
52 44
3 103
95 49
47 146
123 98
40 61
134 20
16 139
28 49
60 66
126 89
129 50
41 23
104 40
112 72
82 104
100 136
103 102
68 41
33 46
70 43
84 135
68 109
117 142
25 10
63 40
131 84
49 147
95 105
102 4
92 129
115 82
112 6
50 33
147 105
31 78
80 7
65 69
137 79
29 9
129 19
27 56
103 90
45 20
64 120
74 144
15 81
35 3
32 91
24 75
66 101
114 105
44 68
78 122
55 91
60 42
27 83
93 67
2 20
14 43
75 64
54 125
66 28
7 26
141 143
55 30
71 74
138 139
97 129
3 109
40 81
108 25
131 16
28 68
59 97
46 22
124 145
23 96
135 42
76 7
56 110
0 104
93 78
75 24
22 85
97 15
112 92
112 27
129 129
84 140
76 77
24 101
122 99
139 32
127 127
16 0
94 79
64 113
107 108
29 85
137 95
87 108
57 140
20 44
16 45
19 32
22 59
94 15
69 53
136 6
88 147
36 38
143 53
125 51
62 16
95 131
107 61
132 105
50 79
118 55
2 127
41 20
85 131
65 0
88 19
56 141
50 33
83 112
53 111
97 91
88 46
119 140
26 122
26 9
65 49
68 102
131 48
20 18
69 118
119 71
83 71
44 11
56 110
16 93
129 108
126 49
95 113
121 65
136 26
74 104
29 24
130 112
0 74
62 64
41 64
67 127
3 92
143 140
20 23
35 12
21 6
74 21
3 69
141 77
92 18
96 75
49 112
124 108
1 6
11 136
118 141
90 99
113 40
65 137
45 39
111 1
107 53
122 27
90 130
81 4
135 18
50 89
25 15
81 32
137 114
9 83
87 117
92 37
97 129
62 136
143 86
112 62
63 108
5 69
149 63
87 64
78 33
33 68
25 15
89 136
144 124
61 13
135 93
138 46
122 69
76 81
75 131
60 57
126 41
7 33
88 88
48 143
41 110
127 15
99 135
108 137
17 143
3 23
148 11
145 34
20 7
138 96
57 21
16 97
12 15
28 149
5 148
34 25
93 75
57 35
38 57
42 147
2 60
4 120
149 22
132 148
77 140
10 122
99 76
128 29
136 131
75 92
69 55
86 42
132 84
138 42
53 21
47 9
92 132
75 147
33 66
69 146
13 115
131 89
82 12
132 82
131 25
57 122
141 59
86 113
101 55
48 16
29 123
123 65
62 96
131 90
76 79
6 106
146 108
28 78
126 97
140 38
114 122
129 90
27 52
72 62
142 51
101 30
89 74
0 84
48 19
1 129
29 21
59 120
39 39
27 64
130 81
111 52
64 53
6 25
120 136
70 13
139 108
28 140
51 90
138 76
11 95
114 60
120 80
71 96
0 43
93 90
58 73
102 14
133 126
121 67
39 88
122 105
35 147
1 129
68 13
89 31
79 92
46 26
114 139
87 47
121 11
89 99
47 66
30 61
28 19
136 22
82 49
57 114
32 35
125 2
69 10
54 113
135 141
6 139
114 85
31 139
44 142
4 62
121 60
68 20
64 148
147 131
130 130
75 15
136 83
139 82
83 46
81 82
40 118
2 134
30 23
25 107
102 38
70 69
3 45
5 98
124 132
74 10
55 140
5 60
107 38
125 131
122 76
96 56
89 72
132 33
70 35
79 32
101 63
73 137
145 14
55 91
135 63
143 14
10 2
4 71
137 139
117 68
77 40
67 74
55 100
23 58
21 77
100 109
61 109
117 89
144 14
137 144
75 128
61 3
121 31
98 142
45 66
124 79
22 17
107 29
119 95
57 1
130 3
72 76
127 15
94 148
6 14
88 27
27 108
144 115
11 10
46 83
90 132
31 112
136 84
132 34
113 45
22 67
101 94
69 112
48 33
16 19
30 18
119 115
35 56
141 15
149 65
112 81
69 104
21 106
79 69
86 56
74 32
122 23
6 72
23 59
122 10
79 81
93 48
64 109
0 149
9 120
2 77
115 126
102 143
66 111
99 100
98 5
47 86
104 101
82 26
71 45
29 6
52 76
46 125
47 27
129 96
112 18
2 18
79 26
10 18
85 79
122 62
38 119
116 1
36 24
71 113
120 32
4 22
24 12
14 33
40 36
91 111
9 127
18 116
11 26
0 55
125 129
84 12
122 149
38 137
148 91
133 69
47 3
92 68
124 44
85 87
97 12
121 142
135 12
67 127
83 61
99 50
75 41
68 39
116 76
116 87
96 62
19 87
73 32
71 93
131 29
125 72
147 97
102 125
21 77
118 29
44 113
67 57
37 70
72 145
72 117
36 36
105 121
142 113
147 0
1 93
124 41
4 113
92 139
112 99
8 14
124 50
91 52
67 18
56 73
90 140
113 98
31 122
93 34
140 76
115 111
64 134
16 92
49 78
114 34
148 31
30 90
64 134
90 138
51 100
33 14
43 18
56 39
83 115
19 144
23 60
48 32
66 120
43 28
76 141
23 128
113 80
54 66
57 8
55 35
55 94
84 62
64 37
10 94
102 53
16 144
56 6
58 38
119 60
133 57
50 108
70 45
12 40
116 82
20 18
33 134
31 119
142 142
18 42
48 80
99 11
52 30
0 84
85 14
48 22
55 141
15 97
112 30
119 32
57 27
34 1
39 35
90 0
137 13
68 57
123 47
139 122
19 85
63 90
87 105
99 124
112 125
113 38
89 31
52 97
149 125
88 32
106 120
20 56
91 103
115 107
28 124
45 49
8 128
116 75
92 65
109 55
72 20
69 124
46 34
79 54
19 53
80 12
81 122
126 71
138 63
119 125
46 132
25 24
45 51
23 19
128 61
103 41
113 3
123 2
78 108
119 70
2 88
99 67
41 76
99 26
42 142
54 11
109 120
41 98
112 10
123 6
7 83
35 53
12 127
80 130
149 118
38 2
69 33
79 143
95 62
20 27
21 107
63 39
98 23
77 78
120 104
52 105
60 89
26 94
6 43
60 49
102 54
84 67
9 57
64 20
37 9
63 105
92 17
77 30
14 93
38 83
76 95
143 119
43 27
116 77
70 83
135 132
11 13
108 143
144 22
89 127
20 78
38 25
145 102
137 67
32 46
109 42
111 120
98 134
97 96
35 63
21 38
45 132
11 95
10 28
88 133
139 21
63 18
77 10
38 55
108 3
14 35
116 75
91 25
32 129
37 45
39 117
40 82
94 71
115 49
26 137
134 3
23 137
61 104
122 51
5 73
113 58
84 3
140 83
82 103
16 142
82 52
76 110
133 55
16 13
60 125
106 139
42 64
118 9
139 83
104 32
15 84
140 112
141 122
72 101
78 46
67 135
35 89
9 81
140 42
12 39
138 20
43 139
56 21
100 82
94 44
110 126
101 57
55 79
38 97
136 46
25 43
129 119
61 18
121 127
71 99
57 2
131 144
145 74
47 8
81 50
132 34
110 76
50 85
146 145
17 94
9 35
22 36
31 11
68 13
90 51
148 119
18 95
35 44
143 48
74 93
128 149
127 114
63 149
103 103
20 3
108 107
94 124
75 32
45 131
14 40
66 136
60 144
75 148
80 8
80 86
41 87
127 95
108 5
147 99
124 133
60 89
22 55
75 79
97 97
59 33
54 34
48 26
128 96
134 124
109 121
133 33
20 119
81 28
43 63
52 16
90 40
77 91
141 72
44 15
119 88
120 1
50 149
59 62
34 7
32 125
27 112
114 66
43 149
15 97
102 88
29 5
48 4
68 73
132 84
25 34
3 84
133 149
141 103
9 12
140 113
82 91
58 52
100 105
49 134
111 140
112 77
148 43
142 143
87 14
50 121
77 57
6 24
138 31
72 116
39 37
91 28
80 28
118 117
94 52
9 49
38 141
91 5
115 81
52 57
22 93
113 57
79 81
52 25
130 24
120 68
77 52
126 82
53 21
90 55
95 50
72 20
19 74
49 81
117 1
110 51
35 11
95 93
8 37
18 57
144 126
114 30
0 49
120 133
36 124
103 101
65 111
19 77
45 18
90 100
63 148
102 8
13 34
71 83
2 140
101 116
130 110
8 89
110 78
61 57
51 45
36 132
62 75
20 18
138 132
121 113
112 59
95 137
111 50
11 114
117 80
0 143
90 46
98 32
39 120
53 43
52 129
80 105
100 49
32 61
61 67
142 36
147 108
13 4
115 130
62 57
1 107
92 79
3 70
66 41
72 113
20 116
145 52
0 105
35 73
107 9
91 126
14 118
6 79
117 77
100 128
126 29
105 45
85 18
23 15
118 16
59 127
40 18
126 116
115 110
15 131
122 31
128 32
56 20
77 33
55 50
36 122
115 98
127 9
62 8
16 107
146 47
47 3
112 38
36 39
63 82
146 95
27 115
57 83
26 122
126 5
140 123
48 4
26 131
22 148
9 54
25 80
62 3
42 144
86 76
120 44
7 30
123 48
25 57
40 18
15 98
94 135
0 144
53 77
25 26
92 73
16 41
58 28
31 140
30 115
45 6
148 25
92 46
12 97
137 119
22 69
139 50
1 40
62 90
3 104
54 83
133 138
18 136
38 27
44 2
41 41
120 10
65 15
99 125
20 146
121 84
112 86
1 71
145 97
100 12
129 116
92 44
37 149
67 16
133 119
22 41
113 89
50 68
133 0
55 43
99 27
141 49
91 134
84 7
139 108
143 36
59 89
96 84
113 83
127 12
14 16
94 136
104 55
137 21
101 54
122 109
86 148
111 114
38 128
58 93
16 34
0 1
51 23
86 62
122 77
17 86
94 75
40 99
81 77
106 114
65 146
113 48
61 123
76 110
90 124
14 52
17 60
71 29
116 48
59 121
0 7
144 133
141 12
72 90
75 84
134 14
5 148
33 41
81 128
67 72
29 42
86 126
114 1
148 143
99 32
85 144
104 125
5 15
43 34
38 79
140 81
33 119
120 10
119 65
111 61
71 87
87 50
124 34
109 72
23 113
103 129
128 73
54 139
22 67
34 57
25 37
32 103
101 72
95 144
4 9
7 120
22 30
37 26
25 11
84 16
72 144
88 47
66 23
30 49
75 91
133 27
45 3
4 113
33 70
109 114
128 36
143 11
96 66
132 105
57 120
59 53
92 48
84 64
136 43
21 8
7 97
58 101
57 81
31 58
107 135
67 41
28 92
110 13
63 17
120 44
124 149
53 147
121 3
100 14
109 48
86 21
38 121
107 46
95 73
140 56
78 68
0 11
43 28
83 144
112 97
31 13
26 20
72 31
31 61
119 5
99 84
121 2
149 116
69 25
44 44
24 118
11 8
126 80
110 69
117 1
25 70
73 41
59 71
23 136
26 79
12 13
80 12
104 60
46 3
141 65
95 61
124 93
72 125
77 141
129 17
93 25
101 1
41 106
25 43
78 144
137 79
77 88
25 64
16 84
84 49
13 4
73 10
8 41
118 39
3 43
121 84
48 116
122 50
57 24
132 84
130 139
72 110
86 84
112 99
17 90
18 35
76 138
20 3
77 74
105 110
110 102
7 21
22 83
20 48
73 71
87 120
13 144
127 74
2 134
88 100
92 112
44 30
97 78
128 129
54 137
132 0
32 40
148 70
100 107
28 75
54 29
25 120
29 6
124 42
6 113
65 79
7 44
124 133
141 55
97 77
32 103
7 27
26 28
65 101
125 48
148 134
48 14
76 53
115 57
90 67
146 30
78 36
13 23
131 129
6 4
19 67
28 125
71 96
43 127
47 69
59 127
101 59
110 0
39 110
68 60
63 113
44 4
121 56
147 58
49 70
92 44
122 126
39 4
146 19
12 141
118 127
21 25
69 77
116 3
34 74
27 80
78 132
71 115
92 50
28 148
1 98
136 94
129 2
131 47
97 117
62 91
72 76
2 25
87 85
138 55
105 125
106 141
134 117
139 100
95 13
23 16
48 144
35 64
135 81
11 59
86 104
22 23
58 76
43 64
89 113
82 49
92 7
98 114
80 66
145 9
82 88
11 138
110 140
48 88
125 18
143 35
139 24
66 28
10 9
16 20
109 119
3 144
23 46
146 53
128 81
54 105
117 132
147 12
60 6
69 88
21 118
141 23
68 67
126 2
75 8
57 89
76 126
61 20
114 94
130 8
49 25
25 63
125 34
97 45
38 129
19 140
62 112
116 125
24 105
94 6
1 84
36 139
62 26
128 18
8 122
64 85
44 34
22 7
74 116
13 13
3 140
67 143
99 37
81 46
4 88
67 84
89 32
43 45
110 137
13 2
121 120
29 48
49 127
25 136
17 96
28 105
144 107
102 96
6 144
148 140
71 108
69 125
124 34
90 121
133 6
18 101
142 62
18 78
73 103
75 146
110 4
127 116
125 44
93 71
65 43
29 45
113 71
57 36
139 63
131 1
28 92
104 58
89 17
72 24
131 113
1 71
58 86
45 74
86 41
15 57
51 101
23 64
121 100
129 46
111 135
97 18
115 82
83 70
75 70
12 139
65 42
86 31
11 40
60 122
109 9
42 20
63 35
104 76
5 75
56 76
86 120
48 0
50 146
30 25
51 34
34 67
46 21
7 142
70 47
78 73
0 144
71 89
77 92
95 134
95 0
91 51
125 83
67 22
130 107
0 4
78 121
97 105
68 145
135 29
88 41
59 121
24 120
58 93
149 117
16 138
128 43
74 51
39 108
105 21
89 7
92 128
7 65
52 72
87 51
129 70
92 121
131 94
105 32
113 119
7 145
89 5
92 104
92 51
138 102
97 139
147 5
69 105
131 62
19 108
34 55
93 76
98 92
54 29
27 81
0 110
38 69
57 108
69 138
141 9
26 91
22 103
137 74
47 2
62 37
140 44
135 87
116 149
60 44
118 134
134 48
115 44
49 97
32 125
24 72
10 62
77 103
124 2
5 140
29 132
55 123
12 30
93 55
78 57
31 78
60 7
13 28
10 79
108 129
53 125
18 93
48 19
64 6
38 126
15 78
18 144
76 89
74 18
48 116
143 127
124 41
28 34
24 131
147 62
30 57
62 67
124 55
67 3
69 99
54 145
73 123
11 26
52 113
101 31
95 103
89 146
52 131
124 92
118 129
57 41
40 56
100 48
60 99
124 80
7 125
24 9
124 113
145 64
93 2
42 133
124 16
55 26
51 76
75 2
143 148
95 5
125 124
123 68
72 36
90 101
39 99
28 22
148 106
56 144
39 84
120 67
124 45
36 140
137 135
18 31
56 50
130 29
58 115
63 114
117 5
12 27
77 136
95 79
91 17
54 23
43 19
4 15
70 91
85 119
113 37
119 72
35 102
123 145
4 74
137 5
6 64
14 116
20 57
98 39
97 4
50 108
124 53
57 148
81 140
61 70
47 45
16 76
111 89
23 10
5 88
113 34
10 85
139 48
60 9
131 3
141 28
97 88
54 61
77 108
100 90
119 37
38 136
139 141
18 8
124 68
144 70
103 50
31 13
82 130
112 117
20 5
21 4
79 24
43 6
37 144
101 88
6 19
93 106
23 27
108 74
72 56
57 41
139 128
123 106
85 83
122 88
30 124
60 116
87 0
8 9
9 61
22 2
45 83
42 86
94 51
43 69
69 74
142 19
144 101
6 78
123 97
74 132
143 98
48 126
24 133
105 26
11 78
70 28
19 145
55 54
133 72
83 129
31 126
75 67
90 36
120 92
71 109
61 107
47 28
35 44
17 4
65 71
108 45
126 96
64 134
139 27
18 68
66 30
137 96
136 51
131 107
61 60
20 75
117 40
27 60
27 98
81 14
126 35
45 9
119 42
123 81
117 149
146 138
82 144
131 64
17 119
67 101
57 132
97 54
0 25
24 113
84 41
119 145
50 84
122 109
17 7
28 23
72 53
108 89
39 22
35 136
68 27
28 101
105 89
145 45
30 19
4 101
115 93
80 47
111 73
23 54
76 40
18 107
109 99
126 104
141 98
105 56
137 65
130 146
44 138
14 61
28 33
53 57
28 51
13 19
123 67
8 7
18 109
79 34
55 112
59 101
43 22
97 7
94 98
105 2
137 12
27 45
116 9
110 46
81 45
108 8
33 95
92 14
13 73
26 138
59 15
27 74
119 64
58 68
135 83
103 82
34 97
23 53
105 13
112 124
44 116
121 10
135 38
15 19
63 135
101 35
55 8
90 96
94 78
125 93
28 85
83 107
22 62
114 77
8 46
68 54
59 57
127 45
68 116
16 126
123 47
115 124
57 103
62 105
33 25
18 87
6 8
59 58
65 70
53 145
102 50
68 106
45 118
11 54
94 98
28 53
149 125
18 2
61 83
13 120
21 127
68 142
119 69
143 141
54 4
116 119
7 35
97 111
7 130
142 145
83 60
97 21
100 24
116 129
41 5
129 45
76 139
18 7
6 96
62 99
105 114
81 66
145 95
38 88
12 146
87 146
129 145
57 135
142 101
10 76
54 133
123 75
127 77
67 83
87 146
128 47
71 57
72 78
53 87
53 130
146 130
112 56
145 86
123 97
26 91
56 137
22 28
146 61
37 68
47 137
55 138
66 135
50 9
94 101
38 22
11 102
13 90
70 96
61 120
32 64
24 53
61 28
74 82
76 67
73 15
135 136
72 95
132 92
76 18
38 65
8 66
117 92
20 65
120 132
105 26
2 66
67 116
101 107
45 11
51 92
133 128
110 85
141 65
8 141
79 110
88 47
31 12
148 146
101 72
117 12
44 85
25 74
99 143
96 30
98 141
48 83
44 73
59 95
94 50
4 113
96 23
102 8
90 10
77 28
6 39
69 59
26 57
81 50
60 121
27 133
92 146
37 82
143 128
29 11
133 45
92 7
25 27
138 46
141 100
42 62
93 28
56 37
140 13
103 56
85 107
74 106
18 47
147 106
34 93
25 125
40 50
1 57
8 1
132 75
50 146
39 53
111 52
85 30
66 129
44 126
100 83
24 51
130 43
121 14
85 17
53 130
84 41
5 48
61 117
140 90
88 94
88 82
103 109
35 27
138 24
85 84
42 89
56 50
129 132
63 143
109 60
61 14
74 104
98 28
135 75
28 123
78 77
100 65
24 3
48 116
48 56
109 129
34 38
27 146
73 131
40 49
36 104
58 135
78 69
68 53
64 134
84 29
147 57
93 139
6 81
19 56
5 12
93 15
15 136
126 11
33 12
75 92
113 79
140 4
140 15
86 54
39 134
29 17
111 34
75 143
61 71
93 33
149 135
131 61
46 148
3 62
60 30
132 7
58 136
75 57
94 7
46 94
112 4
20 17
82 147
33 36
106 51
45 72
74 16
118 33
42 34
82 69
106 10
131 113
145 57
78 133
55 60
90 117
20 73
134 70
73 70
107 19
73 121
115 82
128 121
114 81
136 25
113 104
138 7
29 2
60 6
77 5
121 65
43 102
12 137
28 121
120 34
61 112
11 20
31 27
30 34
123 148
27 104
46 147
89 73
106 39
31 5
19 116
120 9
77 102
4 20
84 133
130 85
51 40
26 88
127 2
131 86
39 144
33 13
113 24
142 52
66 34
41 76
109 112
0 95
110 113
93 93
91 34
75 2
19 13
54 11
102 99
148 20
93 50
89 17
94 3
100 87
34 119
101 62
11 14
20 27
33 110
103 120
88 5
135 56
15 123
53 139
113 78
32 146
134 109
69 4
23 118
52 61
23 137
129 2
48 52
131 127
120 107
132 31
88 17
10 94
76 137
59 33
37 19
77 43
98 115
79 87
113 57
28 89
107 146
106 12
96 31
29 28
121 75
13 76
71 104
83 8
53 125
73 148
105 42
139 77
90 97
16 0
30 142
58 15
103 120
5 41
84 29
66 9
36 5
76 42
110 40
65 127
23 80
106 98
18 40
46 87
29 13
105 146
57 35
39 100
49 93
68 128
120 105
15 86
44 111
139 131
52 17
18 114
107 127
132 9
130 148
121 107
71 103
104 79
28 77
139 31
41 129
90 60
58 62
4 56
56 34
89 12
128 58
41 50
59 32
123 33
47 36
134 85
50 24
11 45
21 136
116 79
24 52
68 143
94 86
134 132
141 55
119 41
35 43
141 135
74 93
67 18
110 140
128 121
45 7
101 17
28 121
87 124
37 81
146 86
36 48
137 98
85 119
5 141
130 95
117 39
33 84
120 27
147 34
42 58
12 10
64 90
19 65
78 62
59 135
66 140
27 116
111 136
141 134
40 130
37 129
75 95
46 1
42 43
110 28
87 78
126 40
114 10
40 5
120 86
131 39
60 61
72 85
37 48
68 36
42 36
109 50
62 118
147 137
12 63
79 21
116 11
21 32
139 109
114 14
109 20
139 39
114 69
121 59
80 11
99 94
7 21
130 114
139 105
35 133
100 136
8 82
47 20
52 36
138 65
140 5
76 129
148 27
75 140
136 23
117 7
36 98
129 90
108 20
139 87
15 13
62 131
139 147
67 109
77 97
131 112
53 116
94 6
110 17
89 137
46 141
109 38
130 32
98 10
77 122
138 64
131 127
21 112
143 137
149 26
7 108
126 50
106 71
78 55
20 53
2 31
142 41
138 69
100 134
28 120
11 2
43 109
11 116
22 110
22 17
102 50
16 129
109 130
99 54
56 87
42 59
128 82
85 7
2 145
9 111
115 80
38 35
114 87
122 16
106 90
103 61
90 98
18 1
3 145
47 45
8 1
79 82
0 139
8 3
49 139
103 119
139 103
24 40
104 63
121 94
28 123
101 4
109 73
81 145
144 98
40 63
63 106
40 135
137 116
132 107
61 55
11 70
0 140
36 38
72 51
101 92
111 49
124 38
85 51
85 0
122 1
93 4
50 53
17 63
41 145
90 53
27 22
1 124
149 92
31 104
105 78
69 132
60 119
70 87
53 90
26 124
41 144
99 97
57 110
13 117
133 97
122 24
113 3
105 143
139 5
50 19
115 101
35 143
5 22
92 127
7 7
95 13
107 134
106 149
21 16
100 148
98 140
65 50
145 100
87 105
27 66
69 148
45 61
32 20
33 102
83 61
79 60
95 29
86 18
86 89
145 139
19 61
7 142
38 47
21 10
69 100
124 29
138 80
100 39
96 49
62 71
137 13
49 65
121 121
106 116
116 143
4 72
68 67
45 15
53 2
31 147
140 58
115 117
83 66
108 142
54 117
32 138
1 49
13 71
65 72
66 81
14 59
74 56
68 108
45 53
52 76
31 137
101 55
123 125
88 88
106 15
74 80
70 116
60 84
111 8
30 115
83 80
132 108
144 107
3 118
137 84
133 121
87 122
136 86
72 81
93 45
95 67
91 96
91 93
89 95
50 121
141 36
142 100
10 7
44 137
6 84
49 68
27 90
92 92
83 26
95 20
136 74
72 131
73 127
9 98
135 20
26 93
88 24
31 60
66 124
28 100
73 86
115 20
129 45
25 149
21 75
15 35
123 27
60 10
49 30
56 65
124 37
92 50
66 52
9 128
62 18
89 50
149 33
77 53
52 84
120 32
36 4
103 139
70 60
32 144
9 137
76 23
98 76
19 17
139 82
104 36
35 70
58 29
114 11
33 29
127 86
147 50
29 105
138 41
67 51
10 47
120 29
41 129
137 70
47 118
102 120
69 53
11 23
14 80
52 119
116 26
63 63
96 88
43 73
71 14
144 6
79 124
48 146
13 19
59 3
127 65
9 29
119 44
91 103
63 15
54 125
79 36
54 50
124 12
20 7
118 66
135 69
103 81
32 59
113 89
143 48
80 121
53 100
68 38
19 93
6 131
39 136
17 122
27 52
98 36
70 119
84 67
99 126
133 20
64 142
90 96
53 132
96 107
40 117
42 63
52 134
136 27
19 87
20 48
120 118
146 105
119 21
59 100
41 116
15 98
56 42
28 125
56 122
126 141
43 140
140 27
76 37
68 146
50 36
29 45
113 81
60 72
53 116
127 88
60 90
22 104
116 1
69 37
31 3
104 101
25 60
112 118
92 149
28 96
77 142
58 30
0 138
86 58
96 70
122 104
44 16
129 18
89 49
4 99
61 20
49 49
87 102
145 142
75 134
20 31
27 106
52 138
107 62
104 99
127 72
28 22
84 49
110 91
55 14
17 76
144 118
90 34
120 108
22 84
5 119
105 31
21 142
15 61
15 43
130 46
69 19
134 12
132 44
64 26
54 89
17 70
48 68
66 68
118 116
101 79
142 33
143 113
79 43
51 127
89 61
73 57
105 147
45 134
118 65
35 66
89 48
38 26
123 88
115 80
45 116
125 33
14 49
18 93
13 100
69 88
11 54
61 126
13 40
75 81
38 53
58 50
134 29
3 68
41 79
24 18
38 108
18 40
130 140
5 44
30 123
109 69
86 112
113 70
45 55
143 149
56 120
91 99
22 139
4 82
8 20
66 20
42 61
61 126
123 5
55 148
81 77
57 101
9 86
88 84
99 1
72 7
95 72
42 73
149 56
17 61
95 90
46 69
75 83
90 98
143 116
39 27
77 9
45 82
72 50
13 99
91 76
115 35
31 94
62 27
122 3
132 21
123 5
118 17
114 66
56 125
46 49
103 49
75 92
123 138
7 108
46 132
11 138
38 69
14 73
15 76
139 115
11 43
18 118
79 68
48 76
8 92
86 132
44 136
147 38
90 100
123 37
126 116
79 11
50 31
33 46
26 146
76 68
137 128
55 91
12 149
68 130
113 135
113 148
11 70
29 106
125 103
10 23
105 120
67 64
141 107
82 21
130 27
47 109
46 45
10 76
94 115
85 96
123 131
1 44
118 25
132 49
127 134
8 62
13 41
63 127
61 53
78 73
133 17
105 141
101 89
138 53
70 27
28 144
41 4
98 3
15 9
82 25
70 140
74 137
58 73
68 15
54 100
14 36
95 119
139 57
9 16
28 139
47 69
122 63
118 88
15 82
38 76
87 117
64 31
123 105
57 3
0 119
50 136
65 147
10 145
7 144
31 87
27 144
89 121
60 26
78 3
131 94
39 55
94 29
73 129
134 133
144 111
51 60
132 113
6 120
30 45
29 36
109 54
66 43
72 104
91 26
41 112
26 55
10 50
59 134
128 125
134 69
78 71
86 86
35 92
57 79
50 11
45 28
16 127
87 64
83 121
61 136
3 51
79 133
95 149
21 119
24 124
90 92
80 75
13 116
66 19
17 22
83 123
59 1
12 23
94 88
133 124
44 76
144 74
113 60
23 9
43 48
136 65
2 125
146 104
27 76
23 62
64 15
58 39
31 135
91 102
50 48
104 90
33 43
111 113
97 46
142 131
101 90
82 101
42 13
56 117
37 53
145 89
24 108
59 111
76 15
87 40
21 77
117 139
28 105
12 125
118 49
26 8
145 56
53 40
8 108
36 106
61 131
96 86
71 64
18 88
21 109
51 22
89 43
86 127
148 39
100 20
10 51
37 23
125 148
122 121
11 34
99 137
49 128
136 37
101 93
27 40
144 63
18 100
5 59
47 107
24 120
37 100
49 74
42 24
10 143
139 103
26 80
113 40
50 87
25 10
40 118
68 27
86 116
48 67
127 58
136 108
75 20
80 104
4 65
146 146
87 65
51 95
125 13
19 28
65 104
86 131
76 73
71 95
95 129
121 48
30 95
4 58
84 47
44 31
37 132
32 3
36 37
1 98
101 89
41 76
103 66
81 23
106 83
75 65
48 77
28 46
45 36
109 49
44 106
121 116
64 38
42 64
104 37
58 9
26 103
40 96
113 113
107 94
10 30
149 122
141 79
44 83
98 50
110 92
54 8
64 68
74 122
31 141
73 46
106 60
114 107
79 92
104 109
50 138
86 94
85 77
91 54
113 15
93 22
34 41
44 147
14 88
23 138
146 85
134 87
17 32
55 25
132 135
139 7
33 35
132 102
1 61
15 82
80 18
135 80
26 5
71 55
75 36
59 123
1 125
46 13
34 44
132 20
127 18
138 90
58 11
60 4
71 14
84 80
26 127
45 43
68 134
38 54
61 97
106 146
65 141
2 87
87 43
49 99
56 23
9 50
112 108
128 77
32 61
6 123
49 56
119 57
133 45
140 42
65 139
34 137
57 12
106 131
65 33
127 93
24 108
100 34
26 44
3 125
74 96
42 8
38 22
117 96
125 55
33 0
107 4
128 33
48 20
129 86
34 109
129 120
91 121
112 103
57 148
31 148
105 148
4 71
120 84
2 96
46 6
87 91
120 149
134 55
85 16
20 32
84 13
7 9
68 18
37 53
113 97
104 96
26 38
21 127
126 137
4 57
0 83
43 146
149 117
107 0
103 70
67 90
73 139
22 33
124 131
105 53
34 22
27 103
144 54
98 26
73 27
0 67
97 113
9 34
69 69
52 131
6 139
100 102
37 120
111 119
52 106
6 81
9 52
103 131
22 89
117 76
140 10
36 37
146 32
31 24
127 126
109 32
53 103
130 101
18 30
84 127
40 24
139 11
84 75
19 64
130 82
48 18
2 10
55 60
44 125
80 26
146 44
120 71
135 83
27 16
2 49
56 16
116 30
2 86
35 27
72 127
71 66
80 52
8 58
58 31
149 142
21 87
137 10
19 83
128 24
138 134
4 27
84 66
11 131
16 23
143 139
29 50
18 116
30 80
61 73
128 53
48 53
61 78
38 50
27 76
53 129
10 78
93 112
30 104
85 31
22 149
62 100
124 105
7 105
79 28
21 119
92 96
39 107
71 108
27 97
53 133
141 17
127 78
96 126
92 144
0 60
34 75
88 65
63 108
120 43
78 2
62 25
126 88
1 76
36 81
144 100
61 82
21 22
123 118
118 0
51 145
68 107
134 21
81 88
110 44
69 36
61 44
113 84
99 93
126 66
5 92
61 131
30 37
139 26
13 25
13 67
11 57
124 71
14 22
29 76
86 149
69 94
26 24
89 104
1 53
91 114
11 83
86 52
116 145
30 20
48 11
26 54
129 149
115 5
124 44
128 37
93 0
50 96
112 23
134 35
131 116
18 27
116 119
63 148
138 136
137 118
82 135
79 54
33 106
95 90
83 133
119 48
46 41
133 140
26 32
109 29
87 128
97 72
58 17
3 117
8 87
38 46
16 0
137 22
18 69
68 49
47 119
121 45
128 48
74 16
69 139
58 125
64 135
124 13
63 85
34 34
81 129
127 43
32 133
146 72
8 38
92 107
21 97
116 148
3 94
44 55
149 128
122 43
84 10
34 93
25 69
13 105
139 38
147 73
109 33
23 28
65 23
32 104
57 41
137 77
11 83
9 21
20 113
106 12
15 148
1 0
119 90
1 105
91 50
78 80
106 143
0 26
129 41
18 63
123 16
112 143
133 135
107 40
110 105
38 46
85 8
29 57
53 35
17 109
88 44
62 52
32 67
115 45
121 86
106 118
132 85
134 67
33 47
71 75
104 86
82 0
45 149
28 62
108 1
26 112
129 3
43 33
69 69
115 59
84 142
93 113
113 106
61 139
92 86
55 126
85 121
146 13
12 55
52 103
91 4
117 16
44 10
5 120
23 121
47 96
5 81
55 133
23 50
7 0
101 5
71 147
80 35
69 133
47 56
139 111
139 65
79 137
25 121
26 26
73 118
56 141
1 133
149 142
115 122
10 49
57 55
137 38
85 87
115 55
140 123
12 31
37 28
91 126
131 137
21 3
62 20
116 30
133 101
11 55
42 49
131 94
100 135
10 49
51 116
139 60
76 47
99 54
16 29
46 32
43 0
18 139
17 106
29 105
82 131
33 6
62 88
28 73
143 41
104 73
64 29
50 24
19 54
79 87
0 119
51 61
63 61
116 145
91 18
109 68
117 146
123 65
64 21
93 141
32 115
67 125
83 70
139 131
118 133
102 53
87 14
61 27
127 121
17 86
130 53
88 87
0 87
46 61
134 146
115 48
129 103
40 76
133 139
146 31
126 60
123 79
103 17
112 138
82 51
139 78
99 30
20 68
67 10
62 42
79 32
93 48
108 52
18 6
112 54
138 136
66 142
139 104
85 80
93 46
145 16
117 4
86 59
2 13
77 14
9 58
132 16
42 123
70 12
56 58
85 99
78 71
36 3
111 12
143 140
46 72
80 23
48 96
3 105
78 10
71 61
31 61
87 149
115 58
18 57
126 114
56 23
32 48
32 24
147 80
22 67
133 110
17 53
28 42
19 26
26 75
41 32
15 22
1 146
16 124
127 146
18 45
36 149
43 24
72 61
44 126
95 112
1 22
105 58
133 120
51 1
118 78
120 26
2 46
24 64
101 26
20 25
10 95
33 74
145 15
1 72
145 140
91 50
62 107
13 39
13 15
5 63
7 34
57 59
46 73
76 39
112 11
113 67
10 70
24 66
67 35
131 125
16 135
112 102
137 55
144 46
37 60
136 117
62 133
149 144
23 25
148 118
130 23
38 107
0 20
75 131
52 2
139 70
49 18
126 33
75 87
78 33
131 123
3 54
130 67
114 137
10 78
122 42
10 100
117 117
56 37
38 46
112 105
144 20
68 122
96 90
67 89
122 16
68 67
74 62
92 62
96 57
68 21
80 70
89 85
117 83
105 41
119 46
32 77
101 127
112 19
114 92
23 8
81 111
93 60
76 138
134 121
4 22
38 89
3 85
110 17
143 46
71 21
142 68
92 55
63 33
85 60
4 83
141 91
73 119
38 85
36 116
33 52
39 56
76 48
60 50
13 140
133 62
29 6
91 52
72 136
130 114
7 148
24 110
139 40
61 42
116 7
23 121
145 91
115 106
49 56
83 72
26 143
74 80
104 123
78 99
57 110
94 43
10 32
120 28
25 145
80 41
9 2
52 10
39 21
96 20
83 140
91 83
101 77
92 120
108 48
20 137
19 86
96 96
49 73
66 73
15 90
142 146
69 109
3 47
86 80
134 120
142 13
125 147
149 140
41 101
117 96
15 136
118 137
125 87
43 146
141 133
61 65
62 48
106 95
80 69
138 149
137 112
18 46
89 112
87 139
76 23
97 32
109 60
32 108
126 105
50 20
74 12
142 98
70 141
125 41
14 132
21 40
81 79
119 93
35 67
28 97
54 45
73 95
61 138
121 53
50 69
113 64
6 20
114 44
148 23
10 32
147 141
99 87
13 10
57 147
137 15
43 60
15 85
22 104
24 116
55 138
75 122
54 135
100 85
74 106
89 123
39 78
136 114
13 37
124 126
44 27
24 55
113 11
5 107
13 120
111 5
57 116
73 3
81 106
115 140
100 13
64 134
114 106
68 94
127 102
50 116
1 127
107 38
26 80
23 140
134 140
9 24
108 98
75 67
19 90
104 56
125 80
60 82
78 143
11 112
147 83
107 70
45 105
97 148
6 124
81 91
81 73
102 93
105 74
50 37
4 24
21 27
147 105
16 51
149 38
22 121
112 25
27 17
124 6
5 25
22 26
93 130
7 141
50 5
88 141
40 4
13 2
64 43
94 24
137 126
146 55
85 135
11 109
19 16
16 148
91 112
55 73
95 5
122 24
96 82
14 21
4 43
68 132
77 7
5 22
66 111
72 117
71 85
130 20
33 126
18 93
142 129
35 88
112 52
51 120
141 64
54 134
126 99
29 6
3 145
112 119
104 0
28 37
2 104
0 96
71 109
122 31
69 65
29 91
47 104
123 30
84 28
25 108
26 30
59 34
23 32
60 133
104 37
4 118
120 135
144 82
131 2
75 63
54 104
4 118
43 65
51 37
3 41
73 34
131 33
87 39
13 6
37 52
44 63
24 99
105 10
22 1
38 45
133 142
96 145
76 93
141 105
122 126
60 18
18 16
110 23
128 4
32 143
109 49
80 10
7 112
7 10
42 108
3 98
44 66
56 59
93 142
69 112
4 17
2 130
89 24
102 110
21 32
55 56
13 10
85 107
112 73
68 123
81 25
142 27
20 74
33 138
102 48
41 148
17 108
32 24
20 56
129 126
145 105
129 75
115 45
117 71
18 110
109 13
25 148
86 149
60 111
81 135
100 58
104 68
53 128
148 62
18 52
19 41
90 53
38 94
59 73
54 111
139 59
47 112
131 140
71 102
45 45
22 99
82 44
15 90
30 115
3 7
37 103
142 26
107 93
40 118
132 131
75 138
26 30
11 93
47 112
53 2
94 30
71 113
16 67
48 71
53 68
93 43
41 57
23 89
8 5
145 32
84 122
26 141
8 130
68 46
110 1
37 118
59 103
112 64
9 103
112 37
104 148
85 14
93 86
49 128
91 111
23 45
141 39
113 28
28 5
138 88
27 60
87 123
9 81
73 129
52 70
135 143
17 131
103 11
114 6
63 63
132 108
106 71
15 64
76 87
118 129
104 135
125 21
77 66
21 25
141 78
66 43
6 39
30 91
86 103
126 69
68 148
56 43
16 90
65 96
132 31
137 70
143 29
18 128
22 16
16 89
76 10
149 109
101 103
27 88
37 5
29 73
82 117
87 0
31 26
73 124
65 92
141 101
133 51
50 5
132 138
125 76
26 48
128 140
44 21
77 113
17 58
109 26
35 101
140 85
93 140
70 89
23 33
91 55
128 97
92 70
27 131
118 17
73 143
118 80
57 48
12 14
45 44
140 4
89 77
108 148
19 15
6 7
90 52
61 115
102 139
71 113
141 23
112 75
53 70
86 110
34 109
122 97
39 123
70 16
80 80
4 93
69 77
20 86
81 13
148 102
50 26
84 11
71 67
146 31
115 19
111 80
91 127
148 40
39 140
118 1
96 31
110 139
103 12
142 56
114 87
73 54
72 51
142 109
132 77
20 12
30 22
35 6
86 0
110 14
53 61
56 87
130 143
6 70
137 47
4 116
127 26
20 106
64 53
111 102
48 26
18 141
57 78
11 61
36 87
128 74
7 88
96 119
139 4
144 47
121 75
17 92
104 4
130 25
62 90
12 41
33 83
128 137
109 103
120 47
29 129
94 21
122 0
24 48
141 6
83 25
60 45
99 96
67 25
66 14
75 71
128 137
30 0
7 61
102 143
143 148
89 0
15 62
130 115
34 92
116 146
6 114
13 121
0 8
142 101
61 82
37 54
83 11
14 134
17 86
9 15
62 78
53 49
138 42
87 38
125 31
116 16
128 1
63 122
61 39
47 55
85 15
116 95
46 101
19 21
57 148
68 148
27 108
15 65
24 37
113 30
127 6
46 126
36 30
47 57
41 114
1 106
73 134
32 10
22 49
55 50
134 43
22 22
133 22
7 121
64 40
73 131
10 91
30 81
146 126
49 12
110 133
125 131
122 22
107 91
57 6
19 76
73 36
140 123
145 5
75 123
142 49
51 81
110 101
62 0
85 76
44 3
26 116
61 51
36 65
98 63
38 28
48 146
15 46
7 125
118 139
62 24
22 135
101 59
126 118
45 79
60 149
34 85
0 78
105 134
17 75
80 112
114 135
55 119
58 111
89 24
109 134
136 88
54 123
89 145
138 21
118 86
149 70
72 137
142 114
33 119
84 102
18 63
3 106
121 76
13 2
120 52
101 46
118 79
116 89
135 43
64 104
59 43
105 32
25 24
85 145
90 122
83 11
54 9
70 89
80 75
136 144
49 144
117 134
82 122
52 43
58 15
48 28
97 117
107 80
56 44
95 90
14 84
68 121
104 57
71 11
20 16
135 12
34 47
30 94
52 8
10 70
66 87
50 61
72 44
55 43
65 52
97 1
131 127
126 11
61 88
67 36
74 0
79 29
80 47
91 139
119 91
76 51
135 69
36 147
57 123
1 143
111 133
10 4
79 41
137 48
147 137
5 4
39 94
107 48
85 127
136 101
19 55
12 119
37 123
123 15
131 33
102 102
43 53
118 30
74 46
24 39
49 43
90 14
107 102
66 115
61 29
85 18
113 91
128 50
127 16
63 91
120 140
30 81
45 138
149 84
44 59
100 138
97 28
59 121
40 147
117 112
36 145
132 1
60 88
39 93
72 102
53 72
70 102
123 144
64 37
23 91
112 58
111 11
147 48
36 23
77 36
64 58
123 54
60 96
44 30
110 59
31 122
105 80
140 29
59 110
111 39
148 143
28 16
72 113
78 119
107 123
136 78
146 38
149 110
95 4
147 106
54 16
131 38
145 24
81 132
77 135
32 71
116 117
76 66
96 148
61 5
37 48
119 84
111 94
134 46
108 11
70 97
29 142
52 67
6 18
17 3
89 15
148 93
81 33
135 53
62 32
89 79
44 30
59 53
52 91
126 89
92 112
125 128
117 17
92 75
27 118
72 128
90 27
16 33
76 127
29 57
120 121
137 19
29 47
148 6
43 15
123 122
29 32
37 0
62 52
133 59
55 21
3 108
34 138
145 14
127 90
48 71
71 33
25 71
28 50
91 144
40 53
99 19
5 66
131 19
101 141
46 74
79 3
72 141
89 6
43 78
40 19
55 61
16 82
56 36
64 76
134 132
101 88
136 74
46 48
95 21
117 66
126 69
75 120
52 6
80 41
0 115
6 108
108 32
58 7
115 27
73 85
117 13
62 58
138 26
128 27
118 54
52 38
54 130
40 85
142 99
72 148
34 4
119 71
140 32
95 73
61 52
59 79
38 86
85 54
142 38
106 102
69 7
7 48
141 128
42 102
6 2
24 23
123 108
3 45
14 41
28 143
39 64
44 58
85 85
74 98
91 80
31 65
94 93
117 84
66 13
146 81
144 64
105 67
55 15
114 94
20 89
123 127
76 54
108 107
80 26
113 56
39 102
140 41
126 7
48 95
82 137
96 45
73 63
41 57
32 81
29 56
122 72
143 99
123 61
74 92
48 127
56 77
48 10
108 82
108 22
69 131
82 83
139 41
102 9
111 70
93 21
32 142
13 55
90 23
19 56
40 127
122 113
144 33
118 53
84 3
13 29
143 145
57 80
24 30
103 11
69 18
3 145
145 115
13 44
59 8
53 137
41 124
19 48
40 45
106 8
136 4
55 73
141 89
127 110
63 57
130 40
64 73
39 118
87 35
83 136
149 146
48 47
49 104
54 11
48 67
35 49
67 86
47 96
131 135
35 69
118 107
38 139
25 23
126 123
108 76
71 11
125 76
42 118
95 43
11 53
36 107
133 34
78 18
2 57
88 102
118 118
11 60
69 87
32 149
126 146
19 85
17 140
82 114
104 48
25 65
13 35
145 148
64 22
76 8
71 43
95 107
118 127
88 67
84 37
124 100
72 144
25 15
146 147
70 102
52 141
87 131
95 21
67 53
25 120
126 123
83 132
124 121
136 51
23 136
34 73
78 132
88 13
80 66
145 139
45 139
71 23
82 35
100 42
1 16
66 52
88 112
57 65
149 19
140 98
77 15
109 141
53 120
38 19
103 86
69 145
79 136
32 77
112 18
12 49
126 34
7 10
56 44
135 26
49 32
125 13
103 39
57 75
70 47
74 45
121 55
36 14
16 144
65 59
125 96
4 7
149 31
56 9
2 132
65 101
95 138
0 132
137 104
32 4
56 42
24 89
75 14
70 135
22 138
6 67
90 97
15 97
1 128
23 78
82 80
143 141
122 29
131 32
5 66
132 101
72 59
131 89
45 78
20 45
55 124
146 109
59 100
99 20
2 88
62 137
84 63
36 17
36 16
10 114
143 3
142 1
123 115
78 94
133 88
82 36
7 112
115 111
0 100
95 145
32 21
130 91
105 129
4 2
27 111
104 135
96 85
29 40
116 21
21 18
30 103
68 134
53 113
116 127
15 77
94 41
120 3
92 126
79 83
144 109
117 1
79 130
23 44
2 69
44 85
31 147
51 48
117 11
125 112
82 53
116 123
98 37
95 106
64 35
73 106
52 26
55 85
80 61
50 83
103 90
77 122
34 142
7 63
65 35
116 140
132 9
2 47
64 131
82 51
15 9
92 148
123 117
30 143
104 86
142 130
134 38
31 109
45 64
97 78
39 143
61 72
133 110
66 53
77 136
132 121
28 14
119 9
134 16
4 21
11 6
148 130
136 58
79 114
13 46
149 40
11 47
125 144
101 85
111 39
50 129
92 115
67 117
110 115
48 17
114 118
102 73
72 137
0 24
38 5
119 146
17 90
147 91
38 34
97 121
73 129
128 109
100 57
129 16
49 62
66 13
111 70
26 35
93 60
92 55
122 17
85 30
86 101
3 44
101 116
98 18
105 128
50 34
57 140
2 41
52 11
129 12
41 16
42 34
132 8
111 43
25 127
39 56
90 50
77 56
37 79
10 70
20 40
1 25
12 59
66 19
38 22
109 96
138 110
105 62
93 36
24 26
101 125
124 59
99 149
138 81
26 28
113 77
55 36
28 96
106 68
100 8
103 126
112 149
149 144
42 70
11 115
116 121
7 126
125 90
25 122
50 82
97 111
119 128
123 102
26 36
63 19
75 37
83 9
103 121
130 91
141 143
135 55
71 126
8 92
141 81
130 131
147 77
17 41
23 112
38 131
103 145
105 126
79 112
65 41
123 139
57 84
101 147
126 50
8 1
8 90
82 86
3 42
7 114
19 31
117 10
3 83
13 49
45 118
39 25
144 8
83 116
67 96
95 40
7 66
45 7
143 43
68 136
75 78
0 48
65 32
62 77
130 90
32 130
74 50
108 92
6 52
75 38
6 125
57 64
146 27
80 61
0 112
105 21
86 142
122 64
94 82
133 115
107 40
0 17
148 104
121 123
122 29
9 129
135 90
28 117
86 13
59 148
90 103
144 82
137 128
21 28
107 81
131 4
24 10
121 11
99 8
117 65
24 80
130 100
64 34
95 52
94 46
139 33
103 86
121 30
55 12
105 71
74 116
72 3
39 9
115 141
22 129
6 47
2 140
94 32
130 71
130 148
97 38
125 68
1 73
4 103
78 103
99 106
14 6
133 105
37 99
22 41
84 106
135 36
133 128
76 14
46 44
68 131
69 55
30 139
21 145
136 16
42 71
104 30
19 130
97 135
36 19
71 77
140 128
112 131
63 124
13 96
109 52
131 26
58 92
35 100
91 83
41 23
131 114
37 86
97 129
118 41
73 29
92 31
78 82
1 70
96 51
34 37
128 105
46 109
125 108
118 105
48 9
147 10
116 121
11 71
13 109
117 16
113 111
26 13
11 32
56 130
139 30
135 78
3 45
137 147
52 146
10 85
146 91
15 138
73 60
26 123
59 46
84 75
37 121
45 51
140 51
141 39
23 84
144 120
49 78
35 28
118 4
123 105
131 94
143 131
145 22
50 89
55 95
30 102
55 33
10 56
104 51
94 149
17 141
147 50
72 109
59 113
39 56
48 118
119 94
44 21
48 3
78 25
113 46
71 140
69 122
100 2
81 33
39 78
57 96
50 131
25 94
67 79
124 83
114 59
147 78
144 3
26 29
66 47
101 3
93 0
120 74
113 118
45 28
2 95
115 81
111 31
68 55
95 79
112 83
31 110
64 54
15 118
134 144
80 21
70 149
17 27
19 1
80 125
134 98
113 123
95 85
60 1
144 20
149 36
90 66
23 15
109 56
123 107
81 76
90 91
65 42
43 50
90 146
147 132
22 135
69 115
95 113
20 44
69 148
117 56
135 137
67 121
112 59
27 58
0 70
47 103
67 4
148 23
7 108
35 40
77 127
14 139
115 81
69 70
64 26
122 53
120 106
14 16
129 7
135 3
2 75
136 43
81 133
89 1
145 90
138 8
112 105
25 54
20 23
23 125
24 8
71 89
52 72
78 83
71 144
40 41
30 76
116 52
10 86
97 107
4 95
147 48
42 15
30 18
88 116
49 45
91 105
63 93
145 112
88 22
94 149
107 72
129 135
117 30
65 146
87 77
85 19
36 84
73 132
21 10
15 22
46 130
127 136
40 67
6 8
114 54
29 118
37 48
131 76
84 119
7 31
4 32
135 19
84 53
31 98
98 21
62 50
40 103
56 81
71 147
67 111
10 130
128 91
80 32
14 88
29 126
104 13
25 75
2 45
120 100
25 20
34 118
13 109
146 61
116 127
65 143
60 70
79 36
91 96
2 110
38 46
75 93
24 1
67 148
85 47
108 32
75 1
128 32
75 41
117 68
136 133
57 137
51 69
47 58
29 16
56 16
110 63
37 7
3 54
55 140
147 70
39 57
0 11
128 139
145 6
1 68
85 20
114 149
73 1
7 14
4 34
15 1
21 109
54 11
43 74
31 109
56 140
147 1
116 29
49 59
113 137
114 45
44 94
90 72
102 73
114 61
131 94
94 109
73 29
32 41
15 83
25 64
123 29
93 130
114 0
66 142
44 63
86 123
134 10
37 13
77 74
46 78
86 86
97 132
74 35
101 41
8 134
109 144
37 63
103 67
136 75
38 86
134 86
66 51
25 136
148 70
24 126
61 141
129 137
81 146
87 137
92 12
41 135
42 24
90 89
123 0
25 61
44 28
113 24
27 66
65 123
93 124
58 16
11 89
71 4
3 4
77 23
72 138
55 130
55 22
80 27
92 127
1 0
47 36
90 98
39 132
103 30
17 85
146 56
73 22
128 122
30 145
42 111
18 6
44 83
14 66
22 13
128 92
39 6
100 49
54 34
53 65
72 67
87 45
29 45
48 0
85 93
148 35
89 23
16 36
147 94
93 13
117 115
134 97
1 96
16 137
54 122
10 50
108 80
61 11
135 22
15 46
30 76
12 24
4 75
78 88
25 21
34 129
20 32
49 16
82 80
67 119
25 11
67 69
96 13
132 143
125 6
56 23
124 80
132 78
144 81
30 7
105 62
90 6
43 75
80 123
31 143
22 116
81 21
47 96
15 1
94 7
82 47
129 47
96 4
140 108
138 142
13 57
79 131
19 33
74 16
92 36
23 76
32 91
52 26
65 123
24 139
123 93
106 136
146 47
147 97
103 149
124 24
47 63
0 120
109 53
142 49
127 21
79 110
27 81
19 21
62 65
21 70
73 52
134 101
123 116
16 124
52 36
18 29
148 81
133 97
140 47
110 121
31 17
115 57
53 81
114 33
79 27
67 121
86 114
133 93
92 138
20 133
19 70
4 130
72 1
121 30
33 75
132 114
73 126
54 67
141 134
70 114
50 70
69 48
112 82
104 5
149 39
7 140
122 98
120 53
118 34
14 76
65 39
109 63
144 140
137 26
105 23
32 46
17 25
73 46
104 77
95 140
136 6
31 74
28 83
30 19
112 134
60 96
129 120
19 137
95 55
149 99
147 3
10 47
94 73
78 49
106 63
60 62
60 94
15 27
116 5
33 9
39 111
82 124
81 123
21 3
90 115
115 29
20 66
82 92
77 96
43 45
64 64
74 74
40 92
67 43
58 84
126 5
91 59
130 78
35 43
83 97
117 48
38 94
130 7
38 114
28 31
118 115
10 68
16 69
12 68
75 124
46 19
54 60
4 103
106 2
137 119
34 131
0 69
89 84
71 0
94 33
108 144
127 127
90 73
95 120
75 149
134 140
22 140
144 21
149 35
47 130
8 137
28 4
83 24
146 92
98 60
64 39
96 70
142 86
6 124
70 40
133 49
4 67
116 16
130 93
69 25
79 76
128 136
108 113
104 74
10 32
17 36
60 25
146 134
1 61
3 142
79 25
108 120
98 31
132 97
40 84
113 116
79 5
26 62
118 114
46 131
106 49
86 95
61 51
115 30
61 106
33 71
116 56
72 31
57 130
96 123
101 128
92 134
68 30
99 61
38 140
140 110
6 50
136 134
23 107
60 64
136 98
81 49
13 135
108 39
79 145
134 49
0 56
149 92
11 133
17 55
25 87
70 120
84 31
102 42
145 149
32 146
86 89
111 86
92 15
97 26
31 71
147 145
148 120
149 12
78 149
2 123
18 54
77 95
131 91
12 61
92 27
90 18
93 95
29 87
148 97
96 75
65 47
96 94
103 66
109 83
49 127
9 1
59 142
82 68
20 21
122 88
66 20
32 57
20 44
58 35
9 5
112 99
112 109
112 77
138 22
20 19
38 115
99 44
26 96
43 103
124 130
127 39
47 141
109 14
89 61
144 72
15 57
103 115
45 23
47 84
38 14
71 72
55 31
51 51
94 144
15 111
149 133
50 87
56 91
112 149
33 130
27 15
132 116
116 81
99 28
16 17
84 97
44 113
60 38
1 137
58 130
132 148
38 130
2 143
58 11
73 146
129 148
65 57
46 22
108 1
97 96
34 24
52 128
147 116
107 121
144 19
114 41
103 36
93 6
83 89
37 87
57 34
125 22
115 60
83 105
101 10
3 20
145 55
18 65
23 19
132 102
8 34
23 53
137 65
82 105
66 148
68 85
117 60
100 10
80 82
30 73
14 28
32 110
61 63
78 19
52 112
79 132
5 115
149 137
4 98
16 27
28 93
19 44
5 64
117 133
50 144
112 74
19 37
132 89
125 65
148 100
42 16
13 92
51 146
46 136
124 75
129 97
99 25
47 128
33 45
123 22
121 136
99 45
18 11
25 132
19 80
146 11
63 118
101 62
56 126
144 80
145 50
4 21
96 24
35 42
82 25
5 117
95 121
116 2
104 136
79 100
11 118
49 104
133 50
2 83
96 42
133 94
128 148
16 9
98 85
39 104
23 34
115 112
110 87
62 122
4 23
81 67
85 145
25 55
134 59
65 11
110 132
112 106
93 78
109 37
143 80
6 132
25 122
44 62
11 37
143 100
52 41
30 87
100 45
43 12
65 107
114 54
84 4
133 3
60 39
106 49
71 63
133 84
123 102
122 138
133 17
8 132
35 6
40 135
6 115
126 40
38 23
68 101
148 145
44 93
25 140
17 56
87 65
63 78
9 49
86 143
45 73
93 45
39 34
39 145
36 111
94 146
42 61
5 125
112 27
16 49
137 72
8 84
132 111
107 126
138 54
59 83
5 116
27 110
81 51
145 87
133 94
26 67
59 56
128 80
32 27
114 127
78 107
149 51
94 50
72 100
134 66
40 84
95 67
99 90
124 13
113 134
89 58
93 82
63 60
35 17
62 44
55 110
142 101
4 101
127 57
25 44
99 69
8 95
19 7
20 39
73 59
101 125
43 58
84 35
60 82
92 4
79 65
71 106
46 84
92 63
36 7
31 15
28 66
52 86
74 77
74 4
17 98
28 95
127 131
50 128
142 125
80 103
61 116
52 127
122 34
100 141
128 75
76 92
119 23
59 42
143 45
129 134
76 53
74 139
135 14
127 111
133 82
35 14
64 1
129 106
65 43
149 48
55 14
61 62
146 140
119 134
89 53
59 10
117 56
78 126
123 54
52 132
3 71
30 49
2 26
5 14
89 76
6 53
33 83
60 129
136 135
112 138
112 9
90 131
62 22
110 29
141 19
2 104
116 115
109 71
13 121
1 51
52 37
8 79
21 131
73 95
71 91
26 4
145 53
13 98
14 15
8 134
83 55
40 83
10 64
78 21
82 93
9 37
95 136
149 107
41 128
11 18
63 1
97 20
115 91
54 132
32 62
36 47
124 4
124 15
147 92
76 15
91 110
148 42
132 21
115 94
23 108
51 58
31 109
32 147
85 25
29 135
18 126
108 84
144 2
79 134
75 111
121 25
29 10
96 84
29 96
17 112
96 102
135 67
105 86
84 120
110 15
50 122
10 57
49 46
110 93
103 143
61 62
119 28
138 54
23 5
77 106
49 11
63 122
80 9
87 6
125 59
79 12
18 32
136 113
101 92
99 143
14 134
92 59
0 47
108 140
23 57
28 71
76 112
127 33
62 70
6 4
13 73
96 78
83 36
148 36
50 43
4 42
126 21
11 38
59 137
102 52
72 62
27 104
81 68
63 80
34 112
82 101
128 0
99 54
128 129
101 53
58 29
3 146
17 101
20 3
95 96
39 56
84 73
118 26
98 85
115 9
23 97
142 74
37 141
12 103
116 79
25 84
21 56
87 7
8 86
107 94
103 14
111 119
137 57
138 65
99 91
37 103
37 30
24 29
112 129
139 115
76 131
11 106
131 57
132 119
147 42
46 94
34 129
31 100
11 115
16 7
132 50
134 110
146 34
61 30
24 135
68 116
119 138
145 99
53 38
139 119
69 62
65 30
73 42
147 78
133 24
60 63
33 127
9 125
66 95
73 34
124 145
44 74
111 149
86 63
47 47
13 115
105 11
5 129
4 106
111 49
105 68
54 148
61 86
142 77
30 141
118 22
38 53
25 67
40 40
127 132
57 19
18 104
105 26
98 97
29 36
2 91
20 4
93 11
87 138
3 107
60 24
35 53
26 79
45 121
144 103
89 112
31 41
63 77
64 38
94 42
123 126
8 32
15 46
98 0
39 97
27 130
80 16
147 108
137 63
45 75
53 62
97 82
144 110
47 36
36 73
30 128
28 10
126 52
82 48
40 83
53 7
92 103
148 89
136 123
31 10
71 65
9 20
51 25
77 108
129 80
42 66
55 45
1 127
127 99
91 27
115 148
113 100
8 35
0 88
70 112
63 135
62 97
132 140
120 62
125 81
64 67
43 54
18 16
0 127
48 70
109 108
144 9
0 64
142 30
9 47
95 84
15 28
133 35
15 18
75 75
137 18
26 26
20 22
54 138
124 89
59 111
96 28
39 44
69 137
54 60
138 103
88 7
101 63
78 9
131 38
27 110
5 56
132 134
52 134
49 76
4 98
124 129
30 9
121 54
124 99
132 15
36 1
87 91
115 100
39 130
115 42
72 47
127 4
35 42
142 90
139 54
113 71
17 29
62 66
98 67
44 97
113 17
125 61
1 20
9 69
12 23
0 138
0 143
116 89
119 121
149 149
33 42
26 36
106 42
133 2
102 49
50 126
77 119
67 38
87 52
72 95
74 76
146 67
101 100
115 14
7 70
81 7
16 34
79 24
29 93
133 136
65 136
139 47
11 19
35 119
83 44
117 93
134 59
43 36
116 33
67 56
110 82
40 139
6 105
36 53
64 140
122 61
119 83
147 37
102 108
49 114
29 131
27 119
95 2
23 23
73 46
132 45
89 109
27 117
124 105
68 4
115 45
87 107
65 15
28 130
16 104
127 112
55 65
143 59
61 26
124 48
2 94
84 32
123 134
123 140
40 63
41 18
13 89
82 138
17 132
120 49
83 119
38 76
28 44
56 50
27 29
128 4
65 106
133 134
123 97
109 60
19 101
117 48
35 112
18 124
111 115
67 14
50 31
145 58
48 80
119 129
144 101
113 4
97 12
79 33
132 143
90 77
3 15
99 106
64 69
44 58
46 109
56 90
24 39
43 92
106 148
24 50
137 148
9 31
59 30
69 78
21 81
71 83
26 139
52 121
74 104
96 140
115 66
106 73
23 116
10 103
5 53
120 135
115 9
75 11
83 77
48 42
88 77
50 34
79 142
119 70
126 147
46 123
119 141
28 42
133 34
52 19
62 135
11 91
16 143
39 23
13 28
131 135
33 33
58 98
115 14
131 64
146 110
43 88
10 53
119 29
29 10
0 31
127 149
117 81
55 101
24 71
102 65
74 15
80 135
73 99
115 19
16 101
68 106
48 132
97 29
63 146
46 22
144 61
36 63
72 29
89 16
11 49
138 114
63 36
66 117
53 79
107 89
149 26
56 78
48 132
106 131
126 42
37 80
140 92
72 45
84 59
22 18
41 49
3 134
61 127
46 128
88 74
110 145
11 41
5 6
111 104
15 136
125 3
46 102
36 132
86 130
106 114
92 23
57 122
109 67
92 117
29 124
145 96
133 126
81 23
46 138
83 111
32 49
62 29
4 132
87 149
3 133
65 58
124 58
6 14
74 27
100 106
67 82
0 74
97 35
42 86
20 106
113 88
51 7
37 106
102 34
128 109
87 76
8 27
60 57
55 148
146 127
57 90
87 111
130 50
3 111
143 46
50 99
53 31
77 105
75 5
122 7
94 96
106 121
9 30
65 134
123 62
48 149
41 94
12 7
15 17
20 21
27 86
56 29
94 16
51 115
117 45
90 121
49 73
89 114
70 102
13 51
118 56
114 122
46 4
96 14
54 75
30 149
40 52
81 113
63 85
130 139
138 7
25 90
80 46
35 137
97 132
92 123
145 101
19 133
117 21
25 15
103 147
139 41
68 98
127 100
80 86
149 80
77 147
117 110
116 98
33 57
92 22
107 7
16 140
96 121
26 59
2 1
16 93
142 129
122 80
21 0
98 72
95 108
72 61
77 140
13 86
29 56
64 143
139 81
106 67
122 70
138 1
86 127
89 93
31 119
22 3
0 74
86 50
98 111
81 126
81 119
23 49
118 110
116 51
117 43
1 132
49 2
71 56
105 65
52 73
17 31
105 82
6 149
144 136
9 133
109 137
137 53
65 70
94 73
103 109
109 76
27 14
68 132
72 1
58 53
101 23
88 61
51 19
43 107
93 87
0 20
73 57
87 134
119 145
124 71
107 9
7 99
37 37
134 72
119 132
87 48
117 82
30 7
34 103
94 57
130 17
49 18
127 6
92 114
78 61
127 138
138 75
1 100
54 14
27 30
143 95
61 71
88 117
145 73
130 96
52 17
129 70
61 140
97 66
109 82
64 127
81 110
83 128
146 31
42 112
65 71
102 146
30 130
94 76
64 107
47 139
11 88
90 133
3 118
53 57
76 102
69 146
75 24
143 28
80 1
62 66
105 39
117 123
149 4
15 91
98 145
121 95
72 120
88 104
84 78
77 127
3 78
106 111
118 109
19 122
101 69
115 43
41 13
24 140
39 118
50 32
63 19
119 131
147 124
123 47
62 50
123 2
95 105
104 0
64 146
76 89
77 110
71 30
105 99
86 145
137 29
122 116
114 52
6 19
19 89
146 111
120 92
6 111
46 6
86 90
44 127
5 90
3 111
62 116
110 52
11 92
19 46
3 28
19 55
12 37
148 35
109 21
105 16
29 75
92 145
129 134
106 131
30 127
115 82
140 121
72 116
110 107
149 122
135 84
81 65
4 42
122 50
114 116
95 88
100 66
66 64
39 96
125 38
88 37
18 144
103 36
148 97
39 143
139 116
149 99
31 135
117 3
1 93
102 114
45 68
57 66
125 137
111 115
54 82
42 27
132 40
70 101
8 53
86 16
92 135
145 146
149 58
135 4
21 15
142 114
99 56
89 72
121 121
66 29
10 46
28 53
96 12
143 30
94 126
2 83
109 109
149 72
22 115
120 136
60 61
68 77
79 21
133 52
119 70
105 28
3 74
115 8
92 142
124 149
121 113
148 76
83 82
87 72
46 62
73 70
107 118
96 71
66 21
52 144
5 134
24 5
48 8
145 63
127 44
130 38
100 149
49 44
92 148
19 60
61 59
111 113
30 126
22 83
67 58
131 139
94 93
64 62
73 81
32 119
37 99
54 36
102 27
130 112
101 25
83 1
14 44
5 29
95 131
14 24
1 28
38 99
126 111
38 70
57 77
137 73
110 122
80 40
12 60
106 141
19 122
39 102
143 7
145 138
95 56
132 132
43 39
133 45
77 135
116 74
53 59
79 22
125 60
96 141
130 71
126 145
105 65
14 60
87 47
125 21
96 92
89 126
9 64
130 13
63 116
55 113
72 54
37 103
49 133
102 50
145 19
13 79
148 64
67 4
75 28
42 89
127 27
146 114
110 118
75 121
138 84
75 40
101 54
109 83
127 15
78 65
81 0
9 40
98 44
142 128
78 24
144 56
108 69
98 74
73 133
22 144
111 45
52 108
63 3
149 6
128 13
112 72
107 44
21 74
19 87
31 119
138 116
4 113
9 20
112 104
148 92
24 109
31 127
139 134
39 36
139 70
77 79
81 120
140 81
105 41
25 15
36 42
50 92
53 6
74 4
77 111
7 35
48 42
130 107
144 27
84 6
8 50
4 21
143 0
56 25
0 99
121 140
148 66
137 30
105 8
96 116
81 121
25 108
50 17
115 125
112 64
132 37
28 46
132 97
50 73
114 121
28 82
70 89
15 73
10 116
105 105
82 67
41 134
58 32
74 47
14 54
41 103
70 98
28 36
149 80
45 149
94 144
78 105
44 121
0 98
21 99
45 34
129 16
58 94
58 99
60 68
92 98
107 10
120 54
52 92
84 91
109 126
9 13
76 121
42 127
40 142
81 129
149 29
58 16
61 19
118 85
116 33
86 46
13 54
129 135
78 89
66 144
14 62
101 13
2 118
42 7
91 131
27 104
121 113
57 143
51 54
43 71
10 144
8 42
142 122
77 81
21 148
70 60
74 39
149 122
50 43
139 38
55 83
142 140
32 35
148 59
68 149
123 96
128 29
57 144
40 22
17 125
53 50
5 63
58 97
118 97
82 83
116 132
93 137
31 123
107 14
30 18
30 0
45 95
109 49
135 91
88 80
89 134
118 22
134 27
12 70
125 1
33 141
127 87
102 115
71 111
53 74
116 108
138 127
46 8
107 67
70 63
117 110
23 139
108 55
14 79
94 58
124 144
59 138
36 28
78 95
64 114
38 25
80 58
84 1
111 99
102 45
96 32
22 45
118 40
1 49
80 18
7 112
55 133
14 73
7 59
30 131
70 32
73 104
146 44
6 115
120 90
49 31
67 121
62 39
103 93
38 71
37 98
41 65
65 133
15 136
32 49
88 130
102 22
87 34
118 142
50 2
112 126
131 30
66 56
66 40
60 88
109 59
129 102
40 95
128 98
17 53
144 3
19 61
37 51
8 113
56 92
45 132
23 40
53 134
55 118
12 54
1 22
81 46
30 94
25 114
125 139
98 129
28 55
61 94
33 14
53 115
13 133
114 76
122 31
133 127
36 16
43 80
49 61
41 65
142 93
70 67
125 3
68 120
51 55
30 134
144 121
72 14
97 141
100 44
103 124
45 66
96 109
76 15
8 94
98 48
141 117
85 25
81 54
27 42
139 96
118 28
69 15
110 3
30 60
49 129
41 73
126 53
109 88
59 44
114 108
143 132
29 134
111 65
25 13
37 86
27 70
52 1
145 26
48 102
70 106
126 133
148 41
145 33
91 20
91 1
78 105
137 100
29 40
53 47
110 26
54 51
12 118
61 118
98 41
34 95
143 22
87 30
73 28
31 84
88 22
0 145
42 58
82 135
57 54
31 145
17 8
36 143
16 101
105 98
100 6
52 7
40 73
23 137
108 12
5 9
3 52
85 1
33 133
80 91
133 131
4 107
76 119
7 60
41 114
134 58
87 78
138 121
95 83
9 42
106 91
143 65
43 77
57 20
92 28
71 110
74 41
134 129
146 120
106 141
138 115
68 113
144 133
139 4
54 29
97 126
73 139
138 48
89 107
98 111
70 53
105 57
95 135
119 81
111 22
84 47
121 145
144 102
82 135
116 131
65 95
128 106
15 104
139 136
95 49
96 93
70 131
60 111
129 88
124 110
11 145
106 120
80 98
20 126
20 77
0 138
13 66
131 33
22 66
49 17
148 133
121 83
138 22
25 37
128 125
61 39
30 93
96 74
70 68
147 89
128 47
70 122
126 39
76 71
95 136
75 5
84 89
9 67
8 73
76 138
45 86
149 135
141 29
123 76
70 72
121 143
60 141
14 127
88 20
11 12
99 20
145 46
61 140
21 77
98 57
108 49
85 53
101 25
65 106
75 101
51 124
111 87
90 57
85 40
22 127
79 136
21 68
128 112
60 148
132 3
96 124
80 23
41 53
26 138
142 137
120 41
35 27
8 57
6 129
85 24
143 102
95 17
118 47
31 116
15 60
40 23
75 64
50 38
55 113
71 6
110 95
104 88
98 5
63 0
126 124
73 138
53 89
66 55
101 40
81 45
76 17
108 14
44 15
60 14
9 10
96 7
26 123
146 62
6 99
100 2
0 21
100 21
32 96
61 45
101 14
68 41
57 53
149 3
83 126
91 47
66 148
10 7
104 12
110 74
43 45
99 31
22 83
129 33
105 33
112 95
57 33
27 48
84 46
136 98
60 145
97 100
14 48
93 65
149 118
9 29
96 32
25 49
130 46
23 122
44 37
51 134
110 137
94 80
62 93
118 39
10 130
144 113
94 6
31 142
115 21
70 41
134 2
111 50
22 61
83 41
12 4
86 75
68 80
85 107
134 29
60 25
14 101
54 128
142 145
87 69
133 86
74 107
7 145
54 67
123 99
35 99
80 48
2 60
137 57
5 54
0 134
39 30
90 42
112 72
110 27
20 22
135 115
108 17
26 66
11 1
54 91
108 8
142 117
125 149
24 111
138 39
91 81
67 101
65 109
13 58
38 98
27 94
140 112
73 114
85 47
52 44
34 141
139 110
85 137
59 44
41 5
137 28
11 28
87 67
71 1
88 119
0 62
54 20
50 78
145 104
140 18
113 15
120 9
114 15
113 93
90 125
82 64
143 67
107 101
46 74
122 37
145 91
76 29
17 110
49 120
13 73
75 63
42 121
88 129
16 135
37 111
127 16
115 6
95 118
38 33
40 68
77 149
89 51
139 38
105 97
15 123
36 16
66 52
30 18
125 106
83 73
86 48
82 23
46 56
25 19
72 14
24 78
60 133
118 91
57 33
96 148
5 99
83 114
64 23
55 75
56 101
103 121
17 114
86 115
82 117
1 57
11 90
147 93
52 147
67 3
64 35
74 27
131 33
109 119
65 107
73 84
21 89
18 36
48 3
43 121
130 27
148 107
62 125
111 54
73 19
93 93
81 78
48 116
6 34
53 36
71 74
36 129
28 117
59 94
33 76
121 122
18 36
6 63
106 46
75 19
64 78
14 81
100 0
120 44
103 37
64 127
47 125
59 142
124 91
86 39
37 125
30 146
52 75
88 75
58 113
20 64
131 54
143 77
140 111
21 37
49 106
104 1
14 55
4 74
108 101
135 147
6 18
135 8
65 15
148 101
12 108
78 16
3 129
67 143
74 119
23 67
30 107
3 125
61 18
5 5
99 69
78 125
138 126
115 71
67 69
63 68
48 17
123 94
88 121
97 122
114 121
137 98
104 7
85 21
106 28
107 63
126 13
97 8
48 100
144 4
148 9
94 73
10 58
21 88
138 113
74 37
116 122
12 52
23 19
48 28
134 140
105 14
129 90
58 26
92 27
132 18
59 74
76 115
100 84
121 112
56 31
43 108
56 118
4 48
31 22
40 107
110 5
77 106
88 73
112 14
20 96
120 144
65 146
78 105
82 79
42 36
22 53
112 5
135 10
7 42
94 136
18 107
65 16
130 45
51 125
26 54
28 3
77 124
99 110
122 57
131 121
86 93
127 149
39 13
1 5
69 0
80 2
94 23
100 93
79 65
56 83
140 36
129 49
73 52
69 94
89 4
94 109
135 74
124 69
125 110
112 0
46 82
130 70
77 66
97 67
83 112
65 8
7 75
0 67
27 41
125 115
2 137
50 24
46 125
113 43
50 2
44 85
149 29
87 31
101 74
113 85
124 95
120 68
138 83
7 68
108 6
1 81
108 140
4 5
141 32
54 29
35 61
20 95
71 115
28 65
74 137
146 116
112 120
56 39
81 140
18 14
81 80
127 34
72 138
126 146
86 31
107 39
138 103
56 16
6 68
28 120
115 110
136 64
120 134
96 129
60 53
29 41
106 115
28 53
123 39
6 0
78 143
127 11
7 61
12 27
77 87
35 106
2 93
90 149
101 47
117 88
117 16
3 18
133 54
0 87
106 85
71 6
107 78
27 28
60 93
13 144
86 30
44 18
131 4
113 141
134 125
85 44
28 21
76 102
84 136
130 28
41 106
33 61
78 18
19 97
142 29
122 50
51 85
69 52
45 42
20 19
12 43
84 49
35 108
12 123
47 25
84 81
20 135
18 146
118 129
39 47
105 146
0 47
70 24
54 86
70 17
149 79
36 59
149 17
52 72
127 116
65 136
124 41
15 87
122 0
10 48
52 38
33 54
94 39
13 50
94 32
91 99
149 115
24 15
110 58
49 25
142 46
1 97
142 149
45 44
38 79
38 83
115 41
38 127
103 140
140 2
121 3
31 113
26 137
107 96
133 1
83 109
50 70
148 19
100 126
39 7
95 51
113 72
115 108
141 58
16 50
86 83
95 11
118 124
141 69
78 23
12 138
83 32
62 83
46 36
38 98
56 52
8 78
109 119
74 99
91 65
80 64
133 16
21 132
106 33
14 23
33 26
45 66
117 46
70 85
127 59
14 45
17 145
140 130
99 47
5 140
108 55
37 91
0 38
0 53
133 56
134 70
81 64
66 53
128 138
50 7
31 58
64 58
124 144
75 3
120 27
6 67
83 125
65 8
73 73
82 15
96 80
20 70
72 25
90 17
90 109
110 37
121 25
120 67
125 33
121 116
87 27
91 78
142 16
11 118
146 70
11 145
75 2
93 9
53 52
17 123
57 73
69 109
101 88
132 59
139 44
129 135
5 111
121 90
80 135
32 33
98 70
53 88
86 113
62 139
123 30
136 33
148 112
139 79
147 58
21 87
31 80
43 73
114 75
16 46
20 52
16 60
85 61
130 134
114 59
147 1
144 67
68 114
112 34
82 77
123 37
67 28
18 80
14 47
133 13
104 45
98 124
83 68
110 75
132 48
118 78
149 61
137 25
61 13
27 28
135 130
93 142
39 55
140 143
15 54
20 128
62 75
43 98
27 59
39 36
35 47
99 103
147 13
106 48
137 125
123 47
25 124
95 31
8 125
31 130
66 121
125 136
54 104
108 50
52 89
136 99
56 98
14 9
77 78
7 3
99 126
64 65
142 90
15 95
66 106
51 10
128 143
9 60
97 92
33 13
7 45
117 56
96 68
144 142
104 18
24 82
115 99
127 63
47 33
91 90
97 89
15 135
101 25
77 102
46 19
73 57
79 120
74 148
131 121
147 51
68 13
91 13
89 141
108 111
5 56
9 141
120 127
27 138
47 139
122 116
135 103
53 131
102 8
86 72
21 129
11 89
143 50
142 2
138 132
78 44
98 32
68 15
70 53
41 69
96 70
125 121
2 0
0 122
45 72
49 124
81 103
60 100
21 67
46 77
89 88
115 115
75 75
119 42
37 103
90 130
87 109
24 97
66 69
109 26
36 116
105 51
105 132
8 54
75 54
2 6
6 147
91 101
48 59
37 77
44 60
26 126
28 127
136 122
110 106
114 117
76 128
68 21
85 36
28 145
83 133
58 133
24 27
145 45
43 20
70 40
84 13
63 148
78 13
59 117
26 26
90 32
93 4
149 36
78 120
113 126
19 135
97 131
123 36
17 43
18 22
4 18
34 10
136 37
81 122
102 120
29 149
132 139
59 111
67 40
7 25
139 130
16 107
107 103
64 25
46 34
14 25
12 59
43 22
149 2
114 107
98 115
102 45
114 50
124 17
125 53
89 135
71 49
32 63
83 58
147 116
133 114
72 76
33 2
112 132
56 89
132 99
137 93
90 88
119 111
60 39
96 143
104 15
47 92
73 99
132 13
65 111
28 141
53 88
82 122
50 96
11 94
84 83
75 121
3 12
140 14
40 6
131 20
36 111
75 55
128 79
13 132
93 71
115 20
95 109
108 97
65 93
94 14
115 102
98 147
114 96
53 101
137 144
8 130
146 134
138 24
94 136
105 90
84 20
67 58
108 63
13 94
84 140
79 69
45 81
48 33
77 43
16 4
19 12
47 136
126 94
84 112
110 16
62 47
19 59
21 40
19 88
142 34
90 26
75 134
76 103
108 79
49 65
92 42
105 114
9 119
113 53
99 69
104 98
78 122
20 59
12 123
26 21
102 92
106 32
130 36
41 143
81 29
43 5
31 109
24 134
68 112
30 81
122 35
83 28
110 2
23 10
59 143
49 21
6 22
71 22
19 31
77 8
4 124
43 98
70 32
67 62
138 28
48 84
124 146
63 13
73 54
72 118
88 99
82 109
66 105
61 92
18 88
25 23
72 31
59 43
29 123
89 43
67 34
128 63
19 83
87 51
73 116
77 124
30 43
21 122
106 71
87 114
80 67
12 61
78 142
25 49
12 146
105 21
30 54
111 134
49 45
33 135
68 109
127 119
111 36
12 13
50 23
143 83
99 13
56 13
27 74
87 118
121 18
148 120
27 92
75 88
7 0
46 23
144 83
14 64
0 147
43 6
1 51
106 90
145 12
100 93
99 65
62 2
39 59
60 73
131 104
101 35
111 2
31 147
0 24
137 98
80 53
143 45
147 1
35 29
39 106
19 143
89 106
38 103
140 78
56 36
64 145
127 46
51 40
77 28
96 94
71 28
40 81
76 27
138 66
2 130
135 131
38 64
58 103
39 35
38 92
127 19
32 93
32 11
53 86
81 126
11 42
2 37
15 14
127 95
102 17
18 124
113 126
32 33
32 82
57 149
23 52
33 56
135 2
3 147
80 97
48 61
53 4
56 93
76 110
18 99
57 11
96 75
64 58
140 61
80 57
16 149
117 55
66 36
62 69
96 131
146 99
16 19
0 64
137 3
117 27
88 27
66 101
93 100
70 34
120 43
100 63
40 144
111 16
114 67
67 66
27 2
41 124
111 89
71 129
26 136
120 131
21 144
62 135
28 0
67 35
77 115
22 59
20 140
2 98
72 141
123 58
102 16
90 11
32 119
19 87
46 94
113 118
83 100
110 118
94 62
115 97
16 76
3 110
111 5
41 149
85 95
67 26
81 41
15 30
17 90
84 66
145 105
116 128
54 125
1 113
54 144
91 53
58 58
140 127
81 29
121 96
69 111
59 33
53 101
126 139
146 90
49 6
78 143
59 96
14 56
105 112
55 2
85 13
41 7
18 31
132 69
123 45
39 63
114 102
97 63
88 28
45 72
37 6
42 88
48 125
28 49
83 144
1 15
70 126
48 36
38 107
33 0
56 9
133 92
116 59
16 98
26 77
51 0
40 1
5 125
8 100
87 18
66 92
13 25
59 31
137 126
117 2
52 63
23 69
79 105
94 127
53 51
16 40
124 88
11 70
4 118
69 122
122 58
105 50
52 115
6 98
4 93
89 129
21 87
112 10
109 141
69 25
35 108
49 109
27 124
55 106
24 124
86 114
101 95
88 70
43 143
2 89
119 85
52 90
122 33
52 125
63 65
106 32
124 89
130 45
85 82
89 103
4 143
94 58
60 31
87 39
81 90
93 72
23 27
40 56
62 113
122 117
32 10
32 146
27 60
141 117
24 0
13 56
111 117
55 12
134 82
50 95
103 126
80 28
131 46
121 122
121 74
35 108
28 13
17 40
38 19
77 107
141 90
148 98
94 91
115 63
52 97
44 147
62 43
147 110
116 7
10 2
37 3
13 31
148 147
124 115
2 103
9 109
57 31
38 57
137 112
107 6
27 110
45 136
149 92
71 38
94 74
6 133
93 56
41 106
130 10
60 75
2 53
142 57
80 59
61 134
121 146
109 75
90 137
104 98
9 39
37 68
113 98
140 3
46 100
104 24
119 18
99 67
0 69
27 49
125 42
110 145
136 115
37 38
8 59
136 130
102 87
93 77
78 45
21 138
114 102
113 113
82 72
90 121
124 145
29 88
73 66
28 54
112 85
124 121
149 103
50 131
82 33
32 20
90 1
100 61
107 34
38 100
54 115
70 41
128 144
119 22
59 118
65 129
19 30
108 59
41 129
104 85
109 4
38 15
129 17
85 143
40 93
16 33
16 61
20 146
62 83
78 39
78 86
58 137
120 82
73 33
14 142
95 118
1 107
15 126
95 113
49 149
89 50
132 130
32 79
146 12
21 11
95 63
101 149
27 0
129 20
94 6
6 53
37 57
53 13
86 69
15 121
112 44
46 90
124 144
90 6
101 105
51 73
101 29
143 0
18 118
28 44
6 13
126 54
110 137
79 133
126 55
143 10
35 79
106 48
146 100
51 5
81 93
67 75
55 138
39 142
146 91
16 34
32 37
136 0
115 59
56 142
90 136
84 106
132 76
123 22
31 130
14 124
27 64
134 98
58 12
130 38
82 31
127 38
136 104
139 40
143 21
73 41
28 27
15 130
75 146
7 50
102 31
94 43
146 35
31 77
1 149
65 13
53 79
94 48
87 76
39 55
112 122
48 129
77 18
61 45
48 116
16 96
31 1
36 24
2 85
70 141
17 105
2 60
50 133
52 80
146 8
122 93
51 67
63 128
89 66
144 29
82 130
142 143
18 128
30 95
102 63
53 94
22 135
47 68
118 86
29 107
93 51
22 34
94 79
112 36
29 83
43 18
2 6
127 54
105 61
3 48
50 130
140 135
114 44
63 38
45 123
34 110
0 124
58 85
109 55
34 117
46 33
89 30
81 124
29 147
83 135
106 138
99 63
20 114
92 109
75 109
119 78
72 38
125 86
69 83
28 1
29 89
18 21
138 94
123 81
50 16
79 102
113 90
119 123
47 14
50 47
37 103
62 109
25 47
123 84
125 0
46 50
113 143
60 119
77 130
80 120
3 7
53 5
15 47
62 110
6 40
133 40
10 36
78 137
88 107
28 58
92 96
12 22
50 115
82 25
95 60
29 6
16 120
121 118
87 40
16 17
118 69
119 69
99 106
6 124
6 60
119 50
8 55
82 119
145 141
17 48
146 65
83 62
0 134
124 24
74 47
94 84
94 40
54 31
134 62
77 22
9 21
136 32
37 101
113 27
45 92
66 94
133 124
30 8
56 99
36 9
94 38
96 64
78 117
5 78
47 65
27 15
29 135
119 137
101 128
55 119
67 104
23 17
87 138
148 102
67 138
61 145
74 64
138 104
114 70
109 94
55 82
107 66
141 74
22 73
68 142
27 64
145 14
13 27
78 45
146 133
136 84
134 46
60 143
116 53
11 66
80 29
41 17
118 17
57 27
139 142
114 61
126 134
130 110
92 141
90 94
5 17
148 118
32 67
67 128
82 1
77 49
75 1
109 2
76 47
48 148
92 106
67 85
134 70
45 45
90 74
108 73
148 144
128 57
46 124
140 91
81 116
43 133
6 78
65 68
64 18
65 138
3 99
92 108
128 40
34 58
42 143
134 41
100 120
21 26
71 101
24 127
12 132
118 48
47 135
120 98
21 124
74 73
52 102
144 129
100 79
4 37
52 92
69 138
60 44
15 39
122 96
19 84
47 71
58 22
17 142
95 6
126 83
58 57
53 122
104 111
123 86
30 18
25 132
51 106
11 87
65 62
99 60
51 92
16 21
9 53
146 1
50 7
139 60
140 146
62 12
125 2
23 67
61 134
23 6
80 72
59 101
124 84
89 145
26 49
43 23
142 98
76 30
50 122
93 54
138 5
6 45
115 145
34 144
135 67
93 12
149 104
58 39
9 76
133 112
112 44
120 119
12 94
83 120
19 111
53 132
41 99
139 91
79 141
101 132
107 117
144 41
137 61
142 36
68 82
142 131
66 101
149 120
37 30
107 89
96 71
42 106
0 12
117 66
75 140
85 51
12 70
78 75
44 71
82 144
28 149
40 97
42 28
10 69
0 80
104 113
51 12
51 37
32 12
111 0
26 91
133 142
133 80
65 121
39 19
112 29
62 42
114 43
57 69
129 62
88 140
24 22
85 36
138 58
51 34
41 36
127 94
53 27
90 101
130 134
35 38
92 111
125 68
9 102
134 59
68 10
7 132
145 139
97 59
139 108
130 0
142 126
5 125
2 114
103 64
51 124
140 44
149 10
140 28
46 118
97 67
102 14
59 4
8 69
146 89
134 38
60 3
128 82
125 79
66 57
75 72
40 86
67 53
69 137
19 143
145 112
54 78
62 125
51 144
21 71
112 31
145 67
29 69
62 94
3 96
80 4
1 89
33 71
86 130
149 31
63 102
61 76
16 30
138 134
59 33
70 109
113 88
105 143
123 102
26 4
43 88
72 133
0 39
59 83
131 32
136 122
100 32
62 134
112 102
54 144
119 53
71 21
62 145
94 104
80 125
147 111
85 77
146 113
115 111
34 25
53 2
60 39
104 23
11 125
112 108
146 79
79 85
64 145
135 10
135 17
135 55
149 103
118 128
111 74
76 21
64 81
17 53
104 26
19 29
62 146
117 2
81 126
40 22
51 46
1 142
5 2
73 23
69 132
144 112
36 58
96 45
42 74
11 1
49 81
83 82
74 14
48 140
76 146
62 96
17 95
13 140
110 11
76 70
87 72
6 100
118 105
88 71
66 69
6 62
135 67
75 52
116 41
61 110
29 73
121 118
139 136
36 13
64 53
20 94
94 147
88 101
80 14
81 110
31 23
61 51
11 87
109 53
74 68
127 133
126 1
117 138
126 14
104 136
148 148
133 83
32 115
30 13
76 129
99 12
29 139
117 8
138 141
100 29
132 111
0 91
103 66
70 37
125 16
71 59
78 67
129 134
27 63
39 66
147 41
76 108
119 17
20 87
82 8
104 106
97 35
19 38
116 40
17 4
8 124
147 8
50 81
90 76
119 116
126 84
129 137
104 118
11 93
111 115
111 33
60 102
120 112
103 148
119 101
34 13
96 143
114 91
23 113
59 81
32 62
65 5
105 83
5 47
105 107
47 50
52 116
72 99
17 30
42 67
73 62
31 25
129 14
82 5
120 111
51 55
8 115
10 70
76 112
126 45
39 113
8 92
107 74
133 56
111 135
8 28
48 20
132 135
100 14
139 63
28 58
74 98
68 102
110 56
144 69
24 144
20 80
104 64
59 32
122 58
31 102
57 39
100 101
94 138
83 134
67 74
65 118
54 108
115 140
24 61
128 52
145 71
143 110
50 35
25 14
35 17
41 43
94 84
135 129
144 128
120 65
13 50
93 96
15 38
80 83
16 19
88 79
49 53
30 102
50 145
57 63
69 52
86 43
83 44
97 74
134 82
46 140
106 100
33 47
88 119
135 96
77 104
94 106
92 74
83 15
7 99
130 139
43 121
149 135
116 32
122 2
128 101
73 53
26 99
11 61
15 121
66 114
6 102
74 4
144 95
18 84
129 16
38 93
111 24
128 140
124 45
41 10
14 86
68 6
123 83
114 16
11 90
52 140
30 16
132 91
120 62
57 149
49 130
147 4
62 77
136 55
119 95
111 106
0 136
81 55
93 141
128 48
125 60
29 92
53 60
72 127
40 119
37 134
117 53
30 2
88 51
93 92
71 79
113 57
80 111
32 30
9 133
94 103
98 120
129 61
51 50
59 28
127 83
29 142
94 28
77 40
72 48
2 49
127 9
9 59
87 19
83 63
45 58
103 70
106 52
107 14
84 19
143 139
45 93
140 107
9 9
26 124
35 98
51 74
50 26
89 115
112 1
127 80
136 49
53 43
149 99
83 133
118 121
68 43
113 68
131 36
134 40
85 109
101 26
67 109
2 53
101 39
63 15
108 4
133 137
17 15
53 143
81 43
47 39
110 112
45 119
83 13
71 77
0 126
42 67
59 93
86 34
64 76
65 15
8 121
18 115
147 131
36 135
58 21
92 12
128 88
88 74
138 132
14 43
33 58
12 2
106 130
104 106
72 16
56 79
39 50
85 39
111 51
144 64
79 38
25 11
114 30
104 106
57 132
60 11
57 141
75 52
82 138
144 28
82 105
80 144
55 33
103 87
44 26
103 93
3 146
25 78
20 129
38 63
75 121
91 132
80 49
104 97
98 40
109 1
134 9
8 47
42 85
89 148
145 110
47 51
7 31
93 36
89 69
35 100
5 109
143 149
130 81
39 91
30 120
6 9
131 120
80 0
113 65
99 101
59 79
51 30
72 40
55 6
67 35
143 130
138 31
79 134
49 134
147 100
26 140
76 3
123 76
94 114
24 13
60 134
9 75
90 45
67 82
1 37
54 27
37 109
18 124
92 24
123 3
116 9
97 135
145 58
142 130
30 126
39 92
54 130
114 56
83 125
23 26
25 43
145 20
14 122
47 141
80 22
71 35
130 129
29 28
47 5
17 57
102 52
19 67
64 10
133 130
72 7
27 124
59 77
34 30
13 15
103 62
56 95
109 122
27 68
2 13
65 71
106 2
127 36
55 132
94 26
33 134
41 120
101 120
51 6
112 2
8 110
136 103
118 17
114 48
121 58
89 133
132 99
143 75
138 111
131 100
134 40
107 1
130 98
79 89
28 114
31 142
32 113
47 22
61 29
53 55
25 47
96 91
113 25
41 138
68 61
75 95
138 135
75 43
55 98
42 87
80 143
65 138
87 35
56 54
83 17
137 75
61 49
83 7
12 104
8 98
67 53
138 25
49 65
69 92
75 87
137 131
98 30
73 45
130 36
39 32
132 34
58 104
74 136
31 16
10 44
70 122
92 21
76 130
16 146
18 105
96 105
96 91
73 27
148 122
107 149
126 126
54 51
69 27
99 79
147 16
39 7
19 46
37 132
40 42
72 98
84 74
43 147
54 108
114 100
142 30
44 37
53 127
49 33
73 130
25 14
123 65
4 0
34 25
133 88
40 10
83 123
56 84
76 33
12 122
56 35
53 116
68 91
125 87
118 124
144 100
55 132
72 147
114 6
91 16
39 127
86 129
80 114
57 18
143 99
149 85
41 37
142 14
25 41
95 123
25 6
132 27
56 134
63 20
99 64
125 104
27 116
136 96
111 24
18 88
103 20
57 105
66 89
135 45
132 13
94 55
72 132
137 129
45 84
127 52
13 112
36 10
82 108
22 108
75 7
20 88
97 105
147 29
120 52
71 118
61 50
89 14
138 135
105 45
13 77
32 17
120 17
79 16
19 122
62 36
4 12
40 98
144 71
25 77
38 67
40 55
15 2
100 53
116 63
133 103
95 131
100 25
72 23
108 72
119 57
149 57
81 113
7 64
34 60
64 83
146 76
68 48
142 87
31 84
57 132
102 125
31 102
137 140
97 55
118 107
39 51
125 122
86 34
133 138
42 26
29 109
123 128
55 98
39 4
126 74
87 57
125 93
142 89
65 25
7 137
101 118
105 93
91 22
1 83
107 73
18 19
101 128
68 48
120 25
8 5
146 148
72 26
126 9
111 85
61 98
35 106
94 64
145 13
36 88
106 4
85 19
27 109
82 97
20 0
48 118
49 64
6 83
84 17
44 55
136 40
2 75
47 41
67 90
45 96
11 5
94 96
114 95
118 111
54 94
93 13
145 29
78 10
21 19
94 41
72 27
85 142
115 99
36 147
23 114
53 60
75 13
60 114
53 105
116 140
101 78
134 11
12 66
81 143
88 85
16 143
52 98
90 60
58 90
0 52
21 139
17 74
131 81
75 116
14 11
7 125
53 107
134 18
60 14
86 127
83 21
148 53
87 116
44 8
114 29
29 36
28 136
27 118
117 42
61 16
18 96
96 27
7 84
131 73
115 30
8 10
26 79
97 94
52 80
16 3
22 33
57 106
35 103
16 144
19 49
50 21
95 134
29 78
45 125
93 71
1 23
6 126
115 63
75 23
35 50
78 10
95 71
115 72
7 42
93 148
24 147
80 111
122 92
129 93
20 51
101 66
56 85
60 40
1 112
66 41
82 34
116 104
90 14
110 48
18 17
115 50
67 123
75 128
50 1
39 116
6 41
29 33
69 37
22 137
95 44
137 54
116 2
96 45
139 131
36 53
80 47
75 130
60 90
94 116
0 29
123 61
92 113
59 24
26 70
38 33
9 71
54 144
42 17
44 72
81 44
140 52
68 23
95 81
149 61
18 55
25 114
62 29
55 30
81 60
54 43
13 103
109 140
145 83
149 126
130 38
19 34
59 1
133 104
25 40
82 42
129 117
3 66
36 6
139 118
44 32
147 26
75 109
21 82
41 63
30 61
88 46
132 60
33 108
9 40
4 4
46 40
144 50
143 109
145 38
57 70
57 94
65 6
125 74
137 113
33 124
73 38
22 115
89 17
59 97
137 129
104 23
110 129
111 114
21 69
62 117
110 100
38 73
137 104
67 146
9 47
75 110
17 34
102 43
20 126
23 35
112 34
139 30
134 119
52 95
30 35
48 89
82 139
133 112
68 104
31 61
48 119
20 119
134 149
134 147
80 20
93 125
73 111
90 145
81 42
71 2
101 100
29 36
112 88
63 9
108 132
54 44
138 139
54 109
21 62
48 26
28 30
1 58
112 92
24 40
49 94
56 137
96 20
20 132
25 97
68 54
46 53
66 78
130 130
83 55
7 1
35 11
122 79
102 19
59 104
72 23
148 67
73 12
112 148
91 37
71 110
128 83
73 50
28 10
110 81
0 148
0 127
30 149
147 141
8 128
56 101
64 51
33 93
110 130
126 72
89 19
12 94
148 100
137 68
117 53
54 133
143 77
20 77
72 124
60 117
100 61
122 109
110 21
64 121
30 67
88 102
126 84
124 145
122 19
146 3
29 54
101 66
76 104
65 24
134 134
19 7
82 81
137 26
56 49
114 66
22 25
83 20
17 77
93 148
144 123
118 61
49 24
84 101
148 81
114 118
27 10
138 120
22 42
71 42
85 3
63 120
37 57
53 89
143 4
54 148
42 140
117 98
139 149
4 142
108 149
69 38
70 22
49 23
91 75
37 29
127 74
106 38
133 18
13 76
71 85
15 140
38 123
39 88
52 126
140 42
122 116
46 19
135 125
75 105
73 62
82 44
59 124
18 48
141 143
145 101
55 130
58 47
16 43
113 88
115 77
60 137
87 142
133 55
54 19
145 115
9 100
27 83
54 100
40 130
43 55
146 52
19 137
60 49
139 49
6 7
46 65
121 27
41 69
78 116
66 80
70 96
32 10
77 71
22 112
149 87
28 28
101 81
8 142
130 43
72 12
58 108
50 88
69 84
106 77
103 45
8 60
138 94
133 63
17 16
8 119
45 127
133 88
16 135
3 49
70 3
148 82
12 40
81 144
142 126
102 107
21 131
117 103
25 102
76 43
89 75
104 39
10 34
59 82
33 70
107 65
70 28
146 6
141 66
61 98
107 102
4 53
149 104
66 50
103 86
132 56
144 88
120 17
115 110
32 118
13 82
93 23
3 115
86 143
68 36
131 47
21 140
19 74
145 123
116 44
104 49
10 107
14 118
46 107
149 52
34 13
139 51
114 137
120 4
102 127
59 45
82 30
28 110
35 136
103 102
57 22
2 116
80 132
95 25
138 52
85 55
46 14
141 40
70 68
18 16
87 143
6 70
14 116
127 120
135 27
67 64
38 58
97 81
66 33
11 134
109 113
134 68
26 36
65 39
59 60
66 141
142 111
84 40
1 111
89 134
101 147
21 125
67 119
2 3
112 40
59 116
140 143
82 0
132 84
99 88
141 80
32 106
138 149
147 87
79 85
103 9
33 50
75 20
142 30
33 82
139 89
17 55
73 86
2 95
97 138
41 59
146 124
83 135
49 88
55 96
132 89
84 75
24 141
39 91
111 117
141 95
116 145
6 27
57 22
33 14
92 55
11 102
18 60
5 132
20 92
59 75
12 32
59 58
113 148
35 69
51 139
37 12
15 21
41 143
125 142
30 57
69 119
133 5
103 25
86 39
12 101
5 109
18 115
53 70
74 55
61 63
82 50
8 106
102 29
75 6
65 61
53 46
113 64
105 7
104 48
88 107
63 63
48 65
0 31
87 64
23 88
28 58
70 93
148 11
93 106
127 4
110 105
111 6
16 136
35 118
94 16
48 43
48 34
30 70
35 53
142 129
138 62
146 100
41 91
17 121
95 71
68 108
63 132
54 0
138 95
65 99
61 68
129 42
146 53
125 75
66 10
71 101
72 109
138 71
17 133
149 102
1 90
102 108
85 67
57 45
105 80
28 6
50 24
139 27
110 71
95 88
90 1
57 15
62 99
147 134
76 78
137 71
110 70
23 70
119 58
65 91
1 34
143 1
30 54
48 141
144 100
83 139
5 40
51 114
89 38
113 132
43 107
116 63
149 20
73 127
56 127
127 29
46 39
63 12
13 124
63 48
39 136
146 6
4 57
17 30
90 147
4 114
85 50
25 68
58 33
64 44
60 43
134 61
116 111
16 112
125 13
31 130
117 54
139 10
122 3
115 26
90 16
128 11
60 52
129 111
86 71
141 40
68 112
38 23
103 145
44 25
41 28
56 118
41 32
50 115
73 40
114 28
116 76
81 55
78 148
10 124
8 113
79 112
31 11
39 42
88 55
100 71
80 31
135 138
35 19
19 115
125 105
87 112
127 66
75 72
75 1
98 18
125 33
144 119
119 146
135 118
86 41
105 18
6 38
100 2
95 46
3 72
1 57
45 71
135 73
132 131
107 52
91 119
53 49
63 20
149 27
83 119
5 56
89 9
131 136
119 22
109 78
112 106
51 136
37 125
31 95
77 98
48 51
52 60
54 2
99 86
35 112
24 23
126 87
84 52
28 71
113 65
84 105
113 101
119 3
19 125
2 59
51 70
64 127
99 4
47 48
121 104
56 98
81 117
2 6
69 107
0 32
77 120
108 94
29 100
9 40
101 128
93 24
11 72
29 27
81 144
57 13
120 18
18 17
143 50
133 146
9 116
37 49
118 20
83 54
1 48
41 129
133 32
140 96
118 129
135 68
107 122
109 145
44 64
71 82
95 3
9 62
127 17
97 125
123 40
117 35
86 134
139 125
116 1
75 109
57 95
115 33
134 126
132 31
33 64
81 80
127 124
120 75
51 9
2 102
147 0
63 6
86 128
11 119
107 140
5 58
24 78
74 101
48 30
87 73
19 58
7 60
102 113
37 46
96 83
123 19
97 144
80 129
54 124
125 42
92 54
25 29
134 54
69 56
126 3
135 103
52 84
61 18
111 113
103 53
0 91
26 138
36 33
32 88
110 122
21 27
5 112
131 54
20 105
26 33
37 83
33 49
46 26
127 54
81 105
34 44
80 88
12 142
124 32
54 80
72 4
38 81
127 123
78 26
93 21
83 137
145 31
7 101
84 83
21 42
140 138
139 114
103 119
143 146
89 103
61 104
70 5
29 94
45 42
117 74
97 23
129 76
97 108
62 142
70 121
59 68
134 130
68 67
42 37
1 15
51 77
4 46
21 3
94 31
127 3
60 62
46 98
71 3
59 16
65 41
87 60
133 102
60 88
20 33
141 30
40 72
77 106
81 56
103 55
25 149
36 107
3 7
53 101
57 147
138 41
64 50
124 51
97 128
59 78
132 90
123 108
55 80
67 92
61 110
46 82
22 41
50 104
53 112
79 73
71 72
30 88
60 135
74 141
129 18
53 133
146 110
52 108
12 8
15 35
108 30
41 45
80 127
25 55
82 48
141 137
13 112
132 134
130 41
127 111
53 119
133 122
148 126
118 49
115 72
131 50
59 31
4 4
133 18
118 130
139 97
49 87
8 133
128 35
76 121
130 67
53 46
101 70
12 68
128 83
106 125
44 105
53 115
28 37
147 94
44 108
14 129
59 77
55 55
108 24
80 54
4 59
111 29
109 117
80 144
95 71
94 18
66 118
61 96
67 81
122 116
129 20
90 57
143 44
120 24
143 142
14 6
121 50
29 18
50 146
2 99
70 123
107 108
3 117
67 103
112 17
132 73
82 98
137 65
40 60
132 23
116 109
113 87
7 10
82 71
12 146
56 130
18 96
3 24
61 3
58 16
77 113
18 21
21 9
61 136
93 128
21 124
13 83
25 82
10 134
70 10
25 130
121 134
45 37
33 125
19 27
93 83
17 133
138 109
19 134
46 106
50 51
149 48
31 65
23 54
105 132
55 125
35 51
134 83
99 32
75 86
38 121
36 36
144 126
86 55
104 46
124 82
130 92
93 9
0 5
72 119
27 101
34 28
24 25
76 121
93 17
92 44
77 65
77 47
95 97
45 126
13 143
32 93
129 87
32 20
47 29
87 133
108 31
92 29
51 26
56 130
57 28
29 73
93 77
139 74
74 67
110 24
72 56
4 26
20 128
110 145
60 102
131 61
29 96
40 114
77 99
65 132
60 94
135 11
81 81
142 148
10 46
3 146
55 27
80 134
8 114
14 10
33 133
33 112
7 28
103 140
8 89
61 69
50 149
120 58
84 84
142 55
148 144
9 117
94 101
25 138
110 115
142 44
7 102
101 16
46 43
77 135
64 91
133 117
34 41
63 84
123 24
146 144
7 75
101 39
14 110
40 36
24 136
10 130
128 68
70 94
52 63
123 101
6 55
104 90
73 140
38 53
132 7
14 19
20 17
126 64
115 81
28 126
144 88
56 59
29 123
68 59
58 28
129 28
109 47
94 139
110 101
60 76
74 137
17 4
140 78
11 6
107 8
67 119
6 77
65 74
63 98
92 112
10 132
20 65
126 135
134 97
17 93
133 58
50 106
145 49
120 13
125 144
102 130
76 7
116 31
140 112
39 75
79 106
130 32
26 125
28 18
81 16
66 111
4 37
42 29
121 2
54 84
53 95
91 33
106 94
28 116
47 84
29 117
64 104
7 8
42 99
81 145
139 133
92 80
91 65
127 115
108 59
31 45
109 141
56 74
17 67
41 128
79 148
54 94
0 71
51 141
52 50
2 73
148 93
110 114
40 43
45 59
28 8
22 69
104 146
22 106
37 101
60 11
93 83
54 147
26 137
111 9
132 17
115 97
105 100
43 143
73 92
109 64
134 70
134 47
140 99
92 45
123 108
25 86
14 131
118 140
61 108
77 67
77 2
2 106
21 132
58 25
23 56
62 77
19 2
102 126
2 34
107 10
33 143
124 51
13 123
17 86
3 85
113 93
22 116
88 25
18 144
14 18
133 69
108 34
7 10
43 130
25 75
103 53
100 39
129 16
91 15
43 96
95 4
148 30
82 126
9 82
102 34
89 8
73 17
6 45
65 134
102 97
97 45
145 72
4 19
142 100
7 85
41 98
27 113
11 40
30 5
16 87
48 21
125 102
79 122
73 80
23 61
123 100
144 97
103 51
31 129
120 23
12 34
111 149
26 36
27 55
98 29
40 32
39 0
73 122
107 27
38 68
57 92
54 27
57 101
32 133
24 82
20 119
134 136
21 99
76 131
125 49
141 86
55 146
101 92
90 122
99 118
117 128
15 121
134 11
46 129
55 111
70 37
57 27
84 114
148 31
30 1
98 131
0 69
25 120
125 67
144 90
103 123
82 114
60 81
135 35
76 20
46 128
149 1
40 32
18 24
131 43
44 39
11 83
61 10
49 139
0 120
148 146
63 37
121 92
66 58
10 57
42 86
25 95
48 59
125 103
114 94
53 98
114 140
19 124
4 126
67 4
28 64
115 56
144 32
6 47
25 73
43 144
43 92
100 104
81 124
63 20
143 137
142 141
103 28
76 46
14 73
62 7
123 60
32 131
124 131
53 147
111 46
37 20
109 26
22 75
102 12
96 128
128 10
91 143
44 88
103 102
15 51
90 148
103 11
121 26
56 10
99 79
119 16
74 127
23 5
5 95
135 67
17 0
99 14
116 64
105 65
109 10
27 13
62 69
78 41
86 5
114 21
31 23
62 85
31 65
97 16
124 97
117 134
92 67
114 18
100 109
41 63
65 125
108 36
56 113
19 77
45 12
23 145
18 114
29 132
80 148
29 9
104 3
121 137
1 20
33 132
98 147
66 88
27 75
106 99
9 141
107 5
126 2
77 60
131 22
50 111
91 33
51 52
43 127
46 105
78 62
130 40
26 57
140 123
88 21
92 21
31 20
2 70
135 133
58 103
5 122
20 42
127 69
122 137
106 135
110 107
129 106
9 7
64 113
28 34
78 54
85 32
38 131
140 132
147 38
11 112
140 59
35 109
85 69
122 7
113 103
58 40
3 76
86 10
146 12
139 83
66 22
7 102
36 77
75 74
69 39
137 5
125 82
17 138
103 3
58 21
62 89
32 65
63 111
147 1
106 86
12 71
139 89
138 19
36 81
126 36
94 90
48 27
87 69
80 0
138 73
6 101
142 143
3 51
134 47
4 56
34 117
74 78
69 144
46 141
137 84
81 109
94 30
93 24
31 17
119 148
35 8
17 88
32 86
105 7
74 18
49 6
58 76
107 73
67 79
126 103
71 26
65 102
63 80
77 49
45 131
47 74
86 77
46 133
120 148
79 69
35 71
100 122
133 75
95 135
21 94
7 71
51 93
64 116
100 56
99 41
48 4
45 117
127 87
43 92
32 146
0 110
143 44
65 97
138 19
29 41
143 128
124 115
85 64
6 110
95 77
71 55
96 119
86 25
46 6
119 113
36 72
25 104
136 134
97 79
89 23
39 54
95 20
52 30
119 64
138 63
141 103
149 90
29 146
59 65
115 54
70 57
93 149
128 88
86 127
120 107
108 8
137 99
63 86
60 38
53 74
119 140
102 22
139 97
36 103
20 17
26 39
75 27
16 11
139 108
123 45
89 94
43 19
14 44
78 94
115 96
94 80
32 60
49 92
146 23
148 22
27 7
80 136
77 8
87 0
118 12
52 58
138 42
131 135
125 49
21 82
10 149
127 45
43 3
84 100
15 63
129 23
147 113
23 144
118 59
143 125
72 139
79 96
60 114
89 137
115 60
35 109
64 36
34 138
70 75
141 86
107 39
113 87
4 53
131 104
5 103
109 65
135 144
78 29
79 132
20 102
120 51
37 9
145 62
17 55
78 47
99 60
25 124
30 54
83 12
39 19
85 64
47 45
111 99
78 67
118 101
55 12
55 75
23 7
79 90
27 75
19 49
58 82
78 19
105 17
34 126
3 139
100 105
127 24
16 75
48 9
73 95
38 44
99 132
61 41
136 79
17 36
85 101
8 117
91 128
124 60
127 9
74 89
36 3
16 91
106 26
66 46
14 4
55 40
25 50
102 139
20 121
65 144
37 95
99 54
102 121
126 131
59 8
32 80
46 78
130 93
23 80
12 131
47 142
99 61
125 2
62 125
82 142
111 101
58 104
123 65
101 121
108 93
6 21
107 51
141 79
84 32
64 7
49 61
117 79
131 127
98 92
140 111
69 42
114 10
110 140
117 129
8 4
19 32
39 146
145 4
118 47
97 26
141 75
133 79
143 69
3 118
148 147
62 125
82 35
80 132
21 105
131 83
17 97
85 146
24 148
127 3
73 9
83 68
105 106
136 55
2 123
33 92
74 73
7 38
83 22
126 122
29 2
107 52
129 65
90 80
28 85
60 15
86 50
137 143
88 86
14 30
60 74
28 118
137 105
31 90
43 80
63 3
47 85
143 68
4 35
63 16
73 144
132 33
95 115
132 117
17 148
69 146
139 89
102 94
23 20
60 99
109 145
16 36
68 87
44 131
83 28
123 144
149 148
64 147
11 106
134 122
113 60
115 86
26 2
144 37
58 52
2 101
94 114
23 37
95 62
37 4
87 49
6 21
33 4
39 100
116 103
97 113
96 39
75 41
8 37
17 20
85 127
108 30
97 7
97 35
37 50
79 101
47 61
136 119
29 17
26 62
120 131
7 69
107 72
22 148
96 28
67 53
90 141
54 43
23 122
16 34
91 48
15 136
126 79
57 144
29 86
8 81
78 2
138 93
24 37
52 10
109 115
64 85
32 22
87 147
121 145
36 52
113 17
81 108
122 142
40 44
33 8
77 27
41 53
60 114
70 137
55 39
49 135
127 127
146 124
3 65
125 68
64 116
39 149
9 100
37 7
97 82
147 89
112 45
68 54
137 46
132 18
118 106
11 91
127 141
59 7
124 144
47 1
47 64
13 86
120 136
115 10
54 119
15 12
33 100
28 18
118 147
96 130
27 35
39 26
65 93
148 34
61 96
96 57
15 85
138 118
53 69
127 36
50 35
11 68
120 60
146 10
113 4
111 139
130 3
117 128
32 40
116 146
1 66
20 123
50 117
142 65
73 63
108 48
29 101
141 68
105 44
130 56
51 136
121 43
13 90
21 17
14 81
96 114
146 127
145 79
79 88
39 149
60 112
70 17
141 129
133 74
77 81
143 148
125 137
142 100
93 71
17 95
113 0
137 9
108 7
84 22
8 135
65 18
58 112
144 108
36 2
86 64
126 8
100 72
23 89
51 83
105 68
66 89
8 52
17 129
107 50
130 139
51 79
30 68
101 68
134 9
60 45
80 34
145 104
142 127
66 146
57 95
78 82
145 135
125 101
3 121
142 146
13 116
35 80
44 13
31 66
19 145
133 16
6 88
80 27
129 41
28 5
70 77
89 78
90 34
49 51
21 92
70 72
125 127
121 119
46 129
123 136
34 33
13 125
10 40
80 98
3 36
65 68
95 26
141 81
2 45
76 19
148 94
14 109
1 35
97 22
92 62
63 112
86 56
124 129
141 47
77 67
88 94
42 88
13 138
36 85
29 41
113 28
116 59
10 50
74 109
11 110
107 138
60 147
57 94
18 124
59 149
35 125
7 81
54 47
113 129
146 56
24 100
143 42
144 44
60 134
62 63
101 123
141 80
133 103
79 147
107 82
21 31
12 141
137 70
43 94
68 9
27 64
138 50
70 9
14 20
31 69
72 42
66 45
68 30
55 87
80 81
90 43
57 106
87 81
71 60
26 18
103 140
139 35
58 103
99 128
124 7
48 89
131 65
76 5
42 61
53 123
55 37
144 50
102 129
111 64
40 79
26 137
11 80
11 45
62 123
127 57
26 46
86 22
26 90
126 18
49 86
49 130
38 76
45 134
23 12
92 27
138 65
97 84
97 45
137 9
102 11
64 137
35 30
124 80
141 89
51 53
96 111
27 14
59 61
0 147
4 70
54 91
139 20
58 98
124 49
104 41
107 1
16 96
146 108
116 41
133 134
83 96
17 86
88 68
29 74
105 48
124 44
95 60
104 98
21 63
16 137
12 46
85 21
45 10
65 116
100 73
90 81
97 48
60 127
60 17
35 57
54 137
60 31
102 141
41 65
16 69
91 123
47 144
77 63
4 83
52 90
26 33
102 110
37 144
38 77
118 97
123 36
74 37
84 94
8 30
46 39
19 42
134 0
137 122
23 62
125 43
102 14
104 126
114 36
27 78
106 84
86 96
8 103
101 120
32 44
67 97
5 96
80 85
36 55
71 32
70 110
36 26
88 92
147 52
13 61
109 116
100 29
108 8
84 142
130 7
90 91
139 130
88 26
30 102
114 53
43 21
44 59
79 88
51 118
4 33
48 143
84 115
35 64
90 39
88 117
141 98
92 8
117 33
79 66
37 15
105 2
123 98
9 127
127 20
148 14
70 77
15 20
43 101
68 108
14 137
122 38
135 118
111 62
64 59
77 13
76 134
130 77
46 30
66 125
95 40
67 122
3 38
77 141
71 50
9 72
130 61
11 75
83 8
81 37
144 129
7 110
34 16
69 117
19 78
142 94
121 4
123 14
120 11
41 37
31 92
46 126
46 77
85 49
86 1
2 11
29 53
38 60
20 148
75 11
28 61
111 108
68 44
95 68
125 68
123 21
3 127
39 18
110 78
87 33
122 115
53 35
18 122
142 33
132 92
40 50
34 52
77 95
74 40
134 54
107 9
102 10
103 6
139 10
54 59
56 91
148 54
74 72
82 57
136 24
86 64
108 130
114 24
58 2
15 112
44 104
1 58
106 14
143 136
118 0
48 17
29 102
17 129
120 110
105 6
63 100
70 41
85 37
7 107
61 31
59 90
76 1
128 48
129 26
134 101
61 33
88 72
36 27
2 124
82 83
82 29
61 16
123 144
95 92
101 140
37 86
63 83
20 106
76 72
68 35
42 104
63 21
144 45
39 144
67 14
109 15
79 63
44 124
142 28
120 109
0 18
27 113
107 86
44 11
53 88
5 49
10 138
31 108
35 6
104 1
55 7
88 137
92 39
103 57
44 53
1 5
24 89
35 27
101 137
101 62
73 0
103 38
93 75
9 125
1 88
83 101
101 124
39 63
42 97
126 126
135 42
94 105
67 144
98 70
78 14
84 2
128 1
18 118
77 136
19 76
51 132
139 3
16 80
88 149
88 41
51 70
121 114
65 13
76 141
64 75
33 126
81 75
81 124
0 47
102 73
2 84
35 7
108 28
98 3
125 45
114 133
82 105
72 128
3 118
91 37
99 100
83 127
53 60
63 55
146 44
142 103
86 128
101 115
115 33
130 141
105 56
105 113
54 145
59 138
6 111
148 119
30 52
25 91
15 22
26 40
39 61
130 51
28 37
142 114
130 119
147 51
58 46
115 42
4 94
101 110
12 19
145 72
70 0
7 118
19 100
136 60
50 0
61 133
64 144
34 147
126 24
110 30
83 84
147 104
104 108
143 98
124 5
101 73
87 21
143 58
119 138
68 149
119 122
84 124
60 40
103 12
71 42
67 98
129 136
76 25
51 40
19 27
39 145
72 70
11 32
61 1
111 147
0 46
84 69
7 4
6 98
148 11
21 113
112 64
52 40
127 110
118 149
60 81
78 139
67 70
72 52
89 10
113 145
67 106
60 9
64 126
123 86
89 19
99 16
45 116
25 143
81 32
79 78
148 97
72 99
117 123
147 41
87 28
36 64
125 139
47 86
43 44
47 85
72 61
71 33
31 5
22 124
131 117
48 125
30 12
135 12
39 74
27 11
124 44
91 61
35 84
45 110
37 65
143 55
30 117
65 1
118 82
113 78
137 47
136 3
96 93
41 73
90 9
143 123
48 68
76 73
54 63
18 49
7 63
10 31
113 117
33 35
88 107
124 67
49 145
50 65
123 70
129 30
22 57
13 3
86 136
52 57
21 85
0 145
145 75
42 8
86 108
60 104
46 64
94 140
106 90
38 123
31 128
87 57
36 71
94 99
94 26
128 88
5 89
90 38
81 35
125 41
13 7
31 39
3 8
36 141
63 89
27 99
147 70
60 147
77 47
59 23
110 72
112 39
124 15
64 26
119 64
40 140
96 131
118 4
41 36
20 90
67 2
94 77
58 99
103 62
68 14
46 74
24 66
112 89
82 147
51 35
71 11
64 132
92 110
59 25
56 100
131 4
95 90
10 124
64 64
125 22
29 100
37 9
135 57
94 145
36 29
141 27
45 57
84 134
114 59
128 95
138 90
37 102
125 122
29 56
26 119
26 149
107 111
139 39
126 84
57 83
116 1
4 128
67 138
132 68
17 39
28 96
142 61
120 110
122 94
104 86
71 140
69 47
106 36
39 6
133 131
137 12
5 30
16 145
130 89
40 57
109 30
110 104
17 34
22 99
114 60
137 39
38 23
15 82
92 80
122 102
134 134
146 24
94 97
51 100
17 8
110 5
72 70
138 125
132 114
134 7
95 12
17 58
43 98
60 17
101 75
56 34
123 112
121 107
17 86
63 118
5 27
74 109
42 107
20 54
117 9
146 130
20 42
108 33
37 72
77 38
87 84
146 0
18 17
94 49
94 129
26 147
128 26
96 84
61 22
141 35
68 51
50 16
134 85
16 119
29 68
88 26
97 37
26 79
11 74
66 94
137 61
115 72
82 3
83 100
7 81
70 133
14 100
22 114
99 123
8 5
13 30
65 72
27 144
49 18
138 15
48 60
37 37
129 105
19 128
49 102
45 60
53 145
67 104
21 94
123 74
45 123
136 129
59 94
103 11
19 12
91 28
110 142
124 56
130 32
68 138
89 34
135 136
63 77
102 2
102 19
140 68
47 122
110 26
39 90
42 111
110 61
111 87
43 42
2 20
5 53
43 57
115 12
85 60
58 143
109 99
98 77
28 47
74 113
64 118
42 117
140 19
139 62
40 94
61 3
91 54
99 114
129 63
104 38
21 114
13 119
95 83
136 112
118 111
44 66
146 77
145 89
105 89
60 148
131 88
36 97
80 90
9 100
74 129
95 110
13 45
97 26
132 105
124 17
55 30
121 37
116 13
111 120
86 59
33 57
74 143
55 90
73 142
147 30
0 107
79 26
57 72
137 5
7 4
6 83
87 112
123 92
145 37
31 83
0 83
23 92
29 87
127 137
148 131
102 134
38 124
119 74
113 29
2 99
132 33
146 63
14 29
116 94
24 61
2 138
11 12
65 128
123 22
25 132
40 67
33 7
130 49
131 28
45 21
136 32
100 105
82 111
76 102
55 41
26 141
97 15
38 18
45 77
87 81
17 131
125 75
108 132
114 136
97 69
41 123
144 24
4 134
130 60
20 10
114 85
44 54
91 58
69 132
109 106
94 125
36 92
24 42
96 14
22 19
73 26
94 79
15 30
41 70
27 1
22 72
82 43
107 1
34 13
117 17
83 29
108 20
98 23
88 8
58 35
120 130
5 56
127 16
104 129
105 113
70 72
119 98
147 72
125 60
33 91
125 130
40 56
119 38
57 81
76 29
78 79
105 38
14 149
115 15
9 48
119 68
34 76
146 120
12 3
28 90
139 74
107 41
62 67
112 86
30 44
125 96
132 106
55 61
88 128
130 111
32 128
92 114
105 46
97 53
41 137
98 100
53 93
35 12
88 46
76 106
149 101
95 110
107 141
19 85
6 42
64 148
43 95
49 78
86 34
117 31
48 73
83 51
20 124
106 77
95 36
11 68
121 77
42 13
117 55
17 53
94 87
99 123
40 109
102 140
140 96
108 52
16 131
105 20
50 47
112 56
139 116
27 30
19 21
54 29
130 13
71 80
69 36
71 86
124 9
98 119
20 112
38 77
142 6
99 131
37 11
62 113
91 73
82 85
84 91
112 80
13 106
32 53
110 16
113 93
91 101
73 133
49 98
132 105
77 125
80 109
107 97
106 60
66 90
27 108
19 20
18 84
136 101
103 71
74 39
76 104
76 133
99 80
18 125
21 122
40 95
114 9
7 76
80 130
79 139
137 149
118 45
93 22
114 0
71 145
7 97
95 18
89 117
137 135
134 125
106 57
137 134
73 135
103 75
94 20
15 15
82 131
108 119
98 4
72 111
59 63
15 12
8 81
145 22
18 137
105 85
116 103
110 47
0 39
102 146
31 116
86 92
67 39
66 44
49 32
36 102
38 48
85 77
126 121
128 115
127 51
149 28
39 93
15 53
136 126
119 80
40 97
135 127
60 136
138 78
116 145
147 13
50 92
54 58
45 2
69 144
16 102
38 107
17 75
121 99
46 148
6 45
100 6
46 116
66 91
96 16
133 138
18 71
137 20
77 128
2 29
48 117
144 78
15 66
119 3
12 117
33 9
117 141
113 134
40 75
64 126
121 130
17 111
68 6
87 100
107 3
51 70
129 11
141 26
33 14
57 77
62 83
134 125
38 103
49 18
92 128
73 17
26 121
127 32
15 28
2 13
103 68
101 33
44 81
66 58
105 19
48 99
40 41
126 29
21 68
19 86
123 128
120 146
148 49
63 22
53 72
87 69
146 106
24 82
65 44
142 46
119 118
41 2
5 133
17 102
117 50
96 112
29 42
49 117
9 85
121 97
138 53
65 146
90 40
32 134
32 133
12 134
138 14
1 120
65 11
13 9
25 135
115 106
92 83
11 38
145 110
91 61
54 75
47 25
52 125
50 70
21 31
30 146
6 104
104 91
140 134
127 105
41 61
29 72
117 105
122 96
96 11
25 72
101 14
88 55
80 67
97 142
98 20
146 82
74 96
103 131
81 136
43 144
86 51
137 1
143 8
7 80
13 6
41 111
124 101
134 126
37 104
66 35
79 124
74 61
36 103
42 78
24 73
104 4
98 65
120 112
93 22
110 36
105 131
145 140
123 73
19 11
13 86
32 76
52 84
58 149
64 138
28 23
142 91
80 51
48 72
115 131
114 84
88 53
8 37
39 98
139 135
95 67
68 71
78 67
113 34
117 110
117 30
2 137
58 27
46 69
147 129
82 26
12 9
149 86
61 82
144 124
114 131
37 38
102 67
10 98
75 137
23 65
67 28
55 95
16 49
130 120
14 26
137 34
108 33
13 1
58 69
15 101
86 80
129 43
112 125
40 149
84 97
123 87
13 42
60 32
59 35
133 17
131 4
18 35
56 38
96 100
61 46
140 96
114 97
134 39
78 33
4 71
146 112
89 65
4 134
142 1
114 52
38 105
92 135
1 46
103 8
133 51
95 17
113 29
97 98
38 109
140 139
88 123
138 17
109 16
126 51
19 58
144 118
20 97
41 85
104 20
139 14
2 116
142 1
50 15
69 81
84 110
53 119
75 75
84 39
138 94
93 48
135 120
114 31
127 6
31 66
90 39
43 69
40 127
2 98
29 80
141 143
124 58
82 18
136 89
57 61
99 81
27 106
83 135
29 60
83 20
83 144
94 14
115 50
22 95
14 95
81 85
73 42
134 63
114 10
87 4
34 71
49 123
147 19
67 82
86 31
95 143
92 21
140 97
144 58
122 132
63 23
19 78
42 16
105 6
73 57
62 142
84 127
32 38
85 72
9 26
49 36
100 140
121 83
87 136
86 130
105 31
45 140
71 15
97 99
136 81
12 1
54 51
45 43
28 43
51 5
20 47
24 106
142 16
62 51
134 16
2 126
53 116
13 27
145 103
131 119
80 62
18 28
13 19
39 143
72 111
35 134
53 53
57 2
90 5
144 82
16 77
90 34
56 15
110 95
131 136
117 58
30 87
84 113
48 128
131 107
21 58
149 37
6 47
83 45
104 44
39 32
54 143
60 15
115 15
134 25
54 110
91 88
3 138
11 44
111 69
47 12
118 103
40 134
53 147
140 106
113 56
12 125
95 33
25 27
129 58
131 139
7 44
72 120
31 93
108 68
70 63
86 13
148 42
11 32
68 75
48 8
80 65
117 49
137 9
30 17
102 147
149 70
66 59
73 115
76 68
49 139
18 72
71 144
114 137
5 91
126 91
19 143
42 144
88 16
131 39
37 15
73 51
25 131
144 141
131 123
3 132
146 75
25 113
50 53
117 83
139 5
66 79
148 36
95 52
149 33
100 145
11 58
78 100
60 91
96 40
29 114
17 91
45 21
16 111
94 148
60 56
40 137
37 134
123 139
37 23
85 126
77 4
82 25
81 21
140 2
135 52
38 51
19 134
45 4
127 36
39 81
76 64
24 66
132 143
41 137
86 55
35 148
24 90
62 24
6 103
4 74
102 16
141 14
41 138
99 120
46 103
92 64
102 38
104 148
88 96
79 147
93 14
133 2
146 113
94 147
13 140
61 114
90 63
136 134
142 52
16 63
136 42
138 77
83 145
94 35
145 65
116 112
94 8
127 141
16 92
24 73
95 38
147 94
64 145
100 132
30 100
117 96
148 72
74 92
9 31
8 13
121 46
6 139
80 114
94 89
27 4
91 149
21 6
136 128
84 40
14 38
79 125
39 42
131 31
128 50
54 4
52 23
145 50
95 134
72 24
124 95
115 82
61 35
67 103
33 133
76 85
73 95
114 54
118 37
46 56
58 90
89 130
22 29
23 62
35 77
58 8
82 133
115 51
76 60
142 126
44 75
83 54
72 124
73 112
65 27
57 74
133 45
75 13
112 69
22 15
72 70
90 90
4 29
71 116
101 77
50 86
115 19
87 52
89 139
96 66
56 83
90 109
95 134
61 69
147 104
136 117
28 49
148 45
77 14
69 45
110 44
30 71
114 101
37 134
104 58
96 49
73 96
79 3
122 118
55 108
82 104
74 11
140 52
112 97
1 114
5 108
122 133
122 32
146 48
149 89
91 47
38 63
138 135
130 49
24 109
137 31
108 66
37 60
73 41
43 1
70 65
37 131
10 20
86 118
55 89
43 6
148 149
117 47
46 89
18 142
134 8
3 132
136 87
126 139
82 149
60 40
37 133
34 132
17 9
111 37
17 95
53 135
57 56
111 106
38 145
71 131
36 113
111 114
102 79
86 2
93 103
116 125
43 48
23 123
58 47
138 9
2 55
93 56
71 145
75 39
23 82
132 133
109 121
87 120
72 102
73 34
11 28
81 137
84 94
8 7
129 121
17 125
104 55
136 33
46 46
63 32
31 77
134 46
30 53
102 56
44 66
101 148
16 44
91 148
114 125
103 68
57 106
84 21
96 52
11 110
141 111
140 35
124 134
146 136
135 81
89 130
20 60
74 43
144 1
102 114
3 83
44 125
137 7
30 129
96 38
84 48
115 102
42 139
8 56
34 41
32 95
8 81
116 20
129 132
136 69
145 107
28 44
114 8
104 33
10 46
17 12
43 23
31 70
3 84
141 142
43 92
81 21
82 42
12 118
49 48
32 110
119 82
130 129
99 128
75 17
12 39
41 13
44 98
35 8
131 24
96 6
133 129
117 38
86 73
43 119
90 88
43 14
82 30
75 28
50 27
98 4
13 147
16 98
22 77
7 73
109 67
101 143
91 103
80 132
131 9
70 53
143 89
94 63
48 142
28 82
128 100
141 70
22 118
74 74
148 109
130 63
98 28
53 119
26 146
17 124
119 138
11 88
32 37
37 137
63 141
113 149
54 126
51 138
2 25
35 145
111 9
99 11
28 31
116 110
137 97
36 136
34 139
129 97
80 31
58 31
89 35
34 98
89 111
149 42
126 69
81 46
68 52
26 87
136 132
75 89
70 116
3 139
146 53
135 49
114 65
41 147
30 41
4 86
95 118
8 127
124 4
117 8
39 126
116 96
52 31
133 54
27 110
144 107
70 28
12 66
47 66
47 9
117 29
149 139
50 77
41 136
58 68
38 40
21 54
115 24
48 72
0 138
30 114
76 93
115 91
15 38
88 141
100 16
41 3
55 63
54 73
96 74
24 125
20 15
19 51
99 58
6 58
24 84
141 10
138 89
3 108
27 134
116 44
64 62
145 31
141 127
110 10
109 148
93 139
15 66
7 2
90 40
53 71
0 60
13 1
56 97
145 119
117 56
25 35
86 84
8 56
45 146
11 103
0 84
78 7
22 92
59 15
30 45
16 133
76 29
136 133
93 144
2 67
22 129
28 123
103 68
145 36
44 7
139 124
76 18
125 49
128 66
34 56
137 108
60 83
58 124
84 66
103 16
113 137
121 85
135 130
7 59
149 78
90 80
132 136
11 136
95 110
71 141
86 115
145 146
27 49
58 6
84 51
70 32
50 0
108 14
111 7
118 137
120 51
125 90
77 76
30 105
101 67
4 76
91 53
131 55
21 46
36 81
106 0
28 63
127 95
29 51
145 6
6 77
40 58
16 32
39 53
56 125
142 71
24 115
65 116
144 21
16 8
115 3
132 10
3 47
11 130
7 114
2 106
102 8
85 78
121 115
41 79
47 19
149 16
97 77
29 107
28 121
100 95
16 109
18 129
95 32
127 90
49 103
76 19
43 143
137 127
64 78
18 126
54 123
2 133
75 70
89 19
147 112
110 12
39 38
79 141
74 12
135 142
147 137
100 34
123 12
75 9
69 26
57 24
75 118
96 36
97 148
13 19
97 28
76 21
28 5
115 147
52 36
97 56
82 80
66 40
118 84
21 87
39 72
26 138
51 92
48 105
29 25
50 82
114 39
88 96
62 55
116 110
123 2
148 77
139 75
74 71
50 76
47 4
114 108
136 1
63 70
79 5
52 72
5 141
70 99
102 73
124 77
3 71
102 74
43 110
136 59
110 98
138 103
87 149
98 66
27 19
34 95
90 135
62 142
115 39
93 146
103 80
41 24
32 122
88 12
14 127
100 8
128 109
67 74
140 114
115 140
136 50
142 1
38 97
45 39
21 76
87 12
9 73
134 120
85 34
62 123
2 47
48 111
20 125
109 9
96 98
114 121
108 16
107 96
98 128
90 119
38 43
69 103
123 141
133 47
77 46
126 133
53 48
83 81
50 111
69 137
24 51
113 72
90 22
31 55
43 113
109 22
68 37
103 94
55 28
80 65
26 54
62 120
5 115
68 138
26 132
66 91
96 84
44 61
69 36
145 112
138 23
9 57
136 69
133 131
88 69
27 55
52 142
24 54
146 140
100 13
136 35
84 33
1 74
7 66
58 3
96 77
63 64
141 64
62 70
19 46
135 83
143 59
44 6
33 34
104 24
98 87
39 53
68 131
87 111
65 38
100 33
102 72
118 90
138 100
123 8
54 18
81 97
110 57
137 38
125 26
143 42
11 33
105 131
65 69
7 17
16 134
34 77
32 66
110 123
134 80
128 57
49 70
28 35
32 34
56 36
83 46
84 76
95 71
91 108
124 94
39 75
76 123
79 85
36 138
27 39
97 50
142 90
40 61
132 29
34 3
146 102
44 135
52 139
129 5
58 116
55 95
53 147
47 109
81 75
0 70
6 122
100 53
42 63
70 73
7 117
3 62
71 68
122 111
93 8
119 61
101 99
103 1
123 101
115 55
133 123
49 17
88 76
100 130
42 51
114 123
99 13
90 78
4 129
48 89
2 14
131 33
25 142
22 143
75 33
129 107
120 113
88 81
25 21
7 39
124 35
115 50
107 67
39 91
113 131
10 84
87 49
19 37
134 112
51 122
113 40
9 93
24 61
115 53
48 34
14 135
32 108
122 117
106 77
4 26
147 116
59 38
42 62
77 17
120 69
90 39
93 103
85 128
1 71
42 149
102 90
86 148
1 2
0 128
130 51
149 54
102 141
73 25
75 3
53 59
140 110
18 35
140 144
114 80
56 66
64 8
32 25
121 77
103 9
70 15
99 82
22 107
118 141
10 128
83 126
13 78
124 47
106 47
145 77
91 20
75 51
35 138
81 68
136 57
1 123
54 110
114 51
123 136
125 89
106 118
54 124
117 57
140 95
17 22
10 55
35 144
137 66
137 100
68 136
127 41
103 116
148 6
51 115
141 98
24 0
100 76
25 59
105 45
100 9
4 100
106 98
107 29
73 0
128 85
2 65
70 104
37 84
96 141
19 31
57 87
128 113
141 113
34 127
129 103
68 114
134 74
123 75
124 118
55 73
133 68
93 62
131 61
19 105
148 75
55 102
121 84
109 139
126 5
87 39
37 24
56 137
21 108
144 88
16 64
136 57
147 3
119 73
103 82
63 50
132 17
53 93
27 16
30 70
12 117
59 14
71 52
54 143
98 82
149 124
87 96
122 49
113 60
40 146
88 24
52 20
117 59
113 31
39 108
20 37
10 30
84 76
46 56
118 2
20 39
40 28
132 144
145 113
136 103
112 133
16 105
53 6
14 11
68 36
26 69
42 42
51 146
110 62
138 60
57 39
109 92
139 115
87 120
126 28
59 40
11 118
6 105
48 101
103 65
32 33
23 104
101 27
36 36
83 34
34 126
13 8
59 47
101 102
76 42
93 104
111 40
42 78
8 98
76 13
51 26
76 139
54 21
64 52
51 25
148 110
23 6
35 102
18 3
59 18
25 108
99 128
13 148
57 69
72 38
128 11
147 132
25 88
99 8
122 143
90 87
145 67
1 14
133 94
106 86
96 26
89 71
63 140
36 66
26 34
38 22
102 58
92 145
148 111
142 29
51 54
89 23
21 132
65 115
82 71
8 119
4 103
149 52
139 80
96 132
89 37
87 56
77 103
23 65
106 22
14 14
12 1
113 124
37 144
79 41
72 32
34 57
61 68
108 98
146 112
82 73
36 146
30 97
147 78
44 7
95 119
1 35
112 23
94 142
104 20
131 133
115 102
22 147
132 12
92 118
41 73
54 10
25 140
108 133
127 62
101 28
104 4
25 81
97 57
148 7
32 20
64 72
30 98
89 37
68 139
51 62
121 133
61 102
123 42
82 105
56 98
144 96
8 134
97 49
41 38
39 65
140 31
75 74
14 104
4 98
120 41
112 105
136 2
148 18
64 7
59 36
80 101
129 2
125 149
32 87
44 2
4 88
77 40
87 92
94 139
109 57
146 143
29 98
80 28
80 43
140 33
7 94
24 23
76 82
139 82
118 41
55 91
27 94
19 105
88 47
52 105
39 147
120 74
46 113
142 125
85 101
147 36
86 108
19 103
95 85
106 125
64 82
48 110
39 86
27 147
110 63
20 100
58 70
113 5
84 140
110 19
90 49
115 94
102 81
14 76
87 62
75 7
122 23
12 48
44 91
64 149
116 79
74 38
95 27
79 50
3 19
37 141
66 120
113 107
103 33
70 28
58 79
82 73
122 9
88 49
96 146
118 18
131 103
35 133
47 120
117 98
149 128
10 140
60 30
139 5
81 33
36 77
77 103
50 103
81 57
2 121
29 3
54 145
59 82
56 89
88 144
143 9
76 89
56 108
138 43
11 148
51 63
39 136
147 95
88 131
6 120
26 136
111 62
13 37
101 77
34 2
46 123
130 25
26 106
147 141
0 75
120 148
125 62
93 48
112 100
71 13
7 18
27 80
59 132
108 77
34 82
56 86
109 10
142 34
20 138
91 92
148 21
43 68
57 30
120 142
70 47
95 87
79 94
125 37
43 149
130 29
81 61
66 22
106 120
45 4
143 66
110 8
52 65
44 56
31 148
72 53
39 12
30 143
100 83
69 65
138 85
13 95
69 122
97 84
66 106
42 136
0 88
47 111
24 84
146 79
45 87
90 83
108 110
144 136
16 33
137 137
31 51
1 77
115 121
113 5
21 60
125 19
86 106
84 112
149 78
72 120
108 114
123 60
45 16
4 57
133 99
98 5
78 116
100 40
15 28
145 48
141 125
43 130
137 123
141 49
76 7
84 104
107 7
63 48
5 49
80 60
29 23
5 114
81 145
93 14
42 27
79 124
119 38
15 97
67 123
123 76
65 113
118 28
87 116
81 129
117 43
130 36
121 11
84 36
60 53
143 10
115 35
148 105
136 122
138 82
38 10
85 77
36 145
134 61
86 42
140 80
116 109
58 87
42 100
81 67
71 127
47 85
4 10
130 49
78 125
140 22
52 107
27 54
27 3
47 32
131 74
23 25
97 110
112 1
59 32
94 35
98 97
43 34
145 147
31 48
0 53
67 39
9 116
98 69
140 39
14 38
120 10
43 53
127 13
8 92
103 45
68 88
39 112
83 142
136 19
71 91
130 8
108 46
71 113
111 68
96 96
141 91
108 51
59 5
13 105
78 100
25 77
129 119
76 56
75 145
146 97
81 140
134 27
71 37
46 105
99 119
86 36
85 11
22 146
6 124
12 86
71 130
134 72
131 133
77 30
60 90
1 113
86 31
34 83
129 75
63 43
135 110
115 16
20 75
141 3
40 77
49 96
146 5
24 138
31 89
18 143
53 63
60 34
137 73
22 77
49 69
109 105
1 65
8 41
39 84
25 143
59 113
49 47
24 102
68 112
27 53
64 92
66 130
17 29
15 5
38 2
103 65
45 144
100 128
49 81
18 116
126 142
14 8
25 49
42 65
111 42
19 54
140 72
82 38
29 1
107 40
118 40
123 12
84 5
141 147
144 21
54 131
20 62
54 98
59 17
53 68
37 129
130 76
18 22
121 31
74 86
3 6
82 137
145 118
101 28
106 71
55 131
12 44
127 5
4 67
61 4
86 85
60 70
71 83
52 81
79 34
69 22
10 70
133 145
93 28
49 144
66 21
83 9
145 16
23 68
94 104
63 43
112 29
12 146
19 8
141 34
48 64
22 33
122 132
54 100
53 18
33 100
66 137
105 89
37 115
19 138
94 14
143 6
120 96
98 85
134 119
123 126
108 28
74 79
108 48
105 120
144 51
34 20
60 63
30 21
80 142
64 0
10 77
87 82
21 136
146 16
37 77
64 86
84 46
6 70
45 16
148 133
15 101
120 101
79 98
107 43
118 142
81 123
113 88
41 45
108 143
73 31
87 35
39 84
38 82
12 131
39 141
4 121
0 130
56 131
68 45
148 138
48 23
29 51
141 93
64 110
15 136
67 130
6 44
62 137
129 143
56 17
107 95
131 95
43 111
116 127
113 73
130 99
57 107
48 131
95 139
83 141
13 3
53 105
104 92
24 131
148 83
92 124
86 31
89 77
99 113
72 109
1 45
96 68
131 8
104 24
2 37
79 131
0 87
84 27
46 11
3 8
1 25
56 3
97 139
53 54
136 55
109 124
92 61
66 9
103 147
133 71
147 117
44 59
86 21
115 37
112 20
9 118
124 19
119 123
54 130
127 57
12 142
75 69
109 75
55 101
92 97
90 20
139 40
36 94
61 36
124 146
112 97
26 12
113 9
21 58
23 143
3 20
19 93
72 123
101 37
82 104
146 77
148 64
138 137
3 87
137 20
58 77
131 41
88 126
74 99
127 143
19 149
121 149
123 130
64 87
43 26
55 53
112 24
97 27
130 13
49 54
12 107
57 128
34 59
93 114
87 45
124 133
27 43
96 140
55 103
126 6
34 106
131 40
101 98
144 81
108 2
27 122
122 106
102 124
140 28
65 54
33 141
130 48
4 131
52 112
113 100
145 97
23 149
23 86
9 69
104 112
136 149
2 87
24 4
124 105
66 39
35 40
108 68
88 21
117 94
90 39
121 66
132 16
130 99
145 61
101 33
24 110
41 54
92 13
68 145
77 82
85 137
61 35
24 81
149 126
136 14
54 19
47 129
127 68
63 32
108 138
0 38
97 121
49 65
39 99
139 75
128 139
32 122
82 0
119 44
142 42
119 22
61 113
8 35
58 58
121 79
111 29
117 25
123 13
80 144
91 54
13 122
23 65
90 6
1 136
111 121
143 146
99 10
148 19
21 81
124 121
53 47
70 60
41 130
82 118
55 66
117 86
126 99
35 6
20 137
35 99
135 15
38 26
25 21
129 76
33 92
23 113
18 24
94 53
143 89
112 42
135 52
130 49
95 3
5 66
44 34
57 30
139 100
137 124
36 102
8 110
115 62
45 127
121 5
133 100
8 95
5 4
57 116
4 68
100 73
61 56
95 8
90 110
75 135
55 87
33 42
30 66
25 102
44 42
21 40
10 0
42 80
124 81
139 145
85 33
59 8
124 113
100 108
95 83
88 62
50 99
98 100
78 73
81 82
46 78
103 78
38 130
115 101
23 119
74 98
70 23
77 125
1 102
101 12
2 122
8 9
14 118
43 127
129 102
38 107
142 53
87 113
20 125
90 148
94 50
109 56
39 104
124 117
21 4
111 73
73 143
6 121
81 142
128 56
19 10
128 110
43 3
74 61
145 115
59 30
114 67
71 77
116 112
105 43
61 115
99 28
109 41
146 1
148 57
36 125
15 70
49 115
104 105
51 127
35 15
56 110
124 1
127 110
107 66
89 62
56 97
15 94
27 36
110 76
72 86
67 92
99 142
123 53
59 110
81 66
120 139
4 14
66 125
20 118
123 130
41 104
138 5
25 7
11 83
122 12
51 56
146 149
103 102
21 123
19 74
121 136
3 130
74 83
54 103
65 35
79 40
17 42
138 133
59 34
31 119
118 138
98 147
73 134
136 88
141 75
72 30
5 4
13 119
33 83
90 148
58 131
144 142
27 72
64 84
87 85
70 15
145 93
68 23
60 66
68 144
50 53
32 30
128 77
134 85
7 13
92 3
55 77
87 127
1 92
1 73
48 56
29 102
146 92
124 30
80 83
76 40
110 94
82 46
45 132
135 64
39 112
145 132
108 100
97 110
40 54
109 99
120 10
88 48
36 133
44 99
142 88
76 81
17 119
79 128
142 95
64 60
26 55
133 147
146 69
57 145
43 12
127 68
142 143
73 36
45 75
53 122
23 92
78 125
109 33
33 119
1 113
114 62
34 18
132 104
39 27
32 120
80 47
140 19
105 0
49 97
114 144
19 116
118 76
141 92
76 110
113 88
77 141
54 68
53 114
59 113
0 62
100 98
44 66
34 28
15 115
131 54
7 42
145 5
31 91
78 136
27 71
133 15
102 89
3 89
9 24
30 73
131 91
17 143
4 125
81 57
142 149
46 45
122 145
40 123
4 125
47 133
42 144
104 82
96 101
42 64
116 123
90 71
76 4
80 135
92 124
139 134
85 110
96 76
59 20
55 38
93 101
47 64
75 47
104 130
3 38
37 81
136 94
19 85
13 14
97 10
65 21
7 9
99 1
50 92
110 87
40 33
46 29
129 134
110 117
126 16
117 145
131 13
146 119
82 8
55 80
41 54
123 100
96 115
133 119
50 4
10 4
54 105
93 125
43 23
95 125
93 32
9 131
136 121
71 38
147 42
36 36
144 97
93 57
59 65
62 144
18 119
22 27
17 66
86 91
130 112
23 48
99 25
82 52
12 105
57 6
49 141
29 126
66 50
45 23
103 9
126 83
5 127
121 135
11 84
134 108
57 30
39 76
49 51
52 107
71 132
87 79
147 110
83 11
83 90
147 124
138 123
61 20
131 133
69 111
9 62
3 24
117 97
40 134
30 67
122 58
146 82
44 35
144 3
15 22
91 144
3 94
70 24
79 133
86 25
78 87
20 22
13 127
38 92
16 9
101 38
125 70
133 31
92 42
27 106
122 36
45 145
3 6
13 91
57 0
123 3
98 84
77 108
148 12
63 102
41 21
23 27
112 17
69 96
15 52
5 147
61 112
31 149
116 121
119 133
44 112
3 52
131 24
5 32
134 118
50 37
118 12
9 25
148 64
80 119
57 66
1 81
50 148
50 52
48 141
29 38
52 36
56 100
1 69
50 22
53 11
132 0
67 117
110 67
138 79
65 89
43 0
40 127
8 70
99 36
114 102
19 117
23 94
5 59
143 33
20 146
2 116
24 19
124 118
127 41
123 132
69 88
95 15
39 8
29 21
3 54
138 138
135 56
97 45
87 34
6 2
37 21
43 1
131 21
49 85
58 65
54 92
71 21
50 123
79 130
66 66
135 5
59 133
109 123
141 74
144 88
67 0
101 132
53 72
16 89
98 58
114 126
54 144
58 35
81 149
59 71
94 142
56 15
60 83
145 3
124 1
36 25
79 80
113 5
29 112
110 130
60 136
16 80
20 81
71 74
100 102
2 67
13 14
126 127
120 41
142 19
96 76
69 128
55 3
124 22
105 111
131 108
131 9
125 31
38 94
141 67
82 27
45 138
120 10
23 146
52 19
144 78
112 130
48 35
92 148
72 61
121 36
145 11
30 56
81 6
32 9
138 10
82 115
35 111
20 24
23 98
60 110
13 18
140 37
110 67
147 125
44 35
135 69
147 146
39 96
15 30
78 80
122 63
57 81
100 26
41 131
102 44
28 144
11 85
136 45
18 27
44 93
73 76
88 62
120 114
45 59
102 92
106 42
13 39
140 23
96 141
0 7
125 126
126 65
16 34
12 12
115 30
41 56
137 69
61 6
125 112
5 137
37 81
110 55
75 96
81 74
25 33
74 17
107 119
43 119
42 23
75 137
119 132
50 109
106 142
95 101
0 73
42 120
86 67
122 115
13 81
25 50
94 115
149 64
125 42
14 67
89 0
85 29
15 57
54 138
43 17
132 91
85 141
132 9
77 89
23 36
110 90
70 111
89 33
143 4
102 144
65 42
100 95
46 8
18 9
39 6
39 110
2 143
87 111
46 76
137 86
85 76
58 75
18 29
88 104
14 50
105 66
126 43
137 47
70 11
95 28
48 87
40 147
121 133
30 75
140 66
69 117
82 86
35 77
149 95
0 18
56 19
56 34
34 11
139 95
59 121
10 42
59 128
62 53
120 13
64 62
95 84
147 15
37 86
116 33
29 71
122 32
133 126
128 73
48 111
122 45
138 25
6 136
148 41
28 25
25 33
99 120
148 13
1 127
101 101
28 149
147 141
16 35
69 83
126 107
40 117
75 128
74 123
135 5
55 138
89 50
125 35
116 52
11 114
96 61
27 33
98 102
55 120
135 10
116 128
33 26
71 88
54 6
45 81
125 56
24 130
128 74
3 67
60 57
7 38
137 101
123 65
85 112
22 19
29 139
76 79
71 139
66 75
127 65
114 8
112 18
10 61
44 28
43 45
145 96
44 27
144 78
128 59
44 134
100 46
76 83
19 130
34 116
20 134
40 123
61 4
105 76
20 66
66 63
89 73
22 74
78 136
39 69
64 28
102 36
26 144
8 119
22 120
149 47
96 138
82 69
145 135
49 55
48 106
4 32
25 72
39 55
54 120
145 1
29 31
102 87
43 96
8 50
117 38
44 3
38 95
102 26
60 75
136 75
71 15
12 89
75 110
70 56
32 119
30 69
7 36
118 136
108 71
42 89
52 20
18 132
148 80
36 144
16 127
48 54
58 38
2 13
22 31
58 44
130 103
49 49
10 107
7 111
44 38
76 90
16 48
136 29
122 84
62 134
2 2
129 65
124 108
17 123
89 90
134 53
52 104
21 123
66 105
31 120
44 145
38 11
81 10
117 90
84 137
92 85
62 129
10 126
129 132
78 125
141 34
44 82
24 10
41 121
44 121
122 52
36 127
129 121
36 38
45 122
17 95
50 62
59 126
66 144
82 8
132 88
12 99
26 141
143 117
36 15
80 126
57 87
81 132
22 89
123 69
65 13
34 24
14 26
28 53
121 92
74 142
37 38
22 28
47 80
100 108
106 7
134 83
97 82
147 128
134 9
3 98
9 107
113 32
59 6
118 61
133 130
13 136
130 115
42 48
10 20
45 72
125 111
29 94
46 24
103 94
0 121
58 122
39 75
144 91
109 84
58 64
148 6
101 44
73 133
52 32
56 136
41 127
111 121
52 142
133 140
17 35
7 13
146 116
90 56
131 13
0 123
46 0
98 100
126 5
114 20
23 27
137 129
116 91
49 43
123 24
40 61
44 103
139 100
55 119
86 134
79 1
92 34
92 64
42 30
45 84
7 28
32 123
143 130
125 29
25 51
13 1
98 128
86 27
75 7
129 88
141 6
17 149
72 103
129 29
62 124
1 134
57 6
143 96
89 148
110 26
32 9
53 96
39 94
0 13
47 94
66 73
137 2
32 114
85 139
92 25
101 18
118 99
41 20
84 145
3 127
20 43
117 31
94 123
144 146
19 29
97 35
123 37
27 123
110 14
126 75
90 37
63 104
35 36
88 36
77 106
122 49
88 44
115 19
142 57
25 53
124 130
15 74
141 4
20 126
38 14
133 16
0 120
89 44
103 131
80 128
74 60
117 65
44 5
8 39
131 58
17 106
142 28
134 12
3 42
97 28
1 44
25 125
125 96
83 122
5 31
62 139
123 24
131 105
88 15
83 66
73 72
45 51
44 60
117 137
0 132
10 143
93 116
124 50
86 138
27 133
45 89
97 101
108 52
26 75
122 2
103 72
68 27
64 128
121 126
34 110
139 72
19 40
76 117
139 79
109 31
101 123
45 123
74 129
39 122
86 82
29 96
31 32
46 60
60 109
5 1
67 23
84 120
58 62
88 140
16 149
35 101
149 108
128 22
52 96
35 16
92 1
29 119
132 25
52 128
50 114
107 39
116 79
145 65
11 132
122 74
126 60
85 43
60 22
32 86
62 87
72 143
44 51
51 146
84 19
82 19
18 56
73 2
70 60
74 89
30 7
103 5
90 127
96 101
0 93
122 50
113 82
83 107
126 140
80 19
20 26
18 101
83 0
4 129
102 57
99 0
10 44
110 18
70 88
119 115
94 95
25 117
120 26
124 24
20 135
62 48
65 114
47 113
101 145
50 7
132 99
9 63
0 72
65 92
38 43
41 87
121 53
67 89
17 46
117 35
125 148
134 2
22 34
8 90
11 123
97 74
29 71
7 32
37 105
82 66
131 76
49 149
90 136
100 12
82 146
49 85
47 141
144 12
21 133
62 126
36 17
122 91
61 2
41 121
10 118
71 5
102 34
93 129
97 135
140 25
67 65
97 23
18 131
116 97
12 47
94 142
27 122
4 108
122 78
63 54
57 88
60 68
144 59
63 140
65 106
17 117
30 106
0 19
120 111
18 124
101 28
15 133
100 133
110 40
111 106
61 123
119 76
35 94
78 105
14 7
102 31
18 115
34 136
56 93
55 31
130 92
96 68
137 136
19 62
62 37
63 38
147 96
0 73
148 103
53 49
115 1
48 127
127 17
87 43
66 127
94 148
142 19
58 143
122 91
92 129
62 67
17 142
78 56
121 28
7 127
16 114
52 116
83 67
110 117
95 28
140 111
8 4
35 55
103 68
59 44
78 78
114 18
60 40
139 59
37 72
42 13
141 148
145 86
101 97
51 35
26 40
107 97
140 83
91 29
38 66
29 135
52 84
2 99
48 123
102 55
10 136
59 72
17 74
124 5
67 16
32 83
97 78
57 3
73 38
92 71
40 129
135 101
144 63
125 83
98 61
111 73
53 93
22 104
35 66
75 18
74 109
107 25
88 56
31 11
58 110
133 148
36 63
35 37
67 106
121 100
26 101
131 86
40 109
106 85
102 60
23 120
100 84
60 97
125 73
23 77
33 24
89 144
142 80
139 11
55 8
79 50
72 137
25 35
55 132
101 42
135 60
42 68
68 6
137 142
64 28
147 105
75 123
122 29
54 57
58 27
52 121
102 42
83 83
138 50
77 54
149 143
85 77
88 133
57 62
61 3
49 76
37 85
49 107
2 136
112 39
11 69
46 22
125 55
19 12
81 96
63 115
31 11
40 92
84 147
36 9
126 39
50 53
96 95
59 122
24 133
109 91
61 40
3 29
111 66
142 44
134 0
116 139
39 88
66 61
35 130
128 17
18 77
37 132
129 27
113 128
10 59
82 117
91 103
47 52
119 2
110 94
2 91
112 91
46 46
6 14
38 132
54 63
14 146
142 35
48 13
26 91
43 125
5 143
112 17
98 87
24 9
115 68
48 133
79 70
65 88
59 46
24 103
113 140
98 94
1 18
149 100
118 117
81 8
57 29
135 132
109 11
71 53
78 91
139 44
46 34
73 33
79 82
68 6
17 52
119 140
90 6
141 47
62 30
20 146
86 126
128 13
120 40
40 12
43 126
110 38
88 81
73 112
92 117
54 122
100 112
41 90
10 117
52 129
93 48
82 146
89 49
52 16
95 146
104 138
96 40
90 4
17 46
75 54
123 24
113 17
62 63
6 20
57 37
51 147
61 144
55 108
36 117
6 70
14 37
81 13
96 6
28 130
128 93
122 148
0 99
147 100
9 138
148 6
0 138
12 31
73 88
145 82
82 53
67 94
106 55
92 137
143 69
3 29
109 9
5 92
39 85
29 33
40 56
59 124
139 53
96 23
25 59
31 90
106 0
69 92
134 55
120 53
29 117
87 149
92 7
34 140
49 0
39 74
91 35
20 7
28 147
47 143
110 106
35 55
108 54
76 93
73 141
30 114
127 20
25 117
117 73
76 40
69 111
107 44
77 31
96 103
118 42
103 86
97 101
59 63
84 13
138 10
13 116
120 137
92 82
86 28
13 116
3 142
131 112
97 11
71 109
139 65
146 0
94 89
38 111
18 126
16 37
37 141
84 15
34 140
31 12
133 89
103 141
27 67
54 88
46 109
130 40
34 102
19 56
108 70
98 30
106 87
62 147
72 142
137 90
113 78
64 71
74 106
14 76
86 140
38 144
15 76
93 29
116 33
86 27
2 24
109 115
114 89
23 115
33 13
141 143
64 63
75 117
96 80
141 59
100 65
139 122
68 57
15 36
3 8
114 9
91 7
64 22
86 22
96 66
70 55
50 111
130 116
85 72
62 47
3 84
23 106
70 1
104 45
76 61
39 11
148 48
51 59
25 80
31 85
17 16
72 123
138 102
75 34
0 126
50 54
115 114
13 40
101 103
7 107
115 138
39 8
2 109
47 8
48 74
87 137
51 12
57 55
130 48
83 81
0 124
126 103
61 8
77 9
0 42
13 68
5 92
123 43
89 69
120 122
36 78
74 20
42 143
119 92
89 101
39 127
1 42
103 125
90 105
93 20
57 73
94 42
122 35
58 147
70 137
27 99
15 36
62 121
94 139
65 20
134 72
48 5
108 21
94 56
105 42
124 28
51 51
100 98
138 138
81 75
81 0
77 86
34 95
47 81
27 88
23 30
5 25
13 25
26 108
117 120
141 144
58 81
87 140
38 115
140 94
123 11
134 108
110 9
54 11
53 84
23 112
90 23
123 46
4 136
61 75
89 144
36 116
53 67
96 15
12 13
110 53
2 36
2 60
96 117
144 47
79 54
77 90
36 114
111 0
121 103
70 99
142 135
89 129
2 141
71 146
98 5
103 18
8 40
71 116
137 7
72 132
53 77
76 102
88 53
131 14
106 33
23 98
92 13
110 10
114 0
98 14
143 133
119 35
139 124
57 3
70 68
56 87
90 145
117 4
39 85
143 2
92 9
15 132
89 108
44 27
29 75
31 101
4 63
40 68
2 68
64 93
105 5
133 123
127 143
44 118
1 73
141 133
134 147
62 30
93 96
11 10
114 64
57 134
46 123
4 11
126 36
39 115
123 55
8 124
22 128
50 67
35 130
45 104
40 17
118 66
99 4
43 37
122 124
62 12
118 63
33 138
142 86
79 90
131 44
96 126
116 27
121 5
95 17
121 15
124 123
7 17
70 17
9 104
43 129
84 86
140 67
138 130
47 95
121 133
104 15
129 111
139 68
89 132
21 30
27 46
46 111
118 123
6 45
60 26
121 19
94 74
91 40
134 133
74 7
58 142
70 142
102 131
12 50
97 96
59 35
118 31
61 67
110 85
41 103
119 146
100 90
13 74
140 13
141 114
34 104
25 69
22 36
75 40
126 71
73 104
70 5
12 75
114 144
86 112
137 73
146 68
48 41
147 112
26 78
117 107
145 31
40 101
54 118
112 129
1 83
133 134
87 105
91 131
129 87
28 3
50 20
88 115
128 137
34 140
23 116
72 25
128 75
121 3
94 114
58 105
142 55
32 40
80 4
59 148
139 97
126 61
7 25
148 14
16 121
37 13
79 31
60 125
105 1
17 0
71 66
98 134
15 126
148 92
23 44
120 88
63 42
103 139
66 16
72 79
14 129
148 111
81 8
133 90
103 119
97 62
19 39
81 145
7 137
12 139
127 55
125 38
87 68
118 66
12 47
98 51
6 88
56 65
98 139
131 123
27 78
130 146
58 109
101 74
40 141
21 43
64 69
87 35
34 103
105 137
22 3
47 79
119 148
123 14
63 116
94 99
143 76
135 131
123 78
87 76
85 48
96 37
0 2
64 14
53 127
114 79
41 85
112 81
118 52
53 79
132 46
19 126
59 15
138 114
117 4
58 61
56 95
129 26
9 35
108 61
116 115
131 65
65 51
47 52
70 83
95 126
68 144
25 63
115 37
88 140
76 52
12 76
97 83
78 84
137 120
54 59
121 134
126 80
97 26
97 41
25 35
149 144
1 41
73 147
29 138
31 41
47 104
29 125
107 110
65 41
134 98
147 74
127 27
130 89
136 50
100 149
129 57
44 73
75 39
131 64
103 97
68 35
33 22
108 6
1 81
48 149
33 97
77 117
65 53
31 121
37 97
133 71
106 60
48 0
146 37
51 18
5 79
47 142
51 17
83 96
2 100
77 66
65 78
51 50
104 143
19 115
12 125
18 81
62 53
129 45
67 82
19 113
142 99
109 70
64 87
34 10
34 12
106 99
34 15
40 3
31 83
22 121
36 52
126 58
60 135
9 83
71 79
136 79
101 13
106 88
149 28
27 130
105 133
125 114
99 74
50 108
57 33
49 120
41 91
95 10
66 124
149 117
143 62
56 84
24 50
22 71
12 58
118 137
11 149
139 144
14 23
80 136
135 110
6 83
32 10
149 24
60 93
41 137
136 4
78 149
69 5
59 129
62 63
30 83
28 78
40 101
93 33
42 45
78 66
89 122
135 97
81 74
114 70
104 27
135 95
112 65
36 146
80 78
106 85
126 62
146 46
52 34
43 8
32 142
23 76
7 58
138 87
103 113
3 78
51 103
36 65
23 120
24 123
80 28
98 90
101 75
15 21
0 124
84 74
13 90
97 134
6 104
113 105
80 2
111 34
57 38
112 101
67 56
59 31
10 85
21 148
102 44
106 141
148 134
66 100
37 51
24 67
49 16
129 134
6 30
8 23
59 92
132 104
0 6
95 74
119 23
59 116
99 9
58 116
122 145
21 63
61 149
19 30
14 74
123 45
37 10
112 108
127 116
126 110
131 109
58 12
120 48
92 1
77 119
44 32
108 78
14 34
107 147
137 69
99 67
147 108
110 27
29 107
108 18
139 130
45 120
96 121
112 83
60 83
83 0
71 134
132 142
128 76
39 63
33 53
18 132
129 96
77 114
9 13
68 50
1 12
12 123
75 25
92 129
66 138
95 61
109 19
135 107
126 93
31 119
30 96
55 56
126 57
5 46
116 145
121 116
129 17
126 111
28 2
57 65
17 105
107 22
116 48
8 87
68 6
62 5
137 84
48 109
54 19
14 42
102 59
103 100
11 84
35 42
85 95
54 92
100 56
75 45
28 62
143 131
40 34
141 127
41 53
147 143
112 51
53 23
62 107
33 41
51 140
29 118
83 81
4 13
66 84
72 117
45 60
53 134
145 22
19 35
123 1
55 41
47 42
45 131
12 118
31 92
9 107
144 69
7 131
76 9
0 63
132 64
111 89
87 112
71 85
65 37
70 4
23 11
124 112
55 111
13 137
90 87
118 100
29 48
104 91
98 69
110 27
49 87
123 35
65 29
32 111
19 103
13 40
52 127
143 17
1 45
16 36
99 115
136 120
88 134
105 53
118 145
84 149
137 12
51 9
97 123
110 19
80 44
48 138
85 14
51 25
144 116
140 124
17 31
141 22
54 105
89 94
45 143
43 56
94 125
33 18
101 59
35 10
21 90
41 145
42 61
30 91
85 65
19 127
40 140
116 65
54 113
36 47
54 110
5 146
31 83
32 113
58 28
71 12
17 113
32 50
28 98
106 68
15 144
99 82
94 47
102 72
118 35
36 10
87 72
62 22
148 67
11 33
120 131
95 59
139 54
84 122
73 79
16 101
72 145
138 105
4 33
6 134
57 108
45 0
139 129
64 5
75 65
9 51
20 58
104 111
65 1
49 118
43 60
107 116
41 26
117 147
118 16
47 4
98 115
122 49
16 23
54 37
58 133
88 65
85 81
26 62
47 2
38 1
6 75
42 37
5 113
53 136
104 80
8 143
21 54
4 89
5 123
66 100
68 31
17 73
76 66
101 100
58 34
129 77
36 83
138 103
130 37
84 76
93 61
58 126
141 145
14 55
73 38
87 32
24 100
67 61
39 107
20 1
130 92
117 22
45 16
80 131
109 92
28 52
118 135
5 76
62 26
104 35
8 30
7 104
142 18
82 77
24 7
127 82
44 79
29 26
147 49
82 101
139 119
68 95
29 149
126 37
76 34
36 78
143 76
51 26
5 77
144 2
41 149
126 96
36 12
134 72
100 69
66 126
62 11
51 147
27 33
13 42
12 76
102 70
18 70
14 127
100 76
1 128
38 5
92 96
43 93
4 78
113 123
74 137
111 69
8 77
35 17
48 124
110 21
61 24
93 103
84 136
48 111
17 56
34 145
31 8
145 32
29 146
69 105
137 133
139 20
48 121
102 104
37 127
99 91
96 107
22 39
83 100
23 39
123 113
39 120
73 60
73 115
104 61
9 15
10 6
90 22
9 28
15 95
130 6
117 130
37 8
105 87
88 142
80 81
11 88
135 7
118 88
105 54
47 13
28 10
69 32
113 132
145 56
99 52
1 113
23 19
9 132
85 59
91 130
103 110
33 41
97 25
41 86
115 79
66 48
28 97
95 41
108 7
109 12
26 15
2 41
103 46
123 125
43 52
102 56
119 37
115 84
100 72
144 23
1 32
27 129
69 25
5 76
38 16
130 103
106 134
15 5
149 59
93 82
31 83
52 90
40 31
31 149
101 113
75 6
115 131
124 136
96 17
36 50
109 134
45 106
6 43
24 63
52 73
83 130
8 82
34 122
54 76
63 109
17 12
135 119
55 121
0 29
129 34
108 38
146 122
125 63
114 13
40 2
142 28
111 144
44 66
1 141
129 104
19 77
48 25
54 65
118 121
14 88
123 47
59 125
4 101
20 47
110 145
31 21
101 72
118 139
90 53
52 57
54 75
115 131
94 43
79 51
35 1
24 32
106 72
103 49
30 54
145 88
34 101
29 55
106 5
108 58
113 115
87 99
46 125
11 44
127 23
72 5
30 111
111 118
78 85
42 110
97 56
25 58
28 92
67 133
23 34
30 44
123 114
40 32
116 114
58 63
77 86
141 21
80 149
92 121
26 111
144 51
83 55
94 128
10 127
106 6
7 13
14 68
29 96
3 91
53 116
57 92
105 82
107 111
90 128
146 125
97 2
115 42
42 28
55 7
54 89
98 41
148 89
83 15
25 43
117 126
34 119
106 75
106 39
12 71
49 54
117 2
120 18
75 81
79 73
20 96
10 6
140 128
112 40
117 117
94 23
116 84
104 91
119 34
91 125
53 48
64 57
89 25
30 104
10 49
123 118
147 55
28 60
100 77
122 78
37 26
115 143
30 13
123 96
142 8
115 139
9 38
50 127
85 97
107 69
99 104
11 139
139 2
23 66
86 53
140 18
141 20
13 135
0 140
60 3
82 78
49 4
17 50
133 8
69 145
142 132
119 91
33 35
26 76
25 21
30 49
54 76
46 107
35 12
122 44
135 78
18 78
112 8
115 15
53 107
27 125
31 73
77 40
104 35
102 82
30 122
81 132
139 89
113 19
5 106
66 65
72 137
142 122
92 2
91 140
135 147
137 148
70 33
128 103
41 18
88 108
117 82
22 145
147 35
87 132
149 132
146 7
64 31
116 53
76 146
31 108
72 37
59 24
40 146
79 96
60 25
111 80
15 99
140 22
53 105
122 94
104 81
97 141
52 69
118 114
106 106
138 75
123 116
131 59
141 81
88 54
81 143
58 15
25 55
1 94
88 6
129 67
31 38
19 22
118 23
28 123
109 7
37 132
43 112
86 40
31 101
97 64
51 9
52 60
64 143
119 146
14 128
8 125
56 125
142 72
15 43
36 38
72 129
145 76
145 105
118 38
76 45
95 50
31 35
144 57
15 2
101 71
27 27
98 10
32 83
20 51
1 10
82 147
2 21
32 0
74 8
121 139
46 14
106 7
0 11
42 42
2 67
146 76
66 76
146 129
70 112
54 132
34 10
122 67
2 6
43 142
88 98
71 31
105 122
141 118
62 7
1 41
78 20
132 75
63 115
7 14
46 56
51 114
11 142
85 77
124 68
145 78
40 36
22 45
54 140
94 45
99 65
58 109
6 24
6 71
93 100
52 71
76 19
46 96
127 134
140 116
113 43
93 26
66 18
32 99
118 111
102 92
9 57
3 137
140 2
99 94
149 15
56 86
49 135
19 81
50 117
90 56
145 142
8 44
67 36
117 77
101 88
86 14
67 47
67 3
114 58
54 24
20 114
138 137
60 9
80 33
124 68
74 41
74 36
95 40
70 68
144 9
139 38
4 129
73 23
21 80
74 59
133 145
114 123
136 92
106 136
134 139
72 60
52 52
29 44
41 48
95 77
14 114
3 22
82 94
124 65
125 53
109 22
140 76
15 70
74 3
113 26
148 43
33 27
27 116
111 83
30 81
149 72
141 1
56 53
14 78
3 26
43 0
143 10
123 133
40 0
30 69
121 121
71 33
63 119
75 63
20 91
94 63
5 15
23 93
1 136
78 9
134 113
31 99
80 95
102 143
102 11
66 136
96 58
139 133
138 39
6 134
40 98
88 28
133 36
108 48
135 78
141 63
92 45
85 15
45 59
92 20
146 67
105 99
104 58
148 61
135 33
105 41
25 139
60 59
58 148
59 122
0 12
89 136
79 142
52 97
47 87
26 54
146 58
40 134
120 32
47 113
137 112
76 41
28 82
0 0
17 104
61 69
41 36
8 61
72 96
73 28
56 45
114 135
43 127
104 60
149 20
123 129
16 29
86 86
132 63
41 99
37 123
0 19
18 27
141 127
25 116
116 94
64 109
119 120
104 64
18 73
73 31
88 100
67 133
89 75
43 119
101 70
41 9
59 67
4 26
93 45
37 145
18 26
61 23
81 24
34 60
106 98
71 37
12 131
67 115
26 60
112 7
47 135
141 0
78 139
16 36
36 97
109 17
22 35
85 96
48 101
13 30
68 72
112 88
56 6
72 35
53 41
25 69
24 70
66 108
115 56
96 137
76 149
88 88
124 147
117 68
40 145
107 58
143 68
105 57
75 42
147 118
86 108
12 88
96 62
145 149
95 66
108 6
32 98
96 84
97 69
39 88
82 134
137 8
12 75
105 68
61 147
51 5
139 28
45 53
71 112
66 127
131 9
87 77
27 15
145 23
149 81
90 149
76 99
131 51
81 143
130 31
32 44
4 145
142 1
79 96
7 133
49 97
15 31
95 128
87 143
71 131
77 138
71 128
11 47
127 62
9 2
114 69
5 98
44 90
139 18
14 7
61 117
19 87
136 20
71 148
3 30
35 77
125 126
87 35
101 80
84 31
29 76
66 80
49 53
141 99
93 81
136 27
110 115
36 99
3 6
116 109
132 139
4 125
79 74
132 42
130 25
144 128
81 49
102 104
68 128
127 50
101 92
50 98
85 103
76 0
13 36
15 77
142 117
132 43
22 70
102 140
86 126
48 149
13 105
136 92
143 80
119 66
130 122
129 12
34 125
34 145
147 82
78 134
112 1
25 14
26 120
93 95
127 18
94 11
97 80
141 7
119 16
92 45
116 20
91 64
146 4
43 114
121 40
68 60
40 148
55 73
67 48
77 7
44 120
90 85
88 74
102 122
30 136
76 57
35 28
42 126
35 28
73 42
54 46
149 132
90 84
87 108
2 60
19 37
115 135
44 2
49 122
142 146
20 145
112 61
48 141
107 129
124 56
47 52
20 23
95 140
126 147
33 55
65 112
130 13
4 121
78 25
81 117
39 89
147 73
55 15
12 26
105 117
22 100
2 8
80 134
33 71
118 64
60 40
117 83
24 79
29 60
92 85
52 133
67 129
115 109
20 145
146 147
19 47
124 91
117 93
133 52
83 140
100 0
108 41
130 67
58 94
20 139
26 93
113 55
86 129
118 97
133 63
97 16
130 29
86 125
29 108
134 129
90 25
58 42
102 117
43 48
71 91
65 118
18 124
5 5
80 147
138 136
108 56
63 65
54 50
96 56
139 92
74 114
17 70
52 28
109 44
59 112
54 76
136 121
60 143
104 64
55 91
35 72
109 52
70 143
109 140
1 126
140 55
9 71
44 130
93 128
48 22
41 38
102 99
100 18
84 79
94 123
143 14
49 27
135 11
78 12
64 53
109 7
115 3
98 68
27 130
47 108
119 38
117 31
79 124
100 20
147 124
86 27
95 62
14 88
31 37
120 14
96 133
58 125
63 32
5 93
41 107
16 132
18 104
54 17
66 9
36 8
43 63
69 92
75 40
83 21
55 33
39 95
117 83
134 70
108 122
6 32
67 50
130 71
99 114
59 105
75 137
43 50
93 12
129 57
73 26
134 48
108 123
52 32
15 92
96 80
84 39
61 25
85 26
54 11
28 123
38 72
45 35
104 87
102 94
67 143
141 148
67 131
140 37
9 110
67 89
40 48
122 95
120 141
8 47
61 51
92 54
136 5
44 45
61 119
3 90
82 142
66 143
146 54
11 111
101 103
129 128
35 91
46 89
38 112
65 148
102 31
69 16
40 94
95 8
101 28
12 32
30 93
33 67
67 109
60 53
52 81
131 41
131 121
30 105
43 54
23 27
120 82
67 73
136 24
36 97
25 24
81 143
89 72
61 96
38 16
38 21
15 147
35 20
117 38
90 77
144 84
3 125
86 109
84 116
41 121
149 141
47 44
106 121
28 113
25 127
65 80
39 66
48 132
46 3
98 35
98 50
102 139
117 39
104 67
149 61
25 129
148 77
61 20
74 47
9 13
112 16
66 41
142 104
41 22
20 146
142 146
87 57
3 44
94 27
33 61
77 96
122 96
66 97
87 119
9 96
5 65
67 87
57 26
104 143
63 44
34 16
43 29
134 140
105 58
81 76
23 141
55 45
102 15
78 81
46 71
2 36
5 45
53 55
32 133
143 64
25 105
95 46
58 147
85 52
86 73
10 100
125 54
111 136
36 83
60 70
30 50
38 82
10 69
122 47
119 71
96 132
13 49
124 99
56 67
86 119
133 147
127 121
143 101
57 57
120 102
82 42
78 135
97 129
107 49
8 137
99 127
116 29
36 40
94 20
9 129
102 46
10 67
25 11
71 20
122 134
55 144
67 95
96 66
35 128
125 58
10 106
66 16
27 60
113 122
26 43
77 90
67 53
98 140
57 35
83 79
104 81
147 42
78 76
91 80
84 51
104 131
21 131
5 144
115 50
2 32
67 77
133 17
123 114
18 23
129 130
36 45
61 13
101 22
35 20
92 121
34 69
106 128
8 105
65 128
139 70
109 130
4 21
43 47
60 111
82 86
112 24
45 95
5 56
101 64
135 33
142 91
9 120
119 50
68 17
143 20
123 90
146 14
35 93
97 123
112 49
54 12
50 25
102 106
51 140
59 100
37 67
95 125
93 132
81 44
95 123
68 126
65 110
92 37
129 69
79 129
109 41
45 16
63 87
51 142
18 29
6 70
120 95
53 12
16 146
123 68
12 60
79 27
17 53
108 59
61 2
141 24
5 43
84 82
64 58
127 95
114 86
30 75
11 84
148 99
67 75
113 94
143 67
1 11
126 51
42 18
113 44
8 64
127 9
2 81
75 78
44 86
76 90
114 109
3 47
133 148
83 65
83 58
143 38
80 131
85 1
74 35
130 54
56 137
113 57
112 49
102 37
3 101
73 104
134 139
50 40
131 125
148 111
48 18
74 55
46 18
105 66
33 21
46 25
129 15
60 65
75 21
35 115
134 12
77 142
124 25
79 120
101 127
115 71
126 58
5 105
118 105
101 138
17 66
15 23
147 112
132 46
29 71
118 83
49 12
8 141
106 82
137 79
126 71
48 86
11 43
34 39
23 119
98 126
15 124
4 34
62 7
67 49
7 27
7 57
80 137
61 16
63 75
36 31
28 139
19 35
113 76
51 33
68 148
142 5
81 56
137 37
147 14
43 29
16 41
33 61
134 14
98 19
32 70
42 46
31 149
46 42
78 38
92 2
129 46
114 71
47 29
75 88
57 116
35 94
131 71
81 74
69 7
47 130
135 103
77 90
122 128
114 120
63 111
55 46
123 72
11 119
143 56
75 103
24 115
34 117
65 143
25 63
57 8
149 88
91 134
21 2
46 96
0 78
127 92
59 103
94 148
87 67
109 103
61 12
20 141
26 5
142 149
48 116
62 145
119 115
31 32
19 98
112 11
144 115
146 51
79 142
39 24
40 84
140 42
52 111
45 128
94 65
129 35
122 125
132 27
139 51
100 121
47 104
111 141
61 41
51 20
71 136
74 93
38 88
82 125
54 108
147 140
60 1
53 86
41 108
20 118
52 12
8 46
50 9
45 133
43 126
98 14
41 37
41 122
68 145
111 89
13 62
19 24
122 74
41 13
12 99
148 2
39 97
38 63
44 22
78 46
107 39
22 122
29 84
60 55
11 109
69 38
121 4
135 119
84 73
13 56
36 8
9 126
66 63
106 118
38 138
61 60
96 65
144 140
130 22
107 48
87 34
26 10
103 14
53 82
114 20
12 116
102 120
144 118
26 29
56 90
148 99
108 121
9 84
123 100
72 58
103 4
132 23
93 67
100 26
91 18
110 124
48 23
141 49
75 24
14 93
85 123
47 122
19 5
126 106
62 98
120 73
126 147
17 121
135 105
110 94
71 30
67 115
146 115
86 68
45 31
41 79
110 93
52 27
87 55
106 15
71 101
74 45
34 86
113 109
59 117
112 87
48 48
14 94
5 82
141 34
30 117
149 28
33 100
4 50
54 147
140 2
12 62
0 138
133 45
44 4
89 100
145 24
121 22
90 34
71 134
18 30
39 73
124 71
79 0
42 142
40 146
147 147
118 81
87 98
76 60
96 82
79 68
130 88
18 16
82 72
21 129
105 42
27 17
27 59
119 2
62 125
65 77
27 40
83 93
17 89
103 138
69 28
86 75
21 68
58 42
97 72
146 19
90 68
63 115
31 120
19 110
126 68
128 117
60 45
25 31
77 127
51 9
133 14
136 104
89 38
124 94
61 142
92 80
82 84
98 127
10 149
33 109
30 85
52 0
72 80
148 81
32 50
56 18
149 116
88 55
59 117
33 115
112 48
134 98
87 107
6 148
87 73
124 16
66 91
52 4
6 93
23 51
146 109
148 28
64 15
130 69
84 7
89 113
101 93
14 3
10 9
40 121
17 27
11 102
69 25
47 57
143 56
90 3
119 130
111 138
106 90
114 139
145 18
142 99
27 130
101 122
13 82
49 94
93 137
52 144
92 135
79 10
137 94
108 147
69 3
39 77
58 26
105 38
148 27
67 86
121 39
99 68
57 55
121 42
140 22
148 30
9 120
47 91
118 18
143 54
24 21
19 21
31 124
143 28
148 92
127 98
117 115
71 55
15 22
130 1
26 88
101 92
122 49
33 88
77 1
9 47
26 78
41 20
60 33
134 4
63 33
71 116
55 122
14 38
6 82
61 17
105 141
142 147
71 90
35 118
42 47
6 105
104 87
85 148
68 35
143 21
72 76
94 131
102 142
112 14
52 51
55 124
74 114
102 46
137 68
12 1
122 22
61 117
34 131
147 50
28 49
105 90
27 148
119 90
10 24
8 16
74 107
38 131
56 22
44 139
120 90
28 49
44 25
48 62
123 39
55 48
17 49
102 119
135 108
47 134
19 131
90 23
145 123
45 128
8 119
45 99
81 35
113 55
140 138
38 70
106 99
99 13
90 57
50 11
10 2
104 133
4 135
126 105
138 82
49 79
139 91
51 34
0 102
104 98
100 120
126 21
7 84
128 61
120 49
119 109
81 24
3 7
125 6
28 41
127 18
112 149
83 58
129 18
83 60
49 64
40 48
15 80
45 123
128 113
132 125
53 79
57 125
42 47
119 85
149 105
61 125
106 49
100 148
91 1
116 93
53 71
131 26
79 121
132 27
112 32
7 68
120 56
19 50
63 104
63 45
88 3
79 137
4 116
110 143
26 81
76 96
42 72
67 14
72 38
97 64
20 124
61 73
118 65
94 113
125 146
68 109
72 43
103 75
6 37
76 79
52 4
27 140
107 73
15 45
11 51
106 86
65 117
126 63
123 75
25 60
56 41
54 23
35 56
71 18
86 143
118 7
15 121
61 98
13 51
73 127
18 142
41 93
1 134
88 78
78 57
100 135
67 108
116 121
114 22
2 92
145 67
44 40
55 104
144 130
122 114
38 140
34 49
36 23
53 58
44 8
73 108
17 66
47 81
29 129
6 146
80 89
62 60
132 1
133 119
123 94
129 38
64 47
138 29
76 91
26 5
4 138
104 98
94 132
83 94
133 70
70 110
137 61
114 76
142 128
27 77
110 23
3 91
90 99
10 43
94 116
144 147
5 19
137 129
46 57
32 98
79 53
5 71
119 102
5 36
79 95
2 30
49 145
0 41
120 13
51 27
130 140
57 65
148 122
37 127
22 14
103 75
69 100
125 37
51 8
110 90
53 55
70 8
75 92
83 12
61 133
38 76
52 5
112 68
19 137
1 47
129 18
11 44
84 36
48 34
132 100
142 2
75 29
19 8
58 100
98 133
22 49
19 11
75 61
133 80
24 68
45 71
0 119
63 7
5 9
48 66
57 61
2 108
65 51
38 140
37 134
42 141
41 122
149 22
37 141
4 116
39 28
41 85
2 34
58 146
65 104
8 63
126 123
16 110
75 40
130 4
38 119
29 79
144 141
23 23
41 103
129 15
143 113
14 1
128 99
2 2
46 67
119 135
60 136
29 56
34 109
21 17
10 60
43 124
113 106
145 22
85 56
117 127
3 142
51 121
126 121
76 128
144 74
141 4
53 111
38 59
110 144
80 116
117 40
123 73
127 56
100 128
51 59
14 2
32 114
45 31
90 148
146 29
67 105
41 133
102 139
41 109
23 130
120 143
90 36
30 119
149 63
96 28
92 8
66 10
46 112
123 95
123 107
144 80
13 14
57 80
56 7
70 22
130 128
17 110
144 7
66 21
35 109
79 44
131 108
41 136
99 132
76 47
10 82
60 74
49 149
57 37
119 61
149 39
83 142
134 74
5 61
51 128
62 110
89 16
35 63
64 61
149 136
46 131
11 86
90 8
71 47
11 118
124 120
112 86
111 84
125 75
74 85
98 36
137 47
47 57
68 106
63 73
126 71
137 6
48 118
137 3
132 111
96 79
2 134
103 144
15 124
47 11
113 23
76 100
105 108
133 99
59 59
16 137
76 52
79 22
58 83
143 77
116 110
114 122
0 68
97 111
0 24
0 146
99 92
10 93
41 144
82 20
43 23
41 107
66 51
102 101
24 100
73 83
50 8
56 51
137 2
65 63
1 115
104 103
15 143
99 87
13 35
101 141
4 65
96 37
18 3
52 33
67 70
23 99
28 48
109 39
111 104
113 93
121 67
93 144
140 63
83 146
147 26
112 63
19 102
31 123
97 106
73 27
77 33
37 88
3 93
28 128
1 58
12 62
144 121
18 82
143 66
102 105
28 105
99 65
145 128
48 141
105 11
22 72
89 91
85 73
38 42
144 14
118 113
72 13
74 132
141 0
83 89
77 80
89 68
19 38
26 1
31 36
115 107
119 144
112 106
0 138
43 134
76 51
104 86
84 62
93 102
42 143
43 43
125 31
106 116
24 95
98 47
30 6
122 129
17 7
122 13
78 45
110 131
121 1
12 66
112 142
88 57
40 92
122 31
74 97
102 24
32 124
99 92
19 126
134 49
67 55
149 83
50 135
109 71
40 85
90 88
115 11
86 86
128 139
99 149
80 4
73 83
69 121
111 117
94 93
55 125
99 24
30 138
110 57
89 104
31 107
17 73
123 81
143 130
86 149
138 138
14 63
67 87
0 98
143 18
19 63
28 113
71 37
57 146
11 20
106 15
75 75
17 108
6 32
119 110
66 67
59 124
90 100
118 70
131 125
115 17
19 84
37 11
71 37
85 142
123 7
131 93
51 64
140 87
137 29
124 113
75 45
121 17
80 15
23 77
3 42
132 1
134 2
28 127
5 106
38 145
88 51
72 38
65 48
135 74
117 28
68 20
63 54
49 17
74 107
80 84
130 60
105 36
102 132
75 2
140 4
41 142
121 32
106 34
134 37
119 50
98 67
84 149
37 109
32 113
89 149
79 147
122 33
105 47
19 55
93 146
61 103
84 121
122 88
80 131
20 134
121 146
56 90
63 141
78 121
19 41
99 140
61 138
52 55
51 134
59 24
24 87
23 9
71 116
74 53
72 32
148 52
26 75
85 52
70 132
134 29
148 78
60 64
97 109
130 16
5 64
58 95
116 108
86 110
49 8
50 56
102 7
75 95
39 15
30 35
20 52
57 37
33 39
75 55
64 138
126 146
87 8
53 83
58 143
142 65
11 84
64 65
13 69
4 36
24 35
123 141
6 101
4 146
92 69
74 116
128 18
62 130
34 17
146 129
127 145
123 78
66 138
23 89
148 130
117 66
16 144
56 7
106 102
34 94
126 9
27 142
66 79
129 118
80 26
84 122
53 14
139 109
51 73
57 144
37 71
76 36
98 65
45 103
23 126
36 52
134 80
137 32
85 98
34 109
69 20
78 117
93 93
141 48
60 94
5 73
130 21
136 64
4 119
6 146
50 10
140 138
25 100
73 4
15 67
68 145
110 127
119 73
89 70
55 32
106 142
3 123
45 66
65 89
114 6
48 67
54 141
25 105
16 86
65 102
34 126
27 4
115 10
123 132
148 60
142 118
19 79
32 69
100 31
55 47
81 96
62 17
68 79
8 71
106 56
85 142
86 50
132 60
130 16
6 117
123 144
44 98
108 14
36 83
24 19
97 42
20 78
16 41
119 105
28 87
30 46
79 40
7 8
120 3
103 30
14 88
70 118
74 87
85 127
126 117
108 16
134 114
49 122
99 111
144 33
14 133
116 16
45 125
85 57
86 96
76 35
16 128
95 120
27 9
113 141
121 92
36 39
20 76
92 110
59 74
148 63
112 46
70 148
12 90
111 33
54 1
87 101
110 93
45 61
111 74
138 95
114 115
44 83
43 128
56 18
65 42
76 63
6 93
3 55
102 122
18 143
88 20
33 139
103 71
9 136
61 44
41 92
36 22
98 75
8 7
94 77
59 114
144 70
146 142
19 30
99 49
104 120
83 108
106 93
65 126
94 45
72 25
10 129
123 37
55 120
61 90
128 23
91 77
19 81
130 93
60 122
51 115
95 99
12 139
3 75
53 56
28 30
109 48
68 101
149 96
124 26
129 25
20 47
12 40
96 86
100 132
127 147
67 128
114 95
69 134
92 19
34 74
94 140
11 60
83 131
49 97
97 75
19 128
111 105
127 27
149 113
56 145
116 135
113 74
137 90
13 103
35 13
22 19
16 110
146 76
74 103
139 38
134 11
78 13
28 51
134 58
12 143
126 62
30 79
93 142
44 103
117 27
68 139
13 128
83 111
133 138
7 145
9 15
129 71
100 84
129 29
139 134
123 20
51 107
30 141
5 108
58 0
83 89
27 113
6 40
127 130
42 47
142 54
103 93
97 3
52 10
97 39
146 21
87 75
98 64
97 98
92 82
23 89
107 76
13 116
20 76
13 43
61 132
121 139
94 92
38 139
117 47
28 90
143 149
100 14
58 108
16 103
88 54
135 136
80 42
34 124
135 23
149 135
132 58
134 98
56 139
39 45
139 114
4 38
50 48
72 112
26 142
4 81
123 129
149 49
61 6
135 51
71 27
145 124
5 23
88 85
127 33
141 126
84 28
38 16
40 138
37 138
64 130
112 138
44 26
121 146
75 72
126 45
14 57
76 15
55 110
76 119
29 38
39 110
39 49
113 145
24 35
95 2
59 21
42 6
47 16
43 77
24 0
144 93
26 66
92 20
143 64
14 77
103 69
146 31
50 83
87 51
102 45
3 92
38 73
87 1
48 120
140 4
148 75
17 43
131 73
37 12
143 130
60 87
33 34
78 85
14 15
149 133
142 2
23 130
133 61
123 82
118 4
54 109
43 94
116 23
19 124
29 41
103 66
28 31
39 72
42 132
120 28
20 63
129 84
68 52
125 147
127 68
42 64
101 122
74 136
149 70
5 129
103 48
80 69
86 64
117 52
143 115
11 27
56 120
95 75
2 104
142 101
60 22
67 131
95 110
129 147
149 98
145 49
133 40
70 129
98 39
96 80
129 40
124 87
54 59
115 107
12 83
36 3
55 42
83 141
8 131
126 61
71 6
62 146
137 71
5 41
135 119
48 66
45 96
74 98
51 133
41 142
9 72
9 87
43 107
68 137
138 36
22 18
23 76
18 113
71 141
52 95
31 125
115 63
135 7
131 35
102 134
149 109
122 146
64 112
23 35
9 43
92 37
85 113
30 99
149 17
49 148
112 103
108 110
90 67
24 128
57 24
37 135
97 142
103 60
104 133
44 129
114 102
146 107
59 143
0 62
122 99
107 54
144 135
63 33
122 32
26 72
147 32
89 138
10 146
60 111
6 64
44 127
56 57
80 105
8 30
101 33
55 42
80 98
112 144
84 133
129 88
143 62
91 36
148 125
122 116
20 96
6 132
25 82
130 130
88 70
16 45
119 13
146 94
109 64
5 129
87 78
130 138
97 137
88 105
115 37
34 10
26 146
36 20
35 27
52 96
93 98
83 18
142 77
15 112
36 117
2 36
45 137
142 106
66 124
104 1
20 117
144 121
41 145
13 29
116 137
37 37
43 96
84 41
104 50
79 9
65 89
42 79
23 136
127 129
13 42
105 77
18 137
64 80
88 27
98 17
41 12
107 61
17 35
132 18
16 145
76 13
129 11
58 66
126 98
36 60
22 85
113 76
21 40
81 18
54 10
22 77
133 62
83 66
0 16
44 95
44 108
60 39
123 36
13 32
125 81
7 111
88 130
7 15
16 123
71 40
94 67
28 17
9 54
139 34
136 89
109 13
115 111
19 99
145 6
100 75
42 133
127 144
149 31
149 128
12 42
57 137
65 74
66 91
136 95
35 105
43 143
105 43
57 138
127 19
148 132
25 123
137 89
87 11
140 92
64 120
141 31
84 20
79 14
111 124
68 146
25 61
112 107
14 84
121 22
33 96
60 70
32 54
125 4
142 146
88 79
5 54
70 134
63 135
44 107
49 92
26 86
99 57
22 56
0 15
130 36
88 146
26 127
79 133
104 116
73 52
85 133
67 86
56 149
94 24
136 78
140 70
68 23
132 91
28 104
89 27
139 37
107 28
109 87
93 101
80 0
82 143
35 58
112 62
88 44
4 119
122 18
142 133
115 116
79 126
53 107
9 11
67 35
58 69
73 67
54 57
52 68
30 75
84 58
80 133
26 21
116 64
19 103
71 138
112 112
38 24
123 143
73 130
94 98
12 139
79 111
23 5
39 79
82 135
101 147
61 35
140 67
16 124
75 139
27 84
33 34
91 106
105 51
44 142
58 12
113 32
80 20
66 22
149 124
82 26
24 68
119 71
135 13
91 140
81 15
128 41
134 70
70 68
54 41
28 120
57 47
8 22
73 96
37 91
123 49
43 22
33 82
80 117
3 19
90 18
83 3
21 72
140 17
46 93
106 95
135 20
145 29
23 136
102 24
16 59
54 66
128 25
118 117
86 15
83 103
90 41
6 104
91 68
74 121
72 15
124 49
94 126
19 66
81 60
87 103
49 2
112 35
65 133
107 88
67 37
114 128
80 12
147 85
17 144
82 10
97 63
11 126
6 117
105 32
19 33
6 59
110 76
24 109
66 93
15 134
52 9
59 48
28 42
45 26
50 125
130 149
30 1
30 98
89 108
64 135
101 146
116 35
94 134
79 72
51 5
64 117
103 149
103 70
121 143
30 136
121 96
42 36
140 18
120 120
120 75
71 123
63 92
31 106
146 57
58 119
125 40
133 23
113 11
63 143
106 125
24 43
120 81
137 114
130 48
43 76
79 105
141 37
92 14
109 33
67 37
47 138
64 22
26 46
41 66
79 96
81 84
47 52
59 10
47 81
124 46
144 109
147 30
35 56
95 87
54 14
92 14
110 31
5 116
40 107
119 34
9 143
128 43
34 28
3 18
10 141
132 91
5 114
37 67
38 118
116 120
53 95
102 104
59 16
138 38
99 124
108 140
145 143
20 22
28 24
145 21
82 38
96 56
29 37
110 48
22 34
15 111
8 139
1 26
100 18
136 87
129 11
45 14
89 26
83 20
21 11
40 122
1 95
107 121
72 122
93 89
127 125
76 85
148 62
34 15
0 45
146 19
106 94
127 65
143 120
94 119
114 124
76 148
75 148
23 108
95 104
43 127
123 62
42 80
77 38
31 102
14 84
65 76
97 147
136 126
22 80
80 72
44 125
120 92
25 34
90 56
117 33
97 95
16 22
111 108
95 63
100 103
59 51
109 128
116 108
60 52
20 21
103 103
39 124
96 55
78 69
30 101
128 110
7 63
108 42
131 20
54 89
89 14
110 92
49 110
113 70
139 98
58 6
81 125
77 93
128 89
90 72
139 110
12 1
7 74
88 25
142 128
19 83
68 127
77 119
135 62
60 41
16 21
40 43
37 65
51 70
29 80
106 96
112 75
111 9
111 62
69 144
140 93
105 146
17 59
13 12
1 18
43 1
40 31
131 18
38 94
41 29
76 86
30 140
84 135
83 21
78 145
67 75
14 105
57 83
132 35
141 99
117 130
68 122
82 18
21 137
61 98
51 112
136 82
101 52
130 63
113 108
107 101
114 25
78 101
36 98
18 84
21 78
85 96
52 99
101 106
55 53
130 10
95 135
120 94
36 42
9 101
138 139
99 105
65 118
147 12
136 18
33 33
58 27
125 41
66 95
125 98
48 147
24 87
136 75
115 90
35 95
139 44
73 35
119 15
137 53
131 77
51 139
133 43
143 12
47 97
71 71
148 146
140 84
115 4
66 67
133 68
77 116
113 49
29 99
62 117
36 81
114 74
17 34
56 60
79 58
68 57
114 98
109 138
1 149
42 62
24 25
99 132
91 121
131 83
100 65
22 62
70 39
18 114
104 19
93 119
56 42
105 28
90 63
99 115
121 80
7 127
2 32
82 108
109 96
144 79
23 92
51 128
122 141
26 92
129 30
48 93
7 139
60 98
39 137
109 65
45 81
125 35
100 74
24 67
100 100
146 132
112 128
127 96
63 10
73 140
92 48
85 103
95 96
87 54
129 138
3 62
141 55
122 86
12 64
77 10
87 59
68 116
79 54
52 22
83 142
94 59
57 11
110 62
138 48
132 59
47 12
105 21
105 45
133 96
21 115
23 19
87 4
40 69
145 136
21 108
117 148
15 115
137 78
146 144
140 59
140 128
148 118
42 23
84 120
143 122
96 13
147 7
32 78
70 81
103 84
71 105
46 95
143 122
101 124
96 112
82 92
125 12
89 44
13 137
12 24
122 52
91 74
81 103
22 87
118 130
144 21
60 125
12 95
23 41
101 40
13 38
94 49
16 55
145 140
77 121
68 101
101 79
140 83
115 127
118 132
131 51
14 69
66 101
141 88
104 9
129 122
33 86
91 104
68 25
84 16
100 33
142 77
131 92
0 57
49 120
53 52
104 119
50 51
93 27
80 86
31 85
47 69
1 138
82 56
61 17
19 88
21 140
15 14
147 53
51 140
120 59
108 135
145 25
143 93
65 35
64 25
80 93
103 64
85 26
5 1
143 108
38 53
139 79
63 63
38 22
87 126
144 25
102 144
7 10
113 138
131 70
101 17
39 50
26 8
144 116
144 97
45 140
93 86
19 73
83 12
69 76
28 134
1 57
1 68
99 136
145 67
44 137
137 71
48 89
81 97
89 84
73 108
15 102
66 142
121 121
148 27
1 149
134 75
29 15
111 18
23 123
99 48
24 139
38 49
58 144
68 97
3 133
103 98
62 84
18 130
1 18
87 69
125 124
118 85
103 31
103 96
148 44
121 33
144 99
114 52
121 59
119 28
9 68
139 27
141 90
53 35
54 124
139 23
76 133
74 69
128 19
130 103
122 68
13 92
133 108
53 51
79 59
93 126
34 143
61 73
96 74
116 123
40 41
58 143
77 33
124 57
64 141
145 92
79 25
38 56
117 28
83 128
17 136
69 13
80 96
28 33
16 92
113 81
87 58
67 103
41 117
46 95
85 112
48 135
107 5
125 149
103 78
99 61
84 33
62 29
68 119
67 1
6 98
54 1
59 132
108 67
119 9
134 33
144 90
48 81
7 44
58 49
47 43
17 37
107 82
35 66
35 53
96 100
79 62
5 139
147 39
8 31
97 51
95 16
49 84
90 16
98 43
48 21
76 56
96 11
6 132
148 121
86 69
27 137
102 137
86 46
135 121
36 99
127 129
74 94
116 63
105 43
39 15
64 22
113 114
56 56
127 34
98 69
98 57
119 136
30 109
115 52
24 102
63 98
55 133
57 20
22 127
21 12
70 117
12 149
91 61
31 47
75 135
15 126
111 74
7 142
135 142
62 130
73 59
115 88
142 106
0 139
34 81
37 147
93 135
100 16
30 68
86 51
22 139
22 89
16 61
139 42
114 85
80 46
36 11
107 20
16 101
45 92
142 101
141 7
88 131
72 14
136 59
101 119
149 29
21 133
95 116
96 69
74 102
52 132
134 46
125 134
17 43
101 128
141 25
22 1
44 86
17 48
140 23
57 64
97 53
70 34
39 135
128 33
106 84
41 110
64 114
135 35
148 143
61 75
76 50
115 63
57 41
33 75
18 40
99 75
82 113
73 148
99 72
31 62
74 27
82 0
74 90
15 137
110 49
144 125
128 26
17 37
20 6
13 47
114 62
123 53
51 65
147 49
127 74
77 72
83 131
15 105
7 50
39 73
77 48
139 92
71 0
10 23
105 44
54 109
32 47
44 68
90 56
84 61
142 10
95 87
21 103
79 129
22 141
144 38
38 106
79 145
4 105
123 40
45 45
103 143
14 138
96 113
67 13
131 117
9 115
74 89
29 58
137 22
17 148
104 117
8 99
139 98
47 24
84 70
79 39
59 33
27 139
6 94
5 35
74 132
119 39
70 22
21 27
55 50
111 145
0 122
0 8
24 125
84 114
22 35
130 55
72 23
140 69
109 125
50 78
19 140
114 18
10 49
117 141
11 26
67 143
64 55
0 10
54 17
116 71
59 21
54 70
115 109
3 75
15 70
108 57
2 105
82 133
109 80
131 138
96 7
145 144
104 61
111 77
128 55
126 138
49 59
117 15
65 26
146 73
124 31
141 92
32 131
7 13
106 145
31 77
86 64
35 134
137 136
86 28
145 45
40 9
65 82
118 120
45 92
105 20
71 149
38 68
17 48
130 86
90 69
30 1
6 53
60 27
139 28
58 71
121 135
148 130
135 34
102 66
63 70
5 7
14 30
114 92
59 92
111 61
31 27
102 5
79 110
139 80
21 8
12 20
56 108
138 144
124 3
17 117
60 68
110 118
110 149
113 126
16 87
128 73
11 98
5 79
58 105
4 63
79 73
146 94
15 103
124 42
125 27
104 37
46 131
129 108
96 129
29 20
134 53
115 149
142 79
0 21
142 86
10 19
19 101
92 0
6 139
31 50
85 18
28 143
149 90
88 13
92 94
92 8
41 60
121 34
79 85
147 19
138 100
101 128
139 55
44 78
141 47
65 92
72 79
72 97
104 10
109 20
22 26
83 37
52 127
75 103
97 65
145 130
24 122
23 15
47 50
117 24
81 11
83 14
149 113
28 34
140 11
20 94
54 101
110 134
74 100
58 133
35 38
140 38
30 91
119 41
133 85
100 92
119 90
58 139
69 130
137 95
120 135
109 129
60 60
136 68
32 95
85 127
129 90
145 142
140 30
81 101
122 36
115 94
34 60
32 99
102 83
26 11
120 46
139 59
143 82
70 132
48 19
105 109
8 70
114 52
83 140
48 66
50 88
27 0
108 131
11 91
115 115
24 121
128 104
141 65
114 82
70 103
72 149
6 87
141 55
7 51
61 137
102 138
17 91
46 102
138 146
66 52
45 141
72 147
86 22
18 131
15 40
107 130
60 102
83 25
94 81
48 120
45 75
47 61
68 17
78 47
41 81
12 61
40 70
132 98
30 149
115 23
100 10
7 138
65 127
76 99
5 133
93 20
142 29
143 57
63 98
30 138
99 25
41 134
146 16
46 127
128 51
136 118
79 39
125 138
110 13
130 140
53 40
48 45
69 59
141 12
24 76
30 17
43 129
2 67
117 2
59 115
15 72
21 35
18 138
5 27
31 45
31 143
116 41
99 62
65 55
64 78
57 120
8 10
69 75
149 22
100 124
29 108
27 145
15 85
37 52
53 122
6 45
24 29
119 15
144 117
73 68
55 7
26 91
77 103
87 139
52 97
115 65
8 135
20 149
85 145
127 100
4 136
53 100
22 56
28 49
137 3
114 46
16 19
15 85
115 146
136 100
136 35
28 4
46 44
117 88
140 101
36 62
141 148
85 48
49 60
68 3
23 76
102 81
47 56
73 80
57 23
112 119
129 132
133 134
17 134
147 53
65 140
29 107
14 83
26 94
60 44
48 44
59 10
105 136
103 20
1 77
62 98
87 62
90 61
134 145
48 132
103 68
139 38
5 71
138 62
133 18
39 51
21 54
102 69
55 131
28 113
72 86
54 82
65 144
28 115
95 129
118 47
96 10
32 8
132 18
11 131
27 69
128 100
86 24
4 10
43 145
46 48
104 80
110 122
39 75
55 50
30 108
62 81
83 64
121 1
34 93
144 39
9 72
88 19
141 13
10 137
142 62
24 66
144 51
76 100
82 63
19 95
44 53
53 106
120 74
41 7
37 10
11 15
80 24
113 29
124 65
27 94
28 81
119 51
142 77
42 148
113 102
73 10
50 25
79 6
79 130
43 109
4 9
139 117
3 75
143 126
134 69
55 84
76 131
76 122
97 84
135 19
62 111
110 84
31 1
147 23
78 91
149 147
26 129
138 123
96 136
60 66
46 44
114 34
138 83
124 70
34 102
57 32
67 143
91 21
89 36
120 131
113 36
138 20
2 57
148 109
77 131
10 14
101 29
73 51
29 114
43 18
147 25
139 120
62 88
20 122
0 50
135 4
61 81
124 67
1 54
49 27
113 80
23 11
19 75
17 148
72 63
111 32
69 64
35 58
143 48
64 57
115 16
92 64
125 48
113 81
54 25
95 109
48 13
53 43
12 91
26 101
115 85
126 105
54 78
72 39
64 13
22 76
6 78
58 149
22 0
127 116
120 131
127 42
136 53
13 121
100 122
55 72
144 145
88 81
49 59
5 140
8 134
32 120
71 114
79 94
106 69
64 18
72 40
123 108
3 106
114 110
61 55
143 102
123 43
113 47
99 61
72 142
120 82
58 87
113 14
119 65
102 39
11 98
137 95
116 30
98 98
147 114
48 128
124 144
149 14
69 81
61 45
134 120
5 2
42 10
39 100
20 78
2 35
26 59
66 144
121 26
1 4
5 89
14 28
115 62
89 60
65 99
109 55
132 96
130 58
58 59
109 90
37 119
99 47
53 139
24 140
93 73
143 110
0 71
19 7
61 59
37 42
102 74
78 14
20 122
0 30
19 34
33 114
146 140
143 80
110 103
144 84
139 92
132 54
61 81
49 19
1 100
143 92
93 55
132 107
71 14
59 58
95 149
141 11
20 132
69 101
100 132
7 48
97 64
105 142
18 67
79 123
89 31
22 6
110 51
61 21
111 146
116 120
30 92
145 20
22 26
84 87
39 11
56 144
93 20
14 70
65 106
60 139
30 143
144 118
93 31
95 84
86 0
145 78
128 38
96 48
56 141
79 66
72 68
130 112
79 32
137 42
64 142
0 112
74 2
13 148
148 42
90 126
139 33
5 33
42 130
21 3
20 117
116 95
137 118
50 72
5 57
42 56
103 123
147 54
19 90
141 9
58 41
55 8
27 97
87 0
65 23
53 125
37 34
50 55
55 61
49 87
5 94
60 10
76 70
22 59
36 12
133 48
99 13
89 62
117 132
59 49
26 141
12 102
27 48
50 131
42 118
139 56
31 52
135 44
147 41
97 110
97 46
144 38
118 91
145 75
12 63
25 61
117 63
138 59
23 134
137 67
22 31
15 14
71 147
95 123
109 88
51 122
129 35
1 115
94 111
79 146
57 15
9 147
33 56
86 131
80 53
127 9
48 107
7 143
125 58
147 133
102 84
61 93
143 11
111 124
145 110
5 29
84 76
36 52
82 106
115 23
103 75
28 123
45 16
100 49
55 140
21 113
29 109
138 141
5 41
124 19
107 108
100 6
71 114
104 39
111 97
129 124
130 14
77 84
73 132
94 83
58 97
80 137
78 77
148 79
20 91
100 14
96 58
93 103
100 31
132 113
130 11
146 19
58 60
85 121
97 148
129 93
105 33
69 16
19 105
87 112
30 144
138 76
29 79
144 141
82 68
29 114
137 142
5 147
33 42
79 43
127 119
131 19
118 94
80 79
102 6
1 29
147 111
25 79
32 127
148 43
4 123
16 143
5 91
132 1
141 98
19 64
51 144
137 88
54 70
48 140
53 6
101 32
31 133
2 91
125 58
74 63
54 69
36 8
69 133
35 98
89 103
56 46
67 116
118 5
0 17
146 30
9 5
116 9
22 137
33 34
45 64
26 74
54 138
38 12
98 79
125 129
5 68
95 13
91 135
21 99
0 46
117 73
74 147
90 96
98 87
61 73
118 6
71 71
63 29
131 51
21 68
38 46
135 10
24 108
72 101
127 41
68 43
77 119
43 128
130 91
11 1
18 94
55 73
115 72
116 24
109 10
76 8
37 69
52 103
92 25
2 146
19 104
123 132
121 80
143 40
63 119
48 83
11 10
56 119
82 14
112 98
123 55
102 147
111 94
43 87
101 31
3 82
149 123
126 145
7 28
149 12
10 77
118 120
136 7
78 60
120 61
145 47
60 106
62 98
125 131
107 33
2 31
38 105
91 129
1 130
10 147
99 144
115 18
6 124
117 131
47 63
100 70
75 19
7 12
74 29
91 97
142 0
130 135
87 110
84 132
48 126
69 126
0 95
42 109
17 140
124 49
80 85
123 27
147 79
120 0
80 37
52 33
51 106
48 94
34 112
111 49
77 117
69 9
147 109
121 8
3 32
115 3
149 56
70 78
82 114
99 147
43 5
105 133
67 40
114 29
2 66
8 72
76 25
83 69
149 115
39 57
36 81
40 20
12 35
101 135
85 28
82 102
43 54
122 30
144 50
56 114
5 69
62 48
124 117
85 92
47 134
7 4
20 81
67 80
15 108
73 99
11 5
104 137
120 133
133 109
77 72
7 126
65 100
111 5
140 67
133 91
29 126
105 33
76 83
37 140
24 139
6 52
18 21
95 31
46 132
58 80
38 117
63 14
125 85
28 106
19 19
64 88
43 128
132 109
134 36
76 58
66 70
66 33
117 110
43 147
114 46
68 98
47 37
130 122
11 100
113 18
121 136
104 86
92 73
131 112
24 78
76 103
46 76
31 53
47 11
116 89
90 101
41 27
14 93
98 44
73 69
41 23
20 131
120 61
104 70
61 125
24 79
32 39
90 65
65 68
111 16
135 24
131 149
61 141
12 65
146 3
130 117
23 109
117 90
115 135
49 103
18 5
41 103
82 128
70 48
67 147
69 129
96 72
58 104
58 99
2 83
67 60
71 113
102 106
95 73
149 66
140 140
38 37
126 116
118 49
47 71
118 101
68 45
136 33
96 121
7 140
137 8
42 83
50 8
135 59
71 8
144 122
18 55
147 59
68 22
35 124
109 101
139 136
133 53
95 131
121 116
126 130
102 103
124 28
23 116
12 86
13 42
60 121
137 56
42 18
74 33
82 63
120 34
66 74
48 1
120 63
19 40
101 42
30 10
59 43
18 38
77 49
24 108
119 63
119 134
81 30
61 88
99 133
129 132
24 84
20 84
145 127
96 30
95 81
5 145
105 42
108 63
73 93
104 144
45 143
118 105
70 37
132 64
14 95
107 34
76 121
90 104
5 66
135 138
83 17
92 136
31 147
37 100
119 3
148 32
44 114
118 142
105 83
63 105
43 74
70 136
40 94
112 68
46 22
77 37
83 135
2 43
140 49
32 141
52 6
67 32
119 70
103 32
110 109
84 52
112 101
96 51
53 36
113 21
33 46
57 81
108 18
82 127
132 10
129 1
4 142
42 25
101 80
132 130
9 40
100 35
67 51
30 38
47 130
76 90
98 31
34 99
85 57
137 114
66 21
112 102
9 18
10 126
85 126
66 4
63 121
79 94
4 16
146 145
23 86
14 125
52 58
87 74
149 30
2 104
9 72
35 121
120 61
38 121
29 120
95 27
102 15
22 128
118 109
10 92
60 53
97 29
61 92
3 111
88 74
73 104
104 16
125 129
102 4
19 9
87 52
108 128
75 59
7 80
52 128
109 53
118 10
3 17
4 99
31 59
0 4
110 85
14 2
108 48
54 117
45 132
100 131
130 65
83 136
116 147
142 90
134 41
49 20
0 55
34 49
97 93
101 42
16 130
12 122
59 115
16 64
52 96
3 42
64 13
20 91
98 35
78 94
89 139
62 4
83 130
46 31
13 29
10 129
126 38
123 101
113 128
125 135
121 137
7 105
13 84
27 17
106 121
24 26
49 132
66 139
29 102
121 117
15 92
46 143
8 149
129 109
38 60
75 136
4 129
80 110
51 118
63 126
131 112
87 9
140 98
109 108
39 48
105 123
142 115
108 32
139 41
79 124
118 87
85 21
130 25
40 41
136 6
107 67
119 70
63 140
53 112
76 137
83 4
62 60
139 85
116 17
76 17
62 118
149 104
14 51
132 61
29 13
9 120
70 67
55 80
45 56
55 77
44 1
2 97
114 94
124 135
138 131
47 97
115 62
91 100
33 48
148 37
59 85
116 88
36 54
102 37
83 55
101 118
1 54
122 149
75 120
125 87
67 19
82 95
21 61
144 71
143 114
123 28
85 81
78 138
131 122
121 14
146 58
6 96
107 98
115 90
113 100
137 6
6 54
36 50
53 142
101 24
123 81
104 12
141 145
32 133
97 27
23 69
129 74
83 60
45 118
65 119
73 114
137 62
147 67
70 126
8 42
21 29
75 116
48 68
42 129
45 30
109 31
58 23
10 36
102 20
65 18
84 124
56 31
42 123
141 117
37 123
26 135
28 7
68 57
81 99
88 31
6 127
139 75
84 76
38 89
114 148
130 140
14 45
113 31
86 129
33 79
16 34
65 85
131 47
111 96
84 46
137 36
92 57
74 76
27 55
109 50
16 57
142 121
96 66
66 114
120 98
130 106
72 130
0 123
102 110
112 107
130 29
68 1
18 16
116 88
2 4
138 80
83 68
36 128
42 108
107 81
70 8
119 102
57 9
43 13
15 63
94 105
98 115
147 19
70 104
18 41
106 119
24 24
91 24
132 55
84 35
35 99
81 83
31 93
126 141
92 103
26 92
95 47
148 97
127 36
29 97
17 105
113 21
45 43
40 26
58 56
33 10
75 93
130 94
96 115
69 85
51 128
133 125
104 53
59 3
3 88
110 133
26 113
53 114
101 90
41 58
148 22
14 24
46 25
82 129
27 149
132 146
50 149
51 145
53 44
61 96
43 53
124 146
147 83
100 129
77 63
82 116
148 67
142 143
1 34
74 148
44 67
129 33
1 1
33 60
129 144
54 149
114 79
26 54
129 3
79 112
51 144
35 114
71 144
138 32
86 115
32 38
46 2
63 124
123 16
119 30
71 6
142 106
78 103
87 10
15 132
44 100
45 140
26 74
89 117
29 60
96 33
39 26
101 50
114 134
139 21
46 72
86 113
29 6
37 138
57 2
9 64
50 48
11 44
120 116
95 89
132 74
141 133
96 114
91 52
26 29
64 78
98 138
90 127
124 57
103 131
39 78
33 27
142 103
46 148
130 41
37 42
67 99
55 116
33 59
125 66
3 149
137 88
17 61
100 23
132 66
142 109
80 47
32 38
52 17
71 2
63 133
34 63
49 44
41 60
65 10
126 2
136 42
3 79
41 37
123 121
98 29
70 126
19 13
113 38
11 142
67 6
21 122
39 44
27 128
66 62
138 23
21 138
8 24
29 44
94 53
51 10
104 117
25 12
129 33
10 54
11 5
98 77
30 88
65 75
83 140
24 123
120 109
77 29
64 9
108 98
1 85
143 86
8 95
51 77
114 113
149 92
117 40
107 105
105 10
2 108
13 8
47 74
65 89
44 123
12 110
14 7
8 37
95 18
12 102
105 129
48 38
101 50
68 102
132 40
25 66
80 80
4 68
115 80
99 97
126 76
101 141
63 49
59 62
28 2
105 87
75 99
138 36
128 30
47 145
100 6
148 134
11 7
32 129
99 139
76 32
34 132
60 76
10 49
132 147
10 23
143 43
31 75
21 109
61 0
82 92
124 10
93 131
40 94
123 48
0 122
144 47
7 103
25 130
66 37
53 27
53 115
2 29
143 102
82 15
27 124
125 117
136 38
124 98
95 49
5 0
57 1
56 139
138 105
40 17
37 79
0 6
136 41
54 78
102 142
92 64
4 147
70 24
101 131
54 144
145 67
29 102
58 122
135 41
92 93
67 148
29 63
73 87
49 20
62 121
139 117
141 138
97 48
135 116
38 50
30 21
25 138
120 94
22 31
94 108
33 123
92 64
63 25
143 96
118 118
104 117
93 133
21 21
61 57
4 2
104 85
100 66
69 54
57 121
23 132
70 81
67 74
113 17
95 58
36 44
46 6
1 95
109 19
37 57
61 14
96 1
117 81
91 142
78 114
110 49
19 56
123 102
23 43
88 120
139 79
101 5
49 86
86 43
143 58
136 20
33 50
81 80
99 115
88 39
19 31
124 110
56 149
44 10
40 148
37 52
56 13
110 106
149 4
54 3
11 20
72 89
129 6
37 116
73 148
143 118
32 16
94 28
12 107
94 87
112 89
20 113
53 71
70 144
6 40
46 101
88 108
56 90
46 10
52 57
32 118
65 28
13 121
32 54
50 146
40 38
33 86
121 24
36 20
91 75
44 1
111 30
138 20
113 55
84 25
27 64
81 146
34 82
105 79
34 22
97 137
131 56
5 85
89 65
94 68
134 59
58 127
9 59
138 90
91 137
84 147
143 114
99 18
32 0
73 103
91 123
20 59
138 30
92 135
93 99
110 65
137 5
73 25
44 47
92 60
111 2
54 58
62 137
72 57
122 80
118 23
63 75
36 38
32 143
127 18
108 83
68 106
128 133
115 131
54 65
35 15
140 94
70 126
0 22
100 115
128 28
97 64
71 34
56 136
114 28
76 125
91 122
79 109
85 61
127 112
145 10
140 99
50 61
52 71
14 148
42 89
137 137
142 140
128 111
18 43
89 85
113 114
23 92
44 125
44 92
130 134
56 97
72 51
111 8
130 2
86 49
104 91
70 19
136 85
50 148
51 144
118 43
52 85
52 12
85 92
91 92
57 82
55 90
5 149
52 43
78 74
134 70
33 148
82 15
33 53
78 129
112 44
138 52
49 80
55 108
78 59
48 12
88 4
116 7
97 125
105 140
10 30
37 25
107 57
77 89
26 112
80 111
144 102
130 85
33 21
91 86
70 104
110 22
20 74
49 41
92 27
11 118
112 67
21 117
2 82
145 99
77 123
65 103
15 77
37 70
53 14
7 55
14 38
89 112
63 120
14 143
53 78
136 117
138 30
91 116
113 33
16 24
1 2
60 76
149 135
124 103
1 89
81 46
33 78
83 52
32 103
21 99
20 61
131 139
65 18
106 87
73 147
76 129
50 59
114 40
42 82
13 20
116 60
146 99
105 128
3 125
97 47
6 15
65 132
82 144
97 135
25 102
19 29
147 63
102 88
112 65
136 40
126 78
61 119
45 84
119 28
79 64
46 74
84 68
26 59
99 115
120 23
27 69
41 8
10 97
50 105
103 72
130 48
46 17
87 38
70 136
35 142
98 39
142 12
92 78
61 128
82 125
44 73
28 59
89 83
28 71
94 48
122 125
113 148
81 132
118 9
110 24
134 21
148 131
88 105
48 138
82 85
107 61
49 46
140 59
27 40
18 107
88 63
62 88
97 29
31 130
136 124
90 14
40 31
58 27
95 32
137 49
10 44
131 121
107 95
1 102
8 102
37 46
112 110
73 5
99 137
93 129
81 142
69 59
97 43
39 138
87 3
89 101
9 86
33 7
60 111
18 21
85 62
46 1
143 99
95 118
3 144
65 68
36 115
28 60
13 51
61 78
8 76
100 49
42 48
1 32
102 41
99 70
91 122
10 83
98 50
41 44
136 140
48 2
131 45
108 104
12 77
35 86
131 142
33 24
60 97
18 52
101 118
43 118
117 135
26 90
44 140
83 106
17 91
83 102
123 25
17 142
132 25
0 48
31 123
51 65
81 96
126 74
13 44
57 139
127 70
102 81
112 88
149 42
114 113
43 9
104 62
55 65
6 113
87 39
9 84
146 32
97 49
39 134
88 123
30 61
91 93
81 86
9 20
45 138
24 0
114 0
28 22
2 16
75 41
22 85
92 18
43 26
147 129
63 41
61 8
65 136
115 125
2 104
94 93
80 140
106 26
103 139
36 112
51 34
32 148
10 125
9 67
115 15
7 60
142 76
7 88
66 89
57 128
118 142
113 62
48 32
106 103
24 16
93 39
140 6
131 11
38 141
131 0
89 87
39 61
27 70
70 110
138 24
21 95
66 114
74 64
0 143
119 32
96 146
82 77
55 23
128 131
83 48
126 123
109 32
3 148
111 12
46 146
55 22
110 36
113 24
143 41
36 85
66 79
144 67
78 135
87 40
14 134
125 82
103 143
17 117
69 120
135 132
9 80
42 134
97 25
31 105
58 18
44 37
27 75
38 132
47 124
96 32
61 13
71 134
30 82
8 110
53 125
94 130
108 133
81 57
89 72
55 88
55 97
21 57
85 76
127 107
118 129
113 63
26 46
59 135
137 46
85 81
138 9
114 18
52 13
100 91
0 36
72 133
134 57
11 98
52 21
18 104
30 21
146 142
131 96
116 86
141 12
52 4
101 137
35 71
111 131
79 67
94 11
60 85
139 145
145 10
140 118
107 0
32 140
18 70
78 28
134 10
130 139
54 84
51 76
101 137
69 74
62 81
141 10
42 125
102 125
80 15
26 36
70 60
44 32
132 117
106 116
33 118
25 123
142 110
131 67
49 101
10 27
133 118
41 89
63 111
131 17
118 94
68 69
80 55
40 125
18 18
105 84
64 107
103 71
68 139
4 2
88 131
147 37
66 50
133 18
79 111
50 62
15 50
37 135
41 80
96 66
83 31
104 67
83 94
141 28
149 67
140 85
120 144
46 59
84 56
115 95
42 114
137 105
136 143
12 20
68 102
111 111
103 93
145 67
1 20
23 52
67 128
145 100
106 38
106 46
100 131
20 104
57 72
144 93
5 145
17 139
8 104
15 30
116 82
51 35
53 75
50 145
116 47
3 50
76 87
120 86
118 28
106 60
115 46
119 77
97 89
99 50
78 97
53 128
51 64
27 3
98 18
122 9
47 21
83 101
20 26
142 88
14 139
36 30
17 21
81 63
35 139
115 57
3 60
118 25
138 16
146 120
6 146
59 44
47 30
35 123
5 121
51 5
36 59
55 12
99 56
7 92
116 127
82 67
140 39
70 11
27 62
72 47
66 10
124 69
147 96
100 32
98 14
94 12
63 35
28 102
44 25
135 15
106 131
28 66
21 61
49 74
76 2
53 63
127 70
115 118
95 123
102 45
44 43
59 75
83 135
133 11
64 70
68 111
107 53
12 17
143 55
54 34
6 56
3 139
4 113
0 93
11 18
133 76
71 12
131 25
57 33
143 20
24 122
136 103
53 99
37 123
113 127
73 101
88 58
132 123
15 38
67 46
109 127
118 74
49 106
47 54
103 36
94 99
86 135
108 122
63 75
113 41
140 43
121 61
66 62
6 119
6 21
2 43
97 31
34 69
121 82
132 103
61 43
38 4
1 80
41 51
129 121
31 38
64 118
140 50
105 6
142 61
34 145
12 20
68 114
61 99
39 53
105 120
58 143
118 86
129 149
81 139
33 52
9 34
63 146
133 75
126 95
37 23
67 130
47 133
91 145
36 7
10 17
57 61
56 134
138 23
131 73
45 112
119 33
147 84
42 28
98 89
15 54
138 84
143 7
82 31
77 90
57 109
13 141
101 107
16 140
149 92
20 28
71 45
62 105
52 35
96 147
97 70
108 132
111 45
127 4
14 59
145 106
35 75
2 97
98 25
100 79
142 148
87 97
130 73
134 9
67 10
112 65
67 61
29 81
148 12
74 128
109 118
131 114
133 135
38 101
71 84
100 75
136 142
131 64
126 95
113 105
126 7
4 61
36 70
134 131
130 144
54 82
138 133
142 31
47 147
136 43
105 2
19 6
52 15
66 27
57 106
103 120
40 28
118 64
9 8
123 2
25 106
28 37
55 20
77 24
3 32
59 56
139 55
81 120
120 92
140 130
97 66
83 110
26 130
142 45
131 71
71 97
18 85
62 81
84 125
86 10
114 68
124 114
135 24
95 4
141 47
85 37
46 111
81 22
82 14
129 54
103 10
43 121
30 82
74 129
41 12
132 131
3 72
62 29
114 3
45 91
146 30
137 141
23 3
108 115
71 33
114 112
108 66
63 91
1 88
36 71
22 85
137 142
12 26
45 122
136 130
119 109
68 62
93 103
15 3
4 95
118 136
52 143
9 146
122 11
42 118
115 109
120 54
85 142
123 41
27 9
2 35
70 135
37 72
53 101
45 77
6 13
146 100
3 133
84 44
92 86
100 100
120 118
19 107
6 128
75 25
67 9
19 3
71 64
103 139
101 138
34 130
122 125
120 3
125 138
124 28
39 0
62 42
6 72
76 4
82 82
69 60
2 107
128 35
141 59
8 120
11 89
52 114
70 146
105 61
139 4
66 6
33 34
6 121
0 105
104 20
21 111
140 108
140 29
40 89
39 50
0 139
45 16
24 111
14 145
63 83
80 20
42 51
46 71
108 4
71 109
127 134
53 146
2 53
62 119
3 141
116 82
52 119
126 90
120 108
3 3
130 128
4 95
94 58
37 47
45 128
144 73
31 47
12 128
16 54
48 105
60 97
140 4
129 78
134 106
79 120
15 122
32 12
45 117
70 96
90 88
41 64
95 27
41 111
57 6
17 142
19 69
4 0
148 116
134 51
31 53
4 134
66 97
63 149
68 3
25 87
16 38
21 73
98 98
37 76
21 76
61 84
144 28
56 73
77 16
132 56
146 149
93 122
107 125
124 60
93 83
2 3
20 135
67 102
133 134
33 113
73 29
116 54
58 87
141 38
123 118
94 145
74 130
95 51
10 102
122 20
137 76
61 103
91 20
43 25
61 126
6 111
55 49
22 22
3 126
122 103
137 80
57 79
28 121
107 32
31 83
49 117
120 82
71 63
16 56
73 54
140 8
64 14
83 131
94 47
74 128
38 10
107 71
8 71
70 82
134 61
46 42
47 18
131 111
147 134
3 148
97 139
90 107
13 9
56 106
51 111
0 64
44 88
135 66
8 127
10 17
4 48
89 32
61 89
111 67
70 146
26 38
124 6
97 99
17 118
90 90
146 86
30 127
22 8
94 61
113 4
128 9
120 12
110 37
23 97
132 36
55 109
83 75
20 99
91 50
28 124
53 60
103 10
12 84
67 3
22 68
44 114
75 10
103 39
114 95
20 126
73 25
31 6
97 145
88 119
45 62
36 37
92 130
47 83
144 146
38 128
18 139
106 33
28 101
108 129
45 63
60 22
139 1
21 146
30 37
43 13
37 22
149 143
48 4
146 19
117 57
128 133
64 4
51 94
61 115
7 34
59 54
8 27
82 17
36 81
45 1
36 112
78 40
78 142
32 95
1 146
122 109
8 107
101 84
149 17
141 21
85 100
90 108
87 140
54 32
116 71
40 12
99 11
51 73
69 110
134 118
2 138
12 92
13 57
144 94
76 129
86 33
106 27
127 13
70 91
98 94
41 16
65 80
9 52
86 35
64 65
47 137
86 103
140 96
49 102
13 33
135 55
50 61
78 73
92 91
38 62
93 69
13 133
61 146
80 134
27 100
36 9
80 121
123 68
69 134
76 25
59 5
13 108
26 110
30 9
115 133
138 3
37 12
66 141
5 112
100 114
39 29
56 49
56 15
90 55
131 59
62 69
41 61
105 43
140 96
93 85
104 2
115 3
20 42
80 15
48 119
69 73
144 76
102 30
81 112
86 102
112 18
73 59
67 47
81 3
27 74
60 97
30 11
65 118
138 124
118 80
16 33
7 4
61 104
51 12
70 132
15 2
131 52
119 11
43 140
52 127
31 81
33 76
11 83
127 139
73 86
68 93
73 33
61 81
125 73
100 34
83 65
54 102
4 147
43 6
46 148
134 58
79 87
11 95
27 124
67 45
135 143
148 69
107 7
63 112
0 144
25 105
8 17
33 143
145 80
5 20
46 89
145 34
75 89
15 116
133 71
113 32
149 100
79 130
67 12
138 145
4 9
58 141
149 99
70 51
62 99
142 1
61 35
142 84
78 35
118 98
125 124
124 119
99 138
103 125
103 58
89 74
26 42
128 77
59 85
25 31
60 30
69 97
136 59
104 22
131 107
86 130
72 35
47 26
99 149
36 80
90 61
98 141
7 15
17 99
29 6
88 11
113 143
43 129
50 66
145 85
6 110
89 55
104 59
48 46
34 38
17 143
23 45
48 102
11 99
47 76
0 72
105 15
72 113
45 113
90 135
76 122
5 35
32 98
142 139
47 137
66 27
20 115
76 101
82 82
5 109
64 112
52 136
8 93
63 106
87 73
122 119
79 58
87 121
84 68
98 49
115 52
132 89
92 116
92 26
15 98
92 145
92 46
134 124
142 20
85 118
104 77
20 144
110 37
97 25
83 67
118 105
95 78
52 94
86 125
53 148
95 99
4 143
97 68
74 112
63 17
98 101
6 129
149 12
52 74
100 55
144 15
46 59
112 41
134 46
137 23
53 117
125 95
86 28
22 91
111 117
92 52
81 75
53 108
132 107
71 40
124 125
27 114
9 36
64 19
36 107
130 11
127 74
128 5
101 96
134 92
78 82
82 69
35 77
40 137
78 133
39 138
58 142
111 6
95 124
128 8
46 38
27 109
38 114
127 30
96 79
61 98
5 79
61 123
106 122
86 109
80 55
45 117
79 69
92 44
15 22
112 99
28 118
59 51
12 102
13 127
124 40
1 15
92 9
104 15
85 144
142 40
43 51
101 15
106 138
55 102
9 26
48 75
70 60
69 14
18 110
149 9
140 111
9 74
30 56
49 103
138 86
36 131
26 36
113 9
6 86
140 105
84 12
51 85
25 37
137 81
46 112
105 42
73 11
130 127
6 16
17 131
60 70
110 115
115 3
76 131
8 29
56 146
6 101
130 106
128 145
133 83
65 19
125 38
38 63
91 40
21 91
9 67
79 149
54 40
27 38
129 95
51 28
61 59
47 30
96 21
71 123
44 54
145 108
118 101
131 111
141 136
34 12
56 21
117 41
114 149
95 85
63 110
5 63
84 55
128 49
54 129
77 5
118 27
118 20
54 145
8 140
117 131
64 51
13 2
31 111
6 83
24 89
74 66
80 140
63 134
107 117
100 84
20 54
137 61
46 56
59 102
87 149
98 87
44 36
29 25
57 124
98 67
2 4
75 1
40 10
77 74
131 1
70 112
69 11
26 102
138 118
99 63
117 42
77 128
120 121
100 120
134 13
90 44
7 44
85 81
133 43
17 73
52 9
61 55
103 143
26 83
19 43
94 68
103 87
77 2
69 98
92 131
82 105
125 63
46 53
24 9
97 112
65 30
7 3
40 146
71 132
12 73
30 129
3 72
32 63
96 37
109 69
134 20
56 48
145 140
114 15
54 6
26 75
30 57
86 71
147 105
0 60
120 85
46 113
81 33
66 71
9 142
37 121
35 34
88 55
123 21
12 145
64 75
87 122
120 117
88 71
144 69
119 97
135 10
130 23
102 148
76 42
24 54
90 58
82 81
27 49
31 136
59 36
40 119
98 41
113 72
134 44
25 117
108 92
133 126
148 57
91 85
18 105
101 0
34 27
145 69
146 20
100 122
141 27
41 86
8 22
134 127
53 66
112 31
134 30
148 51
70 83
120 7
103 32
15 33
127 28
96 62
139 85
93 124
143 10
74 64
117 5
79 51
39 120
87 99
103 64
95 103
50 105
40 41
48 135
124 77
16 110
29 94
137 60
149 53
69 119
138 4
101 91
137 114
23 32
91 49
68 94
35 106
78 34
133 26
123 31
47 48
36 116
55 51
121 22
59 46
115 116
7 16
49 102
63 45
56 82
68 8
74 5
140 120
43 46
126 68
7 73
45 140
106 14
124 49
117 49
107 8
99 90
82 98
139 29
5 83
33 103
66 4
125 94
17 97
119 87
114 85
64 56
7 64
45 98
27 106
107 86
33 48
123 137
32 134
130 29
75 77
148 115
23 49
132 43
120 149
115 131
55 86
129 101
16 99
42 108
107 48
91 91
5 6
37 58
116 140
45 103
120 13
84 136
54 29
92 89
30 141
53 8
78 101
50 41
91 4
63 44
97 9
51 143
19 0
80 55
78 15
15 96
149 27
134 133
26 106
22 48
94 56
144 80
83 85
36 146
68 134
59 88
4 35
114 0
0 50
81 4
57 133
72 84
48 37
71 78
45 40
142 147
60 25
58 106
70 70
130 87
68 24
19 31
37 145
62 22
50 136
37 48
145 52
24 130
28 138
100 53
46 47
76 64
52 111
109 25
121 104
28 124
70 7
77 114
56 40
19 30
148 93
79 24
85 22
101 62
26 123
109 125
128 91
37 68
118 126
117 0
116 133
26 14
136 60
82 117
140 104
108 135
15 45
75 76
134 146
42 57
45 112
125 103
56 105
83 81
111 103
62 123
42 111
98 75
136 133
128 86
78 42
89 52
92 49
10 25
104 146
25 100
118 128
27 6
40 59
143 19
79 61
33 71
78 3
53 140
77 21
117 119
46 20
149 77
71 24
70 75
5 61
99 79
2 104
135 80
2 54
69 132
119 113
35 48
92 130
123 141
90 44
120 58
82 33
57 46
30 140
16 30
5 11
72 28
119 110
96 49
73 75
77 88
67 131
100 28
81 140
120 25
18 25
75 2
149 147
46 25
80 98
96 70
46 104
121 33
61 123
23 41
49 143
98 85
90 73
82 110
98 132
133 110
148 146
20 123
85 22
106 22
113 17
137 54
119 144
23 8
56 41
122 93
120 127
135 18
63 144
35 93
9 18
44 43
73 132
127 110
42 78
36 66
11 9
12 5
2 92
97 32
69 44
107 2
20 46
132 50
57 10
67 91
42 54
132 137
41 129
19 9
147 86
46 139
76 48
105 120
13 41
93 58
36 97
106 115
5 39
97 144
14 92
4 63
90 114
75 75
116 124
115 76
68 58
116 141
113 64
140 132
56 110
95 83
94 53
97 47
17 54
110 3
103 141
112 10
17 90
57 36
13 143
69 97
124 144
15 78
6 59
89 76
147 122
98 109
83 25
83 12
99 73
22 30
146 9
139 89
61 42
115 15
36 89
77 119
76 114
12 134
95 68
146 28
136 138
88 122
6 119
146 145
139 38
126 83
112 82
132 45
42 80
22 5
88 140
98 140
2 100
81 89
97 104
60 17
130 31
11 45
37 39
148 126
38 131
133 104
70 72
126 85
135 65
88 111
61 75
107 47
90 43
39 67
107 38
84 92
49 119
81 130
124 6
6 69
26 133
116 4
23 136
79 1
15 132
67 18
34 111
56 13
26 98
141 3
93 105
119 55
141 148
109 114
146 5
37 145
115 118
61 135
2 99
97 81
94 96
69 91
74 121
108 134
13 94
66 54
49 134
85 74
47 3
122 48
20 105
102 110
142 108
10 149
18 48
29 58
97 58
10 24
83 16
54 134
140 19
42 83
41 98
148 63
92 38
5 86
17 31
64 76
127 70
114 87
88 98
39 14
89 141
5 5
88 146
91 49
129 65
50 89
109 123
82 50
67 32
128 10
38 58
147 83
129 31
92 66
116 138
48 47
67 14
50 61
34 86
133 62
27 144
110 102
92 135
73 148
21 67
43 63
128 87
41 16
50 100
30 66
109 143
23 74
90 85
129 48
25 132
25 48
9 107
74 31
111 15
50 82
16 16
91 66
67 6
22 127
112 89
43 129
112 111
126 43
68 74
60 88
3 114
56 91
69 19
43 25
4 21
43 109
72 38
97 136
40 57
97 48
22 76
20 110
13 139
87 62
107 2
94 42
105 56
16 45
18 123
116 106
98 64
53 115
77 9
41 73
38 0
59 50
22 33
70 0
147 71
141 100
71 73
40 74
6 81
12 30
116 101
66 65
129 59
60 15
140 60
122 79
65 38
111 7
87 46
111 86
4 107
85 91
141 34
55 90
125 101
37 9
15 118
43 132
124 55
82 37
39 145
139 58
127 75
20 20
68 74
147 135
62 99
0 134
110 29
14 77
71 112
136 38
134 72
23 36
130 121
71 125
115 113
46 3
55 69
120 91
33 115
69 138
73 14
29 5
147 5
46 81
54 41
56 118
70 67
56 11
149 56
69 84
71 126
87 133
93 143
149 1
98 106
45 55
118 125
139 69
23 140
70 64
46 80
109 144
2 63
29 100
139 125
88 22
25 123
126 67
65 65
125 49
137 140
82 36
63 115
84 77
14 114
98 140
23 25
50 72
20 97
92 62
20 27
96 123
111 129
85 18
135 4
54 48
12 13
63 136
22 142
94 44
68 72
12 127
101 91
50 78
82 56
89 68
13 63
100 57
93 111
87 145
99 8
127 124
44 144
106 3
93 7
136 121
8 96
31 115
120 32
95 126
115 66
149 61
56 53
11 29
117 72
111 93
5 102
107 27
77 137
99 94
89 28
64 19
92 149
90 34
50 137
53 64
121 114
66 122
91 101
71 107
54 70
42 149
143 98
82 63
23 82
147 46
17 144
138 113
77 56
96 80
38 77
91 118
119 28
92 115
124 70
7 65
107 142
4 60
104 149
23 108
60 52
120 81
43 149
88 26
40 65
43 115
38 102
122 72
45 76
118 88
103 72
9 48
88 64
85 70
141 40
112 145
48 66
131 99
148 110
8 80
59 60
105 9
140 89
67 128
69 93
2 27
35 111
93 117
80 21
107 119
41 82
17 94
108 70
79 128
87 71
44 65
107 114
145 100
113 98
77 34
142 136
89 64
101 134
43 128
102 126
91 75
24 98
111 96
148 108
62 59
45 111
100 87
90 144
61 92
140 79
115 59
125 69
115 11
144 132
45 102
6 141
2 144
31 99
141 120
75 15
38 1
88 72
14 136
129 81
133 99
100 26
41 81
23 43
23 60
144 91
147 72
39 100
140 49
131 112
147 88
33 58
133 58
145 131
108 71
121 139
41 81
139 37
58 128
18 15
17 103
99 57
26 49
111 91
92 140
59 113
98 68
51 11
62 140
53 51
120 55
125 144
125 149
4 125
55 121
139 100
75 106
104 114
67 149
85 18
10 22
20 89
131 136
46 48
65 7
56 127
18 121
1 57
4 124
23 77
49 47
120 43
60 110
82 64
118 139
12 72
22 106
25 82
130 68
140 24
98 91
42 126
43 127
121 33
43 24
122 137
29 135
75 48
58 85
146 125
70 121
24 81
79 1
57 138
2 51
121 58
118 141
59 104
55 57
86 81
58 121
80 130
6 145
124 43
90 68
112 54
37 80
21 105
52 0
149 42
102 106
25 4
92 31
112 126
1 34
41 135
66 74
22 87
96 129
132 37
69 18
22 59
19 52
18 28
28 19
86 9
26 91
64 2
32 103
97 149
53 2
49 108
27 84
127 37
71 120
16 149
136 127
7 112
93 17
58 49
21 78
23 71
126 98
109 30
104 69
92 123
137 83
39 126
117 91
40 80
42 61
125 3
76 94
62 93
125 126
116 110
79 115
25 73
131 111
63 137
64 56
6 116
39 46
45 102
76 108
35 99
54 102
39 99
93 16
30 21
106 50
77 57
92 108
97 105
8 87
22 149
147 64
65 110
101 113
118 51
97 84
48 77
138 2
23 27
101 116
38 124
66 134
35 77
20 136
133 26
66 118
76 120
92 18
127 84
144 71
90 24
112 124
101 7
51 134
20 109
11 90
104 48
129 81
120 16
33 95
9 107
36 22
18 59
99 50
137 60
148 85
57 127
104 120
147 102
105 50
131 132
62 92
140 54
42 50
134 63
38 133
110 107
96 23
102 34
79 101
48 41
128 136
117 81
48 81
70 17
16 74
30 0
35 109
24 89
45 94
119 54
91 69
56 60
44 88
144 57
111 39
106 20
132 149
85 22
82 84
103 22
49 2
84 39
10 3
81 89
71 41
135 64
71 97
39 110
4 28
53 36
111 93
100 35
133 22
104 61
30 56
127 15
24 64
54 28
60 126
128 28
10 70
72 73
20 62
77 52
12 27
139 16
19 35
69 51
89 1
83 62
30 97
35 20
96 43
0 45
1 12
115 109
119 31
94 129
138 138
116 128
127 26
61 38
17 63
80 61
136 56
57 26
112 40
109 85
64 97
23 106
121 64
70 125
93 38
116 127
84 36
127 137
125 78
81 40
147 125
39 43
127 6
33 118
51 137
26 50
115 16
123 122
27 144
46 130
126 95
58 30
36 0
27 84
56 33
27 111
148 94
78 100
142 94
13 33
38 149
77 135
37 11
95 117
142 12
123 128
40 117
17 64
90 144
33 34
43 74
119 79
4 68
106 16
72 101
56 105
54 90
118 140
146 18
60 61
25 32
11 22
9 98
9 39
27 147
106 64
95 132
66 126
10 136
1 58
134 47
106 123
126 102
125 101
6 111
72 19
37 66
50 27
76 4
47 60
10 13
17 28
118 114
31 72
84 89
145 118
73 84
135 121
39 121
137 89
83 90
24 67
33 148
2 48
13 53
31 46
112 87
25 137
117 48
6 106
36 81
81 79
128 55
55 35
127 48
128 131
39 103
53 34
50 134
29 83
146 65
8 30
88 111
149 147
7 72
138 139
46 140
27 57
27 93
27 145
54 146
111 12
116 138
60 128
149 31
37 147
84 6
108 64
32 2
40 51
32 148
9 34
19 114
27 102
118 115
45 18
0 142
6 17
96 29
132 105
81 85
130 107
102 146
103 61
14 76
119 86
144 6
27 91
148 63
141 46
139 47
62 92
98 84
66 96
13 137
2 146
39 37
149 25
27 134
22 83
26 75
126 69
115 130
111 31
121 125
7 115
133 37
27 33
11 84
72 98
89 41
124 26
141 130
91 51
117 9
26 110
110 37
130 86
74 23
119 77
36 115
4 129
90 82
74 144
144 16
12 125
124 18
50 125
42 68
97 70
140 74
131 113
77 93
136 112
45 113
52 70
126 1
100 48
13 138
26 51
4 22
21 73
54 123
101 144
7 117
16 5
144 5
21 107
23 83
139 26
141 138
82 72
90 64
46 50
97 115
124 99
132 134
127 3
97 103
17 148
100 7
81 70
18 83
90 117
52 38
117 45
43 86
16 38
61 5
65 92
85 24
114 129
70 114
105 32
79 136
62 140
58 25
111 105
126 122
94 105
138 128
127 142
133 27
148 16
142 116
137 129
62 110
39 94
82 40
20 130
58 108
55 69
78 107
84 72
41 87
125 134
44 147
30 132
93 24
88 19
100 129
128 113
80 16
17 122
79 90
121 136
126 136
47 145
145 95
78 23
10 40
128 46
89 38
106 91
91 83
94 57
140 37
146 44
62 38
116 134
136 13
20 64
61 53
104 37
87 12
32 33
145 92
3 58
119 14
79 117
105 125
126 56
124 5
86 12
54 108
89 148
13 4
56 3
41 77
13 19
145 72
26 36
25 2
105 118
30 92
82 40
124 138
4 58
76 91
122 50
73 42
43 70
93 2
69 99
144 27
142 9
142 112
0 72
47 113
73 95
10 116
70 127
148 45
56 13
141 61
107 128
90 110
98 33
16 34
115 10
112 116
139 72
58 54
39 37
145 93
4 90
118 65
41 126
6 95
57 135
70 107
97 85
94 41
112 1
13 10
75 80
95 110
148 29
59 60
1 48
32 129
92 123
39 120
124 126
146 83
132 111
68 83
104 92
5 41
134 132
95 0
114 88
137 86
130 27
4 3
81 132
62 21
82 86
88 145
92 25
110 11
71 139
15 1
80 144
138 40
73 1
118 98
104 104
87 132
103 29
50 88
116 10
61 105
37 61
87 93
125 83
5 60
128 47
27 39
48 107
75 2
69 133
86 110
0 71
88 30
128 24
99 97
38 134
62 91
84 126
29 87
12 50
137 62
73 88
64 120
110 42
134 128
107 79
67 46
99 93
64 89
67 95
66 44
63 133
49 81
122 68
16 65
120 12
106 139
116 139
20 44
33 46
143 130
143 50
111 11
38 75
93 74
55 42
98 129
98 1
2 57
54 71
149 116
70 126
45 103
146 9
56 71
76 3
119 60
13 86
35 144
138 60
44 92
130 94
3 1
139 25
108 93
121 40
7 136
66 106
49 2
141 74
85 8
48 99
85 149
129 8
148 122
110 78
72 121
52 43
60 143
105 99
138 104
57 2
69 35
14 38
112 85
42 119
44 59
30 142
58 100
59 146
47 73
21 142
91 71
141 118
8 113
1 55
128 145
121 65
75 109
125 84
137 18
88 30
0 132
10 44
19 100
99 56
63 50
115 45
43 137
91 22
77 25
15 126
67 143
132 74
41 47
23 10
138 85
111 17
123 30
141 114
84 54
61 145
94 84
24 20
103 77
42 138
143 46
80 124
91 58
27 2
121 39
140 32
107 53
29 70
47 82
95 30
126 42
40 45
53 127
148 32
120 42
12 120
16 6
30 64
100 20
24 126
102 28
46 18
122 146
36 97
27 89
101 20
13 87
69 61
118 83
24 63
63 47
102 141
11 135
81 86
92 44
56 71
95 38
147 67
108 32
131 93
100 67
74 77
45 65
140 28
120 19
125 4
86 40
73 140
38 54
123 46
31 116
19 145
39 104
29 124
34 110
2 81
114 122
1 142
135 122
100 21
5 128
16 77
107 118
33 58
1 39
47 26
54 20
82 147
129 59
104 37
52 146
27 62
115 128
149 8
23 37
43 47
72 94
76 4
31 64
74 69
137 24
34 62
84 121
86 27
25 40
20 54
148 59
103 140
76 109
43 73
134 123
57 16
125 90
8 23
102 71
45 147
39 102
146 66
50 24
68 104
44 37
130 137
53 69
30 135
145 64
110 94
79 0
122 144
1 65
14 133
45 73
116 6
21 73
125 96
93 89
131 144
136 38
18 127
148 100
19 48
75 28
128 111
17 66
131 91
128 16
40 42
110 30
49 7
2 28
83 40
18 95
83 82
102 63
135 97
62 90
64 41
69 90
28 76
144 85
136 20
0 101
144 89
4 104
68 20
72 62
126 118
130 145
63 103
118 47
58 44
99 16
12 95
62 28
56 49
59 73
106 125
102 22
116 133
94 139
71 106
129 53
28 84
117 2
95 125
112 57
95 117
125 66
112 115
82 65
79 50
124 75
72 101
135 69
74 111
130 6
38 127
105 130
18 107
59 14
5 99
95 109
5 91
51 122
45 117
102 114
109 57
92 89
120 44
139 22
46 63
70 54
41 107
51 49
120 72
100 25
132 26
127 41
141 58
15 67
118 122
5 138
24 134
47 29
107 68
76 132
99 128
137 59
130 30
3 99
1 123
86 113
93 115
123 91
89 106
41 85
83 7
38 134
30 42
41 116
62 130
53 31
111 39
33 44
47 75
128 147
5 39
57 13
70 39
36 63
69 149
62 14
118 0
100 109
65 109
116 121
92 137
12 116
23 4
9 139
16 25
38 28
115 142
134 84
22 76
134 83
105 30
54 147
114 82
27 128
112 136
25 97
143 67
34 0
51 130
122 10
115 49
73 26
19 130
9 13
98 86
13 32
144 69
40 18
100 63
123 45
81 17
24 121
125 0
99 138
109 130
82 61
125 18
110 39
117 72
119 132
129 94
60 138
108 3
140 47
57 138
98 45
9 52
77 3
111 60
107 46
120 30
115 13
3 78
111 19
91 51
6 75
88 68
80 120
34 107
50 47
87 47
66 63
97 146
32 101
14 20
3 81
102 24
102 147
87 70
95 19
80 132
38 145
48 36
132 54
65 53
133 121
97 45
129 44
11 103
74 86
6 126
19 30
21 80
75 8
118 72
114 0
114 129
113 83
29 47
57 44
122 108
105 11
101 61
122 18
95 79
66 1
27 107
121 16
128 132
55 147
138 0
6 136
106 105
63 49
11 11
117 0
5 50
76 27
28 86
32 52
81 115
72 16
2 146
136 132
145 100
82 52
93 3
35 13
0 132
132 97
68 24
23 72
142 58
132 25
51 83
133 95
136 47
105 35
115 125
125 34
70 127
136 82
81 66
130 68
66 24
15 71
0 60
24 9
121 106
135 7
99 50
52 22
107 45
62 103
147 103
95 94
53 123
60 21
23 104
68 66
120 60
92 93
12 106
40 112
0 64
40 96
62 19
72 127
137 143
122 66
144 145
4 26
10 29
75 45
102 118
77 35
76 102
102 70
83 3
74 18
133 3
140 98
47 25
101 26
121 104
49 74
107 2
66 75
89 29
111 55
89 7
101 16
24 55
43 76
46 8
93 48
63 21
74 88
59 42
137 118
63 73
95 85
16 100
83 44
102 5
39 37
28 37
119 81
34 40
132 51
84 98
119 123
89 101
73 1
101 84
127 52
94 67
112 44
122 0
1 17
73 39
84 73
5 10
60 44
117 92
101 149
82 62
116 124
86 5
42 42
146 93
134 19
132 91
22 13
94 55
55 88
101 120
64 93
77 78
109 63
24 102
66 75
149 13
46 54
8 67
8 131
101 19
29 79
132 23
51 19
140 10
124 149
66 64
128 31
1 25
6 110
141 99
74 25
70 12
96 83
41 109
106 53
15 115
103 2
144 85
120 23
81 32
86 123
114 84
48 24
102 124
49 13
134 78
50 137
50 143
105 20
82 62
89 141
74 119
19 86
112 24
93 2
10 58
106 106
44 20
119 134
145 33
92 105
8 54
9 55
88 45
54 67
14 80
81 18
149 82
98 35
48 69
123 145
59 111
138 35
6 76
97 84
111 118
112 23
28 46
48 33
82 87
43 46
93 67
98 144
75 34
33 135
112 27
18 31
40 35
117 8
18 61
57 96
37 94
96 15
29 82
134 60
76 104
140 134
77 24
82 127
68 50
113 131
122 95
54 63
50 3
80 146
110 44
12 106
138 143
42 58
90 139
31 136
58 92
61 141
140 29
53 139
58 77
43 86
44 129
6 68
132 60
4 133
66 18
58 54
127 39
4 44
122 59
44 95
47 11
136 10
10 78
84 109
111 0
107 124
20 18
102 12
102 82
24 55
81 146
52 36
73 51
137 10
95 17
129 98
82 118
71 111
86 114
17 39
136 34
41 147
93 115
70 91
15 88
118 5
72 69
88 87
43 25
44 132
45 143
147 142
135 10
8 3
8 138
139 26
20 50
66 0
96 57
78 125
110 128
137 104
28 61
134 59
107 120
136 55
100 95
128 35
127 115
117 40
33 75
120 28
15 130
130 59
35 80
9 1
29 119
19 3
148 92
137 48
9 91
109 14
52 146
29 144
73 33
96 81
127 78
149 38
103 4
113 95
85 112
83 77
68 30
107 0
49 24
84 119
39 105
82 143
39 121
72 87
113 94
28 149
106 15
92 97
137 94
43 76
101 134
132 87
38 146
141 112
106 140
57 148
59 35
27 111
118 45
7 110
120 137
5 119
12 59
126 17
72 6
82 13
54 42
15 77
97 33
100 102
43 80
105 30
28 31
69 107
125 68
33 52
102 85
126 143
111 115
28 9
133 118
72 21
44 146
115 110
25 139
29 128
53 126
79 42
55 66
133 130
116 124
37 87
72 63
66 89
16 125
119 63
44 122
9 131
137 127
143 136
81 33
54 125
16 67
56 56
111 128
146 102
111 36
16 8
72 77
137 133
78 78
113 33
104 27
89 15
143 142
40 54
57 144
103 70
80 15
28 124
95 112
10 43
56 3
57 124
97 98
51 112
14 20
37 96
57 68
89 78
4 98
104 63
17 123
124 19
83 101
110 61
58 12
51 72
68 98
12 138
80 54
31 31
24 122
141 77
21 66
30 3
80 68
51 140
10 64
17 135
110 149
135 26
30 90
77 110
110 85
58 83
17 81
69 41
48 122
38 133
92 81
79 134
117 148
74 31
135 84
113 116
99 134
49 49
109 77
113 22
4 141
28 96
132 14
39 89
116 59
35 12
3 21
130 55
135 48
122 6
95 12
8 116
105 7
97 64
100 128
5 92
4 11
120 127
87 117
66 7
53 103
142 23
127 76
13 28
11 75
137 66
85 62
7 135
106 62
69 77
67 44
119 87
85 5
38 135
137 19
0 49
108 134
21 16
91 94
103 67
92 78
71 120
27 30
22 58
137 43
139 60
120 85
69 24
142 136
79 126
96 84
109 114
25 29
55 81
64 66
113 147
95 95
49 66
132 18
9 134
116 8
123 111
49 126
62 25
79 107
131 109
104 76
129 141
62 17
4 65
118 127
50 130
113 13
15 37
119 117
63 49
106 86
31 113
132 135
49 64
101 28
137 3
46 64
123 146
140 20
135 55
127 40
35 36
35 93
1 37
62 74
27 93
33 36
116 23
134 31
146 112
139 36
108 18
99 61
110 70
38 74
83 148
61 114
53 6
120 130
79 102
61 87
63 56
80 1
15 137
81 136
119 39
72 6
30 61
91 38
12 15
92 57
34 59
58 2
93 4
16 51
119 47
72 119
6 138
19 83
55 96
128 90
31 142
92 61
95 122
134 61
128 104
68 119
146 47
32 80
39 8
80 132
78 12
34 149
69 38
2 138
90 148
129 39
107 142
97 132
110 17
75 61
145 79
132 37
144 26
109 142
36 85
35 121
49 52
81 28
85 100
79 90
48 20
69 58
28 26
121 126
75 145
30 9
19 100
122 85
61 102
23 55
10 66
19 34
15 22
143 98
1 30
146 125
25 107
60 44
16 91
79 45
145 44
26 48
39 28
116 58
47 5
23 148
41 57
16 52
82 118
64 145
42 42
134 86
21 70
40 55
39 27
64 104
110 60
141 141
95 100
135 45
118 43
124 107
28 116
65 140
31 32
143 91
106 33
52 11
127 113
25 53
2 106
59 108
129 40
36 148
35 71
128 125
13 146
124 89
34 66
96 73
132 144
21 78
137 100
94 10
37 145
124 13
114 39
116 104
28 134
146 148
46 54
140 63
4 49
40 49
76 59
35 3
46 105
118 57
18 23
18 133
61 62
113 102
97 87
101 8
78 92
117 2
91 107
82 134
109 148
46 143
116 77
28 106
19 39
108 10
128 123
126 113
120 4
40 31
120 139
119 4
124 85
66 75
38 144
119 59
56 92
60 79
145 107
62 63
82 8
131 16
100 131
120 35
134 105
96 110
11 5
94 41
135 114
39 138
111 14
67 23
14 125
39 135
13 121
128 84
108 92
121 80
16 36
42 71
33 58
37 55
5 37
49 66
33 87
25 48
81 100
21 135
147 7
0 97
89 82
16 142
41 124
14 141
72 67
120 120
126 94
94 115
96 52
24 107
19 115
85 19
99 41
127 15
53 120
113 72
67 3
112 76
122 68
4 6
13 3
142 38
0 130
15 39
110 23
13 126
58 68
72 51
108 121
14 58
45 37
16 43
135 90
49 97
52 73
5 57
94 65
68 50
120 116
67 46
83 67
65 46
102 91
61 86
13 108
132 78
24 140
145 29
19 118
73 103
47 143
127 50
60 130
8 129
133 101
144 112
84 43
52 25
104 30
54 113
29 106
33 2
45 54
77 146
54 25
70 131
132 35
24 16
79 63
71 103
44 22
62 111
118 125
10 97
46 50
75 20
26 118
94 15
145 15
42 56
35 80
101 75
121 11
9 57
130 34
47 84
115 147
12 44
72 133
104 65
92 57
28 57
146 99
94 147
113 146
118 2
137 123
113 81
117 128
134 53
49 40
21 4
31 77
142 137
124 141
42 111
49 81
56 109
70 29
101 113
102 120
92 71
113 95
79 65
149 10
23 40
104 62
84 73
33 22
55 49
124 12
18 20
21 8
7 35
80 127
118 144
109 119
122 111
76 90
137 120
49 111
14 12
33 37
124 66
81 107
74 103
39 89
105 112
134 8
136 60
88 144
11 38
23 98
119 83
56 114
148 101
38 95
41 20
102 102
95 139
107 70
92 74
19 118
117 45
131 42
42 79
115 75
97 27
91 84
133 58
10 71
105 74
127 110
1 101
68 4
59 75
10 34
147 133
117 106
98 72
118 129
91 59
128 69
71 83
91 99
17 91
76 123
58 97
136 118
11 86
60 97
82 137
9 115
106 70
75 141
47 0
78 85
30 87
7 36
70 4
36 145
119 140
89 18
38 123
4 89
71 68
8 137
133 9
42 133
8 131
112 148
1 6
46 26
79 120
97 142
95 147
28 78
101 29
56 115
17 8
25 33
31 39
128 28
125 2
65 120
127 119
100 76
1 1
96 98
82 31
133 113
17 108
104 33
147 95
52 88
74 118
115 6
12 68
21 128
148 7
133 51
132 17
24 118
13 142
143 71
20 124
94 89
35 83
24 42
95 2
41 9
91 61
14 85
5 149
113 32
114 143
125 20
50 73
83 65
25 47
96 15
144 22
72 144
113 97
2 36
92 80
83 82
141 60
27 41
125 33
40 41
20 6
131 29
127 144
63 75
148 70
114 107
46 89
68 136
59 52
143 71
29 104
82 27
43 103
41 93
47 55
30 14
101 135
9 125
41 34
50 18
114 132
116 53
98 61
110 73
101 101
123 63
12 101
58 138
86 64
9 20
57 129
61 107
79 8
51 100
107 98
100 69
9 148
105 98
104 2
127 119
115 130
28 62
136 136
122 108
55 6
86 58
37 128
23 10
149 149
16 146
143 139
36 94
13 40
116 102
93 85
79 147
92 119
33 87
13 12
52 29
74 30
81 57
72 121
75 44
36 71
31 127
106 112
76 105
113 26
50 123
116 60
139 93
28 140
142 149
5 130
32 62
140 89
49 128
119 96
55 133
73 11
141 23
58 1
100 139
6 20
23 28
34 103
113 129
27 87
73 139
44 77
125 30
33 140
129 27
89 103
12 98
33 37
128 127
35 40
37 73
121 7
109 140
40 143
71 3
45 24
74 20
99 143
104 16
39 135
102 61
23 46
17 88
39 63
63 43
119 30
99 4
123 138
92 8
75 17
77 66
92 132
91 136
103 15
14 47
57 2
92 105
75 51
76 111
123 93
1 55
36 9
62 74
98 75
29 30
144 121
64 58
124 30
18 22
86 35
33 105
105 23
127 143
79 137
68 51
2 51
56 4
19 54
52 114
92 128
109 49
109 11
6 16
48 53
14 68
59 26
126 134
146 127
144 18
47 9
26 41
101 137
76 56
68 34
85 38
71 2
28 141
38 114
19 132
26 92
56 134
19 44
15 123
2 57
27 59
20 86
106 18
22 136
64 73
46 120
106 73
21 21
86 119
46 34
51 99
94 113
27 88
86 20
87 121
57 72
6 39
28 101
135 49
148 94
100 49
135 24
73 110
32 96
129 76
130 55
3 43
28 125
55 98
77 7
99 50
17 68
84 136
53 18
148 73
99 79
146 58
101 13
73 144
102 115
34 62
102 23
142 112
123 74
83 21
147 107
12 132
6 76
52 145
137 42
92 94
112 119
104 89
69 69
63 113
18 63
16 111
96 138
45 76
132 103
127 53
21 120
52 143
27 66
25 36
145 7
103 29
143 8
34 17
97 82
97 115
75 9
94 1
84 123
140 72
100 134
12 21
56 4
8 84
10 89
125 109
134 123
97 19
31 11
17 127
18 90
110 38
90 120
55 23
112 49
147 83
106 84
68 23
39 13
16 61
39 13
53 141
11 70
116 104
130 33
95 28
33 127
23 59
32 114
114 97
7 104
142 23
44 138
36 132
149 119
142 96
80 42
107 49
18 139
33 30
70 134
101 141
122 128
98 130
137 139
70 103
85 62
92 54
7 120
65 82
12 2
123 0
109 103
20 143
77 78
27 140
28 146
44 51
107 119
76 12
8 87
5 16
130 86
20 110
38 130
87 51
133 12
29 112
10 1
121 145
75 30
96 6
87 95
107 25
32 92
89 146
18 121
52 16
100 143
146 127
73 36
79 148
125 88
1 84
23 144
107 63
39 3
60 83
110 71
125 32
78 76
56 1
105 123
62 146
5 3
15 16
78 95
56 94
24 141
115 39
48 130
85 131
110 87
89 37
128 44
81 27
113 38
103 130
70 96
77 131
28 6
19 16
127 13
14 53
68 19
81 62
39 7
131 87
114 71
10 55
124 136
44 139
93 5
141 126
130 29
119 17
14 75
23 79
117 64
7 23
145 112
40 124
144 131
29 19
88 66
36 68
105 63
65 8
107 144
125 33
70 88
51 4
60 111
28 141
38 142
74 73
106 27
49 10
144 38
24 89
63 68
40 21
22 29
134 91
95 120
137 45
64 134
40 104
7 89
22 11
124 14
38 61
26 109
106 71
29 142
12 123
83 81
3 119
113 18
80 83
78 62
76 129
120 50
112 77
84 85
110 134
35 129
91 78
124 114
81 55
113 117
103 114
37 26
3 139
113 69
115 34
143 21
63 46
110 27
39 32
126 81
113 82
81 20
123 76
121 5
95 98
10 83
126 131
116 64
84 24
91 18
32 51
98 61
137 84
77 73
53 123
79 143
128 45
38 104
86 24
91 53
32 132
33 105
35 101
40 35
76 80
69 41
148 98
148 114
42 79
56 62
16 0
83 71
130 136
61 53
47 21
61 137
35 83
115 102
71 15
143 100
27 49
129 141
148 131
123 42
137 53
5 71
22 9
127 14
17 137
143 65
126 48
83 84
111 7
10 50
109 149
13 76
82 140
45 108
21 32
2 98
102 112
56 129
12 139
94 141
0 92
139 71
85 106
14 2
57 18
20 71
96 18
11 80
63 18
19 38
113 93
26 103
134 79
121 124
128 128
68 130
24 116
55 23
109 62
99 53
134 3
24 28
128 80
46 85
136 92
98 44
68 91
30 14
21 86
16 2
22 27
85 14
80 83
78 140
133 121
137 134
16 105
64 31
40 56
105 116
41 35
101 84
97 12
49 6
3 8
128 138
22 20
69 94
24 29
85 149
30 46
12 23
81 149
15 52
67 147
69 94
130 129
69 13
56 70
63 123
0 146
91 79
37 21
89 95
50 61
8 121
38 30
77 3
31 85
134 59
99 91
57 106
79 13
95 137
133 28
71 109
5 46
28 87
35 30
107 15
148 137
26 41
146 148
0 20
24 11
71 5
123 19
109 63
18 103
110 28
21 29
29 103
125 44
33 79
68 39
40 92
94 15
140 13
11 108
142 39
4 32
38 103
42 45
113 37
82 43
89 50
95 33
93 10
135 44
128 133
89 43
146 62
36 57
128 139
50 41
148 12
13 127
98 11
21 65
63 49
38 80
58 23
33 8
125 137
67 89
119 21
132 58
4 75
31 57
66 8
26 138
123 35
146 107
48 86
65 60
140 26
104 104
51 136
81 10
99 74
55 44
45 133
45 126
24 145
129 73
67 6
65 98
50 28
86 99
42 74
133 136
149 143
143 49
109 114
132 133
128 51
59 119
133 108
123 18
123 100
82 27
24 140
28 132
103 142
5 61
149 104
144 93
14 140
33 29
127 19
40 3
128 9
54 32
128 73
67 62
1 128
129 79
118 64
131 52
30 105
88 4
117 138
61 69
127 101
86 21
51 120
18 38
23 51
66 0
92 146
97 61
12 111
92 77
106 37
139 2
73 24
40 69
95 46
36 118
67 146
21 134
88 41
144 128
100 57
89 45
83 51
17 50
7 118
26 24
63 107
61 113
53 87
133 84
85 106
6 19
22 24
105 94
116 34
22 62
24 129
10 99
137 33
70 23
119 42
102 88
133 88
111 22
36 21
50 86
146 146
88 147
15 144
141 117
97 28
1 140
120 68
108 30
1 9
56 138
100 104
24 41
82 121
70 60
52 52
125 102
114 136
113 127
75 102
56 82
122 62
105 90
114 17
114 7
3 33
118 75
105 27
43 110
132 28
39 106
68 88
82 7
128 26
54 71
111 123
114 43
144 86
22 71
131 82
47 11
81 64
61 83
7 92
86 84
26 120
117 73
54 67
40 56
90 80
55 23
68 130
53 46
145 92
28 41
142 144
131 135
84 1
83 36
145 35
47 139
21 78
65 6
48 143
1 40
34 0
2 146
84 136
112 53
93 61
21 149
53 55
76 130
133 84
113 108
2 113
4 120
58 5
24 74
68 31
68 121
11 53
57 19
145 60
1 52
85 79
57 38
28 101
63 4
21 10
25 86
0 32
3 111
137 74
18 127
73 1
28 116
85 108
16 139
0 32
112 119
39 121
117 63
89 99
128 129
62 89
56 73
54 12
11 136
146 74
46 73
78 94
136 90
55 44
138 104
61 18
2 14
5 35
32 130
103 12
29 147
54 32
25 38
137 89
79 122
43 145
142 5
99 126
82 98
84 69
14 105
58 122
51 13
58 47
19 15
128 60
149 10
63 8
130 71
117 55
122 14
41 26
68 136
121 118
138 32
73 82
86 92
39 133
114 138
68 42
104 49
31 15
46 3
1 66
76 29
129 62
103 77
123 37
19 123
85 107
6 99
100 128
46 147
26 109
64 114
72 98
60 46
65 94
102 88
52 148
110 42
107 113
124 50
28 104
77 90
92 28
48 56
35 136
9 46
148 3
88 22
7 4
148 60
76 131
68 56
61 89
42 130
89 103
66 108
71 99
132 45
70 133
73 101
58 77
20 29
130 63
137 144
20 26
84 117
81 112
54 51
114 40
36 5
127 40
134 75
46 99
100 140
16 30
13 4
66 58
128 117
43 108
26 67
130 22
42 148
67 127
4 46
71 43
149 17
22 8
139 145
75 45
22 66
144 77
81 126
89 4
128 97
130 97
44 72
90 67
105 43
55 122
136 105
77 26
127 118
127 25
19 149
120 63
41 119
67 109
20 122
105 8
83 7
41 10
117 73
89 31
61 106
42 17
75 144
98 129
88 143
147 109
137 54
114 99
45 68
83 14
61 89
10 86
3 32
143 123
6 64
16 129
80 96
69 62
96 93
112 88
30 49
18 66
62 48
30 3
139 51
29 42
28 83
52 30
50 139
69 147
63 96
95 123
78 113
74 48
29 52
59 15
138 92
138 140
62 93
90 79
51 86
119 49
135 133
63 124
147 71
22 49
50 87
131 72
39 131
68 43
63 149
82 71
138 122
81 146
50 112
105 66
50 58
101 37
73 44
133 104
121 22
147 30
95 11
35 39
121 74
123 62
84 105
20 34
105 39
148 112
136 99
141 60
78 103
149 11
47 54
82 149
94 143
76 33
30 20
34 112
43 1
61 66
24 61
137 114
126 51
139 136
89 56
25 127
140 81
54 131
82 3
65 54
17 100
149 65
86 54
35 21
11 88
75 5
134 125
73 88
99 134
66 20
33 56
1 127
14 46
62 4
61 64
96 130
136 64
143 105
96 44
121 116
50 9
8 137
17 59
21 145
88 113
104 58
16 23
56 121
79 13
63 109
73 52
5 39
32 4
116 20
5 8
110 21
85 44
58 26
29 76
108 105
130 144
99 95
120 145
33 103
0 93
0 148
110 35
114 112
90 50
1 114
6 129
2 55
105 9
128 2
110 54
145 123
109 102
148 36
19 101
141 116
24 99
70 138
54 33
106 54
70 72
128 18
58 19
116 120
127 137
1 130
135 7
77 141
59 72
8 82
82 13
77 24
109 45
48 67
124 47
124 16
23 73
52 141
116 29
127 18
48 130
54 19
13 127
17 105
56 35
98 61
139 55
121 118
72 29
21 132
53 50
120 82
138 123
12 88
66 104
34 49
96 120
33 79
104 85
4 39
13 80
115 95
99 143
33 36
11 43
79 17
5 75
6 102
134 122
5 7
113 115
65 52
146 42
32 149
13 76
138 137
46 88
133 84
4 129
69 139
108 93
125 100
12 40
121 31
29 52
130 46
64 33
75 143
13 96
113 146
118 36
10 132
101 63
48 113
61 120
89 120
111 26
147 57
39 110
94 8
149 93
14 37
60 78
118 17
87 71
20 89
36 144
143 146
148 121
43 51
23 28
57 88
62 127
127 76
84 111
29 87
55 119
16 123
68 100
58 130
16 45
148 25
21 18
129 29
43 14
93 112
142 121
80 109
89 37
4 21
121 134
105 25
104 48
129 91
62 107
145 139
17 66
136 116
77 148
66 83
122 119
115 62
70 120
72 18
130 61
56 89
135 77
133 87
57 66
144 30
117 112
60 80
37 55
32 58
46 75
123 53
35 117
99 33
38 129
20 113
100 80
133 44
84 103
121 107
26 134
146 2
42 104
137 108
28 0
139 0
76 95
121 36
104 5
73 103
60 110
32 43
131 92
89 121
107 84
99 115
82 126
97 87
24 26
140 16
105 37
23 25
11 68
100 38
11 96
112 142
139 8
65 129
148 0
105 66
65 36
78 121
132 121
64 9
123 149
79 1
7 56
102 74
36 101
129 90
129 31
61 145
1 58
134 94
139 121
141 8
61 142
84 149
100 115
80 48
101 20
32 121
140 122
92 27
45 123
74 60
125 128
149 140
60 23
129 35
146 116
62 117
127 143
34 50
88 8
34 54
31 46
72 35
66 105
38 74
37 106
128 37
116 108
93 99
104 112
80 17
114 9
139 81
48 136
59 62
84 40
81 73
117 19
120 126
91 83
134 85
49 133
97 128
67 48
26 97
97 77
50 55
53 62
59 115
116 60
29 33
76 14
107 91
15 130
50 29
42 132
51 78
13 119
99 139
149 84
94 141
6 1
41 64
57 122
91 25
71 111
53 22
21 78
114 33
68 132
116 71
102 52
76 9
28 1
93 81
108 54
30 87
124 78
120 131
48 64
108 69
10 61
103 23
31 62
84 74
21 63
66 82
27 105
53 98
143 121
93 66
105 82
101 107
68 106
101 16
64 108
77 1
136 139
65 18
71 67
39 46
47 110
10 94
6 118
103 117
123 111
69 119
147 53
48 113
57 142
22 128
115 13
85 53
129 58
140 115
62 30
91 51
4 29
71 17
133 88
117 64
83 116
96 81
15 101
45 127
120 71
125 55
50 121
6 6
122 2
15 146
40 20
28 46
59 58
118 12
147 21
78 64
7 86
11 137
116 37
54 91
130 62
138 71
73 122
24 135
16 78
114 20
7 146
36 82
111 132
52 24
106 73
48 80
29 90
98 19
3 142
60 122
64 85
10 40
131 94
36 78
47 80
120 3
87 73
96 79
115 66
32 81
103 142
113 106
35 124
23 104
149 123
135 109
145 8
53 113
82 21
133 132
119 135
135 44
7 82
84 83
39 75
23 128
40 131
58 138
62 37
65 144
120 14
126 8
136 17
124 53
64 99
92 110
93 118
120 84
4 82
1 50
88 101
129 77
56 37
139 108
124 123
84 105
134 49
50 130
10 35
121 47
15 109
18 116
7 64
74 41
126 5
141 56
144 139
56 99
24 42
97 6
95 68
71 0
111 102
68 120
98 42
134 82
87 1
132 118
120 41
94 98
125 96
0 98
55 129
5 111
123 135
61 94
36 84
116 116
41 30
20 41
115 39
9 108
73 104
54 22
131 120
20 82
1 16
141 3
21 82
115 2
15 32
130 125
135 103
55 21
128 2
7 12
51 136
84 59
123 139
99 56
20 1
30 73
32 10
65 86
27 112
45 137
53 96
60 83
135 78
139 48
72 94
71 93
106 54
6 59
118 138
95 41
118 108
110 123
66 1
126 111
124 145
15 4
140 37
19 24
21 72
58 113
49 82
124 1
27 2
70 94
67 96
116 122
134 121
119 3
70 33
125 113
43 70
97 27
123 113
117 54
37 117
66 47
47 16
94 35
97 124
53 137
51 17
147 99
16 37
138 53
58 20
6 88
91 29
17 8
105 93
126 127
60 109
46 32
4 56
44 62
132 113
63 8
145 20
55 38
14 25
22 117
132 125
79 117
115 4
13 122
24 124
49 116
74 24
128 73
46 115
46 139
81 67
20 13
120 84
107 99
130 9
147 50
107 42
142 133
98 80
120 21
102 46
136 138
50 14
79 35
57 45
130 98
93 60
144 108
72 107
86 34
37 69
87 114
14 46
91 78
117 43
73 17
126 14
3 116
40 105
9 68
124 48
105 114
133 0
144 111
42 101
90 56
89 57
105 117
93 132
149 4
24 74
140 56
60 117
76 66
100 86
146 124
28 72
62 127
2 127
69 148
142 122
68 36
97 147
45 81
23 11
13 58
78 134
71 47
33 62
46 22
139 128
113 141
15 84
64 93
149 106
7 67
136 98
137 63
4 68
10 70
94 34
22 76
96 22
86 124
69 14
15 118
42 58
86 102
66 36
2 108
86 101
124 2
35 100
13 109
69 54
45 21
51 65
49 98
13 112
54 16
28 115
44 35
63 92
34 13
71 135
99 99
15 3
115 3
99 92
79 12
75 69
116 42
14 9
80 53
85 39
43 146
10 62
101 83
102 41
132 34
67 31
25 135
81 17
49 140
90 115
22 87
109 141
29 129
17 92
80 105
75 81
30 72
131 56
149 79
115 53
45 21
113 67
51 41
42 78
134 123
72 73
78 4
65 40
128 125
18 81
23 55
23 58
8 105
110 67
109 105
133 41
135 109
89 47
99 86
55 125
51 125
124 117
141 20
60 50
52 88
19 75
92 47
64 29
71 18
76 131
57 53
59 49
111 118
132 26
11 57
64 144
129 63
140 106
67 37
81 86
92 107
40 68
56 109
133 128
61 129
51 100
19 131
12 123
87 121
35 74
85 67
25 129
144 72
27 10
122 38
122 67
138 127
56 7
134 55
46 24
50 30
76 107
54 44
40 36
95 36
113 2
87 8
146 127
126 106
34 20
119 142
5 111
86 114
80 64
145 69
149 104
26 13
145 87
52 141
57 11
0 56
102 61
86 37
137 3
107 7
87 31
107 69
32 140
74 34
65 57
87 104
26 45
88 96
78 133
25 88
55 37
54 14
57 109
20 2
106 99
41 23
7 21
108 97
34 100
94 78
8 75
17 81
40 143
140 111
125 138
25 60
55 105
47 61
31 28
103 28
26 131
149 8
122 3
4 24
7 56
29 101
79 52
5 22
48 55
132 97
97 95
83 112
145 74
22 132
78 94
59 61
122 87
43 17
8 80
75 76
82 111
145 43
144 107
81 67
118 52
141 117
73 25
19 5
145 28
72 93
120 53
50 123
29 95
54 18
102 27
58 143
28 127
74 71
50 48
121 115
92 132
65 38
142 45
0 86
121 9
142 51
73 3
143 132
118 135
97 123
54 127
60 24
109 19
99 84
122 79
123 128
69 120
98 67
93 84
26 120
45 58
27 126
140 127
131 33
99 62
149 29
133 38
27 124
70 40
136 44
5 22
114 59
90 123
139 125
89 130
43 23
111 131
5 140
41 7
38 106
6 141
105 67
130 144
21 39
28 136
47 113
133 17
135 6
17 35
93 7
117 146
9 98
60 6
29 43
116 7
4 64
25 108
14 104
72 42
97 83
2 46
136 73
140 130
17 31
7 31
22 90
60 104
99 3
43 116
124 72
27 5
21 38
105 103
146 91
26 100
136 73
52 9
8 55
124 19
44 77
116 70
14 71
31 26
147 99
55 10
87 42
27 37
109 100
66 64
103 43
128 38
98 119
6 133
97 68
26 106
52 10
100 11
98 1
42 66
89 124
59 25
127 133
76 43
69 59
136 80
142 16
56 94
16 117
82 127
84 69
103 106
107 19
48 82
86 149
78 4
80 74
14 107
142 107
53 137
36 120
13 51
41 133
3 104
132 2
100 48
13 132
10 3
133 62
49 51
61 35
84 146
77 143
69 133
122 72
13 56
37 121
149 65
106 22
14 14
56 129
97 67
149 51
45 21
75 88
71 21
81 98
133 61
40 3
62 112
42 139
50 48
144 4
38 123
149 136
19 77
56 22
38 112
140 67
129 111
83 134
43 101
136 69
47 132
124 65
52 148
73 10
32 75
100 53
63 86
54 76
106 147
60 136
132 141
35 13
30 127
99 59
1 114
61 46
25 22
53 5
20 104
64 59
134 99
34 26
77 101
93 12
34 3
85 144
29 13
94 145
72 26
34 127
85 18
75 66
2 102
113 99
14 80
138 139
149 25
104 96
112 90
89 125
65 42
127 132
135 38
36 19
64 64
52 102
10 147
30 72
54 32
140 106
14 110
88 66
20 97
82 3
32 20
63 139
111 111
121 40
122 0
143 62
144 117
43 135
52 91
29 102
72 39
107 68
99 135
87 0
16 92
30 100
92 106
63 110
39 54
98 36
118 28
113 10
135 73
100 14
98 115
87 133
20 137
113 112
117 62
120 125
114 65
117 44
41 98
46 61
137 81
81 85
147 103
69 5
131 93
120 16
57 68
116 117
12 36
11 65
60 67
144 58
71 4
103 35
68 118
116 37
21 56
98 47
88 33
98 95
51 129
46 39
139 26
36 22
84 70
42 50
83 33
142 131
45 59
77 109
135 132
117 149
26 73
72 134
129 75
63 39
46 58
59 82
72 43
45 113
77 71
10 47
130 98
61 95
46 54
2 89
28 142
124 24
79 27
21 85
49 52
98 128
4 36
17 79
86 144
75 63
57 46
99 65
30 22
122 28
15 130
1 133
52 40
59 24
53 19
42 20
74 135
115 28
139 35
101 73
20 144
139 72
21 48
51 147
73 115
84 80
134 42
97 45
88 35
77 51
45 16
34 138
33 119
28 65
89 28
54 141
27 6
146 120
138 102
41 111
132 4
127 78
103 59
47 9
43 109
99 10
21 9
141 26
89 33
37 113
86 128
19 131
19 19
5 98
52 84
48 67
124 105
111 55
45 141
112 70
12 88
8 82
138 66
78 130
149 92
105 16
114 26
54 130
2 43
16 50
81 104
25 145
39 8
11 56
105 75
13 17
69 140
123 49
85 53
64 37
125 125
51 49
44 45
111 45
3 44
30 73
41 147
34 39
32 3
99 141
146 90
51 25
24 22
89 46
112 26
45 101
32 77
75 57
128 25
114 25
36 90
50 87
61 111
124 8
37 133
99 127
79 43
56 7
139 56
78 12
97 114
145 19
92 87
103 93
112 91
7 71
52 97
65 148
14 37
85 59
98 81
11 70
103 40
54 92
70 23
45 138
133 115
6 144
105 121
5 124
20 75
70 140
143 108
4 146
134 143
107 145
37 140
98 148
30 52
109 41
48 66
41 41
15 11
54 73
58 9
78 38
87 41
18 101
131 114
91 80
44 36
18 35
123 63
85 35
139 23
98 58
98 11
74 3
104 11
14 145
38 26
42 130
141 116
134 57
39 121
104 41
51 114
64 40
112 97
22 17
44 3
0 88
85 65
13 143
15 85
63 77
50 31
102 148
133 147
108 32
44 8
107 67
137 12
92 90
23 38
76 127
49 54
130 115
141 104
14 60
17 82
94 53
148 85
140 147
129 6
56 18
48 26
126 72
46 149
131 118
20 34
106 75
69 4
107 47
16 119
41 32
137 58
26 32
116 13
55 61
22 79
122 77
125 91
69 54
62 0
16 43
104 131
57 9
66 48
92 31
141 119
106 144
6 93
90 48
141 11
22 148
41 79
93 17
112 46
63 107
26 95
109 74
97 137
149 76
101 18
29 90
54 6
7 71
7 7
52 67
106 59
41 17
61 122
97 7
18 124
22 37
46 113
61 143
13 104
101 75
110 82
25 35
145 6
53 2
146 145
69 11
119 120
41 136
107 34
36 108
108 84
121 0
109 95
5 128
144 108
80 93
48 89
29 27
28 139
118 17
149 75
29 113
47 50
121 1
34 134
121 144
99 133
81 54
65 12
120 144
121 145
96 30
141 0
15 95
32 58
113 45
59 123
43 112
122 147
97 112
94 96
123 90
66 117
84 70
12 147
11 20
2 139
62 128
47 108
22 16
136 130
126 148
121 64
143 60
26 92
146 146
93 14
7 36
108 137
68 52
78 1
141 116
14 99
10 126
43 144
133 92
79 102
22 45
0 62
44 61
120 140
33 31
78 91
126 96
19 44
25 103
33 52
29 147
109 147
50 33
60 23
46 51
123 38
68 90
26 102
94 61
58 138
135 70
27 43
132 138
23 36
57 62
14 23
149 62
35 66
89 2
115 133
74 30
72 1
134 108
69 118
139 131
48 101
66 131
114 4
42 91
86 116
86 134
52 90
32 64
118 124
36 118
124 144
64 60
73 128
122 8
137 54
76 145
87 143
99 141
107 4
48 29
119 134
87 90
144 119
19 31
80 131
61 79
95 18
123 50
117 6
67 129
29 86
118 18
89 40
73 124
8 113
22 143
142 132
2 34
145 103
0 138
70 102
118 32
22 139
101 139
124 78
29 114
112 9
65 38
16 48
32 16
92 18
2 90
136 65
49 34
129 53
38 68
54 88
13 44
64 116
117 105
88 117
30 90
143 122
141 78
129 117
116 16
74 20
105 22
76 41
28 71
77 58
46 85
102 23
50 49
102 71
58 142
137 46
133 35
66 56
77 104
98 142
2 113
112 29
45 34
132 54
27 69
48 66
122 132
25 17
6 63
11 92
94 109
88 28
135 119
20 83
28 85
113 123
23 113
144 133
90 3
108 42
53 138
15 123
60 123
136 48
19 101
146 58
149 58
139 58
71 8
131 110
19 93
31 18
88 64
129 16
57 33
7 10
146 134
21 144
108 58
74 24
101 112
70 126
76 144
26 95
49 103
113 72
43 74
74 19
100 109
76 81
132 94
34 84
109 13
118 3
120 95
35 86
140 138
91 149
107 33
3 112
70 25
74 94
24 146
35 116
88 41
23 135
122 14
124 129
25 53
36 137
122 4
38 96
92 74
79 55
105 9
94 62
3 29
45 0
93 37
72 41
134 45
45 31
53 18
54 127
23 5
69 114
6 74
96 138
30 78
118 85
30 115
38 115
105 42
140 15
64 149
40 132
49 143
148 78
69 128
67 1
117 41
100 61
99 46
14 113
100 80
140 26
141 42
40 21
32 45
2 143
47 40
39 45
2 69
49 112
42 102
55 89
119 49
28 144
133 54
73 119
61 96
99 67
108 41
90 108
93 21
36 16
43 104
129 105
89 39
99 96
40 27
103 20
2 24
25 78
48 10
40 37
106 123
7 12
109 122
128 81
99 130
145 103
94 37
26 99
33 71
67 109
59 14
69 36
98 22
77 140
9 80
90 83
21 146
132 36
25 134
17 74
54 84
70 102
0 98
13 86
15 27
78 64
2 70
114 1
94 136
112 19
93 7
88 46
34 127
11 65
17 14
77 0
86 111
144 34
21 27
17 84
0 13
80 72
128 119
70 83
29 27
32 1
32 142
19 119
107 29
25 119
115 63
149 75
112 15
138 36
26 59
17 109
110 8
144 94
37 115
87 9
27 49
40 39
120 49
45 93
67 117
82 32
140 59
32 51
2 11
18 29
33 138
33 22
132 41
149 103
123 129
107 21
20 131
128 33
115 40
62 135
41 94
54 2
28 71
54 88
128 108
31 13
60 85
26 45
63 60
128 55
43 41
32 47
145 145
74 58
86 25
56 133
80 27
74 75
99 111
12 68
51 57
44 114
61 1
32 120
60 19
71 146
47 94
3 15
81 100
120 115
27 126
97 73
125 75
135 53
83 85
54 143
81 40
146 20
116 138
27 82
66 85
129 114
95 5
132 81
94 82
1 118
39 20
39 106
80 66
54 40
102 24
17 20
103 131
123 113
20 119
112 54
50 55
12 66
99 68
149 58
13 64
82 79
109 50
131 84
43 73
96 19
90 70
88 149
30 2
108 59
128 7
66 113
73 140
76 38
138 128
20 107
1 6
24 64
95 56
120 126
23 47
133 147
68 57
16 148
26 40
13 94
61 90
76 122
14 127
23 126
57 96
119 107
47 141
92 89
32 56
144 81
115 50
75 98
39 35
101 94
56 103
90 34
17 17
143 53
0 112
93 91
69 110
78 131
83 16
111 25
37 97
128 42
100 86
61 130
73 28
136 18
48 111
94 34
125 77
143 74
100 95
70 109
41 20
38 104
133 51
6 117
91 39
119 67
66 130
124 44
28 115
0 25
5 107
10 78
107 34
100 145
62 48
85 141
122 89
40 79
57 77
69 22
38 91
43 73
22 126
109 18
3 130
11 50
83 16
66 110
81 18
111 19
133 125
125 120
55 26
131 107
47 99
17 23
63 80
149 83
133 93
47 108
111 89
37 94
24 75
105 39
72 121
146 39
112 103
91 60
53 117
114 143
38 114
100 92
92 138
96 75
3 66
88 148
122 146
138 10
76 63
127 101
94 138
96 89
147 6
131 110
83 89
45 28
88 67
106 117
79 35
1 141
38 146
16 112
48 90
145 67
60 128
137 75
124 72
85 31
82 49
147 148
116 120
105 118
69 10
48 146
135 49
48 10
109 46
68 70
46 8
0 52
83 140
35 63
144 108
7 63
92 132
123 40
55 113
133 64
120 116
32 22
128 47
19 124
133 19
77 53
40 74
143 127
135 88
30 93
141 115
12 51
106 97
124 81
15 118
69 64
2 49
10 74
61 48
45 18
105 147
14 34
0 71
47 125
57 82
5 108
79 13
7 44
70 4
126 50
140 33
74 129
118 28
91 124
65 133
21 54
36 143
17 94
30 24
72 40
129 40
21 147
31 92
61 28
73 105
27 132
105 94
47 5
89 88
26 119
27 49
37 88
148 37
98 135
149 18
60 73
61 121
66 37
80 97
137 60
119 18
119 61
136 20
142 69
146 55
71 25
27 69
25 98
83 93
8 149
122 121
0 82
68 80
103 84
49 38
112 110
142 36
99 99
118 115
69 77
61 22
134 87
136 92
79 129
66 98
116 13
12 39
99 39
97 67
101 50
26 114
119 35
0 26
109 79
5 108
18 146
100 4
58 18
34 21
21 66
115 87
40 84
95 40
69 17
91 68
59 50
122 21
119 98
19 121
145 71
66 57
49 46
141 33
49 73
5 23
27 31
131 96
65 50
96 113
73 101
30 134
9 90
13 100
79 51
95 72
59 20
91 143
137 22
74 12
18 119
35 129
141 95
69 23
59 105
121 64
77 37
15 28
84 101
134 32
145 75
6 82
29 77
0 27
149 127
40 20
149 79
4 74
60 25
52 105
23 29
119 143
14 21
31 26
98 87
144 69
55 140
125 55
47 136
111 66
135 51
16 8
130 112
102 109
19 131
136 32
64 23
90 39
137 94
111 73
148 120
15 126
129 146
19 141
84 139
11 63
33 33
0 97
90 129
106 109
21 5
2 124
63 67
83 105
147 54
80 108
71 72
29 140
72 98
89 20
59 54
16 30
103 48
29 102
30 80
52 103
7 36
53 97
27 33
136 64
137 129
8 97
112 15
118 28
22 38
138 56
45 70
129 10
56 14
44 93
53 120
135 130
57 8
99 81
56 11
86 45
70 100
9 114
72 57
129 27
87 98
16 116
118 132
14 97
100 86
55 90
125 75
59 125
135 6
58 55
106 138
133 18
101 100
82 123
36 49
142 44
66 44
141 83
11 127
114 117
17 8
55 130
69 57
145 37
9 110
133 58
131 71
67 101
6 15
79 79
19 33
36 85
118 7
87 74
95 6
66 14
103 126
137 110
49 125
59 58
147 58
18 3
140 63
89 91
137 141
100 142
121 67
80 133
34 49
115 8
96 59
51 97
32 125
113 116
17 90
140 108
72 43
3 139
70 88
98 62
111 68
65 22
39 125
23 128
104 78
147 5
114 112
24 108
101 41
82 61
6 55
103 16
79 49
131 95
122 123
33 79
23 143
122 18
96 59
39 73
31 80
125 38
21 7
109 20
112 29
111 138
124 87
26 94
58 138
45 149
70 25
115 10
14 103
123 136
129 129
86 46
23 55
9 14
147 100
7 143
126 93
125 28
37 8
128 65
52 93
92 3
61 27
107 93
145 86
70 95
92 48
121 42
24 42
84 132
27 23
22 66
121 37
53 130
40 140
9 20
45 47
128 63
123 108
136 72
42 71
137 41
66 12
110 77
124 112
118 6
3 106
32 8
47 116
133 63
62 116
73 42
79 42
108 121
51 145
43 145
48 77
39 40
118 47
90 137
13 19
20 35
24 9
89 65
134 4
55 37
29 1
109 71
36 102
49 132
50 126
70 14
140 38
36 82
43 46
124 111
71 96
62 31
44 129
26 119
148 80
31 102
137 115
41 132
66 130
0 57
146 98
143 22
18 77
100 145
133 119
119 105
23 141
145 24
126 103
41 75
28 85
17 25
98 6
133 90
8 68
82 86
96 130
8 92
25 68
136 117
70 51
50 41
141 135
12 39
120 30
41 51
67 79
86 9
136 21
106 8
68 59
38 90
125 141
66 5
24 115
143 39
39 59
30 73
32 24
59 91
97 89
63 42
30 90
21 67
28 43
5 7
80 98
133 130
104 36
131 6
104 52
109 96
53 135
148 97
128 98
99 102
140 27
109 20
122 21
44 85
97 15
46 77
41 33
9 18
149 56
102 16
97 94
28 43
147 108
96 147
75 149
95 38
59 81
132 44
71 66
117 58
66 4
134 76
7 5
94 48
61 122
118 140
90 147
72 76
134 56
30 37
64 48
23 111
84 15
4 65
123 94
114 59
51 106
43 98
26 48
110 43
93 149
52 2
54 125
62 129
35 129
13 32
49 140
0 107
34 31
40 9
76 77
6 133
106 103
11 119
3 129
66 91
57 8
92 14
39 134
48 47
9 125
83 31
7 2
22 75
144 57
92 61
88 32
93 114
34 135
99 15
36 8
23 89
97 45
121 54
40 54
51 25
142 26
7 56
56 120
39 85
76 145
142 92
40 41
148 101
79 100
63 93
92 17
61 77
43 94
23 137
126 63
142 5
115 79
140 12
53 49
128 65
120 145
104 145
124 15
63 96
26 125
19 143
142 10
125 5
53 114
79 111
40 78
85 15
83 57
17 140
65 133
23 20
39 42
34 94
103 59
100 41
95 82
133 128
140 47
93 145
4 86
44 19
107 50
43 129
54 98
9 37
19 129
86 14
134 127
28 58
98 64
94 86
74 79
52 48
61 143
108 104
42 2
4 112
25 54
17 142
81 90
18 52
99 65
88 18
24 138
116 96
13 55
128 26
96 145
27 88
63 51
80 3
89 46
9 48
143 108
124 56
42 8
144 81
4 71
30 110
93 113
64 11
21 72
116 46
25 57
105 110
86 6
138 15
68 3
103 50
135 60
104 73
81 137
141 1
69 100
26 125
9 4
110 31
72 57
82 63
123 21
136 57
41 95
10 30
105 147
126 85
129 133
106 107
96 30
104 92
11 3
13 90
88 140
63 117
60 114
90 130
48 17
52 132
136 94
30 18
116 21
2 2
11 60
102 31
98 23
141 123
36 24
143 124
88 112
131 19
62 116
25 84
30 96
46 16
68 2
49 26
25 130
86 141
134 118
25 73
18 11
31 27
115 14
116 55
143 128
68 95
35 145
77 24
22 53
65 20
98 113
112 55
41 134
146 1
103 134
9 0
119 125
101 72
70 13
93 42
137 124
128 6
99 144
105 1
84 7
64 141
8 25
116 78
60 88
70 105
8 146
149 35
40 84
51 14
3 35
124 72
112 51
126 85
7 95
99 30
26 57
126 121
25 98
77 80
37 133
74 67
95 81
79 40
97 147
129 124
115 54
132 55
60 117
132 115
67 26
42 48
67 71
79 118
107 125
20 50
132 106
99 145
89 6
50 124
51 48
113 81
72 39
5 134
64 147
22 142
125 99
123 68
126 16
134 4
36 37
79 49
68 100
64 120
82 33
85 119
57 46
65 111
121 129
107 19
51 33
105 21
118 8
137 32
88 123
58 53
85 53
73 17
145 73
56 129
93 25
17 103
99 79
89 29
96 119
54 95
48 141
96 99
29 143
89 6
17 52
13 140
74 122
43 122
70 92
65 93
49 87
1 145
51 46
143 33
117 73
14 48
125 35
42 68
107 7
63 132
73 84
130 103
120 125
10 62
20 39
123 105
38 1
123 59
110 121
49 54
46 70
93 129
98 90
103 90
119 94
142 136
55 116
42 111
108 12
34 76
12 72
135 136
98 18
148 12
26 144
139 124
54 98
45 6
84 58
43 15
55 133
10 23
105 32
14 94
31 76
67 32
100 82
10 61
29 141
108 113
71 0
107 45
129 93
74 88
66 116
74 69
113 38
15 114
14 122
2 138
20 62
44 64
148 29
40 47
145 137
84 71
126 92
50 98
18 135
115 57
90 29
112 96
149 78
85 2
140 2
33 65
8 35
101 65
82 73
44 130
101 116
36 13
50 133
146 81
123 112
21 107
27 30
11 12
103 148
104 47
149 39
27 145
75 24
39 129
49 3
131 149
58 136
127 61
117 137
59 95
125 66
47 121
103 97
42 140
143 18
16 127
2 31
149 95
22 34
27 121
129 86
145 143
131 32
41 63
62 105
21 37
124 124
76 38
41 146
137 28
14 102
96 122
21 112
17 90
39 47
46 135
23 127
128 110
75 142
54 87
57 81
48 56
62 148
148 109
113 74
5 48
116 85
51 117
47 120
17 77
17 77
55 83
121 82
118 90
117 132
123 49
77 72
122 66
90 117
21 29
2 132
86 23
130 66
40 133
63 2
134 78
138 117
90 78
38 122
37 99
117 115
49 3
103 62
116 101
55 103
84 72
8 75
10 42
67 82
125 128
17 70
87 24
76 66
69 109
17 26
65 58
133 68
31 73
18 102
121 147
114 28
24 28
60 144
66 147
63 96
28 110
129 61
81 120
61 33
89 109
11 80
52 131
21 1
92 49
127 85
116 41
29 92
148 102
48 25
32 31
23 62
107 51
92 36
60 136
136 13
125 4
65 76
121 62
39 137
96 118
33 91
34 0
61 127
115 75
112 132
14 10
106 22
117 113
128 113
72 42
90 140
87 27
120 104
0 29
112 20
143 97
87 103
76 51
9 147
126 114
33 29
94 13
75 58
91 101
72 45
125 83
85 4
3 94
130 51
110 41
126 24
136 127
16 52
64 1
144 117
6 82
138 130
63 70
115 39
47 49
62 41
129 106
12 18
33 2
65 61
45 45
111 103
25 3
80 131
131 8
34 111
100 100
144 127
133 57
60 22
91 35
118 93
24 142
130 71
39 104
62 134
51 34
54 62
147 80
92 94
99 97
145 114
132 146
118 73
22 59
35 39
111 66
126 27
42 24
3 5
89 11
120 26
144 102
50 81
92 135
8 101
38 112
105 141
48 57
148 1
75 39
35 76
94 6
144 135
28 37
121 43
140 51
7 110
119 78
96 74
95 88
15 149
65 43
56 7
47 124
15 61
3 13
92 132
53 34
35 85
77 4
87 70
45 50
80 81
125 105
64 92
27 6
82 30
111 73
123 66
136 43
138 120
61 5
127 114
94 98
65 97
67 135
21 97
141 139
4 114
98 35
39 18
41 60
58 0
148 83
123 20
74 3
96 31
45 136
143 104
129 58
122 35
141 26
36 18
133 101
51 61
13 103
42 58
148 57
119 59
92 138
122 2
42 53
132 70
63 3
115 20
21 106
62 25
60 112
79 55
106 148
58 144
121 26
87 130
25 85
73 65
46 25
14 75
81 141
13 17
31 142
96 10
9 16
114 109
81 113
75 4
149 28
21 65
141 82
63 85
130 69
105 44
116 98
52 128
81 56
54 52
126 86
126 148
94 75
86 75
86 60
26 91
85 81
98 40
124 60
107 66
99 39
44 66
90 136
86 126
4 60
100 19
69 101
27 95
51 91
147 38
145 81
129 66
69 59
122 45
44 45
28 35
54 86
130 22
126 146
71 20
91 42
50 125
100 82
27 122
53 0
70 94
55 147
76 123
72 105
92 67
22 57
115 58
86 31
72 67
13 51
64 139
93 132
143 88
116 129
20 8
39 117
106 147
63 47
65 74
121 88
37 95
133 145
124 34
114 65
98 73
91 18
149 0
131 50
71 12
63 89
28 139
39 111
94 69
53 30
56 101
8 68
27 81
83 143
136 12
78 122
48 104
16 44
143 11
141 57
99 112
141 52
72 130
134 72
91 38
20 37
119 118
51 5
115 105
38 86
107 70
120 63
56 76
42 30
81 142
103 5
60 97
135 61
99 8
61 134
78 12
0 140
50 145
133 25
118 117
66 54
136 70
84 72
39 89
86 32
20 82
41 108
136 120
68 129
144 18
57 118
82 107
38 52
22 76
65 23
45 45
138 3
100 87
110 70
84 16
140 8
72 78
134 27
6 19
110 129
142 141
10 23
82 108
53 7
112 140
7 149
5 99
141 20
116 74
17 109
81 109
70 19
104 50
13 47
55 30
118 21
3 83
58 101
37 134
112 45
3 43
82 18
84 119
33 62
64 22
84 43
53 13
134 115
139 85
90 18
6 21
68 148
70 117
44 63
129 96
102 71
2 110
27 125
101 12
39 40
86 84
97 127
48 22
107 14
113 120
54 9
122 128
23 76
25 134
78 28
33 80
84 33
39 131
39 69
72 101
13 16
29 149
72 65
68 54
69 8
137 18
89 145
82 47
126 29
10 85
99 56
121 69
9 103
25 98
132 106
124 78
141 118
41 37
94 85
7 0
3 90
90 131
2 105
115 76
48 18
20 44
74 27
146 127
99 20
117 125
86 42
78 33
3 86
18 29
31 71
68 54
45 142
112 18
88 78
18 118
88 48
76 7
91 60
53 76
51 91
72 139
103 127
105 127
9 31
81 80
72 123
3 145
51 37
137 145
134 3
18 77
97 14
57 43
115 29
26 53
130 37
15 33
37 142
68 43
62 19
110 127
83 74
117 115
54 25
84 123
129 128
106 61
66 12
55 38
1 144
17 16
103 69
90 145
19 45
148 19
58 4
10 97
6 46
20 60
66 93
103 137
40 134
103 146
124 109
26 76
8 53
25 116
97 102
48 137
146 134
55 48
15 100
78 104
77 6
83 15
39 57
78 58
40 63
130 27
72 40
117 46
85 134
3 126
28 128
57 75
147 105
41 72
50 128
132 25
26 113
11 148
110 14
124 51
143 136
74 147
107 124
143 59
31 115
57 83
91 60
140 148
21 119
14 149
127 143
51 46
134 134
124 37
91 58
71 84
49 131
147 115
146 145
64 130
76 90
32 76
144 33
48 47
61 53
38 64
11 97
24 15
145 47
122 113
74 106
72 58
31 36
82 137
88 64
123 119
125 147
118 34
91 33
36 107
145 98
80 122
66 126
3 52
49 13
145 35
124 37
39 56
148 3
131 144
73 12
132 102
120 118
72 113
146 121
108 104
129 108
142 113
2 139
55 105
29 28
96 64
84 120
43 123
8 16
89 146
109 86
100 28
103 118
135 21
3 128
38 6
116 15
84 1
50 138
124 82
20 27
62 145
94 101
126 63
103 112
28 132
25 48
126 65
16 59
39 29
55 47
38 148
121 86
95 45
19 98
33 71
91 44
16 32
23 120
53 61
88 66
17 92
98 98
139 125
0 122
116 45
121 98
73 42
115 5
142 36
124 60
111 93
146 62
62 106
82 96
138 24
144 82
64 149
11 13
114 49
142 7
23 16
125 52
100 6
24 70
17 121
128 70
121 41
67 87
124 71
12 137
51 12
24 77
85 10
17 4
106 98
18 67
67 145
146 25
44 49
6 125
74 24
0 21
37 2
40 65
101 8
142 141
31 24
21 124
9 126
93 68
9 55
59 122
32 102
35 38
27 5
66 98
62 106
80 26
59 21
138 143
132 84
138 46
77 45
110 128
138 139
3 110
69 89
23 126
39 83
75 90
113 113
128 41
24 114
98 108
34 17
83 88
96 64
50 143
126 135
76 56
132 60
72 40
8 1
55 79
84 120
105 52
76 17
121 146
35 123
8 113
17 39
2 124
100 123
31 105
48 3
116 101
9 79
25 132
57 58
70 137
30 21
48 30
89 77
142 6
26 8
124 81
87 112
7 104
76 76
85 109
103 136
65 84
17 69
25 103
143 38
75 126
22 100
115 21
102 119
33 104
74 129
79 109
147 11
104 33
41 125
89 57
138 72
112 87
104 100
105 63
124 53
139 57
29 27
134 147
130 9
6 109
116 19
66 26
86 38
56 149
39 72
27 142
85 140
149 56
98 14
9 92
127 88
77 107
27 23
3 101
125 65
52 147
95 86
56 147
19 6
43 75
101 0
118 133
21 109
134 61
25 41
123 21
102 10
29 2
121 73
134 118
147 121
24 146
13 20
146 149
71 94
32 59
49 22
26 104
132 11
53 2
26 40
71 75
148 103
9 137
130 99
124 19
36 59
40 36
122 10
24 126
68 128
68 125
20 54
141 68
82 149
31 63
75 130
57 59
27 33
112 77
79 4
128 117
50 25
117 79
79 141
23 141
0 135
37 107
28 67
145 57
10 10
124 76
108 105
19 25
91 9
142 0
78 119
136 50
69 106
140 6
27 99
68 88
148 112
71 106
78 133
128 6
83 84
82 133
25 72
109 123
57 141
63 124
50 10
6 147
104 111
28 47
70 90
52 53
25 58
54 110
10 77
139 136
6 73
131 74
102 52
91 7
74 82
122 24
54 104
7 39
101 58
37 146
64 49
59 101
10 8
100 51
8 77
86 145
27 117
92 126
138 5
141 105
110 130
7 73
33 56
35 0
29 27
134 37
128 18
85 37
25 31
59 27
72 90
15 37
27 73
16 95
144 64
100 9
75 77
47 0
124 44
144 56
20 68
48 62
42 63
138 112
36 149
1 63
40 20
147 51
10 46
40 142
27 75
117 6
24 48
39 11
127 55
75 11
133 136
102 142
128 63
10 49
47 47
59 95
5 126
20 142
4 91
43 147
24 19
88 141
55 30
137 41
100 102
114 61
80 147
89 96
74 70
31 12
29 35
91 25
121 112
105 118
73 48
21 37
147 107
42 120
77 96
60 100
106 117
1 142
82 108
139 105
69 124
15 105
123 66
54 26
114 110
106 67
131 31
145 29
129 13
16 29
117 89
132 69
131 138
69 121
63 42
127 82
44 102
19 130
117 24
72 27
26 80
77 41
99 142
134 130
107 147
111 142
65 40
63 47
66 123
11 44
52 124
0 21
10 75
77 80
113 145
87 76
26 84
7 83
14 147
129 60
119 13
31 116
77 18
149 98
96 28
120 25
28 27
99 55
59 22
83 126
14 26
124 22
134 45
34 77
33 84
52 16
63 114
117 119
31 79
77 106
25 74
96 141
138 20
127 149
147 65
101 20
60 127
11 82
82 90
102 144
125 105
49 14
90 73
135 17
92 20
38 49
43 115
20 25
129 86
19 113
67 65
78 75
21 139
23 123
72 12
65 99
21 58
73 68
62 91
29 84
40 70
124 3
43 126
5 88
136 133
41 27
135 34
10 140
41 57
29 112
41 16
41 114
92 13
48 106
42 125
96 5
46 126
104 140
133 127
7 41
25 125
62 124
98 18
88 20
104 138
101 5
2 134
66 119
64 137
47 62
85 92
142 13
117 125
103 23
142 143
144 30
1 44
66 83
19 98
38 9
74 101
34 19
90 107
27 136
41 65
24 132
91 78
85 44
94 86
48 116
58 83
106 123
145 84
87 131
66 0
69 8
40 80
136 13
8 33
87 114
75 97
1 146
100 100
6 53
79 29
70 15
132 27
139 109
93 148
18 25
5 64
89 4
94 109
128 54
115 67
87 88
22 132
35 8
34 40
134 127
13 73
91 67
121 81
38 4
120 81
49 79
112 78
62 141
142 86
138 48
19 127
118 138
89 28
117 91
13 67
74 132
118 79
77 138
76 73
118 47
3 140
6 146
87 18
113 54
80 79
143 113
25 102
19 45
148 99
132 18
56 121
133 144
100 131
104 113
72 79
1 110
90 24
97 99
105 78
133 102
148 56
141 34
56 79
119 77
28 90
0 144
123 130
90 97
82 82
37 27
10 42
0 145
105 63
129 102
73 71
33 26
90 75
91 61
82 48
59 132
34 101
109 124
122 4
60 96
58 14
53 134
146 105
81 111
135 40
51 108
51 37
145 18
117 44
27 105
136 50
60 44
67 26
146 104
103 107
65 7
60 71
115 5
17 102
12 56
146 137
21 119
53 33
7 82
88 147
65 112
123 133
36 120
127 28
96 69
63 23
36 134
90 105
135 42
102 42
148 44
44 26
89 129
51 31
82 25
133 103
109 123
138 6
16 19
121 20
89 2
149 140
17 104
143 135
118 18
94 1
101 59
93 62
4 107
2 94
87 63
9 65
32 138
59 123
20 101
18 85
22 20
123 128
51 94
44 61
130 103
107 95
17 133
72 114
50 63
136 25
95 85
125 24
1 16
141 5
72 57
124 47
62 131
116 33
25 129
146 127
50 8
24 27
91 88
88 130
63 28
106 35
113 132
115 23
108 148
46 59
38 41
124 94
43 39
83 105
148 29
33 20
68 32
6 6
11 77
6 101
112 62
101 105
56 107
138 77
148 67
137 121
47 44
41 136
147 25
28 64
25 104
36 80
68 26
32 88
120 139
54 67
31 126
27 19
46 9
50 6
66 64
37 110
100 11
20 123
141 14
34 139
135 85
135 22
116 43
131 111
112 92
139 19
77 12
53 135
113 57
99 6
1 123
85 17
72 2
66 0
3 77
103 96
48 22
78 20
45 90
92 99
76 32
34 120
8 88
3 83
34 114
47 48
89 89
117 48
71 18
101 71
144 2
95 29
14 135
16 33
35 21
74 17
82 95
10 120
85 37
82 4
51 9
33 76
1 85
105 87
66 2
126 21
147 117
78 113
80 7
12 111
125 4
66 119
49 50
105 13
112 0
47 135
142 104
45 39
10 67
4 19
36 79
115 84
129 92
125 122
108 46
130 143
100 56
88 59
10 3
16 119
143 5
71 1
8 33
36 93
68 123
97 140
66 118
8 21
46 11
81 29
111 46
14 47
0 67
31 100
139 24
107 56
100 70
66 28
90 112
141 143
82 83
90 22
142 4
110 101
97 19
96 112
81 79
117 126
45 133
54 91
76 4
139 87
95 137
145 61
8 34
47 127
110 77
38 91
3 77
114 54
64 33
25 36
23 43
39 128
139 22
86 108
110 32
51 118
11 0
64 148
13 28
149 92
15 102
46 67
10 118
129 34
99 146
27 112
88 118
90 108
43 117
26 117
6 30
102 149
62 134
70 54
57 29
76 65
128 45
98 122
40 135
77 126
146 103
141 106
113 146
122 136
115 20
95 87
11 50
54 34
96 91
60 54
41 6
0 64
129 15
46 84
91 125
114 133
93 3
8 130
115 52
29 16
145 23
56 118
31 132
60 50
92 102
3 0
117 132
45 31
128 108
4 147
104 117
16 51
99 16
60 115
50 78
78 8
57 44
96 93
45 35
43 83
22 4
11 104
57 108
55 42
9 147
121 23
120 51
61 107
3 113
87 90
96 117
125 80
44 117
109 88
147 66
0 37
14 140
45 132
132 45
46 13
63 122
7 148
146 74
82 108
3 46
147 48
12 26
131 129
85 132
64 45
62 96
0 16
33 8
24 10
11 90
19 37
85 85
103 18
28 52
143 3
3 130
17 88
141 111
71 84
17 115
106 93
32 45
28 43
120 117
28 73
64 48
25 104
5 140
35 111
12 57
122 30
79 143
103 29
29 26
40 125
50 59
148 8
0 149
63 15
101 131
111 115
144 24
49 3
131 30
21 141
79 38
83 68
51 14
144 62
73 58
39 32
81 119
30 118
48 33
50 93
56 63
66 130
138 9
128 126
18 130
83 71
9 120
30 94
97 66
136 30
103 127
123 137
100 8
4 132
75 127
87 22
48 118
134 120
132 8
46 79
138 55
113 39
67 44
142 95
50 117
29 46
53 13
75 104
118 24
57 94
88 63
31 137
49 21
75 41
43 30
106 113
52 31
78 109
7 63
51 120
5 31
90 54
70 1
17 130
128 69
59 107
97 0
127 107
79 28
143 124
46 90
111 62
131 83
33 25
83 11
140 95
123 37
8 124
45 2
7 120
20 72
11 111
143 50
61 17
45 109
109 74
64 25
128 72
68 23
105 97
65 144
144 9
89 118
31 86
28 145
0 33
131 63
121 134
64 35
54 28
68 19
29 12
17 125
74 45
46 134
21 74
101 20
79 110
26 40
27 0
76 66
38 111
109 101
109 13
41 3
59 27
11 13
53 109
56 76
3 125
117 138
81 61
86 128
22 79
97 21
76 23
30 59
124 39
29 116
68 82
25 63
35 135
0 99
85 123
35 40
105 85
9 8
140 125
40 92
113 72
34 132
49 8
26 120
6 28
53 61
57 81
141 79
23 46
102 83
80 2
21 139
126 140
0 71
17 102
136 117
40 52
38 52
144 113
137 31
76 134
81 131
91 130
0 59
124 110
132 109
8 147
38 127
63 146
137 34
135 86
50 52
68 7
36 7
28 24
28 45
18 130
40 120
126 137
147 144
114 136
11 53
89 26
149 56
126 52
51 23
104 132
2 105
47 22
132 90
141 123
123 28
27 113
74 66
146 87
61 135
20 9
46 139
61 86
141 111
11 93
8 138
108 19
51 78
71 21
6 82
94 81
112 101
21 91
140 54
121 2
89 74
120 135
11 127
31 46
76 28
60 3
55 109
40 11
133 146
120 121
114 107
25 121
118 75
98 48
92 104
3 7
113 65
135 76
32 2
65 108
68 80
75 11
35 9
97 34
46 33
86 85
9 7
10 35
136 36
62 52
116 134
100 90
113 27
141 19
85 113
71 49
149 27
46 132
103 79
79 8
18 6
29 70
71 123
90 71
149 40
33 146
124 8
17 51
145 90
93 83
96 85
102 90
71 141
141 36
15 85
23 118
31 71
4 44
121 24
9 52
22 75
45 32
100 89
44 87
111 135
144 1
93 104
134 146
30 30
63 128
23 28
89 139
114 28
132 76
38 96
144 37
118 134
64 56
93 22
80 132
143 82
66 108
23 73
50 141
101 7
39 74
107 27
70 88
41 10
25 22
103 101
43 12
20 28
95 89
95 133
107 129
149 5
125 123
20 104
140 29
111 73
70 127
94 124
57 110
5 52
119 18
107 71
31 5
139 132
109 98
76 94
40 128
106 10
27 62
48 108
60 89
61 60
45 95
127 63
87 64
68 145
36 8
109 123
115 119
74 105
104 64
42 27
15 111
143 9
90 55
128 110
107 63
19 130
102 76
86 7
112 132
87 97
103 58
50 93
3 59
21 13
105 36
139 19
136 113
69 37
119 95
105 18
28 93
15 24
9 68
108 106
26 88
9 70
82 128
115 79
22 96
59 74
64 121
77 140
88 113
39 139
91 42
38 56
85 82
48 70
47 40
116 86
124 139
112 144
132 101
52 28
75 78
121 57
104 102
149 68
92 57
75 43
63 128
31 62
34 41
56 125
58 88
121 110
125 88
33 29
138 57
7 67
132 67
120 101
71 11
17 134
3 33
79 61
108 48
32 118
112 94
49 64
47 138
31 25
35 32
51 132
97 37
68 3
94 95
20 90
138 66
47 116
54 140
85 73
93 43
82 115
144 70
94 108
47 82
28 54
143 132
48 108
90 148
121 116
19 65
21 146
4 41
72 126
44 143
144 145
141 63
135 46
88 4
66 53
117 63
13 92
83 52
80 96
142 7
17 12
124 79
140 11
25 50
78 146
8 76
76 55
104 137
56 48
120 121
131 9
11 26
32 120
84 4
105 74
22 65
141 115
132 2
59 141
27 103
114 102
21 17
4 44
144 53
71 73
85 77
130 75
73 26
23 44
96 109
125 111
124 115
23 73
83 26
124 96
54 72
118 94
26 5
111 36
58 89
97 43
101 139
119 25
89 26
139 11
44 72
10 59
96 48
74 117
58 15
81 29
122 24
50 131
131 135
21 148
104 136
129 55
45 27
60 24
0 31
83 52
79 88
94 5
97 52
144 13
127 143
98 102
147 16
70 32
115 88
148 41
86 123
48 93
5 25
60 116
15 137
95 118
128 92
21 64
120 51
120 111
65 75
116 126
1 48
11 54
121 71
131 42
61 33
113 84
118 119
65 63
124 121
4 5
102 144
91 8
1 122
104 79
75 16
147 129
140 81
130 58
47 9
59 48
131 42
148 131
46 6
64 147
18 96
15 62
42 136
0 90
23 102
59 42
78 25
110 101
113 67
91 36
13 77
140 19
136 22
35 127
32 137
72 109
15 21
146 144
98 99
70 97
45 7
49 62
92 3
113 135
141 96
43 84
142 92
111 136
109 42
50 79
78 20
115 126
74 21
56 52
15 79
122 95
81 83
15 105
35 9
98 114
23 66
143 27
135 14
89 135
1 133
40 101
128 47
117 88
57 92
51 25
136 54
135 122
7 31
20 74
118 5
48 0
63 106
80 4
56 31
54 71
45 143
41 139
59 147
21 133
47 13
26 132
17 64
86 3
146 149
1 59
4 119
89 106
70 46
120 45
48 12
101 25
71 24
25 82
41 87
21 95
33 83
95 102
122 117
35 3
148 23
105 144
79 23
146 22
6 122
0 22
89 135
47 15
139 64
31 49
56 6
11 149
0 138
21 23
45 135
0 141
5 13
68 79
46 88
16 41
45 18
146 4
41 69
63 88
126 68
89 102
86 25
145 76
65 99
66 40
102 146
98 98
130 64
1 30
127 116
132 40
114 106
107 101
102 92
0 76
10 75
21 67
27 112
79 71
119 73
66 129
137 57
83 142
86 17
11 109
103 138
109 11
73 19
46 107
17 10
19 90
132 4
41 146
65 8
41 27
142 5
137 50
148 142
75 98
53 90
22 100
79 147
16 114
36 48
133 57
115 17
58 72
120 43
21 62
27 115
54 35
91 95
134 118
78 20
10 69
3 12
101 132
26 61
92 57
146 73
113 90
29 74
134 21
19 139
91 12
68 34
145 81
70 91
43 34
39 118
2 10
112 140
29 58
84 140
37 56
29 96
134 31
127 4
45 44
122 149
133 146
58 95
133 3
76 79
29 139
61 0
74 21
103 45
8 129
102 115
55 46
52 117
60 121
102 55
8 17
34 88
101 6
73 131
6 9
52 132
95 89
83 125
112 64
85 77
140 80
145 21
149 109
16 116
34 34
139 0
95 54
36 129
39 102
66 100
26 68
135 146
73 82
12 53
53 24
49 87
56 2
83 66
24 122
89 4
136 114
28 125
94 50
100 107
18 16
63 78
89 37
48 45
85 28
135 122
4 105
91 29
120 93
78 49
65 56
97 66
35 70
9 87
97 149
108 84
99 137
124 37
119 96
67 31
58 63
142 94
104 148
69 114
119 87
18 68
131 107
19 141
14 9
34 89
87 34
64 129
143 140
38 113
36 91
99 39
3 97
16 49
99 84
101 69
69 16
126 88
134 146
80 96
85 49
83 125
93 44
141 147
88 94
92 148
114 75
29 3
126 101
26 92
96 19
127 44
109 73
141 68
126 59
140 64
7 101
139 40
90 126
65 28
126 52
84 44
98 39
84 96
20 63
44 64
124 104
48 44
43 111
24 19
57 33
26 16
9 137
47 4
14 97
78 142
134 72
120 66
74 94
79 148
74 140
61 112
55 89
133 2
107 55
139 85
99 119
148 100
1 15
126 64
68 45
26 103
57 54
110 143
118 142
62 94
36 120
139 42
110 26
54 91
64 19
117 1
6 32
27 143
118 5
55 109
89 37
81 116
72 99
95 89
125 101
22 141
126 110
3 41
38 146
93 19
70 1
34 118
107 104
41 79
140 24
56 56
133 65
90 22
117 92
70 78
137 144
91 111
48 62
8 121
40 138
0 3
132 118
15 102
67 16
59 5
60 0
115 144
3 138
66 102
106 127
127 80
6 63
75 9
76 118
101 32
94 28
99 36
88 93
18 32
19 130
44 54
40 6
59 47
8 137
57 40
4 94
1 50
134 85
2 57
136 8
119 36
33 134
43 134
88 59
80 37
136 97
9 70
131 44
37 22
56 26
37 84
94 11
94 126
73 104
29 84
91 68
19 3
78 149
119 117
8 32
25 29
43 41
125 79
131 104
57 138
82 108
100 123
142 1
37 97
130 82
11 90
140 128
56 30
58 108
34 89
4 24
106 19
105 65
35 3
102 127
106 30
92 43
61 86
133 77
122 48
105 44
127 32
137 2
100 12
33 22
13 60
138 66
14 142
110 149
115 123
107 45
136 28
139 47
101 14
38 13
114 87
10 143
139 4
133 106
115 50
20 145
132 33
80 122
119 141
32 147
14 59
130 67
72 50
63 82
116 72
14 66
40 20
116 31
66 63
137 31
134 132
93 108
81 15
132 79
18 103
53 0
87 48
128 26
65 108
110 14
143 74
134 131
39 122
13 140
29 32
57 98
141 9
105 22
102 61
38 142
16 96
71 38
79 26
3 37
47 23
58 8
112 73
81 134
83 39
89 37
113 82
119 134
65 22
97 132
24 3
35 6
56 149
39 121
119 46
67 73
54 131
138 113
82 70
18 69
48 15
112 1
15 115
138 39
121 64
61 76
134 142
54 134
42 63
102 59
72 32
40 144
108 144
89 37
139 100
55 71
129 133
137 18
119 142
59 97
146 90
43 132
123 111
65 40
109 81
33 92
10 89
26 111
75 87
93 53
83 105
126 91
85 94
91 79
34 52
145 144
96 34
46 89
132 83
112 109
103 43
62 3
3 36
69 96
82 75
119 120
35 9
86 136
114 133
130 118
87 51
99 133
15 112
123 8
38 52
98 114
9 49
109 83
94 63
141 71
91 87
128 120
76 140
26 145
29 59
72 19
15 51
78 64
16 17
72 147
53 51
54 89
91 30
42 29
117 3
25 73
145 55
148 17
60 125
52 50
85 6
68 36
54 13
122 124
118 98
115 91
133 83
100 22
127 15
84 108
112 114
128 143
76 17
45 84
26 16
5 75
144 66
60 18
18 138
52 19
45 147
7 45
78 5
42 106
130 119
31 9
104 123
147 30
18 50
105 52
7 139
5 133
102 146
36 88
31 53
106 145
127 63
131 118
57 148
39 58
66 145
53 139
140 134
121 136
63 19
97 62
133 81
100 51
2 32
69 29
37 65
131 66
54 69
2 57
104 50
62 81
107 18
58 43
106 107
120 36
133 127
22 71
36 96
57 146
117 108
59 133
121 13
59 35
149 111
137 85
116 140
78 87
73 71
67 112
36 143
87 145
42 128
8 102
95 31
97 93
115 20
104 148
55 146
91 5
32 41
36 125
144 79
89 148
74 78
108 0
55 110
109 74
0 68
51 91
144 1
20 138
108 84
55 95
136 149
137 22
27 42
96 5
110 16
106 90
30 63
27 112
66 115
35 37
144 43
101 10
20 114
119 85
39 78
48 61
42 33
128 129
128 99
24 16
86 52
147 94
48 145
14 35
123 42
127 146
98 11
125 139
56 127
31 96
122 67
136 60
4 103
133 12
104 122
22 1
33 136
6 38
34 40
56 135
50 114
45 100
36 121
87 32
18 77
127 74
59 87
102 105
87 61
92 85
86 104
59 137
92 6
65 79
4 17
142 23
12 129
81 45
143 80
16 37
100 142
30 16
106 111
76 49
120 102
20 89
11 35
33 6
126 111
102 53
70 34
134 86
49 105
0 86
69 56
112 38
14 141
117 108
58 138
137 134
109 55
70 53
129 41
51 110
39 104
96 38
63 137
68 98
148 51
12 13
37 92
77 82
79 16
89 133
127 11
85 105
125 114
140 109
68 88
102 144
56 139
65 112
147 143
14 98
28 91
84 33
78 61
90 58
66 127
97 118
96 119
2 144
102 108
43 140
72 65
32 37
60 67
62 121
95 100
28 56
38 93
142 99
134 31
44 55
106 142
105 69
101 16
48 80
129 143
16 124
24 78
142 22
0 143
130 75
132 127
57 77
33 8
107 68
13 64
3 2
124 137
15 0
119 34
54 109
137 2
96 109
142 67
19 57
131 42
136 34
93 131
135 45
102 81
115 126
73 31
78 49
133 131
142 43
47 51
31 143
142 121
121 107
130 49
69 97
29 106
111 106
139 6
63 50
33 20
37 60
11 117
66 122
143 65
0 22
36 23
70 146
42 106
33 128
17 110
53 40
9 133
122 145
52 120
110 25
15 17
143 21
89 49
128 79
43 114
123 40
30 104
78 75
59 71
146 45
81 57
114 26
132 39
122 91
149 39
15 139
56 99
113 112
104 137
70 107
53 55
82 93
142 131
120 62
118 145
67 87
144 102
76 114
57 123
8 35
99 53
11 144
146 72
101 99
95 20
55 132
64 50
93 74
117 103
26 13
14 47
136 127
46 134
144 51
137 24
35 35
108 109
128 10
69 113
132 45
12 87
4 147
98 142
86 125
108 122
113 81
118 68
17 6
3 91
75 74
108 81
9 125
28 102
8 145
128 54
69 80
74 3
143 113
9 86
80 148
61 148
89 19
1 66
81 121
66 49
148 63
89 52
86 38
129 134
72 20
10 132
64 38
105 126
14 144
5 10
107 52
86 7
145 87
84 27
68 139
32 113
51 87
54 75
143 70
78 128
40 8
0 142
89 110
39 50
110 54
0 140
70 133
77 9
122 68
5 2
72 79
117 149
81 34
65 110
29 120
98 76
79 20
69 91
8 50
73 133
104 39
63 138
20 31
9 139
145 40
140 6
142 41
14 103
74 82
149 88
111 77
37 117
0 55
101 90
109 36
122 87
126 40
103 134
115 48
110 33
85 92
12 65
66 68
35 31
14 140
104 113
29 129
143 34
96 41
33 87
63 70
83 102
107 2
70 10
137 149
7 123
65 34
40 16
24 113
15 56
55 94
86 119
68 140
79 123
142 74
32 23
94 130
115 73
29 139
35 97
68 122
46 137
112 79
10 40
130 33
93 100
61 13
141 97
38 24
13 92
84 127
61 142
25 55
131 46
88 45
22 101
84 44
69 44
32 8
23 6
24 2
149 139
38 52
95 21
40 39
116 148
118 87
113 65
41 31
127 4
14 9
104 64
58 64
124 100
34 72
68 10
57 108
75 49
61 19
59 71
92 86
21 60
7 41
16 74
64 90
79 92
98 120
0 1
85 62
149 8
114 17
126 31
108 108
109 15
124 130
1 122
71 145
75 99
120 77
56 90
74 124
5 102
65 72
99 137
11 113
140 100
72 18
44 81
60 61
53 70
107 44
113 148
70 149
112 90
61 149
90 110
60 60
42 118
43 60
55 115
36 85
138 108
124 107
24 33
82 91
27 106
123 92
40 122
17 95
115 24
109 30
118 11
109 97
11 110
118 107
133 106
107 31
80 102
113 49
16 126
88 114
59 88
145 13
137 32
22 12
127 65
15 127
11 136
97 26
143 16
56 140
118 36
101 83
37 11
143 137
5 31
61 6
30 29
146 147
68 1
103 66
147 95
45 75
23 75
87 75
11 23
61 66
50 121
95 0
124 44
96 100
138 75
143 34
67 125
24 33
61 14
79 145
32 36
126 1
90 85
139 114
0 128
13 97
21 101
137 135
12 44
109 35
109 128
149 90
53 74
113 26
40 109
126 117
114 123
27 45
120 69
60 8
45 15
79 125
128 2
50 119
128 136
135 76
50 128
93 51
40 135
113 85
67 45
86 116
15 80
105 23
15 81
95 49
23 0
75 11
103 61
1 66
110 79
140 66
59 86
120 118
110 119
0 68
96 15
70 17
69 89
70 83
78 137
26 115
134 27
105 81
56 133
133 16
16 55
18 47
123 82
30 122
28 106
147 11
63 51
32 107
120 42
95 112
25 116
35 69
2 85
98 65
112 61
73 31
136 24
77 138
47 15
112 85
136 87
131 65
11 121
115 121
25 103
108 74
122 6
98 86
56 69
28 40
70 0
61 142
119 58
84 112
138 22
81 145
91 8
35 114
25 13
59 79
29 68
70 25
98 6
18 66
39 9
111 81
149 147
19 146
134 19
141 104
137 5
46 92
80 69
71 111
129 37
75 104
136 5
70 112
26 109
32 111
12 54
44 107
38 10
23 39
38 23
32 129
110 65
9 27
57 24
73 112
44 13
128 60
4 130
83 84
125 3
17 69
71 4
10 32
0 29
113 36
30 89
62 85
88 34
121 23
14 40
5 88
62 133
97 59
64 99
36 137
54 145
51 121
42 55
26 121
102 85
92 82
67 145
73 58
82 39
126 13
144 50
14 77
115 34
59 130
98 140
132 79
29 29
74 74
114 39
84 110
72 83
100 6
34 18
109 129
125 63
105 31
89 115
32 100
87 74
17 18
99 31
73 77
24 71
90 136
15 72
130 8
110 124
29 73
27 58
37 49
32 87
41 90
54 18
29 82
7 42
114 141
80 41
108 146
112 95
62 112
103 93
42 45
90 112
105 98
143 32
46 58
147 1
50 111
78 74
111 14
132 140
116 86
50 148
112 96
13 143
148 135
142 3
26 10
67 86
12 54
23 108
45 129
96 138
64 104
88 108
110 144
126 77
66 123
119 44
143 76
131 111
101 86
57 35
110 32
73 10
100 57
61 137
31 144
132 102
111 2
139 149
135 90
62 56
130 51
139 98
45 4
62 142
134 127
41 7
130 37
86 98
62 50
22 24
32 118
68 120
67 17
120 26
88 7
44 31
141 132
51 23
13 0
140 145
149 30
138 69
98 115
142 66
61 49
14 45
64 72
93 115
64 128
44 142
69 24
116 48
60 64
72 45
79 100
42 22
74 92
10 88
68 124
98 133
111 110
123 137
89 60
34 42
111 87
49 30
37 17
29 134
87 2
0 5
14 123
139 42
94 26
43 125
44 36
26 60
95 19
31 66
29 9
82 34
58 42
79 39
38 32
108 58
63 146
52 0
135 123
61 8
118 88
82 53
148 113
83 112
72 13
21 89
4 79
113 134
82 86
44 82
8 106
91 39
117 57
82 84
75 70
107 80
14 0
142 64
8 23
89 71
104 73
112 21
49 56
118 30
92 20
44 91
48 10
103 98
119 112
2 68
14 21
75 89
50 16
136 120
68 103
115 82
96 36
79 9
17 82
56 110
71 39
97 103
21 147
92 132
73 17
7 115
118 74
69 146
13 11
42 127
10 16
17 104
117 26
137 89
77 89
112 112
80 83
126 103
10 118
21 32
125 60
65 101
90 79
126 41
69 16
142 143
68 141
64 101
147 86
3 104
93 34
47 97
24 8
31 118
134 149
36 20
19 140
132 101
29 20
90 135
71 40
16 135
89 14
2 15
63 127
39 38
100 86
107 9
95 58
46 3
6 20
132 118
97 147
114 18
58 28
84 80
89 142
28 149
136 82
36 25
7 3
0 144
51 67
88 63
6 98
145 124
21 13
91 144
124 139
10 13
91 75
108 41
119 144
93 22
41 128
25 71
5 117
82 33
41 2
139 22
16 55
83 126
24 50
11 37
3 12
143 25
94 55
77 25
54 95
40 98
68 70
56 30
148 107
52 89
106 127
7 50
121 147
52 135
95 149
19 140
45 55
58 103
120 108
86 56
102 22
83 100
58 76
75 51
107 91
136 24
130 30
112 31
66 139
61 66
27 55
85 43
36 111
137 134
104 42
117 6
95 54
36 30
36 149
139 39
142 146
16 57
83 0
131 143
73 141
15 76
92 13
107 101
74 4
30 58
52 24
136 17
3 46
115 30
129 11
14 49
93 138
80 72
12 84
83 87
93 82
22 51
147 68
36 134
34 138
44 107
12 143
60 131
62 75
149 125
53 89
21 18
70 139
77 43
46 127
99 138
75 52
41 56
62 85
148 126
132 148
123 54
22 1
71 127
1 96
14 48
36 121
69 54
121 75
58 99
112 64
141 70
75 4
4 138
43 36
40 108
113 1
63 35
39 92
32 46
96 36
42 112
81 121
31 99
2 122
126 101
136 100
131 84
89 133
56 124
123 84
37 59
116 84
105 21
29 141
128 92
70 94
24 29
99 3
61 22
85 26
31 52
102 38
93 112
19 102
40 16
142 127
3 125
71 93
62 14
51 86
53 64
129 64
51 67
29 49
108 142
19 133
97 54
126 29
26 30
7 113
89 47
93 45
100 51
137 8
90 64
4 115
21 22
59 12
60 4
147 60
136 114
72 120
129 101
17 51
3 31
77 28
5 149
31 9
77 46
87 19
3 127
12 0
94 95
23 61
129 144
119 59
1 141
17 115
2 128
60 130
97 50
94 62
120 73
31 141
40 149
78 92
32 55
71 103
33 113
61 147
129 22
19 92
93 140
142 99
24 102
52 14
122 148
28 129
116 23
58 31
103 78
8 83
104 116
48 24
17 132
115 137
4 22
9 132
80 40
56 110
32 123
101 113
135 37
11 142
110 141
138 29
120 90
42 99
1 19
56 11
76 56
126 133
35 85
23 131
48 88
143 9
56 12
14 35
25 87
114 17
69 141
89 141
36 109
148 42
75 119
147 5
148 89
133 147
54 37
64 123
49 91
123 59
134 64
108 149
65 134
40 59
135 124
7 135
11 81
26 18
93 3
50 63
52 78
61 106
43 58
11 96
129 125
74 149
5 92
11 149
115 97
17 18
5 38
110 28
37 86
6 20
54 109
1 33
58 22
60 62
50 45
47 4
82 73
43 107
16 34
118 11
88 101
144 133
141 3
42 116
0 108
74 64
19 111
19 73
100 26
2 126
103 123
28 14
5 11
146 20
126 106
121 78
39 10
121 125
98 25
123 29
93 60
125 102
78 98
146 130
124 52
137 130
118 96
144 100
14 145
47 68
139 5
59 45
68 138
83 97
124 3
6 82
81 58
75 34
146 126
13 132
79 21
83 26
70 117
45 46
131 112
9 32
124 80
98 91
98 71
149 65
48 1
61 7
144 47
21 43
146 1
100 51
93 101
134 37
45 22
92 56
148 23
101 73
37 73
16 35
6 83
35 86
82 25
140 122
71 127
133 114
80 127
122 89
72 27
111 149
72 145
65 21
126 8
48 9
46 149
82 7
31 126
63 82
19 104
142 99
2 99
33 1
17 54
85 43
8 48
95 120
34 59
30 41
132 116
55 1
143 83
73 84
8 56
29 54
16 86
41 136
128 20
2 46
72 73
92 87
31 44
8 130
81 12
26 0
114 69
115 104
56 5
147 35
132 7
21 7
146 77
109 24
86 8
135 88
149 137
121 31
93 93
112 58
80 109
4 96
145 102
65 134
37 107
64 123
146 128
107 17
5 126
53 54
13 117
128 92
93 14
6 70
103 45
39 1
136 69
94 53
75 58
49 66
106 4
79 55
84 95
106 77
91 68
23 149
106 7
116 49
43 136
30 33
117 34
38 60
135 137
76 88
17 114
23 52
80 122
100 129
128 89
123 41
43 142
66 96
124 85
53 7
53 26
36 51
79 21
99 18
89 104
102 102
147 97
147 12
88 122
32 129
88 68
8 28
89 132
92 126
126 106
68 78
29 66
38 101
36 140
30 106
15 18
34 93
2 34
118 70
111 88
138 128
8 13
139 14
148 75
121 29
41 2
121 95
129 1
75 100
99 68
97 142
2 26
120 17
107 90
73 68
128 97
131 32
58 123
12 67
25 16
81 26
9 131
114 88
59 34
96 128
143 27
8 125
118 32
127 115
132 57
113 30
40 17
48 41
95 20
102 79
16 24
141 94
73 31
11 90
137 83
58 17
110 138
58 15
73 38
133 44
38 90
8 112
95 76
124 3
106 47
10 49
96 75
112 19
56 13
42 125
14 26
78 25
61 118
66 97
131 136
148 142
134 33
113 53
107 79
31 10
136 124
19 53
43 65
92 112
64 90
39 73
52 97
111 96
54 17
137 78
99 140
80 70
35 60
62 15
4 27
108 37
102 64
17 39
102 104
4 88
15 105
70 146
146 72
70 149
33 133
16 98
145 51
79 21
37 19
19 84
17 10
128 115
20 96
135 9
37 70
34 66
46 80
55 76
140 149
89 111
143 135
37 148
147 122
4 28
128 28
112 131
29 23
119 113
80 18
100 124
108 111
59 116
112 72
86 76
144 37
13 102
33 29
69 25
88 79
96 69
71 79
101 60
131 146
51 105
119 109
108 99
0 32
46 85
94 86
128 49
119 26
42 41
108 81
88 69
103 143
143 103
7 74
13 68
49 52
57 61
102 101
126 99
77 145
35 128
23 123
99 104
139 137
144 96
131 107
12 141
37 48
90 71
78 110
52 62
75 140
140 20
95 57
78 125
8 48
90 143
7 45
15 103
20 57
127 6
125 57
148 92
70 79
85 79
49 145
68 15
34 34
133 35
112 39
134 107
59 124
59 51
30 47
52 48
64 96
118 83
49 20
29 130
40 136
118 138
50 136
81 16
109 26
11 28
84 95
55 41
88 85
2 145
68 62
95 96
68 46
142 132
108 9
61 73
26 77
118 89
107 141
11 98
141 145
32 17
83 120
45 96
100 74
84 1
138 97
99 51
26 139
52 11
133 91
34 149
61 46
88 10
134 47
83 60
99 107
49 15
73 35
140 1
14 9
7 145
107 147
33 103
36 0
126 10
54 15
13 62
56 113
19 51
58 144
67 116
108 142
82 7
41 93
120 132
100 45
10 125
20 73
2 80
137 141
138 90
55 44
113 55
5 122
15 79
117 124
133 4
83 43
147 78
72 35
21 149
48 80
146 19
10 10
53 92
121 98
45 96
111 116
47 117
58 47
96 133
134 107
123 8
97 119
135 2
104 52
104 148
24 110
29 48
90 117
111 3
58 71
47 56
58 67
128 79
40 54
18 78
124 111
2 92
54 22
34 33
63 146
66 100
81 27
106 29
122 75
101 121
116 13
47 145
44 112
89 17
136 106
128 49
54 130
123 142
51 71
103 65
55 28
32 63
84 102
30 60
35 61
44 66
140 10
18 111
66 51
5 48
9 40
12 114
20 105
8 106
10 17
36 94
149 101
11 31
96 42
115 71
26 84
11 49
149 63
80 122
3 139
90 21
67 68
72 18
78 28
144 30
50 133
23 148
37 8
85 26
32 112
130 124
108 18
66 108
3 110
35 110
75 133
73 124
108 74
36 17
47 51
12 0
81 3
56 86
37 111
18 68
75 0
103 121
3 130
119 87
24 90
132 128
87 45
43 91
83 92
133 15
104 71
53 61
127 149
105 20
144 139
75 35
120 23
105 134
110 23
49 55
30 27
116 128
8 107
144 49
67 92
33 66
141 4
144 38
24 125
95 38
48 17
117 42
125 136
149 23
86 42
64 3
11 84
90 147
66 100
39 32
63 52
51 68
75 105
48 77
82 121
28 56
31 4
83 19
77 98
93 125
11 126
83 55
28 134
71 51
43 56
110 83
71 147
10 53
11 80
4 31
45 4
39 33
16 131
102 104
29 47
46 117
8 33
45 9
75 127
44 145
105 25
6 121
36 76
21 127
69 46
122 62
69 126
25 121
1 25
127 87
121 34
73 141
115 136
42 106
71 39
31 146
135 104
45 91
29 69
43 42
48 138
29 36
53 0
98 34
123 108
110 107
30 25
32 63
0 46
66 86
39 39
118 118
53 68
43 0
137 55
42 34
95 58
41 141
139 94
123 10
90 64
143 103
128 34
144 146
74 146
56 126
88 26
106 138
109 4
118 43
136 135
87 148
146 5
148 133
109 47
31 95
126 56
113 25
20 23
121 59
126 18
97 36
100 25
107 43
61 61
111 9
107 144
7 117
8 147
89 96
1 129
94 26
7 128
54 96
142 142
140 61
47 121
41 149
139 123
103 3
78 117
105 100
50 117
145 122
117 24
76 146
87 76
58 39
76 86
138 8
29 115
104 3
35 40
136 35
75 130
7 112
95 66
42 46
32 38
59 135
129 12
32 7
99 34
67 31
137 39
81 148
100 131
31 131
61 10
57 141
118 12
130 138
129 27
2 138
118 86
0 76
32 128
13 134
70 80
63 78
86 29
22 108
59 37
38 61
66 49
16 131
109 93
76 88
135 119
120 41
26 84
133 39
64 7
82 107
10 128
40 92
107 113
46 144
84 86
124 129
95 143
73 99
46 19
52 102
102 143
54 106
7 39
1 67
74 0
145 140
93 136
37 39
39 20
99 149
134 122
56 140
136 60
5 35
70 136
108 94
8 40
72 93
39 54
5 60
114 84
0 76
62 46
56 70
56 131
136 103
104 121
32 62
25 149
10 121
121 38
6 113
113 73
105 95
146 5
54 91
135 133
48 143
83 3
48 0
21 96
132 72
109 23
122 49
115 75
27 117
118 12
102 54
131 35
28 16
109 21
47 105
130 122
4 141
70 42
72 112
37 104
92 0
114 8
34 136
74 124
128 114
9 126
144 35
143 16
60 82
93 125
141 106
28 86
5 145
64 101
18 74
44 62
51 40
18 54
124 55
53 47
90 17
103 64
143 104
25 46
143 103
117 120
23 100
39 101
107 38
39 102
73 39
45 69
21 2
134 37
112 3
29 52
68 128
17 10
31 29
85 58
2 112
52 2
95 87
33 15
108 61
117 4
128 133
99 138
39 0
109 39
116 54
12 115
44 79
3 140
91 74
21 27
94 33
124 145
102 137
76 109
132 39
101 24
141 120
98 64
21 87
75 28
83 115
93 112
72 62
66 135
105 16
149 132
63 76
66 65
15 30
0 38
126 125
13 106
8 31
42 142
76 27
34 110
64 139
81 40
46 15
97 17
132 110
114 78
131 2
44 58
97 132
12 0
20 149
25 2
30 77
84 56
112 48
102 50
68 132
13 14
54 80
0 57
109 144
130 127
77 20
139 96
113 87
137 73
49 8
28 38
101 24
92 38
132 71
70 80
84 20
38 143
39 95
134 75
121 17
19 9
57 59
148 67
22 28
132 144
27 125
13 48
134 44
10 94
4 92
103 28
144 17
32 10
94 58
28 113
18 71
53 85
68 34
36 61
92 102
16 41
72 25
10 7
0 25
68 97
127 77
63 0
65 58
141 28
7 147
77 59
28 123
57 138
7 145
119 52
107 33
103 7
68 70
62 148
21 121
65 126
88 139
102 32
129 86
110 109
148 82
136 94
115 27
126 45
87 58
5 69
27 149
60 37
22 77
37 32
127 103
98 60
135 49
44 7
92 135
142 18
128 7
85 9
30 130
47 51
22 128
73 29
26 147
12 136
147 84
87 136
80 125
69 33
61 14
11 121
80 110
94 119
23 141
104 11
137 115
29 54
36 89
78 143
115 103
110 149
136 80
144 104
49 82
144 31
90 43
35 110
75 53
104 112
23 102
138 135
57 113
108 10
99 87
86 139
147 73
100 55
47 36
51 7
49 26
74 36
69 131
17 37
13 94
84 149
90 129
125 149
12 112
6 78
84 91
36 47
54 121
120 99
134 144
149 58
49 58
38 31
141 138
122 76
145 123
20 1
28 80
75 120
120 54
112 58
136 40
4 77
6 93
19 40
10 128
110 115
20 73
2 55
56 73
73 103
103 81
102 51
78 79
8 145
99 138
22 122
88 27
56 19
14 81
127 38
74 80
123 46
35 87
82 110
16 107
35 136
64 79
148 35
24 44
13 98
9 147
0 149
11 51
130 15
61 2
99 72
85 56
54 142
68 20
102 52
11 33
66 80
3 121
19 147
73 128
29 83
11 14
124 113
145 70
92 43
82 20
27 142
107 86
120 59
77 23
110 125
121 65
25 55
78 14
34 105
61 111
145 100
109 61
118 30
35 78
78 56
82 36
115 51
2 98
14 30
81 111
59 14
34 48
39 117
112 10
120 82
57 114
40 40
60 80
117 103
92 135
14 90
18 138
130 107
38 123
6 70
71 143
72 88
43 141
82 10
129 138
130 99
36 122
27 141
105 44
2 79
110 47
135 84
13 101
108 18
87 37
142 69
16 95
123 14
74 54
12 19
50 143
33 7
66 8
41 12
130 55
114 50
52 111
117 59
118 44
14 116
128 85
18 60
63 106
128 123
18 118
75 17
60 19
42 44
24 35
48 145
16 62
9 69
41 93
114 122
90 56
51 106
91 75
110 60
19 70
49 95
94 34
90 48
3 120
75 17
90 51
20 85
91 140
126 56
108 42
19 132
21 48
67 74
149 67
37 111
59 79
52 36
122 56
32 121
61 112
12 9
123 33
6 66
108 36
36 10
126 117
36 115
104 96
27 57
16 31
13 138
42 58
90 56
83 93
48 108
7 76
27 17
38 27
134 78
139 116
75 55
89 17
86 98
13 90
23 37
126 95
66 16
88 100
133 0
43 64
11 112
129 136
30 134
32 45
61 26
37 120
33 112
133 22
77 47
64 108
112 2
140 17
81 140
42 141
136 36
20 50
87 108
21 13
67 65
94 58
139 18
133 131
89 86
42 97
52 122
2 128
142 124
18 120
136 86
14 136
76 32
2 97
122 67
69 33
95 81
59 128
55 72
18 129
16 68
90 57
43 24
104 92
26 96
36 136
14 4
148 147
123 50
145 132
109 147
17 125
46 50
96 71
142 130
46 82
96 42
34 44
74 74
65 48
52 103
96 112
116 65
89 61
138 92
15 30
102 11
44 18
116 51
131 48
40 148
108 96
19 117
137 34
85 78
138 146
148 5
76 54
30 31
95 121
129 61
94 18
62 18
104 120
53 92
141 67
4 98
136 110
104 148
27 21
61 14
4 90
69 101
137 140
80 75
33 1
81 3
134 86
110 70
110 91
29 80
123 130
115 15
147 4
92 77
139 148
39 29
74 128
124 63
69 6
144 127
16 122
149 22
58 129
26 34
147 13
62 110
44 24
3 110
18 45
35 105
94 140
17 16
33 81
45 54
141 85
95 97
63 90
61 38
39 119
91 74
107 19
70 86
126 5
149 70
149 126
19 53
18 48
117 120
139 36
81 126
7 37
14 42
91 35
56 75
88 96
1 32
43 110
107 53
16 13
51 115
53 94
124 44
76 91
101 107
117 102
126 17
3 138
98 71
90 72
100 108
113 55
125 66
120 21
107 144
129 128
70 91
38 2
88 116
71 134
135 81
130 6
6 146
20 126
141 126
105 27
99 130
140 66
15 5
144 63
7 64
4 148
147 143
148 65
55 3
113 16
133 136
35 81
50 133
127 125
120 143
135 120
18 139
125 91
18 67
43 68
22 63
58 21
6 80
149 116
146 100
78 135
45 117
98 57
130 71
49 120
7 23
75 132
72 18
60 36
144 138
34 18
143 45
94 124
105 140
53 9
123 13
17 144
55 147
143 7
101 132
91 142
12 99
72 145
3 58
33 105
70 42
52 46
77 48
109 74
57 2
68 122
22 48
58 17
36 107
72 26
15 46
83 70
147 26
8 30
125 93
67 135
25 17
75 1
23 124
108 77
81 42
103 146
68 16
114 105
129 114
113 16
97 115
51 72
69 129
50 43
85 2
51 13
7 26
101 114
78 47
31 102
64 3
106 142
134 28
125 1
115 10
102 81
57 111
63 67
70 132
83 137
38 120
147 148
76 117
62 112
148 118
57 112
22 0
112 112
142 20
83 106
62 143
59 34
134 81
47 10
73 38
22 73
6 3
93 21
125 123
28 1
31 9
113 101
90 129
105 58
96 10
110 22
83 24
57 82
91 140
34 80
84 13
34 140
78 131
11 78
124 108
78 77
81 16
91 36
73 83
133 71
44 22
126 113
46 98
114 91
50 140
51 42
122 89
110 145
1 149
68 31
101 9
63 98
51 98
131 79
147 144
37 75
37 67
52 76
149 125
50 48
35 117
101 53
58 87
49 144
127 22
140 142
137 65
1 79
114 79
80 31
62 50
52 92
43 51
28 48
11 65
59 147
128 37
84 60
115 8
110 13
134 130
140 114
146 86
137 86
10 31
30 72
145 149
44 22
28 83
27 85
101 79
3 56
110 41
39 102
68 39
99 9
33 73
98 96
107 102
15 53
53 146
51 137
131 104
31 148
74 19
100 105
135 137
130 24
140 52
9 149
40 105
32 125
86 53
69 85
23 124
84 101
3 141
40 120
72 15
57 74
41 93
112 5
98 109
142 9
46 15
111 132
143 130
50 17
135 124
20 142
109 68
44 119
146 49
62 79
62 117
115 57
59 61
143 121
45 77
91 114
86 123
0 111
43 25
28 35
144 31
128 144
87 23
98 55
120 113
4 102
7 75
87 13
77 136
74 2
78 44
144 83
17 50
138 26
129 141
12 85
70 24
121 68
134 47
104 100
127 33
7 66
18 95
8 24
149 24
33 57
49 119
116 95
36 89
62 18
39 0
128 18
35 87
5 18
107 29
122 124
138 131
49 121
66 54
32 71
0 148
95 144
45 59
116 87
41 21
64 117
106 77
41 142
3 41
18 47
80 38
144 22
98 60
47 117
133 10
97 44
15 130
139 62
5 130
142 129
96 109
122 72
71 65
42 21
86 91
117 28
141 29
53 111
74 1
43 74
28 119
113 16
65 62
144 61
139 58
125 98
8 97
57 81
33 128
71 75
20 68
136 36
15 61
117 142
110 79
23 23
144 143
92 28
34 52
38 10
54 100
66 147
30 114
127 132
146 57
77 28
1 114
4 110
68 74
40 126
56 102
3 83
20 14
52 6
74 138
149 143
81 7
140 16
149 50
129 42
6 87
26 71
112 29
29 82
36 93
39 128
131 136
67 71
24 133
10 148
0 129
100 109
10 92
35 77
99 101
13 21
36 123
33 110
10 110
141 41
91 31
138 30
115 40
45 56
47 37
127 38
32 95
120 49
134 88
59 59
32 127
6 15
78 132
62 52
64 19
111 84
21 43
93 115
34 139
70 25
66 78
56 47
114 143
43 0
23 93
101 96
113 129
145 104
98 60
16 93
101 105
99 141
88 101
38 16
78 132
86 142
83 72
56 7
107 62
58 108
120 61
26 97
105 118
145 84
89 129
110 4
137 149
63 113
38 129
24 125
103 48
148 80
52 47
71 87
117 49
134 63
142 97
36 37
122 90
27 19
55 87
101 48
127 116
59 38
5 85
52 100
101 84
89 6
129 106
27 15
129 125
54 87
101 110
82 70
127 134
89 9
100 38
37 101
147 31
87 105
121 43
140 23
109 26
13 86
146 45
125 65
31 101
146 66
109 113
46 70
82 45
109 27
4 22
95 31
47 135
122 89
4 116
136 57
126 90
39 24
61 13
16 16
10 130
61 130
19 138
118 16
113 54
28 147
34 113
104 44
43 15
111 109
30 50
89 69
69 99
125 71
18 4
133 1
129 98
63 78
26 62
8 19
109 144
98 42
143 116
37 102
123 106
78 35
137 54
13 146
83 46
1 55
36 105
63 26
26 25
3 100
63 139
5 132
44 77
116 32
68 93
14 9
147 130
23 65
142 121
119 67
138 104
76 22
64 125
148 27
18 84
85 135
143 95
48 89
129 79
8 25
15 99
34 44
85 89
13 5
121 148
113 96
98 100
45 30
145 0
140 100
138 26
149 77
79 23
83 67
132 96
122 62
24 0
3 84
62 114
73 149
108 7
21 88
39 26
6 24
130 57
107 141
57 38
135 116
39 86
84 14
89 130
20 130
42 31
28 95
28 74
130 107
108 146
37 54
32 15
32 81
105 40
26 61
86 42
7 139
147 53
141 119
62 32
85 128
11 139
100 19
122 23
36 96
94 34
141 110
137 16
57 11
148 69
52 114
81 106
15 21
50 48
89 48
112 34
64 142
114 84
13 89
53 95
131 110
108 60
90 97
90 133
102 65
63 100
110 93
118 49
124 131
100 88
62 84
101 97
55 95
149 88
136 72
125 139
145 143
91 14
149 10
14 124
142 45
40 123
69 54
77 109
33 130
56 16
30 149
64 65
48 49
87 146
57 134
22 90
90 143
91 89
125 120
108 24
10 93
149 59
50 100
12 14
71 93
132 127
106 125
39 73
125 20
99 68
16 107
38 5
124 126
19 46
83 26
134 133
92 81
64 139
101 24
123 89
59 117
129 139
113 123
70 139
9 140
85 4
123 138
126 3
103 25
49 72
136 21
7 66
118 35
80 131
43 9
80 138
7 12
23 110
124 47
11 6
5 66
2 40
39 30
7 117
17 131
47 105
89 40
4 46
59 147
78 123
3 59
20 127
9 78
7 100
126 93
71 42
67 60
64 70
85 5
99 87
106 103
124 33
43 77
75 10
6 148
145 121
31 86
108 101
50 53
85 89
2 29
108 90
114 113
102 24
105 25
141 147
35 104
52 82
77 120
132 82
108 26
120 94
72 72
101 147
9 44
91 107
59 129
11 11
4 50
142 6
126 100
108 128
4 147
12 12
18 92
91 58
84 141
148 130
109 104
16 136
65 87
8 68
11 59
78 116
117 63
120 1
18 137
44 6
43 119
77 26
88 105
146 14
95 91
55 63
110 53
7 98
53 130
47 33
57 12
105 116
10 72
57 53
26 24
1 126
33 51
145 44
30 23
113 78
30 148
56 23
128 33
106 114
1 75
60 15
4 33
94 12
102 134
137 127
18 59
57 15
43 36
22 144
81 94
43 30
130 87
128 117
91 26
3 110
94 144
136 28
82 100
139 98
94 88
65 86
51 132
45 64
94 47
117 122
50 50
27 90
0 110
27 124
126 24
110 106
42 107
144 101
104 22
135 25
146 119
38 102
39 35
44 42
141 98
87 18
31 95
35 120
123 99
47 146
10 38
28 121
145 8
14 71
56 18
71 91
102 34
70 78
14 105
143 104
97 58
40 11
82 135
6 34
140 114
31 137
75 140
45 2
138 55
140 146
106 84
8 122
88 82
55 107
133 66
33 131
92 32
89 135
23 120
88 135
43 47
126 24
60 125
0 101
147 77
141 125
65 20
37 144
35 108
123 46
27 8
47 4
81 65
143 14
0 39
65 105
17 75
10 16
52 23
19 94
149 34
92 57
17 51
17 9
22 74
78 15
132 25
6 78
120 15
36 11
106 62
56 96
16 88
126 20
46 79
116 140
120 5
0 74
73 130
116 134
61 116
56 1
65 48
33 114
13 89
5 135
114 91
48 134
70 22
98 134
30 42
52 101
49 57
12 42
12 63
39 109
131 70
144 129
15 66
92 106
22 117
36 37
121 129
24 82
26 32
62 81
76 35
146 68
1 98
101 33
8 46
38 32
82 90
100 30
98 148
149 15
5 89
105 32
0 32
40 85
111 43
113 102
84 73
41 5
91 81
137 92
75 23
91 25
51 34
102 93
109 58
107 95
19 78
102 143
101 21
66 4
54 79
32 146
142 51
51 109
125 16
34 18
91 46
97 70
86 103
49 129
119 139
81 66
137 22
92 140
85 13
118 79
10 29
41 124
148 70
88 17
96 39
16 54
36 22
52 121
70 119
65 130
54 5
26 129
143 114
117 105
124 77
39 71
5 96
134 17
57 6
127 61
15 70
140 38
144 61
106 28
149 132
125 129
136 63
127 115
131 76
80 39
134 4
10 63
40 32
20 41
121 38
17 7
59 64
19 62
30 138
108 12
149 76
122 90
51 78
95 68
5 54
148 101
97 72
96 63
18 32
30 102
5 25
141 125
105 68
29 38
67 114
66 130
141 36
3 44
22 35
101 83
124 4
46 43
27 103
38 48
91 23
120 142
92 148
110 123
88 147
0 51
97 103
111 52
63 76
34 55
30 31
61 84
138 15
90 91
4 45
4 96
42 144
115 103
128 37
23 96
80 148
69 141
12 32
101 87
68 19
74 96
45 46
62 4
147 43
110 19
53 139
53 6
36 112
92 94
10 12
110 0
84 48
55 46
39 133
29 10
78 119
11 125
146 10
38 49
26 3
142 10
35 144
51 127
35 127
43 113
64 28
100 27
23 80
61 43
5 55
124 2
70 133
55 71
109 49
87 94
44 46
103 128
148 47
128 24
23 10
117 62
31 18
126 77
69 101
89 144
94 94
125 42
106 106
145 43
32 61
9 128
119 107
23 112
44 65
86 87
39 102
19 56
88 33
102 72
72 62
38 139
57 127
15 81
121 6
32 9
126 147
25 78
74 52
140 35
18 66
108 62
90 26
55 139
146 38
111 98
38 51
109 111
76 65
38 94
121 70
141 5
123 146
22 100
0 138
62 121
113 71
37 100
11 10
85 102
88 3
53 68
22 24
22 131
79 111
124 143
51 68
105 99
66 135
96 24
115 113
87 95
31 98
29 2
20 3
100 106
97 148
61 69
22 103
126 62
50 68
71 26
13 133
119 107
15 105
22 136
117 93
95 91
120 85
32 81
120 70
64 111
142 138
97 60
8 56
8 124
102 39
35 96
42 92
40 77
145 78
36 89
136 78
94 39
78 140
91 73
98 59
133 113
121 67
115 59
146 92
94 63
87 119
14 82
21 105
126 128
104 73
136 24
26 135
114 14
31 40
97 141
148 77
141 48
44 45
1 86
61 70
88 100
84 82
69 67
29 121
149 72
34 56
109 86
47 59
44 115
18 138
95 75
108 5
57 56
121 77
70 76
146 13
36 61
77 120
131 121
96 39
76 0
48 138
89 55
135 129
89 50
61 105
118 60
80 144
81 96
3 41
68 54
3 56
96 78
132 138
21 6
86 69
42 45
28 99
107 112
23 66
24 137
13 92
58 131
138 4
67 32
46 97
134 114
38 37
124 69
82 37
52 70
147 44
81 101
55 142
119 137
46 117
73 87
135 132
43 142
146 114
20 148
63 22
117 93
136 0
71 111
87 7
108 143
134 104
101 32
32 56
143 120
123 0
13 11
2 6
132 24
75 81
53 100
148 57
128 55
118 132
82 98
30 137
106 48
132 128
1 81
20 36
10 19
61 34
69 66
4 75
7 13
15 145
70 121
108 62
99 8
32 68
149 127
90 146
56 108
75 83
22 55
62 25
71 68
9 125
91 4
112 131
23 71
75 35
33 37
140 109
4 53
93 74
1 49
144 78
82 81
7 2
123 10
72 19
49 88
52 135
146 123
101 64
35 86
111 25
28 143
122 112
117 95
94 11
78 134
144 115
1 45
61 129
40 127
70 29
113 66
106 123
63 76
76 34
99 104
149 52
134 137
115 39
110 34
98 128
47 10
51 135
121 108
28 13
38 0
126 67
4 3
70 87
38 130
117 57
54 140
27 88
19 64
68 64
121 130
55 147
25 26
46 30
52 134
52 126
2 35
19 108
73 31
144 24
32 138
66 7
132 8
145 24
35 59
112 13
6 112
91 90
59 36
64 1
52 51
64 78
6 7
86 146
1 12
129 56
124 6
102 86
113 72
23 3
80 44
133 93
116 146
81 94
110 10
85 75
136 20
133 60
124 111
53 33
12 111
28 134
118 48
107 39
103 136
122 37
132 99
8 135
136 4
70 75
47 60
78 50
48 138
118 59
57 16
63 101
60 19
65 63
93 36
29 126
130 73
125 68
50 91
84 69
30 105
40 83
82 129
89 62
123 102
68 117
83 123
85 89
81 89
130 110
89 39
99 11
53 37
128 85
76 16
18 135
50 141
78 26
126 128
149 138
75 122
94 144
1 118
12 79
141 17
121 82
124 112
5 95
131 71
17 50
142 51
62 1
71 46
78 40
101 64
105 33
125 37
85 10
69 64
78 85
114 85
41 75
42 14
83 148
78 58
35 72
109 40
5 91
120 84
114 135
32 66
103 96
40 5
98 69
107 44
97 139
42 16
25 55
77 29
52 37
30 79
142 105
63 56
17 73
56 40
40 68
54 99
67 34
4 6
32 15
126 39
98 144
124 123
95 92
24 84
7 101
53 74
127 144
147 56
117 114
81 95
90 134
134 120
72 113
115 86
68 26
76 76
36 66
53 132
14 129
18 37
105 82
88 140
96 129
6 124
87 75
132 7
53 103
128 78
20 32
17 63
10 68
23 19
90 149
149 91
94 138
13 109
117 49
72 89
25 2
26 63
68 57
133 108
121 131
93 63
13 141
12 138
16 102
41 87
134 79
110 70
133 34
41 67
109 21
141 56
108 23
129 112
122 97
122 122
14 78
3 99
40 97
10 148
28 39
2 130
92 76
18 4
33 56
111 43
48 12
54 107
119 27
90 31
108 141
108 41
136 120
19 38
87 79
126 31
32 111
14 13
94 36
93 54
146 10
14 30
98 125
24 61
89 79
6 37
35 124
132 9
149 61
105 135
96 86
29 37
103 19
116 134
123 129
137 136
105 8
56 118
28 134
102 142
87 7
149 73
134 143
61 137
46 4
125 127
148 82
140 142
96 61
27 116
149 30
135 5
62 88
76 8
64 142
55 34
83 91
138 93
21 115
127 43
147 129
134 111
30 141
138 52
123 136
67 14
69 96
11 146
124 28
135 62
88 98
38 93
30 87
76 1
23 16
36 140
49 70
85 111
7 10
74 23
84 62
118 142
133 99
62 32
116 16
52 84
99 115
124 2
136 34
72 33
65 32
97 110
52 30
34 89
56 25
0 141
85 20
3 35
55 1
71 87
26 7
121 25
83 77
86 88
37 40
97 48
106 87
50 29
59 2
90 57
131 49
147 130
122 23
72 108
15 2
80 116
83 66
130 111
13 117
101 80
87 16
21 64
48 104
1 75
121 94
102 96
149 145
66 12
0 148
30 48
103 97
112 106
135 1
48 86
111 6
127 130
25 26
89 85
112 62
96 85
79 119
118 16
122 32
85 118
96 92
66 104
80 69
55 123
90 37
99 80
124 70
146 29
123 62
13 128
63 15
58 7
35 140
85 102
22 125
124 102
130 44
27 90
88 62
137 140
13 138
17 60
146 53
30 42
42 48
68 84
126 58
59 34
107 115
40 105
17 36
122 82
76 42
83 21
117 54
32 15
102 59
2 59
126 96
134 145
59 28
72 88
100 102
100 16
44 7
39 140
48 64
58 18
5 94
134 27
76 20
48 28
104 123
105 53
9 34
122 118
5 81
82 143
112 101
37 78
72 103
113 51
45 78
42 65
42 56
132 107
42 35
20 100
98 87
116 101
64 0
109 121
125 41
39 108
66 5
130 49
112 67
78 136
99 142
71 67
124 122
7 7
92 70
65 65
59 38
55 97
115 40
2 52
142 133
52 46
100 56
117 116
1 33
126 111
94 109
65 33
102 140
62 55
142 15
87 4
26 132
44 8
142 132
107 108
68 133
61 14
120 126
43 6
143 147
44 49
111 71
142 106
59 102
81 43
90 47
59 65
142 95
125 6
86 101
140 137
52 113
65 112
111 86
1 17
37 34
67 133
29 52
79 3
43 121
95 135
133 122
78 149
78 55
78 1
134 80
137 1
85 19
69 42
115 32
124 27
116 89
1 137
3 66
149 104
52 89
147 70
149 104
105 7
49 60
27 13
83 122
44 57
2 27
11 41
3 133
148 0
50 136
25 81
93 122
117 4
149 38
31 7
62 136
99 99
8 117
121 67
9 93
145 74
110 29
135 145
31 38
135 121
42 28
132 77
86 141
32 137
38 21
148 58
0 112
81 45
84 3
64 113
113 95
48 31
74 94
114 55
27 45
3 22
100 108
14 79
83 31
100 93
52 64
28 70
74 23
104 145
36 134
80 132
70 12
17 8
26 17
103 113
27 65
44 44
112 106
138 91
44 53
60 38
59 109
104 52
108 11
93 139
106 106
102 94
46 136
122 132
36 94
48 116
97 47
146 80
63 58
36 52
13 61
19 62
62 84
23 53
95 70
143 4
45 84
25 88
73 55
18 60
89 117
107 138
142 12
85 144
29 146
88 51
118 66
100 132
145 113
87 48
94 54
125 111
115 90
97 60
15 133
44 103
109 54
51 120
72 110
148 16
120 66
105 6
86 31
89 58
5 124
70 97
8 118
71 116
1 146
33 9
23 2
74 138
119 31
13 102
148 123
51 79
145 131
5 1
23 147
136 105
22 68
57 90
35 5
15 11
69 98
25 149
103 124
10 33
64 128
99 145
22 71
132 20
125 74
139 77
86 90
41 45
17 11
145 39
47 68
39 13
44 90
98 41
81 136
136 138
34 57
18 62
51 149
32 141
47 85
58 96
63 143
111 109
108 10
78 81
113 99
31 45
103 104
140 72
121 45
41 103
92 14
72 122
101 41
10 103
43 5
86 57
107 140
10 6
91 62
92 5
38 57
62 33
148 60
145 136
37 79
46 18
129 57
15 129
148 57
67 82
145 64
142 111
20 42
118 41
59 142
137 83
47 39
82 118
68 37
108 83
73 37
15 65
138 7
27 121
36 29
23 10
61 53
25 74
63 34
7 43
133 64
149 54
31 115
107 53
15 120
61 147
143 148
85 96
129 66
89 91
106 58
82 49
35 100
14 18
134 107
60 41
57 22
4 33
46 66
26 93
97 121
48 54
24 102
140 31
144 144
39 37
127 107
4 36
126 7
102 37
104 142
32 61
60 85
11 113
68 128
22 108
7 1
119 106
50 141
20 39
47 134
15 72
23 75
44 2
101 66
98 8
102 13
99 38
52 129
0 127
127 57
100 10
139 9
107 27
42 142
122 52
126 111
109 62
104 113
32 59
97 33
84 104
23 125
139 62
71 92
48 101
46 132
22 88
90 148
131 126
84 53
73 46
42 25
40 97
27 51
141 106
119 134
50 116
71 61
19 112
24 57
109 109
106 116
63 5
5 78
129 116
128 92
71 110
18 50
80 102
62 131
143 77
132 142
36 13
79 2
132 27
76 52
132 37
45 54
119 111
101 128
147 87
39 113
21 131
23 57
53 94
67 72
8 4
67 98
19 7
41 106
77 132
16 114
139 28
50 117
8 62
3 3
146 101
88 147
40 85
25 86
54 65
121 114
51 40
89 72
123 124
141 122
9 6
60 14
4 33
44 14
15 87
81 104
32 72
59 124
83 128
103 137
42 3
39 147
41 46
134 98
94 44
18 126
7 21
7 115
88 53
46 30
50 73
45 40
109 148
2 24
116 94
106 9
113 18
4 4
147 118
45 99
100 133
65 91
15 117
12 104
28 144
134 56
52 134
67 68
29 21
67 127
54 40
89 33
33 1
74 54
135 104
89 4
133 98
77 116
14 81
74 27
100 131
148 2
84 113
92 124
87 124
37 144
43 17
65 49
103 22
16 38
135 14
147 22
118 105
76 71
10 145
92 30
110 145
99 87
18 129
63 23
128 69
96 133
60 76
59 61
85 91
135 10
12 50
79 23
135 103
18 132
148 10
49 31
40 122
1 7
95 94
9 0
55 93
4 142
33 11
108 49
90 20
87 48
75 27
125 33
7 52
16 64
58 78
110 78
97 0
4 118
26 73
55 29
88 96
53 32
83 109
49 89
101 64
9 13
15 115
57 129
58 59
32 46
64 14
80 17
120 117
68 138
99 84
49 130
62 96
35 92
135 73
149 34
42 33
72 44
90 32
45 72
132 67
127 97
71 52
147 102
110 131
91 57
86 65
36 27
128 39
57 57
62 92
78 95
145 63
96 12
44 8
75 125
72 42
14 35
142 147
132 125
115 33
91 48
15 49
61 141
88 122
126 134
122 44
145 142
60 138
15 76
146 122
147 9
26 77
100 95
40 7
28 21
17 32
127 125
32 93
42 10
105 143
129 32
125 7
46 51
28 31
22 146
105 97
122 91
12 50
26 20
45 69
23 64
121 78
55 79
146 64
144 10
67 60
3 29
115 13
74 48
9 9
74 92
41 94
118 106
4 114
2 18
137 20
58 56
141 54
71 116
69 99
149 134
17 37
21 67
87 50
62 47
46 66
38 106
71 14
91 135
136 126
97 40
55 96
65 99
24 135
7 25
5 32
58 31
40 119
117 94
90 40
18 55
6 126
31 50
119 116
85 135
138 114
141 73
25 107
57 104
16 145
141 63
138 74
27 63
36 46
28 87
64 60
88 29
38 89
21 94
71 43
9 7
138 90
93 34
9 55
29 95
92 119
0 14
63 37
118 113
2 16
105 48
21 24
15 9
32 58
47 109
67 82
142 148
110 7
83 82
23 34
42 119
74 31
33 149
37 67
110 38
69 144
85 111
101 128
16 58
115 47
56 53
50 71
128 82
128 10
58 106
54 97
76 83
20 116
139 130
104 104
1 148
5 142
59 63
128 0
6 71
3 109
52 71
99 118
19 132
93 12
44 143
37 42
55 35
62 11
90 38
35 138
125 72
59 121
72 2
120 39
128 35
98 33
112 17
95 63
145 0
6 56
131 117
84 33
82 26
32 57
116 123
29 68
113 95
5 13
98 5
78 92
70 45
90 146
55 110
5 53
90 52
75 128
131 142
74 98
64 28
85 12
5 69
46 25
146 7
48 20
140 112
131 105
17 0
61 85
18 116
126 35
148 32
28 63
143 25
129 96
38 41
88 117
55 22
7 115
130 103
26 12
133 91
110 92
129 140
22 80
42 58
145 148
147 68
28 27
141 144
136 40
22 24
126 71
77 146
125 55
89 107
89 90
140 7
77 114
34 99
99 113
149 61
27 44
50 72
72 120
106 36
2 146
99 63
71 131
72 81
77 62
36 130
36 51
138 8
25 55
139 137
77 62
86 130
49 128
62 91
49 118
8 148
88 25
136 105
36 105
116 93
63 142
95 64
28 134
131 55
113 3
50 68
129 115
69 149
59 118
140 2
102 45
61 18
68 19
25 107
144 36
94 79
102 58
129 87
57 142
70 146
1 22
39 55
138 29
135 8
17 37
132 145
43 99
15 111
114 128
110 9
81 98
143 0
21 70
121 133
23 126
117 88
94 94
89 2
107 32
92 134
149 146
37 0
137 36
134 105
121 38
142 56
104 65
36 94
137 94
56 46
140 137
65 144
58 75
33 90
148 48
67 117
78 63
4 138
134 121
44 47
62 135
52 124
121 4
30 36
31 90
55 10
148 3
26 51
3 92
126 21
48 113
80 46
74 51
144 136
128 140
28 133
94 94
74 105
6 61
14 85
107 41
25 22
102 37
21 69
43 78
136 100
45 51
115 115
128 44
69 109
73 90
69 78
8 86
87 14
86 54
48 88
3 125
6 77
107 44
115 31
148 5
23 101
86 143
67 74
98 40
89 28
27 11
62 82
18 68
17 56
4 13
108 68
123 16
119 92
90 73
44 149
56 81
120 143
123 75
49 34
146 14
67 121
84 6
68 38
143 89
69 79
94 94
68 103
145 24
91 91
55 148
29 56
144 6
73 42
102 27
148 135
16 124
118 104
145 54
24 111
99 73
95 116
98 59
51 13
26 83
131 46
90 75
85 90
36 105
147 1
134 46
19 19
100 56
56 43
13 11
147 74
56 55
61 66
106 122
136 81
97 30
147 29
105 3
96 4
139 15
39 68
48 28
123 80
4 137
6 110
126 55
144 122
31 22
71 72
54 142
125 138
122 92
4 129
76 34
127 44
99 111
66 69
18 140
125 138
112 84
147 60
39 70
116 67
18 63
113 114
106 10
9 69
86 111
10 80
36 38
137 112
90 23
132 42
146 89
131 86
72 98
85 42
134 106
141 67
57 145
55 112
101 92
93 94
108 134
115 124
93 41
43 18
9 53
97 24
2 30
58 53
124 148
45 136
85 125
77 2
57 67
40 113
110 30
18 100
145 24
64 97
15 35
114 56
41 149
61 9
148 49
129 57
65 19
139 86
134 38
65 6
15 24
51 142
7 128
133 74
7 109
10 144
9 65
132 36
50 87
52 72
4 100
95 43
73 57
39 127
124 33
39 132
120 33
11 51
104 68
50 4
59 1
102 98
147 19
60 98
23 97
87 108
68 129
116 51
112 81
137 104
1 100
107 135
71 133
139 43
82 123
145 7
59 115
38 11
60 77
143 115
62 16
136 16
143 44
116 114
57 22
72 47
87 109
117 75
109 38
3 99
89 86
67 93
20 70
71 26
19 76
58 49
51 55
81 35
43 71
123 23
118 94
58 145
139 77
134 108
60 35
25 105
128 126
149 9
87 120
16 137
59 58
32 103
114 72
76 144
66 16
20 107
114 18
75 89
36 81
71 113
62 33
98 113
31 109
94 142
54 7
138 146
33 79
77 114
118 13
67 131
17 70
43 1
101 13
113 148
16 148
1 45
105 104
57 45
24 146
15 142
48 0
103 126
107 99
106 139
67 71
33 39
136 117
12 53
31 60
23 99
82 31
61 90
15 118
26 48
110 133
101 51
141 18
129 101
133 77
21 106
62 20
141 20
115 125
40 56
142 118
72 58
60 95
43 115
54 32
4 41
142 73
117 52
46 37
8 147
111 81
126 118
109 76
59 76
13 78
17 53
107 39
10 102
113 58
59 24
56 27
112 126
92 6
118 49
97 124
82 79
73 25
76 93
36 120
21 25
128 48
23 12
0 52
41 22
10 114
128 57
6 7
100 111
124 93
0 113
143 128
56 105
21 79
113 109
33 14
55 62
33 85
98 13
5 96
124 123
54 27
39 88
103 49
147 67
67 85
44 111
83 145
112 86
129 52
73 97
83 46
42 62
28 134
39 101
30 133
141 147
90 113
108 43
148 115
50 123
13 98
124 118
88 44
125 42
146 124
24 95
16 69
84 18
143 35
7 111
75 138
48 44
103 26
34 58
37 128
18 101
115 72
123 95
17 93
37 19
119 31
143 32
19 34
120 36
33 55
29 140
78 19
136 128
99 149
58 8
116 77
24 5
121 113
59 40
16 25
104 32
117 101
43 101
139 118
50 120
14 4
18 64
77 110
124 92
6 142
6 46
4 107
1 106
99 98
127 46
3 24
71 32
109 106
76 59
148 34
19 33
147 72
122 124
116 9
48 116
115 116
73 50
56 132
96 86
99 73
141 82
148 123
147 116
62 95
113 135
126 96
130 117
84 76
106 85
82 109
47 101
6 141
67 48
137 130
47 102
54 74
141 65
87 149
144 134
78 130
56 115
131 50
14 128
84 86
95 32
10 128
12 137
64 4
101 52
133 12
126 21
69 10
134 138
84 74
144 103
82 67
42 139
133 91
51 89
138 132
33 40
121 53
148 117
5 140
61 9
98 22
68 149
33 29
140 137
147 109
71 103
147 65
11 26
118 132
77 17
37 64
78 127
139 19
50 58
59 117
80 6
92 128
114 48
16 87
79 121
64 45
94 96
11 145
76 39
46 106
83 57
93 84
0 127
25 110
132 138
19 43
23 0
35 44
101 36
43 47
86 2
75 74
147 105
18 54
97 9
56 43
89 70
117 119
148 21
116 59
125 46
142 117
104 124
71 31
61 106
9 140
127 13
87 35
48 96
40 26
101 30
135 142
42 47
129 128
129 140
66 98
7 54
137 83
131 113
143 8
114 105
34 96
4 81
52 137
79 72
60 64
41 147
126 45
43 140
9 62
134 89
135 2
14 147
37 70
101 40
137 69
70 51
130 31
102 146
86 7
90 2
124 143
59 41
15 98
145 92
57 63
136 107
125 143
56 129
22 129
73 5
9 33
33 128
22 49
146 98
68 103
77 46
42 32
124 7
141 100
15 13
52 21
57 115
124 112
145 15
119 87
124 105
140 35
61 123
121 20
57 122
49 76
42 48
32 96
120 110
142 21
81 147
117 51
33 1
35 12
20 48
129 146
123 5
93 2
25 85
16 73
60 127
17 74
42 20
43 49
66 51
89 141
37 73
36 116
134 57
147 128
93 12
32 136
32 10
37 68
30 86
16 81
31 83
127 43
100 48
56 41
2 134
60 95
89 89
52 101
14 105
115 128
146 149
146 122
22 8
87 112
22 99
75 92
54 61
120 12
37 77
105 65
84 31
110 41
16 99
80 115
32 106
149 71
127 124
59 97
106 49
5 69
33 119
41 73
38 124
11 108
56 36
146 123
127 81
105 87
140 87
68 68
27 109
101 13
58 67
10 68
108 66
64 77
75 45
105 149
50 38
139 149
45 122
100 93
131 103
7 137
10 55
124 102
28 64
56 3
93 96
113 149
25 74
121 57
42 21
12 135
82 141
119 54
38 48
125 23
50 103
56 138
69 49
102 141
71 8
113 43
89 16
29 38
45 15
63 84
47 48
144 132
134 143
58 63
75 123
86 118
24 103
47 93
6 113
73 19
69 49
37 22
49 68
139 149
13 139
104 96
121 105
100 54
86 115
3 121
142 139
17 4
148 89
99 83
130 126
108 4
38 4
3 74
90 131
124 103
1 83
95 115
115 65
27 30
107 96
133 76
87 93
128 85
31 0
14 122
5 39
37 137
121 102
116 8
94 60
144 72
92 109
119 27
38 78
90 51
50 124
104 49
96 60
144 109
123 31
7 98
72 95
64 46
30 74
109 65
35 35
36 14
97 120
13 60
120 68
67 83
6 106
54 125
134 148
146 71
28 124
76 19
67 2
135 44
76 149
106 35
79 61
139 77
87 131
67 31
86 37
112 57
57 82
123 124
132 119
109 126
142 38
24 113
19 59
86 71
101 77
45 10
118 57
136 85
95 79
83 29
125 127
0 98
115 31
131 29
0 123
117 134
3 75
143 70
140 30
123 32
81 114
131 127
8 19
48 53
105 106
48 132
27 25
32 129
61 57
61 9
9 35
139 57
100 91
76 79
40 6
23 1
12 98
47 11
114 32
89 28
55 50
27 75
55 60
132 70
4 114
146 53
140 26
46 139
124 60
89 8
118 62
51 100
10 128
105 80
8 86
46 89
37 71
67 74
91 138
84 48
91 98
3 114
18 88
134 29
141 67
33 3
98 6
132 149
133 127
43 27
3 137
133 8
11 140
77 120
31 79
64 20
37 49
32 111
122 61
93 110
102 131
9 72
96 107
116 49
31 121
108 60
0 28
90 121
119 145
65 149
140 85
129 139
131 61
85 39
123 37
5 123
45 32
134 70
70 37
19 8
87 115
9 22
147 138
53 32
62 105
34 48
29 64
21 110
141 50
146 14
15 4
59 19
134 85
35 136
101 16
7 139
122 99
142 126
136 61
26 117
115 135
16 134
10 46
143 78
15 59
111 111
89 66
55 76
55 68
32 34
28 12
76 52
118 28
8 63
52 29
40 62
138 16
22 70
22 24
5 92
82 132
72 45
78 143
97 147
35 103
89 144
25 87
131 21
39 12
69 63
113 99
148 5
103 140
76 56
108 137
66 89
111 14
116 74
9 57
78 16
13 119
88 103
108 41
128 104
113 117
61 141
127 131
36 123
35 96
70 28
107 26
0 45
5 57
44 127
111 129
125 43
98 47
108 129
96 61
91 93
38 108
133 81
145 22
104 110
50 13
46 90
94 131
105 42
43 49
94 31
87 77
59 56
30 131
36 107
75 131
49 43
19 32
148 81
34 39
86 106
146 55
147 63
147 16
79 124
71 65
47 34
101 69
56 106
104 145
119 88
142 16
73 49
120 103
39 86
16 46
49 16
128 106
48 118
20 88
25 51
68 40
73 38
3 126
130 41
18 140
61 44
29 3
124 41
1 25
40 14
10 134
13 68
7 147
70 37
106 16
141 10
54 50
36 36
78 128
79 107
6 13
73 12
0 144
126 51
149 41
138 24
80 4
14 88
28 29
127 111
146 4
65 142
114 42
47 10
62 22
95 123
27 20
102 54
37 59
143 62
6 3
133 45
59 33
32 145
17 9
18 51
113 81
4 108
135 41
84 46
64 41
24 2
54 70
148 66
70 148
59 115
102 73
113 138
112 138
86 142
92 39
92 121
44 91
79 98
118 68
12 66
1 57
98 87
43 111
72 120
125 27
108 101
146 33
46 91
5 87
113 26
24 13
66 125
8 122
100 139
19 60
8 104
56 114
143 39
69 20
132 66
22 31
73 73
71 73
129 79
82 121
133 82
129 137
115 28
66 66
69 24
4 23
71 110
140 56
103 99
136 121
75 120
26 32
34 116
50 90
51 31
79 29
50 126
97 97
119 51
106 119
7 25
90 30
118 141
52 104
114 123
107 98
138 129
24 118
120 2
44 121
101 90
92 40
33 121
111 57
115 116
17 47
136 132
57 9
118 118
77 127
123 120
99 5
36 121
99 44
27 90
10 138
54 62
140 126
108 39
64 75
79 17
83 25
56 13
58 97
129 97
123 34
51 133
96 76
34 47
56 78
112 118
76 137
49 26
50 144
86 91
7 112
63 90
68 34
52 96
56 49
138 132
46 94
57 85
1 57
4 39
90 90
104 77
13 48
114 17
57 14
71 12
54 132
144 82
64 9
11 68
58 112
6 24
60 49
140 115
63 89
90 72
134 36
99 43
142 79
143 59
124 110
36 133
136 125
26 146
62 92
99 103
87 34
61 88
75 64
116 130
111 96
45 68
65 27
21 140
54 149
25 88
52 122
141 33
75 70
47 45
66 110
48 130
32 31
88 17
56 82
130 10
142 1
5 73
18 140
29 142
17 67
122 24
48 87
48 116
7 137
139 129
67 3
84 40
120 2
95 112
128 11
130 21
29 55
110 30
109 40
13 100
1 59
108 0
130 69
16 5
53 88
20 119
47 49
12 127
27 21
20 92
0 146
17 84
99 47
81 111
138 84
122 136
141 148
126 105
11 82
83 94
133 73
57 70
98 68
93 127
14 79
98 43
59 70
106 75
95 111
16 13
66 24
30 104
128 79
132 132
111 1
78 47
57 139
2 104
113 63
137 144
116 23
86 13
38 69
51 85
49 35
83 79
2 125
39 48
82 95
96 58
134 41
132 19
8 52
2 17
26 6
69 140
105 91
40 21
67 67
23 131
120 84
37 105
115 52
145 86
102 88
62 133
27 133
84 40
2 2
63 32
15 63
12 43
41 1
42 142
100 140
145 147
130 7
104 145
138 82
133 131
73 5
98 71
75 31
7 58
116 95
4 72
104 28
43 23
22 61
82 122
121 139
101 12
44 74
9 144
39 100
117 122
119 38
75 0
95 133
70 132
0 110
28 112
84 62
6 70
26 29
49 14
112 66
33 70
141 129
84 57
51 7
15 28
96 132
133 14
92 108
140 70
107 20
51 73
111 82
75 69
135 32
128 27
50 79
36 48
108 138
81 121
64 6
71 60
84 96
117 75
112 6
118 15
118 128
84 61
5 136
35 51
111 37
78 45
112 38
16 15
64 91
118 38
133 76
120 34
110 46
90 63
0 53
117 77
117 75
2 26
91 55
110 0
37 37
31 113
2 107
20 136
91 5
145 56
12 123
67 30
120 39
62 6
37 52
43 33
125 85
43 16
104 65
109 76
86 82
27 132
87 31
107 37
73 142
122 82
23 137
71 132
19 81
101 129
101 89
55 100
133 35
81 134
19 97
40 110
38 147
131 71
87 37
116 109
51 0
3 105
94 78
20 140
7 40
29 48
12 93
36 87
136 36
37 29
2 85
34 125
10 89
120 21
120 67
97 31
121 82
63 131
112 147
16 17
77 28
29 34
7 28
64 23
8 56
101 75
42 123
82 135
69 10
72 29
93 94
141 78
135 80
22 115
127 49
25 145
103 48
18 19
103 6
46 6
9 110
148 46
39 124
25 56
129 136
139 130
63 23
124 76
26 75
104 147
43 106
15 24
72 66
77 84
52 68
29 95
25 22
114 86
91 94
87 51
28 143
37 115
123 92
7 133
77 114
100 56
96 43
36 92
50 84
47 70
93 6
16 102
51 0
21 19
54 33
35 131
34 136
104 147
145 105
67 82
135 124
101 22
124 56
41 10
96 25
122 114
94 26
53 101
12 124
45 134
132 53
139 112
112 134
85 94
2 83
103 7
110 102
37 2
47 72
118 49
45 31
73 13
100 48
79 129
14 30
8 124
94 30
13 23
130 32
39 43
78 128
6 18
114 114
32 22
133 130
109 20
34 145
116 24
121 28
135 78
127 50
45 65
60 103
52 126
56 133
47 22
49 140
89 27
96 92
39 55
59 43
116 90
113 58
50 37
142 128
126 88
30 56
22 51
126 23
39 124
103 132
48 98
19 17
22 66
68 82
56 23
39 70
125 28
125 51
72 146
2 135
76 81
93 88
14 5
14 101
137 33
48 124
74 20
141 123
26 87
90 126
126 102
14 115
69 59
81 37
143 86
73 50
71 110
111 121
117 50
53 20
109 0
116 109
75 20
91 71
5 91
68 7
81 41
40 137
4 2
57 103
104 85
131 20
120 144
124 45
50 53
138 126
79 50
68 68
104 141
64 104
50 25
75 109
144 7
20 21
58 1
42 85
120 21
62 29
101 52
97 48
89 105
57 132
111 128
119 136
99 96
38 54
5 125
65 76
23 60
12 61
83 76
13 86
82 146
120 66
13 33
21 149
19 48
109 37
43 138
51 119
58 105
52 140
131 142
9 138
127 23
7 21
126 134
149 146
72 0
142 8
69 60
91 54
123 40
33 24
14 112
145 83
91 33
134 54
134 19
74 102
35 75
66 31
19 40
30 24
49 79
106 96
63 83
40 112
60 93
53 86
77 59
135 146
87 9
19 38
137 30
95 17
46 64
30 26
69 50
27 69
19 92
69 134
119 116
44 124
12 100
87 18
6 71
87 81
3 91
8 34
93 122
75 21
108 8
121 99
139 2
103 129
34 111
11 49
22 69
16 41
59 129
38 124
73 57
23 28
126 94
61 118
77 32
21 149
115 2
12 33
66 113
50 104
42 55
129 110
56 43
25 73
122 87
55 46
141 111
2 93
3 34
17 91
4 57
54 95
20 112
50 20
69 39
90 78
95 50
64 131
143 79
21 123
131 8
67 117
115 136
5 103
114 55
126 87
97 7
6 86
109 70
102 40
113 143
43 146
122 59
8 25
106 116
106 81
77 68
77 22
80 123
149 82
131 127
90 138
77 32
146 94
35 81
144 35
129 148
119 120
95 71
109 70
90 31
83 109
55 11
22 27
38 9
31 147
32 98
147 38
33 66
73 61
100 79
71 74
66 79
51 61
82 98
94 88
47 125
4 34
145 13
48 126
22 93
137 80
40 66
143 35
93 80
91 75
148 52
57 69
139 97
9 28
49 28
6 15
136 74
52 63
69 130
127 114
57 21
90 89
3 21
13 141
10 77
100 75
144 125
125 0
77 132
112 21
69 1
100 83
65 122
97 14
98 71
86 110
92 133
21 133
110 131
53 38
141 53
133 7
103 2
131 116
132 136
16 34
65 15
93 137
101 37
134 95
50 34
56 85
10 26
50 113
36 56
37 117
69 138
82 7
144 130
44 73
51 99
124 131
34 51
142 43
78 24
56 87
48 105
113 33
31 36
149 142
77 96
33 76
56 9
10 90
29 70
118 63
46 56
6 135
132 101
16 13
129 4
91 79
7 61
21 79
144 9
122 147
24 98
39 106
22 65
66 61
10 68
10 63
26 35
146 6
115 115
30 11
117 71
5 107
10 105
0 40
15 43
135 66
8 31
21 2
43 79
147 16
39 122
137 65
5 123
32 43
38 78
38 122
56 10
46 142
48 4
58 21
51 101
10 107
3 125
27 117
133 118
115 85
29 137
23 18
54 71
133 114
139 136
118 36
100 84
56 48
11 5
143 38
63 98
126 106
62 132
108 10
149 99
132 46
0 34
71 91
79 102
14 14
127 68
90 85
65 100
118 43
14 62
31 46
27 116
17 96
25 39
14 50
60 82
149 27
55 66
20 19
61 42
41 43
16 28
45 10
37 10
22 3
142 98
118 114
27 38
110 104
124 18
80 111
36 33
95 31
127 49
82 75
110 13
19 137
97 26
5 69
84 131
112 106
117 7
50 23
44 0
42 97
90 101
145 61
77 122
126 99
94 70
84 120
45 74
15 54
52 105
25 60
35 36
93 88
108 143
29 100
66 74
20 68
87 103
90 34
96 61
22 67
31 146
81 108
106 66
104 30
16 26
48 94
117 58
146 62
27 48
99 2
21 133
73 77
98 1
5 76
104 70
99 81
56 61
88 65
111 88
17 86
147 1
49 38
46 80
141 144
99 32
34 80
55 129
53 122
47 133
61 70
119 38
32 58
32 6
56 34
34 36
123 116
92 3
122 145
94 65
123 128
144 93
126 94
32 86
45 47
14 104
11 48
36 145
18 4
113 148
49 22
149 41
82 78
58 138
42 7
130 87
108 53
21 96
60 30
116 122
0 98
113 4
25 140
5 22
53 9
142 63
144 13
26 132
142 124
51 80
74 33
35 34
143 53
50 41
82 79
3 24
26 34
40 96
84 0
24 36
80 33
84 8
119 91
6 132
120 134
129 132
96 85
33 59
128 72
32 124
149 95
145 81
7 17
14 42
99 76
69 117
147 113
126 105
121 53
23 105
139 23
124 139
148 123
3 108
133 146
124 85
104 13
137 107
149 15
3 128
29 77
63 142
87 137
93 26
81 89
31 124
3 23
96 42
136 132
86 10
102 46
101 123
102 89
30 139
75 81
113 87
84 111
83 54
33 44
145 25
100 112
116 36
148 111
80 19
93 137
92 109
103 138
112 149
136 26
105 114
149 77
131 10
41 48
50 62
61 118
85 119
7 24
31 127
10 2
52 59
114 122
75 130
96 38
1 79
95 135
42 92
78 69
60 79
133 148
37 46
148 51
142 99
109 123
86 37
136 84
35 4
111 138
51 36
36 82
83 18
0 37
14 81
27 31
52 19
115 129
15 88
68 144
144 62
61 111
89 147
44 76
1 32
119 80
120 82
85 133
102 69
122 117
134 128
62 135
64 130
49 120
133 106
134 141
143 143
8 141
25 17
109 71
37 141
0 109
70 44
41 28
108 76
58 111
3 56
26 76
123 3
120 80
1 34
102 48
22 132
90 24
75 12
25 118
87 129
65 114
122 97
111 85
59 50
71 44
141 53
103 113
64 68
19 87
62 120
47 116
11 54
64 30
71 79
30 102
97 1
33 118
97 78
109 111
130 113
53 72
133 113
120 137
46 126
42 132
35 133
94 139
88 105
7 69
65 74
132 85
43 142
18 41
43 81
5 38
14 144
79 27
137 44
119 14
87 30
142 63
99 16
101 106
29 56
134 137
6 33
71 99
126 142
128 68
125 145
26 5
141 46
137 141
149 5
40 116
19 0
52 135
45 106
98 132
56 4
130 99
125 68
133 73
108 139
90 17
48 31
121 47
34 87
125 141
148 30
57 139
11 120
3 90
82 104
30 20
32 15
59 59
71 135
121 138
133 50
23 17
80 12
123 4
10 0
40 110
75 108
104 55
120 20
145 139
42 122
81 36
96 2
105 109
114 30
124 10
16 6
117 102
23 102
6 14
101 62
127 93
114 43
120 104
139 94
21 119
15 127
23 23
109 27
76 19
99 86
86 136
72 15
95 24
28 32
107 68
117 46
4 135
122 27
30 84
123 43
117 94
70 10
138 18
46 31
61 108
45 15
75 145
43 47
43 32
83 95
113 26
77 143
92 13
40 138
8 60
95 34
36 6
2 44
65 102
149 71
92 139
5 138
23 149
54 144
56 20
129 83
41 140
55 66
56 44
48 64
114 17
59 35
107 14
131 109
15 55
137 39
80 138
13 59
117 115
43 92
81 133
100 116
68 132
70 72
119 68
8 19
99 84
61 17
120 148
51 53
68 1
108 44
148 53
72 95
137 16
16 34
116 71
58 79
70 46
19 12
43 131
120 120
56 131
43 135
73 124
22 82
65 48
84 112
139 75
43 28
140 137
64 131
127 145
107 107
99 2
59 44
91 107
2 110
84 41
4 89
44 138
29 8
78 118
120 79
26 54
63 32
27 79
123 140
39 82
107 139
149 91
8 63
78 69
58 128
117 55
146 121
10 126
56 116
134 148
32 97
110 83
127 54
19 64
96 47
79 7
63 29
54 36
143 102
95 121
86 84
98 96
120 40
48 76
49 43
148 13
83 80
120 76
17 68
125 72
66 65
10 42
97 108
3 4
12 121
47 46
79 11
22 80
136 5
76 88
52 130
49 140
27 37
81 26
128 87
79 124
20 67
34 73
28 59
117 54
14 131
5 7
18 71
6 53
58 44
11 60
55 107
38 112
127 70
35 5
66 55
24 55
29 68
54 87
11 73
116 51
65 82
28 73
27 9
67 105
126 101
100 143
146 144
51 116
23 78
55 4
68 45
4 2
2 132
17 53
43 55
94 47
148 29
141 66
111 122
86 109
4 110
62 114
114 17
147 133
139 8
93 11
70 5
39 9
60 92
95 13
75 56
69 13
3 73
8 113
34 123
123 137
124 130
135 26
81 136
110 114
98 41
12 104
137 92
22 19
148 97
64 89
35 83
92 47
85 1
41 101
93 8
10 106
71 149
69 143
101 45
24 2
134 130
116 146
11 37
40 116
148 72
47 118
126 110
92 7
67 100
111 91
38 13
138 117
92 47
129 148
81 20
83 100
141 19
71 27
59 123
61 149
125 132
58 119
143 125
69 86
5 7
115 109
144 16
87 87
140 65
81 37
112 75
90 148
109 13
68 136
10 3
77 135
113 22
41 28
110 102
143 20
63 10
24 53
27 27
148 11
43 102
18 4
54 3
101 41
102 133
11 34
33 75
122 92
11 23
0 34
42 136
21 149
57 77
9 89
80 31
123 15
118 125
96 53
52 110
91 67
149 35
17 125
125 143
126 125
138 45
100 11
35 75
139 94
31 12
51 76
148 14
17 5
63 115
23 69
84 134
119 117
34 72
120 25
37 26
125 50
83 39
45 30
149 140
16 91
115 48
148 43
138 119
101 90
24 90
54 35
54 26
22 17
42 105
113 91
118 34
137 99
9 16
126 19
2 89
134 61
47 33
10 43
49 121
147 135
20 69
77 105
131 69
4 23
90 23
77 15
14 91
56 134
122 145
83 57
34 18
128 44
51 82
12 16
11 30
68 36
60 24
62 64
18 27
140 6
23 145
33 86
119 7
108 58
69 48
71 136
19 139
145 105
138 5
10 147
138 43
26 15
126 26
65 58
75 77
144 96
125 23
127 46
94 13
140 127
139 20
36 116
125 16
86 146
45 14
119 89
33 146
5 101
70 26
58 129
122 61
120 144
42 147
16 107
19 96
51 10
78 91
139 30
109 87
13 41
10 68
80 64
88 148
7 143
118 6
141 127
112 27
107 113
106 41
71 7
77 64
130 97
1 119
110 36
148 116
7 132
58 83
3 77
143 121
100 11
13 19
115 94
66 85
9 76
90 13
77 96
84 60
22 7
22 145
116 1
42 130
107 97
64 20
5 16
98 100
102 48
96 23
47 71
19 36
34 97
6 106
109 67
87 79
96 148
91 53
97 28
77 20
6 134
49 106
97 69
131 114
50 50
79 64
71 79
50 24
98 56
32 43
28 35
55 52
62 70
68 61
16 80
48 49
85 111
52 148
50 57
29 11
92 122
88 46
16 87
33 30
141 0
121 113
55 80
141 48
106 62
98 146
8 48
38 109
73 71
131 96
146 43
85 132
93 1
45 41
86 100
62 139
80 53
64 146
51 43
65 76
77 55
110 0
18 48
101 87
140 48
19 5
44 49
24 25
17 113
0 102
84 81
148 34
124 121
36 37
51 37
28 41
90 43
45 24
132 20
24 98
146 71
40 134
108 132
133 37
15 58
43 51
36 75
19 94
74 121
35 145
149 51
81 112
149 8
8 127
127 51
0 62
61 45
45 78
47 70
109 105
57 0
139 140
149 82
84 49
140 87
42 41
97 27
43 22
27 44
5 134
95 85
42 112
90 45
66 133
90 33
39 74
109 33
133 45
112 58
94 102
68 12
126 58
141 125
6 52
124 44
116 25
42 147
64 134
144 78
144 143
67 13
90 52
3 135
24 77
53 64
99 4
114 27
39 26
14 19
25 7
80 22
115 102
99 59
2 119
5 114
17 129
49 103
54 67
149 85
94 126
142 18
5 102
44 77
92 93
146 55
86 53
16 70
50 86
13 41
105 82
17 4
9 36
3 21
110 15
54 99
22 21
69 79
86 55
105 84
40 106
49 43
7 102
91 145
94 57
131 120
5 110
50 0
131 64
113 147
75 43
144 101
64 30
27 16
118 127
109 36
15 55
17 149
92 101
88 124
51 98
108 62
16 131
104 70
92 91
99 147
19 83
130 131
99 0
83 46
43 33
137 2
71 13
52 64
109 131
51 142
141 130
48 54
116 133
73 15
123 83
107 13
125 125
82 138
35 68
52 93
45 58
41 36
82 67
53 126
84 37
7 129
78 38
94 149
131 95
56 131
72 20
75 132
110 51
131 32
113 99
113 55
137 99
56 121
107 121
37 27
133 47
81 143
142 30
100 137
148 18
80 66
98 68
22 1
93 145
108 127
92 9
66 48
56 3
131 14
94 38
135 61
43 145
5 134
7 1
132 54
13 142
16 124
143 115
124 84
58 3
15 89
50 64
29 32
109 87
95 38
112 74
133 44
125 73
130 104
93 56
98 95
3 83
6 107
79 33
65 42
102 149
142 143
53 45
11 34
134 76
135 62
139 38
68 14
142 87
134 48
3 139
126 22
117 97
113 102
55 89
125 60
99 35
149 120
104 56
5 91
24 77
32 83
2 24
10 143
33 82
52 64
26 125
27 66
128 69
10 113
36 107
15 111
53 136
130 72
95 100
114 41
93 57
64 110
105 48
87 35
81 47
17 126
71 14
148 26
68 98
68 88
122 132
50 11
80 53
100 103
28 106
117 26
98 44
124 113
113 26
31 44
23 31
63 14
146 57
111 18
86 102
118 109
118 22
29 91
13 32
125 24
36 105
21 34
97 52
37 19
135 79
62 128
19 87
136 92
57 64
130 13
144 128
18 99
3 26
30 116
52 61
72 128
57 69
115 86
112 127
36 17
70 22
14 34
43 133
33 14
71 96
121 142
38 112
42 93
83 139
61 39
44 92
135 139
46 75
121 65
137 108
12 121
122 114
2 113
76 140
147 113
10 89
46 78
24 135
44 90
115 145
99 32
4 86
109 83
33 113
129 41
138 30
80 55
105 71
117 8
98 141
67 38
98 50
11 5
41 93
80 106
30 122
75 60
36 91
26 56
8 97
64 141
26 37
127 123
62 73
58 42
142 24
36 145
131 115
107 0
149 11
52 59
122 18
113 122
39 90
1 113
136 120
84 91
101 41
38 137
126 123
20 37
102 101
0 68
123 16
128 85
105 70
16 12
88 59
67 46
147 83
134 67
14 9
18 46
98 25
38 107
92 40
58 50
123 128
98 64
85 120
109 0
109 85
22 56
137 112
132 67
149 107
106 80
114 75
144 85
52 146
6 113
88 137
139 10
126 45
115 73
90 99
22 110
101 4
131 27
87 53
41 128
1 97
51 134
54 84
23 110
125 36
48 61
44 39
66 134
51 42
17 14
91 20
80 60
2 141
37 39
51 55
43 54
132 136
67 39
52 83
92 66
1 124
56 65
129 129
3 41
75 136
88 117
126 37
82 45
6 44
10 115
136 16
41 17
31 118
43 13
95 75
53 43
132 143
128 68
57 76
66 13
53 128
34 56
140 77
141 52
142 13
97 23
139 17
113 133
87 81
33 52
71 67
22 78
93 135
126 53
47 83
17 86
57 74
34 68
43 99
64 82
66 106
60 126
67 137
111 101
40 113
28 102
126 76
120 93
4 110
79 64
95 123
99 134
62 136
8 76
133 124
84 79
134 94
22 140
10 41
121 140
42 23
139 75
25 110
67 139
51 86
108 22
60 58
44 4
40 43
20 89
35 113
19 47
91 27
41 124
49 3
43 4
139 15
19 18
76 23
143 97
139 0
44 5
91 125
32 133
28 134
122 137
50 112
89 19
58 85
145 85
143 136
69 143
61 109
107 60
38 33
63 17
50 102
97 147
54 65
135 11
70 54
31 68
39 43
102 40
109 19
62 97
33 44
131 101
102 28
101 45
135 138
95 131
22 122
146 149
42 33
43 109
27 52
68 81
117 93
39 139
13 124
3 56
149 7
38 47
75 9
123 120
29 115
112 89
88 110
18 63
5 114
50 40
144 66
81 89
97 103
105 9
88 32
58 17
137 109
129 135
5 115
42 77
106 82
15 115
107 23
133 93
66 64
147 138
93 75
24 90
49 63
99 100
49 144
4 49
87 84
118 37
139 20
95 11
98 9
90 25
27 49
80 87
60 2
96 127
107 67
143 134
67 149
8 127
71 130
101 64
17 122
89 54
132 25
28 131
66 60
133 59
63 145
14 82
130 122
48 111
109 107
63 78
120 39
133 67
14 3
85 41
50 140
75 97
149 27
96 142
74 103
51 67
19 119
16 102
120 143
29 24
56 51
101 6
64 142
136 138
36 14
125 38
134 27
32 97
60 132
48 47
9 38
74 10
136 143
70 52
129 148
40 36
54 3
97 61
148 113
84 65
53 59
106 139
85 38
96 77
12 69
141 1
126 127
16 21
114 76
148 116
13 13
136 85
50 83
58 21
47 9
19 126
98 59
24 131
141 8
52 36
14 110
68 10
6 127
90 33
39 106
57 125
72 22
57 79
67 99
19 82
63 28
82 85
121 121
89 129
115 41
47 102
91 64
40 104
2 74
103 114
79 83
100 101
55 147
99 87
89 132
53 2
65 36
82 130
119 93
108 33
79 81
143 134
34 143
7 17
11 118
25 80
100 126
0 93
104 113
8 75
63 116
41 135
85 122
28 75
50 66
27 72
71 102
1 58
89 83
50 146
103 62
86 30
8 94
138 81
5 117
47 42
81 144
30 64
89 142
102 105
105 128
134 144
31 82
89 29
41 145
111 122
94 49
119 69
45 72
129 108
83 62
85 57
72 62
72 30
101 51
14 51
102 3
58 1
18 110
86 149
69 68
50 91
39 102
40 77
139 9
87 112
0 3
28 85
146 23
84 52
15 140
116 89
23 57
105 42
4 141
89 40
126 44
116 58
104 122
111 36
84 53
6 142
102 68
18 98
100 4
114 70
109 118
143 68
106 5
148 132
25 64
144 118
110 57
70 28
75 143
149 14
113 62
18 140
88 123
113 48
100 62
55 54
120 86
118 18
90 98
138 89
40 12
27 88
109 72
68 24
8 57
25 134
36 72
133 52
9 120
26 83
111 144
49 36
138 11
14 142
114 128
136 79
63 38
55 147
45 52
3 81
29 105
52 94
46 128
6 13
133 29
76 33
54 8
104 123
32 8
120 130
42 102
148 63
37 148
53 107
87 79
34 129
49 127
77 142
79 118
125 87
102 9
83 13
90 44
49 38
41 15
85 58
75 86
132 54
47 106
104 4
90 43
68 79
134 0
142 68
81 14
3 30
79 124
53 13
116 95
8 118
62 84
27 25
22 8
59 101
95 106
17 57
121 103
28 53
91 148
36 144
57 43
82 138
54 134
135 86
101 145
12 76
51 71
66 129
86 47
6 74
46 16
79 132
34 56
61 146
8 46
143 61
126 16
44 73
54 127
37 111
47 2
45 103
22 124
60 120
4 112
20 41
51 129
95 24
123 2
124 102
20 42
1 26
117 41
128 9
114 95
85 14
5 42
65 141
139 76
85 98
39 21
56 46
116 47
27 122
63 55
111 145
91 136
45 15
13 132
102 66
48 1
3 79
117 139
102 40
126 94
71 6
88 88
131 0
118 122
84 137
147 122
51 38
58 86
99 20
41 60
63 0
141 118
96 71
107 138
120 93
35 26
63 43
105 50
121 57
40 17
8 50
66 134
14 101
46 35
71 71
75 94
11 136
45 99
100 20
18 85
69 31
42 48
130 142
130 25
30 25
144 18
103 2
9 53
128 123
98 148
33 39
140 132
6 4
132 26
134 128
6 74
140 32
30 82
112 52
21 137
98 127
52 25
99 96
38 122
142 132
99 27
149 109
38 108
14 134
14 138
106 106
19 54
148 84
19 35
33 90
78 143
69 53
109 25
127 46
47 26
137 112
40 73
79 1
88 88
124 20
142 30
36 30
62 127
90 127
126 105
17 136
0 34
53 97
42 125
114 109
15 19
98 108
70 68
81 86
7 49
105 47
82 19
123 4
51 78
103 26
12 120
63 117
144 53
108 132
100 87
34 79
3 78
93 127
113 49
92 37
30 69
113 40
82 69
97 109
79 24
106 134
16 51
134 50
75 98
45 55
67 114
127 53
76 125
14 126
119 25
24 142
92 118
75 89
40 76
130 46
10 16
123 11
8 11
135 45
148 132
113 57
0 0
23 120
26 76
146 84
97 28
81 0
114 64
146 108
44 0
2 112
92 90
101 91
25 38
113 124
10 148
27 52
3 81
133 142
14 145
8 85
35 145
11 140
36 13
41 12
51 120
85 15
66 130
11 93
130 135
97 88
145 106
26 148
34 80
59 30
112 134
26 126
72 40
23 103
64 111
15 108
6 53
124 128
93 71
31 128
62 14
58 118
32 86
126 117
6 49
75 115
105 123
109 83
106 7
35 109
46 27
16 81
46 21
136 0
118 109
110 101
20 19
76 44
93 79
122 52
64 100
18 15
96 145
112 99
90 4
68 20
94 142
45 1
6 1
135 147
12 3
69 142
15 93
130 8
19 122
54 114
28 30
136 114
121 10
110 6
112 128
6 51
109 37
139 66
18 130
14 29
78 42
12 99
94 125
25 137
20 108
102 30
51 16
4 144
140 47
13 99
27 106
132 56
19 103
113 3
69 105
115 28
125 114
78 80
129 129
117 121
6 76
110 17
89 75
100 28
15 65
131 32
47 52
76 118
23 51
137 29
42 99
96 38
63 102
105 102
85 147
110 87
9 53
87 126
22 70
101 92
2 94
52 65
38 102
69 37
120 51
102 111
26 24
30 136
147 91
1 15
14 94
3 31
33 76
125 96
67 57
70 51
127 27
21 67
110 38
140 36
86 97
135 84
112 38
136 61
70 117
53 124
68 39
98 23
58 87
9 24
28 111
131 69
149 18
24 99
71 102
36 51
67 118
30 70
141 132
22 137
46 105
113 50
64 146
63 20
134 101
3 29
2 18
30 8
21 137
61 55
119 65
81 36
96 79
131 78
21 134
42 98
148 140
33 27
148 148
142 42
145 70
107 45
44 121
97 85
100 134
94 135
70 47
103 135
5 144
51 48
48 8
53 33
0 23
105 16
28 61
8 148
0 0
61 119
104 31
49 111
17 66
77 76
101 122
52 55
63 138
131 73
116 41
100 134
143 90
79 128
77 96
135 4
5 9
58 148
123 16
136 113
114 138
7 100
102 53
54 59
68 35
56 133
149 144
20 42
139 92
30 126
12 41
10 67
32 117
87 88
16 30
23 33
37 54
82 131
49 94
127 86
104 86
135 75
70 127
5 124
93 89
3 144
18 116
127 16
82 12
30 18
109 143
127 90
16 15
147 9
41 8
33 71
21 7
41 39
130 147
141 81
108 99
109 36
125 59
78 129
148 118
21 129
93 77
13 12
145 84
108 88
85 133
81 66
84 55
32 38
146 58
141 37
82 111
120 148
6 89
7 48
64 108
141 132
48 72
104 64
112 85
70 19
145 126
10 127
144 94
57 7
63 24
124 27
81 121
45 9
21 123
54 115
126 93
85 78
52 105
1 125
61 17
101 133
97 18
28 110
84 100
35 111
122 143
45 65
65 69
24 122
80 58
52 107
128 68
108 46
43 134
31 81
118 55
118 26
2 124
27 138
141 75
23 24
124 68
98 45
37 34
149 100
82 0
106 49
123 139
68 86
73 143
60 111
131 55
134 49
54 109
40 46
144 108
22 143
117 5
42 79
61 69
60 41
17 112
51 47
149 86
76 142
7 37
55 73
19 91
44 9
82 27
37 83
52 11
105 53
94 95
83 48
35 149
44 68
134 16
4 45
38 49
118 88
130 71
65 12
79 100
22 1
118 56
132 75
77 123
0 19
29 20
50 74
0 104
103 120
71 2
10 125
4 89
103 6
135 118
40 92
91 134
31 4
35 0
123 109
20 106
146 92
91 14
41 120
140 56
102 81
110 91
31 32
92 12
127 91
110 72
101 92
14 65
106 71
95 143
101 77
149 33
53 71
22 59
108 67
144 58
0 15
122 21
46 97
34 60
60 107
2 41
146 84
127 128
35 117
81 64
50 93
106 117
110 85
103 30
91 102
102 48
86 83
86 28
53 82
17 124
23 12
42 48
14 38
38 100
26 88
142 61
4 38
105 46
14 110
31 41
53 136
28 77
56 107
107 132
107 27
60 40
113 119
47 138
128 135
107 137
24 7
15 9
139 116
59 36
62 101
9 106
53 46
73 108
93 82
104 63
102 74
129 118
80 101
57 38
8 6
50 96
136 72
55 28
65 39
96 2
21 119
110 53
126 46
113 7
82 115
24 117
29 129
92 119
102 140
68 54
140 96
25 31
31 74
128 147
137 38
90 62
66 14
5 11
36 85
20 5
118 96
55 101
133 31
55 138
93 94
31 104
16 32
62 127
106 129
51 95
149 145
35 146
81 106
33 98
50 69
89 44
96 127
37 40
131 94
2 86
5 140
37 37
104 27
144 127
61 31
122 60
36 48
145 137
98 125
98 48
36 74
66 8
132 34
46 129
82 127
20 128
45 28
149 102
64 93
119 7
121 116
137 95
70 107
33 34
106 42
69 71
57 76
122 137
5 57
95 9
34 12
104 26
86 101
121 89
125 139
70 125
119 34
130 39
10 108
40 122
144 141
17 11
55 11
76 77
0 99
46 88
44 50
79 76
89 77
63 77
66 6
23 91
7 74
144 74
125 8
140 52
63 12
52 62
105 103
13 10
106 102
133 90
102 23
71 84
36 24
87 78
48 94
89 20
140 75
8 142
102 113
86 108
31 102
98 29
132 106
149 31
48 87
146 93
19 60
42 41
58 79
15 118
86 143
113 72
116 141
37 30
105 85
120 63
21 5
28 61
132 51
133 25
101 98
59 44
138 67
48 140
24 50
9 51
6 36
42 75
2 147
32 148
40 133
121 94
112 37
124 40
116 15
22 114
6 23
137 81
13 65
39 109
69 79
98 49
52 94
106 33
13 77
148 105
41 45
76 25
25 33
81 97
67 3
115 143
115 36
58 79
104 149
101 116
28 68
16 59
17 98
68 92
116 16
135 103
142 49
36 66
74 33
133 63
135 31
14 126
73 112
63 47
2 139
65 76
140 73
63 35
132 27
89 53
113 66
109 24
114 2
3 90
37 90
122 3
139 134
68 69
136 77
74 70
39 72
129 10
100 81
34 17
100 96
99 26
131 135
48 118
27 81
19 138
73 39
110 124
143 26
12 127
145 147
43 75
83 13
7 104
94 56
57 144
38 42
110 46
113 122
147 103
114 36
120 128
0 71
78 88
89 53
88 48
11 10
119 61
20 3
134 132
20 102
103 135
97 8
20 120
29 18
113 102
18 35
105 105
21 58
136 68
43 120
23 88
99 34
79 13
63 1
23 46
61 41
129 43
82 84
52 129
25 50
136 114
36 17
73 15
34 112
2 50
123 146
79 89
75 107
72 82
35 24
71 112
16 110
109 8
67 69
31 42
95 80
98 120
122 70
79 43
59 8
110 3
125 23
59 118
144 124
76 46
123 7
38 42
71 97
14 66
103 125
45 20
84 54
140 60
72 36
81 93
35 135
133 141
106 123
130 114
99 73
137 121
50 126
137 94
127 36
81 15
1 147
79 146
113 120
135 87
119 52
128 25
46 57
27 44
39 118
53 61
81 55
82 53
82 15
70 138
132 93
147 113
136 116
25 87
100 64
91 68
50 48
82 21
9 2
136 146
110 148
110 15
118 137
52 41
15 78
91 120
60 20
18 77
100 16
148 110
12 36
41 129
41 10
126 12
129 84
103 148
79 1
142 81
25 10
28 6
36 128
64 9
90 23
128 139
73 34
96 79
54 31
11 106
148 138
58 56
20 96
144 50
101 4
82 11
31 105
70 86
136 72
42 31
95 101
119 135
105 28
134 127
75 46
48 41
115 57
64 40
89 87
57 44
111 15
143 130
59 101
115 100
92 58
144 119
1 32
46 75
3 118
93 7
87 124
92 142
127 114
123 77
52 55
128 118
10 148
122 113
96 126
113 76
101 36
57 127
89 101
44 23
39 20
33 98
126 87
82 71
141 140
134 53
75 70
14 77
64 52
102 104
97 44
74 27
51 77
22 129
32 114
145 74
27 107
90 69
7 148
108 20
106 149
66 132
23 48
133 108
85 54
103 52
127 79
97 68
81 114
140 54
80 17
81 130
96 99
24 85
84 63
84 55
74 74
38 112
93 15
138 31
34 30
133 46
49 23
51 105
102 73
45 94
21 66
141 16
2 100
139 82
43 15
146 148
78 34
5 97
124 112
147 29
142 16
68 78
134 139
88 3
135 51
144 51
56 69
1 118
24 2
51 18
109 66
107 122
48 39
73 118
91 34
141 110
148 3
110 62
15 58
145 77
126 147
94 75
92 34
114 40
52 85
93 75
94 135
64 81
74 60
107 79
125 120
43 101
28 66
28 118
116 49
111 50
37 54
28 108
7 110
89 28
42 135
124 75
137 93
28 139
135 79
101 7
133 8
66 20
85 37
79 64
11 7
3 43
2 67
141 13
71 105
27 97
17 10
15 114
54 58
56 107
93 86
127 52
66 20
81 126
94 32
66 69
61 44
44 42
45 128
108 35
112 48
106 116
17 23
136 2
70 111
78 53
7 127
60 6
61 105
32 126
116 38
0 147
5 54
14 70
97 64
30 120
33 10
140 53
135 146
136 65
68 84
50 98
72 24
21 96
61 101
21 10
73 125
44 48
95 132
56 134
97 92
9 137
95 3
31 142
43 129
36 75
66 114
140 127
135 101
60 98
135 132
93 74
121 76
126 120
51 114
2 126
27 124
141 140
112 42
55 98
49 100
79 99
50 1
2 108
2 127
55 37
128 116
92 42
94 145
4 77
12 19
79 124
147 82
25 95
118 89
118 25
116 134
15 101
18 58
72 21
149 9
82 44
134 36
97 69
32 72
56 11
20 41
101 5
139 51
49 68
146 143
53 80
106 7
104 127
29 139
99 60
129 64
24 8
81 142
105 1
87 92
135 70
123 1
110 66
142 24
121 102
31 51
34 134
47 45
67 11
116 9
3 2
113 109
97 136
86 82
82 78
4 143
134 46
20 103
139 74
29 65
117 7
2 19
59 136
8 124
149 132
38 42
127 25
76 35
146 102
5 51
125 108
10 53
70 22
96 76
75 4
76 141
33 50
104 122
22 65
126 89
42 105
15 136
7 83
63 4
117 116
111 94
124 98
65 3
112 40
142 145
50 57
45 132
111 100
30 64
57 136
104 141
128 10
105 108
109 48
46 123
53 93
9 145
45 0
21 10
11 45
112 65
59 89
26 140
40 41
113 11
59 19
127 96
37 25
13 40
27 10
84 62
48 45
91 108
141 10
28 2
83 138
62 131
55 20
15 121
61 79
106 104
32 146
113 104
44 13
70 20
13 54
97 96
51 105
51 128
127 54
146 35
14 18
6 125
30 65
89 52
60 71
18 51
29 89
68 23
62 67
143 83
102 40
105 28
46 65
94 67
74 75
78 75
43 13
140 48
80 29
127 72
61 109
6 43
145 24
12 18
72 134
16 69
137 9
123 32
140 53
130 36
147 106
22 12
44 24
20 129
108 11
136 131
64 70
129 95
81 108
55 85
78 20
41 40
61 83
149 23
44 111
113 102
141 94
148 96
8 126
36 101
94 40
38 143
94 12
59 12
131 20
134 135
74 75
34 137
110 30
40 140
47 122
17 59
88 126
35 97
108 118
57 136
63 133
37 94
8 52
98 38
33 87
65 115
0 19
69 79
70 35
87 53
39 97
125 99
124 97
72 35
126 40
64 14
49 11
1 59
97 24
14 31
31 6
24 110
109 105
22 58
142 144
13 39
120 115
93 52
80 127
99 13
3 75
100 98
144 14
55 10
42 146
113 140
14 79
21 65
25 98
125 77
38 129
15 7
92 115
18 97
65 89
30 15
46 0
86 134
31 126
33 133
47 134
3 114
59 138
60 9
122 75
106 20
76 140
48 22
72 126
55 78
68 91
36 47
132 25
27 137
134 34
88 18
126 7
124 69
131 71
109 16
51 47
92 110
116 29
70 112
104 17
58 10
11 96
111 111
121 109
78 145
17 18
13 140
1 63
110 127
94 118
85 3
124 13
62 6
54 23
137 70
60 58
32 90
134 63
70 92
59 137
64 83
79 3
85 56
40 111
45 27
137 109
5 71
110 130
143 84
106 61
22 15
88 97
73 60
68 37
13 133
110 137
134 25
11 92
117 88
87 76
15 121
134 60
70 102
126 16
14 112
70 97
35 137
13 79
32 67
144 141
32 33
91 102
5 84
116 70
16 47
96 136
46 111
10 65
141 44
120 1
115 8
21 12
134 139
44 46
132 115
42 19
113 12
39 12
9 57
92 118
38 35
59 119
120 131
133 24
123 144
39 5
149 129
130 71
102 95
42 120
33 43
11 104
57 111
120 48
40 136
138 128
18 146
147 127
29 2
54 129
30 68
124 105
16 62
3 14
145 39
81 102
76 99
86 24
135 130
129 129
4 29
68 9
139 13
76 120
63 40
32 78
57 94
70 73
1 133
78 65
105 49
114 146
120 98
120 67
36 49
15 148
57 67
69 108
11 57
56 84
82 75
43 107
94 79
56 41
96 139
46 119
92 82
133 69
143 69
137 144
84 142
47 136
91 16
19 145
3 131
66 73
11 131
126 104
70 77
129 140
120 67
55 94
4 74
60 72
119 73
64 2
10 43
134 133
59 55
62 111
24 91
100 42
37 135
98 98
57 137
20 105
132 76
66 108
10 88
0 26
62 7
126 20
7 115
22 9
16 26
22 3
12 27
7 139
90 43
146 55
37 61
28 66
61 7
54 97
104 6
141 60
139 44
67 15
113 143
64 9
65 59
112 30
7 9
98 12
55 26
30 68
23 92
17 147
133 50
84 99
78 67
11 86
76 16
80 2
19 147
43 51
61 34
47 21
136 128
117 26
100 64
146 126
96 90
25 140
87 132
64 46
97 58
40 97
98 45
39 62
25 56
116 130
47 45
128 45
127 29
81 84
124 79
117 132
29 30
93 128
68 10
13 125
128 68
99 46
115 89
54 49
39 19
78 22
59 145
81 81
129 70
117 26
103 48
38 31
51 114
16 87
47 14
61 136
41 133
17 148
140 140
66 94
125 76
121 137
29 59
146 97
122 10
123 32
96 54
2 110
68 101
85 30
79 2
124 118
71 146
51 128
96 1
110 24
69 63
142 104
103 81
146 109
115 25
35 3
54 94
46 66
82 43
8 7
7 93
85 25
125 19
76 67
39 142
24 5
106 10
113 57
54 46
79 19
104 54
54 28
49 129
136 117
105 133
41 81
16 36
0 46
130 94
69 37
148 90
15 107
68 85
146 12
141 117
55 53
89 8
85 80
58 127
75 66
144 52
69 11
31 28
100 10
128 109
144 25
1 21
52 89
60 6
22 116
74 20
135 34
136 86
98 129
62 123
96 95
135 65
32 114
15 7
64 101
66 140
115 16
95 148
49 61
67 137
87 60
22 124
119 141
42 59
118 60
45 59
78 26
142 75
67 102
92 18
39 90
137 98
134 107
53 146
132 130
84 14
89 65
82 100
23 116
136 125
118 100
36 129
59 51
45 67
27 6
74 69
126 142
52 72
96 0
87 36
118 137
46 89
72 148
145 88
133 14
137 24
110 112
23 60
101 8
23 122
99 138
60 28
112 80
42 74
35 39
86 69
136 142
68 39
49 48
114 32
12 52
22 90
143 60
10 24
7 48
146 30
105 115
60 39
95 87
128 30
122 30
51 136
19 147
91 111
39 80
114 114
112 56
59 62
31 16
65 24
27 27
37 114
132 63
39 9
48 116
60 106
132 53
108 36
99 96
122 42
74 16
20 138
110 47
68 87
14 93
50 29
24 94
23 63
87 121
64 135
148 86
18 14
73 133
148 101
14 9
71 131
34 81
98 70
17 43
28 81
3 4
81 26
130 108
97 68
137 112
104 53
61 46
98 80
90 77
120 55
66 70
123 26
114 10
116 119
96 76
134 85
93 50
137 57
78 139
83 112
34 73
112 114
136 1
45 141
104 122
32 71
141 58
129 35
39 102
72 65
142 66
1 26
124 131
53 89
25 143
125 72
52 79
6 20
51 55
100 39
114 103
0 97
71 92
124 91
43 10
47 75
49 74
76 126
65 65
54 5
133 4
36 15
68 22
83 40
13 30
59 110
75 91
102 9
39 50
135 147
49 99
34 142
18 138
114 114
139 20
119 126
74 21
128 82
128 64
54 61
130 137
84 105
147 118
118 136
55 81
16 110
40 22
29 56
68 100
56 124
34 30
130 110
51 106
61 24
77 105
144 125
10 90
80 15
110 26
63 44
55 109
21 66
103 76
57 75
26 71
77 110
1 124
22 19
101 101
52 117
24 60
81 140
12 102
37 148
41 60
84 112
3 57
31 34
148 72
57 51
123 72
15 99
35 122
62 8
9 74
72 135
64 98
128 72
49 60
6 131
33 100
132 130
96 124
105 48
94 44
98 15
27 53
122 96
97 124
103 94
125 56
60 16
106 147
86 136
78 75
101 27
47 100
47 17
46 124
90 92
138 85
78 14
105 90
92 41
55 61
148 91
34 141
31 83
27 87
144 35
7 109
82 7
96 119
74 19
47 124
5 48
2 89
114 94
90 100
144 55
77 74
118 21
141 4
108 23
68 128
98 67
96 130
55 103
79 5
52 0
42 147
125 86
40 93
101 85
27 62
55 4
38 113
145 136
0 53
21 136
11 21
47 71
17 48
101 45
93 129
38 140
108 126
54 116
30 135
57 6
117 3
65 96
84 63
31 139
96 77
44 136
24 103
1 9
43 143
107 5
118 142
40 99
12 132
17 26
136 54
104 15
89 13
54 100
17 1
143 69
149 105
10 123
20 16
120 106
59 93
66 64
104 92
56 124
104 17
56 125
128 136
110 128
121 3
2 140
90 12
49 101
41 111
73 92
11 102
90 94
53 121
130 11
26 13
141 88
114 44
76 107
116 148
28 84
29 108
93 47
115 14
149 90
55 102
80 77
117 78
95 87
73 46
26 88
79 134
31 145
122 14
44 59
22 94
138 95
11 53
23 113
13 36
33 101
56 38
2 65
105 138
7 1
39 25
35 146
17 21
67 141
104 30
56 33
91 131
143 7
53 110
132 17
25 14
14 124
13 66
142 68
93 27
19 86
42 144
88 92
108 144
148 49
69 55
144 86
94 72
2 105
26 20
74 140
74 115
4 33
90 44
116 75
78 31
23 115
19 25
147 137
43 66
34 108
71 26
50 63
12 34
124 144
56 132
62 111
53 18
54 109
54 137
101 83
38 139
55 106
88 45
95 143
60 87
138 55
6 85
60 15
18 147
53 116
84 4
13 31
2 125
140 106
11 83
98 115
13 58
131 109
98 5
99 83
20 28
89 124
36 28
21 40
20 109
25 87
112 0
41 104
31 98
113 130
128 136
113 35
86 67
38 129
121 98
45 137
112 46
143 8
141 58
79 137
142 119
9 126
63 19
83 0
148 11
111 57
138 2
46 145
148 69
73 6
140 19
51 110
22 101
48 14
23 64
117 130
12 38
143 24
139 97
102 122
19 74
96 130
30 131
42 91
118 77
32 116
81 106
145 11
28 141
104 119
133 73
117 13
104 26
92 67
19 114
37 3
105 41
31 5
85 61
59 115
133 15
116 125
112 61
117 125
138 127
76 95
102 124
129 119
74 76
3 0
134 5
28 26
22 63
7 127
37 118
92 32
136 84
96 84
57 139
106 110
52 87
79 19
47 104
116 44
17 116
63 39
138 30
105 38
136 37
105 41
50 32
27 82
109 2
68 141
32 58
18 81
41 30
96 74
65 36
89 99
62 44
103 107
59 127
69 123
31 73
70 41
28 125
9 140
95 146
136 95
148 39
128 42
15 97
15 12
3 11
28 127
46 117
73 47
52 77
92 87
79 87
130 119
145 91
147 86
14 19
70 10
21 126
37 113
98 72
2 114
66 28
115 134
126 89
29 2
47 87
11 82
41 123
114 105
143 47
65 65
127 136
77 35
101 147
72 82
83 106
32 45
88 4
115 98
12 72
60 97
10 63
88 142
99 136
2 126
47 48
66 19
97 42
39 121
7 4
106 149
12 89
47 139
108 64
27 11
147 143
100 38
90 139
138 93
133 105
103 46
68 89
5 13
126 125
88 7
76 144
102 62
18 7
68 132
14 95
50 4
140 64
74 10
77 89
65 7
131 36
78 17
61 43
89 29
60 30
139 31
72 146
54 148
138 95
36 67
140 22
146 135
30 63
133 68
14 117
149 139
56 2
120 10
46 124
94 55
106 59
49 51
129 124
145 29
66 69
48 25
31 102
115 43
35 96
65 6
27 116
96 30
72 82
146 45
59 146
7 116
106 111
135 119
106 20
52 101
106 30
24 1
14 125
49 144
32 107
85 8
6 56
25 40
5 140
106 147
10 72
82 44
15 5
12 1
135 137
46 31
142 141
46 39
105 146
61 32
45 58
101 39
126 4
22 8
88 1
86 147
76 92
79 86
25 121
129 124
20 118
139 72
139 7
88 67
73 46
43 103
121 88
146 19
12 42
116 130
2 50
67 3
103 65
98 111
22 61
85 17
112 34
49 24
8 51
86 145
22 32
52 79
67 91
128 2
37 10
42 58
61 125
115 81
67 116
46 4
81 22
6 52
20 82
18 36
24 114
8 127
73 53
86 6
85 31
35 102
17 100
141 94
109 51
45 109
91 51
27 104
107 143
55 29
2 138
143 40
93 55
124 75
68 116
47 132
128 5
9 18
30 38
81 37
65 43
126 93
9 95
26 33
3 19
124 87
143 32
142 28
73 102
145 41
82 39
145 51
24 105
102 85
38 29
3 95
134 139
126 68
140 113
139 63
107 57
138 26
55 90
140 130
63 122
108 123
139 70
106 118
50 104
11 118
21 48
103 50
123 52
59 60
40 117
110 85
49 28
80 55
75 89
9 149
100 80
122 45
40 43
4 134
77 17
61 86
89 104
62 62
21 54
43 46
136 46
73 54
47 102
21 82
98 51
122 47
61 51
44 113
25 104
5 67
57 62
47 64
86 104
104 68
129 27
140 89
33 61
136 31
149 3
13 136
6 103
65 99
145 62
14 42
82 109
98 114
23 131
72 87
14 36
106 38
110 104
113 30
92 51
45 146
61 25
54 129
116 36
134 140
49 23
62 145
20 119
34 38
64 4
17 130
140 77
29 121
55 108
47 12
146 83
121 123
31 4
40 117
87 1
111 48
146 84
40 25
105 100
115 106
132 98
106 130
110 99
112 51
81 142
70 139
54 67
34 42
32 27
22 125
92 6
89 147
51 111
69 4
91 145
104 66
56 81
20 139
12 44
86 144
13 120
125 7
31 134
50 112
87 112
141 44
129 60
60 28
23 89
125 129
50 38
140 10
5 61
22 69
140 136
94 52
117 80
47 42
95 67
113 106
146 89
94 93
52 86
131 128
64 49
3 69
75 105
72 28
77 8
22 140
125 74
137 140
37 10
96 141
8 126
66 106
98 97
62 64
45 137
77 134
23 5
29 55
130 131
94 73
28 30
95 138
83 110
65 18
58 21
73 3
80 118
101 0
112 62
42 108
13 141
29 141
96 0
58 91
61 57
21 12
147 13
37 101
140 48
72 111
60 49
64 121
124 122
17 74
142 32
3 137
40 100
118 88
72 11
93 122
109 43
70 75
111 146
146 26
55 17
11 80
93 127
95 35
89 3
4 104
54 103
68 129
46 7
4 75
58 84
60 9
54 64
118 98
80 111
103 79
50 87
33 109
86 12
88 101
52 102
0 145
98 83
75 147
3 4
120 143
115 105
113 36
141 133
104 30
135 73
149 143
91 116
109 142
135 15
37 73
27 138
63 11
131 95
149 46
129 28
50 107
68 93
119 52
140 95
38 36
83 147
129 145
133 52
80 107
100 21
58 13
118 60
37 88
141 19
26 5
62 145
22 3
97 19
85 8
65 87
17 39
43 110
116 51
73 4
134 18
107 1
122 107
41 38
42 119
147 127
7 139
101 21
115 127
85 88
126 26
149 24
92 11
8 30
121 29
138 94
90 140
67 117
37 136
139 36
26 101
130 86
91 47
48 148
66 66
26 109
26 142
6 32
122 41
50 22
105 53
102 98
22 8
121 53
74 3
76 13
32 81
28 3
105 120
147 71
107 93
42 78
67 3
15 15
122 21
75 77
106 85
84 114
85 98
17 3
3 137
21 50
81 48
48 73
104 143
114 67
95 34
30 114
16 72
137 73
63 89
60 130
33 61
50 14
76 148
74 107
113 29
82 0
83 68
20 117
116 65
19 83
48 26
10 137
69 97
86 114
127 38
94 19
29 126
139 24
15 38
29 93
62 40
92 107
116 143
13 124
3 132
116 39
73 11
94 31
83 126
127 55
70 6
139 11
123 143
117 75
147 109
3 109
16 9
40 32
58 36
106 95
33 11
42 121
44 45
24 32
102 48
32 89
109 7
122 80
78 67
72 79
60 48
35 128
74 97
111 58
44 118
143 114
88 23
136 50
60 48
117 90
68 2
28 79
78 49
67 109
22 48
142 64
114 54
140 133
126 88
56 63
127 31
23 16
19 147
81 112
5 50
138 102
90 129
71 125
14 149
50 37
7 45
34 148
65 8
70 106
90 141
138 85
121 130
83 93
114 87
146 106
137 122
149 118
95 80
40 17
31 103
47 107
107 123
106 111
103 10
60 90
102 50
146 39
32 90
111 71
69 42
73 118
80 98
145 125
111 44
10 104
105 23
134 107
8 146
8 75
66 3
21 134
58 48
10 146
16 48
72 107
38 68
113 86
113 110
16 130
45 8
77 105
4 31
141 20
132 64
99 10
42 76
21 29
68 61
114 78
37 85
49 40
91 143
26 70
32 124
41 20
91 68
40 51
85 44
127 117
16 17
113 114
94 79
19 72
8 33
134 138
70 109
81 36
114 60
45 94
75 21
13 93
71 142
74 8
144 46
86 53
8 9
100 28
14 92
101 38
73 8
115 116
22 48
26 98
59 36
138 136
132 110
28 37
91 140
115 143
2 87
133 132
112 32
104 93
4 66
69 28
120 145
24 48
12 109
9 134
137 17
22 2
145 54
63 52
124 31
34 118
121 125
75 101
142 12
94 30
96 16
72 68
132 96
135 123
100 131
134 108
146 132
40 130
39 68
105 55
132 65
116 28
120 113
119 27
130 58
93 95
54 66
126 87
65 40
117 114
83 71
104 121
117 7
86 144
95 35
112 82
60 26
47 96
7 68
127 124
64 5
98 114
147 14
83 73
96 101
87 125
110 10
149 102
53 40
98 146
124 117
34 40
41 145
75 30
65 75
124 26
103 45
110 22
143 60
123 30
38 110
136 33
67 145
126 65
145 18
81 108
109 75
35 145
57 98
27 119
70 9
130 3
13 49
133 32
96 68
63 110
47 8
49 82
67 26
26 0
125 70
112 84
24 62
116 65
2 56
122 103
71 81
118 89
65 126
15 15
3 134
51 122
46 82
11 68
100 66
75 49
146 141
51 1
36 94
78 73
3 126
14 82
52 66
97 25
79 83
136 144
86 12
22 16
27 131
39 96
114 142
10 92
114 110
140 54
126 133
61 45
91 77
59 36
84 33
53 2
118 113
5 55
19 47
81 78
116 21
96 107
137 96
72 7
147 47
104 41
123 113
111 8
64 11
39 34
13 81
33 43
16 144
47 42
46 128
6 34
29 45
45 124
114 132
92 60
5 14
146 145
131 56
58 6
57 88
125 4
10 52
113 149
45 136
80 97
72 7
124 107
130 11
56 48
85 70
24 36
85 9
75 56
18 18
54 31
137 7
102 48
119 33
30 68
134 18
18 102
92 120
44 135
149 141
29 71
145 57
51 38
99 97
101 73
120 103
12 117
124 3
121 30
131 71
68 122
77 25
144 67
124 122
23 144
5 13
8 142
92 52
77 133
5 57
78 136
2 24
74 97
16 62
149 115
93 93
72 9
72 74
80 112
17 13
147 36
122 43
19 84
137 6
3 99
93 43
141 117
97 140
71 135
48 104
84 98
12 94
128 121
39 59
42 27
106 10
13 28
94 43
53 148
99 7
0 140
132 40
43 124
8 71
11 143
84 54
42 80
73 130
20 142
111 123
117 62
84 51
116 98
21 31
113 147
19 58
69 89
49 26
35 36
83 48
42 136
51 70
41 64
25 22
3 77
7 92
126 16
79 100
65 43
3 34
123 128
57 127
131 33
74 11
61 3
94 98
57 146
14 145
76 26
143 117
91 95
92 83
144 33
107 29
52 27
28 28
148 24
85 42
115 136
10 106
56 69
13 87
2 124
119 42
105 59
141 67
92 108
119 59
90 23
31 103
29 133
86 25
80 9
65 10
132 29
55 63
95 37
41 118
139 136
31 134
2 145
71 138
57 133
95 145
9 125
6 31
126 22
34 59
54 85
1 50
43 6
93 11
68 24
34 138
40 121
117 57
82 73
60 103
96 50
66 74
21 31
54 108
134 102
11 91
17 4
145 46
132 65
106 118
78 17
114 135
82 64
132 76
78 139
122 8
58 24
76 35
59 17
34 86
42 0
31 63
52 32
73 110
70 52
132 124
12 123
145 80
94 146
107 46
84 4
17 141
15 42
80 14
61 49
120 98
31 149
73 94
36 23
68 77
54 69
67 40
42 84
77 10
111 22
6 113
115 130
36 39
31 33
79 10
90 122
142 89
60 50
97 2
52 11
42 90
70 129
16 4
15 42
99 125
145 140
12 137
140 79
24 110
47 132
14 104
99 112
53 102
17 33
116 70
130 114
127 61
92 28
54 22
72 69
93 67
17 85
124 53
14 80
125 34
144 70
11 91
14 143
28 21
133 49
73 124
136 68
70 142
56 115
35 144
96 83
75 133
128 106
37 54
0 60
124 28
46 22
57 0
121 149
44 13
47 3
81 26
134 62
37 127
64 10
36 6
14 0
58 18
79 141
141 40
24 106
140 135
135 76
54 31
40 8
118 34
134 14
8 132
13 138
112 115
46 14
42 60
10 139
110 36
13 74
122 111
19 29
61 12
29 112
112 114
47 133
7 71
121 26
31 85
3 34
133 129
123 47
20 16
137 97
62 33
4 77
59 95
67 70
140 61
18 75
89 99
114 85
15 61
104 139
136 74
15 139
108 141
54 146
55 21
76 98
62 54
106 80
49 80
69 111
51 65
38 75
113 39
111 112
133 145
61 10
13 6
108 125
89 93
68 77
24 52
108 127
95 38
54 8
62 34
46 126
100 15
79 49
87 106
78 103
99 90
49 145
29 118
67 130
59 40
30 84
12 50
12 25
142 71
64 146
21 89
123 4
89 136
138 112
5 36
122 84
135 134
123 0
118 17
63 125
15 3
134 89
0 39
148 145
89 106
36 71
25 107
39 55
34 123
85 78
148 63
120 139
31 139
114 51
75 47
107 86
101 103
56 37
62 111
77 121
93 47
122 129
51 76
14 92
34 76
29 11
2 23
103 98
129 53
27 17
19 124
75 6
72 42
15 78
100 117
102 7
130 32
82 1
47 7
40 50
118 148
139 1
41 55
140 9
64 10
110 52
64 61
107 7
10 83
67 135
15 26
94 118
64 122
129 141
95 115
3 113
92 148
28 98
96 63
121 5
48 109
131 102
4 32
83 6
136 36
9 102
49 57
146 117
126 103
37 2
108 111
69 23
71 140
48 64
17 8
48 126
90 56
73 90
34 57
61 88
84 92
30 84
133 147
3 113
103 50
68 72
146 140
23 104
127 59
141 29
7 94
53 112
98 9
128 60
141 98
28 65
74 78
82 123
53 42
60 101
41 52
27 33
25 103
31 88
73 13
9 33
38 79
57 22
148 43
84 14
88 27
124 145
0 133
109 34
95 83
71 68
88 97
130 115
112 60
78 84
53 40
24 143
102 60
134 20
124 20
60 72
34 133
60 84
81 25
1 12
75 71
82 85
62 136
97 127
73 146
91 111
123 113
95 117
80 137
28 34
45 36
23 117
55 129
145 52
118 62
140 106
122 48
46 131
57 111
10 31
80 68
114 114
103 137
110 104
127 63
2 30
144 132
133 119
72 54
131 109
51 116
147 114
1 53
143 62
95 132
149 83
80 88
2 147
43 38
75 125
113 65
0 14
5 88
134 3
92 80
131 32
9 113
111 4
20 37
113 148
98 109
123 57
130 83
7 108
38 74
120 100
123 90
4 93
57 8
42 25
147 118
118 105
127 148
6 13
15 92
71 147
79 121
25 93
143 22
9 144
53 37
90 11
29 19
57 12
30 9
84 144
79 49
52 96
112 11
33 63
113 8
13 144
145 86
39 132
110 145
135 142
30 52
46 117
143 16
73 102
88 11
30 39
101 32
147 77
144 104
26 89
63 120
22 113
121 94
146 108
116 38
102 51
5 36
145 137
64 103
62 98
123 82
27 124
116 17
99 126
87 139
30 121
113 101
85 103
26 100
65 80
5 3
132 93
86 9
124 61
91 37
98 26
47 141
71 51
134 96
141 60
100 57
96 44
34 80
149 37
25 53
16 80
6 50
33 81
28 129
78 142
123 119
47 102
121 113
20 103
124 92
74 102
72 81
57 21
118 71
7 59
34 62
134 92
148 116
113 29
39 93
130 100
93 141
115 14
2 102
109 59
26 9
91 111
125 64
106 11
146 91
138 123
100 102
127 89
138 70
19 11
133 119
121 26
118 6
122 79
80 63
99 1
138 34
25 64
75 67
6 18
14 15
119 96
20 47
20 91
6 51
142 63
35 9
87 142
5 9
115 4
120 144
145 19
20 81
39 144
17 33
96 102
49 113
93 31
147 117
147 13
144 66
29 52
48 125
91 18
146 69
100 135
66 120
148 93
8 18
84 37
98 93
146 126
17 119
27 5
70 78
142 67
137 144
145 38
137 79
78 25
24 16
117 11
49 0
87 74
28 109
59 52
133 120
110 100
12 72
1 128
12 48
96 17
109 111
111 111
81 85
107 26
66 149
125 97
103 19
67 76
37 72
86 65
127 112
59 126
123 45
63 102
134 81
78 123
31 105
139 53
130 114
56 56
131 96
20 12
45 124
18 85
13 94
106 114
121 140
143 81
38 44
141 106
1 7
72 133
105 103
111 80
73 89
22 149
63 6
33 28
92 62
115 68
124 53
47 103
70 72
73 127
116 10
72 139
1 83
39 1
140 125
120 128
22 83
42 111
103 37
137 106
38 93
106 55
142 55
78 2
24 62
59 101
27 8
137 26
41 126
139 106
133 21
77 101
139 28
46 98
79 141
90 95
99 43
114 133
65 5
4 130
20 40
120 139
28 120
142 139
47 64
103 36
132 105
80 122
70 77
44 45
43 70
42 111
116 149
22 47
28 47
79 86
36 89
37 55
52 126
128 56
146 39
36 6
140 92
109 45
24 40
115 90
29 120
105 100
9 131
51 100
79 127
32 8
110 121
124 94
58 120
67 34
81 94
121 48
114 62
90 145
138 4
123 106
4 139
145 85
123 12
67 14
66 86
33 47
2 72
52 141
16 42
33 71
121 40
87 16
82 78
37 29
24 38
3 120
2 108
114 43
3 81
82 147
14 141
122 45
134 82
83 69
25 45
86 137
105 37
86 91
45 138
83 20
98 87
60 119
112 105
81 120
74 91
114 142
112 58
90 38
20 48
122 71
6 50
146 25
31 34
41 115
34 40
82 37
149 49
100 71
97 60
57 59
50 17
42 21
129 57
121 94
147 74
84 121
102 61
25 54
68 1
32 4
109 8
115 84
0 10
62 14
8 136
111 100
131 91
12 19
23 6
146 66
112 47
94 17
58 67
3 65
69 53
149 97
115 102
122 135
56 88
143 17
117 111
29 57
45 92
49 6
149 58
94 0
32 11
130 52
14 119
139 0
149 22
23 69
110 126
139 51
86 88
126 143
61 58
145 122
82 139
134 68
31 20
135 65
53 87
13 127
116 112
89 113
13 101
35 112
69 122
136 83
49 112
116 101
4 140
126 8
32 101
63 120
5 137
137 41
86 16
95 73
61 63
18 42
103 15
109 101
27 110
149 104
36 14
44 140
105 74
108 83
138 78
56 87
81 15
126 38
57 107
86 64
142 122
4 32
147 70
85 126
147 96
66 101
30 72
105 61
1 135
135 3
24 72
88 2
43 54
15 26
125 46
82 32
92 28
16 121
85 145
29 100
80 123
146 113
14 145
37 82
147 104
1 142
137 26
127 24
116 100
48 86
46 56
12 136
99 40
37 74
30 38
86 57
82 67
22 128
135 149
16 66
25 65
106 58
77 110
70 147
70 63
41 117
9 43
129 24
84 83
77 80
51 53
48 75
18 22
60 145
14 103
68 37
57 54
33 127
97 45
9 35
46 128
57 33
120 26
142 16
97 143
125 110
130 59
126 119
129 75
135 127
8 57
50 49
33 13
144 13
28 75
71 96
12 100
64 54
121 103
55 16
122 120
134 38
76 71
138 4
60 109
34 147
120 72
90 114
107 111
83 60
21 102
75 125
28 146
82 97
110 65
8 113
111 75
70 44
107 30
68 76
65 40
68 123
119 40
93 117
94 20
11 96
122 44
132 107
13 111
62 130
147 19
85 126
8 9
125 37
56 93
23 38
8 8
124 116
78 127
1 30
140 22
66 138
141 127
104 69
69 133
4 1
61 78
149 97
136 50
94 88
71 8
130 122
127 28
8 117
91 121
59 100
123 13
99 141
133 3
142 140
9 24
87 80
21 0
10 80
4 25
48 88
144 29
79 98
69 18
68 62
94 0
46 82
42 121
64 34
84 123
115 66
146 70
99 87
115 135
52 111
143 81
45 64
58 75
95 11
62 44
128 80
8 144
60 126
135 47
7 59
114 102
65 82
101 38
62 6
91 111
32 47
42 58
84 83
88 35
33 27
99 127
15 41
27 32
114 122
29 110
38 98
137 119
3 30
42 51
93 6
76 43
71 12
132 45
33 126
15 137
2 53
112 49
144 42
19 145
128 14
72 26
89 41
131 116
115 57
104 81
72 68
64 142
130 118
40 46
28 13
117 83
95 48
19 116
69 136
130 59
2 5
143 35
74 48
41 115
28 113
84 70
125 31
147 84
131 32
10 121
50 123
100 129
67 140
104 83
134 141
45 115
131 149
40 53
98 83
16 136
125 45
91 100
45 24
20 114
121 36
137 46
77 80
11 59
23 115
141 48
74 10
24 13
2 84
102 62
84 71
22 37
145 39
6 63
140 23
139 135
102 132
78 76
104 70
133 131
1 130
64 74
64 140
103 106
15 58
81 68
16 29
3 37
99 133
15 32
44 65
31 145
12 136
99 87
26 129
14 86
62 85
19 60
121 121
8 63
21 132
71 44
18 101
109 23
111 92
82 69
24 62
121 74
137 119
8 45
30 7
48 133
27 42
85 105
8 111
124 14
122 105
135 77
44 13
17 80
137 145
6 33
122 58
82 98
4 18
21 66
15 40
48 100
14 4
38 148
67 97
76 25
131 138
101 64
43 0
55 82
136 96
48 73
10 144
113 47
127 126
133 5
0 2
21 29
105 20
103 129
37 51
4 57
146 97
27 4
114 87
104 57
28 129
41 136
100 127
68 9
61 117
63 57
6 19
44 39
51 47
129 63
19 97
89 89
147 121
60 105
143 12
25 36
52 63
147 88
109 76
138 42
55 20
117 146
32 14
60 103
11 147
98 110
120 139
77 10
14 84
53 149
146 121
147 104
20 3
72 86
56 94
143 6
89 89
96 112
93 34
2 77
40 110
9 12
60 35
28 49
92 34
87 111
38 145
17 136
124 142
88 40
57 137
60 128
140 133
71 90
94 73
67 9
29 113
112 78
80 97
121 43
94 137
85 89
55 145
71 116
139 104
69 30
101 47
76 40
112 23
105 86
130 124
137 86
145 94
56 41
1 73
36 10
116 17
8 71
18 113
143 25
83 79
24 11
20 0
80 88
93 122
78 104
138 28
149 78
91 72
34 109
10 22
76 116
18 112
66 52
132 81
23 21
33 87
63 131
137 86
16 39
57 58
133 134
72 16
100 61
23 4
3 115
34 23
11 4
32 0
19 92
120 61
128 10
61 5
52 47
42 71
92 142
40 109
4 87
111 74
40 93
119 48
91 7
87 21
102 57
36 55
118 78
60 50
18 132
144 101
1 142
56 105
113 118
125 19
63 23
66 70
27 137
45 137
61 120
19 87
149 105
104 87
22 108
37 95
25 149
139 104
67 148
89 48
103 131
39 59
59 75
120 46
39 140
17 135
90 112
94 80
141 3
122 116
48 73
140 120
113 94
21 29
78 44
23 111
67 39
15 73
22 81
31 87
37 139
7 122
23 7
135 135
40 67
23 67
140 59
90 62
37 86
120 110
117 12
86 85
97 92
131 61
104 53
3 141
58 89
27 67
62 117
42 121
133 49
37 64
115 94
86 144
75 27
32 88
58 8
59 98
37 46
77 121
34 42
110 51
45 121
17 129
17 131
63 139
88 60
11 105
108 124
0 8
49 17
43 8
38 57
98 66
30 101
143 98
65 84
142 22
126 97
47 46
83 24
22 107
103 116
4 102
78 33
40 97
27 4
71 136
51 4
128 4
125 119
20 56
37 2
45 29
34 140
45 13
132 5
80 115
55 3
38 48
64 17
25 72
108 43
22 146
22 110
91 94
88 139
127 82
51 128
84 133
74 116
68 17
113 76
12 92
51 98
118 25
100 133
10 131
108 51
113 45
108 38
32 17
92 60
100 36
28 146
136 33
12 16
43 138
26 31
46 110
63 129
38 52
75 134
93 130
11 32
47 54
91 73
78 105
64 13
79 41
9 146
43 87
19 127
52 128
113 39
99 1
140 148
25 73
119 20
121 149
112 96
115 64
12 53
85 64
74 124
138 111
3 47
135 105
59 39
20 138
75 32
36 39
13 17
19 114
23 46
52 39
25 121
126 55
136 42
67 148
66 51
19 101
19 2
77 91
29 138
128 9
144 123
127 135
117 99
22 54
32 14
59 96
103 16
11 40
138 58
50 50
80 18
146 66
104 106
79 58
17 102
33 108
86 69
4 53
118 104
142 61
18 100
100 45
114 91
93 111
52 100
87 11
32 45
132 35
20 111
135 86
64 138
21 66
113 43
52 111
144 123
63 73
56 54
148 29
103 19
68 27
119 54
36 43
30 81
92 107
38 4
45 142
69 8
74 119
21 44
4 46
92 47
87 15
117 112
132 114
54 26
145 135
70 136
91 117
129 115
119 100
61 132
117 118
107 28
22 118
83 22
9 87
93 90
45 35
67 7
129 131
67 59
28 81
70 13
97 80
62 68
118 128
4 19
7 43
136 5
93 15
145 72
65 144
144 100
99 42
45 113
76 100
53 102
136 84
38 140
99 83
125 109
12 37
54 64
19 148
43 111
128 10
107 96
66 63
62 128
144 141
133 71
22 131
125 62
5 23
48 7
65 118
54 81
136 63
62 137
122 3
104 123
71 60
141 70
134 68
36 27
5 75
34 74
145 10
131 87
111 149
117 56
81 100
5 54
71 134
102 139
131 54
106 20
67 44
148 113
61 51
11 17
89 43
113 81
15 87
17 134
142 125
17 89
140 81
94 96
139 102
55 135
72 139
113 128
89 33
74 47
13 111
15 56
68 43
66 1
102 87
99 76
20 27
60 85
112 67
41 89
55 138
57 25
25 140
149 113
36 111
137 7
72 59
119 115
4 31
120 114
120 66
73 100
19 96
1 19
48 36
51 29
142 70
32 114
18 35
1 63
98 125
28 128
20 31
120 55
69 105
15 24
69 18
65 65
55 69
9 98
115 106
6 30
115 82
149 71
56 127
3 125
141 58
137 33
25 70
101 29
23 33
49 135
49 125
101 30
38 50
103 114
104 34
134 133
87 147
79 62
25 127
71 122
126 36
43 18
97 126
19 53
92 65
20 26
56 64
34 33
47 7
50 106
15 39
62 108
9 80
123 6
8 65
133 52
119 24
8 134
97 142
102 127
75 53
67 133
102 18
106 134
135 38
72 51
122 67
75 60
108 19
44 49
80 138
5 144
41 132
96 133
134 138
23 28
109 147
107 27
42 53
63 39
18 15
70 126
129 124
12 36
5 105
10 121
73 55
13 34
123 32
3 79
15 64
105 37
122 18
52 50
76 45
116 78
44 19
43 100
104 66
0 23
47 0
49 32
30 122
96 85
54 134
132 47
18 98
86 19
126 114
90 60
121 84
94 96
93 93
108 11
133 49
11 33
2 117
111 26
86 31
105 61
141 0
92 147
84 23
6 26
131 57
143 30
79 41
16 77
55 113
81 2
45 6
137 66
124 68
20 144
140 50
146 103
36 71
33 71
94 57
71 14
101 93
59 109
56 129
51 5
10 114
146 85
74 132
47 68
76 132
70 145
104 129
141 25
128 64
117 67
49 36
49 138
67 18
69 20
143 147
98 130
126 110
64 2
37 97
29 93
7 22
75 13
78 4
17 90
139 134
78 94
149 24
15 110
135 14
72 46
71 34
50 27
39 125
138 103
42 2
36 148
15 143
103 90
7 90
109 13
48 105
38 118
12 50
130 136
121 135
131 99
68 28
60 11
1 137
62 2
148 146
44 105
101 13
108 112
143 18
12 105
77 59
112 24
88 119
81 42
88 74
135 68
96 110
128 17
130 37
67 66
106 138
138 20
117 107
41 12
120 91
81 91
24 59
113 94
83 34
97 28
36 60
143 133
28 115
63 146
77 126
51 22
64 57
28 139
13 103
41 82
95 3
86 76
86 27
9 3
6 149
128 6
32 3
57 114
65 68
18 57
48 10
72 61
95 148
97 29
27 50
90 21
73 17
4 4
114 88
37 66
74 100
57 44
77 45
148 44
109 78
113 69
113 54
97 82
82 130
9 110
52 142
18 112
146 68
96 65
140 30
119 67
77 78
9 55
22 146
83 125
59 132
24 56
22 58
25 17
97 5
134 85
2 3
1 22
29 119
26 49
130 127
13 120
13 98
92 3
88 52
15 64
30 116
105 25
108 104
123 39
129 37
136 35
70 49
8 30
105 4
140 134
45 22
58 130
17 34
40 11
9 8
74 42
127 47
26 51
74 107
16 30
130 149
48 23
138 149
105 78
138 145
33 103
17 31
84 121
96 113
87 54
65 146
43 30
85 93
85 144
43 49
9 117
110 1
102 56
55 56
148 18
98 90
83 25
74 69
59 131
58 57
126 61
87 81
132 11
89 133
63 25
103 134
119 106
100 25
114 69
98 138
83 49
32 47
8 69
38 128
84 111
67 39
104 22
125 69
63 116
18 66
30 90
9 100
117 95
144 33
127 141
59 123
145 8
80 14
20 132
85 116
140 97
60 74
115 46
35 59
75 111
84 7
101 112
125 109
110 83
90 56
96 86
114 18
34 7
14 17
125 10
75 115
137 87
83 47
147 3
1 110
32 90
64 131
7 127
84 105
18 23
101 75
19 70
128 16
113 140
70 81
0 67
63 61
4 16
43 103
71 19
55 71
107 10
20 64
128 71
103 53
98 40
58 5
2 30
76 88
75 81
91 117
16 39
2 86
149 102
25 100
100 48
42 122
13 12
86 50
135 57
149 131
83 59
72 81
98 22
89 64
105 57
13 40
99 17
20 36
98 84
105 20
45 30
74 116
145 147
21 107
22 80
20 149
66 19
14 92
58 49
113 55
52 71
111 27
96 98
99 102
56 56
143 102
50 87
50 24
61 95
58 19
68 0
113 140
106 24
10 21
85 9
11 60
1 51
84 99
31 114
131 49
70 126
65 102
119 24
22 62
93 14
125 124
52 47
16 19
99 140
15 47
47 125
122 0
138 38
97 35
41 34
2 114
117 118
55 8
118 54
85 147
98 73
107 95
112 26
132 98
29 108
78 4
4 67
6 146
108 106
22 115
140 71
143 15
127 88
69 140
68 115
70 83
49 20
145 47
32 114
57 43
15 123
121 126
109 120
69 60
58 124
131 56
18 90
118 135
74 47
50 110
6 88
92 123
149 97
28 20
5 38
64 25
71 6
72 58
87 31
30 2
137 44
4 24
94 98
122 100
30 90
27 27
53 53
127 24
147 54
123 88
118 43
136 108
72 74
63 106
22 122
16 15
127 147
35 128
67 61
6 32
1 31
24 56
43 119
80 68
136 53
36 94
104 101
138 4
35 11
65 3
37 147
60 28
129 7
137 83
68 69
47 125
87 135
18 73
9 78
149 28
100 47
7 6
88 122
66 124
29 46
118 85
64 119
148 1
51 142
137 14
121 49
15 56
87 74
122 118
75 12
35 106
36 32
87 103
2 65
37 2
70 108
4 110
51 68
44 61
103 7
9 26
12 40
129 29
11 21
17 146
127 76
18 68
38 137
88 141
28 44
27 19
53 50
113 19
21 137
29 40
25 142
41 126
76 143
46 138
19 115
18 146
84 43
97 123
76 100
23 35
10 49
93 137
78 139
9 17
95 11
111 4
112 48
17 8
56 71
62 75
122 20
72 51
82 116
92 86
50 53
111 143
11 28
45 21
87 83
98 47
17 102
74 86
16 126
128 102
58 82
102 134
98 63
145 50
114 19
42 86
138 21
44 77
52 92
119 29
86 92
108 91
66 33
32 56
28 101
107 136
102 75
103 9
128 25
130 5
104 45
93 53
122 45
139 87
32 63
103 71
5 27
21 53
99 145
39 74
78 72
26 126
118 132
21 12
51 66
129 19
12 143
77 100
71 118
12 85
77 87
142 149
138 123
5 43
52 46
30 49
32 131
101 32
87 9
27 31
21 71
14 7
101 13
42 76
99 12
59 59
143 17
96 47
71 33
6 128
132 134
116 33
28 104
101 127
121 31
128 141
131 62
74 35
66 144
78 142
73 45
51 40
107 118
23 148
83 137
94 84
108 57
10 106
92 135
73 85
98 117
37 30
118 135
21 110
55 17
110 65
73 129
45 14
29 27
134 32
49 43
141 20
145 96
100 90
1 96
134 131
82 51
129 58
130 53
45 9
31 62
19 76
41 76
25 49
17 143
127 83
67 43
29 20
0 111
20 24
107 50
2 87
6 26
109 64
131 93
29 62
115 52
89 76
41 95
19 25
78 88
46 113
68 117
39 72
131 29
89 147
120 30
1 113
80 4
21 5
16 40
36 125
41 122
6 117
80 90
75 136
84 78
134 122
100 98
86 22
15 37
50 9
8 100
134 57
67 120
101 23
92 132
108 57
82 98
118 120
94 79
112 143
57 62
69 145
27 108
57 4
123 45
80 48
127 89
120 135
93 13
91 4
42 5
129 13
56 11
68 124
111 132
12 85
34 138
95 37
38 9
42 86
90 112
91 136
111 144
128 127
136 56
132 148
90 69
50 114
125 38
130 109
18 36
23 44
58 133
48 113
51 111
36 8
101 93
144 80
54 67
48 138
76 15
115 132
37 10
148 6
135 60
131 71
108 14
135 42
106 104
34 103
64 15
132 138
81 80
145 47
61 108
35 82
14 2
143 7
51 136
6 20
141 85
4 112
143 106
52 42
30 96
116 144
67 131
126 54
91 141
70 52
17 31
130 70
38 102
133 58
128 24
117 34
140 88
144 92
57 131
50 30
41 115
56 77
133 88
124 77
3 28
45 138
128 43
83 110
95 140
5 5
111 35
111 61
7 27
54 47
86 79
66 141
114 113
29 132
96 79
108 121
52 36
143 75
128 60
131 131
61 129
36 19
10 45
14 15
21 91
128 38
77 134
54 110
70 6
17 130
35 118
116 146
46 119
53 61
65 23
50 14
101 68
131 113
17 109
107 112
48 43
110 106
74 55
117 19
55 91
25 143
50 138
103 47
29 137
81 104
97 56
141 78
60 71
125 117
12 91
126 25
79 46
86 81
50 129
43 48
17 128
4 77
146 76
63 114
1 40
64 94
11 134
19 33
102 78
40 85
145 65
43 126
36 43
68 13
42 84
14 130
106 77
4 96
33 93
134 146
136 79
119 89
37 6
35 75
90 137
72 53
58 28
30 78
117 141
9 136
29 72
147 57
66 61
53 11
139 26
15 124
31 121
9 56
140 87
119 55
134 17
25 42
35 35
116 143
11 116
47 10
149 26
116 18
16 50
12 102
11 106
22 102
34 58
43 112
37 80
13 100
63 100
52 92
31 21
84 29
41 121
98 52
148 52
115 21
97 18
59 24
79 26
143 91
131 97
127 136
6 109
28 13
146 17
140 65
56 63
55 40
23 145
143 98
118 24
104 129
75 42
115 35
14 25
69 111
102 17
117 121
147 65
34 40
49 113
31 96
44 145
50 127
41 69
102 3
107 14
78 97
108 63
12 99
51 87
77 3
117 1
110 49
105 48
147 131
134 31
143 90
6 100
42 85
111 26
29 49
39 48
103 81
37 136
86 112
26 102
11 37
148 33
80 71
149 91
112 87
93 6
55 13
137 94
46 99
15 77
139 125
50 110
111 147
148 39
79 141
109 53
69 86
74 15
19 92
118 92
73 100
110 10
103 2
27 95
144 120
121 7
91 90
99 46
87 116
33 55
63 26
55 0
80 59
12 43
129 131
7 71
128 32
122 94
18 132
36 75
82 57
105 99
15 58
99 125
73 12
109 39
1 55
8 26
117 3
34 55
6 64
22 94
130 89
96 127
114 81
119 2
89 0
148 22
25 73
95 125
100 90
102 90
116 2
88 34
106 57
112 16
94 111
45 11
0 15
122 88
126 37
114 51
141 129
50 13
93 36
37 129
82 15
133 133
113 142
0 14
46 16
76 28
127 1
59 121
117 136
20 58
58 120
78 110
113 46
134 89
109 5
133 102
64 108
143 132
83 124
32 17
48 47
127 79
62 0
125 142
41 34
23 123
7 80
8 72
132 5
71 3
21 148
55 33
68 46
19 147
105 73
65 118
6 117
122 38
112 48
80 40
7 133
140 92
83 11
5 126
112 88
8 38
75 0
80 69
111 56
116 101
123 7
148 54
48 40
138 60
148 84
45 45
104 82
114 75
12 25
123 141
20 36
64 119
139 47
31 90
25 20
63 73
100 32
28 119
70 39
146 81
51 20
124 63
67 4
41 33
113 71
24 22
44 72
97 106
65 45
34 103
124 103
81 128
42 22
50 81
9 116
43 137
71 120
75 87
5 47
45 89
35 120
114 119
79 124
32 33
78 66
13 126
51 91
103 6
141 40
21 114
9 120
45 68
93 33
25 105
113 138
88 25
113 23
131 77
34 117
7 28
124 95
30 134
66 146
121 90
130 88
62 89
128 9
139 84
107 148
47 98
130 39
29 50
133 111
65 137
124 2
12 63
138 143
133 60
88 131
35 87
124 127
12 20
70 97
65 149
83 71
126 54
15 43
24 50
60 18
65 114
79 140
135 0
39 60
46 63
17 109
60 95
100 107
50 114
59 13
57 62
106 25
44 133
36 128
34 49
46 65
90 62
73 66
146 73
99 102
131 118
110 46
112 1
104 62
19 70
115 140
134 114
94 50
13 31
142 90
23 63
74 63
7 86
82 106
89 78
5 15
22 30
80 85
105 111
25 106
27 9
134 90
24 126
39 118
107 58
14 29
0 74
119 22
59 60
17 42
85 103
115 41
95 81
96 50
39 75
56 81
127 109
24 144
66 42
0 79
27 36
89 59
146 127
23 8
84 18
112 72
123 42
134 57
133 62
28 43
49 53
84 105
142 25
21 113
113 36
131 124
126 7
3 17
9 131
109 10
5 45
53 69
31 5
119 52
98 37
122 103
7 46
61 87
50 27
53 44
5 141
38 67
55 5
48 138
18 122
104 140
57 59
50 101
59 99
43 76
59 62
101 69
142 136
75 96
113 96
23 145
21 1
128 79
17 95
3 144
23 43
147 135
31 80
110 36
137 136
59 10
124 99
19 86
96 129
121 112
74 117
14 110
4 119
23 37
11 110
101 107
7 140
86 112
47 123
126 41
10 53
46 23
81 24
13 25
91 110
85 44
6 116
37 84
25 63
40 137
71 14
148 123
87 120
41 101
104 24
93 118
133 94
103 32
43 86
16 132
68 121
109 136
38 11
49 138
72 111
145 10
115 24
38 48
66 81
42 67
134 52
3 93
25 54
147 3
35 96
127 0
16 58
77 47
29 35
107 31
99 9
83 125
61 29
143 3
32 120
104 97
0 53
54 27
103 77
118 17
36 9
11 105
4 106
148 86
4 49
70 29
149 47
78 57
43 54
142 68
121 95
103 49
29 134
58 56
95 28
42 104
86 127
106 5
21 5
81 55
65 49
66 107
53 49
96 7
65 52
7 103
143 50
139 133
63 112
72 109
79 58
86 96
144 3
137 45
9 48
74 106
18 140
91 40
114 24
29 80
12 53
29 42
66 50
122 140
47 71
33 24
20 13
143 49
139 132
104 14
54 122
1 106
130 32
91 73
49 146
50 114
38 75
147 127
5 73
115 116
124 21
52 135
52 48
138 39
115 79
125 47
137 100
7 8
111 90
104 109
61 32
137 112
100 63
77 5
20 52
143 98
146 17
87 31
120 6
24 13
59 111
24 79
119 16
133 117
17 58
51 5
47 1
10 129
107 15
137 142
46 105
79 96
11 33
99 44
91 97
112 23
27 90
99 9
20 30
26 20
127 75
80 143
48 78
23 83
47 117
34 46
113 43
49 8
8 110
48 85
145 139
116 134
89 134
131 77
36 77
47 30
30 81
124 33
77 49
0 25
86 109
140 149
78 77
103 60
106 75
114 137
30 147
42 33
136 49
103 32
134 108
134 44
60 43
106 69
60 112
41 94
30 74
92 133
72 6
54 63
112 63
10 5
47 88
143 4
9 141
123 27
23 26
6 111
66 36
76 107
37 0
138 18
88 54
67 139
27 87
107 128
117 118
137 130
80 107
28 34
18 68
58 16
125 134
55 82
65 104
96 69
109 51
94 49
97 128
138 123
64 14
16 149
146 142
16 62
20 11
27 120
37 92
77 9
30 88
111 66
43 149
36 41
22 125
109 55
63 29
115 103
9 86
23 12
95 72
37 141
70 66
15 102
110 116
100 55
138 16
27 1
85 121
133 10
93 82
90 0
50 145
14 82
36 147
97 17
47 145
106 21
75 145
89 10
27 69
60 68
110 88
99 3
60 95
111 127
114 79
58 127
15 107
51 130
7 20
92 57
71 134
38 90
71 112
98 35
103 122
97 119
15 35
111 122
127 81
2 21
10 49
126 81
34 147
34 109
65 141
82 93
88 62
140 115
25 107
62 51
82 56
126 36
35 88
103 120
22 41
3 1
106 89
110 4
78 75
95 145
42 114
36 124
79 28
20 24
65 121
13 75
146 18
36 66
120 147
77 49
149 74
27 87
61 37
114 4
96 11
24 18
34 66
88 89
31 124
3 133
28 39
82 80
58 30
76 17
116 80
148 41
132 32
101 76
34 63
126 56
31 57
40 84
78 2
82 82
9 32
14 102
17 65
105 74
109 84
28 13
139 48
25 43
81 42
44 81
89 89
147 133
89 24
122 37
96 120
50 134
83 141
95 45
104 45
40 46
69 94
61 93
128 103
139 51
134 114
89 103
9 13
60 114
92 6
43 54
119 131
134 88
113 84
34 148
146 117
109 28
126 75
38 91
6 91
117 129
19 71
112 85
114 89
89 20
15 92
11 19
56 122
96 103
136 140
88 82
79 53
137 57
70 146
14 0
77 14
14 0
48 17
96 43
117 119
65 79
133 87
27 135
79 124
29 123
7 33
87 56
106 135
101 32
14 73
136 79
18 79
69 91
3 116
112 13
49 37
17 83
46 21
61 11
39 14
19 66
128 50
82 33
131 60
17 40
148 86
34 141
54 56
100 15
66 44
51 121
57 24
5 46
6 14
72 63
58 2
34 48
10 46
58 106
109 5
34 140
144 77
27 67
93 77
137 102
49 124
110 121
55 49
11 138
65 9
137 61
91 71
55 23
112 88
140 118
104 72
85 5
98 60
129 89
50 118
18 130
131 140
99 85
24 53
90 19
41 57
39 26
136 99
89 25
68 105
66 7
125 30
123 58
31 90
125 122
99 122
89 139
79 111
129 135
80 65
131 147
71 55
21 35
147 113
36 47
25 74
138 61
67 9
52 57
99 74
82 92
58 127
134 145
84 82
34 0
44 120
74 32
113 15
146 130
57 38
82 109
58 21
15 130
109 59
36 139
44 18
47 7
4 96
43 130
114 63
60 93
13 96
98 123
27 122
147 25
43 96
94 74
19 59
107 61
97 4
111 106
126 145
148 31
140 100
125 71
30 106
105 144
125 86
116 1
72 37
4 30
79 98
108 26
91 52
2 82
28 83
93 85
123 106
135 1
141 2
110 66
116 7
6 92
41 30
147 129
18 149
39 94
5 20
65 26
78 35
25 138
87 6
133 100
94 99
130 97
73 116
126 90
44 123
24 103
100 84
107 59
53 60
72 98
57 1
64 139
112 138
118 116
46 90
103 67
149 82
6 69
95 8
117 130
135 38
121 129
140 21
10 1
110 52
23 26
102 62
75 90
140 114
48 141
11 97
39 19
111 100
76 12
118 106
63 135
117 31
42 89
85 97
97 96
85 104
6 83
30 131
116 17
91 116
115 32
19 83
53 134
28 28
106 2
111 105
106 140
21 65
2 71
52 28
95 40
75 122
33 62
38 87
51 47
2 5
86 115
124 129
58 18
114 54
94 76
131 20
45 20
44 137
62 8
65 32
52 81
39 125
40 37
133 148
17 22
113 64
22 18
73 56
86 126
51 133
84 66
73 91
41 94
118 22
24 110
148 70
23 43
11 127
75 46
69 139
4 42
74 112
41 119
67 61
149 145
134 51
114 122
14 148
65 147
91 114
35 86
116 3
80 51
40 82
125 135
22 63
124 94
53 93
101 142
128 1
98 26
136 101
148 118
48 113
130 61
95 103
53 45
49 113
16 35
129 15
25 89
79 14
17 127
120 80
36 67
16 146
32 17
83 97
59 59
12 57
50 59
39 84
55 144
72 139
15 53
64 64
2 31
59 32
8 93
53 35
91 110
76 68
81 33
29 112
118 42
84 98
125 144
144 119
54 52
93 2
90 12
43 147
22 69
143 8
110 123
111 7
98 104
86 70
75 115
120 116
11 105
82 41
101 54
81 82
128 136
7 32
126 39
115 121
105 116
142 11
124 20
22 75
145 132
76 123
60 146
76 147
20 80
149 82
31 95
22 37
16 0
97 126
82 12
13 107
79 120
110 27
86 38
20 1
24 38
5 116
25 140
80 88
84 121
41 8
84 144
67 77
28 100
128 29
63 20
7 109
35 56
92 14
78 7
30 132
54 133
108 60
51 19
131 77
103 74
25 119
145 127
94 147
137 80
18 64
49 77
107 11
112 117
63 60
35 44
91 41
115 136
96 63
145 13
85 38
20 46
73 15
0 82
118 26
146 118
128 60
142 78
138 120
143 17
129 81
52 51
139 62
108 50
49 94
79 68
30 47
90 110
3 132
11 28
126 4
77 57
128 147
48 111
139 115
122 8
116 114
137 44
138 66
35 4
123 149
111 147
40 95
23 137
17 2
43 79
80 107
28 14
143 93
143 12
139 6
85 14
58 76
40 16
109 64
45 22
75 74
104 133
86 81
145 98
21 119
63 75
121 80
28 89
101 34
40 116
87 14
36 141
84 128
12 61
98 84
124 95
82 141
53 39
17 47
121 51
52 80
100 130
135 79
25 72
56 127
106 33
120 83
124 134
12 57
90 41
140 25
9 72
49 67
84 37
56 148
19 0
15 59
76 42
61 69
18 69
122 114
64 105
68 145
61 7
36 75
14 94
2 139
107 120
18 123
90 44
102 67
128 113
1 111
54 98
90 40
13 77
132 18
110 77
74 50
100 76
13 90
70 105
128 96
2 144
126 19
28 83
117 117
19 149
35 22
41 108
129 140
59 58
28 55
16 14
118 110
143 16
14 149
64 54
118 124
82 13
21 30
34 84
31 120
66 134
107 118
51 91
100 7
36 39
75 85
10 75
13 142
77 36
77 31
115 127
74 118
115 119
45 23
3 12
144 141
38 53
145 96
65 117
85 109
102 1
5 110
135 32
26 54
129 149
55 125
128 80
87 30
74 146
127 58
59 101
146 136
58 121
99 98
72 40
9 93
17 29
135 19
94 96
97 21
15 94
144 147
106 64
78 5
83 95
136 113
61 75
30 115
111 27
21 65
112 33
25 78
141 32
58 148
65 86
143 20
129 36
21 62
70 59
39 4
105 96
26 140
75 80
93 62
63 148
137 134
63 61
29 149
26 36
34 147
132 132
79 6
72 30
120 44
128 112
126 22
76 141
138 74
118 6
67 146
86 53
132 55
143 104
0 66
3 1
70 55
97 46
10 3
35 70
60 21
21 66
48 87
25 142
10 44
25 24
6 48
23 122
18 148
44 9
135 61
134 134
130 55
95 85
70 50
40 146
126 139
80 1
133 4
146 68
32 23
55 146
57 138
86 21
128 36
81 118
11 134
98 25
9 69
31 143
99 147
27 117
34 19
142 25
15 115
14 12
84 0
92 26
84 67
132 20
55 10
75 130
104 72
44 10
23 124
137 57
78 88
113 111
71 103
138 75
11 39
133 23
3 148
69 17
38 15
136 99
114 38
138 20
48 109
47 101
123 17
15 87
91 128
9 40
81 48
98 55
96 6
122 109
129 0
91 69
127 30
92 86
59 7
21 72
22 31
21 88
100 101
62 93
130 61
78 119
130 124
0 133
142 118
15 129
143 89
2 84
112 78
22 41
40 102
101 149
87 12
81 55
33 60
2 39
65 108
37 65
59 120
92 21
136 94
136 50
54 0
27 13
25 132
128 24
115 42
50 137
74 114
61 46
35 102
16 94
116 127
31 117
93 92
77 94
99 128
35 37
80 109
75 112
29 136
47 100
144 22
59 36
81 61
99 113
96 145
19 147
75 138
53 56
16 149
142 37
28 70
132 23
37 20
76 102
146 89
135 130
56 113
14 147
134 118
22 82
137 59
5 71
22 32
22 137
45 129
135 140
33 94
77 35
45 28
7 50
51 142
33 134
40 62
20 109
92 66
27 3
4 89
63 8
34 32
26 15
20 139
12 141
41 140
137 68
9 17
86 145
76 80
133 23
63 96
63 46
48 82
121 49
106 10
34 20
122 116
120 59
24 134
141 115
31 111
44 108
48 9
110 42
55 116
99 122
11 7
110 116
120 111
41 135
23 75
85 49
54 79
113 141
113 109
4 19
42 43
142 125
63 135
34 61
80 0
121 118
91 88
46 134
102 145
37 112
20 11
142 138
27 33
81 29
129 124
137 97
87 6
5 104
54 104
6 36
110 81
28 135
8 36
13 99
127 87
25 94
27 59
94 13
138 55
5 58
68 104
94 60
21 50
70 38
41 99
113 64
44 19
109 90
118 113
76 121
72 89
38 139
47 118
34 27
68 29
101 31
106 135
76 115
143 34
135 131
10 41
7 50
116 94
119 126
83 24
13 11
87 1
59 25
83 90
97 41
43 46
62 98
23 140
52 5
85 89
55 31
104 58
67 130
76 36
1 63
2 49
112 105
57 65
62 137
148 127
144 118
112 143
147 75
13 1
82 78
72 131
86 112
83 15
43 3
104 53
12 95
76 124
51 29
52 134
4 130
97 121
85 101
10 133
143 25
5 104
103 97
144 36
14 115
61 18
119 38
76 111
63 58
111 9
140 73
105 115
143 110
91 136
33 63
142 127
132 55
135 116
27 21
28 44
36 132
21 19
54 103
14 16
54 100
87 115
142 134
58 26
38 93
0 68
92 38
6 104
43 0
18 136
17 55
30 121
33 2
130 20
34 125
96 21
12 78
85 52
12 137
99 95
11 111
133 114
10 128
34 125
82 33
25 118
31 147
63 134
34 18
16 31
46 93
30 99
17 9
102 32
121 118
63 31
56 137
1 112
92 29
71 55
95 87
123 95
21 89
95 47
40 30
66 121
43 30
23 3
56 49
142 130
15 94
105 1
138 47
31 13
81 143
139 8
48 84
37 103
64 33
138 6
22 76
130 90
51 126
98 131
126 71
133 34
81 86
44 106
6 54
97 64
8 138
145 101
99 41
95 34
115 5
120 37
69 67
22 53
138 28
139 36
36 86
82 129
1 3
17 104
125 8
137 53
146 7
59 92
78 130
93 137
126 25
90 78
72 19
12 38
79 106
85 32
137 109
99 130
116 46
87 73
63 13
6 80
103 121
120 30
40 101
104 15
77 45
18 138
114 27
84 125
37 141
52 3
106 50
83 42
64 79
135 134
59 145
94 93
40 38
57 18
72 115
139 54
11 103
111 43
119 70
41 43
67 83
7 97
116 27
20 12
10 67
36 40
128 121
100 65
70 55
108 39
87 43
36 1
11 109
11 50
113 23
57 29
45 34
108 12
96 31
64 20
134 26
36 112
120 134
16 32
107 125
78 52
16 122
19 85
116 80
15 125
23 36
3 108
33 52
113 66
118 6
77 63
149 8
113 42
113 91
33 88
132 86
58 90
34 1
143 21
22 138
30 124
89 131
58 78
112 12
138 115
111 57
139 144
122 33
66 136
127 73
52 45
137 120
73 83
68 42
111 107
142 124
35 17
7 73
20 141
23 54
114 46
132 94
58 75
78 75
120 143
124 39
86 112
142 76
17 131
135 70
148 124
94 127
140 26
84 70
45 68
149 102
87 103
79 105
35 107
11 97
108 35
86 80
45 2
48 1
43 128
99 56
19 0
23 83
142 1
106 58
110 45
146 61
1 53
111 147
145 26
19 138
3 94
51 129
138 66
138 149
140 17
41 69
146 107
131 39
8 5
31 46
64 76
70 109
22 7
109 48
88 85
35 85
48 130
144 113
83 14
74 84
117 103
17 76
83 122
106 33
87 129
90 131
128 128
15 40
108 47
10 148
14 26
112 26
62 44
87 118
132 10
66 51
20 128
64 36
69 55
91 43
100 47
138 37
21 19
31 43
112 63
121 96
93 142
145 5
45 88
55 25
94 35
50 131
12 7
90 83
107 148
136 134
142 131
122 75
45 112
4 76
44 92
2 100
61 75
72 78
96 39
58 113
119 4
41 42
108 77
84 97
0 59
5 11
5 37
15 79
106 124
137 42
21 60
116 92
24 60
5 17
128 79
46 79
83 70
62 78
77 10
148 33
26 126
19 90
59 46
108 104
120 11
139 130
74 78
85 27
126 55
81 107
70 145
44 48
141 93
91 42
31 117
51 82
146 120
12 84
109 106
124 126
88 86
2 46
51 140
133 126
49 82
114 73
138 143
85 43
91 113
3 40
78 51
18 79
141 127
54 94
63 34
134 119
93 16
72 148
44 74
145 130
113 60
145 18
21 64
68 53
102 35
121 89
49 94
102 139
140 61
92 42
25 140
138 98
76 9
92 93
76 143
132 0
99 7
22 109
31 142
70 27
7 57
117 56
6 31
61 147
66 54
5 24
93 113
7 75
32 13
75 108
128 74
71 48
63 85
104 89
94 73
6 3
68 70
146 125
60 83
103 13
27 138
136 146
89 41
37 133
14 43
15 121
81 79
22 19
68 56
45 23
19 71
143 54
72 143
85 15
111 29
147 24
103 132
136 80
112 23
1 29
82 82
117 22
141 133
20 31
12 12
101 77
58 76
75 47
141 70
70 70
32 146
139 12
120 76
18 34
39 53
121 85
136 67
129 110
13 47
91 69
28 128
73 54
54 16
7 59
67 12
25 119
90 65
27 16
73 9
35 70
20 72
87 114
74 123
10 18
56 59
123 14
142 113
29 137
67 46
98 42
43 106
127 5
18 86
54 137
7 147
149 4
61 65
41 18
52 54
121 34
54 93
102 120
45 66
100 60
70 143
35 55
33 44
58 24
40 8
65 27
13 48
81 74
145 59
92 2
78 31
33 38
30 118
70 44
58 80
26 8
0 144
17 130
83 92
62 40
10 30
131 6
118 42
114 87
79 99
9 36
59 134
61 63
77 93
112 95
77 103
45 76
22 39
69 15
138 18
70 53
73 47
43 24
90 115
27 27
131 102
62 60
77 9
6 140
99 127
9 87
48 39
85 104
6 146
54 116
23 141
126 30
146 99
85 45
23 110
141 120
89 18
24 46
106 22
17 98
113 63
29 95
46 68
71 125
36 132
31 67
67 135
16 50
121 72
90 76
121 18
45 71
77 22
9 54
41 131
92 45
138 122
0 92
55 8
122 134
15 108
75 103
0 59
148 89
99 79
68 96
111 59
13 22
21 116
77 36
112 11
79 28
92 92
106 93
95 133
148 28
89 48
141 48
67 24
101 87
64 50
59 58
112 149
77 11
124 84
89 52
94 134
80 101
145 125
93 0
102 37
148 103
50 107
47 42
38 31
89 72
51 127
63 56
141 116
48 39
24 134
147 46
83 145
29 12
149 1
106 106
93 108
58 53
30 37
135 113
117 95
48 58
120 89
118 4
32 36
55 43
141 121
12 113
10 35
40 103
14 42
30 122
51 136
18 114
78 38
136 92
62 105
42 89
5 93
55 18
67 94
60 7
52 144
101 52
109 80
70 92
122 148
121 131
81 51
132 30
17 74
133 86
4 139
16 24
145 135
21 60
62 8
79 113
63 83
107 53
27 62
16 102
62 57
92 61
111 140
105 92
45 43
121 119
110 126
83 60
49 140
58 121
30 130
74 64
141 40
42 25
147 5
97 142
133 115
19 5
85 58
95 18
118 126
87 72
148 80
115 146
23 122
107 67
121 13
130 134
129 21
51 19
17 71
72 58
120 83
11 98
33 122
142 107
12 34
36 4
105 103
63 9
57 32
149 20
106 102
4 130
121 52
94 35
137 112
112 13
64 131
115 4
99 123
108 34
48 93
50 122
108 38
58 145
73 107
30 63
122 1
35 60
9 138
78 107
93 56
126 79
84 15
66 65
107 109
19 70
140 12
9 127
118 45
66 91
14 56
102 134
20 38
5 89
145 64
127 42
97 79
108 53
147 9
36 148
135 75
57 129
24 106
128 120
84 88
108 44
109 20
107 71
143 89
39 136
134 95
23 86
77 132
128 85
54 78
137 6
64 78
18 17
34 16
46 115
127 123
122 118
57 116
85 32
72 138
31 35
84 56
57 127
15 73
37 113
41 99
57 144
108 63
2 141
63 20
19 101
125 74
18 52
111 101
120 82
64 64
2 23
2 18
77 45
23 0
49 22
69 44
125 13
73 46
89 127
14 86
130 133
52 115
4 134
15 105
93 52
35 61
33 3
23 71
29 68
64 67
6 40
144 72
138 98
145 141
125 23
15 104
116 5
28 121
101 71
137 35
121 82
57 72
110 6
55 82
3 99
134 110
42 107
128 38
62 147
4 62
108 26
61 136
37 66
67 123
146 96
25 58
19 39
96 6
117 1
72 94
79 48
81 70
100 53
135 53
29 1
92 3
66 9
31 16
116 142
12 57
5 59
92 54
53 0
114 112
40 8
80 97
47 71
5 0
134 47
18 9
55 66
64 20
53 28
31 129
63 94
5 97
81 71
82 10
1 149
52 8
112 66
101 114
45 72
51 80
73 137
23 102
126 65
109 39
65 112
15 59
11 0
30 100
19 148
121 70
45 85
104 32
82 115
39 6
106 6
77 139
71 5
80 96
107 69
24 32
60 109
30 64
27 113
129 132
61 124
73 50
135 103
14 55
148 50
7 47
57 67
113 64
53 65
4 143
17 126
96 106
119 135
138 139
105 91
64 61
110 74
1 147
73 147
20 45
68 56
131 124
149 115
138 122
42 51
89 120
62 85
95 145
121 22
51 129
103 41
135 78
71 59
109 138
94 149
47 7
48 46
108 104
140 146
149 37
14 136
53 93
110 89
135 121
75 35
70 140
65 10
148 10
149 69
84 116
34 107
31 59
84 92
53 116
87 14
44 122
43 92
50 22
51 129
121 74
99 131
65 107
34 12
33 9
73 16
118 64
145 37
63 123
127 32
52 106
111 52
81 38
140 103
70 71
27 125
25 90
123 102
26 145
131 40
17 41
127 94
57 29
23 72
10 43
116 28
84 128
9 88
98 104
40 16
59 84
2 147
65 132
95 17
40 91
54 147
82 54
31 24
7 2
1 129
116 68
107 77
130 68
3 147
134 29
35 22
134 90
146 53
113 35
126 143
45 143
130 55
71 2
136 66
6 98
121 37
49 51
46 50
144 9
46 133
123 57
136 105
21 65
39 108
128 45
3 35
38 48
36 46
70 64
115 25
8 57
148 69
98 102
107 112
8 146
117 102
41 71
127 71
49 101
71 20
131 148
10 91
110 113
17 132
70 48
123 72
55 129
47 77
141 60
47 143
22 95
6 94
129 106
26 124
29 7
54 48
59 115
24 12
2 13
143 124
34 90
41 35
90 44
89 129
147 23
134 113
68 46
138 35
81 13
149 44
82 23
12 9
105 8
37 34
43 85
135 119
113 107
87 114
26 110
65 108
128 69
124 99
64 4
115 7
85 2
127 106
61 15
77 105
141 8
65 75
110 110
111 68
31 104
87 138
59 95
109 109
5 91
10 85
102 138
39 123
56 48
114 115
112 64
27 13
109 12
79 11
144 83
82 87
14 145
100 108
108 120
103 137
2 44
136 19
110 54
88 1
74 84
133 79
94 109
118 132
146 111
22 30
61 74
22 31
110 105
13 120
48 126
110 47
121 15
120 129
36 75
52 95
56 67
82 81
136 1
122 52
30 49
4 52
15 17
67 148
0 91
10 127
50 49
66 13
18 66
42 58
53 82
11 12
36 30
43 84
98 16
90 48
91 28
79 82
130 142
98 134
59 123
88 115
80 126
32 62
59 140
100 54
121 35
79 47
14 72
56 22
113 82
54 11
140 63
2 119
27 130
77 43
90 3
19 98
82 112
124 11
8 94
89 141
105 144
57 119
124 79
2 104
148 29
128 67
59 98
116 5
113 56
55 136
90 104
136 125
102 20
92 110
28 139
50 46
91 22
88 1
10 59
46 94
131 16
118 144
116 19
147 15
114 73
88 49
25 147
149 97
15 28
7 94
129 55
75 64
71 125
102 42
44 36
36 108
11 127
125 13
54 46
108 67
6 138
46 110
104 92
99 119
127 39
1 44
3 10
114 117
89 94
81 9
139 52
92 58
65 28
0 42
25 37
70 2
62 121
86 41
143 4
90 15
141 53
26 139
28 24
80 36
117 131
60 131
115 77
59 48
54 139
57 42
62 69
33 101
80 63
111 24
121 56
65 125
42 113
36 35
117 37
80 100
148 19
80 81
15 123
52 24
133 111
95 76
121 124
142 91
46 26
54 24
129 130
66 89
32 28
137 45
74 135
126 40
73 10
4 3
82 29
135 34
78 75
72 125
50 63
23 86
42 9
122 143
79 117
85 124
80 92
4 144
13 133
149 95
99 50
145 74
137 129
37 123
84 71
131 111
12 58
139 85
23 101
72 109
97 87
144 123
54 50
64 2
57 32
118 29
146 103
142 99
24 128
145 20
124 139
7 121
147 61
2 98
102 125
89 76
89 141
117 30
63 72
68 117
31 0
149 141
16 17
30 42
101 143
93 27
61 43
100 86
124 117
106 106
98 77
19 53
147 35
9 124
133 48
116 37
8 130
17 99
1 139
140 55
53 108
130 51
87 102
133 95
7 87
69 65
34 70
2 146
14 149
144 123
34 125
112 112
140 71
27 109
73 111
86 58
113 18
129 132
0 62
24 38
26 6
140 51
59 143
9 111
139 8
54 28
30 116
128 121
124 24
25 37
94 93
147 122
146 139
140 117
11 35
55 47
53 143
87 137
42 118
137 27
76 93
78 48
45 145
75 26
26 80
146 38
132 24
66 33
105 21
54 71
43 35
99 98
56 104
60 133
149 101
77 87
58 126
64 66
75 24
78 16
34 89
42 24
1 33
32 143
80 103
117 45
93 133
132 40
30 43
84 127
70 75
92 71
98 16
34 96
14 119
52 67
86 92
88 98
128 72
7 132
26 109
2 29
30 13
12 75
54 42
92 64
26 110
23 86
120 95
8 111
7 96
71 105
77 17
98 54
51 113
85 147
67 119
126 49
103 23
37 8
98 86
135 102
72 23
138 89
54 96
62 105
138 40
14 82
76 71
133 122
125 118
100 124
114 108
26 119
18 21
47 101
72 61
122 103
3 76
79 107
31 121
130 22
116 29
103 23
69 1
67 75
8 51
120 121
38 99
61 87
148 70
113 74
147 49
131 131
137 140
30 66
141 146
121 131
107 30
40 115
46 33
43 111
109 44
25 59
137 43
87 14
85 147
27 28
30 90
20 113
40 91
144 87
16 133
110 51
143 146
21 40
27 40
149 120
109 0
79 75
47 145
118 55
139 15
149 108
119 72
5 2
53 99
1 37
48 88
122 29
52 84
27 2
81 75
97 129
131 112
82 149
20 75
25 63
55 35
36 67
107 34
89 71
128 78
142 1
28 87
82 24
110 78
3 55
73 26
6 84
56 39
34 131
12 38
91 58
20 44
144 101
100 76
67 41
86 97
98 27
43 146
148 106
40 89
46 148
71 51
104 68
40 55
132 76
49 78
59 97
80 84
17 90
49 92
56 9
111 88
84 13
95 82
54 25
5 38
98 88
144 51
24 21
20 84
67 40
72 60
98 133
44 100
37 70
2 1
43 97
33 72
78 0
38 16
45 67
45 19
48 49
126 40
139 65
12 12
38 144
111 18
25 131
80 58
52 26
33 148
30 93
130 127
57 102
2 136
84 101
16 94
62 143
33 17
110 21
140 109
116 87
39 50
1 66
78 89
39 112
119 134
19 147
35 89
56 102
130 149
130 138
149 149
55 19
26 99
60 42
112 109
44 109
114 51
139 120
140 129
37 11
3 94
66 62
99 116
71 115
9 144
148 9
136 33
69 147
143 104
16 118
110 30
48 118
27 61
32 64
108 125
52 18
38 67
38 33
32 122
98 70
3 36
8 100
99 106
21 113
61 136
76 26
22 135
57 75
29 135
110 30
120 24
14 32
59 75
26 43
20 104
21 111
102 15
69 0
51 31
98 95
93 9
92 115
149 74
29 50
55 134
20 89
66 105
32 78
62 119
76 149
16 117
113 135
25 125
139 40
33 140
12 140
102 146
82 124
109 99
131 141
54 41
27 31
8 67
120 126
106 114
82 108
60 126
143 25
12 47
22 87
127 25
97 44
108 67
60 130
117 104
35 20
147 81
57 90
49 75
136 114
106 101
61 80
20 68
105 107
58 145
52 106
141 15
12 118
138 62
130 13
96 110
37 118
68 90
86 119
53 31
87 13
148 54
76 82
122 21
28 2
120 123
91 70
100 95
18 51
2 27
57 7
147 122
14 73
5 39
33 105
106 15
140 143
109 127
142 14
73 0
125 4
59 22
34 23
122 33
0 140
65 102
75 79
5 2
96 138
14 93
123 139
4 23
125 20
20 97
122 42
4 149
88 39
66 57
86 149
118 93
9 146
6 100
115 91
141 94
30 126
90 16
33 115
82 36
43 75
13 15
91 63
146 33
98 82
76 101
41 137
41 111
44 25
124 137
2 110
142 71
144 107
101 46
127 143
29 17
146 35
33 142
129 146
18 65
100 73
134 120
8 83
120 51
23 61
117 108
19 85
142 86
73 148
90 100
56 23
27 58
144 10
116 17
78 85
126 112
99 5
84 118
105 111
65 132
148 31
125 16
0 44
97 120
21 109
83 40
38 123
41 5
86 121
84 149
149 97
133 139
0 121
107 69
67 132
108 139
78 109
113 113
79 125
34 22
31 18
61 95
146 36
13 133
52 139
139 139
49 69
55 77
57 48
116 95
126 133
79 100
110 86
54 84
137 16
145 132
68 121
82 131
26 113
36 40
138 44
32 115
142 9
53 0
62 13
59 115
21 12
86 72
135 17
109 138
116 126
0 144
139 134
124 23
114 43
72 87
2 92
136 123
145 0
87 140
105 35
10 0
104 27
25 73
29 93
123 13
17 47
46 59
76 22
32 116
35 142
141 22
96 135
118 53
2 125
53 2
108 124
98 4
59 88
76 103
85 137
10 90
32 133
28 70
37 141
85 137
104 4
78 41
113 0
110 29
111 112
45 107
122 25
131 123
53 44
148 46
94 39
137 78
58 56
69 6
52 83
73 39
41 7
77 19
45 72
17 32
95 63
148 67
133 31
41 87
92 75
121 106
26 67
112 110
137 123
112 97
78 147
58 100
128 46
113 45
143 87
37 101
22 112
18 61
134 92
81 147
149 56
107 19
65 66
44 124
58 8
95 5
112 100
14 97
14 88
118 9
94 0
38 57
63 72
124 147
103 45
29 121
126 83
79 67
97 29
100 114
133 29
83 102
89 142
66 1
84 125
10 44
38 18
83 7
21 83
34 15
124 109
90 87
61 62
127 26
91 115
71 19
137 64
102 145
9 149
32 78
90 100
131 39
118 33
33 105
121 124
92 116
105 130
90 134
4 7
43 149
17 59
56 12
47 22
40 73
97 111
25 11
63 5
89 147
117 91
91 90
45 13
21 35
12 26
90 34
75 79
17 141
95 0
119 57
29 139
141 70
143 5
7 89
148 83
5 82
5 127
9 76
142 142
118 3
102 101
108 77
2 14
126 58
90 71
110 111
63 132
44 138
126 85
94 33
11 142
140 75
51 142
107 130
97 25
95 136
39 25
55 82
136 54
0 87
148 131
7 10
122 2
84 14
59 56
120 134
25 22
63 136
27 31
123 12
73 99
71 73
74 96
133 82
48 129
38 146
53 39
100 126
66 149
57 146
63 138
87 54
51 11
121 6
77 43
59 130
64 124
1 103
26 50
0 28
78 104
80 14
138 135
17 129
86 39
21 69
28 92
96 49
77 27
135 22
55 61
70 61
59 20
60 141
67 145
51 133
94 71
33 43
47 147
65 90
144 97
21 32
103 42
118 3
65 55
85 49
21 26
109 4
59 15
52 63
51 58
47 78
63 140
17 125
30 11
87 36
50 28
141 46
67 82
94 21
146 101
149 34
73 97
97 25
142 120
62 105
126 37
31 118
21 2
83 6
10 51
83 35
15 61
18 110
84 44
136 148
134 122
105 103
124 145
69 32
95 87
103 88
59 89
125 28
18 69
135 25
63 78
31 83
143 129
21 144
101 20
33 5
68 7
118 56
61 140
116 141
56 13
99 32
13 145
113 2
36 102
114 133
12 100
40 64
69 77
78 22
115 77
40 131
145 7
29 80
1 16
131 96
135 49
115 35
129 44
8 31
14 145
148 124
98 77
65 98
55 95
87 35
133 51
121 146
107 52
96 88
149 9
146 81
24 2
47 113
145 73
111 69
88 37
3 93
75 89
98 37
63 72
114 33
140 101
144 90
102 57
148 108
89 25
126 28
137 76
134 54
73 36
82 145
102 113
116 143
61 127
147 54
133 94
135 32
74 16
96 90
7 46
7 24
26 83
42 76
43 145
103 142
84 4
85 15
31 111
73 119
28 1
98 39
141 36
128 18
2 4
43 86
39 12
14 22
141 127
42 55
138 103
52 92
123 122
56 97
125 100
54 74
108 11
91 16
53 59
94 51
78 144
29 26
2 121
109 107
79 17
27 87
59 22
108 77
108 119
16 47
137 16
104 124
24 86
100 90
96 31
89 39
113 77
26 28
138 55
38 118
80 120
60 121
65 94
38 136
135 51
71 64
82 146
28 100
19 31
76 142
96 116
130 123
31 67
31 16
24 24
78 149
129 119
90 1
74 75
33 14
73 3
85 131
8 143
72 113
131 54
85 143
32 98
125 41
126 73
141 143
99 20
49 76
52 52
19 141
102 144
3 47
79 58
15 56
120 119
31 19
47 32
36 61
4 104
11 109
34 26
94 141
8 145
18 100
70 12
47 63
126 134
143 25
84 140
46 98
103 91
44 40
58 46
34 92
100 8
72 53
64 110
67 144
140 22
133 42
65 34
143 128
42 38
24 124
106 2
82 122
83 76
49 46
128 106
53 13
56 50
63 46
95 88
66 141
45 133
22 31
4 53
52 85
137 125
100 131
104 86
108 6
57 18
102 3
138 29
131 121
17 131
138 142
74 39
70 137
100 134
5 113
126 65
115 50
75 75
105 94
52 125
75 14
114 55
125 88
35 21
131 71
37 108
72 141
111 58
129 30
79 28
31 133
149 117
87 94
53 62
130 48
83 149
67 144
131 26
74 63
77 45
92 142
81 108
90 27
14 40
92 42
90 75
74 69
140 84
19 9
41 128
37 123
63 110
39 36
39 26
66 66
38 92
117 132
120 53
25 108
144 144
146 103
19 8
126 114
103 33
80 4
10 80
94 19
134 7
122 93
136 109
149 106
11 131
68 120
33 26
105 27
130 126
91 128
79 23
33 8
69 11
8 92
63 103
76 44
137 136
65 42
104 145
71 26
43 3
48 70
141 127
10 54
30 124
18 12
77 127
143 132
143 13
99 144
65 47
119 5
108 19
29 17
46 70
106 76
0 12
9 133
36 63
123 95
49 33
120 53
140 1
79 19
149 34
51 124
24 10
29 78
37 103
72 83
6 79
117 86
19 149
77 113
65 114
120 12
72 59
118 124
88 79
39 110
54 122
96 16
97 99
124 78
54 31
18 77
103 66
139 111
103 73
100 55
11 26
30 117
20 53
107 23
20 123
29 107
79 148
119 56
13 67
98 70
100 136
42 20
1 55
102 134
136 124
5 116
116 99
95 124
128 146
85 5
87 86
111 91
54 27
69 101
117 55
4 61
85 142
114 49
48 58
119 9
132 3
85 2
124 35
47 16
16 114
24 129
95 142
68 119
120 12
88 102
13 92
9 133
113 104
80 4
62 63
128 9
46 7
129 55
88 140
12 138
57 20
1 95
97 8
33 144
136 58
118 74
89 131
1 68
76 39
84 79
105 44
101 45
72 56
17 144
56 114
149 122
66 75
99 78
45 121
58 10
118 121
108 43
84 32
94 134
47 10
94 13
57 89
83 0
141 97
92 128
121 78
69 91
133 7
19 18
38 36
89 93
42 49
94 16
67 8
133 91
102 31
146 127
57 11
107 24
111 146
22 134
50 81
106 86
36 104
139 45
27 59
146 98
57 17
121 12
103 33
146 48
51 101
7 49
122 29
137 24
17 80
110 14
141 59
44 56
8 112
17 29
133 106
67 21
99 142
139 145
26 97
5 18
101 90
78 33
80 34
16 148
25 145
34 22
141 119
80 140
19 133
65 104
107 59
111 119
36 41
89 147
89 147
37 72
146 147
120 46
140 120
43 82
45 121
96 58
43 119
49 82
79 110
72 72
136 100
9 144
21 1
44 6
8 42
113 60
92 73
12 30
48 97
7 18
71 69
103 18
57 65
77 0
90 10
64 19
32 124
15 31
32 133
14 52
86 24
95 134
108 50
106 41
39 22
37 52
126 89
83 32
22 81
75 135
35 73
20 112
47 108
57 105
42 2
54 91
53 59
10 119
83 70
26 37
122 126
77 115
49 79
109 78
1 5
2 56
134 15
4 45
40 136
64 106
16 43
45 76
16 55
18 23
143 70
113 146
143 75
115 45
120 14
32 15
135 44
25 30
75 71
23 116
142 142
137 31
72 73
59 85
144 10
5 145
17 8
9 49
76 62
100 50
16 53
31 72
118 46
69 112
120 74
82 101
27 45
27 77
113 18
41 22
134 135
96 20
96 39
120 79
134 141
128 14
133 141
98 119
16 94
101 139
132 143
81 122
142 72
84 18
22 58
110 105
24 97
117 40
89 99
96 112
84 28
132 4
12 71
23 111
110 11
95 51
130 14
11 9
111 26
35 31
86 124
58 56
0 127
76 148
96 116
85 102
43 34
71 117
86 18
101 5
32 91
40 26
39 20
124 135
21 72
127 10
56 110
129 105
60 21
40 97
123 5
138 50
105 111
134 24
129 116
112 35
12 143
6 120
105 57
34 51
45 120
10 6
108 19
77 13
94 48
139 51
142 3
25 25
52 82
35 124
127 142
39 61
16 137
37 112
103 20
36 21
20 141
56 143
48 93
41 141
49 80
57 127
7 11
64 84
48 78
132 30
94 88
72 35
72 134
125 59
18 79
119 34
72 8
85 147
123 147
84 67
12 36
141 108
20 7
34 73
39 61
19 58
84 99
4 47
127 100
39 3
117 42
133 114
126 124
32 49
140 104
68 70
30 11
80 39
80 93
95 33
54 40
18 86
16 139
24 52
57 102
31 130
89 32
119 77
143 119
108 1
64 58
37 78
7 84
75 62
118 118
5 73
114 8
38 13
14 24
111 73
15 4
72 101
90 12
36 92
126 92
149 119
108 94
136 33
79 86
124 31
75 10
123 98
96 14
28 146
43 39
93 69
9 75
76 66
104 62
11 32
34 79
71 147
25 0
145 126
25 35
139 126
138 113
136 60
122 95
53 135
6 102
17 103
43 34
106 102
107 38
31 127
60 25
9 39
86 125
5 145
15 15
12 27
35 82
121 61
35 5
73 90
80 113
27 19
49 142
22 137
107 84
58 63
60 145
129 66
85 36
78 66
33 82
117 141
105 72
27 105
59 123
124 72
118 108
74 75
45 4
14 43
95 136
57 119
71 47
42 74
11 49
69 18
120 16
64 118
115 94
107 51
99 73
136 120
37 23
121 111
94 49
68 82
6 95
6 57
100 76
120 92
7 139
134 50
100 2
131 130
30 65
144 133
74 131
25 70
62 58
48 63
115 38
125 82
36 54
102 141
64 122
37 65
81 7
132 87
42 140
123 142
120 22
138 66
46 58
83 16
7 29
142 106
102 120
105 93
89 143
149 47
11 17
112 80
9 64
140 49
137 138
144 56
130 120
129 24
81 26
37 79
22 58
55 139
30 42
9 66
119 62
102 126
59 127
25 134
91 118
131 38
11 9
88 36
106 119
59 66
29 116
6 37
42 113
140 51
32 15
3 1
126 144
139 139
82 33
9 147
113 144
4 94
128 100
76 24
148 87
77 0
50 101
43 135
41 101
23 130
123 88
148 108
78 4
7 96
106 21
69 44
1 36
11 123
69 0
8 38
25 70
106 40
116 55
91 42
82 18
149 112
53 145
5 149
73 84
147 117
133 26
16 82
10 121
84 56
105 80
121 6
70 4
66 42
16 113
126 62
57 44
119 120
142 108
17 99
78 72
147 10
121 18
16 66
14 99
113 128
134 25
3 118
82 89
15 136
88 148
17 89
122 140
73 60
25 38
80 18
104 134
66 31
57 131
5 39
141 115
111 48
102 89
7 149
32 20
135 81
97 27
78 81
103 88
140 32
53 106
129 18
56 106
126 117
31 114
15 20
133 76
75 125
91 64
4 146
32 92
74 39
59 78
142 103
145 59
0 122
97 55
16 136
124 49
94 146
0 77
95 137
146 117
55 95
58 123
23 89
102 29
14 103
44 62
12 145
95 93
42 69
65 147
95 142
33 49
21 10
139 109
60 117
3 98
127 53
118 86
116 102
50 145
133 20
33 47
86 72
95 58
26 129
18 51
59 102
28 102
118 11
60 9
125 148
5 70
60 64
145 71
100 127
16 143
103 36
110 135
84 54
0 140
89 22
30 124
50 144
65 46
41 36
23 34
60 144
41 54
75 51
27 111
6 110
147 130
8 49
67 135
73 97
146 97
15 67
72 9
66 139
31 85
87 35
134 55
73 57
34 123
38 13
27 127
18 125
25 33
115 101
90 54
96 137
97 53
115 147
143 78
57 139
68 65
67 64
137 4
141 62
37 141
53 103
114 30
67 32
32 96
106 133
99 45
133 10
110 149
68 36
64 22
125 141
5 137
121 141
138 85
55 41
134 48
20 129
1 35
67 81
81 2
66 104
77 149
50 33
21 118
119 47
132 21
7 92
65 131
148 52
2 29
142 31
32 132
112 113
22 144
60 149
7 68
121 64
44 49
128 0
13 89
97 53
77 127
144 42
6 105
7 10
60 85
113 72
71 18
13 139
137 77
65 32
43 144
1 5
36 8
7 81
29 39
63 137
72 83
135 123
69 17
16 54
41 148
145 90
82 98
65 57
7 131
128 77
70 81
86 95
106 107
131 123
1 94
140 41
120 26
35 60
130 74
18 28
118 86
18 82
31 145
117 21
4 76
132 85
49 48
67 141
63 129
144 49
110 42
11 33
23 76
21 101
50 3
145 132
49 39
34 47
11 147
17 130
7 24
2 100
8 62
91 119
142 29
2 107
35 13
81 141
66 14
94 22
141 127
83 37
115 66
142 69
74 50
35 81
22 98
87 2
149 74
62 112
140 54
35 115
107 28
8 34
65 53
66 74
78 42
131 120
27 36
25 33
69 113
36 136
28 53
54 75
7 112
26 75
22 123
69 70
118 81
82 35
19 46
4 85
22 112
123 7
78 27
12 21
129 140
141 38
85 142
34 76
117 111
13 34
12 54
148 19
142 129
6 149
144 103
3 3
78 149
54 91
51 55
104 68
72 13
70 22
69 37
62 129
106 60
86 42
6 66
94 21
13 36
99 30
132 123
89 44
4 24
77 54
43 64
22 9
106 145
3 89
44 128
80 50
99 40
118 56
122 39
19 79
3 109
78 116
18 90
134 37
133 37
100 28
130 85
85 91
117 149
65 148
91 54
2 115
74 141
85 58
36 113
125 8
136 46
3 131
144 127
88 32
112 17
145 36
12 49
28 81
132 21
77 25
119 134
88 18
0 129
119 7
34 41
139 67
132 97
146 146
68 49
86 133
31 9
51 16
93 101
41 8
33 124
121 125
95 75
148 130
121 94
38 146
20 97
50 89
136 112
53 69
97 89
92 142
46 5
51 25
36 124
46 86
18 2
23 43
146 115
107 83
78 119
148 49
119 103
32 94
10 138
101 89
92 111
129 116
88 103
1 102
31 70
85 148
88 129
144 110
117 55
80 60
61 63
16 106
16 123
24 133
29 23
134 113
59 122
104 54
77 106
60 123
74 96
100 82
65 79
32 85
50 46
72 46
148 47
94 105
83 16
45 62
43 7
74 136
143 133
27 97
88 90
25 44
74 123
41 8
73 3
66 145
66 59
81 88
39 66
72 100
75 81
92 141
64 76
99 39
50 80
129 114
70 140
4 96
46 95
73 76
53 29
81 111
114 103
121 111
22 97
25 39
30 59
115 30
101 69
110 2
1 36
110 12
0 67
53 145
32 142
52 10
85 66
76 122
64 131
141 66
60 82
13 120
16 135
114 129
28 38
107 108
50 1
48 19
83 35
37 89
24 139
23 4
113 143
73 141
103 90
30 47
106 129
94 128
66 35
94 98
106 53
31 42
114 84
91 108
33 118
90 30
133 132
62 148
85 107
140 65
47 116
109 113
77 72
78 89
111 138
61 1
98 115
80 0
89 118
58 133
75 145
76 143
7 133
132 22
9 118
124 29
42 133
73 131
146 118
56 11
136 146
15 87
147 15
56 61
16 75
107 65
97 145
125 20
22 55
141 128
111 142
118 95
87 56
85 113
144 97
147 133
84 6
71 148
64 27
29 11
47 79
84 80
73 143
83 79
97 149
105 98
114 31
34 26
101 8
49 83
6 59
118 84
111 94
86 42
149 30
27 84
9 11
124 108
47 90
65 64
26 106
113 131
62 109
45 57
63 21
140 1
83 37
21 44
124 81
134 12
120 131
124 81
45 12
148 101
30 101
103 133
1 74
95 140
109 69
139 7
55 28
131 55
68 24
114 11
110 117
66 73
10 101
68 34
120 19
99 126
62 116
95 4
96 55
62 33
108 63
51 67
16 18
0 45
121 98
52 2
5 115
16 61
61 149
95 59
111 27
107 3
12 26
69 24
40 15
45 87
129 33
91 58
61 24
147 146
122 131
33 129
116 60
9 138
115 106
68 108
115 110
40 62
38 39
21 42
149 134
18 10
121 104
141 45
52 139
101 99
94 109
92 81
91 118
43 48
14 75
118 64
34 149
14 70
57 13
12 139
37 37
129 54
21 6
133 140
11 76
104 19
133 96
62 31
107 144
103 39
2 108
110 146
143 111
69 96
146 83
146 71
61 78
149 12
96 38
107 106
100 105
35 125
67 70
44 148
137 130
65 55
110 96
142 110
118 60
113 120
113 31
85 81
55 94
13 88
124 26
114 133
136 37
100 117
17 134
115 91
93 74
69 97
123 135
12 61
99 119
149 132
131 86
118 122
14 123
85 52
81 129
107 86
34 0
68 99
21 62
90 37
136 133
74 27
72 12
29 80
72 136
60 38
38 70
26 149
36 71
57 38
51 2
112 7
114 38
1 48
63 2
87 17
74 121
3 121
121 59
121 86
53 17
79 107
124 122
37 72
38 137
29 56
14 69
118 16
149 106
32 80
73 32
16 88
129 138
143 55
32 49
72 126
83 67
108 15
76 68
16 138
107 20
145 95
77 77
103 102
78 14
65 84
8 148
65 2
41 27
96 39
146 45
90 125
111 107
76 24
73 142
59 86
36 17
64 142
37 116
82 30
46 131
136 17
100 62
7 85
139 10
130 6
6 21
136 17
119 53
3 80
27 127
86 1
44 8
57 54
9 6
108 143
121 133
148 35
62 62
87 104
133 40
91 51
42 89
87 140
49 39
19 59
74 47
46 62
14 38
58 112
56 117
40 54
78 74
39 87
7 8
30 134
42 97
79 110
92 130
148 138
9 88
66 128
106 67
56 56
98 64
50 123
37 86
47 43
82 113
102 139
99 145
30 5
120 111
3 142
56 46
20 101
88 92
76 96
114 98
142 139
18 43
44 1
139 129
149 96
55 43
103 81
5 117
2 138
106 71
138 146
118 44
38 41
67 54
66 115
137 52
81 121
21 69
103 126
68 69
56 38
108 95
45 149
84 75
145 67
61 78
128 60
51 122
78 110
91 110
94 130
90 62
141 116
62 120
99 85
11 72
22 14
16 106
49 3
6 96
134 52
131 85
37 48
14 105
100 1
145 100
41 138
23 132
25 95
130 142
32 144
37 117
93 80
41 54
106 87
98 59
102 108
59 85
69 32
117 26
7 14
117 114
59 70
47 44
129 100
79 63
20 39
35 82
58 29
132 96
137 108
131 99
108 65
6 62
125 19
65 146
102 144
21 25
17 82
115 79
82 82
95 86
66 132
16 68
91 102
145 129
93 82
133 13
100 141
25 4
32 55
133 28
21 98
60 20
84 126
131 45
84 124
15 136
92 14
50 146
47 132
64 5
91 71
123 103
149 86
92 22
83 132
117 133
81 71
63 73
47 14
114 56
52 61
86 51
71 58
102 115
17 41
12 27
121 6
141 65
106 78
132 30
144 36
10 64
50 135
90 127
104 142
77 104
36 131
47 7
95 113
135 4
77 97
80 103
144 62
117 57
48 117
149 118
21 85
8 103
42 54
19 22
112 110
123 26
73 25
59 3
79 143
28 131
95 124
68 15
148 60
68 74
95 89
70 77
21 37
24 57
144 67
139 64
118 70
138 113
41 131
24 80
29 1
53 20
144 75
85 41
107 120
143 7
119 103
122 18
22 89
89 142
41 75
138 146
60 101
41 37
90 124
136 49
55 24
44 23
27 25
62 12
93 106
100 65
88 75
19 111
11 59
130 102
5 10
87 93
43 135
106 64
67 92
87 129
59 91
127 52
120 116
128 17
113 112
11 129
45 142
47 140
65 129
119 38
35 31
55 139
144 147
108 97
53 48
105 8
59 85
36 112
42 106
62 8
146 109
61 62
32 87
58 134
3 95
2 76
106 0
70 115
13 145
96 45
125 29
137 131
84 31
83 15
130 88
69 72
17 39
7 40
4 65
131 97
146 140
77 19
42 98
89 7
17 73
46 125
78 53
41 24
12 119
60 131
143 15
63 92
44 48
134 120
91 19
45 113
146 29
7 76
122 13
141 3
97 138
55 145
117 101
74 49
75 118
10 70
32 0
120 128
47 19
22 29
147 83
96 106
84 100
125 137
125 68
69 75
120 119
49 30
6 30
62 147
35 69
70 24
32 26
86 10
136 42
30 67
54 89
146 109
60 71
112 106
25 62
85 14
136 37
27 47
117 58
149 149
83 15
87 23
21 32
53 75
92 66
90 90
91 13
49 85
28 52
26 22
104 143
94 124
78 86
131 33
33 115
126 40
84 42
43 132
47 84
52 125
82 3
134 68
110 147
117 122
143 22
108 112
10 125
50 113
126 105
99 68
138 143
36 31
62 80
105 23
144 135
50 49
107 140
144 64
68 51
3 46
49 132
103 110
28 72
130 127
20 125
45 141
136 71
109 8
20 78
88 57
42 4
88 127
135 8
48 120
89 43
85 6
67 62
92 133
23 96
30 9
38 8
97 126
48 139
35 91
75 29
48 20
9 125
47 122
31 125
1 36
127 79
6 100
48 121
97 129
85 29
130 104
130 79
145 97
128 0
10 85
16 21
43 121
123 87
86 110
7 145
25 114
143 143
6 121
24 8
135 65
86 95
42 148
0 16
81 122
103 1
44 113
58 122
120 59
35 34
84 104
40 62
88 109
64 4
98 96
121 125
8 63
144 30
74 55
114 3
103 85
83 53
18 81
43 94
104 25
3 7
35 43
130 3
14 134
107 120
40 33
84 98
73 25
46 129
79 140
16 86
42 6
135 144
35 67
69 100
65 19
145 103
102 34
76 42
101 36
25 127
80 79
118 144
138 147
92 23
142 146
101 88
92 114
5 126
61 148
101 116
98 78
34 11
109 120
101 28
99 93
130 26
13 134
51 1
146 11
109 38
130 114
36 76
3 41
52 89
24 111
89 3
91 12
123 128
53 35
120 84
54 2
99 141
125 82
39 15
66 56
109 76
33 37
135 52
143 6
65 11
30 64
147 116
97 38
48 31
29 120
33 129
113 125
128 140
110 20
149 5
130 79
60 89
26 3
145 65
39 6
80 49
45 67
51 141
87 71
45 102
54 74
19 42
83 81
7 49
76 45
121 109
141 125
23 108
115 29
32 112
136 58
67 129
1 138
23 56
26 63
135 28
80 61
1 51
96 145
24 102
10 113
112 95
29 112
37 86
110 65
88 48
111 25
102 39
95 75
142 137
113 17
142 104
112 109
116 122
124 107
143 23
95 57
38 71
115 62
142 3
120 122
11 35
18 21
72 103
51 42
149 140
2 130
137 145
95 90
59 148
93 148
112 1
82 46
140 138
81 94
45 69
5 15
129 76
78 28
144 143
32 94
23 81
149 4
53 78
87 134
36 77
6 14
20 20
109 109
141 85
79 106
12 122
138 95
24 130
75 43
92 94
96 102
132 26
18 3
132 8
92 128
136 124
72 107
83 144
143 64
133 76
67 35
41 67
66 7
67 133
117 75
91 64
109 79
55 47
133 59
72 70
134 53
95 107
19 96
101 34
121 102
93 4
132 6
115 132
49 72
34 76
126 42
143 31
12 148
3 52
42 99
136 45
100 36
116 51
14 78
98 70
85 7
132 147
49 66
28 89
37 10
72 116
70 127
17 33
130 84
3 126
122 74
37 69
12 116
36 104
143 48
6 12
27 143
130 125
92 144
37 56
129 61
66 88
35 42
46 112
49 14
86 97
20 29
38 94
97 110
129 75
94 106
38 101
106 74
40 98
52 47
10 148
141 121
145 57
69 142
13 113
147 45
92 102
5 139
108 99
29 26
127 12
22 1
102 128
15 95
42 107
60 89
27 8
108 37
107 82
107 36
38 87
109 53
95 90
141 87
77 32
33 125
53 51
53 15
14 8
131 71
22 32
86 42
6 4
50 110
49 13
31 67
140 95
132 40
81 82
2 103
11 82
121 110
47 86
21 23
27 127
0 70
44 4
47 40
58 111
145 133
75 125
70 16
121 73
52 125
70 82
61 55
18 73
144 18
119 100
102 138
78 75
57 70
72 19
24 53
117 127
113 115
74 38
82 141
3 31
71 32
64 111
111 112
107 105
0 55
82 104
149 107
73 79
122 24
56 24
53 82
35 146
135 41
45 56
41 88
2 144
133 109
130 101
140 119
56 89
69 128
43 102
44 70
51 149
80 10
6 80
49 36
149 52
62 117
148 48
46 143
141 11
123 134
57 113
96 26
101 47
55 16
73 1
8 12
144 90
38 46
69 143
46 147
67 97
62 95
33 55
71 122
133 76
73 67
133 105
66 34
27 109
118 3
67 42
142 147
105 20
70 38
128 135
62 55
35 51
71 25
23 88
45 24
3 143
39 4
144 51
113 137
81 43
91 110
70 63
25 17
34 73
85 115
96 130
88 29
110 132
10 75
4 136
115 42
84 91
84 123
93 55
15 17
53 93
71 103
84 106
13 35
142 117
95 49
97 140
46 18
125 41
13 12
65 20
110 124
32 72
104 104
54 124
120 99
128 19
138 110
24 69
32 126
97 69
72 29
66 83
79 16
18 18
61 21
13 34
149 5
3 20
142 68
38 55
58 35
59 112
124 60
94 128
53 142
147 109
49 37
2 118
141 24
13 129
147 62
84 41
94 38
41 125
148 78
0 66
46 2
75 103
46 68
131 97
104 106
17 115
49 73
6 91
51 83
15 91
43 15
29 30
105 17
120 128
131 129
23 46
145 98
129 134
20 48
52 65
92 86
15 82
94 89
133 87
26 119
16 82
113 143
143 50
101 30
23 31
10 123
29 11
130 7
128 74
37 120
26 6
114 116
90 97
3 32
92 138
79 92
66 21
133 26
112 49
22 91
132 111
143 48
91 83
44 124
137 31
73 4
53 115
59 134
103 87
118 35
61 59
114 14
9 127
134 114
11 34
79 60
86 140
141 52
69 11
25 70
25 19
122 8
130 114
134 123
77 125
94 4
62 5
49 11
136 12
91 133
58 43
75 85
85 31
23 74
116 63
141 50
30 75
105 146
62 31
120 49
51 21
50 112
74 26
56 118
28 13
76 91
132 126
126 15
86 27
100 83
22 149
122 19
101 82
33 83
29 127
102 25
136 32
32 43
122 71
148 67
19 53
72 9
83 84
19 65
55 78
148 106
49 25
35 80
77 56
48 74
60 1
129 18
42 52
147 55
101 31
28 15
143 91
19 137
76 131
89 99
53 33
7 51
92 114
36 133
143 50
74 39
74 70
76 33
83 138
61 59
18 67
147 136
14 143
147 107
130 130
49 137
83 42
92 136
75 139
101 61
58 48
70 25
89 86
76 132
62 76
46 57
62 68
32 5
50 52
28 91
21 29
122 73
13 7
138 68
122 143
3 9
106 135
16 100
100 100
119 15
120 72
0 72
71 0
146 136
129 96
108 98
47 142
90 46
43 118
130 132
85 69
87 56
10 90
90 104
58 85
89 107
65 65
81 54
48 116
102 122
87 56
148 12
96 76
98 77
25 38
122 84
126 129
45 49
138 124
8 21
113 9
65 23
146 20
87 147
42 117
73 27
26 98
37 74
99 79
126 27
56 11
40 87
93 0
84 10
34 35
129 80
4 34
13 38
19 4
135 129
78 6
59 136
14 16
59 126
115 119
26 29
114 16
50 141
74 69
72 149
15 107
126 36
27 77
28 99
47 126
69 37
117 49
134 126
86 143
143 145
102 54
28 90
95 25
40 76
114 122
101 64
5 69
103 118
26 9
55 23
135 129
69 71
55 95
103 88
118 41
98 129
115 116
31 79
44 77
103 22
14 113
137 61
58 35
111 5
67 89
45 24
73 94
14 119
146 34
12 57
130 73
44 7
57 18
120 22
79 9
149 29
58 145
54 148
120 30
112 119
25 88
18 35
22 58
131 62
128 95
15 78
23 58
137 142
67 90
62 8
58 108
112 108
86 136
14 117
90 104
121 28
14 1
18 65
102 134
60 103
61 55
0 0
26 90
94 5
34 131
16 92
38 128
75 67
64 83
69 18
36 95
47 65
39 132
104 126
37 26
70 133
149 15
131 59
28 84
53 38
105 77
142 115
65 14
4 147
97 126
107 80
121 40
71 92
120 61
115 71
143 88
6 81
145 69
43 145
116 5
80 63
87 136
69 85
89 110
128 32
116 142
20 18
132 72
116 113
131 47
139 73
84 7
28 30
57 15
140 29
124 4
141 34
133 6
9 118
131 89
59 3
88 139
139 92
94 33
35 47
116 69
79 10
48 53
146 48
144 25
123 58
130 57
52 139
84 58
48 4
52 81
133 115
31 86
132 67
131 37
104 148
94 97
137 79
126 36
57 93
33 74
58 107
98 135
139 146
119 107
49 123
10 30
94 54
20 13
88 2
129 17
28 103
79 126
47 54
145 99
74 3
35 128
131 103
25 75
122 13
37 115
97 32
22 104
94 68
16 29
75 77
98 37
44 41
52 147
147 71
64 18
143 5
106 136
61 130
51 47
21 4
129 73
96 29
54 111
125 133
83 10
122 73
53 103
127 18
97 35
116 100
95 11
27 1
13 0
92 19
74 106
35 39
61 59
72 83
96 27
95 45
23 86
91 55
74 111
60 35
26 26
92 119
30 12
21 143
69 44
123 66
136 91
94 72
105 0
73 20
33 130
76 101
75 141
85 67
6 15
42 98
119 23
66 53
24 41
35 141
30 102
13 19
57 30
36 29
57 93
4 46
94 19
12 105
16 47
9 62
66 92
107 108
30 71
3 1
148 42
70 15
86 58
128 69
79 90
134 58
130 59
143 56
51 44
143 34
21 46
141 15
58 143
60 12
6 56
50 86
85 132
83 106
69 125
87 103
134 85
61 21
12 106
63 124
95 97
77 113
53 41
79 88
3 136
80 104
57 119
108 106
9 75
70 8
125 79
31 77
20 101
30 17
26 138
26 119
112 3
107 131
23 46
2 148
86 16
38 121
63 118
28 134
113 118
137 116
105 68
112 111
131 64
96 41
57 63
129 56
99 90
66 54
61 82
2 49
58 84
94 112
147 93
20 142
132 113
47 47
46 50
115 13
23 143
36 10
85 51
34 118
43 120
136 75
98 52
95 58
114 141
124 123
34 31
68 17
66 82
112 57
39 70
71 40
8 87
109 9
21 77
56 22
86 42
83 67
100 63
29 126
69 74
91 125
135 85
93 71
128 30
7 64
61 100
44 141
131 136
125 143
64 34
74 132
32 112
49 112
64 149
11 117
127 77
79 127
24 84
52 107
134 46
73 101
75 45
30 128
94 118
111 59
59 109
137 91
121 11
59 38
108 42
97 42
31 45
87 104
114 80
93 144
40 111
41 20
47 52
49 40
111 122
96 48
13 53
59 75
36 46
66 35
71 26
28 95
122 26
28 53
144 50
139 60
78 138
42 37
23 79
92 46
75 4
29 106
127 105
44 112
56 58
4 57
40 133
37 121
53 70
129 77
89 38
18 128
38 99
30 2
117 137
116 149
54 111
75 4
87 47
6 78
46 98
42 122
110 41
121 10
146 108
136 25
21 0
52 72
50 123
99 123
77 29
146 103
39 48
128 107
52 33
90 58
49 52
94 70
52 97
128 43
30 5
13 140
70 106
132 76
66 68
104 14
19 21
125 148
92 141
32 75
127 114
90 54
72 144
36 89
30 31
74 73
149 123
50 97
27 67
57 90
17 24
70 34
35 71
75 43
141 3
114 35
138 76
128 93
139 30
60 56
22 95
63 104
123 117
13 129
69 92
108 123
132 56
3 55
98 60
116 45
50 92
146 0
11 23
128 108
135 19
71 100
107 55
129 93
95 141
137 122
48 135
20 86
2 101
130 90
99 145
0 106
83 91
82 9
94 135
3 141
57 61
105 61
98 97
38 61
1 69
109 62
140 115
17 5
115 98
97 12
32 16
41 136
107 145
102 104
11 83
55 124
31 4
96 122
60 23
14 27
40 114
87 29
65 18
39 66
104 90
5 1
52 77
105 68
138 65
77 114
60 66
94 69
12 52
148 101
128 143
141 54
129 55
111 111
2 139
58 132
44 72
122 22
94 63
118 108
96 46
114 104
52 60
46 81
141 46
110 126
39 21
25 74
137 15
14 45
41 67
74 119
36 36
65 126
76 49
114 86
35 100
47 3
39 115
39 38
90 57
137 82
49 110
82 78
36 40
71 49
77 114
149 14
89 91
12 10
99 18
33 37
34 149
1 3
42 135
111 113
98 10
135 44
27 11
114 8
7 50
19 10
79 74
7 45
84 93
140 54
25 65
59 75
100 112
83 75
104 15
94 42
76 32
138 56
64 77
66 125
67 88
10 98
113 16
69 107
13 25
142 84
10 85
79 19
43 58
36 17
72 107
54 93
23 83
102 2
123 111
95 129
33 77
31 90
86 32
86 20
85 19
27 54
90 64
50 84
85 105
2 123
7 35
137 84
133 33
132 147
123 133
59 39
107 11
129 15
141 146
21 127
113 114
63 107
138 63
95 90
98 67
11 78
73 118
131 140
148 35
1 50
83 27
71 11
76 20
94 9
37 76
121 13
125 20
33 48
142 104
0 127
106 21
132 149
15 123
23 44
67 83
104 108
58 41
38 42
59 65
64 138
33 85
31 42
1 125
104 138
91 3
11 124
7 60
80 36
18 37
111 57
139 123
60 34
144 30
100 94
0 9
2 132
115 51
90 47
21 17
148 117
110 21
130 25
78 60
35 109
11 122
138 75
101 137
75 108
9 55
41 65
85 3
34 55
91 82
127 142
49 138
87 121
131 125
59 117
116 72
75 51
114 87
91 32
139 80
8 143
73 9
62 106
53 128
11 126
129 81
76 54
87 91
58 22
83 92
133 80
129 94
14 51
102 116
133 41
58 61
141 140
91 29
80 74
88 26
106 112
62 87
121 70
62 20
63 72
36 13
145 12
122 139
88 19
14 148
75 122
108 94
40 54
80 32
117 70
21 109
50 94
95 147
91 132
48 107
59 88
70 80
55 61
137 75
116 66
45 29
136 111
21 134
33 70
24 25
15 134
2 73
15 52
81 90
129 2
12 53
65 88
78 130
57 45
70 91
3 115
101 26
132 82
120 129
145 56
49 136
112 139
69 108
5 138
23 42
63 146
129 57
76 7
84 4
1 102
69 9
59 44
96 47
39 99
134 37
98 99
117 102
25 133
95 144
85 124
7 146
135 69
15 144
26 100
147 29
63 1
40 85
59 31
89 71
96 8
31 76
98 139
115 136
47 114
18 115
45 67
27 97
35 77
131 149
6 76
38 69
32 140
126 34
54 139
96 136
11 148
149 107
100 88
127 31
104 123
39 127
18 16
143 90
17 50
94 101
93 0
4 140
69 77
99 33
4 48
145 87
45 72
83 7
86 63
145 30
56 60
11 30
121 32
20 108
55 99
110 127
122 82
92 1
133 70
3 103
107 33
127 136
69 101
132 2
18 40
42 97
121 86
21 120
81 104
16 118
141 38
23 139
99 76
6 35
5 52
93 126
116 83
10 144
38 108
99 69
24 103
135 70
86 22
103 80
21 97
123 26
126 119
16 99
53 78
46 26
31 77
37 23
63 49
106 46
138 126
29 132
56 65
99 11
128 58
18 3
70 6
79 132
95 19
18 55
40 0
80 116
136 124
10 87
134 3
97 51
114 53
134 79
88 61
13 101
103 44
104 76
114 81
80 53
40 52
131 21
14 109
23 113
146 11
49 6
33 118
24 70
26 88
126 34
116 144
13 36
122 30
51 39
81 10
117 147
114 111
65 68
132 31
145 59
139 31
120 147
125 115
2 14
51 28
37 80
86 2
143 92
124 56
57 55
111 26
119 101
43 99
149 131
3 10
67 28
34 96
0 91
122 86
108 38
33 32
56 71
42 127
96 52
128 96
106 80
51 72
67 27
29 135
98 23
119 144
4 144
104 28
16 138
15 3
120 122
3 109
148 78
99 12
44 63
27 145
136 145
24 57
71 19
111 52
141 70
103 15
113 100
12 103
18 140
89 99
107 41
76 16
82 9
86 72
91 121
89 14
129 83
68 62
12 134
148 36
1 19
149 83
77 106
53 68
55 67
136 128
18 140
15 147
130 20
59 84
133 148
26 78
121 30
123 1
64 83
67 109
69 13
22 50
63 49
21 65
123 116
24 94
26 29
102 65
139 51
106 138
99 33
80 139
132 66
11 124
126 127
44 22
127 71
9 70
63 109
85 26
36 44
46 13
114 62
19 74
106 66
98 137
61 104
1 117
17 98
12 12
132 113
32 34
148 15
84 88
28 62
70 147
20 79
101 75
133 128
30 141
5 68
30 51
41 69
61 91
140 84
21 126
132 101
1 36
5 41
9 129
36 101
123 77
85 78
43 51
24 45
122 110
55 99
85 70
48 131
103 60
113 132
78 77
9 74
106 108
69 50
47 95
112 90
111 23
89 11
6 103
41 120
113 137
73 118
6 28
76 50
93 113
94 116
83 30
78 64
30 73
103 107
3 136
25 5
91 85
50 20
91 101
4 88
17 76
85 18
135 48
66 52
17 10
78 35
115 34
65 1
147 102
127 20
103 114
61 9
100 18
12 116
31 112
100 28
64 7
73 12
143 6
6 104
54 50
23 76
26 11
145 143
56 57
71 128
130 145
112 133
60 125
95 140
149 63
142 72
88 82
58 118
9 137
12 38
83 140
108 103
40 64
76 118
29 77
117 128
81 67
9 122
92 146
55 35
125 62
120 136
149 117
124 143
32 0
139 125
91 69
26 53
17 36
139 24
67 130
128 70
117 45
1 75
92 23
103 8
86 42
59 28
84 124
83 130
63 138
127 64
49 144
0 106
91 86
32 109
49 79
119 49
37 116
73 97
13 42
71 56
62 126
73 132
93 42
142 85
88 57
110 33
21 14
87 32
120 78
75 36
11 6
86 1
37 104
98 28
104 138
74 141
26 116
120 50
145 28
149 103
118 49
149 2
78 45
117 58
112 117
119 122
81 112
42 37
28 45
97 138
81 19
4 141
123 97
18 27
103 96
109 45
147 7
58 84
79 51
65 134
142 1
136 94
144 144
71 149
30 86
18 9
112 102
38 46
136 52
81 43
38 64
16 64
30 57
3 133
6 70
131 11
20 46
118 103
81 129
143 30
136 117
48 12
144 11
79 124
23 7
32 82
13 142
66 110
131 137
55 99
47 69
74 37
65 108
121 109
14 123
107 47
7 138
8 90
1 48
112 76
40 40
67 81
36 3
121 92
83 147
41 9
84 88
59 86
116 44
138 66
140 140
28 90
134 39
38 18
29 70
90 110
74 139
102 133
9 30
108 46
15 79
92 29
110 25
12 91
129 36
129 3
117 57
57 91
102 75
99 136
64 129
61 51
111 130
61 93
93 59
18 109
71 0
44 60
4 139
83 129
106 60
134 68
80 127
144 2
112 19
23 115
61 104
13 65
81 145
142 93
147 104
127 0
15 137
116 54
124 16
126 110
19 125
85 45
23 13
55 80
109 10
138 135
116 143
61 102
55 61
66 127
6 52
107 32
97 98
0 103
136 7
46 25
50 41
137 133
117 27
53 126
99 146
133 92
31 108
98 49
24 102
7 61
88 47
64 44
115 142
39 4
143 80
142 133
122 57
38 55
1 93
78 8
9 61
58 106
51 102
76 127
121 122
62 15
64 61
145 96
23 39
97 143
65 146
29 60
14 128
3 102
76 40
96 83
35 4
13 12
15 28
83 45
64 146
104 17
21 25
12 124
115 128
145 106
26 7
14 20
91 94
49 83
18 96
98 132
124 2
8 85
121 79
38 8
131 23
24 137
7 145
54 39
83 149
60 10
148 67
83 4
19 128
5 132
116 85
123 124
15 43
133 73
134 107
130 70
106 107
124 14
86 65
91 88
65 22
122 52
140 140
115 2
80 54
38 23
100 14
93 87
63 83
83 123
10 30
145 63
135 22
32 14
114 49
15 24
47 65
109 92
117 93
47 42
10 49
131 74
47 4
145 88
50 36
56 87
2 94
129 122
22 114
53 137
22 96
28 36
140 27
146 94
28 89
129 43
31 36
15 4
128 129
4 33
14 136
43 60
69 20
44 35
23 102
15 75
57 141
139 134
141 48
10 88
27 141
111 119
100 141
91 142
148 134
55 118
94 134
70 57
33 76
4 40
149 24
10 114
149 2
14 62
131 117
43 103
1 57
139 40
129 8
62 42
4 56
147 116
138 136
145 40
3 75
133 77
4 12
79 74
35 78
104 109
33 13
2 104
75 34
63 92
24 1
62 18
45 15
77 140
113 38
37 148
18 1
1 122
3 1
144 54
107 104
34 66
25 66
34 97
107 34
65 62
84 126
67 22
49 120
115 75
52 111
132 64
126 103
48 67
88 148
48 8
18 12
2 31
71 91
107 87
84 73
17 131
124 23
146 58
45 6
91 80
57 103
85 26
50 74
55 141
71 144
5 40
111 74
86 51
83 123
56 149
93 65
24 148
38 67
138 92
65 86
106 139
62 35
61 107
101 62
11 143
133 28
49 0
2 123
45 78
6 93
116 44
100 104
28 115
129 120
84 15
13 128
5 78
71 3
59 4
1 55
70 5
15 84
28 148
124 130
85 29
25 10
36 44
89 31
4 75
77 98
51 130
61 51
148 137
33 62
116 56
95 60
106 103
142 28
126 32
139 66
56 97
114 34
89 111
97 44
72 70
54 136
43 65
135 72
149 111
142 47
107 4
80 80
136 149
12 33
57 77
15 110
23 28
66 23
106 59
136 13
135 28
140 148
84 83
106 97
142 1
80 60
12 80
1 148
54 45
25 104
5 142
82 39
50 37
112 86
5 140
0 82
114 47
53 48
19 133
84 81
95 111
106 90
147 102
138 118
124 108
11 144
0 39
52 88
132 136
50 33
137 140
120 134
2 41
121 123
106 119
67 136
72 71
55 77
0 26
10 23
9 96
84 8
12 34
49 62
38 87
67 134
107 38
78 126
7 116
113 93
49 46
20 100
13 118
91 64
65 119
76 56
83 42
112 92
0 127
44 115
65 128
133 110
129 56
14 91
83 142
108 85
82 53
84 47
35 107
91 93
72 132
111 71
28 23
40 59
99 140
114 28
106 88
80 1
29 5
68 4
137 138
128 70
64 32
36 20
138 132
146 32
113 60
60 34
11 34
46 27
137 21
147 108
36 130
73 51
115 38
128 56
80 40
143 122
122 109
76 116
55 7
111 139
21 69
42 87
9 138
106 9
114 106
27 85
111 6
79 89
102 77
137 38
70 47
24 16
106 62
20 66
101 66
106 50
138 107
47 142
83 55
79 62
92 81
16 15
128 129
147 140
71 96
41 104
49 128
62 61
86 12
6 76
47 41
116 131
110 49
104 56
45 124
111 60
114 106
81 136
145 51
119 62
29 80
40 16
75 75
144 3
148 112
147 40
26 55
43 15
39 43
2 104
74 63
20 54
33 8
9 125
120 135
77 33
64 146
121 100
6 14
89 68
136 126
40 54
85 139
137 82
129 65
87 102
91 72
109 12
55 50
58 129
123 43
67 33
10 108
0 140
54 47
18 117
84 94
54 37
49 139
61 6
36 94
31 108
98 19
137 111
97 28
112 134
49 18
112 43
141 68
122 3
19 106
45 31
99 83
136 44
62 95
127 102
45 72
10 66
48 51
77 121
114 97
65 135
100 53
89 140
48 77
49 109
14 65
107 86
9 112
148 143
42 60
23 117
70 90
144 76
87 36
87 125
85 2
148 129
133 4
36 87
94 28
83 13
86 47
19 113
88 113
73 18
103 79
91 130
113 80
86 60
110 89
71 35
138 16
17 141
32 78
26 44
51 52
148 62
75 113
29 36
13 46
118 88
146 56
13 6
53 96
131 142
6 85
49 84
4 9
64 96
136 125
110 147
107 36
43 35
109 7
106 50
57 100
1 116
138 81
50 19
13 34
123 32
91 103
39 50
88 141
61 118
91 98
18 72
142 22
0 6
43 41
43 79
2 119
120 63
82 72
19 37
145 45
137 3
112 73
101 85
73 3
104 7
29 126
100 1
118 103
112 35
53 99
0 51
49 100
14 108
0 6
46 90
76 84
85 81
51 45
126 12
60 86
140 75
120 125
11 56
65 114
45 108
145 90
56 44
133 45
12 82
55 9
53 103
91 129
87 127
110 6
23 118
18 33
13 52
120 38
55 119
16 3
95 93
33 16
59 8
17 4
124 104
75 37
111 93
100 70
130 53
59 24
11 79
24 35
84 31
126 25
42 112
10 85
68 43
138 87
23 46
52 95
95 92
108 18
135 53
17 102
84 76
23 137
19 114
21 51
35 13
94 6
140 32
37 77
44 54
3 147
109 2
110 16
85 7
81 147
66 71
51 69
11 143
76 96
51 138
19 89
35 123
120 19
27 111
60 72
122 37
111 91
139 14
7 41
2 115
103 110
68 41
121 75
63 109
64 92
57 29
42 145
9 104
72 94
59 41
39 37
5 14
93 97
53 135
89 67
112 59
91 89
87 125
85 50
113 110
129 16
125 14
55 131
4 47
13 58
138 52
95 130
132 76
143 86
36 9
75 44
63 62
81 24
21 10
124 47
81 48
95 71
14 74
67 89
126 97
70 95
72 130
104 8
36 67
81 22
83 28
101 43
43 108
9 108
110 11
18 146
136 24
48 54
28 148
129 105
32 129
72 95
1 116
59 136
66 102
9 88
74 28
1 61
144 15
72 24
11 72
62 65
24 1
132 51
23 122
95 104
58 59
32 25
145 86
38 113
54 28
86 52
141 140
19 33
139 136
22 138
63 116
141 65
85 64
10 69
34 108
148 15
36 35
6 51
92 88
90 121
25 80
21 25
42 16
116 127
78 145
124 6
29 106
132 88
96 32
23 140
106 68
53 134
139 125
82 115
148 140
64 100
38 46
141 71
40 103
122 119
148 31
77 139
85 106
46 0
124 112
95 93
39 91
124 94
122 28
146 24
6 7
145 139
21 77
77 34
39 124
27 52
144 77
72 34
148 69
17 34
53 39
76 59
7 49
46 101
76 32
36 48
50 94
120 76
32 37
60 69
61 67
107 77
41 138
24 13
132 114
138 13
20 3
38 134
16 43
32 118
21 98
53 46
136 137
65 39
119 50
33 44
7 27
116 26
149 88
134 47
41 61
131 55
131 83
58 11
128 61
55 39
16 4
67 132
40 85
1 29
20 96
32 16
20 9
116 105
106 20
81 126
43 50
87 72
142 65
117 134
54 140
90 109
117 57
126 116
31 31
131 123
17 90
118 50
96 79
126 18
148 1
90 146
50 132
14 79
50 100
139 94
105 72
40 60
47 54
110 20
130 138
6 49
99 132
112 10
91 56
149 55
71 101
9 5
129 122
50 51
73 144
78 94
88 11
49 75
12 73
46 66
38 62
70 132
76 72
2 146
145 94
149 12
15 13
131 6
108 136
131 103
46 26
85 74
130 134
13 113
134 17
117 89
11 34
79 62
73 120
50 5
16 71
64 142
84 131
8 73
60 6
38 81
137 47
131 144
114 134
14 82
57 120
9 129
26 35
134 7
123 132
9 68
149 101
20 116
85 91
77 113
107 45
10 142
141 111
108 110
138 111
44 99
91 5
110 81
48 70
53 33
35 25
130 29
52 143
120 100
76 59
94 37
143 39
22 131
80 100
133 11
99 20
97 72
117 136
71 44
52 145
124 53
129 49
108 70
20 13
104 104
42 82
14 2
42 78
125 6
6 135
96 3
50 126
146 79
55 34
82 98
149 82
119 37
118 8
0 56
20 28
113 100
4 91
76 39
146 111
35 12
72 44
105 41
14 48
117 120
56 7
54 146
145 98
7 35
9 87
109 53
94 49
87 29
114 124
18 131
66 33
70 12
128 54
91 142
58 36
33 125
136 106
63 40
141 145
17 0
13 64
11 28
45 51
105 147
81 126
47 67
37 92
81 122
59 55
131 20
16 6
145 83
46 147
105 76
75 40
141 89
56 39
97 82
98 78
74 98
141 32
81 110
5 63
116 29
99 16
122 37
146 131
119 114
26 30
14 132
48 107
5 34
132 38
19 85
135 33
138 128
96 92
34 15
149 58
117 57
70 43
89 48
80 67
58 91
100 52
96 81
99 36
4 34
88 142
37 128
77 103
82 74
70 114
109 103
21 33
4 124
97 111
93 92
43 98
60 0
133 114
127 42
30 92
129 106
8 6
134 6
133 144
70 134
82 51
109 34
12 138
30 66
36 45
91 24
122 3
83 116
92 85
140 42
136 98
102 108
9 33
39 26
93 146
29 82
6 140
11 93
138 17
5 27
37 127
149 58
49 39
34 41
53 87
59 11
109 112
134 130
16 102
83 102
101 34
16 10
15 9
67 90
137 82
116 53
137 73
139 1
133 114
76 141
113 99
6 60
41 78
20 98
74 136
22 2
110 5
6 33
5 98
55 125
29 27
146 10
133 31
90 125
129 32
110 133
133 24
118 50
44 144
0 59
92 29
91 11
141 72
1 66
122 104
91 85
103 71
31 50
85 41
31 120
61 126
122 12
65 56
108 121
48 142
59 128
25 149
103 54
57 149
104 17
6 25
71 118
64 66
79 124
141 53
78 60
124 56
112 145
128 121
1 139
34 81
132 126
44 49
75 4
1 135
68 32
27 51
56 113
111 137
130 72
59 149
112 58
79 125
79 48
126 52
13 88
5 66
37 122
14 118
136 113
58 37
60 116
83 76
12 69
83 127
106 112
56 115
143 78
106 38
64 99
128 117
75 138
86 105
119 133
58 71
100 33
86 51
59 2
33 43
54 131
26 142
132 82
135 83
117 65
105 97
104 21
137 54
85 43
90 131
86 16
143 30
59 90
106 148
93 1
74 100
62 15
146 119
23 145
10 13
113 80
83 1
34 62
12 18
98 132
57 97
13 71
62 115
47 87
21 147
93 67
148 66
59 9
136 92
61 48
10 92
87 15
0 38
47 97
20 46
102 112
115 113
112 109
58 48
108 122
36 83
98 137
76 128
36 119
75 71
120 65
148 21
124 90
108 38
19 23
132 61
113 86
84 63
82 140
113 98
103 3
118 37
31 136
99 125
71 43
114 92
9 140
64 91
49 15
122 67
65 67
125 135
145 86
19 149
42 148
57 94
17 77
88 16
18 0
125 42
143 60
76 14
5 73
129 72
51 20
59 99
50 67
70 61
69 69
104 110
3 17
52 120
30 22
73 54
26 121
39 4
145 78
77 31
78 144
106 127
30 31
16 17
9 106
115 38
103 95
78 22
78 57
105 26
7 35
92 31
75 7
7 106
67 23
126 21
6 90
149 40
104 1
83 71
3 67
99 6
51 114
40 144
31 116
17 74
121 141
63 129
50 146
88 47
116 55
39 115
71 62
74 70
108 21
8 57
125 63
41 140
109 63
13 140
127 79
85 52
31 81
118 122
8 146
138 16
7 148
130 4
146 51
118 130
4 74
53 146
47 128
54 83
107 146
50 85
54 100
147 41
104 95
6 144
140 104
125 4
60 81
125 44
138 87
120 57
114 97
6 105
19 16
79 19
37 143
16 79
11 92
139 148
50 78
64 5
1 138
73 138
131 99
80 103
10 11
149 55
97 43
142 52
139 28
50 130
105 124
106 140
23 128
62 110
87 144
132 97
22 24
114 19
45 20
18 92
137 75
65 113
77 13
15 37
97 124
26 142
42 16
129 68
121 122
136 19
13 22
69 128
16 13
122 121
28 37
22 21
51 122
97 109
34 16
30 6
103 37
66 56
93 53
8 15
75 49
79 56
128 40
22 12
89 114
23 73
73 136
148 35
108 143
122 52
147 18
64 62
4 63
81 108
80 10
109 130
37 15
108 89
39 56
67 120
37 138
92 76
59 145
133 44
46 116
45 82
1 35
33 35
109 132
107 133
104 140
103 67
6 25
33 81
8 79
60 146
3 98
90 127
95 129
60 70
143 59
17 120
140 17
5 48
119 29
87 91
106 124
68 93
39 137
141 69
80 72
97 8
84 74
147 122
141 88
106 52
131 66
19 134
81 31
104 2
72 73
50 4
36 113
60 61
49 29
31 75
127 91
29 109
102 108
98 112
33 76
44 29
26 63
82 136
39 98
109 9
27 62
45 97
80 24
100 74
135 80
142 26
143 64
49 123
141 6
69 35
144 78
84 145
135 81
97 69
12 97
98 109
124 93
78 30
82 68
9 0
20 102
83 91
120 130
76 13
124 112
122 118
118 67
17 70
130 59
117 50
25 109
148 15
41 100
13 17
68 80
135 24
71 108
145 95
54 110
56 101
95 141
128 62
115 24
4 30
85 48
8 11
48 16
136 115
98 118
47 148
15 134
69 147
85 14
17 38
45 149
39 100
61 122
115 138
95 85
52 133
82 117
77 62
148 61
76 82
53 128
99 76
11 118
44 38
14 110
140 114
14 91
126 105
111 39
46 122
139 122
71 125
59 22
122 57
147 20
69 5
86 136
129 42
93 38
139 77
30 127
97 72
147 83
6 48
125 33
74 93
29 64
17 53
89 75
2 141
130 136
84 81
97 104
133 118
105 45
136 19
79 134
25 101
37 143
80 72
111 110
84 49
147 26
142 3
46 107
84 87
51 24
87 5
62 74
82 95
141 141
40 143
143 16
131 102
60 89
115 85
15 144
13 78
8 16
104 92
40 53
35 145
19 148
40 138
45 34
127 98
86 74
76 122
22 125
113 144
39 115
76 14
69 42
22 60
15 95
17 4
7 106
113 28
82 50
51 20
60 115
125 45
10 114
127 22
143 11
76 149
81 91
142 124
16 5
58 10
26 101
10 25
56 112
107 102
102 7
86 62
49 119
100 115
141 10
147 137
44 141
119 132
136 2
36 130
133 24
72 6
114 19
70 48
20 137
142 68
95 46
60 117
120 20
91 64
95 5
126 5
49 26
147 23
12 123
35 23
80 77
146 99
39 57
2 59
7 75
40 27
72 146
144 60
87 4
81 74
123 2
131 14
145 122
6 14
145 78
119 22
8 49
53 29
139 62
121 143
89 135
59 64
45 3
66 115
131 86
34 139
39 16
53 19
103 8
140 113
127 48
14 11
94 19
25 82
27 48
115 65
45 76
33 26
64 20
142 91
86 31
116 48
95 32
101 134
138 126
55 122
2 147
97 29
44 131
60 47
0 81
0 86
135 110
47 107
59 120
47 116
87 9
121 77
63 26
49 143
64 36
56 1
38 146
9 12
127 55
125 82
127 58
67 130
18 13
132 106
17 133
5 63
33 121
65 0
42 46
15 87
76 40
50 22
123 54
49 148
96 62
12 113
31 17
121 96
79 67
84 63
79 7
74 75
147 47
92 113
133 14
97 107
47 86
73 106
52 149
55 45
37 52
89 138
94 29
63 104
88 69
98 25
58 127
134 70
106 81
76 0
37 102
102 121
148 143
121 120
63 141
87 84
90 143
114 100
24 136
129 100
27 43
38 60
54 135
67 77
47 53
16 33
43 36
105 63
110 16
0 37
146 121
107 71
12 16
123 85
130 82
135 37
127 21
6 22
80 20
136 50
73 17
102 81
101 13
33 110
119 10
47 72
105 98
14 134
42 103
10 78
105 33
100 0
65 6
137 83
52 38
53 64
139 21
45 70
111 85
56 44
127 49
89 30
21 149
23 87
14 30
70 64
0 81
29 61
54 138
9 82
42 102
42 106
60 116
37 109
88 102
99 59
49 41
62 38
28 119
133 137
25 47
69 145
129 101
8 13
130 143
103 117
7 59
15 144
73 112
90 49
126 81
13 120
121 101
107 6
132 73
20 104
131 121
20 55
98 108
56 139
4 11
13 133
39 145
4 33
5 128
8 109
6 89
43 102
125 28
146 55
61 97
4 142
7 75
102 83
36 17
123 16
30 66
146 62
71 109
143 73
130 9
46 39
7 69
129 143
49 48
102 40
134 29
51 114
56 20
76 34
126 100
112 17
3 71
21 127
143 64
73 75
68 101
104 29
117 37
62 84
132 93
117 126
40 36
48 124
40 32
84 6
84 11
84 61
144 113
88 119
80 1
142 143
78 34
40 53
13 25
139 42
67 97
142 37
29 125
107 32
8 108
54 99
126 108
92 18
33 44
144 15
32 71
120 40
120 134
115 22
3 37
22 68
48 87
92 119
140 100
6 52
82 28
20 27
6 67
8 14
66 84
42 149
68 8
113 34
136 68
112 26
80 80
52 70
37 90
35 51
55 93
64 132
45 117
66 31
13 15
22 41
104 146
67 102
92 108
117 116
32 101
83 115
96 122
114 64
2 24
134 23
4 149
58 90
66 33
21 111
82 57
2 141
141 56
59 29
86 101
34 48
109 8
2 21
3 79
49 7
106 36
69 84
46 7
143 118
6 143
84 108
2 110
71 130
3 42
134 137
124 82
100 24
25 67
37 89
20 147
56 50
122 54
103 109
141 139
120 103
140 117
97 144
88 34
107 31
130 25
103 98
82 136
73 141
11 118
93 84
84 20
68 112
41 91
16 69
132 91
35 104
19 8
92 52
64 87
65 103
128 71
9 79
66 114
133 40
99 143
25 100
1 122
104 22
57 18
108 68
91 61
102 104
144 142
100 53
18 111
117 86
116 81
108 22
14 145
140 77
113 25
43 108
115 69
125 57
50 18
133 113
63 61
14 32
75 66
46 25
105 115
52 30
145 51
35 98
95 55
110 145
149 118
116 141
61 65
87 97
105 0
97 91
41 25
82 85
114 135
36 13
2 41
72 0
54 117
58 97
56 117
145 145
61 50
5 54
61 16
28 66
36 56
8 87
141 48
10 82
97 3
93 140
77 106
110 86
48 131
41 65
109 10
27 4
108 50
59 119
114 82
1 85
92 18
84 110
39 144
119 30
37 109
29 0
128 85
115 66
48 6
102 43
9 96
103 51
60 31
129 60
101 1
97 51
72 79
59 145
77 110
98 9
57 143
146 50
39 54
122 11
97 50
114 98
101 122
32 53
131 7
14 56
35 46
35 37
81 101
50 34
36 93
95 73
27 129
89 79
126 32
65 55
30 103
14 104
104 148
125 138
61 4
13 67
98 41
127 63
48 14
46 54
72 115
24 114
90 100
60 11
13 120
86 93
17 141
95 100
19 147
76 103
91 111
139 45
114 47
6 79
37 84
13 14
56 140
28 84
126 43
109 123
58 10
76 123
115 137
136 112
96 85
78 89
123 85
61 121
113 53
42 92
83 76
32 72
15 54
72 60
11 131
57 21
129 137
65 106
115 86
130 85
51 122
126 35
55 89
140 120
49 75
48 128
59 75
121 147
18 88
51 104
136 38
102 45
89 119
19 53
147 105
79 124
54 51
54 144
71 63
27 130
40 54
148 108
76 98
69 111
32 115
88 45
93 6
100 78
41 62
13 31
60 99
70 2
110 80
18 95
105 90
35 95
88 53
100 123
83 89
142 126
71 42
14 114
24 145
10 120
54 30
6 134
126 95
32 68
131 82
68 37
101 111
88 124
62 37
47 103
70 30
34 135
5 130
100 71
103 72
27 103
49 95
18 55
14 93
45 14
20 113
132 50
77 7
101 125
47 84
71 90
21 75
11 148
135 7
53 4
67 49
52 86
129 98
82 93
148 76
118 83
34 23
10 131
61 89
12 143
129 78
38 71
44 101
77 26
98 58
116 89
44 92
93 121
0 137
17 91
92 35
68 127
15 31
110 147
70 145
34 141
111 93
92 73
29 50
4 73
7 35
88 41
2 57
101 85
45 131
36 69
50 133
39 42
87 25
128 77
36 22
18 149
121 116
88 118
13 31
141 80
111 114
90 61
22 132
110 103
138 3
26 104
30 57
105 68
60 20
20 22
15 116
124 55
22 131
60 2
61 136
117 113
85 117
24 83
68 19
43 99
24 11
86 24
74 102
51 85
25 105
47 69
62 52
40 80
94 70
97 134
116 16
106 49
109 127
55 110
89 138
12 124
83 25
20 40
94 129
66 9
142 112
6 44
44 92
6 106
144 149
130 132
59 6
76 121
28 90
89 98
13 137
138 94
113 40
44 65
74 127
105 138
71 141
7 36
143 16
81 28
25 32
138 35
129 33
45 66
44 133
13 132
132 40
35 148
53 46
118 134
31 87
72 136
120 31
135 27
122 68
133 59
69 108
111 29
83 139
68 29
136 23
104 108
81 31
52 111
56 132
75 94
85 4
53 111
15 73
101 69
52 73
136 47
38 22
94 105
87 24
117 49
53 114
9 56
87 5
142 18
129 93
29 15
85 122
4 30
25 139
81 56
82 90
18 70
18 77
108 40
25 50
22 41
57 136
19 130
80 36
50 123
94 43
82 37
137 120
114 50
52 30
16 57
13 28
119 61
111 24
7 121
110 27
97 39
98 49
74 7
53 30
119 63
24 31
29 81
56 77
59 146
18 39
149 117
76 132
51 68
114 74
148 11
125 90
137 7
50 126
115 80
58 28
120 53
57 95
132 25
128 53
118 125
143 56
90 72
82 17
25 7
92 83
93 43
11 137
4 117
24 54
55 62
26 2
27 127
138 147
89 19
9 122
136 14
98 0
63 112
76 72
13 48
77 71
116 142
95 29
148 17
87 115
47 61
14 112
112 140
88 136
9 147
148 84
24 102
11 81
85 3
141 22
67 70
61 24
102 64
4 123
47 86
128 149
88 69
11 148
128 62
113 50
24 92
12 15
122 33
143 46
88 92
18 134
99 73
75 32
121 50
23 84
59 7
102 142
7 91
121 49
67 114
73 7
15 34
80 52
85 41
1 72
64 82
42 56
126 65
104 34
33 146
99 104
96 43
144 137
89 127
79 4
104 56
144 19
91 99
15 123
16 92
102 87
42 66
87 93
92 141
138 91
77 83
77 98
145 137
1 87
25 81
2 41
134 104
97 67
80 97
128 72
104 75
66 5
89 127
131 94
89 102
61 103
93 99
71 8
45 50
33 14
137 42
80 95
48 106
100 125
133 93
132 95
59 91
51 145
132 72
15 44
60 113
8 102
31 63
112 90
103 18
144 70
13 59
4 119
129 60
134 144
40 25
75 120
135 129
36 110
43 16
93 22
73 20
82 71
53 62
89 56
130 82
114 8
30 111
104 55
130 49
59 26
10 31
19 107
66 100
121 85
134 134
75 22
128 73
46 51
69 25
132 55
148 61
3 143
94 122
131 112
140 43
123 126
80 111
30 108
71 63
56 38
27 52
84 121
78 52
11 105
145 83
100 7
29 40
8 108
74 5
8 52
77 40
84 129
6 36
30 94
116 46
130 147
51 134
149 59
143 86
117 24
19 31
149 63
13 8
18 99
45 98
30 32
120 9
130 97
33 40
19 13
86 12
88 64
52 93
143 68
41 14
2 89
86 13
80 142
119 21
69 13
126 20
125 92
85 138
119 14
100 12
123 39
41 127
60 142
21 113
26 75
94 82
87 131
32 51
52 137
76 115
15 96
76 8
137 64
104 41
7 3
97 125
53 78
75 135
93 129
11 106
57 126
60 142
58 32
146 66
14 99
140 84
102 147
8 96
38 105
95 131
46 49
62 57
36 81
4 69
8 57
112 76
143 139
94 59
47 38
149 107
25 62
46 15
136 18
22 47
130 114
31 18
98 56
26 118
127 38
127 107
40 124
32 96
132 54
95 54
3 80
57 80
29 10
121 45
112 130
119 129
146 132
118 136
84 76
60 16
5 85
142 95
2 123
32 110
72 19
5 90
129 95
28 11
35 58
72 99
55 104
91 87
45 62
119 19
47 86
8 122
52 31
29 19
50 148
87 103
80 12
36 69
65 146
2 136
133 3
119 144
77 107
4 93
70 60
74 30
102 119
84 114
105 12
79 68
62 63
74 93
3 53
85 123
137 69
144 114
42 130
26 96
35 113
76 7
79 83
45 36
121 57
98 27
28 13
106 76
96 98
32 49
6 134
144 47
41 0
1 112
16 86
109 74
93 7
122 14
61 25
104 74
33 127
26 136
73 34
12 134
52 127
86 15
129 125
127 7
63 65
1 76
20 138
147 81
120 94
41 137
110 28
110 84
140 72
143 22
30 139
67 8
64 79
62 115
107 115
69 113
5 92
28 92
7 58
142 86
37 100
73 114
8 78
109 122
138 6
105 87
109 30
131 74
10 145
40 80
91 19
0 128
17 46
91 115
60 112
90 12
79 19
66 32
83 25
3 13
76 123
81 56
63 36
71 114
55 103
76 67
112 71
33 85
54 143
69 139
92 26
43 130
86 70
60 108
56 29
42 110
35 142
137 35
2 97
46 115
48 47
111 5
80 64
12 44
29 90
12 138
133 28
85 85
35 32
108 116
138 95
0 23
115 33
123 101
12 102
113 55
73 7
98 63
101 143
31 97
135 30
29 104
83 64
129 65
97 49
63 90
87 128
17 52
19 118
133 34
93 48
22 84
41 32
132 100
137 82
27 21
25 99
55 136
85 15
134 4
146 104
119 77
0 47
24 24
95 11
135 110
57 84
116 9
81 140
120 59
29 66
114 56
14 106
66 67
128 97
68 100
139 92
78 37
27 109
49 126
61 19
16 129
92 97
70 144
125 54
62 17
135 19
4 127
112 88
147 116
26 13
80 10
63 53
132 132
66 16
116 1
18 60
145 121
118 20
133 68
121 97
64 106
83 134
136 107
78 77
100 134
65 12
118 25
68 88
18 89
12 79
7 56
78 9
56 116
53 125
39 141
30 100
79 116
41 24
108 9
59 68
139 50
0 49
28 146
20 37
85 90
134 40
101 68
61 5
86 70
37 19
113 106
44 114
141 68
115 140
90 126
61 2
16 66
79 135
120 14
11 59
8 92
121 101
76 16
18 5
80 15
105 60
23 127
7 1
123 45
29 135
136 35
97 108
82 27
106 136
111 5
33 97
25 20
10 139
81 35
36 96
38 148
66 115
3 47
4 78
66 28
39 67
66 64
65 137
43 136
76 98
130 83
42 33
25 123
9 131
105 39
102 117
52 17
1 49
85 119
27 71
98 7
102 63
17 20
52 82
54 45
39 27
56 61
46 12
9 132
83 9
69 104
86 84
133 32
73 106
17 52
48 122
81 89
143 115
68 35
66 82
107 121
83 68
17 134
25 102
46 35
107 145
80 23
130 109
49 76
15 101
91 104
107 96
69 105
130 43
75 129
139 9
20 126
16 83
62 138
19 69
34 46
138 1
144 75
15 123
123 13
127 62
49 97
136 33
18 117
127 148
63 1
8 148
70 46
127 39
141 81
109 108
126 84
45 127
75 54
3 88
73 53
68 9
83 117
1 107
10 116
39 50
148 110
78 65
129 40
60 4
107 53
117 7
58 100
40 149
7 45
36 27
64 106
68 143
65 6
29 97
83 139
98 113
64 23
20 9
68 64
59 142
82 127
29 111
48 54
117 19
98 122
109 94
120 44
36 48
107 72
139 64
124 59
113 29
51 63
68 122
136 10
24 21
52 95
78 36
2 61
146 106
70 8
70 46
143 42
39 65
139 85
23 84
5 127
130 106
106 37
131 123
74 125
27 41
133 53
38 70
66 80
18 118
103 144
146 118
136 52
120 122
129 77
12 148
75 144
44 45
58 34
72 86
100 27
0 140
41 91
10 124
60 59
128 43
28 74
137 108
44 138
91 86
72 120
133 105
5 76
0 15
60 2
62 70
116 53
143 18
59 123
44 84
57 27
96 51
104 113
48 27
126 119
117 100
2 64
97 104
100 26
41 27
61 83
60 21
116 20
145 44
88 61
135 15
61 22
137 138
25 6
54 36
49 25
86 47
147 9
5 103
52 67
53 7
2 48
37 149
23 104
95 62
45 29
104 93
112 35
129 2
69 38
109 142
2 90
136 117
33 65
141 115
43 76
99 56
143 131
6 42
138 3
127 133
80 128
87 54
119 48
88 70
3 25
30 31
104 61
111 138
148 52
6 147
113 70
144 88
54 74
141 15
75 137
135 43
29 33
133 41
78 38
74 93
146 45
73 81
61 122
25 79
56 114
15 12
1 9
91 106
37 35
68 107
70 127
8 117
149 29
83 72
82 112
29 6
88 33
95 99
50 138
50 96
76 40
107 134
135 123
43 59
138 39
145 80
43 134
80 10
108 4
8 113
84 141
55 96
107 15
57 146
98 122
90 44
51 41
60 102
5 98
138 36
82 98
88 34
84 38
98 60
38 81
2 62
61 42
24 74
63 129
72 23
99 12
90 126
51 103
136 92
128 76
108 63
0 2
74 45
20 121
97 142
6 16
69 77
147 125
2 107
115 15
105 134
97 79
78 87
101 11
149 100
44 20
41 118
76 60
10 136
93 45
120 35
96 127
54 66
101 120
91 37
38 15
138 41
38 18
69 118
68 113
58 82
26 31
41 30
7 121
63 126
70 89
145 145
113 124
67 144
2 1
10 62
115 113
86 14
105 143
113 69
93 25
84 61
13 104
39 82
33 101
36 87
5 113
17 22
61 94
71 24
125 10
121 48
9 100
59 123
86 114
105 29
124 55
82 108
64 14
128 116
127 81
7 128
103 100
84 75
85 147
93 133
120 148
103 115
119 6
95 113
50 8
85 140
39 30
19 100
147 85
56 36
27 17
46 143
133 101
23 126
55 1
92 119
132 132
137 90
142 126
50 9
26 1
94 92
8 134
108 64
125 38
45 116
25 66
44 66
147 42
52 120
106 32
109 116
23 92
56 8
47 77
97 69
69 50
6 30
48 9
98 16
85 113
31 54
140 92
67 46
59 142
131 100
127 128
16 111
6 116
44 76
18 41
9 65
71 16
95 107
16 141
9 105
87 6
91 59
59 122
67 129
3 73
118 40
22 46
54 78
108 86
91 107
84 86
47 73
16 112
123 50
56 26
5 142
24 69
62 37
92 54
69 138
80 17
101 1
10 82
27 142
83 91
49 88
73 39
79 111
131 16
73 14
111 98
18 33
8 92
3 40
133 70
25 47
114 84
73 148
46 143
126 9
14 121
60 11
114 26
139 128
36 129
105 66
77 93
105 62
147 3
45 39
40 139
33 32
69 78
52 24
149 64
101 139
103 3
66 54
16 7
61 56
68 122
30 24
82 120
81 87
88 31
50 46
8 53
128 10
55 0
56 37
56 118
105 106
34 85
85 64
12 9
109 129
44 97
26 37
56 92
9 39
117 50
32 108
2 77
23 62
10 20
99 108
73 19
41 46
98 75
67 137
16 133
101 29
30 68
89 34
123 48
121 129
0 61
117 62
120 143
40 63
136 112
98 119
88 104
85 123
121 1
139 137
128 67
119 93
49 39
132 113
148 57
126 143
141 76
139 61
113 132
141 147
63 13
32 98
121 3
69 35
11 60
59 100
53 69
10 48
118 1
100 46
75 92
98 33
23 53
49 57
95 0
139 86
82 103
121 6
89 39
21 80
112 10
99 99
28 31
43 60
92 101
9 132
96 140
140 13
42 143
102 127
5 145
128 76
51 32
59 86
59 79
96 17
143 124
74 137
97 80
30 12
93 138
49 82
76 118
89 29
136 109
140 31
141 51
25 11
146 75
54 79
67 108
50 64
52 109
111 134
32 145
11 139
71 32
117 19
48 6
132 107
23 5
73 120
127 27
66 99
95 82
101 51
51 15
107 128
141 125
45 106
73 40
80 63
70 119
46 61
88 140
42 3
145 122
54 123
113 55
65 17
73 139
99 125
138 105
87 126
129 113
49 32
15 128
31 105
127 95
125 67
62 77
37 113
79 80
4 0
29 77
53 117
66 114
61 66
21 101
105 66
64 123
87 60
37 36
24 115
134 126
20 2
15 56
101 97
16 63
62 50
143 123
121 66
149 142
68 107
146 22
47 106
50 70
55 106
138 64
37 29
12 31
4 37
97 36
39 46
112 50
56 123
32 69
100 119
21 125
21 48
147 39
135 148
76 145
98 40
64 76
109 135
105 25
146 105
136 104
55 105
113 24
1 64
123 64
92 86
53 17
91 1
27 5
29 84
142 20
124 7
19 117
103 37
113 83
96 145
66 56
80 144
67 26
32 98
6 64
127 124
84 69
117 123
67 119
49 82
121 17
22 140
12 106
113 70
123 138
132 76
90 131
119 21
82 60
121 6
74 2
60 37
53 43
6 33
103 78
56 59
113 68
21 113
86 20
36 110
63 3
102 49
140 96
32 144
62 133
89 32
96 126
65 74
19 2
75 122
20 17
16 17
81 38
148 13
112 54
77 130
77 15
119 19
42 100
115 62
82 93
13 131
40 88
2 117
12 69
123 97
120 2
87 124
68 78
88 114
93 103
21 88
22 6
114 18
138 86
84 84
146 101
108 23
77 92
145 89
82 119
46 115
143 120
68 52
9 51
97 122
65 72
114 14
34 68
148 138
146 24
117 103
121 1
80 52
64 70
47 141
18 45
143 33
19 81
135 130
102 50
52 51
1 109
145 76
12 30
117 138
131 13
0 19
108 127
49 14
102 148
111 83
97 93
1 22
0 88
74 135
1 22
61 54
71 97
122 13
77 45
35 118
31 74
104 144
22 2
42 20
74 7
112 122
93 115
99 141
61 31
118 148
108 101
76 18
117 54
89 100
27 78
26 95
91 16
52 63
13 49
6 140
66 53
27 54
74 111
65 127
70 78
120 5
128 146
8 90
134 104
40 114
106 82
1 83
125 75
1 142
23 38
28 146
18 93
143 69
6 61
76 137
93 6
97 19
54 21
141 0
126 12
116 110
94 73
34 43
135 98
8 36
144 82
13 74
8 61
25 144
57 96
143 37
106 71
23 83
76 63
18 135
33 44
52 15
140 116
10 19
9 58
94 30
147 100
125 91
145 133
140 53
141 102
82 104
108 95
138 48
27 15
100 103
93 138
26 57
31 35
38 90
80 74
124 88
114 10
99 67
51 38
47 132
7 135
107 133
65 118
109 93
51 68
75 45
55 6
65 58
115 30
81 66
125 21
87 18
67 55
108 136
50 36
127 91
117 142
24 43
22 139
38 98
114 19
63 119
139 2
140 77
91 65
27 76
104 131
80 114
121 75
141 86
47 80
14 68
64 69
83 125
18 23
141 23
47 10
99 5
142 14
47 125
118 126
24 129
107 100
78 109
127 59
98 35
17 66
53 9
34 105
17 45
137 122
82 27
101 10
76 136
136 71
133 50
121 145
78 95
14 38
136 121
93 107
14 125
9 84
6 148
27 94
88 118
98 144
123 32
73 43
49 45
116 73
19 60
99 90
79 11
87 34
87 36
79 0
44 89
57 138
106 17
21 107
40 127
41 76
12 47
86 147
42 102
77 20
62 61
52 93
72 24
96 47
147 1
32 12
102 48
49 11
21 132
72 3
130 40
148 49
1 72
89 11
85 129
134 95
49 121
120 28
67 132
32 2
127 0
7 83
21 33
104 61
88 71
49 123
143 88
70 98
78 15
103 127
29 5
137 75
21 6
14 82
60 10
19 129
38 0
48 129
28 47
0 4
24 60
67 114
106 29
138 70
90 56
67 81
120 67
111 112
51 132
0 22
75 85
57 84
120 92
55 29
67 76
13 91
37 42
123 133
86 75
76 104
114 148
21 122
128 60
85 124
56 50
29 113
96 78
83 54
63 108
94 9
12 111
44 108
102 31
93 24
114 142
126 30
34 36
36 11
121 36
80 90
96 94
133 16
55 118
89 26
139 66
12 13
26 48
23 42
127 84
68 84
0 72
3 13
149 58
115 142
76 103
125 113
105 107
58 24
142 10
106 5
116 122
121 131
17 80
39 79
144 26
126 9
114 40
62 68
96 45
131 17
94 121
134 99
129 114
135 130
104 18
61 20
129 35
18 19
131 102
125 70
71 26
124 105
57 132
117 19
85 130
105 80
48 126
60 86
24 63
13 144
30 43
146 37
127 112
46 55
51 28
66 89
13 78
21 135
142 115
70 25
77 14
33 25
45 61
113 86
134 147
75 70
48 29
40 39
133 57
138 126
141 23
113 57
54 6
28 33
56 3
146 74
74 114
116 83
42 64
55 103
30 135
17 53
1 23
57 122
149 22
107 148
2 89
10 122
83 114
92 48
38 28
57 83
143 103
75 135
127 99
113 53
109 119
118 35
56 120
60 95
99 23
148 118
14 24
19 65
102 44
38 12
23 101
23 14
72 65
7 47
78 0
4 76
129 137
2 139
44 11
114 78
32 23
114 127
32 141
100 149
64 99
48 66
78 12
36 23
108 39
52 123
121 102
16 41
19 61
140 24
27 29
1 13
62 108
13 6
23 131
135 90
62 55
118 96
126 89
18 126
97 23
75 96
105 127
78 56
46 111
63 107
1 75
94 104
94 2
131 128
37 86
60 81
14 1
104 29
35 64
13 37
146 91
140 107
83 146
3 24
74 146
41 89
37 50
126 101
55 11
68 72
141 111
123 137
7 89
76 13
74 93
143 33
28 94
48 14
45 112
6 120
114 96
20 125
108 71
119 108
136 66
56 44
5 118
110 107
15 90
58 32
35 106
99 59
57 93
43 8
1 44
84 117
19 145
139 105
143 96
90 50
116 119
112 17
15 65
92 109
55 144
61 61
90 36
91 1
104 103
51 86
55 85
59 126
71 22
95 92
91 110
146 81
25 20
115 80
21 38
83 33
34 112
10 49
100 17
125 30
23 72
120 87
23 136
3 142
114 78
45 40
27 1
2 7
53 38
25 56
83 127
124 28
11 71
139 119
82 32
21 139
136 52
7 131
66 14
88 24
45 83
21 67
88 86
39 7
145 94
34 46
15 84
20 136
71 64
34 121
129 48
95 149
46 32
132 79
81 29
2 122
111 81
138 65
3 52
2 32
120 133
74 104
14 94
104 122
109 124
62 107
133 22
5 147
52 49
39 24
65 8
9 86
141 144
49 17
15 91
15 35
85 133
55 45
88 108
8 118
68 14
125 24
62 66
117 92
144 64
8 18
73 89
111 119
141 75
105 58
73 137
99 147
44 115
10 4
85 35
29 106
60 147
62 105
144 104
43 85
87 121
122 97
5 64
106 35
4 106
43 20
70 146
125 134
33 108
40 50
40 95
132 56
63 1
60 107
137 79
23 35
140 14
68 11
121 136
58 38
81 19
40 36
51 94
148 59
42 121
132 111
143 68
147 127
116 66
99 129
21 129
112 47
135 145
28 93
41 89
8 80
15 33
58 93
93 133
104 104
14 71
138 118
75 133
11 71
67 81
32 97
34 27
129 42
48 15
64 26
82 148
134 127
88 58
61 40
109 14
18 125
84 95
119 80
123 60
3 132
90 52
119 5
148 102
58 59
25 58
93 41
95 58
82 70
130 22
7 9
5 51
133 27
69 61
64 146
111 148
51 11
94 138
109 82
97 94
107 111
72 135
21 127
78 126
123 112
144 66
115 84
124 81
117 104
63 92
73 47
7 135
34 22
88 32
38 117
42 102
82 85
10 80
107 102
57 142
88 116
104 145
62 64
73 137
16 113
66 65
69 79
63 67
88 37
143 90
122 16
143 103
66 1
43 123
108 130
4 101
96 1
84 93
12 55
107 117
62 81
1 138
56 94
22 98
74 84
46 34
27 50
89 125
58 31
117 110
82 46
29 29
41 142
30 139
87 95
67 8
48 3
85 37
3 86
31 20
61 79
40 137
99 78
142 4
25 133
38 4
3 37
107 17
13 67
131 123
134 141
10 20
90 40
146 148
96 104
85 36
21 84
23 28
17 84
116 142
8 73
52 62
81 107
81 128
18 38
80 39
85 21
88 13
73 115
37 121
130 102
132 14
96 69
103 139
22 124
134 35
146 45
98 85
123 97
47 41
100 102
130 116
45 60
131 90
108 45
19 88
82 85
88 39
125 9
56 25
143 137
58 115
84 115
104 139
28 4
134 26
102 93
58 70
4 22
93 115
4 65
27 12
57 81
71 148
82 41
68 51
62 49
77 89
54 97
38 51
90 91
111 82
104 72
47 93
4 8
120 131
104 60
1 60
29 96
9 31
99 67
104 87
110 57
124 143
11 26
92 33
86 129
45 75
81 94
60 109
58 128
139 111
7 24
109 117
9 104
82 18
78 3
59 32
144 107
139 66
139 149
88 129
109 86
75 0
87 39
100 86
56 124
100 119
80 147
50 92
99 16
47 122
83 134
103 127
57 0
143 15
32 95
19 36
56 135
73 32
13 5
140 72
110 140
44 0
117 85
52 34
39 24
29 91
145 61
29 53
145 135
79 6
126 123
3 135
141 17
55 81
120 54
3 149
96 122
24 102
31 120
56 12
4 103
112 99
124 46
119 41
30 123
59 95
3 67
55 116
59 17
86 104
60 71
107 108
40 129
11 72
0 73
129 64
69 131
24 41
0 123
21 116
22 65
125 24
137 7
124 39
123 42
56 97
43 22
78 102
125 131
139 72
68 79
142 6
71 147
107 141
112 79
119 128
7 104
143 50
38 112
8 16
27 32
60 81
104 133
69 60
114 38
3 11
20 140
10 67
70 82
30 78
31 58
33 14
6 97
141 96
93 96
52 8
11 25
134 24
77 82
77 84
93 108
146 9
138 89
55 89
33 64
5 98
130 124
139 15
143 133
130 19
23 13
55 75
102 38
131 137
111 82
100 112
107 42
108 95
25 50
117 51
114 19
32 134
27 21
102 72
60 133
142 140
121 70
10 10
0 139
36 118
102 106
39 4
133 111
84 72
82 142
69 104
30 118
133 31
87 98
43 113
50 3
122 142
90 41
41 121
143 36
15 48
138 51
128 118
67 91
136 46
42 97
87 148
91 121
50 5
104 9
99 139
109 137
8 8
0 63
95 53
37 24
79 40
76 19
114 65
125 47
74 82
141 64
70 30
25 11
138 48
87 13
31 35
11 20
137 101
83 144
25 10
113 15
57 92
29 73
146 141
119 18
41 39
143 63
46 16
84 123
113 29
131 75
23 12
136 145
10 1
131 148
124 116
18 130
112 76
30 52
89 3
139 64
70 43
3 90
83 140
23 106
70 40
23 104
131 36
148 33
119 106
139 58
79 109
116 25
90 108
34 129
40 73
132 149
49 86
61 6
10 148
42 81
96 67
149 149
113 142
63 98
19 72
3 133
134 118
41 124
69 117
117 12
67 36
134 22
7 126
12 57
84 94
15 21
145 60
70 46
44 100
109 32
47 112
121 53
119 104
66 148
58 0
148 27
62 78
4 141
127 140
48 47
107 54
14 21
17 124
74 5
94 70
34 111
68 70
60 118
76 138
84 86
124 78
102 52
59 115
61 77
34 83
65 132
149 80
96 19
43 96
55 134
78 54
110 36
109 138
33 109
32 148
137 117
126 11
28 95
7 90
44 30
92 120
54 122
46 54
80 119
48 71
43 68
55 99
84 20
67 2
20 62
104 103
110 31
20 147
1 104
137 91
35 70
93 79
81 71
39 1
48 66
134 3
38 37
26 80
87 78
25 83
63 112
66 21
7 98
99 64
20 139
43 140
83 75
118 11
146 117
42 21
117 34
59 127
31 107
78 78
75 128
56 133
131 118
51 5
40 109
17 132
6 131
102 85
119 61
142 140
1 146
15 13
122 67
84 64
63 91
45 62
96 92
106 55
46 92
132 92
95 56
31 22
9 138
109 99
108 91
1 41
138 93
121 72
126 58
87 135
32 85
24 36
38 4
62 114
78 93
11 15
149 13
105 62
14 116
118 14
23 136
6 35
149 52
128 50
36 19
127 135
88 75
12 3
83 118
129 17
47 46
34 24
147 14
44 128
55 117
144 74
90 109
130 107
4 59
73 135
25 13
131 110
87 10
113 12
41 16
72 145
111 83
102 96
58 90
61 147
125 28
32 91
57 59
96 8
117 55
3 65
4 29
19 41
42 142
107 128
93 115
129 51
35 104
109 88
27 146
101 103
20 114
100 130
92 28
97 59
103 23
122 134
116 2
107 148
148 119
22 107
74 107
29 71
112 97
76 131
52 137
31 123
76 124
2 113
33 55
91 114
123 82
30 55
87 9
33 110
125 70
144 31
18 5
82 9
29 96
27 108
119 73
105 18
135 74
106 44
131 131
138 80
48 141
94 1
53 75
75 76
35 30
107 35
81 59
46 85
45 147
8 102
67 110
49 43
53 4
8 45
84 118
21 35
107 35
74 38
128 95
58 125
118 66
24 92
136 140
1 106
1 121
58 26
86 126
125 120
119 100
30 107
77 35
117 77
68 128
9 61
112 108
19 29
67 31
71 15
49 17
102 143
97 49
114 149
135 116
111 51
148 49
113 130
41 86
43 82
14 114
32 53
42 139
54 40
26 44
124 85
68 24
45 3
107 96
139 48
96 100
101 39
40 6
117 128
90 90
47 69
116 93
56 93
12 27
29 146
29 27
111 24
129 91
62 2
86 82
55 116
134 8
140 73
121 140
85 123
91 148
31 81
71 57
133 21
76 102
47 91
43 44
18 75
108 4
87 33
19 55
4 95
50 15
120 8
38 22
30 143
59 23
148 66
70 39
97 116
128 87
120 15
45 112
103 23
3 123
58 54
130 139
141 80
21 137
142 8
10 0
39 143
76 53
111 66
131 126
146 75
67 84
121 137
29 133
125 43
11 20
94 42
46 128
52 113
48 102
77 88
65 88
104 101
20 140
115 75
67 140
67 8
126 30
7 132
56 134
141 89
73 39
58 83
142 63
148 72
132 70
39 32
149 104
21 73
148 29
26 13
9 117
78 74
133 46
114 89
4 146
126 5
48 5
61 66
121 95
96 29
99 145
146 82
128 20
137 113
68 59
81 105
143 79
111 62
109 23
117 104
106 111
113 13
1 1
93 37
73 54
83 113
40 128
8 77
17 12
56 93
12 149
76 110
137 48
75 70
126 8
80 57
50 29
121 134
134 64
102 115
17 35
1 6
29 139
142 76
28 96
126 118
112 71
120 33
116 132
83 59
72 42
131 120
38 129
120 25
134 133
100 11
107 79
114 8
132 147
60 42
4 29
31 3
83 104
19 41
38 137
121 69
90 32
71 9
121 102
12 55
72 87
34 104
18 97
144 29
119 147
109 104
148 143
22 105
37 55
79 106
109 28
56 120
127 19
7 141
123 77
62 48
100 83
127 0
116 114
42 110
87 26
117 30
44 15
107 52
99 8
131 8
69 135
90 85
52 136
127 126
78 92
0 1
110 22
68 35
120 79
139 12
10 11
131 75
85 119
71 95
61 99
121 36
82 121
49 126
83 144
96 135
148 29
69 44
19 11
86 27
31 101
69 110
69 130
15 64
108 5
102 116
94 140
69 117
98 97
7 36
44 42
95 10
37 58
40 127
117 88
44 53
80 85
34 34
94 110
20 82
138 14
99 8
12 36
47 143
77 142
103 112
114 38
100 82
135 61
120 134
78 130
5 76
51 23
112 56
93 27
138 132
123 18
108 46
119 58
85 57
0 89
10 101
123 2
119 135
34 13
148 52
24 98
129 141
113 36
18 86
124 125
94 3
58 127
41 131
110 10
103 104
118 37
72 71
71 144
119 100
6 23
85 148
24 138
79 49
123 40
34 72
130 42
27 6
96 124
116 134
100 9
126 145
15 29
52 85
145 39
146 131
5 55
21 36
16 83
125 100
10 98
87 123
31 19
95 122
148 4
90 106
47 143
46 3
147 65
22 18
57 103
124 12
115 25
62 37
126 17
24 143
59 50
102 14
111 114
47 82
64 149
101 126
132 103
112 122
121 69
133 44
15 26
92 89
38 81
115 24
106 144
130 79
14 46
76 92
14 134
92 105
129 65
76 111
79 115
61 128
59 34
9 81
9 25
101 10
0 118
146 35
122 47
118 140
31 59
20 118
67 141
11 27
96 23
54 4
56 41
146 146
115 107
125 70
136 17
14 42
126 0
4 115
86 129
19 9
34 17
139 137
60 138
74 108
0 15
133 129
76 95
3 26
111 38
59 102
81 24
70 59
8 49
127 92
121 101
80 46
134 51
59 51
142 10
19 123
137 24
110 116
22 64
124 93
53 23
72 123
133 94
19 107
135 24
110 70
26 58
16 34
139 1
101 82
118 58
106 93
8 13
55 27
30 36
106 91
141 72
55 75
112 88
106 90
13 118
71 71
20 1
54 78
98 99
16 143
75 82
117 35
112 125
55 142
114 2
38 114
75 114
11 99
114 9
51 146
70 99
96 123
96 86
110 5
0 24
68 9
12 142
125 48
9 6
8 134
41 80
74 39
143 38
61 69
67 98
94 82
15 82
63 81
127 128
148 26
146 49
102 21
90 9
89 12
7 34
62 59
93 42
113 115
14 46
127 25
84 30
124 15
11 8
57 131
44 130
112 37
55 88
142 82
145 21
85 101
10 29
47 59
124 2
99 93
138 136
93 97
91 24
61 18
3 115
57 34
95 102
141 42
32 108
5 29
128 55
39 141
64 134
6 88
16 115
34 14
96 56
113 143
81 129
125 87
132 18
103 56
22 1
70 100
103 8
52 116
109 39
85 82
20 1
106 28
101 149
80 62
44 42
122 145
44 109
4 42
115 67
75 52
14 11
61 130
41 54
95 111
21 128
102 113
130 81
59 102
136 19
148 139
45 92
4 49
16 44
39 4
132 124
103 76
141 92
27 22
74 43
103 103
113 116
43 16
52 107
108 84
117 25
5 124
69 7
89 81
25 10
63 25
75 129
114 93
18 136
88 28
132 94
48 12
12 25
13 13
77 41
130 17
100 40
65 59
100 8
46 58
92 79
39 89
131 2
73 24
98 70
25 21
117 138
71 0
36 18
114 56
38 2
34 18
148 69
54 36
13 95
21 108
31 15
75 144
68 51
97 76
106 11
112 41
47 64
111 73
136 113
33 95
37 83
95 47
130 87
46 46
81 28
85 4
53 126
54 5
52 31
100 64
44 72
48 25
113 32
103 116
108 54
105 96
139 88
17 17
88 118
39 131
139 60
23 95
58 67
94 27
57 138
142 145
21 32
28 115
142 19
115 82
22 40
120 40
39 19
98 121
30 61
136 26
99 37
115 2
132 60
108 129
19 68
147 10
144 72
76 47
130 15
145 44
71 83
140 7
60 128
136 20
20 25
89 74
137 54
139 12
61 85
79 27
56 101
12 113
51 103
54 121
91 87
124 34
39 73
100 117
7 76
16 130
72 14
129 66
131 22
62 105
51 82
34 84
83 40
58 54
125 56
43 91
15 93
114 142
61 68
82 55
31 10
108 67
20 140
25 29
14 127
66 101
115 122
1 36
115 143
4 103
110 46
50 101
24 78
62 78
19 26
20 85
46 40
100 55
111 105
141 86
134 98
135 84
41 81
25 43
117 4
88 60
96 107
53 14
31 50
93 124
43 14
44 143
146 95
108 142
8 68
0 122
89 103
62 42
42 118
133 80
51 84
25 18
84 129
11 90
4 134
112 35
109 130
1 49
142 97
103 14
143 23
97 89
69 91
96 101
139 29
86 118
14 28
123 4
146 83
134 107
130 14
38 120
59 77
140 24
42 25
8 39
110 36
129 77
52 62
23 57
9 50
19 141
112 85
121 115
39 107
22 4
110 146
107 61
107 115
112 67
0 23
10 34
10 119
58 7
134 119
131 104
92 2
112 9
56 36
17 27
26 47
70 51
52 41
21 115
30 94
90 4
23 23
37 98
108 77
51 114
115 43
112 12
145 107
131 131
90 107
5 9
4 79
55 71
38 0
134 31
33 23
28 38
12 94
49 33
76 141
61 87
127 146
4 146
84 142
73 35
96 117
86 1
40 105
5 148
55 58
58 130
143 47
12 98
22 38
2 49
54 137
81 19
51 144
45 133
33 48
115 54
88 55
78 98
98 54
140 38
110 19
110 141
5 36
40 33
84 54
118 117
109 51
134 88
61 58
46 139
126 0
61 9
88 2
130 117
21 62
70 106
12 87
93 137
33 47
144 115
146 143
109 20
96 136
10 80
66 122
42 130
110 73
44 135
76 67
94 66
149 60
17 120
45 97
83 69
93 24
84 90
94 133
92 84
140 15
144 127
94 76
37 100
53 89
137 56
26 62
141 64
57 47
77 122
40 42
30 38
120 48
51 32
47 21
123 124
103 45
129 72
103 45
58 63
127 75
66 79
118 25
64 36
83 51
98 53
55 42
141 106
73 129
34 23
126 111
116 102
68 40
44 34
133 78
148 92
104 20
114 96
12 42
56 28
96 71
50 27
9 129
124 149
121 28
61 47
32 107
137 97
130 142
146 109
27 104
88 147
30 75
17 30
74 111
57 94
123 14
31 78
103 69
107 55
28 136
74 74
38 105
119 0
43 45
136 92
133 10
42 35
133 1
54 51
27 102
8 93
99 33
140 14
27 3
94 15
89 81
44 28
75 37
67 5
98 85
88 44
90 122
39 146
86 21
57 36
94 100
125 106
86 147
83 0
149 63
86 10
125 9
119 47
44 91
69 7
143 49
92 127
105 81
102 106
83 33
99 81
14 12
7 146
94 59
114 105
9 44
51 92
120 127
69 80
72 37
6 21
147 4
29 95
86 62
49 146
7 51
4 20
119 77
57 92
112 28
57 11
146 117
31 132
46 21
26 27
138 38
37 112
102 103
109 27
55 2
47 26
113 18
127 99
83 27
118 101
106 50
106 109
35 123
141 132
117 107
146 24
119 55
78 72
9 100
113 38
71 146
110 129
123 141
94 27
109 70
135 141
101 51
45 51
79 136
118 136
104 63
7 60
14 123
93 100
62 117
135 4
142 15
75 86
105 22
70 2
146 26
22 18
72 67
114 141
132 64
141 79
129 114
148 58
48 4
117 6
102 148
121 32
142 66
133 49
36 136
25 21
144 70
62 46
135 96
127 132
93 141
87 114
99 15
31 30
30 56
3 85
10 8
140 71
62 27
29 22
37 8
67 33
89 103
89 7
119 113
67 83
127 76
86 23
91 50
94 70
5 9
108 14
98 117
98 144
57 133
52 66
13 96
60 144
101 71
12 114
144 68
59 12
81 87
26 69
70 3
110 132
26 45
24 122
71 113
104 126
33 48
62 139
91 38
147 22
56 112
58 11
35 52
38 82
86 148
125 7
68 70
114 86
137 124
130 17
44 17
10 114
127 8
97 97
122 18
63 32
147 34
19 75
129 137
33 131
128 133
40 100
85 53
90 20
90 132
103 40
7 86
90 141
102 34
108 65
117 109
99 61
1 27
76 16
62 81
106 12
67 32
65 131
0 31
112 32
59 8
75 62
18 140
72 114
50 94
140 140
81 50
26 111
78 32
16 85
122 18
64 10
125 6
15 135
43 15
86 54
74 124
119 94
30 106
16 115
64 19
106 80
134 112
74 115
82 39
144 52
95 113
112 28
78 102
60 112
31 100
66 4
92 118
49 69
89 63
127 114
7 107
86 68
119 55
66 128
116 82
113 142
57 78
148 20
93 74
88 5
143 80
57 105
125 1
39 69
107 73
61 128
144 70
55 113
47 53
23 26
20 18
86 12
16 47
66 82
127 122
112 116
20 145
53 75
128 39
53 79
147 86
21 126
13 143
96 101
51 115
94 0
21 76
24 28
134 67
124 85
116 48
7 3
146 136
143 82
106 126
12 46
139 113
88 62
66 122
95 30
106 40
31 55
139 110
60 52
68 99
127 40
38 53
58 45
140 32
39 26
91 83
4 3
111 47
60 114
41 141
113 130
102 28
113 83
43 51
144 66
66 131
21 50
72 118
26 113
93 89
144 24
37 70
101 138
20 145
43 9
21 141
101 69
10 47
52 112
15 51
35 134
48 114
80 78
22 11
60 79
49 145
132 79
115 30
91 96
22 78
141 120
55 110
67 120
88 104
144 100
77 97
2 35
13 20
102 70
98 51
139 0
104 6
126 111
80 60
117 127
23 90
55 22
17 53
21 4
106 92
124 6
44 91
130 129
62 138
113 133
110 90
16 27
16 0
94 55
77 80
65 65
42 128
69 86
141 133
135 110
45 106
70 105
129 3
35 132
84 12
129 66
107 83
31 124
48 126
98 16
72 33
113 41
79 90
87 44
124 76
10 108
124 122
73 148
140 131
131 91
11 69
62 133
81 84
143 52
132 11
21 56
110 103
77 107
138 148
65 67
30 39
140 140
145 81
146 47
73 85
138 40
23 3
41 6
115 8
25 111
121 128
73 108
70 88
21 5
72 79
85 74
68 88
64 81
81 102
52 52
95 45
115 40
135 118
48 7
148 144
6 13
118 31
54 79
6 36
37 84
42 64
45 145
91 60
82 111
77 93
61 97
88 128
109 145
71 90
85 0
72 95
129 41
34 88
115 135
133 9
141 41
52 119
92 104
31 36
86 111
62 14
58 73
22 50
75 86
84 80
39 29
98 104
85 86
4 43
139 44
16 32
9 71
86 142
65 54
61 113
113 118
115 104
121 0
120 21
63 0
136 91
133 128
37 126
137 7
128 149
86 47
26 35
133 109
55 118
125 132
135 140
87 84
140 113
20 91
115 112
28 141
12 85
127 13
75 137
145 118
28 24
140 78
142 57
33 16
11 135
144 140
127 42
122 16
51 73
28 53
143 40
67 131
13 57
135 67
93 41
58 77
129 149
138 146
2 86
46 113
21 54
124 103
39 71
70 103
25 64
116 50
105 105
28 80
147 119
117 24
28 20
79 21
117 141
107 95
53 97
121 24
56 53
96 125
44 30
5 45
106 67
73 121
31 75
57 72
24 105
121 49
97 58
138 26
71 35
52 83
29 87
116 143
35 78
83 117
120 100
36 42
56 108
44 62
114 3
21 130
57 13
3 81
111 1
23 116
26 55
41 43
55 145
94 85
145 115
28 79
106 33
110 86
75 47
48 78
113 40
125 85
124 31
139 67
131 18
83 105
49 141
94 81
140 71
92 60
26 3
133 97
105 70
41 53
2 13
91 87
103 88
67 131
35 140
76 69
6 61
116 45
85 32
15 135
57 63
50 99
115 81
121 76
80 122
74 77
146 39
67 102
48 108
117 139
11 0
86 96
8 115
133 131
103 98
133 141
77 60
79 112
68 134
95 71
107 123
11 95
29 108
133 61
132 42
90 0
12 93
8 129
141 130
51 60
104 114
17 97
17 31
29 108
49 36
111 80
19 146
135 143
10 33
102 102
87 72
134 76
147 65
113 100
14 52
60 4
6 149
24 104
61 31
84 37
12 147
118 93
19 59
103 45
94 74
145 0
115 37
131 20
114 95
10 146
148 94
99 33
118 94
125 10
49 50
49 137
12 141
101 2
17 33
84 77
23 130
120 85
149 127
55 147
92 78
76 4
40 144
47 33
42 81
132 67
25 32
112 131
45 21
106 147
126 85
65 65
24 62
66 126
44 106
128 114
91 142
31 15
21 132
38 16
44 85
41 119
116 33
130 40
70 6
87 67
131 116
102 35
128 113
50 92
111 58
85 101
98 143
46 95
34 96
73 96
13 118
103 117
104 94
118 87
51 141
10 78
68 77
133 129
115 139
90 132
71 67
118 39
31 94
112 60
110 69
77 115
66 6
25 91
24 137
29 147
105 139
36 80
5 81
133 83
65 70
126 122
94 11
2 59
108 39
94 106
7 9
85 54
123 12
120 7
47 82
129 26
22 43
30 76
2 142
99 122
76 84
108 145
95 60
104 36
39 87
109 52
35 43
120 130
122 56
110 74
48 31
20 64
54 69
106 110
67 12
19 95
53 94
94 86
20 41
142 2
140 60
30 40
123 99
63 38
69 135
17 2
89 119
27 87
20 82
105 144
103 44
119 119
137 2
110 24
140 16
98 105
54 47
26 121
15 77
83 43
128 67
145 125
126 5
134 94
84 13
38 144
80 111
60 84
89 65
145 31
50 147
32 101
121 131
137 70
114 8
58 23
59 62
23 107
88 132
60 80
44 81
76 45
22 105
2 1
93 139
94 21
76 112
121 46
121 149
134 112
56 87
142 140
50 32
22 121
148 97
74 29
25 49
57 144
40 55
148 148
103 126
53 48
102 137
68 32
101 37
72 102
1 30
146 24
20 145
12 15
45 89
131 12
11 38
32 103
53 93
0 78
37 44
31 57
61 84
72 137
12 62
31 107
3 105
119 129
38 21
134 52
140 35
25 100
15 92
20 8
3 124
132 46
41 69
95 22
145 113
31 7
18 127
82 68
56 68
99 103
70 98
88 75
130 38
147 101
79 133
119 11
141 98
110 87
56 37
67 93
70 77
46 126
131 78
41 48
88 39
70 5
112 97
89 63
61 80
132 147
36 89
62 84
112 111
100 113
115 100
40 66
1 38
33 116
21 87
119 67
8 132
146 44
45 55
18 142
33 29
16 120
114 19
0 25
107 105
140 146
13 42
27 103
104 17
131 50
127 141
90 9
88 128
26 26
57 136
58 44
23 89
41 74
57 3
15 29
4 138
109 144
46 80
112 139
98 138
144 14
112 129
116 37
30 33
57 88
15 141
0 139
60 13
141 131
7 107
131 100
57 29
130 63
134 38
9 40
34 7
33 59
27 5
89 22
129 51
53 56
1 96
71 98
9 96
97 46
117 26
43 78
82 58
6 96
138 17
102 59
60 24
141 83
48 10
23 7
38 17
31 73
34 33
144 113
94 95
133 143
98 44
36 29
45 12
78 78
41 111
97 16
139 112
54 95
70 87
133 77
88 89
94 132
1 97
103 56
94 71
147 112
28 39
121 105
86 93
34 128
49 90
40 28
95 36
52 52
34 1
71 14
137 70
48 60
15 142
41 86
116 74
149 103
16 118
100 78
56 9
104 13
126 135
70 95
142 90
123 99
8 140
81 127
123 0
121 126
28 93
117 131
58 99
63 23
116 4
34 4
39 107
66 77
71 129
125 115
35 148
58 117
29 60
64 141
142 23
82 126
68 84
86 0
48 58
69 5
84 115
77 86
110 120
10 18
119 119
102 15
90 30
126 35
14 93
129 89
146 26
82 41
1 92
149 109
22 123
45 84
11 11
134 72
32 102
108 79
85 149
58 138
115 54
42 128
1 31
6 28
114 97
83 141
148 80
21 70
36 98
120 33
9 10
144 117
42 122
65 113
120 59
141 67
130 35
97 99
108 42
46 140
55 75
116 46
35 37
3 144
126 105
88 87
116 122
19 23
115 24
42 61
124 1
62 85
106 126
11 17
121 7
61 24
22 59
73 88
17 79
148 90
125 58
99 116
95 61
24 113
4 80
66 119
84 36
29 67
85 109
80 120
62 30
24 50
32 65
44 69
28 17
50 11
46 59
19 2
101 15
79 102
105 45
70 83
113 12
30 123
3 0
54 112
133 136
108 8
129 121
87 68
127 26
123 129
13 47
3 12
2 40
98 19
9 144
70 115
103 113
40 44
112 65
136 75
130 4
10 56
139 29
147 141
3 126
56 50
130 61
72 93
142 61
34 64
14 68
100 21
29 52
17 102
5 127
15 41
61 41
66 25
90 95
96 121
12 117
13 8
121 43
62 82
30 88
2 4
136 126
62 143
103 107
9 38
96 124
65 81
16 1
59 148
0 132
32 27
136 98
17 107
13 117
149 64
115 125
31 96
58 110
130 70
56 50
72 12
50 34
125 81
113 22
20 8
79 28
38 102
3 78
57 52
80 58
79 34
147 79
17 114
100 67
118 125
84 135
94 89
83 77
146 116
76 59
11 120
73 95
141 2
52 22
108 52
64 104
141 33
71 21
87 20
78 88
61 42
148 3
133 32
4 134
58 81
123 81
113 27
31 136
131 137
53 70
47 26
55 142
64 58
36 105
5 5
79 43
119 37
74 88
59 103
44 52
62 57
51 104
11 52
56 28
85 8
18 18
82 19
75 23
56 84
4 139
89 49
86 87
100 24
148 118
110 97
122 144
59 111
56 139
13 61
44 127
23 96
2 5
44 87
131 16
57 26
99 108
125 53
107 85
114 27
105 126
54 121
102 26
66 127
109 4
70 133
140 130
108 16
19 93
78 4
75 108
122 29
141 26
118 67
33 31
72 30
40 85
68 103
63 56
101 19
98 148
145 93
110 83
61 140
120 68
120 18
2 6
34 34
55 11
27 145
43 27
148 107
121 62
102 12
98 61
109 142
128 129
35 8
134 27
128 68
7 60
74 81
35 101
6 142
13 7
145 22
128 104
100 67
75 114
1 23
113 57
60 56
93 27
42 23
63 15
54 58
40 85
44 52
55 54
70 108
141 122
148 82
131 19
43 46
147 14
90 101
60 2
17 68
39 63
114 143
126 32
69 9
77 80
96 52
60 107
32 78
80 104
71 69
142 69
96 14
66 71
37 40
77 56
129 128
104 77
40 4
149 73
38 142
9 112
15 43
104 95
32 129
100 144
113 12
20 121
38 80
66 89
60 1
101 121
54 2
10 48
24 81
44 131
45 108
37 140
86 36
22 38
137 149
27 82
90 68
117 26
104 62
125 50
9 141
60 22
84 34
140 22
43 137
127 139
37 61
135 85
0 83
14 144
117 116
111 121
116 111
68 67
71 105
139 4
6 14
23 58
65 22
31 83
61 92
89 66
113 69
135 128
64 13
76 104
75 42
130 117
16 60
78 5
99 8
16 84
78 10
20 137
137 91
143 44
112 79
50 19
128 25
125 133
33 111
130 111
28 115
0 93
90 82
100 114
68 147
76 20
71 64
96 11
135 51
98 24
72 71
98 58
25 92
125 132
109 115
145 113
15 124
101 68
66 17
145 97
79 20
143 35
15 10
6 77
33 99
0 75
4 55
103 36
134 134
109 118
28 75
130 102
110 41
121 36
125 134
120 48
44 111
100 99
5 86
125 104
9 21
0 48
50 44
147 21
77 144
65 8
90 32
128 147
131 19
18 112
23 105
100 122
136 50
105 125
54 43
121 106
26 121
23 119
7 80
29 39
51 64
3 119
125 117
54 70
34 120
75 24
80 34
139 93
141 95
13 28
59 65
6 39
100 94
1 25
53 128
7 24
88 53
89 60
7 120
37 121
133 82
36 61
104 78
29 39
129 51
50 33
32 88
23 21
50 53
53 31
105 79
141 40
113 123
92 77
126 11
79 97
78 27
123 104
69 141
50 34
87 142
23 46
98 146
12 149
116 125
89 14
20 97
35 98
78 137
44 119
22 56
41 104
130 108
107 1
18 126
28 101
14 16
28 28
132 115
47 10
85 49
149 18
38 146
16 120
56 19
143 20
31 67
108 9
115 148
52 0
144 58
75 121
10 61
90 86
91 8
102 129
8 13
70 91
105 46
52 83
46 117
106 118
147 83
79 57
115 19
50 15
58 40
146 137
97 25
128 10
18 1
24 60
43 108
49 54
128 49
10 96
21 30
104 99
25 13
147 88
43 61
123 13
23 46
65 94
133 119
24 31
42 25
117 97
39 51
80 24
105 102
33 147
84 42
27 29
53 138
3 110
135 69
80 85
60 91
147 85
45 142
102 96
84 44
96 147
70 147
105 83
78 9
134 43
80 52
88 16
149 109
149 97
119 115
148 72
149 71
60 146
107 90
65 68
25 13
11 77
45 110
139 3
82 59
64 77
96 146
146 112
4 38
106 142
114 15
74 132
51 47
110 108
27 44
3 25
95 56
101 140
90 146
133 3
41 144
42 117
92 59
65 49
119 98
52 99
124 58
64 106
132 133
108 63
27 96
133 118
145 96
107 48
19 18
22 92
79 45
35 147
115 108
115 91
90 21
82 0
81 82
130 35
21 42
124 51
60 86
144 11
66 10
6 35
72 14
5 89
128 114
48 121
113 122
94 15
129 140
4 95
29 118
61 16
33 54
37 100
94 61
119 142
86 39
113 70
126 115
115 72
142 140
118 58
135 100
55 97
58 33
50 3
98 49
130 8
16 28
93 45
91 1
111 5
5 118
74 89
6 33
8 27
124 103
37 114
21 107
12 3
112 66
86 19
129 74
103 20
50 41
28 126
106 130
19 120
133 56
12 28
48 34
44 26
36 108
23 90
100 16
87 119
52 137
13 10
29 84
55 47
34 122
35 120
101 74
103 74
90 73
127 14
54 126
78 97
67 30
148 67
80 140
96 147
73 61
4 93
149 34
138 138
132 96
53 148
118 1
149 35
78 33
6 116
138 121
42 59
8 65
70 118
108 0
44 63
24 140
50 71
26 12
39 85
95 88
98 124
8 61
51 54
0 3
20 107
48 102
20 17
80 110
21 145
22 51
137 137
126 80
42 4
47 30
69 127
64 7
27 74
119 10
106 42
119 80
121 117
9 147
135 62
143 36
27 5
119 111
136 8
1 6
120 32
31 74
42 101
15 96
40 100
6 5
14 63
67 29
31 97
105 49
138 108
74 70
1 45
37 75
23 105
44 98
47 66
93 144
5 112
24 56
143 81
84 129
50 108
55 136
138 36
97 10
137 135
74 70
48 69
13 105
49 23
142 26
85 99
98 130
32 123
11 40
136 67
63 135
70 84
13 133
72 20
35 74
0 130
109 127
96 97
72 55
121 93
108 134
89 120
35 2
74 87
145 101
5 56
59 8
0 22
39 133
106 122
88 132
117 45
90 9
20 71
142 49
94 84
33 71
97 35
140 99
41 114
71 113
21 2
34 24
121 44
77 30
91 14
42 80
31 23
39 14
25 32
14 86
45 7
52 12
142 144
107 53
81 33
58 118
96 11
107 13
25 139
62 25
106 61
17 21
1 115
19 130
46 47
97 47
98 104
143 94
113 143
16 4
42 143
44 108
47 145
67 26
44 8
1 62
119 34
11 17
102 148
4 146
33 95
88 90
138 35
44 138
29 25
114 46
114 37
68 123
56 50
133 77
131 111
64 48
104 95
131 14
94 49
125 114
118 112
109 28
33 55
70 10
35 50
121 86
34 99
54 144
89 134
142 126
63 3
123 67
95 139
66 146
37 61
47 101
19 39
77 117
148 130
104 98
30 54
70 133
76 62
7 24
106 44
85 125
149 26
94 42
76 139
54 66
68 15
91 69
137 27
108 76
121 114
6 68
113 57
89 96
24 8
113 93
73 129
97 128
45 11
1 42
12 57
139 97
50 57
47 54
53 24
92 107
40 2
138 127
84 16
92 149
87 84
116 29
59 107
78 7
140 127
95 16
117 71
101 4
84 12
74 88
35 93
77 103
121 67
53 24
104 106
45 129
147 140
69 149
146 94
111 8
45 100
21 35
62 53
131 57
11 74
58 94
87 144
35 23
13 30
77 27
73 65
83 80
47 14
6 14
10 21
140 32
134 130
16 94
98 60
12 73
76 48
122 64
131 81
39 70
133 88
10 107
141 149
13 93
29 78
9 20
68 80
24 98
21 11
34 60
112 72
123 74
135 107
49 5
99 131
79 37
86 126
121 23
110 92
131 35
76 132
5 135
58 40
83 1
51 15
122 27
147 17
82 55
53 104
129 101
37 50
109 72
9 117
88 31
26 49
141 138
101 114
75 62
24 75
38 18
70 124
57 21
133 92
84 7
102 133
68 139
146 72
9 54
100 113
137 5
109 148
71 94
96 86
103 2
66 25
38 92
35 17
61 141
65 23
138 88
135 130
11 51
98 37
75 45
108 120
124 96
10 108
6 59
45 142
35 118
59 50
130 111
25 20
13 18
65 129
37 84
73 147
115 72
4 84
86 108
84 45
74 63
51 22
5 22
31 105
64 128
113 8
34 75
45 140
73 51
67 99
61 143
69 8
142 144
128 124
68 120
74 66
139 18
16 133
57 126
87 12
23 55
119 110
110 39
110 107
148 70
106 54
45 67
116 120
114 106
126 4
120 130
141 114
26 51
13 62
99 1
36 49
114 117
97 49
105 66
39 142
102 0
22 0
145 10
73 98
18 60
42 85
22 15
145 111
80 57
112 75
37 6
108 73
140 18
4 14
63 71
49 129
89 11
110 51
54 51
101 106
55 121
120 127
86 87
71 87
17 135
12 100
72 70
130 6
54 22
65 100
77 25
32 4
140 17
63 133
122 132
134 58
137 31
120 76
97 86
53 106
125 111
22 148
95 3
94 117
121 8
84 121
138 78
34 54
39 97
58 86
28 55
64 79
44 3
26 61
69 39
115 7
10 139
46 91
108 120
8 132
145 131
12 0
48 57
26 76
70 135
60 123
140 25
111 144
10 1
78 116
96 139
133 32
45 9
137 120
21 110
57 18
86 62
65 99
106 0
36 39
93 131
133 51
53 34
44 46
18 24
10 1
45 99
55 2
93 26
6 59
54 2
34 98
130 5
35 69
18 61
67 14
42 12
95 18
84 140
13 56
19 133
63 93
25 4
8 84
38 133
92 79
143 49
53 13
144 65
132 18
10 116
11 58
15 147
67 62
16 104
100 52
31 1
124 0
84 129
71 110
36 33
143 90
74 81
16 69
31 139
41 136
99 20
77 104
82 88
16 113
27 102
6 139
78 102
61 33
40 142
66 25
99 119
33 82
3 112
121 64
137 141
13 60
80 25
70 24
108 130
72 42
20 73
17 44
64 20
31 5
145 107
26 63
91 46
132 26
143 11
78 42
31 62
53 18
0 142
45 69
85 120
35 59
147 47
48 15
74 47
53 124
114 80
105 4
88 108
55 91
124 52
109 38
75 2
93 77
51 54
45 135
24 133
74 98
56 55
143 37
120 9
103 27
10 69
94 148
24 140
25 97
102 145
30 60
110 49
18 96
27 113
73 68
38 101
91 55
11 90
4 63
148 123
82 115
140 80
17 100
54 75
149 143
94 38
10 62
69 103
73 110
37 144
14 86
80 136
148 15
107 55
120 98
115 115
58 124
73 82
93 99
95 97
80 130
116 55
114 125
38 6
6 57
128 134
64 97
6 55
40 59
110 28
4 87
22 41
35 100
79 145
133 139
99 117
17 60
144 145
87 89
112 68
3 31
94 64
0 144
1 111
38 8
72 131
46 83
37 141
35 13
74 70
95 133
3 105
76 21
95 46
33 111
140 40
68 8
38 79
60 2
51 87
38 75
66 122
119 145
47 102
98 14
19 68
68 99
7 88
16 144
9 50
142 37
111 4
129 82
15 138
137 77
59 42
20 37
130 16
6 39
52 22
21 91
82 66
97 83
27 67
117 92
52 137
14 109
54 100
6 121
149 128
39 86
128 112
96 131
5 26
87 61
118 112
72 71
4 105
24 69
105 15
28 138
11 14
63 135
76 90
33 122
54 115
75 63
47 69
58 112
54 112
11 46
74 145
102 23
52 5
52 141
115 18
62 23
138 74
139 107
43 136
95 132
61 118
127 60
84 30
107 100
71 56
34 61
57 122
139 139
79 109
87 35
74 136
6 109
89 27
80 38
41 126
76 44
9 47
44 46
11 36
71 116
92 145
113 13
118 32
54 72
49 52
94 64
80 18
76 22
46 39
5 105
128 69
125 41
146 22
113 29
74 13
15 65
89 40
82 45
78 104
39 11
98 82
50 132
18 133
52 67
45 146
3 107
143 118
129 56
14 128
27 144
21 42
140 77
117 78
44 19
94 5
40 13
31 6
97 0
71 90
19 71
139 13
147 27
143 59
28 35
113 129
149 48
22 100
31 22
126 101
137 70
20 132
109 79
128 116
135 115
81 129
41 109
39 95
139 149
104 106
88 134
107 23
30 5
70 88
77 40
59 64
89 31
103 17
16 117
16 123
42 38
125 56
101 99
61 63
12 2
3 27
78 85
90 140
16 59
86 28
64 56
38 139
59 55
148 0
57 132
41 133
0 102
2 64
80 97
3 101
46 94
140 90
13 134
132 94
134 50
30 23
143 21
0 119
25 143
2 106
80 25
11 118
2 14
2 133
76 13
122 114
115 121
141 149
118 22
50 5
15 30
101 57
122 117
80 22
9 66
77 2
122 7
119 95
116 126
68 65
68 33
82 87
129 97
26 80
9 71
127 39
88 121
37 100
83 130
5 78
115 17
83 61
135 80
18 102
135 56
133 98
37 1
27 119
133 103
139 149
77 13
5 27
99 124
60 74
86 63
44 42
96 39
17 4
43 111
111 84
27 29
31 103
41 114
70 56
55 112
22 76
92 108
82 116
36 17
1 97
11 80
32 112
31 83
56 79
75 40
149 32
80 59
135 106
83 69
106 105
60 100
76 44
40 66
30 103
71 61
86 23
85 121
24 3
126 31
1 102
55 56
124 113
130 128
64 4
6 43
112 7
36 33
100 128
147 136
70 68
110 115
121 59
46 47
104 60
51 46
64 90
135 58
103 76
77 1
21 130
47 2
9 26
139 32
49 119
128 50
141 102
106 97
76 53
43 132
75 134
140 76
79 135
52 29
89 48
139 126
91 58
121 135
3 109
29 64
59 148
48 75
14 104
12 54
105 1
91 67
95 146
128 67
72 102
26 141
40 93
65 14
18 147
96 119
96 36
8 101
33 68
109 34
128 64
100 10
43 89
106 145
119 51
111 125
8 116
100 86
80 22
135 13
115 57
112 5
134 80
75 135
22 16
0 134
20 75
58 94
11 84
148 133
20 107
11 46
28 93
25 64
84 52
77 75
146 63
72 66
1 82
23 104
143 70
134 57
41 124
42 21
48 47
95 55
76 12
61 10
67 93
11 59
2 44
101 66
11 119
23 39
89 79
24 44
83 4
51 101
142 94
112 74
101 60
121 80
25 113
43 1
63 56
66 122
36 108
70 121
45 83
38 105
43 6
72 117
143 69
19 15
7 6
22 114
44 115
17 134
76 3
107 26
99 98
50 40
44 134
97 92
40 148
52 24
97 85
46 81
107 33
144 106
139 35
80 121
64 115
88 118
12 37
19 20
107 140
32 41
144 28
134 106
17 100
7 130
122 71
75 61
26 144
74 88
71 105
65 94
75 81
113 100
36 127
57 135
56 87
51 2
92 85
130 96
63 110
68 29
29 74
67 110
6 104
25 28
105 14
26 114
40 12
23 61
79 85
102 83
87 140
117 112
108 36
66 23
51 45
55 17
87 6
107 66
124 9
74 66
54 54
74 132
34 63
97 79
47 130
37 114
138 79
69 129
118 8
72 19
11 78
13 84
77 108
120 131
142 42
20 105
133 120
0 111
129 118
84 70
28 45
0 52
5 58
98 5
74 45
16 17
17 72
5 60
41 41
78 119
92 91
69 103
144 126
116 145
82 95
6 22
6 23
80 113
44 87
4 84
20 33
110 149
115 80
85 67
57 72
149 73
68 26
60 18
108 83
136 147
49 37
29 52
100 119
104 111
60 85
49 115
130 72
67 44
46 37
62 124
132 134
10 84
100 90
111 35
127 81
8 49
101 126
6 32
21 10
6 8
73 106
127 142
134 57
124 17
45 0
96 102
47 83
124 140
99 32
40 16
105 145
17 121
129 34
140 100
138 126
47 76
123 87
99 71
87 83
24 116
100 64
134 12
38 89
117 89
81 98
136 9
2 119
103 49
47 85
125 3
12 63
50 130
134 30
117 109
70 98
33 28
75 115
76 70
112 35
12 55
60 45
136 90
127 130
34 113
132 141
74 75
81 52
132 15
93 68
46 87
86 124
74 102
45 8
99 0
22 131
71 117
15 73
115 79
87 119
25 65
84 55
64 13
145 62
58 149
83 63
1 46
124 34
118 134
91 65
12 3
112 106
125 118
42 82
108 108
51 85
101 148
67 64
148 62
97 27
4 56
139 49
9 141
66 28
64 146
53 95
145 62
57 94
6 16
42 47
20 74
10 139
26 73
76 149
62 22
126 81
76 77
21 99
96 76
125 54
111 143
25 40
134 134
61 16
26 47
10 52
40 14
27 119
147 145
106 46
94 94
3 117
66 37
41 20
98 50
112 13
61 84
103 140
46 57
100 26
70 121
25 119
68 59
82 118
137 95
117 33
17 11
16 114
146 136
110 89
20 15
84 16
41 39
16 57
70 79
125 54
80 49
119 110
71 140
104 53
149 77
75 39
101 23
27 29
97 10
119 143
67 52
137 76
96 37
15 148
0 148
3 102
41 106
44 48
19 116
136 45
133 146
30 130
36 33
137 27
33 81
18 49
4 111
14 129
27 132
63 57
132 49
26 11
138 138
57 85
131 28
43 18
26 17
127 57
115 76
48 77
135 7
114 58
129 61
66 120
53 79
15 120
41 125
12 87
1 37
97 53
39 142
72 84
90 131
60 116
81 83
117 18
62 23
127 141
69 105
110 1
46 113
35 108
6 50
64 20
126 127
7 27
116 86
67 3
106 6
120 71
0 51
48 132
20 6
79 56
117 102
50 95
130 72
125 136
55 147
41 124
17 114
88 11
121 59
38 0
143 108
0 32
124 135
50 29
14 131
39 105
29 63
139 94
84 43
117 58
20 60
127 123
117 10
134 87
63 112
121 144
139 28
43 83
128 145
115 110
61 101
81 103
15 69
122 135
6 145
34 86
32 0
59 116
75 70
115 109
43 137
74 59
92 21
86 50
6 110
89 102
74 148
65 17
74 114
94 2
145 14
53 112
137 128
81 70
89 17
81 40
30 96
125 23
76 71
84 1
75 65
23 37
62 23
125 47
47 98
148 71
6 141
54 29
0 126
113 43
32 140
81 22
99 135
71 101
78 126
13 75
72 23
121 61
111 132
3 44
76 80
49 35
10 54
43 54
29 19
14 149
82 89
106 136
144 10
55 119
80 49
79 24
73 7
20 84
36 125
125 92
81 138
69 5
28 85
59 10
62 93
96 83
25 113
26 27
57 55
73 28
52 114
70 53
88 42
52 24
22 66
67 10
24 94
41 91
82 42
79 3
11 98
121 102
117 117
95 100
81 14
121 21
133 130
49 141
85 104
72 110
21 62
91 76
3 110
93 7
110 118
68 69
22 113
50 45
77 79
23 66
20 6
113 47
130 23
15 106
77 18
55 132
91 8
125 117
61 44
123 82
137 48
84 42
93 55
64 7
16 113
117 99
55 68
133 109
38 126
123 24
43 88
27 64
149 78
124 20
86 76
75 16
96 74
93 100
112 29
120 134
148 78
110 39
81 109
149 43
67 95
63 143
145 67
132 114
120 66
140 20
140 34
80 58
101 58
97 14
106 74
86 32
45 13
40 91
44 67
42 100
4 11
112 43
95 74
131 38
133 42
4 87
137 34
30 0
140 91
117 79
136 7
33 29
134 6
23 122
102 30
13 136
126 96
131 146
131 128
81 110
86 58
127 42
43 116
134 101
25 115
146 117
20 62
7 81
140 37
24 47
8 111
138 97
142 124
29 61
112 26
106 41
17 103
43 101
30 95
90 25
93 122
139 0
27 143
14 22
44 52
22 66
76 136
105 97
86 112
78 108
3 138
49 34
44 124
35 142
119 17
30 119
133 109
26 103
103 78
99 11
124 65
16 117
100 22
84 126
148 110
90 134
0 138
83 146
96 76
94 106
125 146
135 59
123 90
91 89
56 103
76 109
1 94
65 53
78 124
119 12
83 70
107 138
7 38
141 129
77 136
124 99
47 55
7 104
47 35
107 7
135 94
50 25
35 144
84 136
119 28
14 9
10 69
45 117
55 117
100 124
145 148
8 79
117 64
64 0
125 0
70 132
24 99
134 135
119 33
27 18
83 119
102 36
43 132
119 121
116 114
62 85
125 104
16 26
95 28
112 94
97 52
136 125
104 34
98 115
23 61
33 8
116 87
2 136
110 84
68 4
53 46
89 26
7 52
110 108
87 113
111 116
10 13
92 32
100 12
28 30
106 18
114 94
100 79
139 19
17 23
86 8
134 88
73 35
76 20
126 135
97 121
73 40
132 100
140 100
13 92
80 37
8 98
118 97
75 127
83 83
12 69
45 126
48 49
39 60
60 63
28 92
43 84
23 39
62 71
36 114
44 102
12 44
33 87
67 146
20 76
80 146
61 112
74 78
133 148
94 33
148 146
108 99
134 45
138 43
80 130
107 110
18 57
29 14
66 113
48 129
53 18
14 9
15 44
42 82
91 69
145 11
120 46
138 22
39 122
0 67
95 78
6 35
92 134
133 5
40 78
136 64
58 74
85 146
115 38
41 124
90 83
11 57
143 73
116 97
134 114
30 19
75 101
62 8
41 119
138 16
18 134
32 42
116 50
36 76
127 4
103 33
8 97
35 55
72 113
2 50
120 7
58 11
143 116
100 23
97 67
129 69
11 123
112 110
4 59
35 84
53 27
89 98
65 70
73 63
79 28
15 96
149 34
26 86
72 73
54 131
18 80
81 143
68 56
63 95
82 113
138 105
140 76
114 25
126 124
5 66
31 109
87 137
31 2
30 148
103 2
68 15
145 131
109 136
17 0
73 54
36 81
92 30
101 6
130 59
112 116
135 30
99 111
8 133
46 59
128 130
3 57
27 3
28 96
5 119
97 80
71 62
6 68
30 95
58 80
149 126
64 23
94 22
81 17
47 122
112 97
80 104
1 122
35 95
93 13
90 63
40 50
85 41
139 121
51 15
7 88
51 27
19 23
128 53
111 65
98 65
36 29
31 50
17 89
132 127
119 65
18 109
97 112
81 97
11 72
86 22
97 109
44 15
120 119
13 123
24 53
135 100
81 5
145 42
133 103
31 6
147 93
134 104
46 127
18 108
69 3
21 4
76 99
8 16
32 30
100 14
84 35
131 23
60 50
132 115
117 81
37 30
66 139
78 127
136 58
116 140
112 125
12 101
46 42
131 97
134 99
81 62
47 18
89 113
84 52
9 11
44 100
135 68
128 96
87 72
121 127
99 119
14 52
112 25
122 149
20 95
123 57
91 125
72 16
123 73
60 73
104 89
120 116
126 142
138 132
122 54
127 6
132 51
101 11
38 46
69 13
83 18
124 113
114 93
40 68
105 121
144 104
149 148
81 127
93 89
103 126
77 57
27 39
15 68
110 59
119 129
58 62
45 45
97 4
115 50
53 134
141 82
126 118
63 52
99 14
136 24
88 0
44 34
55 35
90 114
80 82
46 33
94 134
88 114
13 36
91 44
36 149
143 138
106 63
144 103
67 49
73 89
95 32
91 91
61 19
89 132
37 71
31 43
145 126
47 78
88 22
82 74
59 141
3 9
135 95
136 66
68 103
133 1
136 116
18 90
55 36
42 111
43 50
129 16
38 141
145 147
134 141
98 71
70 95
13 28
66 20
52 7
87 90
3 89
83 50
135 65
117 84
1 87
30 23
67 71
101 20
108 92
31 40
59 76
34 133
38 21
92 86
83 146
95 82
95 87
78 38
105 110
31 79
56 17
134 13
141 21
43 78
47 88
33 21
77 23
90 87
27 144
13 140
133 63
136 139
111 102
88 60
117 67
74 76
148 82
106 113
74 5
72 88
107 114
32 139
122 30
92 121
28 5
98 3
75 36
61 118
123 55
126 56
45 136
18 95
88 38
113 113
29 120
122 104
149 5
113 147
25 118
121 132
129 5
20 62
92 141
89 143
20 80
23 74
146 54
43 75
75 32
81 55
72 22
13 121
108 54
115 85
48 61
117 56
144 65
85 134
23 84
13 130
13 22
122 26
9 35
48 82
106 74
93 80
143 12
99 45
29 136
56 9
108 148
90 4
145 135
35 63
139 135
98 47
29 131
122 26
113 72
96 26
78 66
111 105
92 117
140 67
102 138
129 91
41 99
10 142
88 55
119 114
10 132
145 137
71 19
57 107
91 123
63 148
119 0
23 12
66 133
148 100
8 9
81 66
148 73
113 14
53 109
61 59
125 75
9 30
11 53
75 102
46 19
148 120
112 95
14 5
111 81
57 59
79 52
21 113
59 104
6 50
45 43
76 72
70 139
96 104
89 138
137 104
73 30
107 40
17 149
34 111
33 48
51 21
101 26
110 26
39 35
8 1
81 105
8 100
29 122
116 143
41 124
97 7
42 18
83 32
123 72
140 41
67 107
126 7
99 106
41 37
57 121
37 138
129 5
11 42
126 131
110 99
103 47
111 108
50 136
98 94
47 30
1 132
101 42
130 103
80 25
111 94
120 130
41 100
121 78
58 51
76 85
34 99
124 75
101 102
100 12
55 116
27 139
81 61
81 30
111 64
61 117
39 29
20 114
8 16
114 87
30 66
126 147
35 25
16 74
63 140
54 130
98 142
80 44
12 106
46 93
138 109
9 60
6 114
145 22
132 112
111 85
85 0
65 6
91 104
147 85
69 51
9 16
3 92
0 147
141 127
95 28
58 29
29 84
149 33
100 66
1 16
10 85
118 62
130 69
135 42
113 42
126 63
105 104
67 86
37 22
136 127
56 39
120 47
19 6
26 38
44 48
6 48
116 61
72 94
130 128
24 138
31 145
80 77
133 104
123 132
2 104
12 19
84 118
18 95
118 147
121 57
7 69
112 92
144 71
71 36
32 107
25 57
8 134
136 94
138 120
98 104
91 63
31 44
23 111
118 127
28 77
142 146
102 16
71 147
32 121
137 27
1 36
39 90
31 135
43 116
21 89
34 19
122 60
56 69
82 108
45 75
78 52
125 109
28 16
120 98
72 95
134 137
126 141
19 123
59 57
55 136
105 131
87 107
148 8
97 19
92 4
10 142
111 12
111 64
69 89
4 4
50 8
19 83
1 53
51 136
125 135
0 73
87 15
40 116
61 74
58 119
26 9
20 141
125 16
121 76
6 89
125 8
52 143
27 93
69 29
119 91
83 113
146 57
76 6
54 1
25 135
31 128
46 120
143 13
51 145
0 4
91 105
135 91
104 84
111 34
43 54
4 135
128 1
51 77
20 69
53 89
127 48
126 16
98 13
53 105
32 49
94 136
114 16
143 2
4 34
90 135
45 36
105 124
38 32
130 116
26 70
37 142
101 15
113 149
92 105
22 67
114 90
104 9
99 24
119 2
38 106
68 68
80 2
64 103
46 10
140 67
103 83
97 85
12 45
133 58
31 117
132 9
18 1
131 121
0 138
116 128
9 120
15 51
143 41
78 71
149 115
81 102
122 148
112 58
3 9
100 49
49 72
143 46
107 28
22 34
26 136
2 19
100 69
63 104
122 50
77 26
115 144
12 36
41 65
115 145
110 77
72 149
146 31
32 12
62 124
61 55
14 106
33 77
134 40
2 73
98 146
14 148
139 149
100 44
60 93
40 34
82 135
42 49
63 16
80 72
112 104
74 85
36 129
114 44
17 121
65 21
95 55
90 78
130 7
51 5
138 31
61 41
52 36
11 128
14 105
28 102
9 147
56 129
111 117
94 142
148 114
94 139
106 124
115 15
68 72
67 144
89 4
131 92
96 15
85 119
21 39
60 30
69 144
27 35
123 44
133 44
39 73
92 84
40 83
109 33
95 101
2 20
111 43
92 40
108 64
34 86
38 65
121 70
126 138
33 90
98 102
10 71
131 80
91 67
132 73
108 135
11 141
146 37
117 40
25 15
116 55
135 106
79 15
87 83
116 9
75 103
104 71
149 84
23 36
47 50
82 16
124 26
28 28
137 33
96 148
115 86
75 42
27 122
60 124
65 40
122 35
17 115
32 148
109 79
131 10
134 92
43 86
139 149
70 129
63 81
43 62
51 70
0 19
44 114
80 144
125 40
63 98
72 143
144 85
12 149
109 77
138 9
43 88
114 57
33 69
124 22
45 7
53 97
31 5
114 48
113 53
106 38
113 106
18 30
104 97
102 69
62 114
59 138
48 39
16 67
16 56
78 21
40 147
36 60
29 103
100 20
50 4
54 23
148 18
122 18
125 38
3 62
28 40
34 124
42 127
147 96
23 100
105 111
139 23
113 39
11 114
76 26
37 41
10 6
101 146
7 71
107 127
141 10
46 33
134 39
21 7
6 147
45 60
52 96
61 60
90 67
80 64
17 0
121 88
119 56
80 96
24 120
99 126
121 97
102 13
81 108
148 128
24 125
3 96
13 61
134 142
62 136
129 43
110 115
85 51
9 47
58 73
74 113
73 41
143 57
104 94
63 71
129 80
140 66
3 85
49 74
38 131
16 62
104 23
115 9
124 146
65 71
77 1
112 107
131 147
18 74
115 142
32 141
126 84
136 99
132 21
93 6
80 57
45 103
119 49
24 52
22 6
128 44
138 33
100 148
106 134
37 124
21 21
82 100
130 111
92 13
53 100
82 141
57 148
45 54
149 7
105 31
126 14
137 13
111 132
96 74
143 127
71 37
16 6
31 122
30 131
40 54
40 50
142 22
17 30
1 131
84 139
49 47
54 49
90 0
30 98
16 54
149 70
21 53
33 106
94 111
101 92
119 103
127 63
120 85
51 145
46 115
60 137
111 147
80 40
120 137
110 39
106 39
120 26
5 31
88 75
45 145
49 22
89 51
142 52
74 43
83 116
141 31
17 143
9 49
121 55
76 78
95 24
123 18
46 36
60 119
137 145
103 8
54 112
97 119
105 48
110 92
92 64
68 46
67 3
120 144
63 67
34 96
2 143
87 55
123 78
147 78
35 55
95 2
86 99
79 38
86 34
33 93
100 1
61 58
42 70
74 81
34 36
75 145
145 82
34 96
126 73
127 88
76 122
49 64
69 86
135 31
14 111
41 48
100 51
91 87
4 139
127 48
86 93
69 5
49 66
124 20
100 145
57 88
82 13
94 116
49 17
94 27
119 132
5 101
98 28
50 144
72 74
12 123
88 11
82 123
64 55
122 101
104 125
116 4
24 64
99 87
113 140
49 37
107 129
28 120
7 50
100 133
126 74
82 117
28 81
139 42
19 121
104 45
61 84
49 121
100 55
76 114
129 43
75 130
84 93
114 77
136 72
129 116
38 71
61 138
149 56
128 83
72 29
104 128
127 86
143 12
62 18
143 135
148 69
74 40
99 131
61 26
86 135
45 81
109 60
80 110
28 118
37 24
55 65
15 10
72 10
10 38
91 103
23 86
90 80
12 6
107 145
22 71
73 111
15 48
118 41
20 110
23 138
54 149
42 72
93 124
134 132
73 65
55 1
75 13
22 14
36 98
130 96
44 67
73 133
63 93
122 26
89 45
26 126
100 21
144 89
98 81
118 141
123 105
4 129
45 136
33 34
110 59
29 104
144 82
97 125
4 84
3 148
85 107
133 23
146 56
106 34
69 34
145 25
113 43
75 93
59 55
111 77
72 0
77 52
67 70
64 20
66 69
115 106
139 94
91 71
104 58
40 148
31 48
55 87
66 108
69 108
109 136
72 99
33 89
43 71
69 76
59 65
1 32
90 84
85 137
41 115
90 147
148 16
126 127
71 17
116 114
130 12
143 136
57 48
31 125
46 99
83 86
19 52
100 94
64 148
44 137
138 15
50 74
58 136
135 61
10 33
144 141
78 134
26 145
63 81
10 38
21 79
138 87
48 44
129 13
101 63
25 112
39 140
23 14
93 111
126 116
123 82
30 92
63 49
33 120
27 126
139 39
138 95
5 67
78 110
73 42
9 10
92 77
38 44
19 15
25 21
42 10
68 105
53 116
126 17
136 123
126 28
9 92
75 87
6 26
143 135
105 68
49 50
4 76
86 66
21 21
116 28
35 17
133 126
149 128
36 87
78 105
83 139
96 12
34 140
59 19
16 93
1 10
47 128
75 117
143 37
86 124
33 126
67 47
68 32
132 8
7 103
32 80
73 7
38 33
147 107
3 105
49 45
67 62
36 108
139 120
116 48
68 4
2 74
38 92
126 46
43 108
54 41
130 69
94 20
135 3
66 113
136 97
7 10
120 6
2 136
46 10
115 56
125 64
99 109
68 37
32 130
148 132
114 37
18 70
19 137
131 145
39 26
128 90
108 89
110 129
103 21
19 121
69 85
100 123
104 51
2 130
99 80
147 147
133 65
111 71
132 48
6 15
118 149
43 24
129 56
101 3
16 75
35 86
91 136
16 33
34 21
78 13
140 53
50 111
135 94
56 95
21 92
128 47
37 10
30 76
114 25
136 48
64 93
143 78
44 102
141 52
131 101
88 143
139 140
144 74
142 55
97 68
127 109
119 53
72 38
38 22
13 79
109 71
127 84
133 119
6 31
105 15
77 136
114 39
15 82
62 108
68 76
54 23
51 76
46 50
94 18
72 10
51 90
13 18
94 27
18 60
86 118
6 78
98 48
15 79
64 130
64 31
38 24
85 90
122 42
108 139
131 18
114 106
43 76
144 101
22 63
51 82
146 86
124 122
58 38
94 59
74 128
108 117
27 112
17 130
41 110
136 117
51 55
1 10
35 123
84 61
131 15
25 97
96 60
88 24
18 109
73 130
75 83
14 56
81 10
22 92
53 75
31 57
43 134
99 14
11 111
82 143
116 124
88 107
97 133
81 59
3 82
14 92
92 141
141 12
109 64
10 51
99 145
132 99
98 132
139 133
105 22
21 75
59 56
116 75
136 46
68 15
23 100
117 105
43 78
73 71
37 56
16 113
97 22
123 11
41 148
7 57
26 77
116 116
5 78
23 76
56 73
56 108
4 65
82 108
114 142
54 17
98 124
108 82
33 118
20 12
94 93
27 96
136 51
78 101
112 127
90 119
62 121
60 25
19 122
149 36
88 34
29 56
91 75
2 116
107 127
71 8
75 87
51 108
0 124
85 12
12 13
11 78
48 5
97 51
131 78
89 55
50 123
47 85
61 67
142 63
29 21
58 146
94 107
53 140
6 96
96 144
2 56
36 30
77 34
77 101
59 93
41 106
9 126
57 22
90 117
92 4
8 113
43 77
140 37
92 69
142 11
116 28
147 97
123 77
143 67
40 121
127 101
139 40
3 22
58 127
26 117
14 127
121 13
127 121
102 17
70 10
121 87
91 132
50 85
114 140
149 64
12 23
56 36
54 17
49 58
78 126
132 99
111 27
58 129
20 140
16 20
46 131
31 76
85 62
98 117
97 96
140 17
138 105
65 110
46 30
51 1
5 99
89 86
131 81
2 147
79 82
126 62
128 68
71 24
65 110
50 88
61 46
144 4
99 18
31 69
104 10
126 42
24 147
1 142
58 48
80 98
58 21
56 130
52 142
20 111
113 48
99 88
79 38
136 84
82 1
113 70
3 36
1 43
131 103
117 108
76 67
35 149
119 82
124 28
80 78
92 39
84 101
102 27
107 149
14 108
73 134
94 33
88 111
3 144
19 47
126 116
86 84
93 83
102 126
1 27
44 38
42 115
137 66
102 149
21 64
108 44
24 10
21 8
42 120
42 58
136 60
32 14
104 48
80 10
129 92
21 128
39 29
11 68
82 66
118 30
66 114
70 138
121 91
82 21
107 15
84 70
133 129
65 131
100 45
139 100
65 125
60 125
22 120
109 128
46 86
18 51
116 121
77 2
2 39
46 138
140 148
66 84
86 50
42 38
117 84
142 89
80 45
24 50
35 146
76 19
99 148
49 3
116 116
118 56
131 80
68 32
74 65
31 35
128 93
88 70
105 103
48 80
16 62
8 143
4 89
77 76
73 58
119 103
127 80
66 101
38 145
141 29
28 117
10 12
12 109
47 112
69 100
69 37
18 71
139 129
93 118
139 11
110 26
44 114
128 91
25 82
13 1
92 71
128 87
64 62
19 31
129 65
143 129
142 145
91 61
127 54
88 70
13 5
47 47
7 90
57 106
37 77
102 72
21 15
37 117
25 57
40 37
76 18
124 70
92 40
99 139
62 68
113 46
42 42
45 134
83 50
116 27
46 2
104 125
50 133
141 59
111 50
123 78
74 98
73 15
145 57
51 146
128 77
122 127
87 108
107 104
148 50
129 21
131 11
149 70
81 103
133 70
98 16
48 16
20 117
46 43
112 106
111 59
50 111
69 107
28 37
146 21
67 87
66 120
15 27
149 97
144 51
56 95
73 35
134 127
25 64
90 69
107 126
54 17
40 131
79 123
11 33
68 106
118 66
86 7
63 47
87 45
120 8
6 90
72 98
48 134
80 111
50 35
94 79
104 34
138 69
129 85
12 68
147 68
93 53
135 76
130 119
97 80
54 60
0 101
110 129
68 80
60 38
30 126
39 26
147 99
0 122
64 41
78 118
41 56
2 53
112 31
95 33
131 124
20 143
95 24
120 141
141 110
133 75
86 1
134 26
98 92
120 95
26 136
118 0
61 78
111 6
41 81
54 20
147 137
90 38
123 75
13 41
118 74
68 33
30 95
90 99
13 14
90 56
77 12
62 93
14 5
100 81
102 31
7 110
55 25
121 125
66 128
67 20
29 101
35 20
17 1
85 135
24 54
85 147
10 100
101 90
58 138
4 130
132 95
120 68
2 7
78 113
10 13
145 132
114 42
126 96
81 43
94 134
7 44
39 1
74 24
101 38
7 122
55 42
53 45
7 53
1 25
50 14
115 50
48 47
134 80
137 86
56 18
86 53
103 81
0 24
47 37
106 29
137 64
5 124
146 53
74 108
138 97
38 43
58 22
39 143
87 141
90 30
74 131
34 144
57 120
21 60
65 96
56 5
95 76
3 95
88 103
58 56
82 53
98 133
39 77
7 122
68 104
60 46
79 104
126 117
65 8
93 136
29 16
112 73
20 17
52 114
111 92
137 111
1 15
145 146
81 69
106 100
42 40
64 108
19 34
56 86
17 20
32 64
145 106
84 12
54 147
118 15
116 14
24 37
3 107
93 87
140 79
79 70
78 3
62 66
68 143
63 26
65 31
74 93
46 88
129 72
116 44
113 140
51 145
40 134
62 92
118 84
33 148
25 94
83 82
50 77
6 105
37 6
60 76
29 82
135 148
102 37
122 142
37 33
28 143
98 24
32 68
118 51
25 53
131 123
36 111
142 66
145 131
31 99
67 142
74 107
79 102
42 118
26 96
82 87
71 62
52 118
103 108
14 51
148 106
144 74
146 45
110 61
39 6
98 123
60 105
124 77
115 121
77 39
102 101
140 101
91 3
72 61
148 102
80 30
89 75
106 73
86 106
45 29
101 147
22 104
88 11
70 67
28 132
121 140
149 91
72 105
17 50
146 51
48 32
114 64
139 3
49 122
75 63
47 125
139 144
23 4
42 147
143 114
117 40
7 91
131 33
102 140
71 93
101 83
34 147
137 98
115 86
68 58
69 104
124 57
32 89
91 38
142 28
4 36
43 122
8 104
107 57
78 118
113 123
94 82
71 79
102 84
140 3
142 125
0 50
9 133
6 49
58 8
82 72
74 16
48 13
109 106
62 142
70 49
135 55
130 109
75 27
46 140
73 97
109 109
4 17
59 4
112 75
128 22
40 27
99 140
32 144
81 23
24 143
78 115
110 121
63 113
43 35
34 38
140 76
39 73
87 147
6 76
59 117
93 63
13 47
45 47
94 134
86 77
99 22
1 83
45 47
57 103
99 113
92 30
53 44
110 143
85 67
18 106
101 115
122 127
41 148
143 35
61 119
103 73
17 140
124 138
117 104
41 88
85 41
52 60
132 53
42 8
12 142
31 137
100 135
57 10
73 60
94 14
73 24
8 141
53 120
66 22
96 24
55 103
19 45
18 59
98 105
64 50
5 51
63 112
125 10
137 93
23 99
44 43
132 32
85 108
96 11
44 31
138 65
18 137
18 24
124 52
76 81
102 90
30 31
48 119
13 24
139 99
40 47
133 144
70 147
94 13
28 82
103 121
139 87
99 30
66 145
113 72
49 74
8 82
85 7
50 110
127 122
100 145
145 12
65 37
98 3
63 41
28 77
53 142
4 69
116 10
25 78
133 1
76 68
15 15
57 32
128 100
30 108
92 125
99 79
92 56
36 79
115 113
23 43
108 82
93 104
135 105
48 115
123 35
100 64
76 109
84 52
4 56
5 106
45 141
56 11
144 101
59 83
89 14
120 107
63 14
97 128
99 129
138 33
96 110
88 3
113 75
0 105
35 22
81 59
70 140
45 122
131 91
30 139
146 41
103 48
9 138
60 1
68 102
126 96
48 28
82 17
116 73
21 35
71 118
133 83
148 53
149 11
49 83
143 97
111 25
98 38
115 106
140 34
129 126
74 72
36 114
74 54
37 125
49 87
109 17
80 1
147 102
10 74
104 29
80 63
74 80
147 78
47 0
101 9
17 96
129 147
8 59
58 141
30 116
30 69
93 114
114 99
140 24
0 92
97 90
56 84
110 141
83 91
55 136
130 135
49 78
104 111
38 127
14 50
130 17
92 132
105 57
114 80
130 29
71 50
102 74
148 118
19 65
18 104
74 86
125 92
124 59
6 26
79 6
21 139
9 49
135 77
43 47
111 23
13 8
82 27
30 95
73 106
20 42
22 81
147 101
35 23
129 47
103 146
139 132
117 12
3 64
6 69
85 54
34 149
108 114
47 65
43 94
123 26
103 82
115 32
65 7
64 5
20 24
136 134
6 121
78 56
117 134
102 75
114 42
40 87
94 137
4 65
94 32
86 138
28 38
77 66
11 84
58 22
145 86
123 25
76 126
97 127
28 144
85 21
117 74
111 112
74 10
69 77
100 52
59 6
7 47
28 23
145 144
92 30
3 147
26 97
136 24
67 26
2 53
112 51
16 130
57 83
94 59
64 68
114 14
26 9
123 71
131 99
13 101
16 88
14 94
53 77
71 52
121 5
83 97
24 18
146 63
119 25
55 70
96 76
145 36
65 86
95 139
115 71
138 116
118 115
65 129
24 122
137 20
149 76
32 126
104 16
108 32
12 37
92 134
23 134
34 67
45 46
18 26
26 140
53 109
131 121
112 96
35 146
54 75
104 47
8 95
108 102
3 94
49 65
12 45
24 146
129 109
37 115
3 114
70 87
73 90
93 42
80 79
50 55
26 143
19 55
8 137
138 97
73 103
148 113
45 112
2 60
41 59
9 11
26 40
141 135
15 56
7 145
53 131
16 21
22 64
111 37
70 142
61 144
119 15
139 51
134 4
6 131
6 112
113 116
23 18
30 64
104 21
99 144
96 146
21 17
71 86
78 51
115 12
129 29
94 71
101 49
70 133
27 50
1 92
90 7
44 124
120 30
126 56
30 103
89 51
129 26
134 38
82 33
94 89
99 143
41 22
124 59
39 116
57 23
31 87
40 148
146 46
18 73
67 116
85 20
63 23
135 26
43 105
93 133
73 12
19 67
52 110
38 109
57 124
71 133
111 140
13 116
93 41
144 95
29 78
15 37
61 4
92 125
80 72
147 106
136 29
42 5
29 18
75 78
131 56
85 143
0 3
3 80
86 143
100 36
16 52
130 35
146 68
141 7
17 123
112 63
70 132
114 3
94 123
137 72
102 82
83 132
117 73
16 55
44 35
117 31
10 144
69 25
91 144
82 32
73 34
110 36
91 133
104 0
120 142
114 6
0 37
90 124
9 54
146 18
97 88
49 66
33 1
41 17
24 124
4 142
44 60
70 66
148 22
50 84
83 119
68 36
85 1
76 92
129 143
36 99
2 5
55 110
21 125
17 43
25 99
131 103
101 113
56 5
62 98
96 105
66 79
46 61
22 30
73 34
69 13
129 9
50 123
30 114
148 2
79 32
66 91
95 139
59 95
84 139
9 37
142 120
91 71
80 13
29 104
8 117
58 105
43 135
45 32
136 87
46 65
41 83
137 119
139 47
8 97
69 126
136 92
77 99
126 143
148 105
145 128
116 115
38 6
125 61
138 131
27 17
89 75
104 73
83 144
18 39
119 148
111 117
58 137
27 13
53 109
123 86
139 48
40 101
106 66
50 12
119 90
135 8
56 12
32 19
63 93
17 80
56 55
60 34
85 141
84 129
2 142
61 38
23 19
71 34
106 133
79 82
25 33
135 149
89 21
88 100
94 123
35 36
0 105
72 75
136 146
2 19
39 56
116 41
15 23
53 82
96 16
51 102
74 92
146 133
64 137
92 113
115 65
67 127
88 67
108 87
134 53
23 53
84 10
145 149
110 91
16 5
26 9
129 59
77 57
44 10
63 145
142 11
57 32
88 38
113 87
24 104
105 116
103 107
56 60
80 135
82 14
112 15
38 105
54 77
46 36
69 26
74 18
44 18
9 63
74 16
144 52
116 131
19 145
5 119
26 11
68 68
104 147
36 142
136 87
45 118
123 17
114 43
126 65
6 9
118 103
103 102
72 96
74 105
19 29
27 104
118 18
134 49
79 80
136 88
27 138
102 50
36 77
13 124
71 139
140 140
7 63
62 60
145 56
147 120
113 37
23 48
25 55
65 40
45 141
142 115
84 40
16 2
123 140
146 135
3 111
100 18
140 92
144 54
77 67
45 60
65 85
6 97
21 104
10 134
58 133
146 65
131 31
68 92
19 102
63 145
60 85
82 61
7 118
97 13
54 98
113 139
138 6
87 109
149 115
124 87
21 98
92 47
124 48
34 147
74 105
59 84
138 110
136 78
133 144
66 37
116 29
105 11
137 104
114 73
10 10
9 122
128 17
113 68
17 28
122 31
21 43
85 36
134 71
140 118
0 23
29 58
132 8
11 125
135 34
94 112
121 86
0 91
112 24
4 99
36 55
132 13
26 120
35 128
30 97
116 6
94 32
149 79
107 93
67 74
61 78
28 56
42 64
30 75
83 141
115 42
72 12
46 45
84 129
87 101
11 55
51 113
68 82
144 147
105 39
110 54
138 75
27 57
107 123
135 103
88 49
33 14
40 19
27 22
140 36
55 23
22 59
50 85
111 76
78 117
9 120
1 35
140 101
135 5
11 35
134 93
29 22
4 47
95 94
26 95
77 113
39 48
17 32
119 12
76 67
32 52
139 30
79 113
135 29
24 137
116 85
76 131
56 106
133 94
75 0
101 46
145 7
59 48
95 124
31 1
22 85
14 47
14 32
40 132
50 110
16 110
65 143
56 32
60 143
95 139
103 104
6 79
92 149
60 50
32 117
142 81
100 33
58 46
125 141
43 64
109 52
56 107
26 12
19 82
124 6
44 12
131 79
118 81
23 123
139 58
51 84
135 54
43 89
146 53
1 3
46 16
103 85
107 126
62 79
3 102
60 20
139 36
31 21
85 66
106 49
36 26
100 12
51 73
58 59
49 65
112 98
76 65
26 8
1 26
119 137
37 119
89 97
15 20
124 67
126 29
62 58
149 92
76 10
82 95
8 108
58 55
8 93
110 92
44 108
83 70
105 32
68 67
147 122
23 82
6 111
76 25
24 104
53 105
39 4
23 22
44 59
87 94
130 96
60 98
20 146
87 94
120 127
97 109
40 45
92 107
34 49
62 1
0 83
126 135
42 47
1 38
89 99
28 98
22 62
105 97
0 117
3 96
99 79
64 96
76 117
69 100
47 46
24 70
100 58
32 26
68 23
2 19
51 6
115 130
71 18
16 122
123 10
37 120
5 19
73 6
42 21
4 30
117 87
55 34
108 81
115 76
59 121
77 22
109 85
55 143
12 101
116 117
138 105
61 17
72 123
95 115
140 24
120 122
19 40
28 116
12 42
16 102
23 63
127 59
99 79
143 49
84 99
131 105
39 100
88 81
66 45
142 35
89 125
59 71
18 133
110 96
118 137
132 13
83 139
148 25
36 45
66 135
83 11
127 92
28 149
46 69
62 73
13 38
80 121
136 86
1 20
112 108
109 70
92 40
50 126
112 113
80 37
82 149
32 11
80 106
40 69
27 6
56 129
134 35
68 39
130 8
94 88
131 104
82 111
105 31
57 45
33 117
133 0
132 19
94 128
5 81
26 124
106 17
74 63
18 88
101 42
126 69
89 92
108 28
22 132
28 40
135 59
19 82
117 94
130 21
93 108
0 11
112 80
34 87
42 99
18 56
2 13
75 62
76 25
3 36
37 67
123 121
85 109
5 113
83 80
146 34
9 20
4 55
54 74
86 13
149 49
139 65
47 34
4 119
131 60
16 50
127 67
83 103
63 103
75 132
88 73
131 122
65 73
56 40
85 110
15 91
92 106
65 71
102 69
100 113
130 56
84 124
104 58
85 82
9 67
135 46
6 72
138 82
116 97
69 87
28 5
98 59
129 105
41 90
56 49
43 10
106 94
64 116
126 85
15 12
26 113
63 61
128 115
36 73
50 44
54 133
66 31
83 148
110 93
143 50
138 19
84 139
148 47
14 102
76 111
47 145
141 12
100 117
71 129
22 99
97 127
75 13
25 135
119 75
112 75
44 95
118 30
88 13
95 144
63 81
12 136
1 50
116 17
52 0
143 86
11 119
148 149
27 119
107 131
10 81
121 25
82 73
114 34
16 131
139 19
133 82
6 117
46 29
100 124
98 62
65 44
81 22
23 12
67 107
105 93
103 108
5 36
14 127
7 107
59 5
58 10
46 115
123 42
50 48
105 51
34 97
56 27
63 7
17 61
122 92
90 25
70 67
32 118
7 102
6 101
39 45
86 58
69 70
146 116
40 82
85 97
106 119
65 61
97 105
133 69
5 105
17 24
111 113
66 33
62 129
25 52
49 15
76 84
124 55
140 103
61 80
42 14
36 70
25 1
104 119
100 148
70 129
111 57
50 30
6 7
4 80
126 118
93 127
5 83
137 138
117 79
135 15
140 43
106 15
17 126
52 77
18 48
88 130
35 76
63 38
38 87
143 135
134 114
104 40
23 92
16 128
29 126
119 117
86 111
127 41
103 118
56 2
21 87
79 14
140 42
17 31
64 16
7 66
148 130
122 43
142 48
112 44
64 14
42 89
67 105
146 73
71 77
33 90
19 48
70 75
6 66
79 86
66 48
95 59
102 138
38 64
46 3
62 2
83 5
37 5
113 33
146 3
133 123
42 20
42 79
86 149
21 8
116 91
96 148
46 78
34 106
84 110
71 85
97 74
21 43
4 138
94 49
137 68
9 44
112 7
1 107
73 6
67 40
30 121
76 113
39 47
96 126
38 43
43 143
53 22
18 142
133 82
64 98
32 104
1 95
63 95
79 44
25 2
13 116
23 113
83 71
112 134
65 134
83 132
94 64
25 80
79 17
148 149
25 145
22 116
50 113
10 53
12 57
62 71
18 31
42 59
64 77
19 126
14 80
20 22
4 113
48 111
113 25
84 17
94 25
143 19
77 77
23 42
141 3
59 90
69 136
69 93
30 88
115 46
45 131
108 52
1 124
121 142
52 1
106 114
127 129
77 41
128 51
46 4
119 84
2 63
146 26
58 93
114 25
109 108
87 52
33 40
70 89
36 100
111 133
69 9
88 97
87 20
57 32
138 80
6 116
36 86
3 127
37 4
4 11
24 88
49 40
86 89
72 137
90 94
86 77
56 132
98 94
20 3
94 32
2 0
29 105
97 83
66 100
17 62
65 11
110 132
76 35
48 20
92 71
122 113
100 99
69 128
53 103
132 20
102 53
114 44
132 79
19 29
88 10
5 55
107 135
63 42
68 129
28 94
79 23
2 105
101 146
51 137
119 3
2 14
109 24
10 114
58 20
72 62
136 39
43 110
42 5
111 13
7 41
87 87
120 19
111 71
136 1
130 125
71 92
127 24
83 24
111 18
42 16
30 126
67 49
123 42
17 74
2 113
127 63
71 84
13 97
96 103
66 93
27 31
43 81
50 47
94 48
148 128
87 111
114 109
53 36
64 70
64 27
109 27
138 62
17 3
108 13
76 27
55 28
86 58
128 52
86 17
84 90
62 7
29 34
61 11
91 10
92 137
148 4
35 55
145 147
3 92
59 104
60 49
62 123
70 18
20 137
15 27
68 140
61 146
7 25
37 100
5 59
8 101
115 75
6 20
113 115
102 91
86 58
32 49
17 48
14 82
98 71
138 39
60 62
10 44
119 25
41 123
68 40
93 114
61 8
108 103
1 133
116 2
3 142
43 27
18 148
67 119
142 145
28 145
87 108
92 20
100 148
34 142
18 70
72 63
58 72
64 118
141 87
13 20
137 131
49 138
135 21
129 9
85 147
130 3
16 3
69 124
107 15
116 102
139 72
106 7
137 6
24 98
64 48
34 115
94 8
39 140
118 50
22 78
133 9
74 30
78 24
71 83
33 13
25 4
121 86
62 97
61 59
14 51
112 76
63 62
58 16
106 145
33 21
115 25
113 99
104 128
135 48
144 42
23 4
75 110
126 104
115 124
125 79
111 6
23 92
102 102
133 139
121 102
98 82
47 17
82 47
72 142
123 68
14 33
102 82
134 128
58 67
42 41
39 0
78 106
68 104
36 87
142 89
19 64
49 134
64 17
30 106
61 61
11 59
16 30
66 10
138 22
87 109
144 21
148 26
51 17
109 119
138 23
47 57
1 144
142 57
103 83
117 149
28 72
114 108
10 140
26 73
5 90
71 84
141 112
77 93
118 33
22 135
128 91
14 69
147 115
14 28
109 52
57 110
1 80
8 104
11 86
97 4
73 86
123 132
131 16
91 56
119 144
40 48
15 110
146 142
129 88
13 117
52 112
48 12
125 105
32 117
28 86
132 141
28 50
63 134
36 125
109 102
78 8
89 40
72 137
104 97
115 42
21 6
140 18
46 62
43 25
91 24
139 51
140 143
83 2
89 104
64 139
34 43
134 62
49 65
2 106
136 116
121 20
42 49
8 112
149 27
73 80
5 48
40 144
27 19
62 103
106 41
96 143
82 102
93 140
89 148
2 61
12 52
119 95
47 88
14 32
11 29
138 31
0 112
69 128
46 123
26 1
87 18
79 133
131 119
8 137
4 91
32 57
0 86
34 47
62 54
146 70
55 29
108 17
7 89
25 85
85 66
75 32
19 60
111 17
80 75
42 33
138 44
119 37
23 137
86 70
126 76
99 118
108 61
40 111
120 86
136 149
148 143
97 18
33 32
36 107
59 147
8 71
74 106
75 132
145 129
1 41
135 114
11 25
130 149
108 72
23 63
69 139
59 3
116 20
21 90
55 143
92 124
9 99
48 69
129 93
123 84
105 60
40 146
28 134
134 12
128 38
137 63
76 115
70 106
32 43
119 84
89 12
120 143
9 124
143 53
51 34
70 80
124 106
87 98
72 50
14 23
75 69
0 1
58 36
25 61
40 94
139 90
38 65
101 68
48 41
149 92
15 41
41 132
103 81
15 73
108 106
9 63
72 136
25 48
33 128
128 53
5 97
84 125
105 20
7 5
57 27
132 58
144 107
44 52
53 63
17 130
56 141
64 46
56 41
137 59
116 45
92 32
126 96
123 61
3 124
36 78
20 10
99 72
132 38
40 137
106 120
123 97
30 131
2 134
92 58
81 35
33 23
72 51
96 97
7 71
55 50
94 37
80 70
126 96
72 48
49 89
118 145
38 24
0 31
82 68
68 8
50 63
20 22
71 73
3 110
93 18
106 127
69 14
108 112
24 65
62 148
74 36
8 65
102 129
25 125
60 95
127 137
125 141
143 39
1 100
66 77
13 116
31 96
69 48
78 81
74 91
2 98
123 58
40 6
114 11
109 143
23 69
75 24
119 126
80 43
16 28
134 72
69 19
62 131
34 103
37 110
145 124
149 43
111 120
104 106
77 47
95 53
103 84
49 74
34 55
54 141
10 110
59 28
133 128
129 93
15 92
38 64
46 92
16 81
27 5
2 4
69 10
19 43
23 100
100 1
139 65
77 51
140 36
131 39
39 60
114 58
31 10
45 100
27 11
84 58
85 70
39 96
54 17
146 135
55 145
138 45
48 78
149 97
14 147
73 46
34 107
3 42
1 11
35 117
89 58
57 21
125 39
30 123
12 142
63 96
64 133
133 78
129 44
140 88
41 32
44 114
68 112
0 88
75 122
25 116
58 134
125 16
35 70
67 62
20 36
39 143
84 68
78 74
100 38
52 22
25 142
15 50
0 79
28 76
39 63
30 80
0 137
116 3
138 19
83 98
117 44
144 28
61 94
47 109
65 77
21 17
106 113
42 34
118 130
3 116
90 123
75 77
40 6
107 86
112 111
96 144
33 72
119 110
120 129
138 148
1 64
0 97
13 54
100 75
41 112
107 41
74 138
79 13
96 16
57 64
144 38
41 110
116 100
58 130
126 12
111 54
75 129
55 17
61 108
29 75
94 35
11 103
5 131
51 84
34 75
63 129
106 88
93 54
31 16
15 127
132 54
16 90
4 110
7 57
134 30
141 83
130 102
86 105
145 133
77 4
73 113
52 5
58 85
86 112
95 13
149 57
4 129
128 114
5 24
61 139
8 135
142 127
89 0
24 91
34 3
129 82
106 88
27 42
138 15
19 118
119 77
144 102
95 148
91 32
145 115
145 77
20 41
138 148
51 139
139 86
77 130
145 81
30 119
82 28
90 0
118 75
30 8
31 135
9 62
119 121
46 147
141 141
66 27
19 19
6 59
24 105
5 125
129 77
65 134
33 6
126 55
117 47
7 139
126 64
81 51
120 13
46 69
58 23
14 146
108 56
66 26
65 1
84 114
49 1
58 148
36 73
87 113
114 48
52 95
99 110
67 26
54 60
92 88
11 34
28 135
90 142
22 146
22 6
24 15
146 32
17 63
102 116
27 28
45 65
135 93
23 47
95 149
27 87
93 47
48 9
130 46
63 122
54 89
143 22
11 74
40 51
103 118
23 48
57 27
22 62
15 115
42 96
103 98
37 111
142 90
65 34
118 55
105 120
100 128
145 43
92 108
20 28
72 121
27 58
132 58
149 40
91 27
102 77
105 120
56 48
28 136
93 125
12 33
123 15
29 4
19 104
22 97
101 96
119 109
81 137
90 73
75 128
77 141
134 78
120 57
39 49
141 138
64 133
42 137
48 144
64 117
50 95
128 46
95 142
35 59
72 149
81 107
99 82
34 13
145 90
136 54
117 104
56 141
13 66
75 106
49 93
47 113
115 6
144 64
12 70
78 75
18 6
124 80
68 81
91 149
125 56
119 34
85 90
124 31
107 105
144 85
114 21
123 7
58 133
66 138
94 127
75 87
12 111
108 16
78 35
97 37
141 134
52 14
119 28
61 43
139 120
9 102
0 49
128 105
107 24
44 116
95 76
54 52
17 98
117 120
83 121
23 118
103 88
50 68
117 115
52 50
76 143
9 145
11 7
20 108
41 118
136 97
60 45
110 16
80 131
106 111
17 46
25 91
71 45
148 79
145 98
100 72
44 1
131 143
18 35
5 72
75 65
103 31
113 72
43 1
51 56
22 82
110 145
14 117
127 136
121 100
29 67
6 78
30 134
32 22
119 68
9 88
46 91
72 20
32 22
88 148
82 59
117 17
108 88
10 23
93 103
27 136
120 140
113 121
37 13
62 79
2 128
127 104
118 140
145 118
102 40
38 131
53 82
126 23
84 61
48 134
68 118
36 116
15 145
7 22
18 122
134 3
113 38
80 99
79 90
125 139
109 63
10 19
42 101
105 16
116 0
81 16
46 90
136 126
74 102
63 93
109 91
29 116
53 65
112 61
5 84
32 36
63 125
64 121
81 75
12 102
58 91
22 117
97 37
133 8
29 18
147 69
139 22
115 0
143 116
46 139
34 93
7 124
37 99
104 53
54 101
8 89
17 139
128 110
26 34
91 36
6 74
77 144
73 76
87 138
71 50
145 11
122 28
109 106
66 123
74 16
0 14
15 87
59 61
28 40
92 139
119 120
91 140
13 130
109 64
67 68
105 124
112 31
142 111
84 116
141 94
7 89
18 15
134 32
91 138
49 35
86 146
34 10
139 136
52 145
62 146
16 114
3 19
106 91
66 51
21 119
143 41
49 125
124 61
98 69
44 39
126 24
20 105
49 25
109 106
23 117
143 114
122 131
29 132
93 58
28 82
31 47
55 138
81 16
76 2
13 112
90 40
84 45
17 87
56 68
67 90
4 112
52 96
2 86
126 101
76 73
97 149
95 81
120 10
119 8
48 27
92 97
126 26
98 42
95 0
125 34
116 149
129 114
126 4
130 35
10 108
15 25
129 63
46 14
80 22
133 130
25 144
100 25
85 136
60 16
28 130
89 12
48 72
80 101
98 108
117 0
126 80
30 118
141 91
77 88
110 62
34 65
144 62
79 13
146 75
69 30
143 97
23 144
76 53
59 102
20 116
126 31
79 22
136 148
8 39
31 97
115 90
7 63
104 17
17 42
118 105
5 47
47 34
52 132
71 42
98 120
110 110
105 92
88 16
1 114
5 65
45 73
34 121
104 7
80 13
32 101
78 83
4 97
0 144
74 16
116 24
63 145
100 120
129 122
30 2
130 104
89 140
10 120
90 27
86 141
86 29
138 50
19 74
14 93
94 58
149 81
31 55
115 119
130 121
57 119
83 30
19 106
142 136
103 65
30 14
122 74
113 72
110 77
97 137
25 65
126 85
89 114
20 75
0 137
49 147
128 21
135 67
106 135
146 101
145 149
119 53
56 133
113 49
44 4
90 32
82 7
132 121
109 25
112 113
119 95
123 12
41 91
144 25
63 131
27 148
14 102
81 136
3 20
136 48
139 21
92 123
147 122
10 88
143 57
126 140
49 56
74 53
115 37
44 31
31 75
54 15
110 77
143 64
146 90
86 42
142 104
0 13
10 107
2 56
149 134
55 14
74 16
47 56
34 140
64 26
56 81
98 149
11 107
5 66
59 16
76 34
74 90
8 2
16 14
103 30
10 90
116 20
116 7
6 5
144 81
32 7
131 109
131 124
8 122
65 136
31 118
25 62
13 61
71 53
143 117
53 4
45 50
148 84
116 139
11 14
79 62
104 7
125 47
106 133
142 138
46 9
32 19
38 51
91 108
127 149
44 103
89 99
26 42
125 25
54 59
84 76
73 29
96 31
115 57
134 116
81 73
11 98
29 55
104 103
34 36
56 97
96 88
121 48
111 20
1 10
38 64
149 49
127 87
28 66
80 109
35 48
111 9
10 29
70 22
34 48
0 38
54 11
31 20
14 104
40 50
59 13
33 134
111 52
9 146
98 101
92 27
69 72
27 42
137 63
99 126
17 14
31 126
71 28
59 58
139 76
55 75
97 46
92 88
75 128
142 146
11 13
52 60
9 123
108 41
56 110
40 5
134 62
52 105
112 25
20 120
78 26
8 24
31 55
42 0
129 39
145 25
116 78
132 10
70 142
101 79
22 126
31 88
135 53
146 118
36 9
73 102
89 11
83 5
75 127
10 70
10 59
14 5
25 5
62 0
133 53
114 133
58 114
61 84
87 148
145 23
10 39
28 22
134 80
3 140
38 106
101 75
86 134
34 122
113 73
3 8
53 124
129 144
55 74
59 78
26 40
105 126
83 23
138 115
137 19
60 60
125 27
33 18
67 22
138 142
13 46
65 93
77 37
70 1
130 96
25 102
88 143
7 87
12 27
12 121
142 130
60 37
27 35
79 128
8 87
19 107
1 31
12 44
132 38
120 31
13 64
9 24
7 76
131 135
141 29
80 113
1 74
94 139
26 123
134 111
50 99
38 95
73 74
113 113
105 17
55 64
114 71
50 11
142 66
146 26
120 29
131 41
145 95
104 116
120 90
44 40
134 106
143 13
74 96
111 96
100 67
8 23
136 107
35 129
60 121
36 77
41 66
8 23
24 5
15 118
31 28
138 34
9 106
103 50
37 20
88 49
10 85
124 65
47 131
61 119
134 16
102 60
36 81
128 77
87 32
31 144
18 142
136 148
140 41
5 87
86 120
102 107
146 127
48 33
98 16
18 18
90 142
83 51
10 142
86 114
14 59
3 51
29 118
67 24
98 109
133 79
90 46
118 71
128 46
73 46
124 32
124 54
37 135
72 43
72 92
143 104
41 144
45 129
110 73
95 28
75 31
94 89
110 63
105 18
42 146
129 89
32 119
94 56
68 55
44 90
145 140
107 6
113 128
0 132
8 66
127 29
61 7
40 96
9 59
29 68
12 30
28 76
30 119
112 8
60 16
25 104
5 15
56 55
10 3
139 78
37 137
143 124
61 42
122 130
23 60
84 105
147 7
41 12
58 145
122 138
106 47
23 131
116 89
102 100
129 123
19 149
34 107
24 143
69 64
20 71
134 117
101 88
71 95
106 98
149 102
55 78
110 78
129 113
92 22
47 90
146 126
102 35
88 63
128 45
54 21
129 45
60 21
121 12
20 89
110 71
107 79
38 66
31 18
78 130
1 39
14 106
124 48
10 47
115 4
96 117
73 16
84 58
3 89
79 138
54 72
46 31
7 0
135 122
145 38
35 120
1 83
83 89
48 103
100 35
88 22
52 11
116 96
142 107
143 1
72 76
10 138
58 45
13 24
31 44
90 109
59 52
137 5
110 24
66 75
64 106
67 46
68 90
103 125
4 103
145 13
124 114
70 69
1 13
125 39
89 64
27 84
47 33
73 133
104 86
8 0
49 55
78 103
105 79
57 34
119 62
26 73
116 77
108 89
7 2
54 2
37 130
9 103
38 118
69 93
17 80
69 148
135 51
111 64
18 92
144 110
86 84
0 48
2 24
17 131
114 140
18 80
60 125
105 78
53 82
75 112
138 11
120 90
10 108
149 33
61 58
6 45
12 16
50 65
144 4
116 84
141 29
80 146
49 7
40 84
129 21
46 120
137 32
28 130
17 35
100 14
54 49
45 58
146 114
14 10
9 137
103 145
91 100
43 84
103 104
102 52
135 125
73 82
66 134
67 51
42 13
100 41
70 20
135 40
50 13
114 79
92 98
92 89
117 96
125 16
143 148
59 83
68 98
5 43
64 20
140 55
126 2
114 38
109 129
63 11
93 83
13 74
92 16
112 144
34 96
89 88
82 43
120 68
42 86
111 36
142 98
106 145
146 65
115 71
18 14
19 80
12 102
107 140
65 49
46 107
59 8
52 47
132 82
143 66
20 9
70 65
45 60
108 148
60 116
85 36
17 44
80 14
56 133
137 66
79 18
48 71
111 118
108 50
9 128
124 75
88 104
49 131
71 110
43 100
60 123
20 53
94 125
75 1
148 52
142 94
127 148
133 3
87 30
4 27
53 100
108 142
67 138
5 89
70 29
26 23
1 68
53 61
70 93
141 20
46 71
44 41
14 89
148 66
103 58
74 136
83 79
144 123
65 93
102 20
70 144
61 110
80 70
91 71
77 126
111 52
41 76
23 94
132 91
127 7
42 9
66 136
12 31
103 60
64 72
68 131
106 52
83 31
96 131
148 23
23 56
26 51
139 92
29 49
102 102
113 114
30 3
111 17
93 112
62 132
98 132
114 112
50 94
111 1
81 113
45 56
139 69
36 96
69 71
84 60
2 6
62 18
63 143
74 135
73 10
74 28
5 51
99 70
47 55
5 36
137 84
115 117
139 18
27 144
87 83
93 123
73 116
138 107
15 28
73 129
47 147
106 52
89 78
75 149
0 96
105 114
82 55
97 62
96 50
46 116
2 120
20 109
2 14
61 71
91 107
4 107
37 44
60 2
81 93
46 67
43 42
19 101
50 48
60 114
133 126
114 30
68 112
64 24
11 104
72 11
62 64
16 126
131 136
94 39
50 84
98 90
126 5
105 135
118 137
75 32
142 32
129 83
90 108
8 78
82 69
47 113
107 40
132 36
20 144
45 4
83 70
144 77
134 125
110 45
64 28
116 71
22 34
132 128
17 116
127 26
120 123
74 82
67 61
45 135
8 85
82 44
111 56
69 53
131 135
98 72
50 145
85 23
11 1
29 29
47 45
9 5
92 60
113 47
26 16
81 13
22 139
88 23
68 6
35 21
137 67
83 97
86 22
101 21
94 141
116 118
38 79
142 27
58 140
55 40
137 65
135 65
7 134
13 93
98 92
148 77
1 46
110 110
123 120
40 147
91 31
15 93
57 34
97 25
114 144
79 40
43 100
129 36
118 65
87 122
16 75
59 19
100 122
69 125
35 31
66 67
145 84
57 39
147 32
52 105
134 134
94 71
147 43
118 46
53 101
33 86
46 27
128 27
34 85
1 47
61 76
29 35
33 54
21 5
65 29
97 48
148 144
120 2
95 87
112 118
76 108
18 135
4 79
62 36
94 70
105 30
55 87
41 65
32 125
8 77
40 93
45 93
22 108
86 81
37 138
85 30
136 67
148 10
102 74
8 105
112 57
109 30
99 37
45 30
125 21
23 39
94 71
108 5
68 26
62 0
137 25
140 12
13 96
147 113
113 9
116 122
52 16
58 58
147 145
39 25
48 60
98 142
66 25
134 109
119 60
76 95
121 108
22 15
36 140
24 22
129 95
21 35
20 149
29 91
125 146
142 87
76 89
83 53
146 85
63 39
133 20
124 31
42 131
25 126
29 4
5 17
56 56
114 135
19 56
59 46
65 38
42 35
149 28
55 78
116 96
77 145
76 138
122 41
16 35
93 75
143 93
7 142
104 75
51 107
83 123
98 133
77 86
27 28
75 26
1 63
130 133
35 113
89 0
5 70
145 111
1 62
131 84
98 95
18 82
48 37
69 2
94 143
104 1
18 80
21 73
84 64
97 117
79 121
19 46
39 55
117 141
17 114
133 56
106 47
37 36
52 134
148 149
148 139
114 106
126 144
7 112
32 54
53 47
58 11
10 121
92 106
80 124
8 84
43 82
130 74
48 124
130 59
50 23
139 11
110 137
127 52
15 63
53 88
16 34
86 29
121 91
133 120
20 110
102 97
13 8
68 89
140 83
106 5
138 64
22 84
88 59
5 95
21 107
117 125
87 121
124 120
23 56
84 11
134 80
62 41
65 20
125 95
93 144
55 127
63 141
15 64
43 63
11 125
35 68
14 8
33 15
36 121
32 51
75 23
40 104
54 85
112 88
28 25
59 100
71 44
123 32
73 141
36 92
74 60
74 48
102 113
98 117
32 141
8 100
139 135
133 117
129 137
65 28
37 21
87 82
82 67
75 132
30 86
120 131
124 137
40 54
51 121
38 107
76 25
68 13
72 119
118 137
147 123
127 103
70 139
5 73
5 11
52 60
143 104
117 63
106 109
147 40
17 97
0 51
105 41
0 34
120 25
97 149
71 111
85 85
69 56
14 85
18 85
132 41
121 56
42 4
79 133
42 79
43 58
111 118
101 132
118 91
118 108
129 120
135 36
73 3
85 126
144 30
134 144
36 25
9 89
36 102
57 127
141 23
144 102
98 109
39 61
84 128
58 135
1 65
11 121
124 24
94 54
105 106
22 85
56 95
11 59
79 13
127 9
130 34
148 59
37 85
82 126
145 60
88 101
128 113
88 97
70 117
20 12
106 110
130 100
67 132
10 109
103 69
4 38
64 78
113 57
143 102
69 44
57 119
108 91
126 108
13 94
127 55
11 6
100 59
68 3
142 69
69 11
47 147
127 64
134 57
63 139
96 129
103 89
130 84
55 13
125 87
128 11
73 82
140 135
78 43
15 13
36 22
111 69
38 30
44 104
81 102
41 143
20 73
3 32
32 37
97 85
131 99
51 112
132 49
67 47
19 145
91 70
105 31
7 26
107 123
84 61
96 0
131 79
30 77
116 74
148 96
37 37
89 110
115 99
129 24
46 48
145 126
36 0
36 12
47 55
69 18
32 99
10 26
136 49
18 32
57 4
14 95
66 23
67 31
102 38
111 50
149 55
0 73
85 127
145 51
0 67
28 17
74 61
134 99
84 48
94 102
19 80
109 33
100 24
56 146
106 55
112 25
120 9
12 122
108 42
103 43
86 142
21 71
30 96
101 138
85 31
12 55
86 83
90 119
64 102
110 9
7 59
50 137
130 73
34 48
117 1
38 6
40 67
43 80
25 15
133 61
140 94
66 146
60 21
84 47
139 5
105 65
34 22
137 67
81 85
48 13
24 12
68 144
27 46
116 90
24 46
102 149
144 60
41 5
62 78
104 73
115 140
23 81
126 3
3 39
132 82
89 52
116 91
146 82
89 95
117 146
82 61
73 38
63 47
116 24
138 32
58 123
118 29
140 68
103 59
60 104
27 134
91 135
97 33
30 16
40 53
29 43
10 57
53 18
24 36
2 50
85 50
88 42
37 114
55 101
14 128
124 107
104 44
100 44
23 30
13 89
127 129
38 109
12 87
95 91
96 86
127 4
89 69
70 90
34 32
117 7
8 128
47 102
113 117
55 120
111 117
81 78
96 56
16 52
30 134
75 119
147 138
117 112
34 51
6 59
40 125
8 33
27 80
65 0
50 100
121 67
9 13
82 19
88 104
36 66
88 2
95 67
61 105
9 43
26 13
17 129
70 55
123 102
55 96
96 139
42 146
96 47
54 120
0 41
30 142
90 125
71 121
135 12
84 32
41 56
39 89
9 93
65 21
6 149
94 112
6 20
125 128
92 2
129 87
83 132
126 57
72 45
49 128
39 31
147 53
103 112
55 87
37 17
14 143
19 33
80 75
88 50
44 92
91 105
55 17
32 71
36 61
56 90
34 116
129 0
20 44
70 98
107 40
104 82
146 131
137 31
20 6
108 65
77 52
17 146
111 94
137 99
63 61
42 45
52 53
84 7
2 33
96 37
76 96
82 121
103 30
16 69
78 9
95 107
74 35
41 141
41 75
139 35
79 89
8 118
111 48
106 99
17 37
146 120
135 128
90 22
87 83
67 51
98 60
17 67
134 136
124 12
96 104
75 72
99 98
52 122
74 1
108 113
125 70
122 3
79 85
142 82
72 82
55 83
61 145
28 146
43 109
149 60
134 56
26 25
11 8
66 11
119 48
45 43
134 129
132 114
141 137
123 139
64 61
53 40
58 76
134 77
44 25
32 109
113 68
110 12
86 66
113 145
110 98
32 126
54 46
6 3
108 43
139 128
149 11
130 18
10 145
113 60
17 101
54 7
120 132
142 143
92 66
63 149
93 37
2 103
30 77
141 1
107 27
16 116
4 71
81 124
31 46
26 88
100 126
149 102
39 34
21 62
97 137
91 104
43 99
130 19
54 133
84 11
58 8
35 39
36 61
26 14
13 6
10 18
59 65
92 65
121 104
73 52
115 18
14 93
83 141
97 143
126 31
43 13
36 119
33 142
80 26
17 37
52 5
3 29
88 148
94 84
43 6
59 106
54 45
60 11
58 107
92 110
63 126
149 51
89 93
6 85
130 52
65 88
103 143
134 149
120 98
125 89
95 136
12 63
86 49
3 39
66 90
110 56
27 132
37 55
61 41
127 100
73 39
140 140
54 53
73 70
72 15
121 145
87 29
134 39
106 102
76 65
98 57
39 25
2 28
68 47
52 102
36 147
137 60
146 39
30 26
85 55
140 50
60 26
143 63
136 142
95 128
73 76
55 71
57 118
49 65
28 35
92 91
49 17
18 83
88 34
13 27
90 86
82 40
71 101
12 76
103 49
128 131
68 41
59 90
133 35
143 91
86 109
20 132
116 43
80 75
97 17
84 48
146 31
134 77
7 50
24 141
69 41
34 2
140 10
88 80
54 121
55 76
42 118
96 49
57 115
74 137
42 10
98 36
127 137
76 60
26 23
90 114
5 49
1 50
137 90
94 16
15 48
47 102
18 119
85 77
78 101
104 34
36 72
127 126
37 145
149 1
107 147
134 84
9 15
110 86
96 26
72 12
2 31
148 127
141 82
108 94
130 51
45 81
31 142
57 104
126 58
108 124
42 87
76 5
129 31
9 131
141 79
51 65
129 25
99 37
77 59
30 46
27 1
134 93
23 58
10 72
21 91
7 4
35 60
3 27
77 71
124 58
100 63
6 81
7 146
143 111
127 111
32 109
91 116
87 66
139 129
107 136
59 65
94 119
48 78
79 123
36 8
56 122
97 112
55 45
126 111
72 18
6 0
81 126
28 98
26 74
28 74
107 116
112 2
12 9
19 126
86 3
132 60
26 102
15 9
143 144
51 148
32 102
9 25
66 98
99 49
116 149
105 91
91 42
34 97
49 21
7 51
53 121
108 77
121 63
101 35
52 130
16 41
122 116
104 15
45 14
91 8
50 146
128 14
13 37
128 148
7 131
86 55
102 32
86 30
16 48
61 146
29 44
98 105
55 43
107 7
145 76
126 93
143 94
138 92
41 132
101 1
144 131
60 29
143 53
89 89
120 70
125 77
9 43
111 28
94 7
67 60
58 123
95 134
34 107
62 103
6 111
90 91
12 54
125 140
94 95
28 117
34 71
53 45
103 122
85 119
137 133
72 131
49 81
64 138
42 20
43 83
60 2
133 38
106 4
77 55
27 72
128 13
36 1
12 128
115 59
137 136
135 138
123 48
140 121
115 126
83 64
46 81
35 112
104 99
106 53
32 133
133 54
138 129
124 94
76 139
102 6
95 37
10 77
134 95
84 77
127 38
108 128
65 52
60 62
139 0
50 84
124 83
75 135
50 15
74 92
28 48
85 64
3 132
79 38
71 104
74 67
64 44
123 45
51 138
34 44
127 24
57 109
149 107
110 106
119 104
140 124
22 104
95 56
132 48
2 49
92 137
74 147
94 30
141 58
65 16
29 21
54 128
11 80
86 69
142 15
56 81
149 106
14 10
36 32
61 1
85 33
47 57
9 84
80 104
111 37
107 95
45 75
2 148
112 95
52 134
39 58
102 107
68 94
148 133
117 50
132 111
128 109
79 75
27 108
148 128
91 76
29 66
111 42
5 134
144 80
81 105
73 68
123 149
147 36
39 36
3 28
87 5
46 55
18 87
125 75
13 82
117 87
55 76
51 132
18 78
33 105
43 48
86 143
61 65
102 113
141 139
52 91
13 123
0 72
87 128
94 145
84 127
113 31
93 121
49 74
60 132
113 61
17 9
118 10
140 100
65 46
125 96
142 90
96 143
97 50
111 52
76 60
29 7
6 142
45 16
118 22
6 65
86 118
133 78
3 11
114 120
105 80
4 101
146 135
91 121
53 55
54 126
28 131
28 74
81 8
8 42
51 5
22 42
34 105
117 136
125 46
137 130
119 41
103 129
58 111
14 89
77 75
74 114
16 30
81 62
82 38
130 2
18 117
128 54
43 114
51 94
127 64
126 17
52 117
48 133
57 65
62 59
74 147
67 31
12 45
141 20
133 114
23 103
40 108
109 121
44 87
94 83
50 95
31 74
26 80
117 6
148 117
5 3
60 99
112 61
80 141
28 140
10 38
1 9
41 86
29 112
102 40
65 14
20 148
122 103
27 30
12 8
79 139
24 43
60 0
105 80
37 66
40 5
127 43
6 129
130 100
42 141
110 54
28 135
71 108
26 75
29 147
48 94
83 22
57 92
89 81
9 43
92 43
55 30
62 78
118 53
78 33
24 126
146 80
44 146
47 42
109 94
135 7
144 133
61 95
85 146
135 89
143 73
0 39
4 52
13 60
13 44
10 69
106 106
87 41
55 112
81 89
17 91
69 62
117 94
5 96
140 39
55 80
101 33
135 97
11 70
47 138
12 94
65 42
50 53
5 110
78 83
28 120
32 68
131 134
93 108
86 127
78 18
106 61
44 109
34 46
7 54
43 78
75 45
7 11
58 65
28 139
6 27
112 86
27 56
52 28
116 96
76 42
131 89
27 139
82 80
13 88
23 142
6 140
126 139
70 69
18 85
78 109
125 57
52 21
98 75
107 90
8 78
11 14
90 43
77 8
108 9
127 45
49 122
7 20
46 105
126 73
119 49
136 74
23 55
101 111
76 34
60 47
7 3
72 91
145 79
144 18
55 46
127 80
24 148
60 132
15 90
124 14
133 101
105 8
6 40
72 27
129 65
29 23
96 118
37 89
75 100
98 4
77 70
49 113
46 13
116 105
144 15
125 41
35 68
80 32
2 129
21 122
28 116
15 110
27 146
80 54
81 21
44 119
55 47
16 93
95 97
38 51
44 79
33 146
95 90
146 39
78 38
32 107
135 52
64 84
121 84
79 125
107 36
21 80
55 0
41 14
24 29
102 129
93 122
8 42
82 45
47 135
71 118
54 144
4 129
108 51
84 123
146 105
92 121
147 99
64 95
95 49
49 95
54 31
15 73
18 15
29 26
78 24
89 117
92 8
78 33
54 148
21 6
11 65
134 106
136 88
146 70
145 127
87 124
60 75
82 40
125 127
56 2
92 146
135 24
88 136
28 57
98 105
32 26
56 81
20 36
68 45
94 103
70 149
66 130
121 20
4 97
10 49
148 68
121 69
107 33
91 114
8 114
85 76
101 112
146 17
21 122
41 17
139 37
7 123
69 100
93 105
111 3
84 99
58 74
56 13
81 123
1 31
141 143
33 36
51 78
32 146
15 17
43 141
136 57
106 32
102 28
115 23
118 149
20 148
67 69
141 24
143 67
49 97
102 89
53 12
123 106
141 128
123 110
38 41
16 139
137 23
104 51
147 139
45 124
14 91
140 102
54 142
37 141
8 106
124 54
42 109
109 80
119 49
127 2
129 71
112 49
86 5
3 57
52 116
26 45
51 64
95 75
91 31
144 128
66 104
93 148
33 47
41 73
57 50
81 92
29 45
60 47
108 58
70 139
20 102
21 103
143 132
35 116
99 118
138 74
21 64
80 25
104 88
48 92
80 80
96 60
34 87
110 21
57 59
56 52
106 20
90 15
76 137
116 93
105 62
32 65
141 108
106 82
74 18
5 127
107 82
133 74
67 77
87 52
95 136
21 119
71 79
3 24
46 149
116 142
114 39
56 148
93 100
124 61
100 11
76 55
77 75
92 43
140 74
5 43
5 37
55 125
143 10
141 142
62 57
109 86
40 47
38 1
78 126
56 1
80 134
109 47
122 33
37 65
69 35
70 116
134 127
48 88
21 44
12 149
144 15
19 36
100 66
134 33
121 56
62 90
92 12
59 42
20 84
33 34
75 137
27 88
143 54
91 140
70 92
114 69
123 14
147 23
106 124
20 102
83 122
16 46
7 133
117 37
70 126
83 74
12 106
6 131
16 123
63 6
90 5
114 44
137 70
77 0
135 60
135 77
43 2
27 21
64 22
142 8
45 55
97 45
35 30
121 30
112 85
137 66
5 146
64 13
11 133
110 57
39 68
146 95
45 68
85 22
124 62
32 23
38 15
0 44
64 40
148 139
41 5
31 103
123 38
96 64
135 139
75 83
101 3
93 78
33 54
46 95
119 32
49 7
81 101
122 35
76 112
25 82
64 40
40 121
84 28
146 42
128 37
16 26
16 10
11 148
22 76
124 6
98 58
53 70
148 58
39 103
103 11
97 133
36 82
98 2
98 72
136 138
104 105
3 55
118 71
86 132
84 85
23 127
106 14
34 59
83 49
131 109
77 139
104 29
2 112
144 126
9 43
71 8
52 40
134 80
63 107
62 8
25 60
84 26
65 78
141 132
7 86
60 41
90 29
18 55
83 93
96 75
3 25
39 97
36 63
24 128
38 115
117 121
4 124
79 127
117 84
102 130
72 133
141 127
28 77
145 21
39 5
57 77
15 132
112 55
91 41
34 10
109 41
52 143
115 54
77 91
56 62
41 6
41 119
69 74
84 16
52 52
10 117
3 61
130 93
5 130
89 117
5 147
52 140
56 60
114 120
59 81
36 24
128 59
95 101
61 18
0 29
54 45
93 124
97 127
63 128
57 97
72 90
5 91
119 130
3 44
71 147
21 41
142 84
69 67
87 128
106 15
73 54
136 57
38 100
84 118
68 44
53 56
105 110
86 1
34 106
80 123
4 10
85 41
20 69
25 9
74 14
125 3
144 111
24 70
109 111
19 5
89 143
39 30
109 12
108 116
33 35
57 140
8 146
49 103
54 30
125 39
108 24
53 75
18 4
54 73
73 117
20 0
3 41
0 125
10 109
56 96
70 77
30 36
20 21
80 68
20 31
124 70
59 1
135 148
104 110
25 28
148 24
79 103
68 61
123 135
139 27
8 143
64 61
48 95
71 29
73 122
129 134
121 138
93 8
130 107
52 40
80 13
4 84
7 56
98 14
37 121
126 28
46 140
126 2
148 55
79 33
71 25
96 53
144 86
61 91
101 134
38 24
131 121
82 98
66 69
111 109
52 71
20 69
124 72
144 23
40 71
63 131
109 35
129 109
57 6
77 33
12 121
105 118
4 96
20 22
38 41
22 27
145 131
52 20
117 0
56 121
0 122
13 58
39 43
35 14
97 141
62 29
9 89
52 24
53 142
33 19
62 137
103 13
53 15
108 25
85 18
10 79
95 128
54 119
85 121
69 56
58 117
26 51
7 123
66 147
119 76
107 63
18 2
66 125
148 126
122 21
82 140
118 48
108 93
104 27
3 124
24 137
104 139
149 10
84 71
43 110
73 23
112 100
111 0
65 90
57 36
67 34
102 91
144 129
121 66
138 14
70 57
69 84
48 50
75 121
90 24
106 111
125 109
88 13
47 39
118 66
5 96
140 48
30 136
53 145
92 98
52 104
143 60
139 133
91 85
131 53
90 56
126 136
78 76
109 6
50 9
66 31
88 22
93 70
131 44
115 37
107 67
131 116
65 102
84 92
104 36
16 17
19 51
143 21
30 32
98 33
64 142
105 136
115 117
106 85
33 38
136 126
21 140
14 32
47 128
20 64
107 140
8 4
105 74
37 124
55 67
143 59
139 15
34 14
141 100
85 82
15 17
119 23
31 117
89 126
54 12
143 24
28 9
24 139
72 78
112 143
120 65
139 6
93 116
50 77
42 69
62 8
127 114
109 65
146 59
145 3
83 113
86 27
3 76
11 23
10 23
145 137
8 36
36 87
3 4
120 134
46 72
104 13
112 128
33 111
120 0
50 134
133 80
114 43
65 121
106 130
65 118
114 57
29 108
137 136
70 142
59 119
77 72
125 44
69 82
27 53
112 10
37 104
45 24
149 117
70 109
103 147
69 26
67 31
123 42
2 66
14 84
98 119
8 135
0 31
29 100
144 103
103 108
135 58
24 149
105 52
115 97
144 78
25 47
98 43
86 10
140 48
128 49
51 25
106 129
44 39
7 125
29 5
78 58
101 81
49 28
13 63
114 2
98 32
117 8
88 126
61 26
23 41
112 140
5 108
43 116
16 33
126 61
135 88
112 53
143 82
72 75
46 23
78 29
92 56
3 100
125 72
104 135
145 60
92 132
9 104
70 128
1 20
98 42
139 124
19 70
60 88
147 130
39 76
91 133
24 110
133 144
45 114
12 103
131 0
38 54
22 87
104 140
125 98
23 89
144 95
70 82
143 143
73 13
35 21
98 21
137 20
19 2
112 87
17 131
120 98
138 14
45 72
80 41
96 10
112 55
133 13
142 46
149 53
58 68
70 45
4 52
31 22
128 66
81 126
138 31
7 98
53 7
23 78
20 87
117 38
33 20
1 6
24 83
46 41
36 120
44 140
84 132
132 98
144 12
79 41
78 13
35 85
92 57
121 129
80 109
44 42
52 90
116 35
136 119
28 105
49 75
121 120
48 57
66 5
66 0
45 1
127 72
146 25
91 131
13 134
141 133
27 8
45 94
84 143
122 140
76 70
1 45
120 49
78 54
28 115
47 97
112 21
34 90
69 63
85 107
86 123
98 139
143 1
108 70
144 105
0 42
125 54
109 2
39 110
63 113
94 44
56 96
21 94
93 58
24 142
33 131
16 82
86 75
21 127
1 13
76 67
148 144
133 129
126 97
93 29
72 40
80 59
141 24
114 19
100 92
11 25
126 90
112 132
117 122
137 67
88 83
52 44
144 55
148 68
143 94
69 86
24 88
129 115
0 68
54 91
145 8
15 24
0 136
42 112
100 116
6 94
120 108
88 40
91 52
27 149
88 36
26 112
14 70
15 110
101 107
119 70
46 24
39 132
82 116
23 88
145 141
111 10
65 70
37 142
116 42
24 15
1 43
39 131
12 78
133 100
144 21
1 39
43 146
30 56
109 81
110 116
78 119
124 137
143 19
125 107
96 137
25 26
16 101
0 18
4 69
37 7
149 60
85 79
10 111
89 130
144 8
31 114
34 84
48 123
27 129
57 129
125 112
117 70
36 123
57 21
58 138
1 144
6 11
9 130
124 21
50 52
115 4
28 53
126 24
94 66
8 38
76 8
86 101
77 50
81 62
96 62
55 86
111 112
23 141
4 11
54 69
112 131
78 54
104 37
87 58
128 75
12 11
121 82
81 42
23 114
43 76
79 86
9 141
0 120
86 88
113 143
48 70
99 120
53 38
113 136
34 107
36 96
115 57
123 44
132 85
86 114
7 149
8 127
39 18
117 20
57 125
89 34
106 50
103 0
95 55
36 108
71 35
132 8
129 132
29 119
127 13
125 18
84 82
37 129
133 134
91 45
109 103
110 139
138 118
70 127
119 41
6 6
82 97
7 144
33 129
39 48
139 75
11 42
106 26
14 31
142 133
4 47
45 145
95 113
50 86
120 134
99 9
24 82
8 125
74 64
18 15
18 58
24 15
77 67
116 116
103 24
88 2
39 12
80 72
139 31
148 103
107 66
17 8
58 143
10 79
148 144
140 76
21 79
63 99
26 4
80 111
79 69
40 83
16 80
69 112
34 5
141 93
38 146
75 98
50 110
26 21
135 74
92 56
21 138
34 33
78 113
114 17
123 38
110 17
111 127
54 28
37 149
123 55
142 86
31 28
75 103
6 13
65 21
105 142
67 139
6 145
148 27
94 133
142 114
122 14
50 40
11 131
84 39
96 91
67 82
16 66
67 140
61 128
148 49
141 46
6 96
52 9
51 37
58 62
26 98
77 51
77 17
137 107
114 56
26 98
31 46
147 3
26 121
27 6
124 83
100 26
40 17
145 69
16 21
70 37
149 107
75 37
24 139
35 125
90 127
138 40
90 52
79 71
55 149
52 112
138 40
29 94
63 65
38 19
54 66
112 42
82 12
81 51
4 91
144 141
43 40
130 137
138 31
8 80
136 41
50 26
23 112
100 102
109 127
99 52
64 17
78 4
27 65
57 75
136 0
58 109
98 99
143 123
63 60
114 11
100 115
66 103
25 36
58 124
131 12
50 136
139 138
109 30
43 10
111 19
30 146
31 131
102 75
59 46
90 32
25 84
71 139
116 123
81 27
110 48
33 43
45 115
69 71
82 101
71 77
126 73
135 124
118 91
112 52
81 103
110 37
75 98
100 145
85 124
20 97
60 129
71 124
56 90
44 79
5 121
111 72
29 139
134 131
108 27
46 136
11 117
80 84
11 21
85 74
8 130
117 72
71 4
107 121
63 135
121 138
76 22
77 3
69 149
30 138
41 136
68 20
118 47
58 17
137 10
132 46
64 90
10 2
91 106
78 31
77 34
31 141
78 49
44 25
125 86
136 110
123 142
69 30
82 14
135 0
87 135
23 129
110 53
100 126
84 137
22 76
134 10
85 103
115 92
8 47
109 125
52 36
45 25
70 5
19 75
119 113
95 6
103 122
54 110
77 141
61 87
123 35
81 37
62 108
148 117
10 115
123 109
26 10
25 118
142 72
59 7
57 9
26 48
25 95
31 122
107 105
133 46
81 62
125 73
14 41
125 28
82 148
74 38
125 142
79 12
11 107
42 9
136 97
71 82
9 103
23 0
100 131
24 74
101 47
45 73
118 54
144 110
2 44
139 23
53 52
113 5
130 20
1 112
113 53
143 80
114 47
25 48
73 60
104 80
130 14
146 32
85 0
97 128
111 24
54 49
91 69
121 93
9 4
131 122
35 28
129 40
27 19
96 86
101 12
73 72
148 28
29 17
46 9
12 138
108 8
140 139
76 108
89 117
138 8
46 104
67 53
15 63
13 112
59 36
18 86
62 148
146 3
105 90
54 147
27 2
69 97
67 53
114 19
30 62
10 25
128 149
83 128
107 124
84 112
16 38
95 100
79 116
14 32
111 62
82 73
88 63
72 100
34 26
23 19
65 128
85 24
46 47
74 71
52 63
145 79
111 82
4 23
48 13
94 42
89 27
123 6
117 87
94 136
120 69
32 64
47 40
82 45
1 55
141 47
61 38
84 84
42 120
50 139
144 52
87 104
134 146
39 21
45 73
88 104
8 19
120 123
68 87
41 106
54 143
50 118
148 50
32 137
40 82
48 82
142 45
4 25
8 142
124 48
113 29
80 38
126 106
78 115
124 147
118 112
136 50
79 17
10 32
113 18
70 147
124 60
66 115
110 44
4 70
112 37
137 59
146 60
47 84
83 99
146 18
15 101
95 134
4 102
110 35
7 61
27 13
100 139
37 51
30 99
85 30
114 51
133 116
42 145
76 119
19 45
21 127
19 147
126 90
87 11
100 136
59 126
46 50
15 37
48 141
26 131
6 103
112 148
64 126
14 76
58 25
53 33
45 109
51 81
64 88
67 101
90 28
36 91
51 26
18 81
63 37
88 65
77 21
100 90
117 107
110 42
2 78
10 109
33 76
32 148
38 23
148 77
111 25
4 146
42 15
65 132
142 41
130 135
21 39
125 46
12 46
53 139
77 113
28 84
52 69
6 125
118 98
26 66
36 92
86 120
19 68
122 69
16 56
48 115
77 65
91 45
117 43
8 15
143 66
50 81
145 87
140 24
121 93
50 129
87 74
57 52
111 56
99 81
144 25
99 131
77 51
64 99
9 47
103 89
21 62
30 25
18 104
140 34
25 100
105 84
34 121
119 135
63 115
49 73
19 41
25 89
91 84
7 36
42 27
61 76
35 70
144 105
24 21
99 9
116 60
90 69
57 115
47 75
135 81
144 7
129 17
96 111
90 90
3 118
112 122
135 16
8 131
39 136
61 65
51 21
61 136
35 7
123 107
123 131
59 28
85 9
112 137
119 39
55 7
87 90
53 123
46 0
130 135
132 9
115 13
113 117
8 139
149 125
91 16
125 61
149 47
124 28
146 26
62 70
41 66
62 95
40 99
94 7
96 145
48 125
78 48
104 83
36 8
117 84
138 93
103 100
119 77
135 48
58 140
46 67
57 14
86 41
132 30
100 16
66 76
17 97
95 136
91 48
130 36
39 111
58 8
45 80
26 70
14 6
37 110
103 18
11 148
72 141
29 90
39 135
120 78
118 123
123 33
33 23
40 27
147 73
138 38
73 95
130 45
50 46
26 117
88 6
58 51
63 1
74 94
67 78
41 92
14 56
38 26
42 100
57 139
19 93
48 109
128 8
58 21
145 101
57 70
21 108
107 140
83 142
70 125
77 93
22 79
94 123
143 145
113 140
93 42
30 31
98 25
68 15
14 87
35 41
134 80
62 101
19 62
42 119
36 109
98 50
48 69
135 109
20 94
119 144
33 33
49 62
16 95
138 9
97 133
67 60
48 63
7 45
94 26
73 48
11 89
114 111
91 45
46 49
105 50
108 137
21 98
35 3
149 36
39 111
55 125
130 4
120 47
47 144
115 12
46 142
17 9
77 23
146 113
79 127
53 142
8 24
132 7
138 68
50 58
127 142
38 10
40 30
142 56
0 92
58 76
87 146
39 140
45 144
117 8
0 89
17 125
67 71
138 99
32 105
103 29
70 82
102 118
108 62
37 55
91 16
33 76
122 109
102 123
110 80
100 41
137 7
106 5
66 40
84 80
68 111
9 6
59 54
64 141
14 59
99 52
134 87
54 57
137 23
80 121
63 29
75 46
99 47
15 112
34 149
12 7
47 136
97 90
138 24
35 13
20 108
67 46
116 114
123 100
56 100
149 75
2 99
141 149
98 106
94 76
147 117
71 136
42 79
96 42
53 53
122 138
13 84
1 33
51 148
34 17
95 46
91 88
75 44
39 101
110 29
11 126
17 10
52 107
17 109
118 91
49 59
62 116
113 146
43 33
67 115
117 29
36 20
27 29
36 105
101 110
29 21
3 119
44 75
106 120
48 87
126 93
1 146
100 12
63 111
53 58
94 41
124 45
47 0
111 149
124 28
17 111
48 116
141 55
21 129
53 119
81 140
96 45
96 120
5 83
40 135
2 144
137 52
123 93
30 130
111 99
82 69
118 42
69 145
16 122
148 58
18 29
30 136
66 114
77 36
1 41
23 23
57 65
131 33
55 27
53 143
32 140
7 74
7 121
74 10
11 132
144 2
42 149
20 99
4 23
102 14
111 120
36 87
82 80
109 112
42 147
83 57
38 21
148 57
31 103
111 51
51 84
7 129
145 17
81 59
47 109
32 39
80 22
103 79
92 64
70 85
62 136
2 46
17 130
103 17
72 60
5 95
61 118
53 132
121 64
65 45
138 49
47 143
56 35
143 59
107 102
26 70
127 18
143 12
89 129
18 13
145 61
139 148
119 86
99 58
69 115
133 102
65 20
3 116
128 127
134 5
59 16
75 46
8 114
47 117
46 80
100 79
7 73
22 41
69 44
82 127
115 29
9 101
41 7
34 116
5 51
76 118
118 7
103 15
119 49
91 103
87 111
53 66
76 14
6 24
93 125
143 133
104 82
1 16
23 23
122 25
80 85
103 94
38 33
95 125
71 37
115 149
86 39
45 40
103 127
35 67
94 123
98 58
68 139
7 23
141 91
10 73
64 144
42 127
99 67
113 137
5 84
111 65
47 78
61 49
33 24
3 131
71 113
15 76
18 60
28 89
147 20
144 127
0 62
120 114
132 138
113 105
23 90
12 2
92 120
33 93
95 80
121 140
19 98
87 122
11 145
67 60
139 4
125 14
99 137
149 56
55 39
124 23
10 143
44 87
141 90
45 125
23 43
52 2
15 10
49 85
108 57
38 21
113 103
63 44
18 62
94 36
128 124
87 22
9 32
89 107
137 68
144 35
49 32
122 71
132 78
72 143
107 136
98 62
9 121
71 59
149 67
94 103
83 141
11 134
125 3
124 81
89 64
65 84
88 2
107 145
120 95
4 95
98 107
74 126
36 97
124 127
1 38
1 105
88 3
82 59
133 114
103 130
54 140
135 111
67 29
61 139
55 128
108 97
13 41
143 34
143 122
95 102
20 127
15 92
14 81
85 84
132 43
44 1
4 64
106 94
17 68
113 122
51 50
53 141
29 85
25 139
16 137
43 92
59 79
15 140
64 46
113 53
139 72
17 135
13 99
127 138
101 72
13 72
129 3
91 65
38 127
33 128
0 65
32 144
36 72
142 82
82 114
123 56
74 76
119 131
46 57
32 114
15 4
16 124
106 8
34 101
120 10
134 44
17 81
70 5
29 15
2 106
30 56
85 14
1 40
76 148
29 36
116 111
51 47
63 54
50 148
33 56
129 125
75 118
114 6
21 42
123 54
0 113
137 113
113 128
25 24
20 137
100 103
132 10
115 129
139 73
75 64
115 44
69 71
100 100
95 64
106 99
89 122
17 145
126 123
134 117
109 55
42 115
114 109
71 42
57 43
69 58
112 2
31 22
134 2
141 9
96 25
148 98
118 67
133 49
83 3
34 141
61 37
142 119
7 66
139 95
47 47
34 24
82 24
147 118
61 143
49 43
102 47
84 82
38 89
122 138
13 77
101 14
59 92
12 146
16 102
55 90
118 1
53 15
127 23
76 4
144 62
89 61
35 23
55 53
105 135
62 69
104 124
107 11
0 93
127 18
124 35
143 133
43 120
104 30
41 47
58 114
48 43
47 116
142 86
113 83
50 11
43 139
123 62
61 97
106 44
34 106
2 141
132 141
18 105
149 103
8 130
44 100
39 64
104 139
16 37
134 52
48 108
143 2
128 69
70 125
66 21
70 6
118 32
83 125
18 36
133 77
38 105
4 38
52 105
16 46
64 132
0 74
37 7
121 119
133 128
100 9
106 108
3 40
81 88
114 17
140 125
120 143
141 138
34 8
51 101
71 139
91 30
69 103
53 124
84 72
137 136
27 56
50 63
69 60
127 30
13 81
57 114
138 15
142 30
99 38
119 131
134 9
133 73
101 26
139 12
56 66
145 119
2 48
11 131
137 76
124 76
123 56
60 62
81 110
107 1
14 134
47 49
105 74
25 65
95 106
88 133
45 49
17 40
115 74
103 75
113 47
25 27
133 40
3 90
41 29
39 51
67 25
2 47
134 68
111 147
117 76
141 57
115 58
49 31
52 112
121 70
61 106
113 75
139 98
96 105
4 26
8 135
0 111
108 37
5 54
39 18
99 77
3 33
14 39
117 81
30 94
10 13
90 138
91 67
66 17
77 83
83 145
84 46
145 43
95 123
31 12
132 107
35 71
26 71
19 109
24 22
92 52
96 133
107 141
149 93
143 83
61 68
16 100
61 145
55 145
72 82
27 12
59 42
99 66
56 28
106 86
6 25
2 12
88 59
49 29
88 37
41 93
64 5
57 33
19 135
113 22
72 53
3 134
89 38
65 137
133 99
21 55
85 93
56 34
80 124
108 64
25 19
73 96
1 7
71 108
22 134
18 9
13 17
136 33
48 101
107 17
116 99
30 138
80 5
114 129
56 135
1 137
129 142
28 70
44 95
106 65
60 8
140 137
81 38
50 73
4 124
83 21
16 131
149 147
19 50
149 148
13 147
133 134
84 1
145 104
140 73
131 133
38 95
52 40
57 65
126 68
114 68
136 5
135 47
92 89
49 74
32 45
87 111
40 95
20 124
52 23
140 60
112 109
146 99
12 59
20 19
25 65
135 61
80 89
146 106
47 45
149 110
59 45
14 72
54 49
65 145
60 24
108 46
106 2
15 30
72 73
130 7
103 5
77 131
45 6
77 10
132 4
81 30
39 142
136 147
36 32
61 134
103 58
90 25
141 110
41 9
23 28
125 6
16 76
95 121
100 148
139 21
108 119
69 108
63 46
87 95
55 38
130 0
3 44
116 51
67 144
45 87
123 8
42 48
110 37
107 51
11 83
131 94
0 74
114 43
113 124
24 65
140 111
143 29
109 128
106 117
118 24
126 52
21 87
84 81
134 88
146 139
15 147
68 24
93 24
33 29
110 47
87 130
148 97
58 78
76 93
34 42
23 44
139 87
77 50
63 0
97 112
123 142
55 25
86 73
69 76
108 27
0 57
44 68
12 26
3 51
148 10
36 70
90 15
142 143
142 37
70 112
76 131
8 107
135 134
82 73
5 10
123 98
55 123
78 33
131 26
91 79
5 65
36 133
79 147
15 45
33 76
13 121
7 1
117 46
94 129
137 126
60 147
16 48
89 52
146 73
31 86
29 135
137 123
11 6
99 107
57 73
37 107
68 63
47 73
110 50
85 44
139 82
120 100
120 30
3 109
21 90
68 4
44 60
115 13
14 48
89 85
51 73
127 90
76 16
28 7
54 126
94 96
66 36
22 48
36 143
90 77
17 121
148 77
146 54
52 9
59 147
98 98
107 119
64 2
30 104
39 2
91 123
31 127
105 133
70 41
122 35
94 44
86 20
92 95
24 4
81 101
104 57
61 12
101 13
35 130
111 124
65 109
72 30
47 76
30 112
99 66
22 140
92 15
90 30
99 103
50 130
132 72
7 61
125 7
24 16
63 81
2 148
120 123
73 49
131 22
102 117
26 39
107 143
6 11
36 58
97 33
33 117
68 98
132 141
12 143
38 88
122 117
79 30
108 4
45 135
48 67
99 87
58 1
70 76
131 1
93 31
17 55
124 124
107 116
101 28
58 33
81 127
146 28
15 144
60 142
106 97
47 74
75 81
31 92
52 45
2 62
135 32
112 91
98 65
45 1
124 104
38 76
64 1
44 60
57 125
123 136
31 6
133 2
103 106
88 6
15 85
9 51
41 78
71 56
11 11
37 106
46 39
77 89
45 122
146 33
85 56
40 120
117 20
60 130
69 98
75 42
5 1
98 112
120 44
54 147
27 63
107 42
148 146
117 55
106 17
74 62
32 73
113 82
3 19
50 19
58 64
126 67
89 144
58 3
52 42
78 138
93 8
126 124
106 26
34 10
118 110
12 60
106 126
135 122
29 75
8 94
12 11
77 94
120 27
129 108
18 136
73 18
125 40
92 2
55 53
7 111
53 83
147 87
44 44
125 92
60 5
99 85
144 1
46 122
29 93
143 105
45 138
109 98
52 92
6 61
24 14
10 122
50 10
5 34
61 18
96 113
136 69
115 83
16 147
9 145
89 0
10 16
84 116
136 141
44 3
115 39
104 40
66 144
91 119
97 129
86 32
116 116
128 132
45 62
18 94
83 45
39 115
134 25
3 125
20 58
41 48
130 135
105 65
45 92
35 54
148 83
67 24
141 126
104 71
117 63
62 61
114 64
39 17
87 24
48 61
104 29
119 67
20 142
79 113
86 106
131 9
109 98
132 30
33 48
107 11
33 135
147 144
137 55
69 74
122 109
89 145
14 141
8 113
122 1
14 4
72 138
107 71
138 59
73 23
15 119
65 93
146 74
96 12
110 53
55 121
101 124
25 138
75 12
87 56
31 122
12 47
40 20
74 84
76 45
86 64
141 43
132 10
36 20
123 1
66 24
42 62
111 109
147 3
34 56
9 15
143 64
12 145
133 109
18 97
130 35
76 144
9 61
69 68
67 93
97 92
24 141
146 7
80 27
99 5
114 149
145 95
79 23
145 4
51 43
112 7
50 138
126 112
103 134
11 29
148 92
131 6
22 33
141 67
91 92
53 36
105 147
114 78
16 122
137 60
122 28
149 45
50 118
124 38
146 44
81 73
3 49
129 6
111 82
5 114
98 26
109 123
18 73
72 8
131 107
16 83
84 92
93 41
36 100
125 27
132 36
130 69
84 83
57 9
74 84
56 73
20 50
143 60
108 7
105 61
20 36
69 81
112 82
137 44
102 137
3 80
27 17
9 114
78 140
77 60
110 25
30 122
5 103
112 73
43 80
89 67
91 119
8 90
140 72
102 142
17 119
34 45
141 17
108 73
103 96
20 1
106 113
107 131
0 56
116 88
145 114
88 101
143 121
80 20
74 13
31 59
29 2
24 64
69 146
144 49
39 39
108 8
4 74
31 77
61 89
126 54
94 94
32 121
38 6
21 49
137 33
84 71
29 26
141 149
124 63
12 100
1 27
22 36
73 26
59 96
89 26
85 0
102 128
39 42
55 54
23 63
97 93
87 81
13 103
93 112
61 1
138 10
137 45
14 75
48 15
94 66
39 123
137 94
23 69
44 119
62 53
100 142
94 18
20 123
115 81
30 110
10 119
51 146
132 119
141 43
125 9
78 110
81 124
97 89
126 67
44 114
0 3
140 50
87 95
57 31
13 143
121 115
95 27
89 48
29 45
27 7
27 104
121 38
56 71
7 75
57 8
131 92
142 79
65 69
117 135
90 120
113 37
1 30
130 44
136 64
71 145
30 44
13 81
50 80
43 5
19 128
51 124
119 116
135 29
101 20
38 129
62 131
96 51
72 111
73 65
111 55
50 29
123 40
3 17
33 79
116 91
61 21
13 108
36 92
79 114
0 75
72 142
94 119
24 11
59 4
72 19
138 18
9 25
64 95
59 81
6 63
61 38
72 136
34 148
83 41
56 96
49 83
39 67
77 98
127 111
22 130
84 114
94 11
120 100
45 64
142 39
54 80
26 24
3 144
134 47
36 2
86 0
136 138
27 60
149 93
26 101
10 37
71 114
77 87
99 126
51 121
49 29
33 101
43 76
2 111
142 107
55 5
33 148
55 100
53 50
26 0
29 46
107 90
110 76
133 113
43 149
81 127
71 132
123 12
9 76
79 64
19 106
138 81
52 117
14 54
20 46
101 84
40 60
103 125
81 132
126 72
52 45
81 97
1 148
91 105
67 86
36 113
5 132
65 116
87 52
13 146
49 8
91 93
27 42
42 108
148 45
33 28
28 138
97 123
51 120
73 124
99 21
70 84
16 83
13 98
92 59
98 80
15 121
129 80
21 99
148 98
109 135
37 62
123 60
30 135
85 40
132 29
0 125
126 98
139 41
20 48
57 11
124 131
64 42
75 24
140 102
19 84
25 90
51 54
56 31
43 61
109 29
32 23
76 93
106 96
104 115
116 97
149 79
144 10
23 118
72 71
46 148
40 119
0 62
140 70
145 26
130 123
9 75
22 73
71 111
8 95
137 108
35 11
50 106
66 123
81 122
15 145
5 28
51 145
68 75
99 76
85 115
137 99
95 100
65 145
131 86
90 25
85 110
45 6
125 81
9 113
71 127
19 15
94 117
19 37
118 111
147 2
7 135
5 90
138 38
63 24
107 23
133 25
132 125
101 88
61 56
0 43
26 110
122 143
3 126
103 146
93 73
90 106
54 10
111 67
27 103
134 67
117 109
127 33
10 77
131 13
90 45
124 16
13 22
110 120
62 99
99 126
20 15
124 140
146 7
106 1
121 8
36 121
79 107
35 99
44 140
146 53
104 103
34 126
65 102
129 89
47 90
77 148
105 142
147 4
145 136
115 52
125 129
45 67
92 22
4 59
86 133
123 57
12 71
117 52
69 148
132 71
18 106
58 128
144 22
81 66
2 105
6 65
125 117
33 141
22 62
72 83
29 85
27 141
1 125
106 42
127 92
9 53
120 58
128 133
17 29
111 135
10 66
37 17
81 57
99 72
143 20
50 50
127 17
91 10
9 44
29 24
52 23
74 142
64 82
5 46
6 101
35 88
32 139
1 115
34 80
88 140
60 113
36 102
33 141
63 123
148 21
12 98
73 57
24 29
83 117
140 130
64 34
112 145
19 60
33 26
124 50
93 61
128 140
53 128
121 46
71 72
92 15
140 73
103 111
147 106
111 73
26 49
2 9
49 100
46 10
144 127
127 97
19 65
63 19
72 39
126 54
141 77
92 48
114 42
33 32
21 113
119 116
50 103
36 33
99 54
28 86
120 67
52 139
3 49
7 10
48 116
148 108
82 137
23 72
113 115
22 56
96 25
67 2
10 19
65 57
48 4
38 146
42 54
27 6
32 61
119 48
51 92
61 124
17 129
110 139
95 113
111 14
110 46
57 68
30 125
62 77
103 112
102 55
89 92
95 125
90 145
57 67
29 90
12 78
129 9
101 116
87 102
127 122
52 126
9 127
33 51
112 45
115 80
14 2
42 56
8 44
59 74
140 22
37 120
138 0
109 63
7 17
86 3
87 144
121 123
78 36
43 67
107 123
54 96
107 22
141 31
110 51
96 84
101 6
24 20
83 21
73 143
124 78
1 48
77 57
61 149
149 65
73 110
127 0
46 34
35 5
18 79
53 20
93 100
148 81
127 116
51 28
39 134
123 109
7 5
120 75
75 75
146 74
73 12
87 85
40 143
24 142
119 126
92 80
135 35
3 78
70 83
147 26
49 109
101 51
55 39
21 121
143 147
135 10
29 85
137 72
75 111
119 30
6 149
81 73
86 91
75 58
131 64
91 6
83 147
133 2
123 20
71 148
56 49
62 69
149 33
40 117
37 2
116 71
145 80
39 129
92 43
84 120
1 138
32 8
98 82
42 8
19 58
37 57
44 75
131 126
134 97
118 67
30 26
130 145
142 14
11 0
104 97
8 80
114 148
36 89
5 17
51 45
11 72
113 135
102 31
22 70
140 143
121 44
22 61
142 54
111 55
139 69
89 15
122 18
125 59
47 130
31 56
129 116
23 61
145 74
100 42
14 138
49 129
29 89
37 68
53 145
138 31
3 4
149 56
91 115
119 134
125 14
41 16
113 86
140 19
93 2
70 82
112 116
72 35
94 3
81 130
6 18
22 37
142 125
68 118
146 13
90 47
9 68
57 97
132 145
42 121
137 110
34 21
148 130
68 138
141 47
76 76
41 86
133 16
44 97
14 2
97 85
28 57
51 89
49 44
13 67
22 93
48 53
116 88
97 145
46 116
144 39
76 97
57 21
67 92
23 109
14 141
11 14
99 74
78 107
35 90
15 90
13 19
67 86
118 98
67 23
36 59
71 49
34 111
63 91
55 92
38 141
51 53
135 111
88 28
130 73
130 7
102 63
83 147
42 50
89 136
21 33
140 103
142 34
88 7
108 41
99 81
43 70
108 60
74 20
85 8
30 132
49 114
125 69
25 101
120 56
68 75
70 64
119 138
26 10
144 64
137 43
89 77
74 127
24 131
92 21
21 85
23 43
9 148
122 133
132 18
41 24
85 119
22 142
118 121
19 38
19 51
44 13
1 45
3 140
79 134
65 28
144 60
40 141
120 140
32 119
45 35
53 55
78 74
52 106
124 60
143 54
90 137
33 145
3 25
20 89
27 96
144 54
8 141
80 103
88 141
36 80
126 26
91 60
73 89
39 104
136 92
128 105
15 2
6 106
111 49
115 5
33 133
121 71
90 142
116 22
30 34
36 43
130 135
15 131
107 120
5 132
141 106
21 1
6 123
40 86
91 54
129 130
21 57
18 20
54 106
119 141
116 99
7 33
15 79
8 107
134 149
116 90
105 96
2 110
121 83
74 65
130 132
106 82
147 10
72 30
7 123
78 0
66 66
133 64
49 131
59 56
104 112
78 85
147 2
119 75
124 62
59 96
105 109
1 69
86 42
42 107
48 54
27 134
100 62
41 126
40 124
20 81
75 125
59 96
0 102
58 81
76 108
2 94
24 75
60 29
12 28
84 30
18 89
119 14
11 79
91 95
17 145
35 96
138 52
138 75
112 116
124 103
49 37
12 104
113 60
52 58
94 123
24 58
113 56
98 23
83 98
46 106
20 39
131 56
128 9
0 76
15 149
44 29
112 73
100 107
34 79
107 106
56 11
8 149
111 29
61 33
80 54
79 115
90 87
20 141
149 143
100 29
110 24
11 20
73 140
70 124
20 104
74 47
18 113
64 135
76 24
56 86
31 21
143 95
131 17
62 110
146 79
59 149
31 83
68 32
36 19
77 90
18 80
126 58
90 23
138 6
119 36
70 41
118 63
58 34
59 141
123 102
59 120
18 91
50 99
143 42
108 142
67 49
77 23
126 111
130 45
24 7
149 129
123 92
83 85
98 131
64 112
130 19
126 53
50 5
17 110
74 63
9 144
62 7
105 115
51 6
17 144
92 88
83 106
100 96
127 81
28 17
80 9
75 120
51 135
144 136
134 19
17 11
50 78
23 48
87 20
119 84
65 17
147 77
116 144
9 83
71 31
127 116
121 141
36 92
76 111
122 91
20 63
143 143
63 5
51 53
54 122
60 148
93 134
126 147
140 121
33 149
142 83
4 44
135 89
96 44
15 64
31 60
52 88
135 110
144 128
75 101
140 147
87 7
39 14
28 73
45 44
25 64
10 0
104 138
29 31
3 109
101 138
19 61
8 28
45 81
107 115
119 133
52 61
129 6
6 14
126 69
130 91
79 134
67 3
138 110
131 60
87 16
120 94
107 125
58 46
142 124
117 59
3 40
16 24
108 128
106 88
146 36
68 109
137 96
45 105
23 141
127 111
108 58
100 31
49 135
12 149
62 58
27 11
60 141
28 36
82 132
128 63
12 139
2 88
85 81
136 144
68 42
37 121
72 56
114 83
9 16
89 89
104 56
15 18
34 38
109 60
6 122
10 36
131 63
4 120
147 128
70 73
129 23
137 137
18 66
110 12
37 13
134 49
59 32
144 71
137 18
66 84
49 66
76 44
26 99
74 120
79 17
47 74
69 27
8 73
51 102
90 26
113 105
146 36
58 30
47 58
100 63
122 87
142 108
25 1
33 110
112 25
74 72
97 67
50 19
106 79
68 137
72 99
66 6
135 42
128 134
70 44
95 92
3 44
48 73
94 38
89 52
50 105
80 78
80 4
38 120
83 61
34 122
108 59
48 106
114 67
82 99
24 22
30 84
4 68
112 17
34 78
95 75
83 126
87 90
23 45
7 46
106 118
4 110
87 104
43 66
105 41
121 109
10 140
106 25
65 39
8 69
128 96
143 104
89 138
140 145
58 31
65 40
25 25
142 15
52 6
109 105
124 5
108 18
133 149
37 31
74 79
24 89
109 112
68 94
7 120
145 56
139 52
19 112
34 51
76 44
59 111
111 0
29 146
131 99
149 145
1 117
17 56
64 136
9 141
85 141
88 49
95 122
70 98
134 26
145 21
38 38
54 11
148 99
141 61
72 77
42 35
119 0
52 114
130 49
115 112
140 72
112 134
33 37
53 107
1 7
114 148
40 93
102 45
135 93
68 97
17 81
78 68
54 64
120 82
25 117
136 99
141 65
92 105
94 62
92 40
26 99
57 149
91 83
145 129
40 130
67 119
111 99
84 134
134 27
7 104
72 144
25 119
126 120
90 112
82 1
77 99
87 33
97 92
101 95
4 91
54 37
101 87
102 46
18 84
89 84
74 120
123 130
50 119
118 120
139 69
116 72
0 128
20 71
41 145
132 52
93 50
24 118
119 5
46 48
71 140
62 107
127 75
149 89
46 13
7 86
139 101
62 87
16 2
70 52
70 93
84 77
144 101
27 49
49 7
111 91
120 21
75 37
93 123
23 34
76 127
83 149
11 58
83 83
147 137
60 97
106 85
60 18
12 0
93 148
138 42
88 43
106 37
109 52
34 73
18 78
64 91
28 82
0 50
71 34
22 23
127 142
46 62
100 128
39 102
28 50
11 78
79 141
15 45
106 50
21 103
132 15
137 135
103 43
56 93
58 94
110 8
45 99
85 6
138 75
81 87
80 41
34 1
27 94
141 139
107 49
125 20
38 53
73 128
44 3
24 0
0 146
106 113
95 147
75 20
21 148
17 30
92 104
123 107
119 54
142 37
73 62
97 27
94 88
7 106
3 110
108 81
45 45
57 64
87 47
35 105
73 108
14 93
32 140
143 138
83 72
38 1
42 9
119 64
90 107
46 116
34 46
117 120
10 79
102 71
66 75
124 109
82 20
6 107
53 16
9 140
109 134
146 125
16 132
15 49
98 124
119 146
58 84
124 2
142 5
49 33
145 103
30 0
33 110
104 92
27 28
145 134
72 113
123 60
99 13
89 142
19 10
111 57
12 5
32 55
20 148
134 30
29 5
94 41
123 52
62 97
133 8
90 17
139 25
141 138
80 2
104 148
1 88
38 105
91 17
7 122
60 18
149 56
96 110
1 133
72 146
60 0
77 57
48 59
41 85
35 133
44 84
60 87
79 88
123 117
60 36
24 114
49 108
143 127
66 90
74 5
61 10
118 115
101 84
48 118
111 33
48 106
123 95
33 1
134 105
119 74
63 17
104 90
43 23
41 87
104 75
16 119
120 135
86 73
100 7
68 92
141 96
49 148
8 12
4 37
99 102
118 87
82 57
85 116
116 122
144 44
61 66
2 116
85 9
69 142
81 38
86 19
74 67
111 136
131 119
57 25
145 16
12 50
60 17
123 80
77 3
112 22
50 136
99 98
39 0
96 78
131 25
11 29
58 21
115 98
146 63
135 19
15 31
139 87
130 125
91 109
2 100
60 113
36 52
131 64
53 67
77 143
22 5
86 0
12 7
27 101
42 117
17 64
100 113
85 132
129 7
47 2
144 89
45 141
107 68
64 110
17 120
10 115
87 60
49 103
33 65
50 98
41 85
19 129
57 69
145 31
64 125
142 128
42 55
75 71
84 145
80 89
82 63
143 52
64 18
86 51
98 67
82 11
110 64
135 91
142 107
6 67
72 142
23 107
8 120
63 130
53 50
33 27
47 73
55 75
54 2
93 42
112 139
20 31
46 25
78 0
46 80
35 25
51 1
40 134
22 18
69 109
129 86
133 62
8 62
75 67
67 55
13 28
95 131
69 58
110 98
2 38
123 121
111 59
10 52
53 89
77 98
23 63
115 25
60 22
43 52
109 70
29 31
7 28
92 144
24 23
145 10
20 75
131 58
43 99
38 52
114 67
120 87
78 104
101 28
4 101
77 30
1 62
27 7
82 50
139 89
29 41
103 52
57 148
147 13
41 53
112 48
76 60
56 4
106 15
113 53
99 70
69 17
113 24
70 11
145 130
145 90
69 22
3 7
82 22
31 77
12 1
42 109
59 101
135 90
137 146
6 131
32 116
88 57
103 29
114 67
20 131
82 95
17 54
9 48
15 105
29 0
21 80
39 135
59 49
56 24
86 118
97 45
100 71
79 50
118 139
94 143
67 34
1 141
93 58
5 130
26 95
46 44
49 38
22 110
6 75
55 106
38 115
12 121
77 114
57 105
131 102
71 136
56 128
117 106
1 37
102 128
85 14
66 22
58 96
9 102
7 80
104 71
142 66
1 18
40 74
117 28
144 6
81 106
76 25
85 6
25 79
75 71
46 26
141 77
114 15
39 149
56 149
72 1
57 113
66 56
86 43
147 45
67 71
143 145
81 129
65 125
120 102
5 16
68 149
67 70
102 47
63 116
57 86
141 95
54 140
48 147
119 146
111 17
76 106
2 40
26 20
95 109
0 87
134 81
19 106
131 41
72 56
124 133
49 112
6 142
43 66
149 109
75 138
125 122
69 137
100 40
104 123
112 103
76 69
77 124
80 40
136 65
62 38
138 20
16 5
89 54
59 60
127 137
114 0
22 89
144 39
88 33
64 58
141 21
105 96
139 7
86 133
92 22
24 133
70 31
112 3
94 57
66 125
44 85
39 54
129 50
28 84
119 0
17 113
46 17
58 99
93 98
2 88
18 126
67 47
23 110
122 92
69 24
128 86
113 109
111 0
102 26
73 117
137 145
144 140
145 144
133 18
111 140
107 113
83 78
13 148
97 111
100 76
75 14
136 12
122 125
10 43
57 7
53 67
60 149
108 26
104 43
31 136
58 80
33 69
60 136
107 87
58 62
127 65
32 12
62 88
79 145
122 92
113 74
95 108
31 58
46 138
4 74
47 92
134 89
102 41
39 16
24 134
45 131
3 78
48 37
62 5
67 53
134 12
116 143
14 84
114 55
72 10
115 121
95 103
145 47
70 60
45 26
146 118
41 115
122 107
58 30
137 11
22 101
43 94
137 21
42 16
53 58
56 89
15 35
84 53
37 13
81 24
7 1
23 15
31 125
147 63
137 16
146 149
73 16
79 5
57 19
111 94
117 94
74 20
114 45
49 50
31 140
8 45
52 52
145 55
127 119
63 30
118 84
66 82
87 143
32 84
146 47
24 134
107 12
28 43
94 115
141 60
61 32
37 94
41 96
54 82
44 63
56 84
89 50
31 122
124 120
86 32
81 6
126 53
68 100
70 58
34 35
73 27
4 10
78 51
83 57
39 133
72 148
57 113
52 67
89 11
21 25
68 125
33 107
117 138
0 70
9 35
10 52
65 81
37 81
142 133
46 8
89 113
25 21
72 34
4 58
50 29
118 89
33 56
90 145
102 134
97 47
67 134
115 93
73 134
88 42
73 54
143 107
33 5
101 49
40 50
132 132
141 113
104 93
22 120
26 17
133 9
139 79
35 2
13 148
100 49
82 122
102 116
144 68
101 52
99 24
134 67
126 42
31 144
66 89
20 146
53 117
18 19
45 101
103 19
128 138
19 147
67 49
146 76
72 63
101 17
97 82
35 41
134 104
149 96
94 29
86 147
22 67
36 60
23 137
139 15
109 1
23 14
65 95
21 125
86 73
75 36
87 143
36 144
33 120
61 25
97 76
126 130
44 64
139 116
15 126
95 71
101 69
61 137
52 103
125 112
149 8
51 24
145 46
4 20
37 22
141 92
110 1
114 6
103 127
0 115
21 47
44 123
107 139
56 12
20 140
126 4
133 93
7 25
105 64
35 51
77 80
106 117
61 60
27 47
148 8
69 41
24 117
0 28
113 112
89 133
46 13
55 53
105 142
50 119
56 81
139 5
142 27
133 137
10 18
110 137
128 44
95 83
73 104
13 38
35 104
69 85
74 31
146 3
34 114
15 16
104 45
116 147
91 93
27 98
140 85
31 43
125 145
62 135
134 134
39 108
118 143
137 127
46 52
61 30
54 141
113 64
81 6
81 108
29 69
46 78
113 144
82 48
29 0
74 146
42 41
63 15
113 30
139 89
23 102
10 92
91 54
72 58
62 11
8 101
20 41
55 112
127 25
144 105
80 2
41 72
90 17
54 101
95 106
140 100
60 124
43 14
106 100
15 66
61 46
7 130
20 44
147 46
69 107
1 35
42 37
74 113
45 49
66 2
113 118
35 44
126 136
129 26
7 33
146 32
41 67
149 50
42 14
89 57
42 84
105 141
90 36
65 96
56 113
146 70
18 143
139 86
105 42
83 138
119 11
108 9
148 39
87 26
43 19
7 63
126 128
124 128
8 2
52 5
92 7
23 84
32 15
4 54
25 37
147 44
77 85
80 33
9 64
120 60
92 96
111 30
8 4
127 75
31 80
58 130
35 51
4 131
121 104
130 13
91 42
77 143
8 106
88 125
49 64
121 147
57 124
92 134
37 48
88 105
31 77
125 129
85 68
90 14
35 127
25 27
65 117
52 128
94 130
51 35
120 43
12 40
49 19
133 120
58 147
146 127
139 129
78 110
38 9
16 119
130 111
146 128
51 126
124 115
147 0
148 92
123 19
118 71
99 81
140 105
80 132
10 79
115 43
23 130
24 104
80 6
73 67
143 65
120 66
104 28
113 89
39 86
0 37
87 73
20 60
67 39
99 64
4 71
87 132
14 42
130 77
9 40
106 148
6 138
85 110
58 107
12 22
145 97
49 36
53 37
60 102
8 51
72 3
111 33
115 142
2 108
47 84
115 115
11 82
100 147
60 3
5 67
46 4
56 17
82 132
29 83
27 89
10 134
26 39
111 83
143 131
79 105
52 101
12 48
39 100
141 40
52 28
115 119
37 124
125 68
125 146
7 36
25 111
96 90
144 3
118 59
85 24
52 52
110 114
61 123
87 51
3 69
96 21
126 6
97 42
120 81
79 38
68 137
41 110
117 76
107 40
142 79
4 35
51 8
21 89
44 56
0 83
117 124
78 149
60 142
62 69
95 30
0 93
5 90
25 33
128 15
149 74
149 7
51 116
81 62
86 28
95 60
130 55
22 21
40 99
50 97
51 112
115 137
69 68
69 96
34 131
5 121
16 79
102 106
48 45
47 142
19 41
19 81
28 18
119 118
144 30
107 135
37 44
72 79
138 46
53 91
40 61
104 33
47 0
74 79
8 138
129 53
26 101
9 64
52 133
12 119
68 1
143 71
57 126
142 75
70 35
29 101
98 136
129 94
127 86
68 37
20 90
98 93
23 80
122 139
41 110
145 39
61 29
114 149
26 124
36 72
54 68
61 121
110 128
124 135
26 120
17 31
46 4
100 110
96 40
89 110
140 111
41 29
40 67
75 94
149 44
117 111
143 41
118 27
59 9
130 119
95 65
8 33
34 111
29 144
47 149
116 148
89 56
57 49
18 117
91 26
84 83
61 32
134 9
117 39
67 58
109 98
51 106
19 36
31 36
14 8
148 111
130 5
145 74
18 121
11 15
95 10
74 57
138 41
9 112
109 110
86 83
61 137
128 77
98 50
19 58
142 143
140 100
144 25
123 99
101 5
47 69
61 73
52 27
133 59
128 139
34 25
100 114
148 18
91 64
43 26
14 88
35 97
133 52
76 34
137 108
121 137
82 33
108 55
10 79
41 98
86 21
70 39
105 67
140 47
62 27
35 115
92 76
0 16
91 125
14 133
120 51
14 138
13 113
55 17
39 141
55 84
81 40
136 9
73 79
58 123
110 35
136 20
63 103
148 133
17 14
54 92
120 117
42 30
43 38
23 69
70 17
21 134
110 67
111 74
115 134
148 101
79 90
23 85
5 85
84 27
142 33
70 15
133 20
136 149
34 118
76 22
128 84
39 54
63 23
69 68
18 114
70 144
132 149
56 45
143 142
25 56
130 118
142 60
51 56
22 98
142 118
2 23
45 109
14 111
144 35
93 82
64 116
37 9
134 22
20 10
68 130
128 101
91 43
108 136
55 96
83 31
25 123
25 43
17 8
25 54
96 60
65 122
145 10
56 109
35 69
112 66
61 103
48 68
41 21
102 140
75 127
92 133
61 90
45 1
100 36
117 113
53 13
21 35
144 148
94 33
99 62
33 91
45 5
60 140
121 145
9 144
126 50
111 53
107 30
83 140
115 80
130 15
90 23
118 51
13 51
134 53
26 118
137 66
22 0
30 147
54 50
49 57
50 24
45 58
81 66
143 53
43 94
33 85
127 92
8 51
29 52
80 76
110 54
35 49
18 24
125 105
117 12
46 139
72 135
38 10
77 60
62 105
134 92
64 45
24 98
105 120
33 29
13 96
53 71
123 65
2 48
111 4
35 134
77 3
58 104
22 83
127 96
134 91
76 28
63 2
129 105
132 90
47 139
49 90
113 117
103 22
116 104
14 48
29 135
49 95
39 32
104 16
23 20
69 60
53 17
25 64
24 104
70 13
104 69
26 4
102 19
95 145
140 35
145 64
15 48
17 112
37 143
134 63
93 7
72 148
107 60
120 109
91 105
64 42
148 99
29 16
20 110
98 12
1 80
38 7
114 16
120 43
145 2
126 86
44 114
54 47
122 2
0 36
38 10
26 27
68 90
89 83
21 39
29 17
32 67
5 85
24 11
72 135
33 88
119 37
7 122
115 102
134 111
45 127
20 134
0 126
8 107
94 142
7 62
111 35
66 14
34 3
102 69
61 3
31 112
73 61
137 109
61 108
115 14
58 19
82 15
44 108
28 62
137 63
12 8
101 10
102 18
53 12
130 77
84 113
131 66
128 35
125 141
16 46
55 84
30 76
11 125
132 60
14 20
96 104
58 136
98 131
19 104
121 88
125 96
43 20
132 116
84 104
0 111
4 83
143 0
41 91
42 21
84 77
130 100
149 60
32 9
107 93
90 138
96 107
111 3
109 96
130 84
89 106
54 45
40 100
57 24
122 96
131 62
74 18
92 85
76 91
45 70
27 128
131 120
129 110
33 3
105 93
113 122
136 145
50 32
47 16
78 96
70 24
13 75
28 4
68 41
21 74
25 80
114 39
56 18
1 94
61 25
126 136
130 112
45 14
58 145
51 44
35 139
36 138
100 18
133 51
76 0
72 78
119 79
91 149
13 36
105 22
24 148
109 125
106 101
133 22
8 120
39 136
85 51
94 21
79 61
82 18
12 50
52 98
127 109
91 26
68 8
11 66
4 37
133 130
74 110
40 73
29 10
37 30
76 123
140 78
1 18
82 45
118 114
3 127
37 43
138 49
99 11
19 59
3 107
58 128
77 87
86 68
92 37
121 79
20 24
141 132
46 95
43 22
104 15
130 8
141 144
80 142
55 80
96 127
22 28
17 136
138 100
34 122
71 44
132 22
32 59
29 3
0 79
139 138
86 58
62 56
71 139
81 41
28 137
130 101
59 96
108 143
69 132
85 14
124 76
85 114
24 71
129 14
124 71
144 28
86 65
16 99
143 51
30 55
146 31
122 122
96 35
113 48
9 88
1 128
90 19
99 0
136 135
93 31
75 127
131 83
18 97
30 149
77 115
135 23
53 64
75 10
113 67
47 74
5 50
49 40
126 28
33 24
30 102
135 53
7 41
71 27
78 53
85 105
68 108
80 35
51 21
26 136
42 78
95 101
24 73
82 57
119 33
28 110
83 8
126 5
55 9
12 33
79 144
119 26
127 10
96 53
6 93
31 126
133 68
32 104
95 65
97 113
95 18
23 75
51 101
113 54
31 105
142 126
56 25
138 75
48 57
20 49
51 134
60 41
43 77
75 108
11 51
19 122
82 85
25 79
117 13
128 15
91 143
23 149
70 132
118 102
27 35
97 26
129 63
118 42
146 120
34 112
65 71
139 85
2 11
60 131
139 7
41 121
133 70
127 75
73 1
31 103
55 2
40 105
97 75
17 118
22 90
93 49
109 55
109 105
88 26
135 87
125 93
107 133
64 8
46 146
82 107
77 93
129 32
105 61
6 103
105 149
57 45
134 23
88 67
59 88
118 131
132 38
86 10
123 115
51 115
124 31
100 112
135 145
87 4
123 82
16 52
125 17
60 145
43 32
51 96
1 84
111 99
119 107
24 62
45 55
32 139
33 123
102 11
38 148
75 15
76 40
122 139
71 90
128 95
66 105
137 39
112 95
111 17
121 16
19 135
95 17
124 35
69 70
75 101
57 132
130 72
82 32
20 58
97 103
57 30
27 133
115 17
87 55
83 61
109 94
10 107
114 38
57 83
107 41
14 57
145 33
93 18
136 25
73 33
47 108
112 73
97 92
8 72
74 60
57 143
73 61
122 119
131 124
65 1
35 126
87 63
12 126
72 120
79 98
65 34
130 74
148 86
24 39
112 44
59 119
135 2
102 136
116 100
12 16
121 87
113 131
36 131
59 64
15 91
56 68
2 76
30 18
133 39
107 13
147 132
116 117
137 1
25 148
109 110
127 82
90 142
66 104
109 36
72 131
0 52
68 97
60 118
74 130
128 93
108 97
74 109
5 73
140 103
55 139
57 94
36 110
46 117
86 63
51 18
146 79
55 120
123 133
19 112
34 50
130 75
29 109
130 10
110 121
78 72
24 88
86 31
63 50
130 96
75 34
72 10
139 131
47 130
53 142
14 17
87 18
130 109
107 31
112 37
34 51
67 140
0 105
145 117
58 120
141 31
139 109
33 5
78 68
48 5
142 51
133 110
54 14
78 132
48 74
148 17
48 108
77 9
48 108
49 76
0 48
74 47
84 2
65 89
122 123
28 41
10 0
116 44
91 4
117 109
79 147
105 23
118 56
3 111
130 22
3 99
46 46
22 94
26 7
80 127
39 119
56 128
38 101
26 144
145 21
31 53
141 112
14 4
122 86
39 137
59 42
109 57
34 41
12 82
148 127
143 110
4 133
59 79
25 144
100 133
140 90
86 137
66 104
19 118
93 58
129 121
35 149
99 137
107 91
42 3
64 40
96 92
69 136
122 15
108 106
149 80
130 56
104 48
67 92
14 33
87 43
88 121
108 2
84 122
42 102
65 86
123 114
57 48
102 83
11 88
142 130
81 78
0 107
100 11
120 81
52 93
94 0
104 56
114 48
90 37
147 103
55 122
52 95
22 63
9 40
19 30
133 28
53 66
82 68
54 58
145 87
43 45
105 41
49 20
77 31
2 90
67 78
3 111
97 95
148 2
46 11
38 33
88 35
13 93
127 38
109 53
1 148
115 19
6 5
31 6
73 67
115 37
2 116
80 101
140 108
53 99
125 141
32 82
94 147
62 35
37 128
119 136
145 59
33 82
74 86
22 44
81 99
24 92
2 6
14 64
57 86
92 22
51 87
24 79
10 121
69 142
112 147
115 54
67 20
119 40
77 70
86 39
83 26
96 6
16 71
48 0
76 49
58 7
75 31
132 124
76 14
133 36
98 144
61 117
89 74
125 11
82 135
104 38
34 143
40 47
81 34
47 46
1 102
45 103
28 78
113 111
97 60
105 33
96 6
53 73
74 65
92 2
16 117
143 142
94 48
125 49
113 134
28 132
97 6
40 71
18 133
148 114
135 93
107 143
35 89
73 142
98 111
41 85
42 90
95 143
14 31
22 133
42 51
103 57
71 124
23 121
133 90
79 65
66 121
85 34
28 48
133 1
94 71
34 30
137 90
88 80
50 14
91 10
61 28
91 117
16 37
3 41
25 64
24 42
53 13
12 23
48 9
10 61
106 52
114 109
7 65
63 55
116 100
78 131
116 41
44 128
127 18
52 149
142 48
137 0
67 81
149 106
18 124
138 86
40 24
123 145
118 65
133 114
121 140
73 36
47 31
8 65
142 22
107 133
115 18
97 105
48 130
135 101
74 90
130 141
45 18
34 33
122 50
23 118
88 37
52 108
140 6
54 115
134 137
1 134
69 122
81 138
46 109
53 55
69 88
39 30
84 68
49 41
81 103
106 56
0 107
132 124
77 38
121 82
123 14
137 39
139 58
109 47
60 101
127 109
68 79
137 37
98 16
115 41
21 136
33 125
13 144
143 141
118 104
57 29
117 50
6 1
49 80
88 139
69 84
138 47
54 101
102 2
133 90
69 137
16 135
136 29
145 81
91 113
103 69
50 61
77 126
41 65
105 43
138 142
47 11
123 60
130 142
138 108
102 110
61 11
112 46
140 142
119 21
25 137
73 96
130 35
42 85
119 28
50 50
17 79
45 29
56 147
99 106
33 148
37 16
87 24
43 34
139 52
58 5
149 137
44 47
39 102
116 43
30 56
40 22
97 105
121 130
66 3
11 134
65 42
14 49
26 63
5 114
34 8
122 137
118 11
44 54
4 71
41 21
136 33
144 28
31 27
114 12
105 56
41 91
40 132
14 19
138 34
31 123
17 110
130 77
143 2
56 126
68 81
97 66
126 142
24 38
112 4
56 57
100 113
29 144
112 17
68 106
1 75
7 73
41 75
27 57
114 148
124 81
66 119
90 16
34 149
118 90
111 99
10 142
2 64
144 78
109 111
22 122
0 96
136 83
80 149
116 63
122 120
124 56
50 113
37 27
18 54
4 70
135 18
113 24
139 101
44 3
11 82
136 98
138 74
129 130
44 124
33 74
123 66
41 27
80 125
63 100
29 56
87 44
90 53
81 69
23 84
76 65
84 93
104 46
58 109
133 56
41 142
27 37
90 100
86 47
12 77
127 98
135 120
37 20
117 131
1 133
40 63
39 126
18 88
130 131
84 1
49 76
140 4
54 51
99 49
68 51
14 91
55 74
90 9
39 37
83 117
133 58
19 70
66 124
92 0
72 107
35 51
140 146
85 108
121 0
14 93
27 34
86 103
43 5
56 108
142 125
37 92
108 92
110 136
0 5
144 112
123 97
50 48
75 72
84 143
77 145
36 21
25 25
64 69
60 67
37 138
129 128
146 35
55 40
128 9
3 19
72 81
45 2
31 134
37 29
122 45
88 63
125 13
138 83
100 57
112 88
14 9
48 22
55 62
41 52
71 134
20 4
76 109
50 60
69 7
34 105
21 70
22 51
13 139
28 92
33 30
73 139
66 127
109 101
94 15
129 69
33 43
114 122
144 118
84 12
144 142
68 120
136 136
36 67
146 46
132 71
128 105
7 88
68 115
0 84
48 115
93 140
23 9
52 72
41 9
75 54
89 130
106 100
146 132
26 133
33 73
93 70
96 139
121 25
10 128
142 80
60 108
16 116
111 91
22 76
91 81
147 104
75 101
39 23
28 78
36 70
66 10
13 124
49 64
29 119
69 139
53 78
101 103
23 7
7 144
8 36
71 109
86 13
7 24
115 19
118 101
72 135
70 17
117 35
105 55
129 0
82 118
140 69
10 74
93 52
132 19
53 69
30 88
124 44
82 2
116 73
18 29
80 51
35 144
9 83
46 77
36 109
100 1
113 108
13 81
134 10
112 108
119 50
3 29
105 110
122 117
44 99
132 111
123 3
112 60
44 7
8 79
65 130
149 133
88 69
140 43
6 96
27 94
8 136
111 80
120 137
137 86
98 57
48 77
100 114
27 135
39 3
125 29
98 94
45 100
137 128
50 108
138 42
84 100
36 148
10 105
103 81
134 48
53 35
77 58
146 136
89 95
27 62
91 107
31 30
51 49
58 74
147 110
81 88
125 6
54 52
76 78
90 131
26 47
104 4
69 31
44 98
29 141
116 136
100 94
36 136
108 36
133 136
84 102
36 88
16 144
42 55
98 94
68 89
20 70
100 149
65 77
90 144
45 26
12 35
51 111
110 28
102 2
95 52
126 53
110 133
119 148
143 24
104 51
95 82
52 120
7 126
89 137
132 136
21 105
41 128
81 15
37 72
85 37
112 38
61 81
107 63
4 39
127 18
75 141
128 74
122 67
115 36
66 97
117 101
70 147
124 45
41 91
104 45
105 71
86 34
132 18
39 122
45 137
135 45
21 130
55 141
118 15
80 60
20 119
125 25
8 34
25 39
2 79
26 24
9 77
27 21
55 49
144 96
93 9
64 27
0 109
129 52
78 108
40 67
71 52
53 63
61 15
27 61
10 97
83 20
104 147
11 108
106 26
139 18
30 135
44 93
96 69
16 119
117 145
66 54
24 40
29 48
45 70
64 76
130 35
126 50
136 106
30 93
70 88
1 62
15 103
81 11
138 149
17 29
147 98
33 58
73 95
143 92
37 60
144 113
112 95
86 20
10 101
83 46
52 41
65 11
91 59
43 114
81 70
94 116
16 80
102 89
146 117
79 110
66 128
60 108
19 132
72 57
109 75
107 119
25 144
133 83
50 57
133 114
43 7
5 33
149 77
138 94
48 103
93 42
95 112
67 23
115 46
25 31
7 139
134 5
65 8
71 104
28 128
88 84
127 130
91 71
57 12
121 144
114 31
92 82
104 12
143 69
146 116
140 140
91 78
145 142
55 89
8 61
70 44
42 62
121 148
6 140
21 83
23 118
1 117
42 147
94 55
98 93
90 99
147 92
25 41
29 52
139 137
94 54
96 128
78 147
65 30
20 87
112 53
94 117
75 58
131 23
28 6
45 59
111 55
104 4
133 99
58 89
66 130
33 94
118 45
89 132
140 51
142 49
66 129
128 38
14 116
90 80
76 1
4 8
17 114
22 47
7 28
9 8
107 98
109 92
94 127
92 72
58 113
107 116
128 56
86 25
107 59
130 87
25 25
16 61
8 78
102 54
45 10
137 79
37 38
79 86
140 103
38 72
94 73
95 80
87 117
44 54
97 78
28 57
42 119
11 127
39 47
140 19
10 106
72 2
48 143
32 120
90 119
85 69
74 139
22 28
31 147
42 20
83 135
149 117
41 19
113 138
35 25
28 31
5 20
70 71
34 57
58 4
131 49
113 56
134 120
86 123
13 55
31 12
149 26
91 24
67 42
126 45
78 148
68 92
7 4
77 68
23 64
13 70
64 76
73 64
23 94
95 86
142 20
120 96
54 84
18 45
50 7
15 7
71 95
8 95
121 66
35 19
79 126
63 97
130 4
27 46
32 30
50 9
1 147
82 54
62 35
122 132
51 34
81 83
49 69
15 87
42 132
81 143
13 130
125 100
58 79
10 141
74 66
43 49
124 47
147 28
21 128
135 51
96 39
51 61
145 28
131 55
51 24
25 61
127 81
32 134
39 143
88 59
36 13
92 104
66 8
136 19
39 18
119 144
73 11
84 41
81 37
20 147
82 9
68 104
135 109
51 114
132 60
120 144
5 96
104 18
86 138
118 143
13 70
27 34
109 41
58 133
39 0
75 3
83 80
76 146
106 17
101 60
126 107
18 60
12 46
101 37
126 95
31 8
125 140
30 137
67 111
127 11
109 58
65 30
133 98
88 124
63 3
13 83
58 110
38 127
135 32
102 148
146 102
5 90
125 114
33 135
61 137
92 52
22 49
105 81
54 86
99 87
80 59
39 50
129 46
54 27
95 47
97 53
24 118
108 78
21 128
90 29
71 94
41 119
148 134
2 125
88 1
148 2
35 106
44 118
3 47
98 107
5 131
58 73
24 74
33 113
77 85
72 14
133 97
17 17
131 24
86 120
129 105
81 142
59 101
109 108
64 90
106 27
123 64
90 49
96 121
85 5
22 78
139 51
46 2
97 136
49 50
117 124
131 143
128 64
130 137
39 34
19 90
8 9
4 38
85 18
67 31
25 126
68 143
114 62
114 148
88 73
97 65
125 66
46 50
72 39
125 73
77 134
50 130
112 57
23 129
143 111
85 6
107 63
145 28
42 51
38 26
90 43
126 107
109 101
21 43
40 70
47 8
104 87
41 14
37 26
93 37
19 26
50 128
111 148
54 146
51 77
66 96
19 118
122 115
52 110
140 106
6 125
65 67
2 140
102 0
99 72
25 19
105 45
108 29
92 41
116 71
42 60
49 102
110 130
52 65
13 104
75 99
96 38
144 101
121 7
40 16
15 20
102 147
129 35
23 61
98 72
40 18
58 119
148 117
5 134
24 41
145 105
63 12
101 39
9 113
71 95
27 42
106 15
147 97
9 137
44 47
3 111
101 63
61 54
127 58
37 88
6 65
20 71
106 1
120 35
105 54
129 51
56 130
121 78
65 10
93 91
63 92
149 148
131 101
119 76
14 137
60 135
81 28
116 0
4 71
123 88
16 58
137 124
40 117
36 43
136 26
32 114
59 120
94 72
100 93
77 84
139 104
62 144
13 122
129 5
38 104
102 111
27 45
17 57
2 111
56 144
115 24
96 92
146 58
55 25
22 8
10 77
106 2
139 76
64 4
133 81
4 129
71 3
146 58
32 82
30 11
96 53
3 116
116 83
131 53
109 8
51 18
36 130
126 24
57 90
148 144
60 67
111 118
83 34
35 60
19 118
26 22
11 85
28 138
40 94
147 99
143 132
98 104
141 44
34 58
122 34
104 145
102 3
122 42
79 82
121 80
3 119
47 52
116 30
72 25
87 61
23 34
98 57
37 6
71 74
57 111
46 57
55 140
124 59
138 113
72 7
38 108
1 75
137 74
83 114
48 75
67 5
18 86
28 119
125 21
46 107
62 20
134 57
71 103
135 95
125 132
137 43
107 74
129 83
57 49
49 34
101 92
61 92
60 48
116 124
15 145
131 84
2 33
108 107
112 65
36 31
39 61
79 34
62 73
140 66
31 103
17 9
58 83
108 45
134 79
18 9
86 118
40 129
120 133
74 11
115 20
6 57
142 0
139 119
121 50
97 103
135 21
50 98
131 33
24 52
80 15
95 121
31 83
76 104
82 40
37 90
16 38
27 35
59 52
142 77
80 103
118 127
0 124
71 20
147 104
65 7
34 12
48 7
31 38
48 68
112 5
66 69
95 135
94 33
142 46
78 121
135 124
102 42
54 10
74 109
141 129
78 1
69 68
78 27
0 25
69 2
60 140
27 59
133 107
82 7
127 45
102 81
25 109
74 106
87 2
18 75
66 71
149 66
141 14
70 12
79 92
17 105
149 52
123 43
97 1
120 132
50 117
121 13
77 75
96 7
89 18
131 79
46 116
124 10
21 67
112 147
32 37
144 10
132 66
13 147
75 85
32 56
101 85
103 110
60 74
106 68
99 69
142 47
24 79
64 90
80 8
89 48
73 0
143 20
18 85
33 54
18 118
107 50
72 18
20 28
147 40
39 85
8 57
139 143
144 106
52 5
59 14
9 27
22 36
72 94
21 59
40 46
7 6
63 6
10 82
50 43
4 111
145 10
24 4
43 31
42 129
122 60
37 81
57 99
28 19
106 121
40 72
147 16
126 78
118 21
85 107
35 53
111 89
9 60
6 50
98 57
139 124
70 82
19 29
57 8
134 125
2 121
16 129
71 147
6 115
83 65
70 22
73 83
122 62
23 42
42 64
89 35
116 43
47 132
63 108
142 101
140 134
141 2
115 47
124 81
144 29
47 25
103 26
136 45
78 119
10 37
135 1
67 126
130 139
68 16
19 119
60 141
45 82
74 136
51 79
145 26
146 119
127 87
137 33
106 73
68 13
85 94
92 30
28 147
149 132
92 57
64 44
60 5
19 13
17 64
120 82
55 56
14 134
47 127
110 109
112 45
82 20
133 142
21 113
94 104
121 8
84 101
17 67
111 52
74 52
135 101
21 55
61 132
8 52
135 129
149 84
130 34
39 84
124 18
120 84
51 9
137 72
116 65
99 0
132 59
7 74
59 135
117 125
26 87
64 77
72 70
22 53
11 45
107 63
25 31
22 149
39 42
139 76
36 35
143 104
94 56
121 98
52 90
85 56
10 15
132 143
138 93
34 65
116 41
26 39
35 45
61 101
73 71
41 32
148 75
131 54
17 135
42 33
63 103
73 32
80 115
53 56
15 50
26 77
145 44
11 57
38 123
107 23
26 5
120 81
129 12
17 92
14 106
81 105
148 27
34 85
48 91
0 78
87 79
55 66
32 13
83 105
52 10
74 24
126 149
70 75
96 102
113 79
38 101
83 18
26 61
41 90
75 125
142 90
112 130
133 123
36 143
41 106
67 59
67 8
114 136
2 12
121 36
119 7
44 108
72 114
40 128
43 23
30 49
15 71
45 145
125 55
63 118
103 1
54 71
26 117
94 133
45 45
133 14
53 139
26 90
95 109
12 147
24 37
27 87
58 108
105 50
75 88
133 44
7 44
21 111
104 91
29 29
74 25
111 48
70 39
148 64
28 18
37 120
139 140
2 18
116 102
66 80
114 2
8 10
21 96
22 142
29 45
56 20
81 142
22 13
104 104
128 70
103 133
99 29
67 134
85 15
37 88
26 117
84 5
22 125
33 94
149 60
22 81
87 122
48 13
132 13
90 33
138 2
130 102
0 105
0 91
139 92
59 0
79 10
97 117
3 122
99 59
123 120
42 47
116 96
125 142
109 114
8 87
112 77
131 118
69 20
9 140
80 20
53 42
89 7
107 16
59 119
138 123
77 107
6 68
127 132
53 15
3 137
124 148
62 37
142 5
73 126
21 143
139 143
121 56
8 62
61 34
62 22
101 52
121 58
110 48
10 112
15 45
130 35
24 34
33 75
48 26
137 2
92 108
125 147
31 45
16 49
112 11
5 79
16 148
94 10
75 115
68 116
7 44
93 100
18 3
16 127
47 70
6 29
145 21
99 50
60 138
66 53
34 134
126 144
116 53
112 63
123 35
8 45
23 53
143 0
102 37
11 49
118 104
14 14
2 97
73 87
23 135
33 10
115 89
46 111
73 18
110 90
145 132
40 26
48 149
100 100
136 2
117 120
18 38
45 117
16 58
37 136
146 92
132 72
97 24
51 119
147 49
113 121
136 98
92 20
85 127
82 32
146 27
91 102
63 77
108 115
18 28
125 134
60 86
110 11
81 55
96 134
48 68
83 97
0 53
90 134
45 11
43 66
143 1
95 103
141 89
67 44
126 141
126 137
147 122
36 143
61 93
108 37
102 12
14 16
93 60
81 75
5 123
42 44
26 13
25 143
42 120
126 138
76 35
2 111
128 3
112 58
37 22
95 102
54 23
96 94
124 118
33 112
135 136
103 0
47 54
37 44
131 97
12 124
20 53
44 109
118 132
65 70
17 107
144 139
109 131
53 8
121 85
76 58
52 38
61 19
52 24
2 24
66 142
69 83
148 42
56 2
63 144
118 73
18 20
47 137
59 120
137 104
53 128
43 4
8 85
128 27
117 50
91 141
119 71
117 142
17 39
101 117
16 14
73 26
129 37
57 96
134 22
141 32
134 72
13 138
142 106
14 84
60 110
95 41
123 2
72 76
8 122
63 147
126 115
28 79
49 94
85 140
91 118
32 72
137 54
116 56
49 79
17 142
47 44
29 70
25 82
14 36
101 79
98 144
50 115
18 25
142 94
40 113
40 18
6 121
3 136
139 23
117 77
20 86
32 136
3 49
61 54
52 133
81 44
75 149
62 149
80 40
76 148
124 49
21 88
22 124
29 53
31 0
137 53
143 47
3 73
125 71
100 71
49 90
77 83
138 53
37 145
53 55
24 90
130 62
85 37
123 73
95 120
37 101
0 74
85 36
49 68
111 49
0 46
41 95
67 114
119 145
25 109
120 81
4 57
101 24
74 100
40 42
104 2
112 70
10 126
106 115
58 79
128 102
34 74
16 46
21 139
26 106
140 106
104 130
122 40
56 105
12 105
112 69
35 78
121 64
20 23
93 76
88 144
12 149
95 9
130 76
80 134
10 138
82 144
117 5
47 43
16 82
126 84
35 32
14 11
144 116
14 145
99 37
147 45
104 84
1 124
52 93
107 17
58 95
2 104
137 13
136 72
48 13
12 103
142 71
40 127
105 95
116 129
108 28
123 143
71 132
9 31
126 72
17 17
105 11
7 111
11 140
24 83
52 71
147 19
35 46
105 89
15 30
82 64
33 84
44 80
10 99
96 145
140 81
38 80
64 86
91 128
27 57
116 75
143 29
127 76
86 131
135 4
103 32
86 94
63 67
130 44
45 78
101 124
53 138
61 96
143 99
39 148
34 147
149 144
28 73
62 128
121 127
60 70
112 127
100 8
1 84
14 136
15 140
31 131
138 66
66 40
105 45
50 50
90 53
53 78
93 15
82 84
14 5
6 88
18 101
117 31
149 147
139 25
1 143
96 62
10 62
21 22
77 82
82 86
66 100
138 76
126 0
11 45
142 105
53 60
21 87
148 74
108 112
76 107
148 50
132 76
84 77
86 138
62 95
4 34
70 40
147 145
4 3
99 133
83 53
77 15
55 92
126 125
7 78
57 96
1 108
3 138
78 114
141 114
93 19
36 146
7 13
83 41
96 8
22 104
47 136
139 135
79 145
43 116
11 103
17 87
87 69
96 39
84 16
5 94
60 97
54 58
36 24
31 83
76 144
111 46
73 13
126 129
74 123
69 90
52 130
74 69
68 73
15 27
8 42
46 4
137 64
13 13
115 111
79 26
112 82
20 84
33 8
83 107
112 77
102 41
121 58
29 17
62 130
37 89
29 123
136 83
75 136
77 102
45 0
32 2
105 36
54 60
74 29
65 67
65 143
103 32
72 109
124 94
42 69
1 27
52 45
16 67
98 95
15 68
52 125
99 3
65 81
14 27
19 92
17 108
87 25
14 4
55 124
100 102
145 68
44 121
98 140
2 36
34 139
7 137
49 32
85 112
97 92
44 103
39 16
146 25
57 66
52 11
101 4
149 53
137 47
115 29
140 9
107 77
129 147
46 148
71 12
53 133
22 90
98 7
62 34
147 94
17 37
123 133
31 19
134 56
68 3
69 135
73 123
115 3
73 136
76 103
148 59
110 34
113 121
49 141
40 139
48 4
76 110
19 106
50 65
85 68
47 73
37 1
66 144
59 84
36 149
15 35
108 54
102 11
134 96
136 115
81 123
142 67
146 149
146 75
127 55
53 120
46 51
86 61
44 55
148 126
90 35
96 113
72 15
102 81
81 108
35 138
76 77
87 111
5 100
52 144
88 98
78 69
66 17
44 109
16 149
40 21
19 149
19 20
136 126
41 43
88 138
113 53
28 120
6 54
76 115
130 54
85 42
138 94
6 114
16 139
81 45
136 67
87 1
50 91
20 21
146 41
108 148
35 16
100 117
35 34
38 26
64 91
126 103
54 31
35 22
67 103
56 141
47 132
64 147
65 25
0 132
142 104
1 18
40 110
18 37
77 88
107 147
19 88
133 17
31 71
14 148
147 59
132 26
77 63
36 41
79 84
134 103
43 48
5 138
25 62
85 115
121 108
68 144
52 78
111 96
119 94
56 78
70 93
122 121
102 74
141 118
144 83
9 68
29 118
84 71
10 143
124 56
42 127
73 36
71 121
20 137
149 81
3 64
25 58
127 17
42 42
56 128
38 27
77 55
5 29
68 10
104 115
72 47
7 24
52 68
4 20
121 125
100 37
4 147
56 103
76 141
72 59
21 40
43 129
133 100
5 119
3 87
32 89
47 107
87 42
2 48
97 13
4 37
124 92
8 19
138 77
14 64
106 144
42 107
72 32
9 9
130 134
20 50
137 47
105 51
70 69
40 114
17 39
146 143
21 56
49 38
61 138
12 110
36 60
121 26
53 26
123 5
82 111
83 43
50 57
83 27
60 13
84 63
69 30
130 55
51 30
97 30
130 90
81 126
48 7
33 97
137 75
4 76
18 66
84 5
93 39
76 49
105 83
146 31
101 20
21 84
49 94
89 127
120 34
84 50
131 145
4 41
14 110
48 95
58 127
38 6
131 45
44 21
46 31
69 107
37 127
96 121
134 96
94 81
114 126
116 146
112 113
92 92
23 11
34 90
47 80
41 140
125 90
33 135
24 34
59 135
56 62
12 83
124 5
50 136
14 131
79 136
95 16
12 105
2 29
58 128
87 81
127 97
35 88
55 46
86 13
83 120
25 20
41 96
131 38
147 90
89 145
106 91
130 126
43 145
59 130
0 60
66 95
42 125
120 119
126 143
94 12
47 104
49 103
19 10
100 95
49 63
52 17
76 120
109 94
139 147
6 86
137 38
89 52
97 137
135 34
7 44
11 3
42 16
32 112
27 9
11 23
44 130
74 25
23 10
118 125
113 94
97 56
68 5
121 38
147 16
26 64
49 148
100 100
79 38
131 36
42 43
84 27
111 139
60 65
140 87
27 128
82 94
61 52
87 122
96 86
78 128
58 93
123 76
0 123
112 139
44 148
118 98
125 60
7 8
17 49
85 134
78 134
80 121
2 143
114 43
103 136
1 82
29 127
54 147
51 115
89 115
93 76
16 60
55 79
46 7
3 11
37 27
12 125
91 121
68 15
111 71
137 56
1 0
125 26
134 133
138 109
31 104
137 48
133 111
51 111
24 8
12 148
61 62
106 71
33 144
4 111
115 37
102 3
141 121
95 84
95 95
121 27
115 129
105 36
78 112
88 108
112 49
93 7
70 96
27 103
71 4
69 103
80 46
73 62
120 99
62 31
133 63
138 0
82 43
110 14
113 144
0 147
40 10
46 82
51 55
65 146
17 96
14 25
106 98
87 84
112 53
133 34
127 122
34 32
140 39
23 111
89 149
115 121
60 95
118 25
6 80
96 83
54 29
12 119
75 66
69 92
39 63
33 67
92 89
110 142
35 78
6 149
94 73
37 126
72 108
73 126
31 18
11 146
115 25
102 100
24 50
37 137
124 86
3 25
20 97
98 78
135 49
28 42
120 140
81 84
102 123
67 38
60 8
99 10
17 75
108 43
131 12
73 64
104 1
135 124
21 47
42 136
47 22
91 110
122 56
8 0
20 12
12 40
127 27
103 49
21 47
20 96
80 85
6 134
68 47
49 104
40 131
95 122
69 68
96 68
36 121
112 104
31 19
84 104
35 139
91 71
42 52
110 47
74 51
75 65
18 43
83 131
135 50
130 53
8 87
49 98
59 89
27 37
41 74
80 72
40 47
130 13
41 53
89 86
89 127
95 107
1 18
13 59
57 141
104 54
77 51
43 99
10 95
46 44
68 54
142 48
116 4
89 38
112 45
17 25
131 30
83 79
81 66
54 70
55 4
51 31
140 74
114 7
65 100
13 68
20 92
103 76
115 8
37 66
17 23
3 106
100 90
112 47
86 77
97 74
28 103
96 26
104 89
51 27
99 86
84 71
61 86
58 73
56 48
125 50
128 135
4 41
22 147
101 106
129 43
96 130
71 49
140 82
44 19
75 52
143 5
134 81
57 38
126 12
5 145
81 1
134 59
35 32
145 77
50 134
30 37
0 1
3 113
59 81
107 129
149 149
59 23
116 11
18 21
69 39
106 111
49 109
57 69
94 97
89 26
139 28
0 124
57 91
110 114
37 1
50 75
23 62
59 140
113 117
14 14
78 99
120 146
17 20
35 87
138 91
12 107
108 114
97 45
28 106
129 125
58 51
90 24
101 93
129 101
29 21
41 37
72 118
85 146
13 123
53 27
72 40
58 7
28 137
71 89
117 8
20 15
135 105
145 101
97 138
68 83
129 113
135 26
28 28
52 87
73 21
41 131
141 0
33 101
25 97
147 42
137 25
111 78
115 14
92 7
87 44
13 25
132 57
25 124
33 66
62 105
54 8
43 38
93 13
148 74
87 108
111 8
51 45
68 3
24 51
43 48
101 81
145 128
64 86
55 26
61 39
9 20
125 74
3 88
133 104
61 5
50 117
10 8
76 15
51 134
107 28
139 123
141 148
138 5
88 127
99 114
16 33
140 115
27 54
136 134
80 141
31 113
16 118
43 47
25 56
41 39
7 75
57 6
127 114
99 8
131 93
17 76
48 126
10 5
115 121
144 65
95 48
128 146
12 65
1 124
74 26
128 24
7 82
24 74
18 132
76 0
120 10
80 6
122 88
63 104
100 3
23 83
66 131
91 57
119 111
113 84
63 34
134 14
23 78
42 80
6 84
26 131
123 141
57 73
95 64
73 63
100 113
53 51
110 18
68 84
10 21
86 2
131 76
145 77
55 1
134 5
98 51
30 62
84 89
103 73
46 94
58 82
50 63
26 140
68 126
135 54
28 100
79 86
21 127
91 132
137 113
63 63
114 10
2 145
51 148
45 27
82 17
48 100
95 119
40 113
92 24
100 149
48 27
125 11
72 42
14 108
81 110
136 143
67 52
38 80
17 92
107 123
27 128
102 83
71 10
76 20
91 74
148 105
101 108
63 82
35 46
137 145
66 101
136 142
42 22
55 28
110 1
138 7
87 65
50 118
104 73
16 93
121 14
9 115
78 24
92 92
41 96
46 3
61 111
106 84
11 126
31 120
70 135
53 144
7 14
127 43
67 88
108 3
32 45
0 90
115 27
10 82
64 47
98 48
70 54
118 49
69 13
86 21
132 77
72 0
137 55
3 16
59 100
42 95
57 101
32 134
24 2
142 57
36 129
47 127
80 47
142 43
0 1
88 57
64 113
21 139
115 50
51 85
83 4
3 133
141 141
54 70
20 6
26 40
148 141
83 94
8 148
148 84
32 54
12 69
112 110
61 51
142 6
103 68
43 31
37 116
136 129
114 90
71 14
22 94
140 35
54 144
146 119
141 97
70 105
46 90
59 135
98 20
65 13
100 1
40 124
60 119
125 125
68 64
94 22
48 50
112 145
98 142
37 110
16 124
67 77
82 4
117 101
56 121
97 108
59 65
63 33
87 146
86 66
83 31
53 7
7 43
20 75
123 129
67 133
62 118
38 68
106 79
12 102
126 45
58 137
135 148
38 62
85 66
21 5
95 55
91 98
67 77
59 10
89 68
98 50
123 129
144 80
53 104
40 1
51 44
51 99
106 58
112 133
73 23
35 59
73 20
54 41
40 131
79 61
132 22
88 99
89 9
139 117
125 102
59 55
46 109
95 149
91 117
36 106
44 112
130 33
125 127
143 41
136 78
32 149
122 119
121 26
81 27
100 122
75 23
140 133
97 36
114 9
74 149
86 79
72 124
31 91
38 9
130 64
93 42
72 55
6 89
132 106
50 109
77 117
77 85
141 148
73 17
112 27
73 17
62 45
56 129
78 45
30 109
104 46
125 8
42 131
29 100
52 86
67 143
53 46
100 0
83 93
40 135
4 13
8 21
145 141
85 82
140 61
104 126
64 24
79 10
32 71
40 127
79 116
112 138
67 29
115 124
111 71
48 88
51 90
61 13
112 86
108 114
30 33
110 17
83 120
4 74
52 102
137 112
24 108
31 57
120 12
136 24
1 87
45 98
147 62
123 47
123 140
20 114
93 116
100 69
54 137
134 92
38 32
143 118
37 37
0 1
13 25
29 92
80 112
136 100
118 49
29 134
94 76
95 13
49 66
4 138
15 134
2 46
99 85
149 49
92 48
133 4
50 46
135 94
114 132
106 93
59 1
78 33
1 74
50 75
99 16
106 10
115 149
44 11
21 45
101 129
15 102
25 147
58 59
11 138
104 105
136 90
31 44
23 148
148 66
75 90
21 98
145 34
91 138
75 22
107 12
111 20
82 133
28 83
145 64
84 37
139 56
9 57
19 108
10 115
100 145
39 116
129 130
118 62
130 50
45 125
131 1
145 107
90 102
126 48
56 85
29 23
74 53
92 119
127 111
140 60
70 4
124 92
89 127
86 95
52 8
127 94
17 68
11 5
2 44
48 21
122 16
81 71
8 32
146 14
98 40
86 12
1 35
10 14
105 87
64 12
25 117
102 149
46 54
96 50
89 3
95 126
133 0
136 115
29 75
101 80
139 149
100 42
55 2
49 124
85 107
103 37
68 1
141 32
79 101
60 137
65 124
144 11
76 19
85 58
27 59
28 94
60 129
20 6
72 85
128 142
133 111
104 138
47 1
53 30
11 9
15 39
140 66
82 38
97 27
120 5
97 48
31 64
56 10
74 2
35 39
35 120
39 30
82 117
42 27
133 145
120 127
128 46
0 44
132 45
72 116
116 48
79 27
80 19
133 42
0 41
33 111
51 112
9 12
85 41
76 129
23 22
63 48
24 40
110 75
131 88
93 38
102 110
39 55
21 60
130 146
59 66
7 54
100 11
48 47
6 48
81 79
73 132
58 148
117 93
67 98
114 130
115 56
118 41
29 109
72 133
30 109
50 74
139 10
90 40
138 114
124 44
122 132
91 98
117 83
78 44
124 90
54 141
95 107
33 45
110 111
25 24
116 90
40 50
84 27
135 6
54 115
14 144
142 47
38 11
17 140
20 38
135 72
70 9
117 57
141 34
121 12
97 38
18 137
71 137
36 14
83 108
25 113
81 68
13 67
102 111
3 24
139 102
20 111
133 93
74 63
122 115
55 86
43 19
126 103
89 77
122 141
15 74
96 94
95 51
116 2
122 44
50 76
11 149
9 93
42 2
24 114
60 138
124 109
75 87
60 85
31 73
55 65
39 53
148 20
121 42
48 62
144 81
97 67
111 74
52 18
4 66
108 10
85 136
120 54
62 118
5 90
79 29
83 37
20 131
148 20
2 29
6 124
113 87
83 109
119 112
111 142
91 104
84 95
64 50
79 115
113 144
130 50
66 118
65 86
110 96
101 109
127 103
16 31
86 39
88 66
45 81
120 147
52 0
123 51
113 128
35 56
8 5
47 136
3 81
47 13
146 99
94 84
55 101
22 0
49 67
23 111
32 45
89 32
28 90
4 42
75 91
1 30
122 143
100 90
62 145
13 140
1 87
99 111
75 60
2 27
76 140
112 138
87 101
105 54
8 18
117 86
113 102
97 49
144 124
28 73
85 85
10 85
138 98
119 145
128 102
110 24
134 136
2 47
95 25
48 23
65 100
109 74
14 126
146 1
63 5
98 137
38 2
18 59
41 77
106 103
19 11
26 53
89 54
2 100
30 43
4 84
33 35
63 127
90 42
68 44
130 33
68 75
99 147
8 51
53 113
1 128
124 120
14 80
81 119
93 89
100 24
18 74
37 112
139 89
59 135
96 29
105 7
118 26
38 79
94 135
17 41
72 56
87 22
8 126
60 85
127 140
72 142
17 47
32 27
139 46
134 136
98 108
97 122
14 149
120 84
30 49
92 14
24 118
48 60
145 148
3 122
87 101
93 99
118 86
59 15
14 78
121 53
56 25
27 117
112 113
80 101
32 70
27 56
59 68
121 36
41 4
145 13
87 94
115 48
105 98
139 61
97 121
46 96
40 118
139 134
13 51
80 4
136 48
38 8
4 8
17 18
71 131
40 104
87 96
34 44
26 62
147 94
119 100
68 90
129 78
110 77
65 131
128 23
5 14
99 52
23 72
94 39
111 57
27 91
122 70
59 20
15 139
55 117
149 91
140 117
140 45
98 117
116 113
86 149
87 8
18 84
37 54
69 30
58 113
45 86
78 72
39 142
123 147
133 58
52 83
142 135
4 59
22 137
94 138
143 75
1 128
36 139
96 62
120 131
125 69
57 112
32 58
34 12
140 80
18 32
16 103
114 103
92 38
59 111
47 78
86 23
145 127
66 62
12 83
136 135
84 3
0 100
84 67
58 135
23 118
87 60
11 138
60 132
77 52
8 5
45 145
26 98
53 145
111 126
123 103
142 105
47 79
8 50
100 141
70 122
93 69
23 52
118 55
136 75
11 65
33 98
29 118
104 116
37 138
42 94
18 120
119 146
44 26
20 137
75 98
31 123
51 15
103 77
128 142
15 16
72 139
53 31
9 44
60 97
7 115
7 20
64 81
68 52
6 69
2 64
112 105
145 108
47 7
52 10
101 47
61 2
22 20
61 36
8 131
140 60
40 143
37 5
125 84
108 5
107 120
56 7
82 1
105 91
77 76
76 53
52 103
15 46
83 148
24 56
104 105
38 18
42 28
19 118
95 84
137 13
94 14
67 108
88 145
65 34
36 96
79 18
96 82
142 95
75 133
138 81
111 27
45 61
71 141
135 140
71 146
33 138
97 16
67 79
97 141
15 35
68 92
29 132
148 129
76 12
101 21
130 71
88 124
127 16
116 140
76 103
3 107
109 146
149 40
63 36
147 112
111 69
24 146
92 78
143 95
106 20
31 76
94 41
143 7
97 123
141 119
76 23
147 129
39 48
126 6
120 60
75 103
78 95
109 103
37 37
56 61
30 40
94 2
72 95
78 129
5 65
5 93
119 121
110 31
51 2
52 138
26 78
136 5
53 74
38 148
89 79
81 104
22 82
53 58
0 142
102 87
68 79
78 58
87 129
98 94
89 122
43 87
110 48
114 119
46 102
89 109
120 33
48 108
98 70
133 58
43 89
110 131
73 46
141 144
65 53
41 38
148 14
107 55
28 14
76 144
129 15
131 1
38 130
100 106
66 108
91 140
14 62
77 87
7 61
23 57
6 146
147 148
107 92
110 112
84 5
75 73
78 144
28 93
33 38
53 13
50 41
79 107
139 110
131 75
0 138
115 32
14 148
102 10
99 118
64 135
103 55
23 90
129 141
106 97
51 19
65 30
53 140
107 41
94 15
91 89
21 126
6 112
4 114
139 83
138 11
86 101
129 105
113 15
71 70
6 116
41 112
57 143
111 3
25 72
144 98
57 21
31 60
60 101
126 112
99 94
114 33
94 32
109 43
114 15
47 59
136 134
125 15
107 45
93 74
144 52
121 105
99 22
143 114
36 117
99 64
29 93
81 70
115 141
123 52
132 81
59 20
109 84
123 90
54 145
27 45
133 115
61 112
56 124
34 107
138 76
46 43
16 59
129 64
59 11
22 111
55 50
29 92
49 116
103 27
0 29
51 129
91 73
22 68
138 8
134 67
24 67
114 107
22 75
92 53
147 31
47 77
69 117
32 11
114 147
13 0
49 2
16 42
10 19
70 83
94 28
128 81
73 29
38 105
88 52
73 96
41 109
73 4
91 59
142 8
126 43
90 35
62 75
96 18
10 70
114 73
73 135
110 103
41 93
114 41
52 26
109 149
24 15
52 52
12 114
113 16
121 123
135 144
16 114
112 57
122 92
125 35
13 131
67 134
3 59
138 71
29 145
121 141
98 100
28 13
145 10
126 132
79 144
122 30
13 121
124 107
144 27
51 13
123 130
56 135
63 144
100 36
70 85
104 140
96 62
22 112
105 106
7 100
15 133
104 118
126 86
58 107
141 35
89 104
77 111
48 69
32 14
129 21
88 126
50 72
33 67
131 136
129 64
86 8
73 47
78 63
36 102
75 82
126 61
147 112
70 120
36 109
5 13
12 10
130 51
78 87
38 86
93 39
10 2
51 108
79 129
93 47
69 50
103 121
53 73
55 35
36 54
67 120
54 68
79 134
53 9
131 66
110 52
19 48
51 121
14 140
72 112
146 14
30 40
113 15
30 68
110 15
78 68
15 119
21 105
82 10
133 35
20 22
67 82
115 120
86 11
45 56
146 76
110 17
88 79
40 60
146 122
119 51
90 148
34 130
118 25
50 9
40 73
25 90
80 21
62 65
79 64
33 5
71 124
139 93
71 40
117 36
101 45
121 19
84 106
93 107
92 147
33 108
14 28
82 143
58 136
145 33
38 93
80 68
70 133
116 133
36 73
79 16
0 95
130 92
59 140
75 9
149 62
93 79
148 82
45 131
32 32
52 20
32 107
108 100
143 20
69 129
44 133
121 139
130 19
101 88
74 132
83 32
55 98
48 97
32 38
51 3
33 96
105 95
135 45
41 67
64 139
125 96
125 68
43 136
114 93
96 139
108 122
27 12
50 52
97 92
102 107
85 43
100 61
89 44
149 76
90 126
65 114
148 65
14 75
17 26
141 84
14 6
35 137
19 27
82 68
76 65
107 29
94 81
40 138
71 123
38 127
139 50
101 16
113 64
148 55
58 98
30 138
145 139
123 117
83 45
132 8
136 65
16 13
146 58
17 114
39 31
5 110
47 84
20 103
90 149
3 53
23 104
41 123
7 1
30 11
64 108
110 114
128 91
140 17
26 97
33 9
108 63
92 13
1 2
137 2
17 128
28 82
44 149
16 101
139 118
66 79
41 17
89 128
81 83
60 117
42 42
149 6
24 84
110 43
39 104
15 8
136 19
33 23
8 86
108 97
139 137
75 112
94 51
18 48
137 43
114 127
117 57
24 30
101 74
128 115
130 149
17 139
14 8
129 2
62 23
22 51
95 119
110 5
21 88
98 116
34 37
147 96
95 115
105 110
97 42
142 8
104 52
78 74
58 93
17 28
123 132
95 109
117 10
32 82
19 13
122 30
132 58
66 28
145 125
51 51
4 17
83 139
93 120
132 82
71 113
143 6
57 44
36 137
144 87
91 18
148 91
41 72
40 70
29 97
131 80
127 31
91 76
44 40
52 12
84 114
53 55
34 107
49 40
114 57
98 114
119 31
12 122
6 122
147 65
106 138
77 138
135 2
4 45
117 73
106 71
68 122
41 94
145 23
74 63
97 137
32 15
99 14
145 135
65 142
94 117
95 94
34 81
99 135
41 147
35 85
29 67
99 145
16 143
99 19
83 92
1 113
26 73
9 97
38 53
97 11
129 96
25 69
65 95
33 124
75 41
20 25
89 50
67 143
20 69
53 3
138 27
88 16
116 84
52 19
99 143
24 141
149 87
136 133
66 15
114 51
118 31
88 31
52 76
59 141
44 148
63 127
148 25
118 31
7 96
44 120
110 91
60 0
68 10
14 45
35 32
70 77
90 66
71 116
122 66
79 135
91 111
18 60
112 132
139 121
66 45
16 19
131 48
48 64
67 132
101 127
9 77
137 78
104 7
52 146
22 76
34 21
99 36
101 133
72 28
44 90
13 52
51 119
76 13
57 8
128 48
85 70
99 92
33 137
36 83
54 27
75 80
60 21
130 108
133 68
139 41
22 145
86 36
75 111
29 4
145 2
77 14
115 90
98 46
143 124
125 44
143 49
107 19
134 42
52 108
84 62
52 83
88 21
16 72
95 131
49 28
60 132
138 23
67 111
41 48
30 43
118 37
8 63
65 148
142 64
20 37
137 104
61 134
4 59
140 121
10 60
106 100
50 136
148 124
88 96
27 70
142 54
105 98
29 98
41 74
51 148
136 87
142 81
123 103
12 86
61 143
145 60
116 32
144 88
128 70
0 71
58 144
90 31
69 70
124 8
115 68
107 90
68 70
104 17
93 66
43 23
45 78
105 128
14 137
143 14
24 97
101 44
2 86
127 8
139 81
49 118
99 47
27 27
64 9
140 71
58 82
46 148
24 34
147 49
83 88
78 38
141 50
69 3
71 126
112 30
55 88
44 96
46 137
69 69
125 130
30 33
131 61
96 85
16 64
146 33
84 16
15 7
102 55
58 1
1 29
79 0
7 46
147 122
73 52
3 131
4 68
49 107
6 112
109 94
110 108
144 38
27 1
107 107
111 29
77 52
123 93
125 67
148 40
98 8
25 134
18 112
113 67
45 45
34 48
104 142
2 47
14 30
119 32
89 132
107 71
2 65
106 95
79 111
14 21
7 105
116 101
34 64
128 43
59 71
35 125
20 121
138 98
142 33
146 84
106 23
81 8
17 80
64 119
65 75
49 21
67 136
32 149
123 38
110 71
84 71
127 59
78 45
124 31
41 89
57 37
83 149
51 87
20 63
25 91
56 88
104 89
20 117
106 55
33 63
120 109
33 93
87 130
67 70
115 85
37 2
14 148
148 73
117 25
117 145
33 49
32 140
33 101
110 21
4 53
16 87
138 125
6 103
149 144
52 26
53 59
120 6
80 11
125 100
137 76
120 143
125 4
59 60
124 131
15 145
66 52
97 74
122 145
107 109
120 65
86 37
67 140
98 78
130 106
74 69
137 77
37 135
51 0
131 125
33 127
125 18
128 1
148 64
72 101
15 136
21 40
36 128
52 27
56 115
137 19
60 62
57 108
118 85
49 85
136 129
48 126
97 131
52 8
37 53
117 63
107 29
92 42
128 78
10 8
90 66
82 102
52 131
41 138
33 111
33 84
96 29
19 89
101 27
5 128
108 80
137 33
120 121
21 79
48 148
108 37
146 18
119 107
136 44
111 124
140 94
102 29
2 106
117 28
142 10
135 20
67 1
21 81
21 92
43 81
72 113
125 87
108 53
8 107
29 140
28 89
48 48
30 128
112 97
101 139
114 104
63 41
141 60
124 115
93 143
128 99
104 138
28 128
37 93
88 21
18 26
92 102
90 116
63 40
89 1
136 64
53 65
45 27
69 88
106 148
82 144
70 137
96 110
49 62
133 9
75 129
103 42
88 19
13 83
32 127
106 113
109 145
60 77
123 120
39 100
31 18
86 15
13 72
59 3
146 83
89 136
145 25
48 2
7 85
54 62
33 147
137 139
96 43
64 137
92 47
124 127
41 147
30 93
138 31
93 148
80 33
20 49
23 51
5 62
58 107
129 145
124 149
30 144
84 18
71 71
123 90
62 100
11 69
54 108
118 74
88 5
32 138
135 20
92 114
60 129
77 7
80 112
63 14
117 78
45 126
85 73
69 7
26 101
93 114
72 84
14 137
6 149
149 67
94 21
137 123
16 87
26 105
96 112
76 23
65 148
149 11
81 107
66 50
107 81
12 33
69 98
0 132
88 47
100 96
91 78
52 47
137 143
21 76
24 55
66 102
137 119
86 28
31 24
7 142
69 134
7 139
31 108
80 111
21 21
145 35
21 61
124 42
63 52
62 61
23 5
29 71
58 109
141 34
106 67
63 62
71 72
105 50
111 112
46 110
117 3
9 75
123 109
105 46
129 145
138 10
30 23
56 71
42 103
8 5
123 34
55 136
124 36
16 121
94 73
97 13
95 80
144 107
25 148
39 133
121 91
17 5
29 86
140 142
134 123
132 43
52 39
139 22
83 71
79 13
117 61
67 92
4 44
145 26
52 141
46 60
67 89
55 111
26 119
16 105
108 68
109 98
115 69
117 97
48 74
138 130
73 40
126 66
98 123
21 92
33 80
57 84
121 49
8 37
105 59
100 18
53 136
86 79
51 128
142 108
73 27
19 10
125 32
9 101
130 1
135 32
131 66
7 134
55 46
81 57
130 67
39 7
130 64
11 99
85 76
113 30
2 51
147 19
29 62
53 37
114 105
88 5
108 13
141 26
46 129
10 94
26 26
4 101
62 79
41 95
22 37
123 146
16 8
36 42
133 54
49 34
19 66
143 55
17 106
58 124
96 113
38 70
60 141
110 27
79 115
6 108
28 93
76 111
21 75
120 36
94 123
77 49
58 52
41 94
19 38
103 75
138 78
89 14
42 142
35 51
99 33
60 101
80 98
91 73
48 120
109 144
59 35
57 115
91 6
12 95
75 121
30 25
62 6
85 81
82 140
33 85
105 80
1 130
62 100
44 82
55 137
98 132
124 78
39 19
141 57
96 85
30 11
117 26
9 68
148 43
88 142
56 50
68 85
114 109
131 0
132 119
27 54
120 60
65 18
59 35
124 119
55 26
142 138
29 62
107 74
83 134
35 119
107 109
62 149
121 2
15 75
73 122
115 110
17 92
56 107
70 29
146 20
113 4
82 4
122 114
118 84
68 133
11 86
50 100
98 33
149 57
75 77
58 4
60 85
139 32
0 60
107 11
103 29
27 61
88 68
107 101
109 45
71 125
72 1
32 28
46 65
51 31
84 88
52 116
32 51
96 10
60 66
27 3
111 139
120 18
65 88
139 127
134 75
133 77
81 52
98 31
139 57
143 135
34 115
73 68
17 145
107 40
106 125
120 130
117 34
7 50
48 53
62 111
90 75
62 46
136 79
137 4
50 56
34 95
37 39
125 21
53 90
33 21
66 2
107 123
19 60
87 133
42 62
30 19
135 118
51 23
124 113
137 117
47 0
71 137
22 106
59 140
68 99
42 44
118 104
73 0
104 136
13 41
129 9
72 73
106 65
128 80
13 123
88 113
55 63
38 18
17 20
117 43
139 66
119 36
82 68
78 145
145 93
97 36
110 69
18 25
47 4
66 21
147 120
90 7
21 14
98 60
110 66
24 50
115 12
58 12
92 57
141 57
143 147
92 104
123 19
95 140
13 97
34 131
92 116
58 48
97 5
9 117
86 99
75 55
29 5
98 122
5 63
32 140
102 138
74 67
142 120
11 8
19 140
121 34
24 11
88 28
29 77
11 99
25 94
79 60
16 38
0 121
31 19
100 48
3 115
142 105
5 92
141 9
31 21
115 99
107 104
78 122
1 45
118 111
75 78
68 141
147 102
140 140
16 132
8 124
76 63
114 65
22 37
145 144
55 100
136 47
42 141
131 133
25 147
51 52
138 47
6 78
62 72
50 131
127 101
59 93
65 147
76 20
94 34
111 135
6 48
111 61
47 2
31 48
127 130
149 59
76 37
141 83
145 128
39 92
146 48
136 91
10 5
135 143
41 131
34 136
125 134
112 1
82 89
68 134
36 83
105 32
9 26
85 73
131 113
97 76
117 46
6 3
93 15
28 54
73 68
74 17
146 68
30 1
105 130
6 131
88 145
30 40
108 7
122 76
132 126
45 57
83 88
65 116
112 39
122 102
38 22
147 55
31 77
58 44
139 34
65 41
140 19
143 148
98 78
20 115
53 86
141 24
81 134
113 29
68 136
114 125
30 74
137 101
115 72
111 57
34 96
74 97
101 4
47 97
36 133
90 92
95 120
127 116
14 1
106 85
31 146
59 117
21 57
126 109
116 49
136 79
20 53
27 41
110 120
133 10
80 131
69 131
107 63
79 122
79 18
141 147
93 47
47 67
83 102
34 27
86 62
52 94
107 72
70 140
106 88
133 30
112 10
31 146
43 106
122 85
22 75
10 18
48 24
31 101
110 66
130 26
42 29
24 55
139 112
1 139
143 148
131 31
67 38
49 7
140 56
42 65
23 141
33 118
10 148
117 66
134 104
92 83
100 133
95 17
62 22
122 94
136 102
113 25
54 22
83 9
107 40
25 59
41 91
64 111
114 85
115 146
82 72
113 6
39 130
140 38
39 7
40 31
43 51
130 146
61 102
53 110
134 16
109 129
33 89
145 148
139 117
131 144
94 141
20 17
106 60
106 129
118 86
56 130
94 45
75 6
47 57
126 115
72 56
40 31
26 55
43 75
90 47
37 13
49 25
69 49
30 105
55 28
115 18
51 50
41 20
101 82
103 131
101 10
75 45
67 46
142 138
79 18
109 56
13 18
0 79
4 0
105 31
88 43
132 97
149 1
24 80
72 112
62 65
141 22
85 23
48 1
148 73
11 122
134 87
70 10
44 21
33 70
65 122
147 0
63 39
102 112
19 100
32 3
65 91
90 7
146 117
126 95
2 25
98 28
19 112
42 135
3 33
49 78
68 127
107 76
82 49
47 62
11 31
135 113
65 71
26 103
141 92
87 55
55 83
109 125
65 148
15 133
103 115
99 28
147 101
43 25
71 60
101 54
3 33
44 98
35 15
51 70
128 105
40 61
108 40
50 44
54 100
36 90
63 144
132 25
90 53
10 97
90 100
31 38
53 83
141 147
7 84
69 106
81 138
108 93
107 12
78 31
133 49
109 23
58 145
116 12
8 116
36 10
43 53
42 7
111 135
131 129
147 132
145 14
43 127
102 102
89 104
96 25
97 96
139 89
128 148
23 60
126 25
8 23
102 27
117 26
35 82
135 82
132 40
123 85
87 96
29 58
5 30
123 22
84 70
64 85
82 20
149 23
48 36
86 58
73 13
51 140
32 10
73 99
132 29
87 84
119 12
27 11
94 26
39 13
18 28
43 44
57 10
60 137
92 44
135 130
117 77
132 59
12 81
96 47
144 55
16 123
111 25
19 74
57 16
7 68
48 136
81 24
107 98
27 121
17 112
95 119
93 33
25 15
134 87
103 14
51 93
70 94
125 114
110 7
92 35
80 148
114 98
10 85
21 54
89 41
112 93
137 7
75 68
147 18
147 53
0 101
122 50
135 14
130 7
50 141
88 48
123 48
110 35
88 63
59 114
11 20
12 52
37 127
47 86
110 29
36 143
96 84
4 74
69 108
45 77
109 43
52 25
21 76
73 66
11 73
143 20
84 124
147 137
96 65
28 21
148 32
27 99
139 61
27 24
136 142
147 22
80 143
13 11
65 69
90 16
103 147
105 2
60 4
94 5
47 83
33 19
36 142
128 23
18 9
36 119
133 148
140 99
63 57
52 146
24 23
30 95
146 48
149 41
69 10
135 53
78 29
82 20
17 45
129 58
64 66
7 54
137 40
48 52
44 79
86 89
17 69
107 91
0 92
119 113
88 121
6 134
119 40
53 32
73 87
44 75
5 43
15 13
20 39
65 92
147 103
56 65
121 121
57 90
112 7
58 131
60 92
83 7
138 123
35 44
106 103
89 143
134 144
143 0
12 13
82 75
31 86
93 27
105 13
68 61
144 98
64 148
28 68
80 14
66 116
115 116
27 15
30 36
93 118
72 110
7 122
50 133
114 77
105 12
136 36
46 119
54 147
14 131
113 71
139 120
78 21
112 82
9 97
134 0
146 8
14 40
118 119
14 100
131 139
35 92
108 46
60 110
135 45
144 54
87 103
3 6
89 35
51 85
34 30
56 18
101 5
116 72
55 68
137 44
113 102
82 137
107 69
31 119
79 83
102 20
145 16
93 124
2 148
89 2
109 64
126 126
145 7
16 121
76 108
82 53
111 149
16 24
110 55
43 83
68 55
85 65
32 64
64 38
11 25
14 106
105 63
7 87
2 113
135 110
81 25
13 48
96 43
63 141
31 45
75 97
52 54
93 4
136 103
84 51
107 149
115 111
74 77
23 56
23 56
40 145
126 2
65 127
54 125
32 88
70 147
22 54
46 6
7 98
110 55
141 135
80 52
8 50
123 36
40 42
114 118
135 133
17 102
126 101
139 82
21 79
44 1
48 2
132 79
5 125
70 9
113 62
149 36
95 106
135 27
2 114
16 101
28 95
146 109
123 50
138 138
129 129
61 80
44 77
94 75
94 103
21 93
132 36
141 95
42 50
92 49
66 123
48 96
147 32
116 6
37 106
145 115
72 64
133 17
67 54
31 130
149 93
18 113
104 37
85 129
40 133
129 10
28 127
116 129
125 134
113 43
136 3
121 1
15 91
90 105
63 45
3 106
136 53
70 69
11 89
76 139
14 77
16 115
82 138
50 62
50 52
17 63
42 64
139 128
119 82
91 46
65 72
79 13
139 100
47 19
5 134
74 40
14 115
45 50
105 44
116 7
9 3
6 60
72 51
142 78
114 96
2 132
53 89
127 140
49 44
71 100
50 46
115 148
53 0
125 41
1 17
135 66
80 8
87 34
66 74
24 99
105 10
25 7
47 51
31 51
97 49
29 50
94 113
97 127
13 125
104 119
84 16
131 44
114 141
142 52
148 137
55 60
37 108
138 0
68 129
148 81
145 108
129 45
131 110
21 102
144 80
58 145
117 62
91 43
141 96
102 124
118 87
76 141
25 127
70 148
14 104
120 37
48 58
86 71
131 59
138 131
130 141
29 81
55 17
57 36
0 33
141 139
137 103
91 93
17 107
104 140
64 75
70 71
59 89
27 103
129 66
99 56
67 98
99 12
11 30
47 122
102 135
89 132
38 86
27 123
123 98
9 1
34 85
122 63
109 118
148 107
75 44
78 125
3 128
49 112
9 65
12 81
32 110
117 19
30 98
101 90
11 75
130 27
14 130
59 62
123 37
57 26
135 8
91 5
112 126
120 24
86 125
141 0
45 77
50 27
149 129
66 34
55 77
96 6
146 131
120 77
46 95
4 124
125 87
113 63
105 118
45 133
61 19
21 17
27 90
136 138
108 34
57 44
18 93
13 101
102 58
21 99
19 57
52 59
17 120
141 61
118 92
83 31
87 101
13 47
141 121
105 136
125 84
41 55
149 124
99 56
59 17
5 49
148 98
77 29
98 27
116 135
0 118
127 67
94 78
44 121
30 36
73 109
113 63
103 38
6 96
34 58
9 82
81 100
20 47
132 43
121 49
96 112
34 87
99 36
84 93
72 97
91 36
141 146
138 111
25 135
16 99
35 49
134 85
50 32
2 68
21 25
16 67
84 25
20 70
47 101
41 32
65 133
5 110
68 13
38 101
10 19
133 26
130 37
48 36
0 20
146 72
1 53
106 140
143 96
134 50
44 19
135 64
71 115
7 29
63 50
140 119
28 19
32 47
29 14
147 80
33 97
102 18
20 78
43 132
147 23
18 148
88 144
96 61
21 130
67 54
147 143
61 64
146 2
107 141
138 96
82 59
108 120
55 53
30 123
101 73
3 75
117 76
37 27
31 37
119 32
125 32
45 25
19 120
139 85
11 21
84 40
134 63
140 98
141 1
100 5
64 7
3 30
13 97
22 49
113 44
133 15
63 148
139 117
64 142
141 1
47 104
92 20
0 107
19 114
104 131
19 2
95 68
18 107
147 121
64 67
30 48
109 6
60 69
23 50
14 106
28 119
128 87
89 36
74 114
0 18
79 96
106 2
120 49
15 132
146 78
7 122
27 116
83 46
35 48
32 76
131 115
25 26
129 45
72 133
5 114
64 127
86 19
107 98
4 137
103 61
140 31
89 22
53 73
57 126
94 147
146 143
66 41
49 43
122 81
8 38
77 12
100 144
71 67
38 137
108 77
59 56
79 43
65 71
36 142
125 114
142 0
84 5
98 123
57 70
19 98
137 30
25 138
8 132
142 12
105 137
103 143
77 81
15 58
60 0
107 54
12 81
45 120
116 57
29 120
91 119
73 95
46 47
69 64
136 35
57 90
117 24
12 84
101 3
2 122
78 98
4 52
129 39
91 143
26 4
144 55
119 68
127 42
9 18
63 8
5 53
8 17
37 31
59 110
11 89
36 99
81 7
106 51
2 133
94 95
132 29
2 66
33 75
149 101
56 12
94 124
84 14
46 78
99 77
50 2
123 68
1 140
59 51
67 32
86 21
12 43
47 26
139 66
100 49
95 123
148 50
117 61
30 69
7 32
136 70
18 25
0 71
54 31
95 117
41 62
92 19
26 58
33 12
93 54
90 49
21 122
86 103
59 67
58 91
114 125
0 45
53 75
10 16
52 133
88 41
121 86
3 80
86 20
126 84
92 148
89 73
42 109
82 0
27 143
130 9
30 1
9 146
87 11
66 66
65 149
32 89
143 29
76 60
127 148
83 79
9 70
0 44
59 79
75 130
90 59
139 25
124 60
44 147
72 38
15 20
23 61
89 131
110 95
113 31
129 77
120 86
110 126
74 77
31 74
67 102
32 147
36 52
34 53
121 136
18 70
69 61
106 22
19 57
22 41
58 90
25 0
103 119
40 59
116 119
45 32
26 118
128 11
33 139
53 86
14 69
143 102
99 140
28 58
140 73
76 95
73 96
67 148
99 84
24 98
86 13
7 1
20 137
91 1
65 108
12 59
142 123
35 131
77 63
102 88
136 23
25 140
25 54
85 41
98 25
139 36
78 10
60 9
53 16
9 94
59 34
145 34
103 104
67 118
19 121
0 9
42 9
131 56
104 20
38 127
52 106
35 75
137 21
8 39
146 106
14 10
1 99
4 12
19 123
14 141
114 120
142 37
4 73
74 137
9 34
66 30
27 61
81 4
96 149
141 44
73 20
71 97
7 36
135 45
93 95
29 102
5 60
145 83
47 28
45 15
97 77
70 75
65 24
146 46
0 58
131 131
139 33
19 13
71 52
22 70
61 89
116 68
126 23
131 72
77 133
11 67
38 30
130 119
96 66
71 87
94 15
27 49
34 2
39 141
13 72
21 32
57 58
17 77
139 47
78 106
80 34
65 73
118 43
86 37
60 65
120 35
90 44
15 107
88 71
102 77
90 109
111 1
54 74
13 129
72 75
17 22
7 135
70 0
123 117
139 37
31 107
106 146
149 13
63 2
45 54
124 15
83 53
139 31
143 1
142 85
130 138
132 81
34 40
59 105
62 65
95 102
127 46
144 86
43 15
147 47
135 69
37 48
137 132
87 23
52 105
13 74
98 26
22 82
31 127
93 146
148 58
59 23
49 86
83 141
70 108
134 85
47 91
136 72
53 44
27 141
146 63
23 73
75 125
85 62
22 31
55 2
88 5
112 42
17 94
0 17
23 59
55 74
22 146
3 108
104 9
8 124
91 92
108 38
140 52
60 25
89 29
97 48
94 118
76 28
69 1
87 5
32 8
62 147
14 29
145 138
66 40
16 88
88 82
18 71
29 32
58 90
30 103
1 15
119 4
82 32
17 117
104 115
135 92
51 76
8 13
130 142
140 128
43 28
103 100
69 42
55 74
77 66
73 65
79 96
64 38
125 103
55 146
16 55
124 140
92 37
25 126
93 81
87 126
141 141
88 23
121 105
103 123
101 105
100 103
73 7
108 114
147 149
32 80
51 81
145 62
127 144
130 104
100 6
54 148
7 117
4 80
83 143
142 83
11 39
88 104
94 32
110 44
133 53
84 149
112 134
7 128
44 35
141 145
81 42
0 24
147 9
0 62
125 99
13 108
49 125
22 101
113 144
102 64
32 74
46 69
149 120
96 134
139 60
70 68
118 129
88 40
145 14
37 136
131 3
106 147
108 108
16 61
75 133
84 79
146 35
22 147
70 89
61 76
38 143
85 50
74 148
89 148
70 26
21 4
64 138
22 21
66 25
132 46
110 44
5 23
119 77
50 148
55 13
41 117
71 7
56 96
1 49
78 68
97 4
20 106
138 57
39 15
147 97
9 2
31 68
17 137
6 35
53 89
37 33
10 129
5 4
0 84
1 90
9 93
123 10
37 101
84 101
26 80
78 29
135 53
47 140
36 19
142 128
128 47
64 0
37 102
45 137
106 130
36 106
147 53
56 72
128 37
100 72
131 128
63 144
115 104
27 93
38 28
136 64
9 73
128 13
116 87
50 67
8 116
98 52
32 83
93 42
0 54
83 109
128 86
105 27
9 52
45 113
59 46
9 64
122 102
14 100
45 81
84 79
40 69
76 49
16 130
50 45
1 116
110 95
51 132
147 100
13 50
38 149
109 26
15 60
106 87
68 57
86 73
44 48
148 32
113 106
89 48
119 32
122 101
9 129
40 132
89 75
112 120
59 57
78 9
43 102
28 93
96 20
18 62
19 40
89 74
83 101
52 105
99 3
74 33
41 94
99 115
75 34
117 124
80 78
119 69
95 117
91 116
111 29
38 79
146 42
17 48
40 17
42 53
110 140
113 18
103 14
84 100
5 97
21 17
26 48
140 62
149 24
68 33
83 120
30 137
49 29
100 128
79 135
75 118
91 116
125 26
134 116
69 2
137 117
29 36
93 139
126 5
25 56
142 143
84 145
86 7
36 123
149 127
110 139
23 134
135 73
22 126
108 78
60 60
21 138
89 120
57 59
106 69
127 44
65 29
118 85
62 61
7 39
45 56
65 84
125 42
49 67
30 112
141 110
106 72
90 37
38 73
123 49
24 30
9 71
117 95
33 88
146 33
14 32
138 130
13 39
68 25
29 90
77 82
53 129
10 24
29 112
96 33
100 96
128 4
52 128
46 137
129 8
6 144
130 38
147 138
102 141
140 149
100 78
14 141
71 97
125 0
33 18
106 134
129 123
77 55
148 38
36 75
125 105
38 101
36 145
145 39
129 134
83 69
115 100
0 84
145 146
34 13
52 9
72 120
95 9
4 112
31 24
115 118
64 139
56 65
103 64
73 41
61 60
76 88
82 44
118 80
26 42
101 91
1 74
7 109
95 19
22 65
48 70
61 109
113 91
100 4
83 94
96 43
10 10
92 12
4 73
133 69
26 130
133 4
63 61
5 33
82 52
87 121
62 145
66 113
66 10
27 81
148 47
149 54
16 2
121 35
73 123
90 45
121 106
113 112
118 12
86 59
85 116
9 109
111 82
126 67
66 86
92 119
102 6
141 134
143 135
100 46
61 62
53 132
99 119
74 2
34 8
94 76
11 132
98 43
29 78
23 2
133 0
103 128
42 56
93 88
32 141
115 65
32 11
11 124
34 3
131 46
15 47
89 0
124 83
122 51
87 62
131 17
125 71
107 141
77 55
99 107
82 129
21 13
140 78
75 97
37 25
6 141
13 24
9 89
108 1
140 46
122 69
98 39
107 28
52 40
0 131
39 147
63 137
107 96
127 140
86 93
29 90
147 87
144 24
113 145
89 61
106 71
8 100
84 140
81 86
148 1
127 62
25 40
90 137
74 134
99 9
49 67
64 28
40 67
50 28
96 89
77 46
93 44
84 130
127 140
96 81
70 12
15 16
57 24
135 60
67 126
9 70
82 131
123 146
91 0
44 79
41 40
57 51
46 80
18 0
135 27
115 73
49 49
83 22
148 4
130 115
145 114
96 69
121 31
126 107
111 1
6 29
107 8
103 104
47 105
88 95
54 86
21 147
57 122
108 138
75 7
136 40
67 49
33 8
111 85
80 24
28 134
36 133
21 13
97 122
109 136
3 128
138 56
39 90
62 148
88 139
52 107
100 126
122 130
49 47
5 31
127 101
105 41
110 39
34 84
90 147
134 70
72 104
97 26
41 62
84 11
88 6
107 44
25 97
101 119
44 96
130 93
59 79
141 148
86 100
68 111
95 77
92 104
32 7
16 43
29 118
35 4
141 71
29 148
64 87
62 11
58 117
82 2
81 108
77 103
63 18
99 143
39 34
47 27
122 65
20 35
92 67
7 112
112 99
18 18
104 110
92 56
85 22
66 130
81 106
112 107
116 101
116 29
104 28
51 14
16 40
51 71
79 60
137 51
39 92
21 148
118 51
13 65
89 88
147 98
138 39
54 60
88 149
87 93
77 75
127 5
116 139
133 142
70 132
101 89
18 70
2 128
78 140
87 72
126 143
78 36
46 125
60 129
82 55
107 7
3 87
142 78
18 44
74 39
90 16
105 109
148 98
101 95
6 84
38 102
66 80
108 142
66 128
56 103
43 42
88 32
57 25
83 107
19 84
129 5
64 76
84 46
137 87
100 60
91 13
16 114
120 30
23 105
136 125
39 21
43 148
75 147
25 73
140 107
36 119
53 98
16 115
110 42
91 67
0 115
0 61
18 5
7 70
135 40
119 1
85 138
39 89
20 8
139 74
58 98
137 27
51 59
129 116
134 36
102 82
105 68
11 91
105 73
106 39
23 18
57 131
44 78
82 45
74 44
109 77
64 57
12 24
71 127
109 132
48 73
115 38
117 149
98 66
5 89
88 145
103 19
24 48
88 4
7 25
25 102
144 139
91 86
115 57
131 144
114 2
111 61
103 51
19 143
116 105
91 43
96 138
38 130
13 49
133 27
86 40
23 84
11 61
135 46
117 91
115 131
17 108
94 122
97 130
33 24
78 15
41 111
24 10
46 66
85 102
54 147
19 17
92 17
5 14
140 81
69 8
70 86
30 148
61 92
28 121
60 131
64 12
83 73
25 85
93 121
45 113
139 81
75 80
74 71
13 148
88 125
136 2
18 53
32 5
109 109
104 12
126 92
94 105
31 31
75 84
38 121
10 144
54 0
98 81
126 7
54 28
42 81
146 147
76 11
58 51
24 65
34 80
103 16
142 107
74 30
83 21
25 14
68 4
13 3
39 5
15 30
143 50
110 20
27 111
133 89
119 144
10 118
33 75
13 40
129 31
18 111
91 26
38 55
65 25
94 73
145 72
42 135
6 48
97 40
11 145
120 9
19 28
77 130
41 24
134 80
83 17
107 126
37 98
141 114
149 25
52 12
83 0
0 73
116 68
123 45
48 69
122 139
64 111
106 145
86 138
72 62
60 118
14 97
133 42
98 112
36 32
20 139
103 122
46 107
58 126
91 140
7 113
71 65
7 117
44 144
92 121
66 44
5 32
40 131
11 139
50 71
42 41
56 102
110 124
109 116
122 115
56 112
50 79
42 143
16 15
106 118
103 55
25 64
100 132
83 52
35 124
44 71
100 70
10 83
34 10
141 37
98 71
53 126
29 73
122 71
70 85
120 12
122 17
33 10
57 74
99 19
130 82
80 52
124 13
33 60
72 48
16 4
134 94
18 98
21 97
56 61
21 87
84 57
118 110
129 55
19 96
146 52
138 127
147 96
78 25
16 42
119 68
114 113
117 15
45 125
142 99
65 9
81 26
55 63
62 131
138 144
111 41
7 89
84 127
131 2
1 19
135 127
129 29
10 117
33 14
1 28
8 77
124 107
84 65
52 7
61 34
33 98
55 107
45 34
28 70
128 58
8 9
139 133
124 35
142 121
89 105
133 129
134 78
99 44
71 28
106 48
57 46
37 64
63 85
10 28
7 143
39 147
83 29
125 9
19 27
72 83
32 147
25 47
132 3
27 40
11 34
26 125
75 128
110 67
107 141
105 82
8 37
42 75
119 13
140 144
74 48
119 123
35 66
74 148
62 82
21 117
35 89
101 103
125 19
110 47
67 2
137 32
93 92
42 133
118 14
24 135
87 52
77 65
72 46
26 19
103 8
50 114
26 25
109 49
120 94
1 68
93 42
107 37
21 17
38 140
77 118
24 71
27 116
80 1
122 79
122 117
55 73
3 135
100 109
138 43
74 43
93 125
95 100
58 94
89 43
56 14
75 84
148 68
9 85
17 15
75 79
78 98
133 24
45 146
57 143
61 28
3 44
37 89
21 149
77 122
93 133
88 68
118 86
59 52
6 119
149 77
128 82
69 59
19 59
54 11
91 60
58 135
138 45
121 118
86 139
31 115
29 41
132 16
145 112
111 24
4 104
128 21
56 24
109 77
105 127
116 55
136 80
66 25
47 63
79 63
109 137
82 40
27 104
121 147
32 144
49 7
56 7
49 118
89 140
37 68
75 68
15 4
73 110
114 28
86 58
82 62
37 64
59 98
7 147
65 35
86 131
114 62
141 6
35 67
51 98
47 70
86 80
38 91
101 18
4 26
125 37
36 149
59 129
4 56
141 115
23 92
50 47
19 11
46 124
135 96
30 128
10 66
51 143
50 104
107 53
46 124
88 81
101 96
137 87
35 23
86 29
16 107
104 91
57 88
106 51
75 107
51 135
23 93
131 116
46 121
100 37
88 56
26 38
129 27
123 45
106 70
105 149
66 36
110 13
43 78
77 51
92 119
27 11
119 70
29 112
57 124
122 54
131 108
14 85
90 6
16 24
107 87
79 4
85 55
116 139
19 125
33 131
23 110
109 109
83 62
21 21
62 81
104 85
133 130
18 17
112 96
23 25
31 124
114 56
77 92
20 41
6 148
81 28
116 116
132 103
142 43
14 108
57 64
36 19
146 148
1 96
133 21
148 91
131 22
52 103
115 49
125 91
84 113
132 19
94 66
13 79
59 66
14 14
7 93
146 50
65 124
134 124
141 8
136 44
25 53
19 115
67 140
23 60
41 106
50 134
85 23
93 79
149 44
134 133
149 54
66 45
124 147
52 55
55 5
117 113
73 91
77 91
117 35
13 54
38 84
8 60
33 110
29 59
26 116
48 109
111 25
149 130
97 125
114 28
72 117
91 103
129 6
10 62
31 104
45 9
133 129
65 4
60 149
1 62
47 33
118 17
56 34
136 76
25 52
103 14
59 116
23 11
80 111
59 42
39 93
34 87
9 47
86 140
107 79
56 119
109 95
31 26
8 98
48 55
138 63
92 63
112 132
98 91
134 7
9 85
65 43
139 77
113 17
58 101
111 100
99 32
25 129
114 91
25 40
65 14
63 58
58 43
40 69
55 117
32 96
126 53
41 64
3 73
44 28
149 136
13 46
14 127
125 104
116 60
75 148
100 72
88 144
75 70
143 31
76 137
41 116
110 54
43 115
144 83
118 141
62 10
125 6
12 109
42 16
98 10
64 52
132 105
40 35
118 17
42 1
93 71
104 141
38 21
33 124
136 5
19 29
47 82
64 23
41 72
37 95
119 38
71 127
129 109
124 64
81 105
68 68
92 53
89 6
124 104
56 117
48 62
49 89
28 133
137 122
81 134
59 15
138 27
128 45
12 139
11 109
117 129
143 47
36 8
12 8
96 130
117 104
51 12
10 112
68 84
125 31
20 40
82 93
106 145
116 2
100 25
5 113
56 137
83 118
19 141
74 91
95 83
81 125
25 92
66 131
139 20
26 148
99 46
108 34
114 28
111 123
80 57
140 124
100 49
140 142
66 67
71 146
12 107
100 105
130 71
37 97
70 10
24 96
66 34
16 108
39 61
36 43
132 32
6 101
40 16
35 112
21 47
133 63
125 123
99 118
50 29
20 113
134 48
35 123
22 110
99 112
71 101
149 37
2 92
114 69
101 92
106 107
131 93
56 133
58 24
40 77
11 140
142 137
52 5
120 34
139 113
133 20
39 84
107 7
137 31
0 7
48 55
13 96
96 84
82 70
87 147
136 57
20 117
130 102
127 109
116 75
145 3
63 14
63 55
129 120
33 80
94 12
15 31
130 136
25 77
26 82
64 145
98 7
147 79
146 136
21 93
2 131
124 69
115 107
58 43
83 54
95 14
89 83
136 129
74 68
80 75
109 78
98 105
144 4
65 30
56 93
36 86
60 60
75 139
91 146
76 58
103 0
41 89
136 19
38 112
0 70
38 123
143 13
39 88
126 93
83 118
56 140
10 113
68 17
142 92
131 31
80 23
147 149
99 15
129 16
46 67
119 20
113 13
127 49
87 109
117 3
50 114
29 49
136 62
67 80
48 19
139 137
107 17
27 34
74 76
137 63
113 71
109 135
21 62
128 121
148 71
37 142
39 82
76 11
140 37
126 38
127 53
56 60
43 25
18 112
29 41
93 137
54 118
100 71
33 67
58 41
116 3
91 72
61 146
78 36
78 78
127 47
17 133
23 51
119 101
123 40
9 97
91 110
35 102
109 79
107 47
109 48
65 137
5 146
61 35
73 17
1 18
136 47
49 27
28 66
91 81
64 23
71 19
83 146
33 132
135 69
37 36
83 26
23 21
139 52
104 38
38 74
65 0
17 57
51 109
6 81
0 138
70 138
8 129
88 64
145 116
65 125
82 77
88 135
129 1
125 129
109 57
136 127
19 54
53 114
94 123
145 89
107 44
70 19
119 29
106 144
41 128
46 2
112 4
60 109
27 28
139 147
50 133
119 101
34 117
143 73
128 91
56 114
59 95
139 2
22 88
20 137
84 20
91 42
84 125
96 147
68 129
67 46
7 147
96 146
89 84
32 26
142 109
117 96
100 106
121 36
130 122
111 147
70 24
19 68
53 117
110 99
137 100
137 44
94 6
43 20
119 120
1 64
10 59
104 33
134 58
4 37
24 139
17 146
19 125
117 142
58 138
78 49
111 140
126 61
98 101
99 66
24 41
5 93
60 95
80 122
92 108
107 18
76 65
47 82
71 93
110 102
35 7
113 19
115 61
18 46
27 145
132 123
50 115
98 136
93 11
14 21
73 101
89 148
91 3
37 67
128 62
115 4
38 102
133 115
28 6
116 126
93 135
145 25
146 105
105 101
111 69
104 29
3 51
120 14
6 47
96 28
85 137
15 136
50 2
145 12
17 9
138 41
60 69
43 57
12 148
88 66
19 141
64 122
125 54
77 20
55 129
5 76
42 17
20 52
14 1
105 86
8 96
17 137
119 53
33 50
5 122
116 7
90 32
85 109
42 118
131 0
13 41
44 83
9 131
96 35
133 93
128 81
104 141
85 1
78 107
2 131
127 131
142 98
121 148
6 85
55 19
72 109
42 84
135 56
26 72
147 82
52 77
36 141
123 66
60 49
120 131
53 44
86 65
90 63
138 62
42 73
86 69
110 137
56 0
93 109
65 130
65 21
38 14
129 146
114 18
59 93
95 141
99 147
114 2
49 96
146 99
119 8
80 20
129 145
21 136
86 130
83 111
81 144
112 16
102 65
115 1
12 116
104 132
36 107
71 32
17 73
18 80
125 46
1 87
116 142
17 41
31 132
38 26
145 105
92 43
125 5
17 13
120 87
38 137
34 20
139 26
86 77
123 133
1 42
80 128
121 76
79 64
60 86
132 147
127 56
71 140
45 114
123 106
31 53
14 126
127 40
18 147
71 54
11 24
59 65
121 1
78 23
86 36
135 60
83 124
140 84
49 149
66 51
138 74
71 17
38 104
40 59
83 70
145 117
49 1
143 57
124 67
148 111
66 16
94 121
97 100
143 1
48 140
93 62
34 94
50 80
16 114
118 106
26 69
118 37
57 147
104 80
120 20
46 76
123 125
60 64
49 130
140 22
3 143
51 117
93 111
43 138
102 19
74 37
29 44
94 48
82 99
60 23
73 54
139 111
140 89
119 32
110 147
82 113
105 70
127 27
12 109
102 126
53 18
127 81
24 58
48 44
100 118
128 1
47 55
40 5
103 84
116 73
20 142
16 124
36 105
124 101
134 73
73 4
1 17
4 147
81 80
30 13
39 149
43 56
56 64
82 52
47 133
121 72
137 126
52 27
71 2
74 17
113 63
28 115
15 54
23 17
116 16
3 97
69 125
102 118
133 92
50 18
122 18
132 89
12 62
56 14
14 83
54 83
111 140
142 9
106 10
28 148
107 147
14 127
69 32
73 117
44 91
93 82
142 105
96 34
4 124
27 18
122 105
13 79
36 28
124 70
77 95
24 106
30 120
27 18
112 79
88 117
81 125
94 68
5 138
134 146
35 86
94 143
95 148
72 13
118 30
70 43
27 132
146 26
2 3
148 2
69 128
3 145
119 8
73 113
73 102
9 121
47 115
78 44
125 50
62 10
78 24
51 73
44 100
135 92
21 129
78 51
1 107
149 44
131 120
149 34
78 99
38 11
100 87
23 87
13 83
7 114
131 9
100 110
94 42
42 129
68 50
27 92
3 39
18 140
2 145
54 59
93 27
69 57
147 75
137 48
35 132
30 64
36 77
48 32
58 99
89 24
5 2
29 61
24 116
32 96
88 67
32 4
21 61
65 42
6 135
104 132
30 72
141 69
147 6
49 23
12 62
35 54
66 108
119 116
147 138
116 139
100 107
100 6
3 20
42 21
102 41
60 144
147 16
30 81
19 32
60 58
63 51
5 145
33 24
118 26
73 32
1 119
100 37
56 85
47 75
90 37
71 1
93 56
47 142
67 147
60 132
32 80
1 121
71 140
80 98
33 27
84 81
102 146
39 131
82 72
42 100
62 21
55 8
84 99
106 107
0 125
101 34
36 25
70 87
25 6
70 54
137 112
92 104
41 43
111 106
84 15
86 2
146 81
22 18
9 135
64 112
106 32
148 90
142 12
115 109
49 41
38 67
132 71
17 107
15 107
122 134
109 118
140 128
90 116
129 31
63 33
49 73
119 137
139 6
97 109
33 21
88 30
13 68
98 8
24 124
69 124
97 129
12 17
113 37
29 22
139 112
139 60
2 9
62 89
33 92
40 31
97 34
89 13
76 119
3 22
33 24
38 115
7 60
64 24
35 90
142 140
88 16
55 46
89 143
138 105
54 46
38 117
45 89
54 51
58 14
61 120
27 31
6 3
67 144
96 74
91 93
108 8
0 72
3 111
86 127
57 136
15 27
36 90
141 43
8 6
3 128
40 11
132 134
83 141
109 139
102 134
120 67
119 92
147 133
104 65
44 64
11 29
92 50
148 46
35 55
41 142
47 86
6 48
93 112
128 131
66 25
1 80
120 67
72 133
60 44
24 70
146 131
49 102
108 133
127 69
146 147
102 99
7 127
76 10
79 0
91 89
45 130
110 47
67 67
40 114
98 130
115 40
124 91
103 21
110 121
125 12
44 90
54 43
38 25
54 69
144 38
66 133
115 81
25 27
134 31
108 80
112 62
98 17
25 123
78 60
7 37
109 131
27 144
112 27
118 93
100 127
7 69
122 56
136 55
97 27
95 116
47 0
12 23
139 17
37 86
71 64
33 37
25 67
28 149
20 68
106 48
71 65
91 87
46 129
72 93
113 15
11 49
143 88
11 148
118 66
115 114
79 1
50 55
75 55
91 0
31 146
81 86
88 18
16 18
108 118
149 148
106 12
140 73
50 35
4 141
127 32
96 144
125 80
37 55
114 106
67 149
64 115
142 136
31 148
47 131
106 76
19 10
104 128
46 79
125 20
121 18
69 97
17 23
137 58
143 60
132 96
112 123
77 128
73 47
72 145
10 74
101 44
70 55
67 60
60 110
92 58
65 148
123 73
64 42
28 82
43 83
6 58
119 74
62 53
10 86
82 3
42 104
76 39
141 9
84 27
80 115
78 34
43 134
61 103
100 44
147 65
6 8
91 44
87 51
78 12
92 53
125 8
101 95
143 16
95 57
78 113
74 142
33 20
118 87
17 149
94 37
7 26
136 41
94 135
34 130
86 47
61 149
46 14
62 22
7 86
146 50
13 63
127 109
21 69
66 126
108 141
112 143
125 66
101 146
9 113
145 131
86 61
39 145
49 19
0 115
60 35
135 119
88 36
4 135
114 118
106 101
2 146
19 116
12 61
6 144
121 3
112 120
5 33
63 20
86 29
55 17
77 141
117 41
53 48
128 108
134 80
109 75
74 116
148 139
49 70
107 8
26 145
73 85
4 75
79 136
133 85
147 12
57 51
119 66
21 116
62 93
48 130
18 66
25 103
75 120
86 22
20 4
59 28
89 102
59 12
43 116
60 38
114 123
4 128
107 35
26 38
135 14
61 48
86 140
89 30
29 92
66 129
48 148
107 46
83 125
136 34
126 59
142 61
65 132
146 49
90 70
43 13
118 117
140 55
95 71
12 16
18 40
147 70
81 6
143 2
119 142
7 127
91 0
62 97
59 29
139 139
128 131
54 130
30 62
21 40
119 22
32 23
9 46
30 64
5 118
127 48
123 68
64 14
36 39
62 10
47 69
100 92
113 128
111 68
147 67
144 119
25 129
27 28
81 2
0 30
121 19
73 4
112 20
108 29
1 7
57 114
7 114
101 61
118 85
34 24
40 28
140 2
81 125
85 29
144 112
50 71
65 93
98 57
40 114
13 32
121 105
55 74
124 52
119 6
74 104
82 137
52 41
20 137
9 103
45 48
7 80
131 2
8 103
83 74
125 4
142 69
83 55
148 84
113 88
62 51
23 40
81 35
18 90
56 1
31 140
88 29
87 56
119 30
98 89
73 57
72 57
96 139
70 52
26 124
36 138
122 114
149 115
7 112
97 96
104 12
27 77
0 92
112 20
19 57
147 59
55 22
104 23
37 33
102 21
10 41
51 116
25 37
38 144
51 34
36 60
115 131
19 61
76 83
15 140
119 64
37 30
116 136
37 3
128 32
137 69
56 136
140 144
56 140
147 132
77 70
27 2
42 49
17 124
27 18
119 30
16 109
111 19
134 111
40 82
40 5
48 132
83 68
74 95
96 116
14 39
137 3
4 131
114 50
40 16
112 128
18 10
122 89
52 30
8 11
6 64
48 134
53 91
141 55
32 17
21 148
9 34
61 128
137 26
100 67
2 122
46 13
11 81
17 125
65 72
79 4
45 64
90 87
142 75
33 126
73 109
84 42
4 22
116 43
85 70
109 70
137 69
99 42
61 128
62 38
131 12
111 106
126 79
37 79
25 49
57 132
148 51
109 57
85 86
124 58
20 79
69 78
133 25
91 125
96 57
56 116
115 36
37 44
105 79
97 32
116 106
32 77
46 93
102 71
96 15
78 134
88 121
6 19
8 45
37 26
43 106
18 58
93 140
10 149
2 48
81 15
115 30
24 24
60 69
86 30
85 41
8 90
126 128
57 27
27 52
107 125
1 70
96 128
81 101
76 46
11 131
44 117
107 72
25 80
131 9
20 105
1 13
107 35
2 101
52 149
45 124
89 142
106 50
99 84
101 23
14 45
122 26
97 49
60 121
20 50
106 18
128 36
27 118
55 108
137 124
63 6
102 102
75 5
146 36
77 75
26 1
149 47
54 40
30 135
27 39
140 9
0 108
123 105
52 119
62 60
47 119
109 94
74 86
67 56
63 5
17 50
31 58
96 86
85 73
68 30
58 126
115 81
60 44
89 45
146 93
63 28
93 117
124 82
148 59
60 9
88 9
12 134
141 101
10 103
71 54
38 120
7 127
109 112
111 108
74 11
121 51
74 77
74 139
82 128
43 92
13 101
27 133
50 105
70 111
69 6
120 32
98 107
20 113
83 65
61 147
134 147
33 44
103 127
82 74
31 43
138 121
84 16
48 92
6 45
103 28
133 45
75 61
37 77
79 143
99 64
36 116
57 81
89 46
40 102
8 13
47 34
39 133
84 97
51 136
35 113
44 42
27 115
73 72
100 84
117 94
39 38
76 126
79 147
131 94
81 56
56 109
50 102
50 19
27 107
85 90
126 106
68 121
33 146
113 18
22 143
76 19
16 20
141 43
95 71
144 10
27 19
126 131
50 54
109 36
44 149
8 21
69 19
119 88
58 148
119 95
130 115
77 116
129 114
106 15
134 6
101 90
109 73
115 123
140 63
101 62
77 123
101 148
59 83
25 31
106 5
48 68
29 47
60 19
149 65
69 61
58 144
97 127
113 33
65 107
95 65
30 43
89 66
63 24
53 145
29 140
67 37
27 20
125 84
96 56
57 43
65 137
121 130
57 5
96 140
23 46
14 38
101 24
115 113
49 98
28 45
65 75
17 67
10 14
81 137
95 149
100 129
103 32
116 93
11 47
46 110
99 121
85 62
148 64
87 119
97 4
88 102
53 32
87 56
40 114
22 94
17 54
101 130
51 65
40 13
121 49
25 137
32 104
142 13
122 98
144 23
12 72
74 140
50 41
45 36
81 67
67 63
89 20
38 9
115 123
77 102
57 121
43 87
7 31
60 21
14 105
109 26
118 20
148 28
34 92
37 87
47 93
94 142
135 126
110 80
109 2
39 110
102 2
70 106
34 146
34 124
95 57
109 10
52 113
66 39
149 81
32 117
37 107
136 37
85 37
64 61
11 105
116 137
31 56
130 32
112 16
30 61
116 134
56 76
32 93
114 31
44 116
139 33
143 24
83 131
139 96
62 53
116 67
57 79
34 34
26 41
117 91
69 43
49 1
5 42
108 71
74 134
128 96
126 136
147 74
112 47
33 132
52 60
141 134
71 101
28 10
31 87
70 45
0 34
19 129
93 7
75 77
105 27
73 12
22 129
88 83
122 30
33 75
84 4
30 54
116 27
39 60
137 137
99 86
79 148
110 96
123 11
99 100
15 75
38 117
98 62
66 27
61 137
149 58
121 134
33 65
58 35
46 139
2 85
122 121
63 122
85 131
49 52
44 88
52 32
138 32
63 114
147 129
114 19
109 102
47 2
98 133
4 114
5 31
111 103
130 70
1 77
47 96
20 11
48 55
149 53
31 71
76 39
28 95
137 28
105 3
33 136
110 70
46 136
32 9
27 66
79 56
78 84
68 130
8 116
104 129
0 66
136 146
91 125
118 11
17 88
127 81
66 51
71 140
97 93
75 30
28 104
113 110
39 89
116 21
25 83
52 146
58 52
43 51
133 103
133 12
25 128
148 14
129 58
95 103
49 59
23 45
93 60
17 95
25 45
35 15
18 4
78 2
111 11
50 71
145 49
83 15
99 55
43 18
30 73
76 138
54 138
11 114
99 47
118 94
18 99
83 74
22 26
76 144
56 1
125 43
27 83
137 95
144 33
143 127
31 84
74 89
76 34
10 20
17 0
3 52
36 100
77 46
128 122
116 61
145 31
28 143
136 134
148 58
124 25
15 16
27 136
17 91
48 147
138 133
26 103
148 144
58 79
70 59
104 4
47 140
58 15
25 122
66 25
124 136
103 144
25 14
140 109
22 61
108 102
13 117
117 128
149 53
71 20
49 20
120 36
133 98
15 103
27 83
69 77
141 65
58 78
74 54
30 110
75 62
75 27
74 110
125 71
100 141
10 72
127 148
78 95
136 130
128 46
5 81
54 144
128 120
73 116
120 53
98 16
63 118
85 134
3 68
28 112
148 100
94 15
98 88
138 142
85 107
44 1
134 140
26 80
91 118
97 38
47 147
106 80
34 107
99 97
3 18
133 21
77 87
148 124
105 119
30 79
148 96
23 4
10 63
135 51
65 0
56 55
118 120
99 98
36 61
5 115
6 119
113 118
8 132
99 41
117 131
2 24
117 43
63 69
103 96
27 44
131 142
11 82
78 22
149 59
16 148
75 141
125 129
79 15
73 34
20 33
62 53
13 49
96 143
149 48
22 124
115 137
125 50
71 19
77 50
57 114
13 19
116 77
46 92
139 12
23 75
0 66
37 82
142 125
19 76
57 19
90 30
73 31
86 22
123 27
23 17
105 61
140 59
42 27
48 73
89 71
116 134
63 141
84 86
0 36
79 113
108 19
86 51
46 76
102 116
131 16
7 146
49 12
106 87
29 98
10 124
6 142
1 52
58 39
25 124
31 118
61 130
116 67
62 109
54 17
68 49
132 18
17 81
145 33
76 54
14 65
68 93
81 126
100 34
21 121
90 66
14 41
67 19
25 25
5 14
79 49
148 3
143 111
6 112
98 136
102 75
125 1
41 136
114 17
70 47
131 25
117 130
128 22
44 143
140 75
94 131
55 127
70 125
6 124
49 82
96 97
45 12
42 136
17 19
73 61
1 59
48 69
48 136
56 76
66 76
123 137
111 47
37 14
144 55
57 108
65 75
67 76
123 148
7 66
35 81
95 31
29 128
34 26
55 29
142 22
51 78
121 30
62 58
112 76
128 121
26 113
70 129
60 106
107 99
117 125
105 98
117 20
67 63
96 113
103 97
0 111
41 47
61 129
37 109
115 120
144 6
139 51
8 99
41 135
80 48
8 35
69 31
146 2
21 53
105 13
148 89
144 67
67 126
64 18
142 46
10 108
14 71
130 38
37 74
128 8
3 123
84 104
107 116
27 69
100 15
21 114
128 59
128 111
124 25
97 18
9 139
44 103
93 103
134 132
117 89
131 2
47 77
48 73
29 50
46 113
15 53
7 70
98 112
128 148
20 29
34 50
129 126
32 34
105 97
65 36
32 77
90 72
39 15
134 45
5 71
18 125
44 91
13 34
60 0
3 24
16 145
86 49
55 61
28 121
17 64
131 52
98 88
145 12
119 5
35 15
104 9
141 88
111 84
122 54
22 126
115 24
10 43
47 76
25 19
109 63
26 106
146 26
57 107
124 20
46 126
63 89
29 106
6 43
110 50
96 62
56 136
1 85
36 15
83 27
0 104
107 108
56 8
42 59
123 40
3 26
93 110
21 63
0 142
54 7
63 80
7 132
1 129
55 2
29 56
140 73
78 98
144 24
113 115
97 138
44 45
5 88
45 118
30 81
55 35
32 148
4 134
112 146
71 80
29 127
25 29
11 87
17 70
93 134
147 81
21 46
140 5
28 22
6 90
21 16
36 135
98 78
33 103
123 37
77 52
137 101
39 49
110 114
76 7
75 58
34 87
143 29
135 104
126 19
18 39
135 50
33 119
128 30
122 39
49 133
110 11
74 93
148 95
99 85
61 76
149 60
145 134
81 7
10 120
49 21
89 75
20 3
107 147
94 127
83 149
143 65
7 42
104 67
64 25
106 146
88 77
96 120
12 35
115 48
139 8
14 87
31 141
60 91
59 144
61 59
126 129
27 43
59 13
64 108
37 100
119 136
133 22
148 95
68 59
123 119
86 36
70 139
19 75
88 97
45 56
109 35
87 28
71 103
137 29
66 91
49 98
81 5
51 51
49 130
93 103
41 91
95 78
116 51
42 4
47 55
14 76
109 116
143 31
131 127
112 3
66 22
36 145
87 142
142 137
119 95
66 95
101 28
123 135
143 124
65 16
112 42
39 148
7 114
136 7
144 28
122 86
129 87
5 34
52 65
86 108
98 140
18 105
22 80
32 69
133 3
122 22
91 112
36 128
34 89
68 1
105 127
46 63
87 59
139 71
18 68
63 83
134 7
134 40
53 93
133 54
30 4
46 138
85 137
2 110
149 7
110 21
61 102
46 30
85 100
27 134
85 99
59 83
49 39
32 90
137 55
131 27
20 88
107 40
14 94
113 53
128 38
108 84
115 57
92 29
125 65
57 32
129 79
85 122
130 125
90 11
83 113
77 118
98 94
71 106
103 119
96 34
82 84
23 95
133 27
32 99
43 149
102 102
100 9
78 50
113 29
40 67
21 119
122 1
115 52
106 102
25 15
105 27
71 83
134 10
53 94
34 30
33 14
21 62
99 0
83 148
70 74
85 127
95 27
5 149
61 69
68 143
136 82
139 89
148 21
69 25
70 136
94 79
118 107
56 88
2 108
7 111
70 4
86 27
12 85
149 120
0 5
62 54
7 145
17 56
69 64
142 38
104 90
7 95
86 56
129 32
142 27
49 36
145 80
122 4
2 144
114 113
61 22
1 87
127 76
144 147
57 126
75 81
103 21
93 92
87 37
58 140
135 106
73 115
63 42
131 137
133 16
26 81
34 58
97 2
15 126
4 145
16 141
112 141
14 43
39 33
21 144
48 25
112 51
89 87
135 10
32 107
116 118
114 131
22 82
42 72
71 44
101 131
130 118
26 23
96 15
143 19
37 24
73 25
135 45
60 134
1 118
69 47
50 134
77 5
17 10
114 37
138 18
88 40
96 99
75 146
136 117
0 18
128 129
33 131
35 146
92 48
55 4
54 53
38 18
116 52
38 99
73 56
145 19
51 47
118 85
141 133
55 66
140 146
131 146
32 76
54 78
138 116
53 57
124 146
68 57
105 27
83 113
62 146
113 28
67 59
12 86
145 138
13 113
144 100
121 25
147 27
107 44
51 105
120 43
149 146
100 102
49 127
116 134
74 95
124 88
19 112
119 59
84 21
104 20
77 44
71 140
43 143
90 41
68 28
4 40
10 12
146 86
88 48
13 109
119 96
38 55
5 19
134 142
17 123
46 75
77 17
99 122
130 25
136 55
91 5
131 103
128 105
129 93
46 123
139 6
96 89
140 74
22 112
105 34
0 133
58 81
141 64
59 83
47 135
62 125
54 0
110 108
32 119
122 12
133 116
11 107
52 50
102 58
52 25
33 144
91 99
101 68
72 101
126 133
94 112
64 34
116 99
51 130
89 94
47 60
77 19
144 15
130 109
119 121
25 25
27 71
58 111
35 95
53 117
111 126
82 40
35 101
88 126
49 16
58 66
6 88
39 20
93 61
42 121
90 40
138 99
37 112
5 11
33 99
94 49
149 31
36 15
146 101
7 83
33 43
103 118
70 44
74 113
136 59
133 45
122 117
74 84
45 128
88 120
15 120
10 59
55 2
10 43
67 32
30 34
122 124
128 5
27 24
119 106
104 20
5 8
131 70
118 37
7 141
5 89
33 24
40 137
60 127
36 42
85 112
140 94
132 83
32 17
72 73
34 88
145 25
46 66
5 106
50 10
102 50
113 127
106 70
127 64
84 134
112 127
148 100
6 20
89 24
135 15
111 123
16 111
61 112
13 124
10 89
4 95
23 83
97 73
75 88
64 96
119 135
72 49
2 114
98 130
87 101
21 36
16 102
145 131
89 114
123 134
146 23
127 70
137 98
62 107
13 74
60 7
42 53
133 107
84 143
137 13
149 17
106 134
18 2
66 66
123 112
46 144
107 24
123 2
147 149
60 3
95 59
137 16
38 118
79 96
123 73
112 131
120 37
33 4
58 89
8 100
34 137
54 117
54 71
2 85
149 11
103 48
117 117
105 115
118 99
53 3
129 99
107 108
61 79
120 91
29 3
77 79
67 82
40 121
115 20
85 9
45 139
91 3
39 93
55 110
90 134
94 114
130 41
105 67
74 49
25 111
62 109
133 85
84 37
106 36
50 53
20 1
64 91
145 73
90 60
13 45
50 26
14 147
14 10
122 20
137 18
61 69
61 52
21 92
101 13
128 15
53 109
79 66
79 36
56 100
3 130
107 137
138 143
1 37
17 130
50 107
58 5
73 0
27 82
79 85
18 29
39 95
86 0
21 32
73 90
75 79
2 118
51 108
10 127
108 82
71 74
93 58
4 47
76 98
115 23
73 138
22 15
124 18
20 43
55 51
139 125
107 53
65 97
85 24
125 147
20 63
10 130
55 118
136 130
46 115
31 88
108 116
33 137
47 68
102 54
42 39
21 83
133 115
45 111
16 63
5 139
122 102
105 31
35 71
71 105
139 15
34 74
58 82
34 21
83 111
48 25
115 139
128 95
4 47
115 96
61 56
87 105
31 35
73 37
38 25
32 80
100 18
16 2
131 79
73 103
100 71
2 148
135 2
56 36
120 77
4 113
85 96
78 97
44 94
130 79
21 1
67 32
36 40
149 87
86 127
53 130
11 133
32 107
14 12
110 117
3 112
112 56
117 106
68 5
137 63
51 105
102 121
7 20
21 91
109 6
73 54
81 126
148 89
15 19
149 141
118 56
16 51
102 41
122 20
121 19
40 66
73 111
29 138
104 18
59 62
37 26
127 22
58 25
66 85
137 143
8 140
72 61
44 75
120 12
94 130
96 121
89 13
116 130
88 117
113 121
6 78
83 85
103 47
115 36
30 148
115 41
44 10
138 18
37 97
31 53
119 56
110 120
55 43
124 27
40 53
45 43
120 18
119 87
91 8
123 62
13 46
86 19
51 91
57 60
56 133
110 54
12 110
71 149
123 33
46 1
95 33
57 72
131 82
46 139
41 26
66 142
41 95
149 12
6 111
60 84
13 112
43 115
89 132
132 137
137 93
15 95
126 135
88 56
5 111
55 51
83 100
15 4
39 140
141 59
51 92
92 29
2 97
58 117
100 96
117 124
33 23
85 20
45 115
123 117
144 6
24 141
55 78
85 10
93 10
32 30
43 143
98 44
137 62
88 24
49 96
106 13
72 121
119 53
43 97
109 8
51 74
16 83
7 61
26 16
18 111
109 110
146 149
147 12
66 56
67 87
13 87
24 8
7 52
64 74
81 66
75 3
118 90
73 59
23 98
36 99
147 42
30 104
122 129
59 129
143 37
17 52
142 108
105 118
75 48
119 92
8 49
124 24
140 71
84 7
95 94
23 50
92 117
137 50
67 91
118 103
105 143
82 43
144 6
52 140
113 103
81 121
94 91
26 128
63 148
30 120
99 80
99 65
76 107
43 101
98 145
133 129
31 79
18 123
38 104
47 149
132 0
141 51
63 27
74 103
75 92
34 132
108 34
147 82
48 41
132 79
1 10
22 85
21 113
105 89
144 24
50 147
30 47
85 76
66 0
129 98
66 112
57 109
59 131
96 96
95 35
147 131
144 54
56 104
8 38
83 3
22 0
149 126
30 32
115 89
34 136
89 96
46 132
102 94
42 88
76 21
28 109
37 71
69 44
128 34
102 37
132 122
48 44
146 58
15 126
41 125
19 11
14 72
95 71
73 91
128 73
129 105
99 3
0 79
95 112
56 54
113 125
146 3
13 104
91 38
92 95
13 10
80 147
20 15
123 132
149 93
70 32
104 142
36 121
132 142
99 95
87 124
70 4
23 47
129 117
42 72
101 100
59 83
8 108
126 132
49 103
136 68
35 136
33 6
76 82
149 73
52 92
107 137
44 143
112 127
108 3
70 94
0 80
107 16
98 126
119 43
58 20
119 45
128 85
139 31
146 45
0 137
90 30
102 54
126 11
9 131
34 100
55 16
39 48
8 16
137 117
145 79
55 16
66 106
10 59
4 136
131 72
47 70
38 7
111 119
126 95
94 65
68 15
94 83
12 12
41 92
105 19
143 79
45 4
47 105
128 138
77 145
35 33
51 98
89 12
33 126
30 52
91 125
134 91
110 99
9 106
93 10
53 15
123 105
80 35
127 15
8 3
51 25
78 51
58 74
77 21
68 113
88 84
142 49
68 38
149 112
28 119
4 125
59 33
30 21
136 129
123 30
52 108
129 125
87 50
56 96
9 142
9 142
38 98
106 109
142 66
8 60
49 146
138 74
3 96
117 147
144 73
114 30
43 82
27 26
45 64
35 48
127 45
146 2
33 113
100 91
21 144
49 92
99 31
87 115
117 17
75 104
81 84
0 80
24 83
7 147
24 126
127 50
123 15
54 9
102 13
110 41
25 2
23 10
82 58
134 138
39 30
27 52
117 66
109 133
107 94
142 2
138 76
4 87
33 86
4 44
25 43
100 119
59 61
123 10
144 82
72 98
16 79
76 77
134 140
98 69
36 34
99 90
52 112
134 140
104 109
27 105
21 149
0 88
11 79
27 75
24 32
105 59
75 28
39 67
74 100
64 122
135 34
119 94
144 53
29 126
97 141
141 45
121 15
122 115
14 1
84 6
24 76
46 7
10 118
100 27
44 36
69 147
25 73
100 14
26 130
98 64
73 73
63 35
24 55
64 38
129 51
52 32
32 145
25 57
112 134
37 60
8 39
52 142
72 13
24 130
115 67
48 87
116 128
119 98
65 115
13 130
77 69
49 31
58 133
19 102
134 11
90 119
1 14
145 47
102 117
48 24
62 97
135 40
114 97
88 12
20 84
114 21
48 2
102 25
40 64
60 50
55 8
78 62
89 69
133 123
63 32
108 15
96 138
27 45
41 14
95 120
93 52
60 127
10 137
24 126
78 106
140 51
81 82
32 9
9 35
124 48
16 34
134 115
95 34
21 32
24 105
45 149
129 56
109 18
17 113
55 64
136 98
134 19
61 69
11 122
82 35
85 19
11 100
124 111
41 106
92 70
85 99
93 78
114 73
110 88
42 80
128 1
113 116
33 7
36 48
34 109
137 84
75 39
127 112
5 129
109 127
82 20
133 62
24 84
111 49
2 51
25 6
21 36
30 61
26 127
117 95
64 97
102 16
50 127
32 34
119 0
104 112
42 25
140 26
8 142
82 102
74 136
123 120
30 134
59 118
48 87
61 116
133 77
108 29
36 33
110 55
81 28
71 132
129 135
65 95
56 46
58 3
46 94
104 58
130 50
135 140
45 49
65 128
148 103
18 80
76 63
140 120
33 113
